10 32 79 75 80 92 27 56 56 42 10 79 4 97 36 10 13 24 36 30 22 31 64 74 22 55 11 36 89 17 14 53 73 37 39 3 74 20 23 28 50 5 60 19 37 8 79 29 23 98 52 51 21 88 88 33 8 15 57 71 46 44 44 24 87 88 19 64 22 50 39 12 21 32 8 4 59 60 64 44 36 36 32 21 58 91 39 84 93 76 97 89 39 85 43 72 31 8 97 92 42 6 92 94 1 29 23 17 75 74 20 58 54 46 34 21 49 26 72 82 53 0 1 33 42 46 16 73 16 12 82 78 99 45 94 71 29 35 16 75 7 45 83 10 80 89 77 88 25 93 45 30 82 81 41 17 63 67 95 8 53 92 74 66 83 40 98 80 93 68 13 65 93 61 50 49 48 84 56 19 60 35 91 92 84 94 100 37 21 90 84 62 39 93 14 28 85 24 74 68
88 94 39 57 82 86 97 81 73 53 79 22 49 32 85 40 34 45 72 22 2 19 5 15 84 60 37 51 13 64 21 96 30 26 97 58 58 5 98 24 49 72 5 56 88 68 28 37 3 80 41 3 63 90 30 7 55 42 23 42 66 6 22 44 65 55 48 20 88 57 82 15 25 88 75 18 23 98 93 50 44 38 30 82 95 61 52 99 43 91 43 71 57 71 60 67 11 5 39 70 60 2 14 26 36 97 27 16 54 7 2 36 84 69 43 50 50 70 37 69 79 59 59 29 48 14 23 42 22 62 100 3 71 61 53 71 48 81 27 34 85 96 54 46 71 98 96 79 46 80 16 75 38 78 45 80 82 51 67 76 63 59 79 9 71 2 78 26 80 45 79 60 77 34 58 2 25 63 71 83 86 97 34 18 28 38 0 3 79 13 8 51 48 48 86 33 51 73 85 3
34 59 60 51 95 93 97 53 96 21 100 36 0 72 44 77 4 74 19 21 37 29 99 77 9 4 14 26 73 80 6 48 46 10 74 6 92 4 72 15 69 44 58 20 38 91 13 30 13 6 13 68 53 4 30 62 16 72 59 43 52 62 16 65 99 43 6 50 51 29 33 75 51 67 36 63 11 87 30 70 88 65 23 91 0 30 3 16 53 99 64 0 90 71 52 37 54 31 24 85 21 18 37 37 30 70 89 63 42 43 45 79 59 38 66 26 38 99 19 85 47 27 33 39 55 76 1 99 53 52 73 32 50 23 34 46 53 46 6 74 11 58 68 3 27 50 9 89 69 81 57 1 28 29 44 50 31 30 81 59 33 62 60 94 57 35 69 14 76 14 22 2 81 13 5 40 65 63 27 66 98 90 73 12 55 70 5 73 14 40 92 1 46 54 47 60 3 45 4 76
81 61 28 56 64 87 44 94 75 12 6 71 38 58 95 52 15 19 23 27 85 34 94 45 58 44 3 78 66 52 95 30 42 11 77 33 44 90 50 66 29 31 62 58 100 28 100 59 79 51 51 13 33 51 42 81 2 63 38 83 29 6 66 2 74 49 45 67 16 74 55 76 72 54 24 87 5 22 23 53 53 91 53 87 65 10 54 82 62 40 60 49 44 87 70 70 1 97 39 92 52 15 88 8 31 55 67 51 96 14 13 81 5 75 43 86 13 61 47 8 40 97 39 13 48 76 33 14 10 3 40 63 0 88 42 82 89 81 47 2 80 37 47 94 58 39 92 95 64 85 83 45 92 95 54 54 90 26 64 88 9 45 89 7 10 53 94 90 63 7 64 35 71 56 16 70 82 19 15 0 83 86 4 82 38 69 44 66 9 70 96 6 64 60 42 37 91 34 43 87
5 97 99 39 10 52 26 82 90 18 55 27 99 5 33 49 16 84 76 23 49 97 27 93 87 26 48 73 49 73 18 48 64 47 16 31 86 24 89 88 60 38 95 1 42 8 64 51 21 81 21 39 77 19 95 33 98 93 19 99 54 75 22 63 93 54 84 61 15 33 96 31 20 22 64 86 74 90 28 40 9 3 18 69 58 28 36 26 52 5 41 90 80 21 1 51 47 90 72 31 85 16 76 57 9 92 88 32 27 59 100 33 56 85 83 2 49 91 97 42 11 95 95 0 42 88 59 36 29 70 7 81 94 41 56 85 53 23 86 92 72 12 0 43 93 92 76 15 95 91 30 53 57 97 76 36 36 90 26 78 79 98 98 13 74 88 67 85 65 100 16 83 17 74 76 5 38 52 64 10 69 76 31 1 75 15 7 80 71 30 38 91 99 62 31 72 39 77 34 34
39 84 2 44 22 63 7 7 66 49 81 70 75 84 90 34 52 100 5 32 28 12 26 31 14 94 97 42 38 48 4 12 2 50 77 52 30 35 84 100 80 72 82 47 88 89 77 64 29 77 52 45 68 29 50 91 46 58 46 79 73 57 53 90 64 52 93 10 71 26 97 48 49 1 90 43 20 90 33 29 57 90 40 39 90 17 15 100 33 8 84 12 16 12 58 38 91 45 92 63 66 99 50 50 90 66 15 12 7 24 72 42 26 36 62 22 11 65 93 61 100 94 57 32 91 15 4 24 84 80 84 20 58 31 40 40 76 2 11 37 79 15 6 43 50 13 100 12 5 90 43 10 83 38 10 52 100 82 50 52 38 40 22 14 74 24 99 42 96 43 56 1 94 41 31 69 12 91 81 3 9 73 11 88 26 6 33 92 28 79 70 76 24 52 15 6 97 0 47 89
19 47 52 86 52 63 5 56 41 64 27 9 55 31 54 18 49 34 23 79 50 8 69 33 37 88 40 59 84 62 14 60 37 6 85 75 72 19 87 89 2 70 57 54 71 83 19 87 63 2 26 71 75 64 12 20 86 13 12 65 74 15 21 0 74 29 22 72 48 15 86 28 78 99 73 57 60 39 75 43 71 43 37 70 53 53 55 89 17 70 58 100 30 69 76 5 58 17 31 35 78 76 37 66 100 17 100 90 33 94 95 57 45 21 66 22 99 78 89 95 66 1 81 31 12 63 18 12 21 60 73 9 56 54 66 32 97 12 97 0 52 75 38 97 95 77 26 60 75 22 32 12 20 89 25 67 8 43 92 43 74 88 68 92 97 62 97 88 88 35 38 90 8 58 47 39 44 13 17 59 30 58 18 80 27 11 19 37 52 38 84 86 45 76 88 71 78 14 24 72
94 62 37 19 80 8 25 10 95 16 17 92 85 15 27 98 64 44 58 82 1 33 55 1 53 43 44 66 22 95 19 74 90 74 54 24 27 21 53 40 97 35 33 73 91 97 41 1 46 16 65 52 62 48 67 26 57 60 48 15 26 59 34 53 20 64 57 58 23 84 92 2 29 39 47 78 90 96 81 68 16 62 100 11 20 91 95 33 28 61 36 96 59 0 60 42 39 80 97 70 84 84 8 0 94 65 36 98 5 8 37 10 52 91 0 63 22 98 31 38 89 67 96 72 77 70 3 50 1 41 31 77 12 60 67 53 75 11 17 91 54 28 73 17 59 8 24 73 40 88 96 35 78 99 49 0 41 49 39 10 6 24 13 8 73 13 43 45 40 4 49 5 49 46 20 60 85 14 52 48 41 48 68 99 98 13 89 87 9 41 51 72 72 1 71 30 78 29 10 27
12 60 92 13 94 92 64 48 75 39 2 26 91 12 62 39 44 96 73 15 56 6 15 91 72 66 67 14 9 31 9 4 13 21 0 88 93 83 1 37 14 52 80 91 2 17 44 24 92 31 75 18 8 93 40 43 48 66 28 48 87 14 40 83 51 14 78 46 16 62 10 32 70 4 23 2 36 46 71 76 90 93 92 70 51 17 1 23 8 35 71 62 11 13 69 31 52 86 35 70 25 0 68 44 4 38 18 69 22 80 76 5 46 88 37 91 67 43 30 86 59 29 4 53 48 44 56 65 86 31 7 23 27 87 48 73 17 76 30 22 2 71 8 3 84 87 72 84 21 29 70 24 51 93 17 11 66 74 28 91 26 20 1 75 79 72 15 65 39 42 17 75 60 81 59 88 83 67 81 93 26 54 36 33 75 29 71 38 45 7 7 30 16 73 57 92 20 42 41 3
45 65 100 71 0 36 50 81 65 11 9 3 43 31 86 15 40 75 27 7 68 19 84 95 51 83 60 25 37 95 18 97 56 15 55 85 28 56 93 45 84 35 16 16 48 67 91 89 51 35 55 42 87 73 63 89 19 22 4 32 69 0 85 72 2 45 63 27 95 73 84 60 76 94 21 14 44 56 43 68 58 90 60 55 71 52 63 26 51 25 90 0 54 3 18 65 16 85 76 45 11 77 90 24 76 6 9 60 0 87 64 12 57 67 41 49 69 98 56 1 34 100 83 64 15 92 29 31 94 50 74 53 70 66 34 91 35 82 77 96 10 80 100 63 96 48 19 71 75 58 92 26 34 21 23 66 67 21 12 17 54 25 59 3 77 83 22 56 87 7 79 26 90 89 65 13 56 51 2 51 22 90 93 3 93 91 27 88 42 19 0 56 42 88 81 80 43 84 86 83
43 12 32 59 17 37 65 30 96 63 85 26 69 34 41 35 17 43 34 23 38 26 76 19 8 25 10 77 3 39 12 18 20 97 55 59 48 75 79 6 16 22 56 7 58 9 1 83 100 12 55 64 29 99 61 13 85 47 85 68 20 33 71 26 92 92 85 98 43 13 57 83 63 13 74 25 46 72 42 31 41 47 56 69 27 94 14 60 10 14 77 87 81 37 79 30 81 25 68 58 16 27 77 45 31 21 33 64 59 28 41 79 55 77 61 8 58 71 49 45 94 72 1 28 59 19 84 52 9 96 82 11 52 77 51 96 64 78 99 85 61 48 53 52 72 13 0 15 33 14 24 9 40 4 47 24 85 15 90 3 100 60 54 52 65 92 7 37 56 23 36 54 83 57 5 6 90 92 94 41 45 15 50 20 85 35 34 72 21 70 39 41 43 11 88 44 39 94 62 74
96 35 95 92 36 78 40 32 36 11 35 6 92 28 26 8 95 25 41 38 65 49 59 58 0 87 25 38 34 47 89 32 49 98 90 56 47 22 10 63 44 57 22 88 36 61 61 49 39 89 50 42 85 46 96 92 24 0 71 39 39 22 0 85 74 28 33 83 19 84 87 77 58 41 19 67 35 12 66 83 0 62 76 50 32 59 60 53 44 88 88 51 87 6 52 68 84 60 76 81 33 17 90 58 75 8 46 18 59 13 66 40 29 70 60 59 98 57 50 50 41 92 82 69 39 93 70 16 2 55 70 99 8 9 1 1 82 64 12 1 45 94 9 86 58 24 1 31 29 60 67 55 24 8 30 12 45 79 85 49 43 22 42 56 33 85 29 80 50 70 43 29 98 69 97 100 36 56 61 76 84 34 77 38 93 33 40 7 43 19 3 75 36 32 43 73 83 58 6 79
94 25 48 20 16 82 6 4 99 68 1 37 91 20 84 53 75 69 46 46 5 47 54 48 59 5 79 49 4 47 16 23 42 86 23 15 86 46 34 82 94 39 95 47 12 65 55 43 26 93 4 27 68 76 80 19 57 5 75 42 100 27 47 38 8 37 21 20 54 1 55 40 14 16 16 15 32 52 85 85 51 7 14 45 30 65 36 20 11 76 89 24 23 58 99 46 61 38 99 35 22 29 65 94 88 50 93 2 82 17 54 87 38 79 44 99 32 15 36 71 100 42 88 44 60 86 24 93 20 33 70 69 34 56 65 47 11 4 1 6 50 70 14 10 9 72 12 4 43 5 46 72 83 43 2 61 20 65 73 2 27 77 77 41 70 16 11 1 99 47 51 30 18 39 68 58 98 24 13 45 14 89 82 66 44 66 58 8 40 59 70 36 34 20 4 4 20 37 65 23
57 21 22 14 68 14 49 51 38 60 92 88 70 73 95 49 83 20 65 14 82 18 74 5 45 45 47 57 89 100 22 73 92 35 79 57 74 44 12 28 45 64 61 72 43 57 81 16 34 78 95 58 33 65 35 27 80 9 55 64 39 90 38 34 67 79 48 60 14 59 61 45 88 37 48 85 34 48 90 60 61 60 18 60 27 67 39 32 0 28 54 86 4 29 28 60 86 10 44 75 9 59 74 100 45 38 96 5 57 58 68 36 91 96 33 63 76 89 35 38 51 93 14 72 33 35 45 66 33 67 95 3 80 5 11 73 33 55 4 55 60 8 7 97 26 43 15 6 40 50 63 75 14 47 46 97 61 82 52 79 12 42 91 28 73 54 85 97 29 65 82 23 41 53 87 11 51 19 87 35 19 89 0 8 6 95 86 79 46 20 69 98 68 95 9 98 24 13 13 60
99 91 42 20 27 44 7 41 9 42 42 17 39 6 65 7 18 61 44 26 5 8 36 1 93 97 45 26 0 25 11 74 43 92 5 7 35 26 86 11 25 44 2 58 92 78 44 89 93 99 0 3 15 63 41 43 49 26 89 7 3 70 47 91 91 54 93 24 3 86 55 78 85 28 80 67 62 80 28 89 96 38 96 75 92 64 81 6 35 3 14 27 79 73 27 68 89 38 72 39 59 87 48 13 22 78 13 98 69 45 85 59 63 72 64 80 20 85 97 11 38 37 30 85 17 7 13 90 23 7 23 55 1 33 83 97 64 19 55 87 90 61 40 69 82 90 73 3 57 27 6 27 42 70 37 61 5 82 4 38 53 5 41 53 43 59 23 49 40 64 98 38 39 8 51 38 58 16 74 34 63 90 72 20 64 89 83 38 25 38 59 99 74 93 50 36 62 35 8 5
28 57 33 61 19 0 26 87 85 23 25 20 1 47 77 57 70 86 64 47 72 73 46 49 26 53 98 3 42 17 55 65 67 16 88 30 65 95 78 46 46 71 36 69 44 100 60 55 73 59 100 51 4 95 93 85 30 56 69 86 25 81 81 98 74 57 84 81 63 39 96 92 54 33 51 22 45 98 84 46 30 53 36 5 97 70 67 32 50 51 78 93 54 71 23 89 76 89 54 44 50 5 30 25 35 7 48 88 14 37 85 50 89 12 63 47 54 85 30 2 12 32 97 80 40 75 52 53 39 19 22 81 7 83 29 1 97 83 52 6 2 87 71 29 17 31 78 19 39 79 19 7 82 19 25 18 25 18 35 23 72 8 13 24 22 53 91 74 40 80 19 43 66 0 68 66 32 43 32 88 26 86 20 0 32 80 40 77 76 45 30 0 86 58 5 57 3 64 21 44
22 7 69 7 44 29 75 72 17 52 16 1 54 37 14 67 81 75 28 71 3 15 45 32 18 42 38 82 69 11 35 53 83 73 14 84 3 86 90 8 6 50 26 54 76 51 65 70 94 26 5 81 51 95 64 18 49 58 81 38 83 62 10 75 15 80 57 74 47 52 51 49 7 56 51 55 42 26 27 57 74 29 63 96 28 1 35 46 32 4 49 80 11 43 92 47 64 23 30 76 2 71 7 67 44 31 13 4 38 42 99 92 72 16 27 49 75 19 18 54 9 12 80 30 71 82 40 55 71 5 49 33 64 91 71 60 35 7 51 20 31 62 22 90 74 82 58 62 38 49 79 59 64 20 43 39 60 49 15 42 100 94 10 60 16 27 55 34 54 67 22 69 60 58 96 50 27 24 31 72 56 87 41 97 100 88 49 85 70 64 49 34 34 8 51 78 17 69 76 81
86 100 51 39 47 10 5 86 28 64 51 13 19 32 16 55 52 52 98 24 18 84 35 48 66 37 55 95 25 88 59 75 100 23 20 92 39 61 17 58 16 47 41 42 49 87 19 95 62 91 67 30 87 6 20 19 96 42 84 92 72 40 17 22 50 46 62 50 88 64 4 4 53 47 51 84 61 43 23 61 50 99 3 39 89 95 25 56 23 57 19 81 26 84 57 88 4 1 99 57 57 48 83 95 12 42 93 49 52 32 37 95 5 2 73 51 49 48 41 57 68 1 98 16 85 66 24 38 77 76 90 50 71 77 40 80 10 28 46 61 11 8 41 46 14 45 0 46 35 21 46 76 3 91 9 8 42 12 86 35 80 62 5 7 90 98 47 60 78 82 18 32 59 34 98 58 97 30 19 90 64 24 51 30 67 86 52 4 63 65 9 49 87 4 22 31 14 90 36 74
91 62 9 37 24 7 58 37 18 33 53 17 16 84 49 100 69 50 52 60 17 45 86 39 4 24 83 99 87 16 30 23 46 45 91 27 53 5 98 57 19 14 20 8 38 12 89 42 49 19 26 69 63 92 82 59 15 52 100 53 87 5 36 49 0 48 94 89 45 79 92 100 4 22 99 20 75 26 15 82 37 96 73 29 1 74 55 23 37 63 29 87 6 68 68 76 50 55 5 1 61 5 19 87 67 15 55 78 8 6 25 32 9 68 46 81 14 59 13 44 61 21 85 73 86 87 36 13 70 18 23 68 11 56 91 71 70 0 81 61 31 35 34 34 22 14 15 6 43 93 33 31 74 89 87 87 70 78 82 78 25 75 41 54 15 97 88 52 69 50 60 24 35 67 54 65 46 20 81 80 81 82 76 60 82 13 36 47 92 68 74 10 25 28 79 53 89 44 32 91
13 65 71 96 92 23 50 20 7 52 14 93 73 100 96 15 74 19 59 72 90 0 89 62 19 8 12 60 51 64 65 74 63 96 21 58 68 4 66 83 3 96 10 71 7 91 18 57 100 58 58 46 60 84 100 33 12 99 43 68 40 58 55 2 28 9 95 59 87 26 96 69 15 60 68 69 36 55 9 27 67 55 14 100 54 27 43 2 81 82 51 61 65 58 64 90 8 26 91 52 61 61 65 86 45 16 31 31 14 29 98 88 9 75 69 10 23 88 95 15 30 96 10 64 12 90 10 94 71 6 28 12 35 19 55 38 92 61 84 64 19 41 17 13 30 18 22 83 87 42 88 89 34 11 97 27 94 54 15 15 16 55 83 8 11 92 85 71 17 69 77 3 73 9 19 19 39 32 31 8 45 37 40 56 84 88 82 40 27 76 27 22 78 50 39 83 0 80 91 3
50 32 52 78 23 56 57 65 58 18 12 56 63 41 78 28 31 92 50 65 58 98 19 98 52 82 35 87 88 93 89 78 41 14 35 82 36 12 77 93 55 26 41 100 35 27 8 36 61 89 61 98 67 35 21 15 93 14 89 93 22 27 68 100 64 14 88 86 4 23 8 36 40 27 21 74 64 69 63 43 86 71 29 23 27 14 75 71 35 34 38 33 45 61 44 54 95 46 77 42 39 97 25 91 75 60 8 1 43 28 10 72 20 81 10 35 67 71 90 39 78 31 71 6 50 60 43 63 62 48 65 52 26 15 46 5 19 32 84 22 10 7 23 76 80 99 52 76 52 21 50 37 94 48 54 36 72 64 88 42 23 64 5 89 22 40 73 4 20 4 68 42 98 41 66 84 90 49 67 94 48 25 32 94 28 44 77 84 57 24 84 7 86 65 49 58 40 20 6 19
87 35 29 15 12 37 54 86 83 0 92 50 34 35 31 95 3 75 93 88 75 31 30 27 59 1 15 64 21 97 14 46 12 72 4 42 15 79 67 62 66 20 89 29 54 89 87 88 51 76 74 18 88 63 40 55 20 78 41 36 76 93 79 76 6 21 70 45 5 89 31 88 86 97 15 51 63 80 11 9 39 61 61 99 46 79 9 60 22 67 15 11 32 2 4 46 87 68 21 78 75 67 25 9 10 48 41 58 68 43 51 69 98 13 58 30 82 10 90 60 10 63 7 51 46 31 27 48 62 7 64 100 70 79 7 7 82 17 97 30 34 11 24 57 0 65 44 90 95 74 65 64 61 72 11 62 0 80 93 47 23 31 73 3 17 46 79 25 0 12 17 87 59 57 27 51 75 13 71 48 36 80 5 83 73 39 74 21 83 10 51 10 46 17 82 100 90 79 39 21
58 67 12 94 0 80 40 60 80 52 94 5 37 30 22 62 73 99 29 61 0 18 11 95 31 55 93 79 63 28 11 8 84 40 42 66 10 22 33 51 6 43 52 1 15 50 38 2 88 52 76 2 85 66 67 20 65 48 96 67 47 54 66 52 77 28 56 92 33 84 96 78 55 80 98 71 69 45 74 79 78 85 2 24 90 94 66 19 95 94 92 49 30 88 19 96 20 56 97 91 7 6 49 97 21 78 69 40 2 47 34 81 74 66 42 20 66 49 7 92 40 55 88 10 85 92 61 74 4 33 82 54 84 66 2 82 75 28 37 17 30 35 72 75 97 88 46 65 74 56 7 41 15 64 15 99 70 37 19 63 54 3 79 59 83 95 34 29 94 24 57 90 45 3 52 89 95 30 68 57 61 26 79 95 51 39 18 85 60 75 66 10 74 2 66 8 91 39 18 76
55 66 68 37 88 93 3 98 72 93 84 30 4 60 56 69 93 14 81 75 24 6 76 43 22 95 29 23 48 58 54 74 62 67 28 71 97 4 54 14 77 5 6 1 95 12 70 91 27 69 68 32 20 68 56 34 52 37 32 85 87 19 15 57 47 42 93 70 87 12 50 100 76 2 77 4 50 46 15 28 32 38 50 75 86 96 35 51 26 22 54 20 13 79 92 39 4 51 24 23 50 44 54 23 90 88 21 26 87 55 81 84 49 44 94 85 80 88 15 1 80 71 93 95 65 90 95 35 30 72 82 14 52 73 91 46 26 53 10 5 88 36 49 52 41 63 89 57 64 60 11 94 78 76 31 14 47 17 72 93 82 12 17 46 2 66 93 25 57 100 0 55 91 26 12 23 29 41 47 11 40 56 60 70 79 41 35 85 8 10 76 84 48 28 15 80 93 60 68 53
80 65 9 78 48 26 68 4 36 84 15 36 42 83 28 17 38 4 91 61 19 35 99 59 31 87 16 89 32 90 40 75 40 88 70 56 49 74 44 66 29 38 54 8 49 48 41 46 96 57 60 60 97 68 36 56 100 74 84 59 86 52 46 21 56 32 13 30 61 12 91 8 92 47 75 0 9 17 23 25 11 56 9 1 67 22 67 27 39 32 88 55 40 42 86 94 63 95 4 72 3 16 34 89 74 92 66 78 28 2 27 77 30 48 95 32 82 15 27 40 84 76 67 40 82 75 12 3 62 100 63 61 94 63 66 1 39 69 87 98 44 68 53 22 75 45 100 34 88 41 45 60 23 43 67 40 51 40 32 25 91 21 70 97 37 87 26 72 59 15 21 83 86 44 1 92 55 53 15 11 69 29 2 22 38 67 93 45 25 22 1 32 47 29 71 74 98 92 9 33
4 58 67 79 19 10 23 68 39 78 74 91 58 42 37 62 42 22 63 84 10 30 62 84 98 24 77 88 14 100 59 19 25 25 32 59 2 10 43 28 66 1 0 5 64 13 25 45 19 41 77 84 90 71 9 84 0 48 58 1 69 85 79 55 72 37 3 73 17 7 42 46 66 95 20 63 68 80 88 41 39 29 77 21 58 88 41 100 13 72 17 28 43 13 87 20 77 78 83 100 99 95 70 54 67 54 25 22 23 55 93 60 56 83 52 44 35 30 48 84 2 15 75 42 0 83 93 69 14 49 59 23 95 78 64 77 0 80 48 73 87 77 47 36 5 97 32 39 36 38 58 75 86 89 61 88 90 75 72 1 12 57 70 65 33 100 48 13 80 16 14 75 91 44 5 27 79 43 92 9 66 65 44 67 27 86 99 6 34 46 29 65 57 88 82 22 77 48 53 18
75 56 10 95 16 71 95 17 75 65 24 28 97 41 10 33 99 97 64 24 84 60 54 12 77 77 54 100 97 55 46 31 57 79 3 71 99 95 3 13 85 94 7 77 75 1 24 6 77 67 25 66 85 48 12 29 35 5 71 5 22 73 23 0 50 94 39 87 20 70 19 18 66 26 80 21 21 96 15 50 81 67 56 87 70 59 46 11 93 60 51 25 4 44 90 22 91 50 23 35 21 38 99 10 24 36 88 71 84 79 89 5 69 0 30 36 97 84 50 81 22 90 23 28 23 42 9 92 68 98 96 94 20 54 98 67 24 30 26 8 91 65 1 71 75 58 52 41 15 99 40 96 13 97 100 55 69 23 38 20 21 56 14 70 0 28 95 67 73 84 8 47 74 98 54 51 99 81 43 100 17 36 13 68 93 23 82 11 25 57 32 55 35 33 74 74 24 78 49 98
88 22 100 86 55 11 74 1 13 41 33 87 78 39 67 65 6 61 32 94 62 23 79 37 0 24 34 24 15 55 39 22 95 9 29 48 54 40 23 97 64 30 22 5 4 64 63 35 73 93 59 13 40 6 8 96 17 42 85 15 7 61 22 27 65 35 85 55 96 81 14 25 29 60 63 31 61 7 29 63 26 66 8 66 99 54 6 62 13 16 55 3 100 89 31 10 21 24 52 32 72 90 24 67 99 57 36 89 36 17 14 4 44 65 36 8 89 61 4 16 5 35 9 89 72 74 4 74 28 8 60 38 61 68 1 99 84 17 98 48 26 12 65 56 11 95 98 32 86 51 68 67 68 7 25 81 95 0 70 84 60 70 99 78 26 63 94 57 49 36 1 5 49 26 65 79 84 48 22 88 45 88 60 48 100 35 97 67 85 89 85 67 23 7 36 96 93 17 56 43
22 25 44 41 18 90 37 7 72 36 46 7 83 60 62 1 8 10 92 30 21 50 69 14 56 39 45 16 34 40 40 75 56 89 67 82 44 83 37 65 72 89 2 77 26 67 16 62 26 61 30 19 75 94 1 73 74 21 80 18 57 54 41 95 31 36 24 97 20 89 24 94 98 52 54 99 89 48 98 57 22 99 77 86 49 24 25 79 31 28 72 87 1 32 20 45 14 62 46 18 17 63 70 69 100 2 27 76 77 54 94 85 34 47 42 68 73 40 71 92 50 8 12 22 33 14 73 47 62 95 41 28 93 71 99 11 80 85 19 19 59 57 93 47 93 5 7 97 21 87 59 2 61 40 14 84 89 73 30 20 73 82 80 19 32 44 47 14 43 56 9 25 76 65 33 41 48 43 44 45 26 41 18 76 89 3 70 100 17 67 18 81 97 39 100 95 64 97 78 84
16 73 61 55 99 6 100 64 33 93 66 12 8 15 21 41 5 75 11 19 29 17 33 8 81 57 82 22 36 72 89 98 67 7 51 73 87 72 45 84 86 25 74 18 24 12 64 51 35 95 40 50 17 5 16 50 65 89 92 31 5 23 57 68 28 67 15 2 80 85 21 90 28 68 10 97 28 36 91 13 73 8 95 4 82 75 37 45 28 64 11 42 32 90 93 25 44 19 24 11 8 93 100 58 13 11 75 26 52 57 34 8 30 96 37 71 20 76 67 23 64 98 55 6 49 32 47 51 0 45 72 32 9 5 81 3 81 12 80 38 70 19 59 65 74 76 44 24 19 71 44 85 60 49 39 89 23 90 64 21 8 89 88 40 83 0 97 37 65 65 54 9 30 1 24 63 6 97 100 39 9 52 61 33 25 24 29 65 52 64 85 16 76 55 49 36 47 47 39 14
61 90 7 28 66 30 5 28 16 79 31 66 54 95 12 75 75 79 43 90 7 48 11 49 97 33 14 85 61 88 90 41 18 52 51 64 31 35 16 83 26 70 97 60 45 91 83 76 95 90 28 92 100 57 23 47 46 53 50 80 69 24 2 100 91 79 98 14 31 62 29 15 9 32 7 18 18 7 33 60 31 69 88 1 18 48 76 43 84 82 69 49 67 26 94 73 24 50 99 14 68 27 43 69 47 61 32 93 0 8 61 28 16 24 2 7 53 83 82 17 76 76 25 84 44 17 40 54 47 58 97 55 0 82 92 13 47 55 62 54 29 75 21 16 44 89 10 52 80 10 16 32 75 69 15 100 65 32 0 83 72 84 28 16 57 98 2 14 97 39 98 47 5 87 19 15 59 47 2 71 53 72 75 63 12 93 74 85 12 83 42 46 100 82 47 52 27 12 10 64
19 12 48 50 89 46 14 77 91 25 22 98 35 8 60 93 26 61 20 79 43 43 75 31 69 67 76 80 9 7 65 87 33 2 41 11 5 96 22 91 32 77 56 63 94 37 6 34 78 86 52 66 5 77 17 34 99 67 11 44 75 26 56 52 49 32 13 12 87 8 69 16 66 15 13 92 47 28 90 33 81 60 47 51 0 99 95 63 86 54 33 43 73 90 92 76 7 82 51 41 48 83 29 21 5 78 18 73 9 83 37 87 2 76 58 10 86 38 19 24 40 98 28 79 88 49 84 57 92 45 14 99 54 71 76 24 12 71 34 15 38 65 82 84 49 14 12 47 70 55 1 3 57 77 92 51 32 19 83 17 55 48 100 91 85 12 84 61 2 33 94 98 85 90 65 57 71 2 89 21 67 44 56 52 48 37 37 39 89 75 70 90 82 80 83 43 33 67 49 64
98 35 43 27 95 14 46 15 17 5 25 41 7 93 77 79 1 46 28 34 69 37 63 94 18 45 5 17 70 72 71 26 37 14 38 21 79 28 68 94 24 12 86 14 6 55 52 33 82 47 13 13 72 23 26 48 60 27 33 77 57 7 51 66 81 26 61 78 68 86 4 28 40 80 30 82 28 58 93 75 24 16 1 15 44 11 18 91 32 12 72 39 67 97 18 56 99 89 60 20 87 7 27 92 28 61 71 13 55 98 15 28 94 35 68 86 93 28 23 9 67 32 71 45 55 82 23 0 13 4 64 55 22 54 97 15 75 1 78 91 41 13 40 0 77 37 100 78 25 20 92 3 22 44 22 23 33 67 14 60 36 49 48 62 2 100 47 52 17 90 6 54 23 4 58 94 58 58 36 38 93 0 23 43 63 75 92 34 15 31 84 95 82 42 24 35 92 70 45 85
5 69 73 87 27 2 47 57 86 30 100 89 41 34 28 96 9 47 43 29 90 99 26 97 61 33 66 44 18 3 100 13 6 63 95 80 54 97 82 70 19 96 76 19 15 65 42 98 9 27 43 14 1 91 65 48 83 64 48 6 33 89 94 48 44 56 1 98 40 77 68 59 64 37 28 44 19 6 50 18 66 99 56 21 19 37 35 82 0 65 21 94 11 52 43 47 51 51 68 53 85 45 20 8 9 28 47 13 3 67 65 52 35 24 21 64 49 23 10 6 51 55 71 61 53 33 86 50 38 86 40 49 36 14 81 82 54 99 33 84 35 73 8 75 51 99 95 6 81 69 16 46 13 17 99 43 52 39 44 13 79 39 2 45 8 28 29 30 74 27 80 45 87 77 8 93 9 67 66 92 59 37 4 72 88 4 25 40 42 61 37 58 43 5 72 66 47 63 2 24
68 32 28 76 95 76 67 93 55 90 67 42 42 85 45 64 42 45 7 7 52 83 70 94 16 81 59 14 14 39 11 66 21 32 75 81 83 70 18 99 64 41 84 29 40 21 11 96 38 70 42 63 45 94 23 26 42 22 16 72 75 64 5 42 25 52 100 82 74 86 2 11 69 35 98 28 52 69 34 7 90 5 51 52 85 42 92 47 47 72 9 53 5 71 49 53 14 34 24 90 48 56 62 81 76 82 46 56 95 17 12 41 43 29 43 47 14 94 23 52 72 65 40 30 70 25 55 1 30 82 28 95 75 52 12 6 5 69 16 99 14 44 100 80 52 1 38 87 48 68 14 32 74 83 96 36 6 26 92 90 59 62 17 84 13 14 62 88 86 4 25 84 41 30 53 47 42 42 19 40 1 8 51 10 13 32 73 63 56 17 41 17 75 59 51 77 44 19 100 42
10 30 93 2 20 15 22 35 39 76 69 93 83 49 74 88 23 47 82 99 85 94 51 74 30 43 94 7 61 44 19 7 88 66 68 82 40 84 0 17 45 66 16 86 15 55 5 13 10 68 22 97 39 72 87 12 70 6 33 10 66 42 7 28 87 76 73 100 2 37 44 43 91 6 55 57 66 41 19 70 19 78 23 49 24 89 1 48 68 60 73 10 8 77 86 65 45 20 24 29 33 84 0 80 74 49 7 36 75 48 76 63 79 3 43 37 31 93 73 25 88 92 66 21 95 18 33 39 28 4 29 31 56 54 34 39 2 63 22 45 83 3 19 15 2 78 3 31 65 60 45 59 50 44 29 16 20 31 61 36 56 43 13 43 46 35 86 73 47 82 21 42 9 52 14 20 1 31 48 24 28 75 64 85 79 74 47 97 10 88 52 68 14 66 90 68 56 39 70 5
44 97 2 91 79 33 93 23 12 58 67 18 49 100 89 22 55 4 99 90 48 53 51 9 25 43 8 46 58 14 40 41 64 52 35 8 24 76 65 20 88 40 83 12 52 42 3 29 74 63 14 35 95 85 1 43 94 49 52 55 84 55 16 37 0 33 99 98 57 85 90 71 66 52 94 49 76 86 4 98 66 83 1 37 54 59 99 1 53 83 38 12 51 47 74 67 42 0 42 68 90 50 60 60 44 4 39 28 47 21 64 8 41 18 8 2 21 23 37 75 78 14 38 3 97 94 97 25 40 20 47 8 94 71 92 26 34 78 31 28 96 100 55 81 46 46 43 44 19 30 77 92 39 68 7 100 76 23 9 20 67 70 48 37 45 16 67 47 59 23 96 15 59 45 0 47 84 44 8 22 22 15 2 34 13 69 80 20 88 5 72 64 17 70 81 6 38 45 99 40
48 35 31 98 69 92 89 74 56 64 2 87 64 70 12 49 63 73 35 55 1 61 92 6 62 81 54 23 27 25 89 75 86 9 57 34 78 25 46 46 69 46 15 88 47 78 3 31 12 65 85 29 3 50 60 41 49 33 52 98 70 49 45 61 86 5 37 91 35 36 66 51 22 18 15 10 67 33 70 22 29 13 52 99 38 49 63 18 85 97 40 9 20 60 95 1 16 75 52 38 20 50 10 25 53 4 65 59 5 9 79 7 18 12 40 77 45 6 90 32 51 33 70 11 5 24 9 7 0 89 17 14 0 79 91 88 57 25 60 60 3 65 29 72 50 37 59 40 3 28 54 76 54 14 83 86 57 23 53 9 73 81 90 68 43 37 74 54 63 3 5 31 16 46 11 35 92 49 4 34 85 17 26 46 10 36 82 69 64 67 13 35 85 55 14 76 73 15 34 10
43 22 6 36 10 69 64 81 23 57 21 14 3 28 78 78 78 30 99 2 9 75 6 28 83 39 21 70 92 80 10 28 10 37 72 1 85 37 94 91 27 80 90 62 81 4 4 77 8 78 99 0 5 36 82 15 38 27 97 58 27 15 2 60 6 31 52 64 94 85 52 25 12 36 70 17 71 97 15 72 75 0 49 19 11 43 71 88 41 82 13 40 95 54 16 39 54 21 62 38 87 25 20 5 52 36 89 85 22 25 19 70 62 33 43 97 32 24 6 4 100 28 38 72 63 19 39 99 19 56 54 36 38 14 80 26 73 79 30 14 21 3 88 52 90 51 81 77 69 31 10 20 24 5 45 15 82 34 28 85 1 92 48 82 73 70 85 81 74 96 99 5 29 13 11 93 1 27 0 27 49 27 74 95 64 99 85 21 15 22 40 11 16 21 17 39 6 57 13 90
79 17 71 16 79 69 40 82 71 94 82 94 60 74 5 74 81 99 98 79 29 58 43 89 37 17 76 65 63 59 74 72 60 9 82 32 21 4 59 10 41 37 41 25 8 67 39 74 41 39 63 28 62 60 11 36 73 0 83 53 50 44 2 46 5 42 96 53 35 76 52 56 12 12 62 67 39 60 63 9 52 86 69 97 68 86 51 84 67 12 47 98 82 34 46 22 52 58 43 45 17 56 15 93 93 27 27 21 52 93 26 87 9 19 81 81 4 96 68 25 62 35 9 35 99 83 41 42 56 60 72 19 69 37 56 21 19 22 37 18 96 96 48 89 17 31 71 32 46 36 32 49 22 45 18 79 81 23 33 62 81 26 73 2 19 73 61 11 96 39 10 83 48 99 70 37 47 16 14 62 64 32 61 40 43 79 25 69 14 22 1 70 79 95 40 53 47 26 93 10
51 19 68 61 14 60 55 39 88 30 86 44 14 16 50 6 70 99 93 55 26 77 35 53 38 95 21 56 97 56 76 60 62 78 84 43 99 54 6 85 76 41 56 33 9 90 96 6 64 33 2 32 61 11 39 77 59 98 73 25 57 44 97 11 44 91 25 96 90 38 40 76 51 51 4 3 23 35 44 14 0 26 21 63 19 18 86 22 32 1 26 63 98 34 24 1 64 36 22 88 88 29 3 6 57 54 82 6 16 9 75 98 60 36 94 55 70 23 34 51 23 29 23 23 37 77 22 23 13 74 9 21 32 17 52 49 77 99 45 44 6 90 89 62 89 10 78 10 73 83 57 17 5 36 71 91 8 87 66 5 32 30 18 59 75 18 78 29 48 52 46 0 82 37 49 41 69 54 17 40 32 85 60 8 16 42 66 25 36 100 56 40 58 8 59 49 50 2 19 75
1 1 20 81 5 54 14 31 33 77 80 43 55 72 69 58 30 79 56 96 35 6 30 13 95 85 1 41 39 44 99 58 32 3 34 20 92 65 36 1 11 10 71 3 50 0 57 31 19 47 82 44 47 5 31 66 99 70 29 80 100 47 46 75 93 25 1 40 10 85 34 29 58 88 53 59 28 100 4 64 75 89 78 38 8 8 54 95 62 68 100 42 91 31 47 43 79 60 36 47 19 19 98 69 44 97 39 60 29 27 96 33 54 86 1 59 91 34 15 69 88 51 42 27 92 54 44 5 63 32 20 60 99 19 12 0 1 61 48 37 85 22 64 50 62 86 2 54 2 44 58 3 10 6 14 12 31 50 34 5 57 68 38 85 68 72 81 59 51 39 98 64 85 74 38 42 74 92 84 38 91 83 67 24 83 36 64 70 61 92 97 70 80 80 45 82 92 55 97 21
80 74 3 3 50 41 34 60 86 30 93 16 64 19 31 78 5 84 90 53 80 1 47 45 94 90 20 45 66 38 24 12 43 13 25 12 66 72 75 91 34 53 5 82 67 53 6 17 8 45 32 64 70 36 35 10 4 90 66 33 7 45 8 27 87 27 20 57 7 54 19 69 54 80 33 87 29 94 14 88 86 57 100 65 85 33 77 55 56 73 25 65 47 13 58 5 28 21 24 64 64 26 49 49 43 89 34 15 63 27 15 17 89 40 40 3 62 89 96 15 52 79 85 24 81 79 85 83 63 7 87 66 48 6 22 91 89 41 86 76 53 90 73 95 82 39 75 15 48 60 71 49 60 29 43 36 95 13 20 86 60 16 2 84 99 18 8 45 21 52 22 65 38 83 38 28 72 76 60 36 57 9 7 28 70 70 32 68 63 45 2 89 47 49 5 3 28 74 43 44
20 13 25 44 65 74 7 77 69 8 64 69 67 24 0 41 58 5 1 88 79 82 58 10 55 29 78 18 32 20 80 89 78 89 37 48 97 86 22 92 79 72 81 72 94 79 3 57 35 69 98 33 98 29 38 75 70 69 21 39 88 25 28 14 79 69 99 69 32 99 64 52 45 63 65 22 47 6 16 51 36 14 52 49 94 99 87 44 71 97 10 88 10 85 76 31 18 41 42 37 48 27 88 66 46 99 94 47 34 82 71 51 61 17 20 14 82 27 64 50 89 1 17 21 48 29 48 11 83 70 60 6 16 31 2 14 15 54 78 65 52 58 93 59 96 4 57 68 49 14 25 19 41 75 96 35 94 84 64 3 8 22 87 66 9 17 68 43 71 6 79 24 94 28 92 48 89 97 49 96 86 47 75 91 89 9 2 63 68 53 47 39 44 26 66 36 92 91 88 17
98 49 98 100 22 2 82 13 56 16 20 69 69 85 82 86 52 34 65 36 79 43 52 0 71 71 62 77 55 7 85 43 24 51 77 61 15 66 85 38 59 19 85 78 45 100 92 68 87 23 71 52 73 99 34 46 2 80 85 93 27 10 33 39 76 4 30 43 23 66 99 0 74 23 28 38 69 67 10 25 75 14 77 62 43 81 5 74 17 1 94 28 70 71 51 46 28 7 3 69 99 26 69 52 31 39 86 61 46 66 78 51 17 9 86 56 13 99 18 12 45 63 41 99 100 68 49 55 80 60 52 30 32 49 48 15 30 14 34 99 33 87 71 85 100 18 74 80 73 62 41 55 91 98 81 7 15 50 71 0 78 95 64 0 68 81 53 68 92 39 67 20 92 1 67 28 42 25 78 26 9 36 7 14 44 47 70 34 86 31 19 57 16 16 13 9 38 84 3 58
58 75 93 82 79 14 18 7 55 96 17 39 15 50 77 5 13 25 17 72 78 25 51 25 39 68 25 32 80 43 77 52 77 96 68 25 7 78 94 20 27 69 79 65 78 39 0 34 51 20 98 5 40 66 93 81 70 57 61 8 71 52 74 23 13 97 28 19 97 27 56 33 66 2 20 45 41 87 82 83 6 73 1 93 41 15 41 18 59 72 58 53 67 85 7 2 34 27 89 72 74 74 15 7 50 45 85 80 28 22 18 87 7 12 84 45 64 0 43 91 30 38 85 55 68 20 34 82 62 96 4 94 10 33 2 55 22 48 66 47 67 90 61 96 77 2 46 37 57 77 0 41 59 32 43 27 92 67 67 30 1 33 45 74 38 59 23 16 79 76 84 55 82 21 69 59 71 75 79 26 47 62 64 25 79 51 29 53 19 63 94 15 29 59 46 9 7 53 88 29
92 3 95 33 60 22 19 34 96 45 38 57 1 8 72 43 63 42 46 61 57 9 52 86 4 42 71 97 85 29 5 78 17 97 7 37 93 50 47 77 85 52 86 98 33 1 59 23 55 22 27 1 43 88 84 33 17 43 35 74 45 3 55 38 67 11 93 38 33 20 11 85 97 87 67 100 22 34 96 62 75 44 98 10 17 32 96 99 7 49 75 31 37 10 100 50 79 59 43 45 26 20 24 41 24 79 5 92 13 97 39 85 25 95 27 34 13 68 39 2 18 88 23 7 83 61 16 9 50 41 74 56 59 95 65 43 44 9 66 78 91 62 16 39 95 19 29 90 44 25 73 64 4 93 68 43 43 29 2 39 24 93 44 79 64 35 14 44 5 51 53 84 9 90 25 74 54 55 41 88 47 72 37 1 72 52 69 65 79 7 98 100 79 9 95 34 28 38 33 75
92 33 80 51 81 100 34 96 17 75 88 17 51 99 99 46 8 83 29 40 66 11 89 82 18 51 21 3 74 61 65 38 67 30 13 20 91 82 82 64 55 44 17 58 53 83 5 88 25 39 100 20 19 26 97 5 35 15 31 3 43 28 12 21 73 78 72 30 12 96 86 72 0 57 50 100 35 39 86 39 93 68 58 56 89 26 45 46 30 94 64 74 92 1 32 74 39 24 95 86 66 21 67 23 42 50 7 98 75 87 81 92 53 24 75 89 96 88 18 99 14 10 38 83 56 84 82 49 23 38 45 5 50 6 28 76 10 88 22 96 20 60 44 52 24 14 40 70 44 79 73 58 94 59 35 93 81 68 73 94 9 27 33 13 36 74 70 73 61 27 42 35 73 85 87 31 30 30 76 19 65 58 75 87 89 20 78 68 68 83 64 56 69 73 97 0 18 80 43 78
70 48 90 88 76 9 65 5 83 93 77 73 27 9 69 72 93 27 46 100 51 80 65 90 41 90 80 74 88 20 65 45 23 7 75 3 75 45 45 76 64 12 37 33 0 43 32 34 56 69 6 3 21 31 40 99 45 82 27 31 49 63 70 26 66 55 54 12 26 41 20 80 45 52 54 75 36 11 90 77 51 85 78 62 5 57 26 2 78 17 62 19 18 20 54 76 61 92 36 1 72 71 93 58 0 8 64 11 31 31 49 86 99 32 18 6 6 33 39 0 84 6 61 81 87 61 85 13 33 73 42 93 41 36 2 59 98 100 22 11 91 77 36 18 5 8 1 92 26 91 81 74 32 0 85 72 91 48 63 93 81 96 46 94 65 23 17 35 46 12 10 23 65 61 20 62 56 83 38 8 97 37 99 47 23 89 83 78 79 57 13 81 74 92 36 61 90 52 2 2
79 35 43 66 30 26 21 7 38 34 70 45 59 5 71 65 1 13 100 29 24 82 49 80 47 22 61 34 27 82 7 91 76 79 4 27 14 64 22 41 49 14 48 53 69 81 88 76 79 66 61 61 62 73 44 6 71 54 40 35 34 67 28 20 20 74 0 24 94 49 72 16 35 65 68 3 96 33 89 81 94 30 34 32 71 14 2 45 58 61 4 4 20 74 80 96 51 95 0 49 21 1 61 31 93 58 69 97 77 73 1 73 15 4 12 6 80 55 52 56 68 100 31 96 98 70 36 86 4 20 63 20 71 12 7 28 18 38 97 63 79 78 12 92 28 77 7 83 20 50 68 47 34 26 10 68 41 61 51 11 93 44 50 34 49 13 41 25 64 28 85 92 77 36 4 16 46 28 46 2 22 81 25 54 44 89 89 97 85 47 31 21 10 27 85 6 54 86 11 68
8 74 48 25 76 0 74 61 73 89 90 6 49 94 43 15 67 85 46 72 37 8 100 6 5 4 78 90 76 20 88 68 39 78 81 95 25 36 9 24 93 5 18 27 26 50 9 54 100 52 7 63 98 19 10 79 26 76 30 80 94 69 96 86 49 81 33 88 8 8 46 58 38 14 62 12 30 13 83 47 38 55 19 96 56 34 33 72 19 91 10 54 17 97 58 70 84 62 30 48 58 71 25 3 69 20 50 97 97 35 9 30 85 0 99 5 56 44 20 91 59 95 21 100 77 75 26 48 64 62 8 44 42 26 94 9 98 29 5 95 95 66 16 82 18 92 59 93 19 100 72 16 30 32 95 53 12 11 42 93 11 57 10 19 27 33 47 53 96 81 74 5 66 53 86 50 67 59 63 16 63 81 35 71 38 39 32 19 30 27 25 83 10 23 70 96 61 94 44 37
12 6 73 66 6 78 18 0 2 10 38 66 81 17 21 3 85 65 5 9 94 41 94 1 19 53 62 68 73 40 36 93 12 23 43 9 94 79 60 78 27 72 67 44 73 37 14 68 96 41 59 87 47 32 54 4 38 84 85 41 17 32 46 41 37 8 5 7 41 34 25 46 18 50 68 34 95 78 44 4 81 57 5 63 44 73 37 93 29 39 13 37 83 8 73 87 57 71 89 52 49 98 15 86 27 23 12 37 27 61 80 76 98 57 20 81 98 50 68 31 62 8 36 25 18 75 96 99 1 56 25 69 98 82 68 47 12 19 37 36 79 43 31 64 35 29 82 95 28 62 69 3 24 84 96 5 55 32 88 44 52 86 66 20 86 65 0 99 20 69 78 96 57 94 73 18 65 70 61 68 53 60 84 61 94 37 90 92 45 44 4 86 54 61 89 30 9 91 48 16
75 53 44 32 0 27 30 49 54 42 87 37 61 90 30 23 72 10 85 12 69 16 76 90 93 57 89 92 71 97 15 65 66 63 94 57 81 20 28 51 82 82 32 30 69 59 41 67 95 17 82 16 96 1 63 33 1 11 47 28 94 79 87 34 26 30 72 81 39 55 11 44 22 94 87 49 22 50 41 85 4 97 20 32 87 81 72 0 7 89 51 53 58 15 75 4 85 28 30 51 37 89 1 72 13 85 95 55 1 44 5 38 56 87 84 94 3 41 49 33 83 42 84 54 18 98 38 41 32 54 77 2 51 35 100 81 84 2 46 68 51 64 57 53 89 45 42 9 63 43 90 59 16 53 29 7 56 93 12 36 31 73 71 92 54 5 20 97 38 13 43 17 39 62 59 5 98 29 12 60 24 41 24 32 73 22 53 10 39 8 59 62 79 1 81 44 94 31 34 21
97 65 40 61 37 45 80 91 90 14 82 28 63 2 59 67 67 15 4 81 69 10 73 67 74 28 73 18 28 44 80 47 37 60 49 83 36 21 17 93 7 55 62 9 84 63 1 91 90 70 46 71 49 82 0 73 39 5 96 77 7 17 92 48 13 24 56 16 95 34 65 68 80 85 59 11 44 7 64 39 53 68 23 63 73 39 41 15 7 13 6 87 98 33 74 6 33 41 62 15 68 46 1 81 58 78 51 39 41 8 48 65 30 89 54 10 60 67 52 73 3 62 70 47 4 34 44 48 71 82 100 99 13 24 68 40 50 90 60 53 3 90 53 21 77 59 80 59 84 97 43 22 40 28 94 9 68 96 30 73 93 23 59 60 91 9 3 4 94 7 40 52 34 6 49 95 60 86 94 43 74 76 18 30 77 3 90 68 89 59 76 8 64 36 57 85 29 30 40 15
24 29 40 11 21 80 47 81 86 52 28 50 37 75 5 41 34 29 3 72 99 26 96 38 71 52 76 6 68 74 72 65 31 45 16 21 32 36 82 38 55 50 20 27 7 29 76 0 69 1 4 24 53 92 25 85 24 69 74 30 58 33 8 25 66 62 46 57 88 82 11 65 47 47 83 8 55 81 19 59 60 40 31 44 100 0 15 47 51 38 3 69 40 82 59 58 83 45 2 33 38 98 75 92 83 0 17 24 57 58 70 64 10 32 47 38 56 56 10 17 10 76 45 94 22 52 20 49 31 67 93 46 85 49 51 17 77 96 33 76 97 89 33 10 4 17 22 91 38 13 80 58 1 74 78 88 69 81 33 59 44 5 32 9 96 79 75 72 20 97 23 72 98 90 43 4 93 9 33 28 76 81 59 47 82 27 60 48 32 17 89 76 91 38 60 3 16 86 60 59
5 25 65 24 26 25 50 20 97 18 93 35 11 45 42 44 46 97 26 1 95 57 80 77 94 64 1 57 25 20 73 93 44 91 22 60 4 77 51 70 65 100 88 27 65 52 10 30 72 18 3 81 12 10 38 89 1 31 31 52 30 28 83 31 57 34 89 2 3 29 61 63 45 66 65 28 80 67 23 3 47 38 45 29 6 52 8 44 77 32 53 50 100 1 16 42 86 92 46 19 57 91 91 23 76 63 6 100 32 62 8 24 6 34 95 84 54 40 35 91 12 63 89 25 1 59 67 34 92 80 78 69 94 6 23 100 28 97 59 72 64 63 54 78 33 98 83 47 95 90 46 83 18 87 3 72 7 75 34 38 35 87 52 55 81 38 80 10 91 66 47 15 71 64 68 82 92 88 8 87 95 8 54 65 96 59 22 38 10 98 78 6 61 50 92 83 3 58 41 14
24 62 5 47 34 67 34 28 89 28 32 91 81 60 51 60 45 28 14 76 52 26 8 34 32 44 29 78 95 37 16 63 32 33 13 35 81 40 78 76 53 53 74 32 83 89 65 50 83 2 10 100 61 87 35 30 87 47 65 12 6 81 13 83 55 84 33 94 56 56 12 14 45 61 21 24 16 61 97 100 40 33 79 13 72 51 74 78 51 64 76 99 83 87 31 11 27 23 42 21 66 48 18 26 87 32 80 29 61 85 89 28 77 82 88 30 89 62 37 98 81 99 22 81 13 49 72 35 49 56 79 72 93 2 49 40 100 94 73 6 82 41 44 82 86 53 61 16 78 54 4 87 17 25 87 62 93 55 30 40 91 58 52 96 78 86 68 2 73 45 45 25 43 52 78 84 34 49 98 63 71 78 22 60 3 89 41 56 84 63 4 6 59 63 20 70 7 68 18 4
64 42 50 25 75 22 98 52 71 74 99 59 45 32 21 30 55 62 25 54 36 33 81 13 10 94 0 80 60 93 6 55 18 55 70 87 65 38 30 94 94 97 85 50 97 49 97 25 73 12 71 66 86 8 82 4 76 60 94 96 66 80 71 35 23 22 57 65 67 25 45 28 13 93 71 49 12 33 17 95 15 71 12 8 46 46 22 19 12 67 31 94 44 30 30 77 65 5 78 19 41 19 9 79 39 60 9 88 44 52 4 5 97 74 81 16 64 36 89 34 16 30 63 54 17 77 47 17 82 98 88 0 85 68 84 46 41 70 60 65 30 95 42 23 79 9 13 36 83 56 58 69 63 17 12 91 73 9 58 64 24 24 62 69 53 50 75 70 49 9 4 6 6 27 34 6 33 18 89 82 56 32 100 61 32 94 58 78 47 55 99 87 47 80 26 51 22 74 85 19
37 0 93 57 59 77 69 97 88 13 31 94 60 85 62 30 88 50 41 76 15 52 33 36 22 3 8 17 73 82 77 41 76 39 36 92 0 5 31 19 23 68 73 25 92 4 0 92 95 31 66 11 33 94 0 77 68 4 73 74 65 49 10 1 83 78 92 39 31 96 37 89 93 50 17 92 61 39 100 30 90 66 79 54 85 14 68 17 47 94 92 54 98 16 66 21 57 28 18 100 25 17 58 70 76 40 81 78 35 37 4 12 99 22 66 98 17 33 92 19 83 31 55 16 14 66 27 13 77 63 100 8 11 42 51 96 77 43 76 43 87 75 76 92 67 62 33 58 43 41 8 97 13 44 35 87 30 92 9 42 44 49 7 32 96 98 2 10 61 1 14 16 26 4 50 94 17 18 22 19 22 95 11 64 26 40 39 63 23 82 63 9 84 69 0 13 31 59 34 53
10 66 18 51 91 80 94 82 5 41 34 92 39 76 32 91 49 15 65 62 90 2 82 77 76 78 29 15 17 46 42 50 13 13 69 24 18 15 83 98 48 55 79 73 51 58 2 88 58 15 51 90 94 75 24 43 18 86 42 44 56 43 48 85 8 98 44 63 71 98 79 52 15 71 9 29 62 38 22 98 0 12 44 39 41 34 85 47 18 45 59 13 82 75 49 49 26 37 14 53 28 67 10 18 1 55 63 70 74 64 68 34 29 24 52 10 43 1 28 27 83 3 0 37 75 34 40 24 25 43 76 80 31 10 25 46 50 1 3 32 67 30 40 90 92 85 59 33 100 21 11 17 29 99 94 65 66 26 39 33 53 19 74 98 20 8 69 100 14 83 81 74 78 35 35 67 86 71 62 16 10 59 100 45 19 60 58 54 8 97 21 61 20 13 73 75 14 7 87 30
97 43 53 63 77 85 85 21 34 5 34 77 43 82 87 11 0 94 45 80 86 97 49 57 65 94 65 92 91 75 61 60 89 97 78 66 73 93 93 81 26 40 49 16 26 86 82 87 19 33 70 71 63 78 43 20 14 12 82 65 32 75 22 87 43 68 100 73 56 40 72 41 61 75 5 32 77 89 27 26 7 36 11 65 65 91 24 80 49 2 35 47 92 83 44 99 100 65 26 82 92 85 3 76 38 22 17 78 95 3 23 57 95 67 38 58 67 46 77 27 54 64 36 95 8 12 25 55 97 17 68 91 34 11 96 16 13 65 44 44 100 44 33 63 45 18 11 89 69 45 78 29 25 18 83 46 14 29 10 93 88 79 100 71 28 79 74 26 3 31 66 5 22 97 100 48 25 63 62 5 39 21 87 35 68 93 70 12 51 69 15 16 78 44 9 52 71 100 89 73
92 21 0 12 69 9 46 35 63 88 39 20 34 51 81 91 37 58 88 64 34 48 19 38 28 7 30 99 43 96 68 94 7 43 90 84 72 80 79 68 66 40 99 69 89 5 81 25 45 46 23 34 51 63 16 51 45 77 52 28 23 73 86 12 99 45 20 48 24 97 12 88 22 63 98 4 49 1 58 49 14 39 69 42 82 41 9 34 67 99 4 92 38 11 96 50 18 97 4 99 20 87 61 54 64 47 70 70 2 81 7 92 50 44 67 97 1 43 69 11 86 88 31 10 90 29 17 6 78 63 49 100 90 73 77 79 81 66 98 89 20 62 99 87 49 75 41 72 42 49 47 77 11 95 95 1 48 13 0 54 45 54 17 28 4 38 83 7 50 56 57 65 13 15 41 62 58 37 65 13 91 92 2 64 63 13 47 64 65 99 85 95 47 59 85 63 31 1 77 17
80 63 85 69 35 11 90 30 13 35 55 100 84 21 25 52 64 53 59 39 80 62 78 51 93 90 87 32 12 84 37 52 22 2 62 76 5 76 22 78 42 27 23 73 43 29 94 29 3 28 51 3 92 4 66 12 1 4 76 86 7 16 66 72 99 43 36 29 57 52 20 36 91 57 60 23 74 43 21 4 25 71 59 17 79 41 64 44 89 85 62 14 50 91 26 46 66 24 60 45 20 86 64 87 73 0 89 43 63 33 11 57 57 83 20 32 93 44 14 73 56 20 38 54 44 66 56 57 93 9 22 3 77 61 0 70 12 69 80 51 44 72 48 100 58 40 96 18 70 40 89 77 3 57 62 28 89 90 5 94 49 13 50 37 63 12 72 56 79 25 6 22 33 57 47 87 0 30 31 27 34 93 86 20 2 50 78 81 89 62 19 63 83 40 2 49 68 64 95 99
3 2 84 62 36 72 49 100 39 41 81 73 14 13 68 50 97 58 6 25 99 0 46 85 81 13 56 32 99 25 42 55 90 3 92 82 61 75 96 1 30 8 68 88 94 25 19 33 94 27 86 63 8 35 15 40 44 46 45 8 57 100 29 22 1 9 72 74 70 91 32 47 80 3 21 72 53 96 36 72 16 33 65 97 40 69 82 90 50 64 100 51 40 60 91 73 11 45 50 13 67 70 67 15 84 81 69 62 45 63 79 4 48 20 7 45 71 52 100 77 63 17 41 16 24 14 33 59 26 74 14 12 12 84 64 55 7 1 5 9 63 44 59 31 70 44 71 17 96 40 85 96 17 44 47 86 33 58 8 29 100 69 87 13 23 48 26 46 24 63 91 90 20 42 6 96 87 34 89 22 6 15 7 27 28 54 4 67 80 75 51 65 51 39 80 70 65 54 57 49
61 54 5 38 57 16 48 7 74 50 20 32 48 67 93 49 59 4 39 53 83 35 44 40 7 84 46 90 91 67 84 87 100 78 48 40 41 93 17 17 23 47 9 17 15 79 12 38 74 59 72 62 17 88 51 64 24 13 45 28 16 87 53 35 79 54 18 75 8 4 40 67 99 16 21 55 36 62 23 48 58 13 46 66 71 91 86 63 75 7 92 11 93 18 66 55 31 72 77 79 10 27 93 42 43 51 29 5 18 34 76 46 22 15 56 92 2 36 37 40 91 3 12 21 13 87 97 65 90 62 92 40 13 55 72 11 95 64 84 91 84 69 72 40 13 11 90 3 45 99 100 24 43 51 29 91 50 62 29 25 45 16 93 25 30 97 52 71 18 38 69 66 64 45 9 88 62 13 32 81 69 100 84 30 19 55 66 66 21 82 74 83 88 86 12 7 47 45 86 19
55 43 18 56 24 9 91 55 21 70 50 53 0 14 77 53 5 0 37 3 44 6 47 41 50 84 78 38 37 18 63 75 39 99 68 55 31 25 91 98 89 37 25 10 79 44 50 100 4 94 94 48 59 82 27 31 15 38 31 70 22 57 32 29 29 67 25 68 42 62 2 40 95 3 97 63 42 80 43 39 35 94 70 95 62 94 29 97 38 22 34 29 55 90 72 51 82 74 77 39 43 77 33 9 91 39 95 26 100 76 55 71 89 90 84 16 14 27 10 61 99 61 52 81 25 99 22 83 21 71 62 43 46 72 59 79 58 5 81 22 50 84 15 31 82 16 60 89 66 12 23 34 88 9 81 49 99 49 22 74 57 56 97 80 16 66 7 61 48 64 33 75 71 85 99 49 62 11 44 44 19 23 100 10 86 36 7 25 69 56 16 35 9 29 8 75 67 82 97 46
37 27 65 8 67 11 70 45 33 69 44 75 30 0 39 90 80 49 3 42 14 15 39 14 55 37 66 41 81 22 19 89 22 8 79 9 24 45 85 64 86 15 17 81 81 55 72 73 34 37 21 90 62 56 89 27 28 39 32 38 55 23 66 89 4 72 26 76 92 19 62 96 47 9 59 35 72 80 63 40 59 68 99 97 23 8 82 24 80 31 37 75 73 72 100 26 28 10 69 44 58 84 63 95 79 100 11 52 65 22 20 84 70 19 76 47 91 76 1 93 82 59 97 94 61 30 44 10 43 10 71 92 98 71 43 59 45 75 66 58 5 42 20 29 27 33 78 86 50 43 92 57 80 93 51 88 47 90 25 39 57 78 12 82 69 23 68 8 41 30 52 65 33 22 41 56 3 29 89 56 32 4 59 9 41 93 45 28 46 60 16 44 72 99 73 23 68 100 12 81
53 57 85 7 34 43 87 96 39 75 95 65 7 32 77 34 68 45 17 79 80 92 9 79 78 50 40 31 66 84 83 37 30 54 100 24 11 12 44 48 53 21 34 78 80 15 15 48 36 95 61 38 13 11 36 13 60 10 73 84 33 76 66 82 16 8 5 24 28 20 56 32 66 17 50 13 94 8 56 43 10 42 86 24 93 33 22 60 91 34 77 90 2 26 37 63 19 61 51 58 4 62 53 81 21 18 73 2 58 1 85 23 25 58 25 99 67 52 46 90 87 16 93 65 57 91 47 20 27 56 15 59 92 23 33 84 85 17 53 36 100 7 46 82 53 85 0 23 62 17 95 26 44 79 41 27 0 55 21 83 45 31 68 88 23 39 84 82 71 94 90 61 82 95 44 78 54 77 6 19 49 61 40 39 11 15 89 56 4 18 71 84 62 16 50 96 73 22 61 68
22 58 62 37 5 83 12 95 27 97 46 15 13 83 88 1 35 65 28 75 85 80 68 45 78 62 95 3 26 36 69 73 56 26 52 80 80 18 88 0 44 20 84 55 48 22 64 33 77 49 91 59 32 25 15 62 26 0 72 21 16 22 3 16 92 72 74 97 77 31 65 100 30 26 18 53 29 32 24 23 13 3 86 59 5 15 26 3 43 20 43 85 76 21 54 99 15 53 79 94 82 21 75 25 25 1 65 55 29 93 59 82 38 77 36 18 59 62 16 90 18 92 35 4 30 63 78 58 33 80 65 7 43 9 55 80 65 61 75 97 60 75 39 9 54 34 30 24 64 32 50 15 33 16 75 49 37 19 8 42 95 72 24 42 97 67 39 5 87 76 61 28 49 9 93 90 20 63 80 9 84 30 96 57 25 98 45 50 20 9 59 58 70 25 22 97 61 60 90 13
72 38 50 85 17 49 30 64 45 84 23 92 15 76 34 31 45 43 96 61 56 43 71 5 69 97 65 19 12 2 30 69 39 81 51 38 65 37 71 86 88 27 85 27 16 1 71 70 70 19 35 12 79 3 50 92 26 29 36 54 41 65 92 14 64 85 30 61 24 44 47 13 29 73 74 86 34 11 15 87 92 56 8 73 40 27 36 74 83 26 46 20 43 25 30 99 9 96 78 40 65 100 23 34 18 17 48 11 62 29 60 39 51 39 62 73 55 17 69 62 74 34 45 41 82 8 13 42 83 63 65 0 62 31 5 40 79 5 67 73 58 23 37 35 84 33 4 72 95 57 56 85 65 8 100 83 96 23 71 98 71 65 66 100 60 35 81 61 92 100 37 39 28 8 11 71 49 40 30 89 16 41 92 65 1 20 5 70 84 82 2 99 28 82 92 20 68 92 37 53
46 64 65 58 12 46 37 46 86 43 65 3 28 10 48 56 9 100 74 80 47 87 39 63 69 57 96 62 74 22 27 13 17 17 70 92 99 50 42 40 85 75 57 92 71 70 89 17 24 16 81 41 98 68 13 67 77 74 72 60 67 62 3 46 1 19 4 41 96 45 62 65 43 21 64 23 27 29 49 10 68 67 28 84 6 21 37 61 3 88 94 0 1 30 73 96 53 50 39 6 11 4 32 32 17 31 75 80 66 26 34 80 27 65 3 35 37 53 59 9 24 26 32 86 9 86 33 68 60 53 42 63 93 14 19 55 97 10 49 24 75 48 21 24 69 56 24 53 0 55 44 65 37 14 73 100 93 22 40 48 93 0 15 31 34 85 87 75 27 7 63 26 52 33 22 66 58 15 38 85 96 54 66 52 80 24 52 68 45 12 71 13 70 83 11 77 43 71 14 89
33 51 99 81 86 80 10 49 32 36 72 21 77 14 46 23 80 97 24 50 42 34 19 11 5 83 20 27 8 3 80 93 21 49 26 30 85 0 78 58 32 16 36 59 3 52 28 78 76 8 13 78 40 81 3 40 66 95 86 26 12 41 48 57 59 67 11 51 42 47 8 77 50 30 14 36 49 100 76 36 26 48 95 63 60 40 41 17 8 22 61 68 11 24 62 12 69 53 0 89 38 50 92 97 10 99 88 15 32 2 34 23 5 42 88 82 72 8 89 71 85 56 87 64 97 28 78 94 11 85 5 63 38 100 63 35 25 85 7 63 65 26 44 85 56 58 84 31 80 53 81 70 26 16 39 97 69 5 96 92 7 89 12 57 95 71 69 17 43 66 24 69 58 97 93 18 10 26 99 33 20 54 28 60 58 79 73 54 60 29 74 46 96 13 99 93 25 47 91 22
31 47 14 68 36 96 63 54 64 41 64 41 27 20 23 17 85 47 72 63 6 68 22 77 64 30 1 11 36 34 72 77 48 43 97 1 31 31 11 56 46 60 0 25 75 9 16 19 69 81 63 76 87 17 44 98 74 77 97 74 53 0 88 71 47 50 35 30 21 39 73 66 29 82 80 32 72 43 43 34 16 11 88 21 3 21 78 50 47 88 97 26 75 91 14 0 1 62 66 14 27 74 10 18 59 36 22 80 27 44 86 89 65 44 70 20 13 0 30 93 100 100 48 32 82 99 21 21 37 30 33 92 55 77 77 17 93 64 40 74 36 34 26 79 78 38 86 35 42 56 97 0 79 27 50 97 79 17 72 72 24 11 52 26 61 81 39 38 59 52 2 67 66 63 2 66 76 66 40 56 52 77 2 16 16 1 54 10 60 9 15 8 27 82 30 9 69 78 86 17
62 70 71 26 33 99 47 58 22 89 13 54 11 39 10 31 14 47 60 0 33 97 95 81 80 9 88 28 90 15 34 20 29 8 89 83 34 19 5 80 67 71 78 79 58 7 94 12 92 32 16 45 11 9 92 54 41 34 82 37 41 41 6 21 78 14 39 59 82 19 78 22 43 54 44 3 90 24 17 45 99 81 16 57 95 6 14 59 3 53 11 28 24 97 70 48 28 84 54 76 3 3 94 85 77 47 75 14 23 86 51 74 94 70 42 29 8 67 61 93 0 9 95 56 69 65 59 56 37 17 56 57 46 43 79 30 16 80 60 95 71 12 11 67 52 89 11 40 23 87 91 90 96 82 25 61 17 89 53 24 30 55 20 38 65 35 65 74 73 13 96 40 64 85 54 42 99 67 88 55 71 65 99 24 87 10 28 76 23 54 36 68 30 53 41 49 42 64 73 94
81 50 67 10 58 22 88 100 84 3 98 48 48 31 13 66 29 99 12 4 44 99 6 16 54 13 9 5 71 23 99 37 50 96 57 53 9 69 72 8 24 67 14 30 81 33 97 59 26 45 3 86 99 76 73 2 18 54 21 23 12 86 70 54 42 94 78 38 14 13 73 33 23 99 85 95 88 2 26 13 20 47 64 33 14 33 39 74 82 79 0 44 75 33 62 17 44 91 73 85 60 1 15 65 91 53 83 0 44 29 19 14 33 40 11 49 78 96 86 73 21 41 36 31 2 57 62 18 100 85 10 96 83 15 67 78 25 5 63 8 12 77 61 93 26 46 98 3 90 74 75 12 28 21 30 68 25 66 98 3 49 92 40 13 81 75 98 79 84 11 50 51 62 60 75 11 46 33 92 34 46 73 16 94 30 38 19 49 75 58 58 42 55 29 2 69 86 96 2 97
36 28 39 73 93 66 6 87 39 95 98 86 76 71 67 78 41 70 70 19 18 89 74 98 28 81 74 51 33 11 12 73 61 28 6 83 23 71 74 17 18 86 95 26 92 52 49 77 29 74 54 0 49 47 77 23 85 90 39 24 40 72 54 100 42 84 64 11 82 99 13 39 29 0 29 45 49 32 94 22 91 67 28 29 11 78 15 15 60 89 87 62 1 38 93 26 4 26 73 59 66 41 52 28 40 62 3 14 15 72 37 4 39 55 11 1 5 69 24 31 51 36 32 42 30 56 36 71 89 87 34 96 33 16 26 99 12 21 15 31 18 18 79 37 88 26 64 79 90 43 62 100 95 89 0 74 12 28 57 77 97 69 80 79 27 38 38 55 90 67 92 36 0 7 30 41 8 24 70 33 16 68 23 35 62 9 44 63 24 80 88 6 97 5 89 58 57 40 1 72
32 80 16 78 63 51 27 19 34 44 74 34 86 44 25 32 43 63 56 34 26 15 21 50 82 100 33 32 69 35 42 23 6 37 47 17 23 39 26 15 82 41 36 63 27 18 97 53 7 7 78 15 35 56 16 8 26 8 14 36 89 27 54 37 42 91 84 39 0 64 5 88 28 66 52 35 25 22 24 29 28 78 18 60 7 6 80 29 71 71 66 65 30 87 35 2 99 35 58 43 52 34 90 65 62 88 80 57 63 21 76 1 79 95 56 41 57 21 46 95 91 10 88 31 6 50 43 67 89 19 93 97 25 45 46 65 22 14 56 33 74 22 42 53 52 61 58 76 76 9 30 22 44 39 99 82 98 22 30 57 77 100 33 65 63 82 89 49 37 88 94 84 74 22 93 54 9 27 1 100 58 34 55 27 11 74 62 5 69 0 87 55 41 8 72 73 83 11 67 19
48 51 8 58 57 40 99 74 10 30 18 17 94 50 69 82 65 26 8 87 20 67 63 3 81 49 66 77 83 19 6 74 100 47 16 22 28 14 58 20 68 85 65 39 99 6 92 81 61 3 73 44 61 27 59 51 48 33 51 88 93 21 18 1 97 35 41 3 1 18 98 88 33 93 69 37 75 56 17 44 29 42 43 57 32 42 54 64 57 96 76 46 45 78 76 36 40 14 13 33 60 63 62 13 60 68 17 29 11 58 96 87 39 31 71 17 35 3 48 98 94 85 36 22 87 74 8 67 63 80 33 98 99 51 55 58 69 100 52 40 98 16 14 35 47 68 68 92 38 79 53 64 100 68 56 61 18 67 14 56 0 80 44 89 38 85 36 77 92 7 100 90 75 24 70 6 13 75 92 51 84 37 25 58 93 71 67 65 59 83 79 50 46 12 65 34 24 12 88 41
44 14 87 72 64 61 7 75 60 3 79 86 4 93 75 26 92 87 18 82 1 73 10 96 62 96 96 51 30 75 88 48 75 71 47 38 61 98 44 31 53 81 68 90 79 93 53 40 98 45 98 72 37 89 91 9 2 25 72 35 22 27 62 85 37 73 93 1 34 73 18 28 43 72 77 68 15 27 25 45 23 55 48 64 67 13 80 12 46 56 69 79 78 44 77 74 13 83 82 55 1 55 0 39 70 33 1 73 21 39 5 31 59 96 40 21 19 96 43 86 39 91 94 11 63 13 88 10 64 12 85 13 61 21 33 34 73 15 25 42 69 90 1 35 70 68 98 66 66 59 41 7 32 7 98 41 80 58 55 68 10 50 98 55 14 8 87 45 42 66 8 72 73 27 11 8 75 69 19 50 48 99 20 3 85 28 9 95 94 16 45 87 17 54 75 74 73 16 13 21
17 68 37 43 34 68 45 22 37 57 71 90 5 68 32 13 70 77 20 40 74 71 27 24 82 3 61 4 88 89 53 18 84 83 83 31 7 32 52 75 7 80 73 92 81 35 97 60 65 28 73 54 74 100 91 36 25 29 96 90 52 22 80 41 33 59 55 88 68 14 30 77 3 39 90 3 37 85 15 75 3 1 27 17 20 13 36 37 68 75 33 0 84 29 15 30 1 97 26 94 58 84 52 84 20 23 93 60 84 99 39 60 21 32 89 30 16 76 7 44 36 69 89 9 47 83 28 6 95 78 92 58 74 19 8 28 68 93 22 44 97 21 14 82 51 70 84 67 96 67 77 21 91 53 54 4 72 80 32 62 42 36 13 52 12 48 33 72 76 62 96 20 92 71 74 16 26 74 1 75 80 83 42 17 92 18 95 8 4 37 55 76 24 79 72 4 29 6 46 71
94 92 30 60 71 15 41 50 26 82 27 79 46 7 49 51 84 98 36 86 10 2 4 62 80 97 74 72 81 64 51 81 91 23 80 77 32 70 48 100 45 20 18 26 69 15 28 53 70 9 96 18 20 26 81 1 74 40 51 26 50 49 8 68 57 72 98 33 12 16 23 91 73 36 23 8 66 0 55 31 90 13 84 54 55 28 45 12 52 55 88 8 89 61 65 40 65 68 18 80 97 69 84 41 18 16 66 56 44 45 26 87 48 76 53 37 72 68 13 53 53 48 41 34 73 78 45 79 90 87 55 37 4 10 93 28 51 51 88 78 78 55 49 98 47 29 1 12 4 34 67 33 93 31 74 52 40 34 66 19 43 12 62 53 3 58 11 77 49 41 67 67 41 18 24 1 73 98 55 39 67 37 3 19 23 5 7 48 88 57 31 0 18 75 39 72 62 100 66 26
78 36 89 15 63 32 27 88 65 37 95 32 35 76 84 17 14 13 1 23 22 1 45 26 3 58 89 35 8 3 91 0 98 67 58 71 21 33 96 58 73 49 24 89 79 4 5 60 42 31 30 52 38 58 9 18 19 40 7 6 96 52 68 25 19 72 54 55 80 3 100 90 68 10 65 4 53 10 72 40 53 50 45 46 0 22 71 54 47 51 83 9 88 76 49 10 79 37 98 30 20 55 20 42 14 93 87 79 77 4 99 44 69 8 44 74 13 24 4 34 99 74 7 68 59 0 50 26 28 37 0 13 1 21 68 89 20 91 7 64 29 42 87 54 90 51 50 17 56 64 95 11 21 98 44 40 100 19 66 52 43 83 24 89 36 65 26 49 79 17 39 95 97 89 55 1 38 12 33 92 83 30 88 72 39 24 42 37 53 41 63 4 45 89 19 34 78 83 4 23
34 26 7 6 100 11 48 4 21 98 64 35 84 4 99 0 68 3 63 60 25 72 44 66 44 93 48 48 0 20 89 85 31 79 4 11 84 31 19 30 97 89 21 100 40 71 16 32 4 1 76 72 21 54 44 66 85 95 59 5 94 65 58 19 63 65 68 55 14 28 65 96 91 13 59 90 20 72 31 3 65 97 27 75 31 76 54 74 98 61 68 83 86 66 40 85 89 54 74 20 38 70 32 12 75 87 70 34 13 44 95 94 36 23 1 13 82 37 17 91 11 27 99 39 56 90 53 97 6 73 31 32 2 92 73 1 92 93 9 4 51 43 20 25 73 43 91 50 34 29 82 66 27 12 92 46 46 39 94 98 60 88 88 48 23 40 13 87 22 88 57 8 94 15 61 61 52 22 97 26 92 98 5 91 2 65 8 16 38 60 36 38 33 18 63 34 70 64 28 42
69 20 45 97 65 9 50 76 2 12 25 100 98 66 46 57 92 6 77 10 99 22 72 77 95 98 30 61 30 12 61 38 82 23 1 13 30 47 60 41 59 61 54 9 91 9 0 93 99 72 74 53 2 33 82 69 50 9 27 69 70 71 91 0 21 48 88 65 84 8 84 93 98 11 80 63 37 78 23 68 75 30 79 35 82 30 70 62 65 45 49 17 72 89 34 30 9 95 59 84 77 72 90 63 65 0 33 23 92 4 31 52 77 32 7 7 12 66 84 79 3 49 22 98 39 11 51 4 55 53 17 44 7 17 36 0 14 18 1 25 4 39 11 12 91 53 59 75 87 94 26 9 70 52 84 90 93 41 20 45 46 39 40 88 44 100 45 17 63 41 34 48 74 70 97 13 85 98 77 9 10 85 35 71 64 98 51 29 74 63 28 44 45 11 53 65 73 17 77 56
55 56 6 41 49 6 64 17 43 57 0 29 7 40 14 65 80 70 14 4 53 45 17 97 81 10 0 50 31 87 58 46 22 12 37 1 6 63 57 66 14 78 37 51 27 9 39 26 30 97 0 8 40 37 79 70 21 30 100 36 4 14 72 92 51 3 8 60 35 42 35 59 94 65 41 98 77 61 14 53 92 62 80 83 30 79 46 89 37 51 87 29 29 89 3 13 9 73 9 72 20 39 64 39 93 99 34 3 49 61 39 15 46 72 100 76 24 29 18 21 13 91 67 73 38 80 87 51 51 39 65 70 12 48 52 32 80 93 65 22 93 18 63 31 65 11 27 56 63 61 34 34 16 40 30 69 51 58 46 0 30 3 28 13 20 14 16 6 93 2 23 49 52 28 16 81 7 96 21 58 95 93 76 8 71 55 51 34 95 59 43 42 22 48 44 45 12 12 3 11
22 31 67 71 59 84 73 10 54 29 25 40 65 77 40 39 85 94 99 74 11 76 53 41 64 31 35 83 94 94 61 32 96 63 22 32 71 20 12 76 28 49 0 100 82 36 56 72 58 25 32 11 87 1 69 9 45 83 78 86 36 98 66 79 70 31 62 20 91 92 58 47 6 8 15 19 41 74 86 14 89 65 41 66 23 65 86 49 7 98 15 25 86 15 56 41 21 37 27 65 32 17 24 91 46 36 60 54 26 48 89 28 14 66 44 34 5 21 89 80 61 60 45 76 100 91 21 44 5 13 68 43 7 90 87 12 57 93 76 77 57 10 62 14 64 53 12 88 20 28 41 88 31 11 36 9 82 36 79 10 36 22 44 33 9 39 57 27 31 6 50 46 79 65 22 89 73 80 33 100 53 70 44 36 99 19 53 13 96 92 72 83 32 18 56 15 43 83 62 97
99 15 26 7 93 85 18 80 8 46 51 66 36 75 99 53 81 81 42 15 95 18 74 71 27 57 16 20 17 97 0 74 20 42 33 35 59 67 37 89 67 82 51 37 79 22 66 1 99 48 86 9 85 17 81 94 38 39 43 31 42 51 55 89 9 36 85 23 40 63 49 86 45 5 0 28 11 54 15 24 68 42 51 91 92 84 88 42 1 20 5 16 84 16 76 34 86 77 94 80 62 76 64 68 52 60 65 2 25 88 9 63 41 91 65 79 95 41 100 42 42 72 34 19 45 46 91 21 58 0 32 21 72 81 43 86 99 49 56 38 98 30 88 82 52 59 21 72 94 30 31 13 9 20 31 94 49 78 0 80 42 4 48 80 66 88 92 89 95 48 94 0 59 6 52 81 75 3 18 32 56 36 63 57 18 88 90 6 57 86 58 4 47 38 55 20 30 41 11 50
82 71 89 84 87 87 93 73 74 7 67 47 17 81 70 67 86 43 3 45 60 13 56 83 9 17 17 6 41 70 98 30 25 66 45 53 95 42 80 25 18 85 32 64 58 73 15 46 47 61 89 24 73 9 19 9 10 91 54 60 91 81 73 57 75 35 85 22 49 22 66 50 81 91 40 90 75 61 87 71 49 34 80 91 1 71 66 33 85 28 61 68 65 32 76 48 6 79 82 11 48 90 23 0 74 53 36 52 79 25 57 27 14 5 21 91 88 18 47 57 14 1 68 82 55 3 5 42 40 68 77 90 12 100 92 25 99 71 88 61 21 15 93 68 99 86 12 15 82 72 49 2 49 29 64 66 26 25 94 60 16 83 57 66 3 24 16 2 48 76 36 39 45 81 15 97 92 88 13 68 39 18 92 96 27 35 11 57 100 62 20 13 10 67 35 70 44 68 36 81
56 68 81 39 36 28 17 72 15 13 49 93 34 28 87 15 90 30 56 45 86 53 32 32 55 2 16 91 73 77 62 98 11 9 72 6 6 72 58 68 98 1 28 82 29 32 68 87 87 7 9 35 30 22 95 1 16 23 82 90 57 36 34 18 5 76 50 85 43 25 73 91 87 25 7 46 62 87 17 54 22 76 1 7 5 78 69 79 58 68 16 52 72 77 61 68 7 89 45 58 47 29 11 37 81 47 50 3 18 86 100 99 57 57 26 98 8 5 15 99 72 33 40 41 38 85 74 71 34 40 92 52 93 63 12 92 64 9 25 64 44 41 49 100 11 90 92 49 81 78 87 15 89 19 2 71 71 7 85 55 19 58 52 93 23 17 67 98 89 22 97 38 62 35 32 52 78 37 9 90 91 40 24 21 89 54 95 93 95 39 33 35 27 95 59 20 93 49 79 95
65 99 34 25 31 67 11 93 90 34 97 32 84 92 88 62 47 51 83 14 68 63 55 4 65 46 55 66 26 91 93 97 63 58 34 8 82 1 38 14 16 100 52 58 80 13 7 96 85 49 23 71 0 11 80 35 2 25 85 67 47 9 89 19 54 54 84 27 97 51 66 79 33 31 10 86 54 83 83 53 42 20 62 83 2 40 76 49 71 16 27 51 39 71 10 8 62 8 25 63 98 6 59 8 9 63 99 80 53 56 88 28 68 37 55 71 55 14 82 96 19 7 55 93 33 15 100 33 68 74 92 16 4 98 8 39 56 44 73 61 11 39 67 33 93 26 46 81 58 63 89 1 13 30 0 5 1 47 61 41 1 91 5 99 4 88 63 4 13 88 63 66 52 80 23 93 57 69 2 50 19 71 9 28 81 66 66 33 87 2 29 63 18 82 67 9 47 0 68 37
88 69 78 31 77 38 52 9 19 61 90 17 80 92 53 41 37 96 46 15 30 93 32 21 100 51 84 10 15 67 44 22 53 21 10 52 42 76 50 12 90 27 45 24 38 35 51 40 14 78 86 53 11 64 46 20 50 59 56 35 46 76 66 89 95 73 16 58 76 29 58 28 77 52 42 8 85 49 91 11 29 71 45 56 53 18 42 73 44 16 34 85 92 59 42 4 33 29 68 41 65 45 69 45 6 76 70 61 58 84 70 62 40 85 35 67 75 14 71 0 40 52 34 77 9 99 25 5 29 11 2 53 21 65 39 100 4 90 98 28 61 87 52 21 53 7 1 65 27 82 55 83 98 5 80 53 22 100 58 40 51 74 90 43 1 68 88 76 61 79 37 48 50 54 69 24 58 30 93 53 54 99 87 74 14 12 54 90 96 72 94 87 85 57 87 2 14 74 84 6
16 17 42 49 40 79 33 79 45 5 0 19 95 1 79 82 38 69 23 67 45 45 72 19 80 23 93 21 71 87 71 9 22 6 21 61 98 11 74 49 11 35 24 23 57 24 82 72 66 37 10 54 93 40 44 66 28 95 4 33 12 34 100 56 22 46 4 38 97 91 2 71 94 80 25 29 84 61 48 27 44 46 31 98 64 0 38 40 94 0 90 51 82 12 63 92 10 4 66 84 7 30 88 44 87 72 52 87 4 47 35 38 24 77 92 14 4 33 69 95 7 75 77 36 47 50 24 24 75 38 38 55 98 76 89 77 44 68 90 25 66 98 49 15 12 53 51 45 29 0 80 37 67 11 11 77 79 34 54 4 70 7 1 28 50 41 61 1 73 27 45 11 77 32 39 7 10 67 88 71 80 49 89 72 62 89 87 84 11 62 42 82 86 38 90 37 79 9 15 10
12 14 19 33 19 27 81 90 45 69 44 86 73 57 93 1 49 29 35 61 7 9 21 54 79 78 12 14 84 67 49 11 12 100 22 100 1 38 1 55 75 91 36 56 30 72 22 40 76 36 63 19 19 62 81 72 19 95 56 64 78 49 75 85 84 41 13 11 58 57 80 100 52 92 18 65 33 89 96 4 42 65 66 82 46 96 95 74 86 11 38 38 91 33 84 59 40 6 71 90 1 58 57 15 6 95 85 63 88 51 3 77 17 30 62 24 62 8 15 8 28 13 54 98 62 94 57 16 35 40 21 28 68 48 22 5 57 97 24 55 96 95 79 49 49 50 90 40 39 10 5 83 76 37 72 92 64 49 61 50 22 67 46 19 55 40 5 4 99 45 49 62 85 26 3 84 100 49 18 83 42 87 10 16 74 54 25 73 18 58 70 63 100 62 46 53 100 16 53 38
37 32 97 56 16 69 92 83 0 33 17 0 26 63 89 88 47 89 76 33 42 23 59 86 35 15 72 90 10 76 11 91 39 30 48 77 28 65 0 57 66 51 38 97 30 21 87 23 62 72 48 71 13 17 3 85 1 92 54 98 52 60 42 13 13 45 77 13 14 54 28 96 84 74 64 96 78 37 85 14 61 75 57 83 0 69 10 50 93 18 34 43 50 38 35 27 11 55 79 83 24 71 59 6 54 68 63 57 56 4 9 13 88 100 60 46 38 77 80 87 64 50 47 34 50 67 70 53 88 9 81 26 34 79 79 20 30 47 48 42 62 93 81 29 47 94 68 43 4 27 44 99 53 98 42 15 46 32 75 88 67 58 93 54 77 34 4 100 54 8 58 12 75 14 53 67 5 78 78 25 10 53 21 40 78 17 80 71 52 66 82 48 77 33 42 21 11 55 18 47
34 42 39 68 44 5 82 85 16 25 75 45 45 98 72 45 86 9 27 46 49 90 11 47 2 20 59 13 86 23 52 89 63 59 58 52 80 16 71 41 3 53 14 77 21 72 68 91 45 48 52 69 32 61 61 16 19 83 25 75 22 13 90 25 43 84 74 23 81 78 17 98 62 100 93 98 53 64 13 37 22 29 37 50 48 13 97 86 23 42 95 30 80 58 21 57 91 21 40 75 83 11 2 52 10 95 36 62 82 7 63 95 27 82 14 35 68 90 71 50 19 26 39 79 91 29 54 21 50 10 16 82 57 80 79 16 90 28 10 36 99 36 40 31 41 15 92 47 2 81 13 86 21 98 60 39 33 93 99 32 52 83 93 20 73 88 49 29 15 47 66 54 52 44 4 30 36 77 97 75 97 62 9 52 47 48 43 62 67 44 57 60 55 17 69 97 15 56 17 44
95 6 63 4 29 44 18 72 77 40 39 64 31 95 39 36 34 57 71 99 83 3 83 35 33 30 94 94 7 32 85 58 53 28 7 19 87 20 66 27 46 10 22 76 7 34 57 77 39 7 97 50 98 80 15 52 22 2 63 76 67 49 21 12 35 56 4 1 54 94 30 48 16 61 3 85 30 84 50 23 15 76 89 21 66 22 52 13 58 48 17 19 37 23 59 90 56 95 40 97 53 81 8 92 4 1 47 73 100 7 4 70 75 28 39 72 17 55 58 78 88 36 56 80 63 70 17 18 29 39 62 100 87 63 4 19 93 75 14 70 7 12 26 95 64 32 77 49 83 18 33 97 86 88 12 69 98 21 30 3 44 41 31 0 49 8 8 52 12 88 17 66 48 72 5 77 53 86 66 50 11 9 72 46 40 81 36 17 79 76 70 3 86 35 7 38 40 86 61 84
42 90 95 18 68 7 19 3 73 94 19 91 27 34 97 95 9 44 57 62 81 28 85 36 23 91 100 79 14 36 46 19 29 40 82 19 66 47 77 19 94 14 34 45 22 60 20 39 78 55 23 42 1 85 1 43 77 9 34 10 93 83 48 82 42 1 46 2 29 42 64 37 37 4 49 56 2 54 72 11 90 35 1 70 65 74 51 22 19 39 30 45 13 15 15 29 98 6 39 30 80 40 38 33 80 23 76 71 45 75 40 96 53 45 2 16 14 21 40 72 71 24 62 21 34 76 23 92 62 19 14 73 18 89 27 49 88 6 81 88 33 86 15 37 43 16 71 68 4 83 12 54 84 38 55 56 74 26 62 58 8 35 91 93 85 16 54 15 90 27 36 29 50 73 36 33 90 86 40 36 16 17 92 83 47 45 11 4 65 83 5 0 65 62 6 6 3 45 38 10
84 43 21 1 26 47 48 37 59 85 69 88 69 100 36 78 69 18 88 23 70 37 16 43 83 40 92 83 54 50 30 5 75 51 15 52 34 33 26 100 27 53 25 14 6 23 40 96 0 93 5 91 91 73 28 33 94 10 20 8 99 29 73 22 90 72 35 87 42 51 3 75 72 55 33 53 92 47 32 69 79 47 8 95 1 61 82 37 71 46 13 33 30 72 80 48 58 78 57 17 81 65 33 48 22 53 94 45 35 59 55 24 62 94 88 86 68 53 99 75 82 17 33 40 41 41 7 69 52 9 45 81 7 20 53 85 41 59 28 53 31 15 18 14 89 11 99 88 77 81 15 31 64 13 95 37 23 20 12 71 89 73 79 97 29 19 78 84 6 19 64 98 71 72 97 93 69 92 26 58 62 59 89 33 42 55 66 9 78 55 73 7 60 33 38 69 28 38 1 73
24 74 19 6 46 15 41 53 25 53 91 19 5 96 80 21 21 24 82 34 4 41 52 97 89 80 65 60 6 4 4 45 80 23 8 45 25 98 75 92 7 41 9 60 95 9 18 7 46 76 39 63 71 73 70 77 31 62 11 3 64 16 11 54 76 50 34 31 34 78 96 100 51 72 2 19 43 68 82 83 25 100 39 59 57 46 11 74 53 94 54 66 89 31 80 73 80 45 12 35 18 93 59 6 23 50 66 61 4 69 56 81 89 64 61 91 29 24 1 60 9 14 28 20 68 66 17 83 8 8 50 39 71 89 85 6 70 80 6 9 63 18 80 68 51 75 48 55 38 68 64 92 46 98 62 36 33 99 31 93 64 78 1 60 43 19 24 17 73 99 21 27 68 87 88 20 69 86 74 82 88 15 35 19 100 53 43 7 32 55 63 54 30 75 73 0 97 68 85 48
17 71 34 83 90 55 39 91 62 55 10 70 99 15 2 89 99 50 94 86 82 14 13 36 93 46 52 87 66 54 37 44 50 29 20 89 100 20 57 78 56 82 46 55 17 38 98 82 4 50 23 36 76 6 36 57 66 76 78 96 90 87 18 62 2 27 59 33 91 51 71 38 53 16 53 76 88 31 15 48 45 59 47 99 82 71 1 90 27 48 20 15 67 25 73 24 91 67 52 48 25 82 72 62 44 21 81 9 26 60 41 88 7 29 34 26 51 67 100 87 30 56 100 17 99 62 17 8 76 84 16 38 70 62 46 74 98 93 71 35 10 29 85 76 2 44 47 3 84 84 81 63 3 37 35 45 91 23 98 0 32 46 74 79 64 13 16 90 84 4 84 53 19 4 11 22 2 44 5 85 84 44 0 9 77 10 30 2 18 59 73 17 72 75 6 94 27 27 64 36
77 83 28 11 69 14 61 27 9 74 8 34 90 50 60 26 16 34 82 94 77 42 84 86 6 63 86 26 88 80 13 27 81 11 33 92 14 9 36 47 41 35 57 7 28 70 21 21 89 3 89 83 62 65 40 51 52 26 4 5 77 36 41 89 37 34 69 57 5 28 97 54 27 73 43 96 13 52 31 2 95 94 16 76 30 5 68 30 97 93 60 14 9 55 9 83 3 8 91 53 43 27 82 67 46 88 7 10 77 0 19 20 28 4 45 86 29 18 64 7 19 79 82 97 23 21 66 71 66 53 48 2 99 48 3 35 12 56 92 22 57 70 64 16 41 60 14 12 95 9 19 69 40 54 82 41 66 16 60 85 10 10 4 77 42 70 37 13 14 41 41 55 35 100 71 16 94 27 72 32 88 86 94 100 49 72 97 25 14 85 21 77 72 22 49 11 30 28 27 34
70 68 0 75 80 2 56 49 16 55 25 93 71 78 99 97 20 65 74 14 85 33 31 98 49 57 83 92 57 76 73 45 84 49 98 100 96 51 80 30 66 22 51 33 28 3 52 37 2 21 28 76 17 31 80 42 59 100 84 14 22 76 39 68 61 36 76 44 38 94 51 6 100 37 2 94 0 79 40 29 34 65 95 60 12 18 65 70 49 91 55 39 7 21 41 76 16 37 3 53 35 20 84 56 42 42 16 58 47 32 15 21 39 11 71 20 19 62 96 48 93 98 43 76 29 70 10 91 40 70 14 98 84 64 87 29 12 75 75 25 90 55 21 46 16 5 70 63 61 87 72 96 41 19 77 60 56 82 44 46 55 26 9 41 10 0 97 37 21 96 82 84 62 23 60 57 5 1 73 82 2 83 73 65 17 90 90 52 6 13 4 31 3 45 54 49 89 8 79 12
26 30 86 26 73 45 65 31 19 10 49 57 53 57 78 70 20 62 71 95 49 10 74 60 14 4 87 17 85 53 94 73 80 79 79 30 72 3 74 61 63 72 43 5 48 59 67 42 79 31 4 94 21 14 27 52 89 49 35 92 1 51 36 49 4 96 71 50 25 45 84 78 59 98 79 72 96 56 7 54 8 4 35 45 75 38 82 92 85 39 86 26 74 40 71 96 86 84 19 20 83 65 21 12 53 29 7 74 75 97 91 8 55 10 78 37 19 78 71 83 94 96 40 7 96 100 4 57 81 36 13 5 18 29 93 82 64 4 84 24 81 3 61 12 42 63 97 90 42 66 33 15 63 84 14 87 62 19 20 74 92 57 2 9 41 21 3 69 2 47 74 42 9 69 77 52 25 5 75 45 5 14 16 74 11 98 47 92 33 33 73 14 57 70 28 62 9 63 13 28
43 30 33 45 75 2 19 53 49 3 75 82 65 36 81 52 74 79 25 9 21 70 18 26 28 66 39 41 66 71 13 20 98 85 60 50 90 19 58 1 12 81 45 92 14 74 38 44 37 75 99 86 91 72 6 96 40 95 84 15 85 81 89 55 30 26 92 24 4 13 47 7 18 72 6 28 8 90 28 48 15 32 30 72 20 22 42 83 64 40 69 21 67 24 76 94 40 14 41 45 63 1 16 20 95 88 89 93 6 4 63 81 74 56 51 12 82 0 75 67 99 10 60 42 13 55 79 81 2 24 76 64 62 52 5 70 26 53 18 59 72 31 95 81 29 35 68 86 52 70 92 31 72 8 38 85 2 95 35 69 96 15 4 37 69 10 93 75 63 33 67 49 36 78 81 78 100 47 86 53 92 49 69 53 16 2 2 97 44 9 23 47 55 42 72 33 92 57 34 44
51 1 61 13 26 34 84 41 2 4 24 74 68 6 21 79 17 21 7 100 57 12 46 54 91 25 15 83 97 90 100 80 62 64 27 27 89 63 98 75 67 42 21 94 22 28 59 15 95 2 70 87 99 36 100 59 15 11 52 83 56 54 39 78 60 42 83 7 59 16 41 41 15 55 5 3 64 54 6 27 29 52 88 63 100 70 89 34 37 94 77 42 32 22 64 47 9 19 64 60 51 41 1 2 7 87 32 28 98 97 40 89 88 38 11 88 29 100 3 77 25 79 98 7 40 76 64 64 46 35 69 88 86 86 60 91 89 73 90 48 44 53 51 70 27 27 46 29 13 33 45 82 40 58 30 79 42 44 19 62 40 26 84 2 63 34 83 63 85 20 92 99 76 83 72 1 54 48 0 69 96 90 44 74 63 0 88 74 24 91 39 73 81 94 48 46 82 59 34 78
27 63 63 13 24 32 22 70 26 79 100 81 2 84 93 27 87 49 55 64 51 23 93 55 9 28 10 98 60 91 62 72 0 15 50 38 5 40 35 64 39 16 71 76 91 26 70 60 86 93 20 27 60 26 17 60 61 13 47 34 45 57 90 27 37 36 96 7 26 14 48 64 55 85 64 90 36 88 57 61 21 26 7 48 84 55 48 12 16 72 32 74 49 76 55 94 5 81 17 6 3 30 43 32 13 33 5 18 73 50 7 75 43 83 64 50 100 100 37 73 96 72 98 20 72 80 54 69 91 54 93 14 95 100 72 28 30 3 66 24 5 27 16 72 33 97 68 86 82 26 39 33 71 17 45 27 30 79 86 49 54 88 89 12 95 55 45 36 88 73 71 10 56 97 63 84 17 4 97 14 22 12 100 82 96 42 19 18 15 76 100 16 43 58 5 60 15 65 16 88
57 41 78 10 21 46 88 80 67 39 72 97 10 66 50 51 68 43 32 74 89 37 97 27 85 62 90 75 44 21 92 63 33 26 91 81 26 63 85 56 93 82 9 65 88 77 58 5 63 45 47 50 25 31 7 1 71 79 24 77 0 2 98 38 10 71 96 47 49 52 91 43 54 10 74 82 0 70 95 39 64 5 28 45 10 74 98 38 11 20 81 51 72 48 61 51 16 9 19 7 45 50 39 100 29 52 26 51 73 90 3 94 50 14 80 1 48 11 81 87 13 48 0 97 20 27 70 54 51 87 42 72 90 18 40 26 67 17 56 87 41 70 55 99 94 89 7 77 20 8 100 85 64 7 50 18 75 7 71 58 82 56 10 61 41 63 86 80 1 95 76 37 81 29 83 81 6 39 18 39 36 22 87 28 51 50 98 37 80 9 14 0 85 45 13 90 98 72 45 31
4 37 19 39 49 87 29 59 69 46 50 19 68 42 44 7 79 29 12 61 35 54 13 8 57 14 95 79 100 63 59 6 80 26 57 66 94 9 72 95 56 17 91 88 20 100 38 81 70 80 26 59 72 63 26 47 98 98 28 82 57 27 11 28 4 79 65 0 67 68 58 58 80 61 26 66 36 3 85 15 97 2 46 80 87 62 19 15 33 54 9 15 9 23 37 30 52 71 22 88 92 6 82 58 94 92 58 96 36 88 40 93 81 82 23 55 99 78 49 31 83 73 27 47 6 66 96 71 43 77 12 70 57 88 7 6 62 68 6 100 35 47 98 58 73 9 90 96 20 19 30 94 69 30 98 24 91 84 72 99 68 47 1 69 64 99 47 2 77 96 76 36 13 65 60 55 4 65 53 97 30 39 37 79 94 68 88 41 5 8 20 31 95 25 75 51 52 65 10 82
80 49 5 13 69 8 80 89 83 61 81 4 57 55 99 88 90 54 25 39 17 10 57 23 45 80 11 16 42 44 60 26 69 64 4 44 87 47 42 96 87 67 29 72 31 16 67 61 82 6 96 62 97 17 44 31 20 20 23 34 88 92 73 83 98 67 83 32 3 86 32 90 95 63 63 2 29 41 77 82 46 42 28 95 94 60 40 54 17 83 55 42 88 24 37 44 43 58 83 90 30 24 26 8 83 58 52 46 59 84 47 48 88 8 89 61 54 91 95 54 89 33 93 13 55 78 3 85 3 19 76 32 15 12 90 74 44 75 37 60 8 52 63 100 35 6 65 99 61 33 4 28 58 72 14 36 50 81 63 49 69 81 36 19 80 4 21 26 89 19 50 27 77 53 54 40 39 43 73 1 89 54 37 38 16 67 36 88 65 15 59 59 35 1 87 27 30 77 44 80
34 45 21 4 30 94 17 97 69 56 47 68 46 9 66 34 39 3 66 0 54 73 43 5 30 81 64 35 59 17 14 7 88 24 26 48 29 47 30 32 77 65 23 99 53 67 54 62 60 43 75 61 99 71 30 72 36 95 92 58 67 28 44 19 79 97 81 93 74 34 91 12 85 58 71 34 72 62 14 1 44 7 81 21 52 60 5 85 7 7 30 80 74 23 88 74 6 85 23 22 17 89 33 39 74 61 36 27 44 89 63 42 28 99 91 84 11 72 59 25 79 0 8 44 48 53 45 91 15 4 77 25 21 27 100 93 56 2 89 42 83 13 49 44 46 15 3 10 86 16 87 16 39 15 85 1 87 50 42 70 88 27 75 69 49 29 50 12 19 100 54 16 11 63 46 8 19 3 76 68 87 7 56 10 88 100 93 99 44 64 69 23 72 89 41 34 46 12 91 48
45 61 58 15 95 48 79 23 53 78 15 46 64 76 6 48 39 68 81 12 28 54 37 87 64 50 82 4 65 91 74 9 43 56 91 94 87 61 32 83 43 83 0 45 71 70 28 31 68 70 13 50 34 7 98 29 11 53 70 14 75 40 26 32 69 71 37 94 41 60 11 46 83 93 78 21 85 53 20 9 79 31 77 90 33 57 75 28 87 52 10 2 93 68 76 16 86 16 2 73 49 45 100 51 29 85 75 34 86 89 83 60 86 68 77 71 0 20 64 61 57 51 67 73 48 80 73 24 33 92 67 58 2 45 9 79 31 5 97 50 68 60 92 36 27 86 61 28 87 22 1 66 3 31 5 80 16 13 85 6 49 36 17 25 13 39 72 60 86 84 32 41 90 65 69 7 21 18 58 41 92 88 77 17 14 6 48 49 77 47 79 64 47 76 36 34 51 91 63 76
74 34 94 87 35 12 20 89 57 15 62 17 58 48 78 27 5 86 72 88 32 54 83 49 98 85 62 54 56 43 94 12 76 32 77 53 6 19 2 63 54 66 18 39 6 41 73 87 36 86 70 2 47 52 91 57 87 94 0 80 50 80 83 52 91 80 9 59 37 5 25 29 81 5 82 69 57 9 63 49 30 68 48 98 3 40 21 52 43 38 71 80 6 13 25 80 44 52 94 61 38 82 62 61 92 86 52 65 87 81 29 22 53 62 71 43 64 7 52 3 98 71 42 58 35 13 82 8 32 15 15 53 74 75 4 28 25 48 93 65 89 52 58 95 37 55 99 11 27 33 21 10 50 36 61 56 80 66 44 55 19 84 70 2 74 29 39 38 14 94 99 37 22 76 50 90 29 94 21 50 99 26 98 41 40 100 51 29 52 38 71 26 33 31 58 78 54 61 74 50
84 18 26 5 13 95 46 97 10 21 24 4 92 38 63 34 31 67 47 64 45 87 12 25 37 37 8 30 94 37 90 36 67 20 99 8 83 99 24 34 93 95 32 50 65 44 61 3 100 66 52 90 8 100 46 54 42 82 25 16 97 13 74 92 30 31 89 90 2 84 81 96 16 79 44 79 64 17 24 49 74 68 47 37 52 18 66 95 74 1 29 9 58 35 28 84 31 8 84 14 5 77 26 51 3 16 70 98 85 79 96 67 42 48 1 19 99 14 29 20 95 76 27 73 79 42 34 57 19 39 68 38 54 63 46 73 34 41 66 47 13 36 71 49 86 23 94 48 51 15 49 30 88 35 93 83 77 14 63 92 90 12 63 69 90 14 10 60 20 51 51 56 54 63 33 29 29 54 84 66 51 60 10 90 19 78 59 4 16 80 100 68 68 88 75 53 74 8 64 55
59 38 35 8 32 67 0 55 95 37 88 34 20 19 40 32 26 0 53 54 89 21 95 49 14 11 57 53 65 42 0 56 4 39 14 18 92 18 31 79 16 59 95 56 70 98 21 18 45 35 46 24 92 18 82 60 55 85 96 3 87 78 59 42 8 57 17 98 15 20 99 75 69 29 10 20 88 44 45 1 95 42 54 42 77 46 41 90 66 20 42 48 16 90 24 49 30 50 76 31 91 50 15 26 89 3 47 13 6 26 97 35 40 10 39 80 69 21 63 76 31 63 69 30 20 1 59 67 62 33 20 70 20 67 87 76 15 83 24 40 21 61 100 35 13 93 29 76 0 50 11 81 6 63 81 44 54 62 52 76 54 25 62 44 77 16 98 83 32 35 23 32 12 61 22 16 23 49 31 69 88 39 98 72 95 93 15 18 74 47 58 79 50 66 25 93 86 67 82 3
68 72 43 54 54 25 55 15 73 46 58 12 91 87 2 47 30 41 51 67 12 89 27 83 64 69 73 6 7 77 21 68 91 59 96 51 1 11 66 34 5 17 12 63 49 35 25 53 99 98 81 30 65 25 100 98 80 72 0 1 52 60 96 23 78 14 31 25 98 36 16 92 4 97 64 1 79 91 32 50 87 100 0 3 62 62 53 49 68 22 39 26 23 65 90 11 8 36 19 70 55 77 0 53 52 25 86 52 97 49 55 29 91 19 87 22 77 88 6 87 8 14 75 39 49 24 21 46 73 22 85 46 47 60 35 47 0 87 45 82 84 96 98 79 68 48 57 24 55 20 39 25 59 21 94 87 85 38 19 69 98 21 83 95 55 52 23 54 92 22 34 8 96 18 40 16 0 42 14 25 0 54 57 94 47 63 61 22 54 45 98 65 53 71 33 73 30 99 28 88
91 13 53 75 53 5 30 5 79 38 1 74 56 50 8 15 64 28 36 15 16 82 61 39 5 66 83 61 97 24 57 51 2 82 98 85 86 55 86 40 59 53 43 76 55 27 65 90 77 19 51 32 53 11 21 32 42 6 9 49 95 9 34 36 94 44 1 57 27 55 91 48 64 46 40 98 30 21 13 53 95 24 79 61 77 87 15 47 58 8 53 30 76 18 22 84 2 34 87 62 48 84 72 70 8 29 60 1 4 0 20 38 58 5 50 48 75 71 73 24 31 42 99 94 42 87 43 32 55 96 48 49 1 26 56 26 32 51 33 54 93 74 93 89 11 2 82 47 69 0 60 87 55 20 89 14 16 36 54 21 85 43 57 76 96 0 16 50 35 40 59 7 57 86 53 43 31 46 34 49 65 67 26 74 97 94 99 2 77 94 88 71 12 40 1 51 58 58 11 46
36 1 61 58 11 85 53 0 63 57 42 74 15 63 2 61 71 1 70 27 1 20 51 8 72 80 44 98 38 7 11 10 53 66 11 65 3 96 6 55 57 72 69 89 8 61 88 71 59 10 46 39 87 27 20 32 37 25 24 86 24 18 45 64 78 26 79 37 71 88 37 99 6 35 25 13 24 41 51 37 47 46 60 9 24 3 26 76 46 25 23 91 96 52 58 81 19 23 32 45 20 32 53 68 6 83 73 50 93 86 43 98 74 1 47 60 35 34 99 51 75 65 77 81 43 62 36 62 78 55 94 11 42 2 61 77 70 95 13 61 66 41 36 28 91 69 63 38 21 66 16 3 27 39 13 70 83 3 46 76 100 56 26 1 10 9 43 60 55 22 73 6 84 44 58 77 19 14 61 16 22 37 57 39 100 29 53 59 10 6 55 9 82 88 42 99 24 15 79 9
48 64 38 22 41 75 50 89 67 67 49 35 7 88 8 0 94 41 30 6 99 55 7 66 76 81 20 36 9 63 46 5 17 21 76 41 11 1 72 57 49 65 34 81 32 75 57 16 15 28 73 53 8 32 43 87 56 25 7 20 79 54 14 16 37 33 90 97 24 0 65 82 56 12 60 5 55 43 100 49 95 55 94 19 40 23 43 36 61 49 81 65 37 38 72 35 95 18 97 49 25 63 8 67 92 85 8 17 64 25 55 42 27 9 36 7 6 51 54 70 39 69 24 56 6 89 76 40 40 92 72 11 30 67 21 63 7 86 10 69 38 3 21 69 63 98 91 21 53 10 30 5 70 6 7 71 61 22 73 76 40 24 70 68 64 76 69 95 8 37 16 35 55 86 34 49 83 93 93 40 60 58 47 19 79 63 87 3 85 74 25 5 80 85 78 5 19 6 72 16
41 11 48 85 64 6 32 74 1 95 64 87 44 73 68 74 72 30 91 39 95 30 87 94 52 90 82 55 2 20 11 20 75 38 92 17 96 91 21 89 5 51 85 30 79 99 15 24 88 55 2 61 88 40 16 3 86 13 42 90 22 11 74 5 61 13 35 41 47 54 32 22 42 16 10 92 26 48 56 87 6 27 14 48 6 99 93 27 94 85 34 2 97 82 89 53 61 76 37 75 44 40 82 66 89 93 100 96 51 26 99 84 2 77 68 42 56 96 21 0 61 100 4 88 70 45 26 63 13 14 7 85 52 18 75 77 12 73 15 64 73 86 76 61 93 55 10 48 50 13 33 36 54 38 17 48 18 90 45 18 52 81 2 15 77 100 26 70 31 29 99 75 65 6 55 84 23 29 6 38 11 92 46 40 1 67 78 58 38 92 28 2 72 48 56 43 61 28 51 84
44 42 5 17 37 75 96 92 71 80 67 48 78 30 5 94 61 27 96 49 38 95 0 93 92 2 60 83 80 44 23 74 22 40 4 20 94 25 69 76 34 26 76 63 58 11 38 62 18 48 55 31 56 57 73 44 36 31 35 86 47 88 11 72 85 86 100 94 14 38 53 8 78 56 75 14 77 24 85 72 1 55 0 59 1 40 20 18 99 87 12 92 70 26 29 61 76 88 90 62 28 24 37 84 33 100 72 94 10 92 77 58 26 83 0 5 74 61 46 89 39 40 91 8 83 2 13 32 65 34 99 5 59 27 56 53 39 95 88 37 56 99 95 30 50 16 46 7 13 95 90 2 50 79 31 19 29 84 75 1 54 19 35 72 36 89 48 48 47 82 44 32 24 37 44 31 90 25 42 99 51 80 49 79 68 29 40 95 45 69 78 52 65 54 76 1 42 60 3 42
70 23 70 42 62 50 67 42 24 48 83 33 26 65 99 9 95 19 24 4 50 51 45 82 41 38 86 94 70 56 44 30 98 16 62 87 45 88 37 51 93 68 86 51 47 50 29 16 45 49 93 53 46 7 88 61 54 25 5 19 32 35 82 44 95 100 41 88 19 9 71 76 26 6 89 2 73 49 10 44 69 13 18 9 99 21 98 43 73 15 69 65 86 73 80 37 0 51 91 36 38 90 52 59 55 29 36 56 33 19 29 87 79 57 5 32 11 12 97 32 49 95 56 51 20 60 35 44 39 39 1 41 14 14 51 35 40 50 39 23 78 27 31 39 80 63 1 87 51 86 8 39 67 26 86 79 57 95 52 9 47 22 10 34 69 56 58 53 62 94 42 37 94 81 36 95 47 69 91 74 19 58 18 86 5 86 30 12 97 90 40 3 99 21 38 53 26 5 52 77
5 74 53 0 21 95 0 36 5 55 89 58 83 100 78 50 36 93 1 1 60 73 1 70 69 74 46 35 91 88 45 64 80 19 4 60 40 76 75 90 35 19 16 6 27 73 46 85 93 71 69 8 90 34 84 64 36 58 94 16 42 12 99 7 28 30 95 2 13 49 44 66 13 33 7 14 99 10 53 47 31 81 97 59 20 94 96 9 92 44 6 85 54 58 59 96 44 78 10 39 0 77 75 49 12 48 42 48 80 23 71 93 4 3 61 89 56 54 80 71 85 41 28 7 92 82 82 42 70 53 20 30 73 12 4 87 68 57 75 1 90 10 56 70 23 60 82 91 0 74 11 20 100 24 68 36 39 48 65 27 11 61 6 13 89 46 73 98 37 36 46 14 29 49 10 56 19 35 29 1 44 13 3 36 9 32 40 93 57 65 54 93 19 62 39 20 84 55 15 10
54 53 70 44 64 69 64 93 17 48 17 88 93 33 25 69 37 77 56 75 55 98 70 32 96 29 53 52 63 83 43 56 67 10 29 56 12 36 4 12 87 37 8 54 40 20 71 25 73 60 81 12 87 42 37 60 7 41 29 76 35 63 67 23 71 16 77 32 36 62 5 39 62 73 76 34 61 67 54 1 61 72 11 40 80 62 3 94 62 23 69 75 75 66 93 90 63 100 94 67 55 73 8 43 35 53 75 29 59 15 86 58 48 38 6 53 56 36 66 62 44 93 70 7 65 28 4 50 4 56 89 76 57 49 5 26 56 84 3 38 64 58 9 92 59 48 93 23 98 43 23 36 51 31 42 73 2 30 16 31 13 23 32 82 84 47 98 60 54 23 42 83 24 46 99 92 27 94 11 2 26 76 71 80 1 4 36 74 10 22 53 59 76 56 10 44 4 22 25 84
42 92 66 30 54 17 40 32 96 40 24 31 97 89 58 6 79 58 68 83 7 33 4 51 71 89 58 42 13 10 50 98 98 95 83 51 89 19 91 82 6 86 90 16 37 65 8 93 52 85 47 9 41 95 75 1 64 87 86 85 3 63 9 91 93 53 22 29 73 13 73 13 32 26 54 3 87 72 41 98 84 35 5 84 33 41 10 38 92 81 88 56 30 30 53 45 3 42 77 67 64 81 78 39 57 63 69 69 70 74 68 45 8 69 7 2 88 79 84 60 92 40 0 17 61 71 74 80 65 33 69 77 43 77 92 70 94 49 63 36 37 28 70 100 35 75 19 12 30 71 93 92 7 74 77 61 65 41 21 55 68 86 96 3 3 5 67 54 15 38 55 89 1 100 24 89 95 22 2 60 19 50 68 67 69 56 5 21 19 14 64 14 65 69 12 62 42 24 4 19
72 23 50 38 16 51 33 81 21 45 73 76 6 83 94 25 64 44 1 29 23 78 47 55 54 94 76 65 33 94 48 35 78 76 23 74 87 98 59 94 23 25 88 28 69 33 54 74 43 56 72 39 18 28 48 31 76 31 42 74 89 22 13 1 95 5 8 97 62 73 66 7 33 89 74 94 95 84 90 75 72 99 85 8 29 91 5 11 73 84 65 2 10 92 20 60 23 60 86 20 85 36 21 53 77 42 52 90 75 52 44 24 87 34 12 41 94 8 12 94 63 59 1 72 53 28 7 34 32 84 52 71 75 62 31 31 79 75 12 29 76 27 3 61 79 67 10 17 23 29 73 78 97 27 49 79 40 30 52 33 37 14 25 13 62 5 93 49 52 78 30 77 81 15 7 44 58 74 57 81 84 9 14 59 74 38 86 29 95 8 35 60 11 69 44 75 22 60 79 19
25 88 22 85 47 53 38 84 60 27 97 11 98 47 81 91 29 2 0 75 99 71 54 16 50 41 79 74 59 70 14 94 83 6 20 2 17 13 40 19 51 59 86 70 11 15 37 0 94 98 23 78 93 42 47 63 65 14 78 45 6 75 21 48 67 0 39 79 40 6 29 13 46 92 10 82 37 88 100 45 58 42 52 6 22 70 22 29 94 50 39 18 13 72 20 42 98 20 97 36 66 35 8 91 78 39 98 20 61 88 28 98 67 3 85 45 82 10 79 65 69 25 75 70 4 32 56 94 100 12 60 74 29 66 22 56 34 55 34 12 16 39 36 67 42 96 14 24 95 89 22 57 0 63 82 64 65 78 76 93 49 33 21 85 61 38 66 93 22 84 67 14 11 13 17 93 25 50 39 95 70 66 20 84 99 32 52 25 45 54 31 47 87 86 65 37 47 64 50 100
15 70 58 45 61 32 55 76 25 99 68 10 50 17 57 63 88 41 32 70 70 19 38 4 24 63 56 8 60 46 50 78 59 2 32 81 36 52 87 41 26 63 78 96 18 69 16 52 9 69 59 99 96 76 26 70 54 74 14 66 97 9 47 59 93 52 3 66 97 0 65 84 61 39 10 31 10 100 18 26 77 30 48 27 34 72 44 96 13 72 19 10 96 26 24 11 62 52 57 92 93 79 67 12 35 26 20 51 87 7 53 58 80 10 70 73 23 38 84 14 41 88 62 49 31 65 61 41 35 5 39 13 30 47 70 33 1 100 66 10 54 81 96 44 74 60 2 76 23 78 6 21 68 28 60 49 80 57 28 39 76 52 54 68 70 11 31 26 51 90 82 34 51 90 46 36 93 33 59 51 10 21 21 67 10 98 11 67 100 92 96 90 64 72 85 61 1 25 30 56
87 82 38 70 1 34 13 39 50 37 29 90 23 64 23 98 58 67 57 12 36 71 56 56 33 73 24 89 69 62 3 18 59 47 28 91 5 69 41 31 13 37 39 7 40 84 95 12 46 70 41 93 80 8 29 74 59 71 67 64 65 35 70 73 4 100 10 88 50 95 60 65 97 92 69 91 71 75 49 50 82 6 12 30 51 18 88 40 93 33 55 26 75 92 2 73 8 71 61 89 27 64 80 51 12 44 88 26 73 23 28 39 12 81 98 68 35 22 41 19 26 12 95 97 18 67 10 14 90 72 67 51 7 87 86 96 74 39 94 6 65 40 63 11 51 48 0 82 36 5 30 61 2 66 0 46 13 85 61 62 87 30 68 1 10 6 69 79 26 89 81 53 40 94 11 36 39 15 18 96 92 99 70 12 8 92 0 31 89 81 28 35 8 24 10 25 16 20 17 100
55 79 37 78 69 7 100 77 12 36 34 51 19 14 81 66 68 69 75 43 72 75 30 58 87 67 16 36 26 55 93 31 37 12 80 82 72 21 69 25 80 26 38 77 49 46 39 31 40 34 15 42 89 88 66 90 72 4 27 80 59 50 95 40 61 70 97 8 73 35 11 17 42 4 52 10 36 16 52 85 85 57 45 92 99 18 46 79 18 80 7 1 74 80 46 80 98 21 97 18 44 11 15 74 60 26 65 54 35 45 79 26 19 72 17 18 30 84 12 77 37 61 7 61 23 4 70 88 56 65 10 45 44 4 3 66 32 24 47 69 92 74 78 39 23 14 25 5 84 0 99 74 0 57 67 55 1 69 45 58 87 21 31 64 7 36 53 40 96 67 50 48 64 86 96 70 52 99 63 16 48 99 78 6 9 94 89 44 60 79 47 87 53 2 96 64 85 27 26 74
47 74 34 10 72 35 40 94 27 63 29 94 1 24 38 65 59 90 18 88 73 54 22 63 44 99 46 1 82 52 31 75 65 40 5 23 77 24 90 68 32 16 72 55 98 81 15 61 28 44 64 68 75 27 50 59 43 97 79 86 93 15 0 72 53 26 49 57 50 13 66 82 40 89 48 3 80 14 60 80 56 18 22 7 77 69 43 26 99 85 82 33 88 73 0 86 12 24 73 67 22 34 0 88 8 75 89 3 34 54 35 8 70 1 81 69 90 19 86 8 66 46 4 90 29 51 6 12 20 12 23 83 57 90 45 0 49 55 18 27 16 28 98 64 68 45 22 24 31 27 15 24 81 28 76 88 91 54 83 44 31 55 68 87 11 19 76 97 57 16 5 61 35 58 43 15 95 50 21 68 85 84 30 13 92 16 6 84 64 15 30 80 59 9 21 22 26 32 87 59
55 91 59 33 0 52 20 73 13 34 12 99 36 92 50 65 33 88 78 58 48 18 72 81 76 44 49 78 47 24 52 93 19 48 10 71 26 80 48 82 46 40 40 68 87 17 9 3 93 11 19 35 23 29 61 71 54 74 87 66 19 64 29 37 56 88 79 59 97 69 3 96 33 89 21 18 27 88 67 16 5 59 10 8 75 8 46 99 94 55 3 70 12 19 25 20 23 10 51 25 77 74 81 2 72 12 31 35 6 7 83 97 5 20 2 100 92 7 2 37 30 33 45 66 27 50 62 50 18 79 23 56 31 53 10 10 96 33 50 32 60 50 5 68 20 4 96 95 4 98 50 12 61 39 2 30 100 8 53 77 90 96 46 23 22 57 9 92 24 36 59 4 68 45 68 97 6 68 39 6 50 72 90 15 51 63 39 3 38 77 59 95 99 76 72 99 35 5 46 67
43 11 21 66 97 5 3 3 94 70 41 70 59 94 74 98 90 58 78 16 69 52 61 69 48 53 38 90 16 46 49 50 54 47 67 44 47 62 53 26 20 7 36 44 45 11 42 23 16 14 39 46 53 27 25 96 73 88 62 92 42 56 99 48 64 63 48 18 48 28 69 20 2 38 73 69 56 53 1 100 35 18 44 96 2 68 32 62 23 83 81 94 5 54 15 48 4 35 4 22 34 19 34 79 43 70 38 85 29 12 33 43 62 65 9 5 51 98 39 68 83 15 76 13 92 46 98 75 49 13 20 43 68 19 54 28 1 38 76 10 3 40 23 47 59 81 88 50 60 97 86 14 60 21 100 21 85 18 11 60 6 29 100 92 75 52 85 50 10 48 87 13 100 3 100 31 1 75 99 56 27 10 78 34 54 57 51 54 68 37 57 13 28 57 90 12 11 66 28 58
40 57 38 1 73 9 96 71 34 98 35 34 25 2 22 70 38 52 44 83 43 35 9 38 40 23 57 57 12 34 4 57 15 46 80 88 68 16 4 48 64 11 9 10 64 59 32 88 98 50 90 46 9 17 90 73 99 32 31 85 69 10 60 89 58 59 72 62 0 62 42 64 41 25 1 20 26 8 34 40 70 87 14 39 35 78 25 14 41 13 46 38 56 78 87 31 80 68 71 52 81 40 35 6 28 15 80 36 1 97 64 15 51 47 32 75 94 22 77 33 32 95 50 10 43 22 31 89 27 69 11 73 47 92 42 20 10 72 89 94 24 77 49 71 5 98 28 48 67 24 51 17 33 0 75 54 83 11 25 40 85 66 37 64 32 8 92 13 100 56 53 86 41 27 29 47 33 87 33 69 56 77 8 56 2 77 11 60 29 25 38 33 68 32 49 89 19 66 43 45
24 1 100 23 14 83 29 43 73 52 25 68 13 54 80 10 96 72 100 26 100 41 10 60 48 87 13 91 88 19 98 62 80 10 50 77 61 66 91 20 62 70 17 55 84 10 43 59 52 73 86 42 42 72 91 15 20 69 7 23 54 10 53 63 96 56 96 50 43 48 6 59 73 17 86 35 66 85 14 41 82 28 7 46 77 35 3 14 86 91 39 23 31 64 62 69 67 5 26 79 18 58 83 92 14 33 71 6 46 72 27 49 7 31 28 73 71 54 46 19 14 92 5 55 66 25 41 19 3 91 19 99 82 39 58 34 83 45 45 94 75 41 3 66 24 43 57 14 72 90 100 42 71 1 88 9 34 33 20 81 37 76 10 32 25 89 83 47 33 53 47 59 57 98 65 65 54 19 26 0 15 46 50 20 17 83 64 21 90 84 100 50 6 8 54 54 48 83 42 30
91 93 94 80 31 83 90 28 5 2 13 18 94 76 14 30 64 99 78 12 6 52 76 81 85 88 11 47 48 23 78 85 48 15 35 99 77 64 56 8 3 23 62 1 57 63 57 64 7 57 18 37 89 8 76 20 92 30 78 84 98 43 83 3 61 80 2 73 19 7 41 54 84 8 44 53 56 72 55 3 1 37 91 55 96 56 81 61 11 23 11 58 21 88 99 27 34 44 10 56 73 66 33 47 33 16 45 11 16 35 31 26 74 43 91 83 37 83 48 35 89 98 15 52 100 9 65 3 2 82 52 1 21 20 22 22 70 19 82 46 21 28 94 18 10 44 100 91 5 19 79 32 95 84 39 18 42 87 44 19 22 26 9 81 52 20 4 70 4 66 53 59 16 28 47 5 90 73 3 19 77 67 2 69 87 82 26 75 100 83 41 27 12 25 52 70 23 11 19 30
14 26 29 49 83 67 97 57 76 39 82 93 66 76 27 68 48 31 48 67 7 23 5 39 49 41 38 91 79 34 98 97 1 58 67 28 36 91 69 29 27 96 30 89 61 6 94 48 97 2 37 21 84 23 52 34 16 57 46 87 96 87 7 67 29 45 48 94 8 23 46 27 31 52 46 1 76 37 35 16 58 17 9 68 14 40 80 14 19 24 18 27 79 100 43 12 19 31 7 85 53 1 20 45 61 91 66 66 6 69 97 70 89 61 87 41 67 44 88 37 9 79 98 42 95 49 53 68 44 55 40 13 88 28 79 87 89 70 21 69 16 57 10 91 37 73 92 92 33 40 17 82 46 15 91 96 41 12 32 44 11 87 42 62 50 61 42 95 45 73 79 88 23 99 25 93 64 92 74 33 58 28 72 69 15 84 59 56 43 15 12 83 59 43 74 3 56 53 72 1
54 62 27 25 14 98 88 41 87 6 26 55 76 34 20 39 12 44 13 39 95 59 96 27 84 7 80 33 9 84 60 14 40 94 8 10 6 26 16 81 49 16 71 39 11 82 77 85 14 15 29 22 15 48 100 38 10 94 76 36 86 27 87 69 71 84 93 89 92 8 72 48 76 32 86 6 94 83 3 39 37 85 100 86 7 73 7 55 68 29 91 20 95 87 65 81 1 74 9 63 9 80 59 27 46 35 49 80 49 38 77 54 50 88 18 41 61 53 7 74 36 53 1 48 61 75 44 60 55 66 92 93 96 5 40 93 3 78 54 49 75 100 45 69 55 47 53 62 13 10 55 71 28 48 71 58 68 95 54 19 88 82 68 74 43 15 49 88 95 60 75 28 46 25 29 67 49 20 21 57 11 9 37 38 8 83 62 67 97 80 44 31 59 94 68 7 73 84 64 91
0 22 47 95 8 84 85 94 48 25 5 46 63 19 34 92 12 24 45 26 36 20 90 81 49 21 18 31 3 73 28 20 41 45 14 6 59 91 54 87 22 23 89 45 58 0 18 72 63 75 66 4 81 73 58 47 12 66 2 90 55 27 38 23 100 36 49 95 2 26 59 26 57 96 13 41 7 98 55 91 89 72 64 93 38 82 60 10 19 79 50 70 25 7 55 71 73 41 38 86 86 75 49 100 42 88 99 61 72 69 77 85 38 48 42 84 55 65 27 40 30 64 19 56 33 86 13 85 52 34 45 49 92 62 25 83 8 89 53 90 65 58 92 90 15 10 25 94 54 29 79 2 81 1 51 71 93 96 87 70 2 48 81 13 56 22 75 97 31 67 52 81 25 73 52 63 42 34 20 58 63 54 52 4 94 30 16 67 97 51 21 51 31 4 0 94 69 97 75 6
48 8 42 47 57 39 4 1 78 18 83 58 3 96 58 69 8 18 78 83 38 17 55 69 84 90 90 57 52 68 51 44 96 11 24 74 87 17 52 35 10 20 14 37 35 78 18 9 26 68 22 58 24 30 74 32 28 51 64 68 95 90 78 60 36 70 17 81 8 67 75 27 59 95 99 62 74 31 38 88 77 83 51 25 22 4 50 15 30 32 98 5 29 93 16 91 7 67 19 83 18 55 42 73 70 15 71 95 14 11 28 27 86 8 0 10 76 76 81 91 55 23 79 8 100 72 45 74 20 65 99 96 0 82 98 21 20 38 7 35 96 28 23 14 10 25 14 45 25 56 12 74 22 42 81 49 11 77 51 47 22 84 35 66 34 65 51 97 37 47 81 8 63 90 100 60 16 80 23 26 1 89 71 7 69 59 65 20 54 27 6 54 32 41 76 2 3 24 6 94
78 74 44 98 49 5 15 21 12 78 38 17 61 72 17 22 81 82 72 15 35 10 36 81 68 65 66 83 63 2 54 62 44 36 29 10 14 78 98 94 28 29 0 17 73 26 1 36 13 64 83 72 67 29 15 83 78 18 99 83 7 57 43 91 14 37 25 49 75 85 9 90 60 80 44 67 48 35 85 55 70 65 73 72 25 59 91 4 14 15 83 26 22 16 92 14 30 57 59 30 80 37 15 1 37 84 42 97 66 7 68 8 52 55 95 62 32 93 25 26 64 51 79 30 49 65 32 58 19 69 17 82 81 100 25 39 75 35 36 2 51 38 61 15 13 10 82 39 42 63 97 42 60 85 29 21 79 77 69 98 33 10 14 1 40 69 43 30 92 42 8 32 42 9 51 46 62 96 2 60 67 77 32 82 91 92 14 66 48 32 11 53 29 93 72 45 42 12 12 47
46 56 90 12 94 53 81 92 90 41 61 31 60 92 26 77 21 43 5 29 10 66 14 100 62 28 72 56 12 5 33 20 59 56 26 89 35 10 96 97 5 57 54 78 62 75 53 26 49 10 46 96 47 26 22 50 14 12 13 48 62 65 86 44 84 37 44 63 62 57 3 68 58 73 70 15 13 2 10 26 24 15 43 31 8 2 76 10 22 14 75 1 89 40 70 55 100 97 58 31 96 38 66 39 11 67 11 47 72 26 51 65 98 64 87 72 74 13 52 81 46 54 98 37 30 83 91 44 55 2 53 4 89 51 17 59 30 13 5 55 33 88 88 30 84 11 40 40 86 20 28 65 46 62 8 16 43 47 92 35 53 66 90 52 86 28 78 95 52 54 63 38 55 22 59 84 26 8 64 16 47 52 15 11 61 70 74 74 97 100 65 92 76 99 81 49 27 61 25 77
79 32 9 52 39 75 68 21 37 3 61 78 1 75 73 55 79 70 36 55 8 70 23 60 2 53 41 93 89 2 13 53 30 89 70 4 47 8 55 96 98 70 92 94 16 36 20 33 21 78 89 74 62 77 7 74 5 9 90 26 4 71 13 92 97 34 21 74 28 38 47 62 43 30 7 49 35 18 35 25 40 14 38 15 14 21 60 8 40 38 26 24 95 84 100 90 36 55 82 9 86 91 40 7 76 65 13 76 71 46 11 60 93 79 40 26 91 70 94 56 83 91 29 39 34 55 63 4 62 41 12 6 78 43 39 37 81 9 66 4 7 45 63 98 39 36 55 49 54 69 58 8 75 21 39 70 59 85 9 19 13 94 38 31 27 51 73 69 55 3 51 99 6 75 95 47 69 95 10 35 7 37 15 92 59 27 27 45 81 68 70 82 78 77 88 91 97 41 75 72
67 95 85 20 33 80 79 46 5 39 7 3 1 14 57 97 38 40 50 13 95 84 59 93 68 49 31 6 65 46 82 76 96 55 17 35 44 83 68 86 63 70 7 79 39 44 74 4 46 24 87 28 13 11 24 13 41 60 55 7 71 45 94 10 80 73 84 84 71 81 7 61 11 21 19 29 58 43 9 60 99 64 87 96 0 60 91 13 61 58 34 10 18 86 55 81 24 43 87 11 99 73 57 87 46 66 31 42 100 97 43 1 75 45 32 8 76 87 95 95 33 67 37 10 99 65 85 90 84 28 69 30 85 2 97 17 42 85 46 0 71 17 17 4 52 25 58 15 59 2 13 77 25 30 39 87 13 21 2 77 79 34 10 43 97 40 62 73 51 33 37 6 80 72 7 61 62 8 40 34 48 100 97 10 40 13 52 58 68 33 37 92 8 19 48 43 38 81 14 82
12 86 99 98 11 10 94 93 86 9 9 47 31 52 55 23 78 90 58 43 60 67 5 89 39 31 8 7 64 86 42 90 38 45 15 35 85 89 56 41 43 47 94 7 88 25 59 33 84 56 79 95 23 86 51 80 56 51 7 81 36 81 46 66 88 67 35 12 69 91 19 72 5 75 2 63 9 53 30 57 31 81 72 72 89 41 83 54 8 90 41 87 15 90 42 78 22 35 35 31 64 81 13 30 89 20 54 95 33 50 19 32 18 5 35 34 37 75 7 98 30 5 7 59 22 7 15 17 16 8 78 2 21 41 50 10 92 20 50 15 20 58 100 7 71 81 10 16 60 5 10 60 82 86 80 56 67 2 44 73 89 42 37 10 56 37 20 74 48 29 8 67 100 37 54 64 74 23 59 12 46 47 44 48 32 70 15 30 46 61 100 43 42 92 68 5 20 27 42 59
73 88 10 8 37 55 33 100 45 53 63 99 11 82 22 34 35 91 70 0 23 11 90 43 95 89 75 32 89 86 81 46 57 9 52 8 52 97 5 97 23 18 68 58 97 55 38 31 31 26 88 67 67 62 6 95 40 17 13 34 53 83 83 41 45 21 28 18 80 88 5 40 47 30 73 44 50 63 69 71 6 41 100 51 78 88 62 68 8 34 88 84 8 20 62 91 29 95 87 81 79 40 67 88 28 99 61 24 16 20 72 39 17 65 33 20 47 96 47 72 37 11 63 44 44 28 48 83 9 63 80 73 0 36 93 55 51 3 91 73 36 27 50 27 37 23 39 82 48 31 53 28 41 61 97 79 17 37 63 95 87 34 32 47 7 31 8 44 92 93 12 76 37 80 2 56 63 91 62 63 36 26 28 39 98 16 72 53 94 81 42 23 89 12 73 6 12 73 38 55
19 5 64 12 4 11 14 94 42 70 30 66 32 17 11 46 43 100 7 67 49 71 93 48 44 52 18 39 72 38 91 80 74 72 78 93 77 3 48 25 2 14 31 45 75 15 97 43 91 6 5 56 54 45 5 86 89 16 46 30 12 89 35 95 77 98 73 69 94 89 22 90 15 93 66 37 20 25 21 49 31 33 35 4 80 42 79 14 74 81 100 54 13 42 90 49 75 81 26 17 25 23 38 43 25 19 49 53 14 30 66 68 100 97 72 54 8 41 18 39 1 86 20 98 61 14 98 25 18 53 47 92 8 31 61 88 86 24 4 68 48 90 11 10 49 13 26 20 67 64 58 37 83 86 35 22 37 32 61 26 99 85 70 79 88 85 48 5 24 19 91 24 12 54 100 54 75 60 33 33 8 34 18 15 17 5 79 80 27 64 79 76 8 27 10 1 49 76 95 57
34 91 54 20 64 14 91 82 33 95 55 10 52 67 57 26 1 85 47 87 73 44 46 57 21 8 9 93 31 30 10 58 48 30 68 56 89 10 76 64 44 31 17 56 8 20 49 69 16 73 67 91 75 95 99 71 84 41 59 74 12 29 96 76 81 9 15 91 38 43 78 79 51 69 64 25 100 94 75 0 43 25 2 37 62 78 17 58 2 1 29 51 14 40 61 22 95 76 68 85 19 31 93 67 82 41 61 79 88 57 58 29 76 69 94 21 49 51 30 38 86 78 76 90 22 42 34 14 15 82 79 11 15 44 36 97 29 76 56 19 91 45 95 80 5 53 62 33 46 86 73 31 66 30 100 32 62 83 58 95 23 45 24 74 58 58 0 90 91 17 28 9 34 45 11 92 42 79 98 52 59 75 31 49 81 47 83 87 37 73 52 13 32 88 43 8 46 16 2 93
70 30 29 64 61 43 6 52 22 21 19 93 62 35 39 83 12 82 59 72 16 43 44 31 42 39 14 12 44 2 64 70 62 16 32 56 47 69 63 21 50 21 7 83 67 2 80 68 14 15 8 27 12 19 94 97 62 10 55 94 60 39 6 0 73 79 52 56 50 32 58 69 60 46 5 7 0 73 92 31 98 41 17 28 63 9 88 13 40 88 93 49 49 64 32 4 58 90 75 75 1 86 60 1 6 14 34 32 29 78 79 0 85 69 65 55 33 68 92 31 98 43 9 65 72 78 37 44 57 64 32 45 23 36 40 57 52 10 36 82 49 92 68 94 83 22 11 11 41 48 96 82 21 83 44 24 54 27 88 84 29 15 69 97 81 27 16 66 92 11 24 65 2 75 31 7 20 70 72 51 88 69 73 59 96 11 9 45 31 71 3 0 37 100 8 32 42 37 72 6
8 13 35 30 46 54 59 28 39 99 13 21 66 84 95 1 36 85 42 34 31 83 51 45 60 61 83 56 31 34 50 90 22 22 78 76 17 61 65 82 71 67 46 4 66 96 97 8 13 44 31 63 38 86 66 53 74 67 25 45 79 17 90 18 78 7 86 98 26 37 81 27 45 26 47 89 18 24 41 99 84 27 39 97 83 88 62 38 48 97 86 16 54 81 84 96 49 11 81 65 15 21 79 34 43 24 74 82 8 89 40 36 33 42 94 61 68 93 50 24 72 32 40 100 62 80 14 59 70 64 35 56 80 80 5 96 51 79 27 51 20 12 38 91 40 11 51 61 99 1 79 59 57 39 7 60 22 99 48 38 73 81 17 55 74 82 28 97 67 37 55 58 33 29 99 54 6 2 45 89 49 79 82 100 5 57 54 29 67 61 1 36 19 82 87 48 77 82 4 26
44 91 17 21 26 57 28 10 81 40 70 56 28 48 47 57 21 61 36 70 40 34 16 76 30 69 96 40 50 76 38 67 45 85 33 37 29 99 18 84 25 96 69 99 32 96 60 99 75 11 38 45 89 22 18 69 19 10 44 0 3 76 76 28 7 13 91 89 75 15 78 84 6 4 69 67 85 87 32 37 81 43 59 22 94 37 19 51 32 60 45 61 65 62 64 94 68 65 96 38 25 14 78 39 31 34 95 93 80 77 30 52 53 12 10 84 6 8 38 38 44 24 43 88 1 88 50 31 25 18 55 79 66 32 44 95 95 79 77 65 77 8 73 86 70 99 40 36 93 25 53 62 58 36 91 56 91 41 59 16 12 72 87 71 13 93 7 51 19 71 12 43 8 100 89 9 30 94 28 73 71 14 24 15 11 9 19 25 19 17 94 23 73 80 40 7 98 80 85 27
77 11 97 41 41 31 22 35 77 35 66 8 8 10 54 0 98 67 87 76 35 3 26 62 10 48 26 24 26 65 68 17 87 11 39 72 41 98 90 15 36 62 59 64 96 71 54 23 60 8 89 27 14 77 93 28 53 61 37 77 52 21 29 0 76 58 71 60 21 91 34 97 78 12 16 70 74 45 5 99 18 92 28 38 10 13 95 8 33 100 3 97 21 63 84 69 53 4 83 34 70 84 12 67 55 27 83 26 76 17 73 11 17 36 46 53 53 75 3 2 10 1 87 13 25 53 39 79 73 74 62 22 40 6 79 12 40 37 45 1 53 74 97 64 52 78 40 60 4 45 57 42 48 75 27 70 59 41 11 30 29 9 62 100 45 69 50 44 37 84 48 2 43 35 25 19 44 63 94 27 100 5 82 58 83 60 98 25 50 93 7 87 10 17 32 85 41 69 95 53
80 81 96 45 9 6 18 77 37 2 75 64 42 62 63 90 36 62 10 10 90 87 75 83 13 49 8 60 0 93 21 82 95 26 73 94 38 55 82 29 23 40 14 60 26 83 25 85 41 44 14 84 89 61 78 28 97 47 44 20 35 93 18 98 63 15 83 35 83 2 87 36 25 79 60 89 93 30 20 60 74 22 8 6 31 70 81 68 74 67 16 71 66 9 66 40 62 12 1 59 78 79 28 4 53 66 64 76 77 28 48 42 71 4 97 49 74 81 58 23 71 1 30 45 47 89 1 46 32 37 45 66 80 95 2 43 5 40 55 9 53 16 6 63 1 22 39 99 74 19 66 46 69 98 64 61 8 59 18 62 92 29 50 45 24 78 29 32 46 1 84 12 57 8 14 60 50 89 53 74 94 54 24 87 47 49 37 60 40 13 87 3 76 12 53 5 68 47 35 84
27 95 11 94 17 62 34 54 88 79 70 6 66 4 59 54 25 65 90 16 28 4 18 50 50 48 46 85 67 73 73 72 69 50 59 80 61 63 64 63 91 86 68 30 61 59 78 4 4 90 51 40 3 55 29 28 7 10 69 32 100 87 13 70 23 30 63 33 50 59 2 9 69 62 81 16 39 79 96 23 74 12 0 41 97 100 93 75 45 46 53 57 64 16 91 16 75 94 20 34 81 93 88 43 70 27 71 24 86 83 12 97 51 10 62 5 30 0 31 42 41 39 19 90 18 95 47 25 81 12 55 95 59 87 75 4 20 70 84 5 39 95 7 41 15 21 88 66 8 87 49 53 63 17 1 73 80 30 68 61 40 13 64 42 65 93 71 75 100 62 32 81 26 92 19 33 98 63 81 71 12 69 87 70 15 85 27 83 18 79 35 35 8 53 72 78 72 37 78 42
64 36 74 44 75 59 25 75 80 51 66 45 11 19 34 29 75 68 37 97 89 60 2 40 62 57 22 34 21 82 27 18 96 72 80 74 82 6 84 75 31 48 25 67 74 8 25 65 32 60 85 84 99 93 21 16 23 1 16 90 51 67 25 54 54 65 38 52 90 5 64 87 50 76 88 57 73 13 38 25 53 57 46 36 12 97 27 99 58 10 10 83 64 52 95 99 8 15 19 0 68 91 18 93 89 18 17 4 26 41 3 63 97 37 21 66 23 7 12 39 39 49 29 96 90 12 28 14 98 27 80 1 44 20 94 79 2 42 80 100 4 49 38 32 75 57 16 91 63 66 87 64 84 1 22 62 15 50 26 59 24 22 97 5 91 67 79 27 71 79 8 36 51 32 30 17 6 84 47 81 45 35 43 34 65 27 37 2 87 8 45 83 19 100 3 29 80 41 66 74
9 25 44 38 62 5 6 25 3 79 17 78 85 75 87 72 16 6 18 100 38 29 19 41 25 70 5 88 4 75 62 96 66 8 93 74 13 39 55 21 25 93 17 51 50 85 74 47 10 90 77 95 70 9 9 34 43 22 1 88 31 61 99 16 54 15 64 51 17 48 50 44 70 5 97 7 80 42 53 13 43 76 35 24 77 21 55 9 17 87 0 52 49 14 73 26 96 21 44 92 87 15 86 19 52 43 58 2 27 6 34 71 25 9 34 36 50 47 27 49 27 37 72 19 56 36 6 29 49 28 82 21 20 65 13 32 93 90 35 80 63 12 25 69 33 35 46 4 58 14 22 72 65 51 31 85 74 32 24 17 53 26 65 3 77 21 28 83 63 23 47 8 67 17 1 73 47 33 22 97 7 5 96 58 54 10 48 8 48 24 89 15 66 75 16 39 3 92 24 0
48 61 73 61 49 16 34 72 19 17 44 25 38 16 45 74 5 6 25 91 60 15 49 99 18 33 49 47 51 25 49 17 21 59 27 11 62 52 47 91 65 40 75 23 92 54 31 11 48 38 85 52 76 95 38 11 50 86 20 78 74 6 42 76 26 71 56 75 8 21 5 41 2 25 52 45 55 61 26 73 33 70 8 12 51 94 77 69 75 49 87 68 51 84 68 65 59 14 31 41 35 54 7 8 80 68 74 51 30 84 23 73 16 83 7 79 36 3 96 62 41 46 59 70 26 92 66 95 18 65 19 21 73 12 50 88 0 5 40 2 99 58 45 36 29 16 10 52 79 99 98 57 21 14 80 9 60 83 44 11 31 4 25 90 64 99 87 84 87 3 93 26 61 12 100 91 91 79 43 69 37 14 70 91 42 86 12 60 22 79 41 94 4 38 49 38 33 85 20 33
14 12 20 70 21 87 67 88 60 7 67 94 79 0 89 52 68 73 79 95 77 90 35 16 42 33 58 20 12 12 48 98 58 96 18 69 68 6 99 53 31 47 95 94 3 85 25 40 72 97 68 35 11 84 29 51 46 50 46 30 57 46 56 87 18 33 80 34 63 98 49 65 23 59 55 45 87 54 12 2 1 65 8 11 31 26 66 56 0 29 25 26 47 61 50 76 14 87 14 55 18 49 25 8 71 59 5 40 78 70 84 68 66 8 48 14 44 79 24 4 0 73 40 64 23 3 9 8 93 42 36 79 44 55 90 93 41 84 50 0 51 39 94 41 68 58 54 30 10 76 91 79 23 60 11 69 84 7 83 82 45 24 39 52 74 84 69 25 73 87 82 86 3 3 48 36 30 34 43 51 9 21 52 99 6 100 32 69 82 28 92 10 65 93 22 10 50 64 83 32
53 100 93 48 9 71 73 33 17 59 84 5 68 86 45 36 27 58 27 82 87 9 60 64 34 18 8 62 58 90 50 78 72 74 66 43 51 17 23 27 61 46 58 55 8 94 43 76 43 14 26 98 34 45 82 49 15 16 68 15 82 70 17 64 3 89 16 25 37 53 25 86 14 99 23 65 79 94 14 14 14 25 34 9 14 2 2 37 82 54 97 52 4 17 13 3 63 92 21 92 6 81 15 23 19 5 99 73 78 21 23 63 72 74 46 58 46 65 46 90 30 81 92 2 32 56 17 72 4 65 77 80 48 67 54 73 40 10 83 70 85 18 82 51 37 74 88 3 90 2 27 89 47 20 5 98 51 27 43 59 33 71 7 45 81 54 92 28 9 18 23 14 34 90 3 54 7 98 18 43 40 47 10 100 50 72 39 44 74 58 96 40 21 37 87 51 0 5 57 71
73 68 52 36 5 66 52 38 71 34 64 14 9 34 18 78 59 60 87 61 50 23 54 81 75 32 1 49 88 68 16 92 58 84 5 89 93 35 84 69 100 91 9 66 32 47 0 13 13 36 94 28 25 80 75 3 93 0 44 78 6 31 93 75 10 12 55 65 9 74 95 64 87 46 67 73 32 10 16 68 66 59 95 33 28 29 39 76 26 42 41 29 1 24 20 8 79 13 67 27 84 57 96 66 4 75 22 35 30 32 81 21 30 25 5 37 91 89 59 67 49 93 85 84 24 63 66 71 88 37 46 8 93 95 61 70 43 62 90 80 77 62 52 13 33 22 83 87 43 40 60 35 37 96 62 31 24 6 94 85 95 18 66 44 91 42 26 41 39 27 61 77 97 55 95 60 50 18 29 91 90 11 69 0 52 7 60 39 63 76 100 4 28 51 8 100 0 12 74 11
62 81 69 82 44 80 22 47 96 26 96 31 90 27 46 31 5 17 89 14 17 28 3 52 96 83 78 41 99 82 46 68 41 91 69 81 76 21 58 61 11 63 27 99 26 81 29 18 20 19 49 81 43 45 10 63 45 46 4 52 58 25 36 2 82 4 98 77 36 99 70 77 77 75 65 58 58 31 85 42 75 47 97 84 76 31 89 32 78 59 67 81 5 47 56 71 36 87 52 22 85 83 58 99 10 67 4 94 65 30 81 34 52 3 71 44 77 66 42 62 76 79 64 28 42 97 56 5 0 38 97 23 8 71 99 37 81 88 86 42 23 9 21 30 1 79 0 6 38 21 1 50 28 93 99 83 27 54 57 40 38 48 75 61 25 35 4 49 17 88 34 58 3 90 56 8 60 15 97 80 31 18 70 67 4 25 96 70 95 49 11 46 2 15 59 69 99 72 16 39
30 46 75 43 90 47 62 66 36 67 38 43 95 15 20 40 83 24 91 48 24 72 8 76 33 10 12 10 56 83 88 81 94 70 4 28 44 41 89 71 52 38 20 16 29 82 63 65 66 4 30 23 53 44 92 71 88 96 42 99 70 3 67 48 74 36 89 81 10 64 83 47 2 87 8 18 75 56 19 36 77 98 28 46 20 24 2 13 8 46 63 76 8 62 99 97 47 37 57 98 36 0 48 13 21 1 13 80 74 54 69 89 58 72 68 33 84 91 50 51 99 72 30 12 79 54 85 20 13 16 6 37 91 34 36 26 30 61 78 5 45 54 42 56 36 2 81 2 34 99 59 63 21 74 0 55 72 26 18 66 24 70 64 73 40 7 60 73 40 13 55 82 13 32 65 19 40 59 35 27 18 1 25 84 73 4 98 64 57 65 40 41 8 98 50 20 96 81 98 24
43 3 56 41 94 17 20 76 18 80 68 45 81 54 89 48 52 64 53 21 44 12 90 93 83 19 14 11 12 34 12 36 20 72 80 83 88 76 32 2 2 89 60 96 33 60 76 92 7 68 60 98 92 12 68 45 32 86 99 34 65 3 63 72 9 19 100 52 40 0 96 30 34 79 99 85 56 35 87 75 38 14 15 36 98 85 26 79 10 48 26 6 83 25 74 97 50 20 20 43 52 85 72 79 36 31 84 30 85 18 97 10 13 21 54 20 12 74 39 30 32 19 94 52 67 6 72 72 3 85 76 7 75 67 29 51 86 47 46 61 89 65 51 26 51 64 56 68 89 75 34 14 68 79 82 76 66 60 32 87 69 36 21 72 2 61 67 91 31 10 80 74 55 95 62 65 76 67 86 79 95 0 51 11 9 22 66 92 40 21 2 62 40 44 52 38 49 36 98 86
90 94 37 65 19 36 73 49 94 55 51 85 53 15 34 7 63 61 19 15 42 64 25 59 86 37 68 47 70 99 24 63 50 47 100 74 92 98 29 56 17 12 83 54 54 88 73 81 13 40 79 28 82 94 16 25 39 63 33 88 17 57 58 91 73 84 21 0 97 46 79 76 89 14 67 65 7 55 94 1 27 21 35 70 72 29 8 37 49 50 80 49 6 68 82 67 89 48 12 8 56 43 92 15 37 58 62 61 48 96 71 64 40 60 47 11 65 14 50 52 88 88 10 63 49 20 3 25 56 22 59 82 90 45 31 0 61 66 82 12 45 12 56 14 57 23 59 4 73 58 48 32 72 13 92 81 59 52 91 36 48 61 100 68 80 73 84 10 87 27 70 92 12 34 25 93 13 34 8 98 5 37 94 36 67 85 26 89 91 77 31 89 74 1 19 21 0 76 92 15
53 23 79 33 48 8 85 62 12 45 44 50 40 17 35 28 41 95 26 9 50 76 89 8 58 93 10 45 80 8 20 36 29 89 75 30 72 76 15 47 56 44 61 37 53 23 68 62 22 79 68 49 11 71 29 33 84 19 45 51 86 88 77 57 67 94 88 60 66 41 59 17 47 47 27 59 25 1 10 99 23 23 11 51 56 99 29 98 37 1 18 53 35 73 72 13 64 13 28 100 69 91 59 20 97 99 10 45 79 24 83 14 43 78 88 90 17 70 89 97 3 73 31 56 3 46 94 6 53 3 71 35 1 32 6 25 9 10 4 39 98 86 3 55 94 40 97 18 63 90 55 80 3 87 94 51 84 54 2 58 98 25 40 27 31 90 86 24 83 66 20 10 28 71 91 78 48 65 68 96 14 37 41 17 81 80 84 25 40 16 19 5 31 74 58 26 45 16 82 40
91 91 53 82 99 30 37 7 22 44 51 41 80 83 75 15 92 22 35 88 79 66 57 60 38 66 19 72 27 77 34 56 34 69 35 14 100 64 28 15 30 55 82 59 2 99 68 24 9 89 6 3 4 47 56 66 50 64 18 84 19 24 64 8 40 33 69 97 19 19 59 9 27 70 35 91 93 84 56 98 31 35 64 94 90 27 23 93 29 81 95 11 52 50 9 3 11 89 50 6 14 22 43 10 48 5 16 74 91 63 95 5 95 92 51 37 95 0 53 58 55 34 70 77 43 10 43 28 60 42 38 80 39 36 7 38 95 99 17 68 23 30 19 73 68 61 41 65 62 95 92 55 65 89 7 94 5 26 22 1 25 2 4 84 15 79 57 45 13 72 19 76 89 89 80 81 92 7 36 45 34 98 79 76 56 57 95 29 60 24 44 99 10 1 1 86 85 81 73 39
93 75 27 33 62 4 62 80 88 54 2 50 32 35 91 0 22 94 47 4 57 3 33 55 45 66 46 35 40 89 49 66 83 67 20 33 26 9 73 12 8 94 47 1 78 92 70 5 90 99 56 71 89 41 81 74 49 81 51 31 10 54 93 18 89 55 8 3 11 39 100 74 60 81 60 75 64 37 19 40 8 40 82 19 4 94 68 24 1 52 63 20 22 21 10 6 6 30 91 79 88 14 87 16 63 96 76 22 21 25 14 9 5 75 7 57 15 79 38 7 0 94 53 94 26 38 27 65 12 52 8 60 21 34 92 15 10 54 52 27 40 37 44 75 73 73 90 0 99 24 63 74 86 90 44 23 88 1 77 46 52 26 6 93 47 54 74 19 27 51 14 34 67 71 23 43 14 81 86 25 93 89 35 98 98 90 99 11 8 45 35 85 36 68 35 13 3 43 93 49
91 92 78 75 41 23 7 66 13 76 69 51 21 18 22 90 61 73 61 52 26 30 17 88 92 16 6 70 100 64 20 58 51 26 96 84 64 87 39 32 47 24 59 79 50 82 28 25 55 66 71 76 16 64 74 70 65 29 17 5 54 40 51 72 35 98 13 57 8 97 24 96 21 31 4 38 56 67 18 49 97 84 85 61 46 43 85 87 66 10 81 33 30 51 75 61 92 79 35 2 94 48 23 95 50 12 0 97 23 71 77 62 33 12 63 60 79 95 55 43 52 1 33 24 92 23 64 73 80 30 20 45 62 8 94 3 9 78 72 39 94 37 97 84 12 92 11 81 95 86 15 15 8 92 49 100 29 20 7 50 54 72 64 10 34 56 79 63 44 32 50 33 13 30 59 45 69 78 50 7 91 9 0 47 5 34 18 79 21 95 53 30 83 65 6 86 32 77 72 31
23 79 28 1 10 50 66 33 9 38 74 92 37 25 71 1 86 72 15 55 4 91 13 100 85 87 95 29 60 85 24 16 79 99 2 59 32 21 84 55 33 58 38 42 28 92 36 35 73 60 22 49 42 25 66 42 99 69 37 66 92 47 49 24 27 32 51 78 74 33 31 79 73 62 52 30 99 87 31 82 67 51 40 6 60 72 53 87 76 54 55 6 43 93 34 6 77 76 34 10 60 31 30 37 75 12 65 35 42 33 55 42 15 28 11 8 44 57 53 99 10 63 79 29 25 7 46 19 83 82 79 83 65 79 68 78 4 36 86 91 92 66 24 79 2 24 29 20 15 10 67 25 6 71 67 86 43 69 50 97 48 33 38 89 57 5 6 86 85 4 14 91 18 24 55 56 12 8 54 49 1 58 54 57 19 48 3 28 79 94 68 82 8 80 0 92 0 81 70 96
16 31 98 13 9 25 50 3 61 59 18 68 78 61 62 91 19 60 7 10 64 85 63 64 64 12 4 22 29 81 68 74 28 42 26 100 57 95 67 79 36 91 69 81 14 35 57 10 100 78 26 72 53 89 21 67 27 7 43 6 50 62 81 74 32 69 32 55 31 82 88 73 23 98 3 56 87 27 36 69 77 36 49 72 56 11 26 55 16 89 35 70 67 8 61 26 32 54 3 58 80 3 18 31 80 37 82 15 14 38 91 47 29 31 71 87 76 50 42 13 65 62 52 20 15 22 65 85 16 95 87 90 74 69 29 56 20 46 39 1 48 86 94 71 53 58 41 50 2 31 45 48 1 2 13 17 12 78 81 9 57 56 55 24 23 0 71 80 51 52 28 1 74 67 58 85 57 77 0 2 11 62 77 8 10 63 39 83 47 25 43 78 61 27 80 38 10 55 79 17
71 11 27 96 91 59 54 96 47 43 34 7 78 68 25 22 100 84 84 23 82 27 20 95 46 27 36 52 61 62 21 30 9 13 8 64 68 41 8 51 24 52 15 5 13 97 78 33 31 86 14 52 83 58 82 30 58 69 48 59 96 7 97 57 45 29 73 84 52 21 50 40 34 23 32 90 27 54 32 74 41 28 68 6 9 26 89 49 83 8 32 14 85 10 76 24 29 12 25 72 97 52 33 16 65 23 97 89 66 65 83 11 51 81 54 12 99 42 11 82 13 33 77 0 37 11 30 5 19 34 30 45 64 33 50 99 35 26 3 79 44 54 78 77 12 87 44 65 35 34 16 22 58 39 0 4 68 36 92 3 12 17 39 56 27 6 69 63 57 18 57 58 60 56 89 12 32 61 85 88 29 56 23 56 48 50 31 69 60 64 83 19 10 72 42 14 14 15 13 43
1 16 87 100 28 85 78 51 98 84 46 55 0 60 67 76 70 0 68 78 95 67 28 6 44 23 14 59 91 95 81 81 98 8 41 43 67 1 76 12 16 61 32 39 2 75 29 31 24 56 95 25 8 96 24 98 22 92 24 3 4 12 29 9 69 98 37 81 22 96 49 76 27 61 35 48 21 77 20 61 21 52 95 7 5 14 70 86 88 44 6 64 57 19 34 33 79 89 46 68 42 54 24 43 80 99 96 27 91 87 61 83 22 27 86 23 8 32 25 48 83 43 89 17 6 12 42 22 87 70 5 47 72 23 13 89 83 73 74 99 1 98 62 63 39 84 43 0 75 99 77 53 42 42 3 93 49 79 3 2 62 84 1 23 7 37 62 84 47 5 31 58 93 88 43 16 41 19 51 96 77 74 30 5 58 89 98 14 55 27 39 1 7 1 45 5 54 3 18 46
8 0 27 17 72 38 87 1 64 73 100 84 66 28 17 90 82 8 11 17 74 62 77 46 13 13 24 96 95 67 49 49 60 82 36 23 31 60 6 79 15 69 38 23 89 99 70 11 82 14 66 97 79 77 75 54 43 43 31 28 18 52 73 33 9 52 7 47 8 31 100 30 81 71 12 28 91 70 68 32 55 32 72 0 86 81 53 87 73 14 86 100 62 43 29 39 24 19 76 19 25 72 19 5 3 75 69 82 73 90 28 78 18 62 57 35 56 57 39 97 76 30 3 47 78 2 38 26 59 34 90 22 88 29 36 45 60 97 15 62 56 27 58 78 94 1 77 29 3 24 47 91 80 10 21 46 30 70 51 64 62 19 53 85 81 80 59 68 8 91 59 12 77 24 70 73 49 53 43 47 20 61 16 66 17 96 78 69 77 74 27 4 80 74 41 78 19 75 98 88
75 2 67 29 86 90 9 54 26 36 5 17 83 78 78 8 32 40 70 16 52 93 78 90 88 28 63 39 42 40 5 18 61 0 43 0 10 74 87 26 3 47 100 79 56 56 67 39 23 48 9 96 35 56 35 78 86 45 25 15 92 21 83 36 66 33 4 79 64 95 58 18 68 53 97 40 29 99 73 83 47 19 30 26 4 77 81 67 68 6 70 47 61 86 37 68 56 85 51 18 72 11 77 94 100 62 10 48 76 99 32 38 22 19 100 17 81 56 29 16 5 2 65 82 21 87 99 72 16 11 26 26 31 31 6 40 78 40 88 12 55 17 62 99 43 54 23 58 83 99 88 74 18 27 81 55 14 52 77 32 18 45 89 96 36 48 16 49 92 11 81 91 76 57 74 58 19 57 80 74 84 82 59 2 68 67 62 22 100 18 17 17 7 31 59 20 91 68 82 34
34 72 18 45 69 1 39 21 84 3 53 11 20 15 59 61 80 93 31 61 70 14 59 72 89 51 100 38 5 4 35 60 20 35 4 7 19 59 9 48 7 93 82 58 38 65 25 65 40 21 10 20 58 45 99 37 15 24 14 100 1 99 90 36 12 75 15 24 94 51 79 57 31 32 56 88 66 21 2 68 84 3 67 43 12 21 91 23 62 14 30 62 44 54 13 40 27 35 64 91 74 6 86 58 0 17 2 71 26 12 80 2 71 75 34 6 53 11 74 97 51 35 68 62 97 50 6 60 8 92 44 52 75 29 18 37 25 62 55 99 6 90 90 96 32 46 84 59 71 61 9 75 35 87 93 41 34 19 15 38 23 91 47 83 56 58 79 57 18 95 11 15 0 80 22 0 98 37 82 27 77 10 49 100 88 36 24 8 12 64 29 89 46 2 14 71 41 56 97 90
92 74 33 46 88 20 89 1 71 19 45 17 60 6 19 89 96 6 15 68 88 75 9 12 99 50 11 71 29 53 64 58 63 81 58 50 80 9 3 97 60 76 28 14 11 66 64 40 66 66 37 20 63 70 63 1 21 65 21 21 40 34 81 55 94 35 73 71 64 21 79 40 28 1 52 91 34 68 35 55 51 85 89 80 23 99 80 94 9 30 57 83 5 69 83 81 71 48 35 49 10 73 32 18 3 62 41 33 54 30 68 19 19 82 31 69 67 96 79 57 67 3 97 25 42 82 2 62 27 15 33 78 72 23 25 49 4 86 1 29 23 78 83 100 21 100 80 32 44 1 32 55 65 77 78 66 76 71 86 24 38 40 78 23 11 50 48 51 9 47 81 87 32 5 9 24 24 29 7 19 93 94 48 50 65 28 83 94 39 2 58 8 13 59 50 70 18 42 94 19
22 32 68 24 94 28 32 6 79 11 30 4 22 14 65 34 90 9 31 66 1 73 68 29 72 99 89 97 11 46 61 69 67 48 54 6 85 48 77 30 14 86 8 89 73 68 45 97 50 95 29 73 48 30 73 91 92 43 5 54 84 30 60 92 22 19 58 52 46 79 62 15 38 69 17 16 62 58 17 13 12 31 80 12 76 37 59 5 50 88 27 47 48 20 41 52 25 96 40 42 25 95 25 67 52 52 65 44 20 4 89 56 74 8 28 40 26 51 21 10 92 94 26 21 74 72 89 31 38 54 17 1 26 41 61 60 65 23 96 63 40 55 12 29 28 71 19 80 48 93 20 55 42 24 32 89 2 80 27 61 61 100 65 60 29 66 48 26 87 51 26 31 14 76 58 83 100 22 43 98 71 50 6 27 11 18 63 1 52 50 2 44 31 27 52 7 12 17 46 80
34 62 94 63 69 71 33 38 50 40 93 24 43 4 5 78 79 55 87 67 87 48 21 16 22 3 57 5 74 40 80 0 95 3 38 82 43 22 40 46 79 15 13 20 25 12 58 33 32 22 94 42 91 64 51 2 47 3 23 58 7 49 94 16 55 83 69 86 95 17 20 98 32 53 27 31 17 55 43 93 97 45 57 27 41 11 22 49 26 36 99 18 70 42 17 2 37 26 31 68 23 78 5 11 6 51 13 65 63 6 76 15 42 23 30 81 18 76 20 100 23 95 69 8 24 84 39 34 25 0 80 22 90 29 7 85 11 28 30 59 13 20 69 56 43 85 30 46 72 69 89 19 60 69 42 86 78 99 84 88 13 58 21 8 0 47 17 70 53 39 39 78 92 9 88 54 47 73 73 9 75 39 26 51 30 79 56 71 80 9 68 78 76 72 95 37 3 94 5 10
28 7 66 37 50 25 34 12 73 58 0 67 19 88 86 75 99 2 98 34 81 44 15 56 3 80 64 14 7 66 48 13 100 47 6 46 62 88 35 52 19 5 82 61 98 43 100 82 88 20 13 39 13 38 95 53 50 29 56 86 97 6 40 34 46 89 29 63 23 10 44 13 76 12 80 36 79 61 90 3 30 28 55 38 20 2 82 45 84 18 47 62 16 71 78 97 13 65 97 79 18 97 18 54 56 52 9 32 43 100 9 74 19 63 6 94 7 81 47 72 11 17 22 75 56 30 84 1 9 28 28 17 83 30 93 70 35 84 50 60 80 70 34 85 82 28 14 5 85 46 70 74 39 40 93 42 32 81 64 50 45 86 16 43 89 66 31 46 59 81 63 2 83 80 46 74 90 11 51 18 29 47 9 21 30 29 93 24 62 10 72 85 56 5 41 73 34 74 44 38
87 10 22 72 21 34 65 64 15 9 88 12 20 72 15 59 35 50 24 98 63 76 81 1 24 12 76 55 57 43 30 17 23 97 71 23 58 47 11 61 83 63 31 47 35 16 69 98 36 78 74 42 61 18 26 70 39 95 26 48 44 32 47 78 20 24 68 80 54 94 51 1 6 14 26 63 54 7 53 78 32 94 59 57 75 37 51 49 50 47 96 69 99 15 65 40 38 56 59 54 80 78 73 27 55 96 71 30 55 79 50 77 22 62 84 88 61 30 88 0 87 56 57 80 29 97 24 87 3 94 21 84 35 64 3 99 69 40 29 99 95 13 74 23 52 85 35 92 68 2 97 79 85 91 21 38 61 80 34 53 43 19 41 35 81 22 17 94 95 83 100 39 51 6 55 4 18 74 86 5 77 40 95 66 71 27 10 11 83 18 44 8 40 57 19 28 90 0 52 69
27 37 12 17 19 25 15 36 72 19 50 89 89 66 62 80 83 43 97 46 85 63 98 29 69 27 72 0 5 38 66 36 43 65 37 12 61 83 40 97 38 12 60 17 94 55 95 37 40 99 59 9 49 9 80 21 6 80 53 69 51 13 48 68 84 90 83 92 84 83 52 10 79 25 2 29 77 0 40 94 9 27 81 66 12 37 95 65 26 77 79 11 34 93 47 50 85 87 38 3 7 48 16 60 18 48 37 21 53 14 57 90 73 27 19 96 49 2 43 43 52 56 55 7 2 75 81 25 81 67 83 14 51 33 86 53 64 35 40 77 89 55 52 63 70 43 67 95 21 2 18 35 43 85 58 82 97 51 39 74 94 85 43 24 45 16 52 32 48 76 90 85 60 9 77 23 91 10 37 35 90 6 28 36 62 73 46 34 86 66 38 8 3 63 31 30 7 92 68 59
71 21 69 89 57 56 32 74 18 68 68 11 78 68 81 49 11 98 10 41 42 87 93 35 82 93 47 88 88 90 12 46 84 36 26 41 47 52 29 6 3 15 89 42 51 63 26 35 67 83 95 62 10 19 98 46 75 60 28 60 63 64 29 34 26 100 57 86 57 16 39 24 64 71 59 88 50 43 88 56 55 26 35 84 15 96 46 83 24 72 74 58 9 14 6 54 4 30 74 71 83 14 23 60 63 26 43 16 92 2 28 82 34 68 7 42 18 38 71 90 39 18 55 46 66 79 69 82 9 36 68 59 35 66 13 62 59 56 33 28 93 34 62 8 53 69 85 43 26 49 74 8 41 83 60 33 88 39 19 80 94 28 72 97 52 22 37 29 11 95 81 70 42 93 23 15 56 70 16 58 45 42 52 47 33 26 97 66 21 6 39 40 26 77 65 38 87 15 42 59
51 23 55 40 38 96 29 30 34 3 73 82 89 67 44 25 33 97 14 37 56 24 6 12 17 78 15 48 11 43 99 2 67 10 54 24 68 35 30 56 0 21 31 38 44 31 21 63 47 89 16 44 35 81 96 79 73 65 8 17 71 24 86 35 62 31 26 81 34 51 88 19 58 92 26 86 76 19 65 26 59 46 93 55 53 52 63 12 77 36 11 63 77 85 32 82 27 20 14 23 58 56 90 84 72 87 67 54 1 76 22 38 51 72 80 1 23 75 31 60 70 26 21 50 50 74 38 25 94 33 21 2 72 28 88 72 54 4 86 52 93 28 78 100 22 50 32 51 18 96 8 33 2 42 71 86 72 52 14 38 8 62 0 13 5 57 24 22 98 7 66 32 2 43 82 12 66 9 72 3 92 62 88 20 10 34 95 14 2 74 7 86 30 80 55 19 8 27 55 70
36 86 24 27 17 77 76 53 23 74 96 11 27 75 86 70 57 42 50 76 95 51 62 20 10 51 29 98 25 83 9 62 8 20 80 61 44 38 39 62 82 92 29 29 99 91 2 77 8 5 14 0 43 93 100 84 44 25 89 11 66 2 9 63 11 12 48 78 29 74 54 86 71 80 10 85 3 66 83 48 71 39 67 82 83 73 13 46 60 39 51 84 59 33 90 69 78 87 44 33 48 50 42 38 1 33 25 92 78 35 80 2 93 100 1 22 97 66 72 66 89 93 66 54 82 41 80 71 17 15 64 20 88 93 77 92 45 64 95 66 49 51 83 80 33 58 63 46 35 91 4 88 33 83 71 78 8 9 78 62 93 98 26 33 25 95 32 60 93 86 87 74 97 33 47 24 12 3 8 53 54 10 91 87 85 85 18 4 47 78 9 99 68 75 73 42 99 13 90 66
65 39 11 82 41 87 24 94 76 0 81 98 93 65 54 91 73 56 18 89 92 46 76 79 49 17 42 17 64 50 82 76 59 84 100 68 4 80 45 32 43 90 44 62 85 18 31 37 39 70 73 30 0 96 48 60 28 33 5 43 42 32 23 1 94 100 89 65 5 5 5 51 57 12 72 49 16 6 12 12 43 76 22 72 26 54 36 5 40 87 87 57 21 85 24 65 89 21 23 50 22 84 24 52 30 38 37 12 76 61 63 100 71 42 2 59 47 27 80 74 39 24 79 55 77 73 11 78 40 84 80 89 64 5 27 95 41 12 58 71 100 63 86 82 33 94 59 56 72 1 75 24 25 69 0 17 40 15 1 76 32 96 19 40 22 67 32 34 67 17 57 17 41 43 40 33 54 40 15 84 80 22 41 5 65 53 69 6 76 6 77 18 43 16 14 43 58 25 100 56
68 80 65 39 4 42 75 57 97 86 22 76 97 93 30 56 96 64 96 17 87 56 86 61 17 61 59 19 33 75 84 66 1 52 70 8 63 40 31 31 32 2 60 82 4 96 62 88 75 71 44 32 98 71 87 0 85 4 39 7 84 60 54 87 88 73 31 57 16 2 72 39 5 97 63 4 5 89 14 67 93 53 42 60 99 97 92 32 99 84 53 84 62 34 49 51 11 87 82 15 93 32 87 77 51 73 81 55 84 36 26 30 48 13 2 46 1 20 47 77 64 0 92 94 24 37 94 12 29 10 55 31 8 41 70 45 95 31 80 85 5 98 88 17 49 4 59 71 64 22 15 7 99 35 85 97 44 15 42 18 40 26 27 32 94 36 93 74 66 10 81 80 7 59 71 63 25 29 100 11 30 91 77 17 73 98 26 92 62 98 3 68 3 42 38 15 62 31 91 19
19 26 47 13 35 14 47 69 1 63 64 41 12 81 38 21 42 27 67 11 100 81 44 49 58 66 32 99 62 62 19 21 22 65 42 79 67 54 56 46 41 79 23 88 22 35 81 38 48 26 80 82 58 88 65 74 91 38 9 58 79 8 17 82 58 30 75 83 3 68 46 58 13 46 0 44 27 10 54 42 48 29 51 74 20 16 73 68 34 20 63 64 68 29 91 21 1 56 1 24 86 2 40 27 17 41 39 63 48 77 65 54 27 75 97 84 93 84 43 34 25 1 89 87 55 5 85 93 66 40 37 37 4 86 15 53 11 18 91 14 41 33 67 75 92 75 54 20 81 2 66 83 75 15 29 17 44 78 68 65 76 61 53 9 55 19 92 69 25 86 55 10 14 23 80 72 67 47 38 46 23 57 7 57 89 64 91 79 18 16 76 19 76 98 73 42 53 9 69 23
68 61 53 10 90 61 83 25 22 49 11 8 88 33 84 18 91 29 26 59 76 65 44 82 4 60 50 69 47 28 21 98 43 21 66 96 94 39 81 29 32 59 22 64 33 16 38 36 37 80 62 87 44 18 78 20 90 87 20 54 74 71 38 98 79 19 31 71 84 83 25 63 89 19 2 5 2 58 2 71 14 6 50 3 74 1 86 33 2 57 64 39 65 62 63 94 72 51 21 84 63 9 59 73 20 2 76 10 96 0 51 47 83 50 80 79 91 85 77 40 87 77 69 45 96 5 33 30 28 52 31 2 17 38 40 99 45 49 59 6 52 93 38 52 81 6 51 25 64 98 53 11 100 56 61 47 43 21 74 35 29 69 66 32 25 30 26 65 98 42 24 27 6 27 81 44 61 46 28 17 61 30 64 38 68 84 92 42 13 88 77 35 36 54 12 47 67 82 5 1
44 34 53 12 37 32 14 60 30 88 10 52 23 73 38 2 20 52 92 56 84 93 9 26 21 95 89 69 7 11 76 24 17 5 88 39 41 29 57 96 19 14 4 86 95 6 84 62 29 71 21 27 88 75 5 17 6 91 57 25 78 99 8 44 59 22 66 5 100 54 69 93 52 25 36 10 67 12 66 48 48 56 52 6 6 86 18 76 100 50 98 28 43 8 47 12 57 83 93 57 42 55 73 1 21 57 80 27 43 2 13 9 67 56 97 71 15 90 55 22 52 23 36 85 9 73 67 37 26 98 59 16 77 95 36 70 85 73 28 15 32 54 53 59 25 41 43 12 88 30 34 59 76 25 15 97 51 80 73 72 3 99 6 77 71 87 36 53 52 23 61 65 90 44 7 24 6 37 58 91 75 82 81 89 15 78 15 91 61 26 40 88 97 48 74 68 99 84 81 16
23 23 67 28 33 6 68 94 56 32 60 16 67 18 75 40 3 9 80 69 14 10 24 14 73 85 93 50 82 3 30 0 98 45 78 11 11 14 47 16 96 23 64 63 58 55 63 38 26 73 64 21 70 82 97 53 85 79 59 83 84 99 93 65 19 97 75 83 89 38 38 3 2 34 76 34 91 70 32 43 75 43 68 23 48 59 41 56 5 98 50 52 94 75 54 24 75 91 80 91 24 15 79 2 44 63 98 14 67 16 32 59 4 63 73 4 40 16 32 71 80 71 42 71 61 10 73 22 59 64 48 40 12 19 44 86 76 0 5 16 80 44 27 24 60 3 5 36 56 10 20 100 80 8 58 91 11 63 18 80 11 23 16 52 9 55 68 95 39 77 7 82 20 32 11 10 67 69 8 82 24 20 58 19 42 35 52 62 43 75 85 93 35 59 33 79 83 29 79 56
79 97 23 89 16 41 69 45 6 36 24 4 40 26 30 83 43 58 8 53 46 67 100 85 49 86 83 98 19 72 65 33 68 63 89 76 74 59 81 22 95 42 68 81 17 87 57 6 10 2 92 95 6 67 13 79 90 64 48 86 34 71 8 78 100 86 10 9 66 79 100 50 49 99 27 35 79 88 13 41 86 46 6 72 79 20 21 82 94 35 20 81 27 25 21 30 78 6 81 59 82 33 2 48 71 92 39 60 23 27 31 60 23 39 28 15 22 20 41 72 84 93 48 78 63 78 2 60 81 48 64 23 12 14 44 27 53 68 95 53 20 95 34 19 14 98 66 100 62 55 62 63 2 45 62 87 75 19 22 79 99 41 3 71 63 9 48 31 40 51 17 48 33 17 42 61 73 81 53 20 38 97 20 24 72 32 45 17 60 57 23 10 18 28 78 66 55 62 61 42
53 36 91 93 0 85 89 21 51 94 56 62 71 4 20 33 46 55 11 62 0 66 63 95 61 78 19 50 76 9 85 61 18 75 31 53 88 53 43 99 73 95 71 71 35 9 79 83 67 23 12 86 50 19 90 62 92 45 89 34 80 76 83 75 49 80 68 47 79 84 85 36 52 31 1 26 43 79 28 73 49 40 38 14 13 59 21 55 68 79 34 61 71 75 84 5 1 58 9 12 4 11 6 11 72 11 37 18 84 38 47 40 40 65 6 84 23 58 12 79 30 90 28 12 13 85 52 0 18 67 56 92 43 93 39 80 55 65 99 91 91 70 83 57 96 46 63 48 6 91 65 48 25 87 78 69 73 33 98 57 59 83 49 21 30 18 97 48 84 59 90 14 29 25 32 41 49 97 81 37 17 61 92 94 54 80 36 25 60 63 41 64 35 0 98 71 6 91 69 5
61 6 12 21 69 78 7 44 40 82 75 69 14 82 23 88 78 91 21 38 24 92 31 32 60 34 29 59 60 30 37 81 97 19 59 84 37 51 36 72 100 87 26 43 42 19 13 4 74 86 77 37 71 56 69 25 73 20 44 34 80 80 68 91 9 1 58 44 96 90 39 73 46 1 32 98 78 57 54 70 53 99 45 40 22 24 49 5 68 54 47 32 98 62 25 65 42 74 88 99 25 34 94 43 41 56 16 41 83 31 27 71 52 44 21 51 57 90 18 66 21 91 48 13 51 64 2 67 65 53 23 82 74 78 14 77 40 22 65 32 88 59 62 23 35 22 54 49 69 100 39 21 92 81 76 83 5 58 71 4 86 50 55 12 35 43 100 24 28 5 44 89 84 71 94 30 86 55 45 5 55 63 52 55 87 30 75 46 5 23 71 82 96 31 78 44 85 23 72 60
10 72 54 92 11 17 61 31 72 50 38 40 53 29 42 96 93 79 39 8 71 2 81 60 14 68 68 99 31 93 98 80 30 96 100 0 30 45 71 68 25 31 33 96 61 20 30 37 8 66 94 10 17 37 49 96 1 13 26 83 24 50 16 82 54 23 66 32 59 74 68 8 66 37 84 15 58 50 85 75 40 9 28 56 21 85 51 14 24 66 13 15 87 5 71 32 69 52 49 46 71 88 82 44 84 31 70 19 15 52 76 91 56 91 73 80 41 13 72 11 62 6 87 39 14 78 67 17 22 94 2 56 72 25 84 15 68 20 24 40 35 12 13 5 62 99 74 77 96 73 20 20 87 47 5 5 40 76 56 51 27 32 28 52 25 52 38 28 69 19 99 2 73 7 45 80 19 62 87 42 34 43 41 89 68 60 20 52 85 84 48 48 26 44 50 75 96 5 71 25
81 12 4 60 64 27 55 28 80 99 68 63 96 3 52 85 49 26 61 30 16 78 5 2 38 38 57 60 29 89 31 58 62 24 4 88 63 55 94 51 56 67 34 30 79 47 13 72 38 98 95 25 53 82 13 50 66 52 79 82 39 26 94 68 51 53 34 63 49 49 55 8 24 65 25 49 23 47 94 13 30 38 49 7 98 69 92 22 97 1 52 43 27 50 45 33 7 35 100 66 34 39 64 71 72 64 24 81 91 76 64 52 76 98 7 12 83 32 24 35 93 28 35 79 3 18 62 67 51 67 7 66 11 62 96 99 96 11 19 88 52 15 7 90 3 34 82 60 20 14 4 52 88 92 70 7 49 56 97 100 6 92 41 34 94 88 17 10 12 22 100 1 73 42 96 2 99 0 83 56 85 100 73 38 99 39 87 83 3 65 48 95 12 45 36 28 9 74 43 52
74 62 9 11 25 92 20 65 49 11 85 57 98 81 88 66 38 77 74 93 42 29 19 49 40 81 35 73 33 0 38 100 47 39 22 9 72 83 46 83 73 97 87 54 67 63 60 34 59 57 91 26 56 37 16 86 38 63 22 28 91 94 38 1 26 74 29 10 85 30 95 22 61 35 32 28 18 67 45 82 47 40 48 64 17 63 93 64 5 36 11 63 0 18 14 62 85 2 92 2 12 95 8 44 31 79 4 97 1 30 86 46 57 22 98 38 68 52 10 50 11 17 46 17 14 9 77 32 5 83 47 52 15 6 100 28 58 22 78 94 44 61 18 16 62 5 75 4 66 89 41 23 91 87 5 29 70 1 12 53 11 90 86 71 76 51 17 40 33 76 20 35 82 32 44 68 7 71 43 64 12 43 21 35 43 10 41 73 87 38 73 92 58 63 71 86 81 50 16 35
22 29 4 83 9 5 56 87 32 72 1 52 29 29 2 33 23 46 51 28 24 39 26 82 99 24 29 5 56 93 55 71 57 38 41 79 44 54 99 47 57 32 34 72 24 33 74 90 17 42 18 77 49 87 1 10 71 63 27 71 79 8 85 14 65 38 64 93 17 35 31 25 39 48 27 78 13 98 74 18 81 78 28 83 83 97 73 20 58 46 85 10 14 10 65 62 43 43 0 83 74 4 86 56 62 63 46 37 54 40 95 25 69 52 32 1 92 7 73 63 15 48 6 65 71 60 1 73 36 71 12 2 99 14 47 34 88 98 15 0 97 12 52 86 59 55 14 46 64 2 59 24 99 92 18 13 48 48 69 55 47 31 25 5 81 2 1 12 44 48 51 79 72 34 76 42 34 4 4 11 95 22 2 46 6 49 71 41 52 73 32 85 54 83 39 65 9 39 45 78
81 53 20 54 39 6 74 67 26 90 34 12 61 45 53 61 62 51 72 41 96 38 19 44 83 83 36 62 80 75 29 91 33 51 3 37 70 17 48 32 15 57 39 74 44 76 34 44 3 39 83 69 35 8 15 11 15 2 35 70 47 24 54 43 42 87 38 69 57 85 97 62 51 19 42 19 59 92 31 69 80 99 34 9 94 77 4 76 36 50 80 13 21 22 19 34 10 87 62 9 53 79 15 35 88 20 23 95 70 61 9 54 17 14 75 92 1 40 9 47 17 17 21 88 6 81 90 58 13 96 65 100 61 25 26 88 88 58 17 29 75 44 44 30 67 51 57 77 59 71 93 68 70 46 26 25 39 97 50 67 76 7 17 37 56 12 99 44 30 28 10 52 14 24 98 74 64 34 71 89 72 75 26 19 29 93 55 3 35 6 64 5 79 9 80 38 90 45 44 4
8 76 71 22 91 81 9 15 24 85 11 100 23 28 89 3 12 8 34 93 81 74 20 51 49 61 46 19 25 24 35 82 18 19 73 49 36 29 93 68 97 30 95 57 24 22 32 68 31 5 64 22 30 26 23 77 69 56 10 34 41 89 26 89 21 2 21 68 27 31 21 53 0 9 17 9 30 6 36 59 54 8 45 52 45 29 93 99 75 92 4 90 31 31 5 36 36 92 27 71 25 46 61 63 35 67 25 77 100 79 47 95 8 71 77 90 68 77 69 21 74 35 61 23 67 8 89 73 92 46 33 43 24 95 31 63 79 40 66 49 84 8 8 38 19 2 17 97 45 86 19 20 62 92 32 89 68 58 36 28 57 86 84 89 73 11 95 61 59 94 65 100 58 24 95 91 56 20 69 86 28 55 49 41 23 34 94 71 7 91 38 48 78 84 37 83 55 11 50 91
25 33 12 23 5 1 53 14 70 98 71 99 39 53 43 25 92 79 98 99 76 52 100 78 43 36 54 58 80 97 77 5 30 80 14 46 90 100 48 30 13 53 23 71 37 2 53 11 25 3 87 94 23 87 19 39 100 68 46 83 92 5 66 44 85 23 12 12 47 44 10 37 10 88 99 24 20 6 47 86 49 29 10 81 96 42 68 80 69 25 89 43 50 56 86 47 22 90 6 31 62 28 50 11 13 41 68 61 11 33 5 58 3 53 12 42 89 60 25 32 54 18 48 62 22 94 42 58 95 43 99 91 74 99 7 60 4 34 71 80 52 58 33 99 58 23 9 14 3 91 24 94 40 49 10 29 23 78 58 2 34 2 59 30 69 62 72 63 45 3 13 92 43 45 17 2 41 12 37 100 100 38 53 78 63 10 65 57 79 77 52 1 28 57 65 10 63 82 88 71
61 20 94 1 82 71 86 5 15 60 81 71 31 97 54 61 54 19 77 47 15 9 8 38 80 2 45 92 10 8 2 19 83 29 9 39 69 96 64 56 52 14 12 72 98 40 13 10 24 23 19 75 60 29 9 24 27 57 11 79 40 83 16 57 82 18 28 9 15 43 94 72 57 92 21 16 50 38 3 94 5 17 84 52 80 16 94 78 59 98 19 41 48 30 73 50 45 4 86 40 53 6 75 88 18 41 35 33 93 21 71 10 99 47 36 37 51 45 86 45 34 64 82 80 0 9 12 43 67 88 92 98 94 49 44 81 43 47 83 54 97 92 35 53 69 46 13 58 19 29 10 34 71 49 76 18 11 20 55 31 90 53 66 9 20 3 79 70 36 75 9 95 79 23 25 88 88 94 63 82 22 31 83 14 22 95 50 30 97 100 48 85 27 7 40 81 73 40 42 36
