35 10 12 62 26 82 48 83 16 70 66 25 62 27 77 64 86 63 80 84 44 40 39 33 30 37 0 27 14 18 20 82 73 27 21 2 13 83 40 11 53 31 71 46 61 13 61 89 40 73 31 32 4 8 25 74 100 16 39 72 27 20 1 64 28 44 50 6 68 51 53 9 20 1 3 70 55 67 39 9 16 80 66 0 36 72 99 57 56 64 81 13 13 100 54 61 46 63 67 62 90 74 38 75 95 80 99 94 81 83 58 36 63 22 58 4 63 17 41 100 43 31 37 33 35 64 13 10 69 9 19 13 48 88 33 50 94 7 51 4 54 37 37 68 72 87 51 100 61 57 78 49 19 90 10 75 55 97 19 24 40 53 98 35 86 11 61 37 77 65 40 63 90 96 92 93 53 71 14 74 73 51 47 12 39 25 78 74 39 72 23 87 0 63 66 37 85 34 57 66
9 21 18 1 6 65 48 8 53 95 5 28 74 67 94 58 78 72 70 9 51 34 1 69 33 89 96 6 63 71 44 41 15 71 32 91 43 21 2 27 43 53 68 96 61 10 60 62 52 42 66 89 49 56 12 71 9 41 66 49 63 35 57 50 28 36 59 1 68 81 31 43 0 93 14 55 83 45 40 2 29 96 17 20 48 23 64 59 54 48 93 97 82 54 0 85 23 83 32 50 90 3 68 14 61 29 55 90 80 98 68 93 35 0 93 47 50 27 49 100 32 11 83 18 68 32 35 13 35 36 52 30 67 68 98 47 71 25 44 61 4 83 29 51 98 25 43 69 85 74 11 38 99 38 79 67 27 71 87 87 44 34 78 45 69 4 83 95 10 83 100 60 56 41 89 65 56 14 80 83 46 53 12 87 18 22 45 75 9 85 58 53 65 15 94 5 84 65 78 89
53 82 69 8 93 92 10 54 33 78 96 12 40 30 52 65 31 39 15 72 23 89 98 80 49 42 41 67 56 98 18 67 48 63 43 22 14 51 53 56 50 58 92 43 83 81 84 80 100 93 54 93 87 96 18 91 33 56 47 53 13 31 9 99 63 61 83 13 37 45 64 75 43 27 0 76 19 6 17 10 64 40 42 14 24 92 83 16 1 78 76 59 81 66 29 96 70 18 94 78 30 60 80 7 86 80 100 22 65 90 78 5 68 66 79 74 82 90 15 57 28 24 53 94 73 84 21 41 48 76 87 56 8 10 23 54 97 17 55 33 0 1 95 23 1 57 7 90 48 63 21 12 93 3 90 94 29 21 69 96 75 100 20 27 91 23 41 22 84 93 42 35 97 53 32 51 64 68 40 49 3 8 95 55 13 66 83 14 58 39 53 64 86 40 32 23 98 5 100 71
40 58 51 32 88 93 8 72 60 79 33 13 24 4 29 55 69 26 91 44 3 30 95 74 88 50 59 42 24 41 20 100 55 29 31 95 68 16 38 32 5 17 8 79 49 5 15 54 54 22 55 99 75 6 29 86 89 31 48 25 62 47 25 28 44 20 48 11 10 16 34 37 37 5 87 43 4 66 12 83 41 52 76 40 49 76 53 33 81 19 76 17 96 5 48 68 10 23 43 7 38 16 55 63 50 94 39 69 51 65 88 52 67 92 76 85 3 13 15 76 95 30 65 50 18 50 96 57 53 87 15 42 62 35 32 74 95 70 99 3 72 73 4 98 74 33 22 21 33 81 68 24 32 15 35 66 45 42 25 53 48 58 89 17 77 47 31 27 75 69 68 78 4 51 97 79 74 71 88 13 28 59 54 44 2 15 54 94 84 49 23 97 80 32 82 44 51 13 99 41
51 87 4 86 23 51 91 28 42 17 65 29 77 55 24 83 4 37 3 82 90 90 53 25 71 63 38 80 45 77 7 86 85 87 90 97 75 11 43 37 32 83 73 86 15 88 80 59 24 79 54 73 46 39 1 72 19 23 32 16 73 17 75 58 74 23 88 78 1 15 95 17 90 64 33 63 53 19 39 46 60 21 28 3 42 53 96 99 31 20 64 28 64 66 47 9 51 67 11 66 56 61 100 72 0 48 65 85 32 83 15 37 30 77 18 49 99 24 33 76 22 2 33 39 22 100 10 58 40 30 53 54 53 56 37 90 38 85 55 52 96 50 19 28 94 40 31 18 85 67 43 52 85 68 78 57 19 47 28 20 69 12 55 47 32 53 82 89 19 93 29 29 95 97 23 29 3 65 96 94 17 35 84 47 26 18 20 68 93 2 6 33 47 89 64 95 19 31 30 83
57 38 82 42 15 96 83 38 37 91 36 70 96 29 40 17 8 24 54 32 15 43 83 45 41 66 51 14 52 56 64 57 0 33 40 62 21 90 10 39 86 96 87 14 53 9 87 51 92 76 87 30 34 41 37 95 76 55 67 67 86 2 32 43 20 13 65 5 34 60 50 48 67 17 58 55 95 62 0 41 6 31 33 14 45 20 91 28 64 88 9 3 89 75 94 27 8 15 32 82 74 42 21 33 58 95 48 81 63 6 56 39 100 6 57 12 76 53 27 23 24 100 13 38 11 25 97 79 93 41 49 92 77 86 43 5 90 66 26 64 2 34 51 91 60 14 37 35 77 71 57 2 9 20 83 68 98 70 69 28 39 49 68 64 42 39 89 1 49 80 77 29 22 68 42 22 31 94 83 7 15 76 19 21 66 71 82 97 48 95 94 31 7 66 79 16 98 62 39 60
93 69 96 100 54 83 17 83 50 46 44 14 4 88 67 8 78 64 92 34 48 3 93 20 71 60 89 43 75 97 22 91 51 96 74 36 100 61 85 65 27 64 11 39 20 66 98 58 90 40 33 71 85 75 91 78 19 75 38 25 53 95 5 51 3 97 90 79 85 79 60 48 68 100 3 56 33 0 75 80 68 52 29 86 38 74 28 61 69 17 79 37 57 64 26 20 61 29 62 88 9 41 9 67 42 17 2 58 23 15 100 93 99 27 1 49 85 50 76 82 22 100 48 91 1 16 87 31 80 16 15 31 47 28 68 96 21 31 55 92 85 39 82 0 70 4 35 13 77 80 21 34 76 77 86 24 24 69 5 22 25 88 98 72 27 21 6 91 42 78 14 9 48 89 13 26 56 9 64 26 49 14 41 24 19 13 50 84 89 87 68 25 27 32 28 1 5 29 82 32
15 73 89 1 74 21 77 82 52 99 0 84 38 8 59 39 67 19 62 17 69 92 60 65 4 13 49 88 80 43 38 71 23 63 10 45 33 30 49 47 21 50 24 90 55 22 47 68 88 59 78 98 54 65 79 16 38 60 0 98 15 92 92 41 100 65 39 40 14 8 65 77 66 15 78 84 64 44 69 90 55 6 97 6 72 79 52 69 87 82 54 42 71 71 63 40 32 93 79 4 30 9 44 6 15 85 1 31 47 56 44 17 13 66 64 100 77 32 8 21 84 29 92 9 33 92 42 0 100 14 51 99 48 68 1 15 44 50 5 77 65 92 50 44 36 17 100 3 30 20 53 30 65 76 39 13 4 20 94 41 39 90 0 36 68 68 25 81 28 69 41 20 32 94 91 40 51 4 49 20 99 85 80 87 59 0 55 54 25 66 0 13 60 48 7 78 58 33 27 32
9 46 63 17 67 29 30 4 37 75 75 84 96 98 7 73 85 32 61 5 44 7 58 5 16 8 45 97 98 23 48 66 97 89 51 66 99 44 93 100 42 98 14 35 3 36 14 64 50 55 69 42 1 77 3 47 41 37 12 100 89 50 61 52 87 65 24 95 12 81 51 17 80 37 74 8 83 45 6 2 23 42 36 24 85 20 54 49 54 58 52 7 1 28 68 33 95 66 56 94 100 9 19 24 72 76 25 81 98 72 58 90 1 14 63 17 11 73 92 32 2 51 58 61 57 90 97 98 48 90 32 59 21 39 33 94 98 13 92 100 98 45 35 87 35 74 21 63 70 64 5 41 20 34 94 37 59 7 10 66 33 69 61 16 49 45 73 19 17 79 100 53 6 46 8 1 42 88 30 2 33 21 59 70 74 74 37 21 91 73 58 32 38 20 93 4 90 18 25 88
54 17 34 6 41 10 31 94 62 68 25 50 27 4 53 98 80 13 13 50 16 18 22 16 39 75 13 15 25 56 82 37 47 10 33 8 92 3 45 32 37 4 5 44 74 65 33 94 100 38 50 73 48 20 52 45 16 0 85 74 32 18 66 78 7 98 11 39 26 52 65 83 55 36 70 36 81 39 6 84 84 79 51 2 48 43 58 40 77 12 38 47 15 93 76 68 79 73 53 15 80 86 74 20 59 100 69 89 21 93 21 45 27 58 31 87 77 97 16 24 9 94 94 59 80 91 41 15 10 1 47 41 18 47 15 69 4 24 64 38 4 3 13 27 45 73 94 84 12 92 84 70 38 67 49 96 83 66 71 32 84 27 5 49 43 84 83 89 4 56 45 83 60 85 45 1 94 59 98 36 53 5 34 26 34 22 83 40 17 8 32 87 31 65 16 56 39 50 11 58
29 58 2 38 61 7 77 60 32 57 56 96 63 34 80 3 99 19 53 97 26 35 92 78 40 7 24 10 37 19 51 85 82 83 90 50 40 57 50 87 66 3 72 66 60 55 67 0 80 88 12 67 66 85 57 76 80 91 10 30 20 27 59 86 86 66 52 23 36 14 21 22 41 56 56 55 73 10 0 16 47 2 95 16 69 91 91 23 62 29 44 3 40 40 98 65 93 90 43 4 7 26 36 47 47 42 91 90 29 15 83 98 62 72 49 47 16 66 78 32 19 15 1 56 39 40 64 13 3 4 46 44 6 80 77 68 87 98 93 98 75 40 48 50 82 68 31 81 100 64 9 38 42 99 22 71 17 56 7 55 96 33 81 62 16 89 38 76 90 15 32 45 40 64 74 69 60 38 95 14 45 74 5 84 81 87 61 18 16 55 55 90 12 92 79 51 6 27 15 33
14 53 50 69 90 86 0 8 25 75 16 75 16 50 90 23 65 94 92 15 32 2 88 12 66 39 51 72 24 57 73 55 70 67 97 33 82 91 88 17 69 36 56 9 97 48 39 3 36 28 11 17 15 3 57 48 57 28 98 83 80 71 81 10 39 69 55 3 57 14 22 27 72 79 92 77 40 51 75 44 37 0 15 98 67 23 64 79 53 23 29 16 25 76 18 35 65 8 40 85 62 10 19 47 90 92 58 2 82 39 50 11 10 14 48 56 85 73 94 24 76 45 28 53 63 32 43 72 19 89 38 19 81 22 41 0 79 30 73 32 32 19 22 54 90 17 68 69 74 69 4 46 9 0 7 69 49 26 83 71 56 16 57 51 54 56 6 59 31 88 85 99 30 17 96 32 23 24 69 21 23 79 26 92 0 69 22 52 33 7 40 63 64 39 95 55 97 18 95 59
69 2 45 28 99 78 20 71 88 98 55 40 6 99 75 31 94 0 59 61 77 63 38 95 65 92 83 37 73 74 84 25 38 23 100 67 25 60 47 50 66 7 11 30 38 37 59 8 6 39 72 40 61 69 42 29 48 83 7 78 76 69 68 65 25 10 99 36 43 20 26 24 31 93 66 18 1 90 42 38 62 62 57 94 91 3 51 95 19 28 21 67 19 37 40 93 93 17 36 78 60 35 57 84 18 64 61 68 7 32 5 6 79 79 2 49 6 70 79 80 54 15 31 9 61 38 91 68 2 71 75 59 71 93 49 61 26 5 11 100 46 57 96 34 12 4 9 87 91 59 42 53 94 50 64 32 83 69 88 28 80 94 11 13 59 73 29 50 73 97 13 45 72 83 93 19 64 53 2 84 52 59 22 68 66 77 5 40 56 96 24 62 72 31 51 17 59 86 60 31
33 43 28 22 24 63 59 74 8 87 58 17 3 48 88 80 17 85 61 28 44 24 70 53 71 1 23 87 47 31 92 13 13 60 61 40 5 31 96 63 51 35 23 79 22 92 3 11 24 69 66 42 100 10 6 78 5 47 79 41 40 63 43 43 81 11 10 63 87 42 40 69 85 54 71 26 15 98 48 70 92 63 11 14 58 1 28 65 35 66 93 31 51 39 40 10 19 33 66 50 51 53 41 77 64 48 37 14 23 65 25 7 15 49 70 2 45 92 10 28 29 66 12 74 34 55 59 45 17 1 57 13 9 37 32 66 5 47 57 92 37 47 89 89 62 14 85 21 94 24 71 22 31 37 50 20 85 4 58 72 83 79 53 26 11 29 36 41 32 33 39 49 86 28 7 14 61 34 92 74 42 64 66 15 72 52 95 4 71 82 96 91 39 58 27 91 16 89 4 47
85 57 71 27 75 14 43 39 59 41 36 2 36 4 92 34 61 2 75 43 41 46 89 63 44 92 2 69 64 42 90 2 56 32 50 32 8 39 63 80 93 33 9 4 57 67 77 87 56 23 90 29 65 65 2 71 5 83 87 66 13 7 14 88 70 28 82 46 28 93 91 53 16 79 80 56 57 90 3 16 3 42 75 7 72 34 71 91 23 41 21 98 52 97 61 12 86 6 30 32 21 22 93 54 18 53 89 27 93 37 98 64 77 7 14 78 42 46 34 7 51 90 94 72 51 11 76 77 23 20 35 15 24 58 28 94 89 44 67 42 77 62 41 38 27 16 74 92 77 34 64 99 98 55 8 83 62 24 59 39 32 99 22 99 59 8 5 49 44 14 38 39 55 33 55 7 57 37 11 66 11 17 3 30 87 33 30 39 9 61 44 36 23 99 29 5 47 48 31 28
82 81 80 85 24 75 4 6 39 76 15 78 61 54 57 68 100 91 63 32 1 21 28 40 13 64 47 95 90 82 21 98 29 5 69 39 71 96 32 37 83 67 89 72 41 20 79 96 21 89 10 11 96 79 49 92 29 61 0 26 90 33 54 25 26 86 29 61 88 88 94 32 22 98 71 76 57 36 100 45 45 43 24 22 21 65 21 52 73 93 13 73 61 13 58 85 78 96 59 34 8 61 78 94 42 16 81 21 74 18 89 39 52 86 56 28 72 92 66 25 65 74 37 81 60 52 32 61 49 4 54 20 62 28 19 9 84 8 82 24 12 93 50 33 78 17 75 46 57 96 4 16 81 90 23 23 17 47 39 95 88 4 66 81 64 67 68 18 29 0 1 46 30 15 12 93 93 20 21 52 72 51 29 73 71 92 35 70 31 0 72 91 32 42 56 6 68 83 59 71
9 51 72 26 14 51 88 41 61 3 3 99 96 20 97 45 10 23 59 31 73 4 41 99 40 60 67 60 97 77 27 86 75 84 48 55 19 46 42 64 84 46 91 27 10 91 35 74 42 9 52 43 0 58 97 69 8 37 45 52 76 82 57 44 10 84 21 70 84 58 42 44 81 84 48 40 27 27 97 17 53 69 3 40 98 44 37 6 31 4 55 3 46 0 46 86 26 99 63 67 77 48 97 62 79 68 47 62 78 3 95 42 35 22 5 99 99 97 30 4 55 88 28 41 78 7 21 31 50 82 28 20 20 13 48 60 26 21 89 71 14 50 36 25 12 49 51 81 81 80 91 89 38 66 10 84 62 93 53 73 74 0 9 77 31 56 0 86 51 29 26 55 21 48 30 27 70 79 18 45 56 53 75 84 73 68 35 4 78 99 37 49 82 50 45 45 92 24 90 28
40 63 45 29 32 94 75 73 81 79 46 34 84 51 28 11 45 43 44 59 62 25 83 74 52 87 41 17 61 62 62 85 96 90 75 22 75 5 68 46 12 71 81 95 29 37 55 90 98 21 5 47 43 27 81 36 81 46 67 11 22 86 14 48 90 81 18 73 30 60 14 39 57 76 66 42 32 3 27 44 74 7 15 100 99 100 43 93 92 63 48 81 60 20 69 47 99 62 16 79 39 22 96 97 39 35 85 14 31 22 74 53 69 16 39 63 82 30 71 97 31 10 35 20 32 59 68 5 59 84 8 24 5 34 33 56 56 7 81 55 12 42 61 48 97 39 89 32 65 45 23 65 76 4 98 91 41 75 53 97 21 5 73 98 47 92 9 5 26 20 65 74 30 82 14 19 12 36 77 10 18 0 28 81 89 37 77 46 35 63 33 100 8 90 97 34 46 78 61 83
66 34 96 78 27 19 3 88 68 11 94 20 14 86 17 38 43 64 90 41 39 77 74 2 66 73 19 69 39 32 98 88 82 80 6 27 17 30 33 100 32 52 97 78 97 48 90 7 98 90 15 64 82 69 13 91 87 35 21 38 8 18 84 87 48 92 52 90 94 86 99 7 13 22 20 11 28 9 16 65 46 94 58 68 96 96 24 58 7 44 2 58 5 20 83 18 80 31 87 95 73 95 27 43 14 97 47 65 1 24 42 77 99 37 95 58 46 35 14 86 45 96 48 91 0 45 68 2 35 7 14 2 4 44 81 37 45 81 86 52 100 50 38 72 32 87 89 12 6 66 69 29 91 62 91 98 52 45 17 33 58 45 14 91 8 84 15 76 24 42 63 26 29 69 57 43 78 81 82 82 26 17 67 58 49 9 59 58 93 21 93 55 45 92 11 82 17 90 58 11
44 33 40 99 28 47 93 64 77 41 16 91 5 49 19 7 52 54 17 62 47 20 99 87 17 0 10 36 2 83 19 94 62 19 93 52 54 6 47 95 91 23 97 40 86 54 45 28 79 36 29 48 2 46 58 99 54 22 72 44 88 7 47 63 3 75 46 96 42 70 66 13 47 83 63 27 18 4 70 52 18 74 18 61 89 34 78 69 22 72 59 2 82 100 96 64 38 56 76 5 0 23 24 41 14 69 90 82 78 21 90 68 11 38 0 92 78 44 54 3 49 95 7 2 83 56 24 14 41 52 98 17 77 72 63 88 84 15 41 50 77 0 46 69 8 61 29 0 33 98 20 16 68 83 31 18 8 71 98 88 100 17 6 49 46 49 35 1 5 58 16 12 29 77 3 57 18 8 51 8 95 75 22 37 44 93 78 45 90 84 66 38 72 42 8 22 57 72 3 78
93 58 17 35 72 1 100 7 33 9 10 64 60 52 32 82 65 0 96 15 71 2 39 35 74 92 17 98 86 72 90 66 3 71 40 48 3 9 10 37 22 32 35 6 96 33 94 17 67 90 5 42 51 30 98 51 97 58 13 80 13 83 79 83 5 16 37 33 71 36 31 86 18 8 39 20 80 37 6 68 41 3 21 75 18 71 1 72 94 36 26 75 60 43 62 56 49 90 88 40 39 72 67 39 52 35 64 4 30 92 45 9 50 64 46 44 36 96 40 10 9 33 100 91 31 42 15 100 96 30 94 48 53 63 4 24 58 14 68 73 7 36 52 20 96 81 91 30 85 6 91 59 84 63 70 91 52 57 57 58 89 31 21 70 33 73 77 56 50 25 69 4 6 42 76 41 64 72 22 99 85 81 65 31 29 74 8 92 56 95 53 23 72 84 37 11 98 43 47 27
21 82 68 4 74 47 53 95 24 44 88 36 29 71 67 54 98 100 46 2 6 22 12 13 77 71 63 59 26 66 93 52 100 48 44 4 69 25 32 22 94 2 34 45 68 43 66 50 46 34 3 86 99 71 25 70 31 83 43 23 6 84 3 71 67 31 47 83 24 53 26 0 24 84 93 42 91 57 52 54 51 45 68 97 14 12 73 33 44 70 83 97 75 8 9 73 64 73 26 34 33 99 28 52 8 23 91 44 21 7 66 77 16 96 84 29 8 43 84 24 97 8 88 2 89 57 88 18 93 86 98 35 99 95 43 12 6 0 80 47 36 53 85 47 100 26 47 19 64 99 7 55 82 28 44 96 92 78 58 84 100 43 39 100 94 83 23 40 8 14 73 83 38 74 5 77 17 58 16 97 37 43 32 37 99 23 11 13 35 42 30 60 70 16 71 66 82 75 64 36
21 63 60 92 29 71 33 5 92 34 1 43 83 12 34 54 33 49 35 100 75 45 11 26 39 50 82 38 26 21 46 22 54 7 34 79 9 89 42 82 96 33 53 42 65 31 83 62 60 19 77 36 5 68 55 39 89 14 30 40 14 71 77 0 27 27 71 16 66 26 7 39 53 24 58 70 7 58 70 58 80 9 46 82 17 60 56 11 58 79 96 39 5 100 78 24 21 99 24 18 35 94 41 36 81 66 37 49 95 92 96 62 40 87 16 7 96 58 64 73 91 60 15 27 11 29 37 1 59 86 72 96 17 28 64 7 28 85 30 49 81 83 29 70 8 34 15 86 27 63 82 31 45 55 83 65 11 28 21 21 79 40 15 39 5 67 0 54 61 15 53 35 58 86 63 25 93 49 5 95 68 50 51 30 19 79 18 39 20 88 50 48 32 62 76 38 69 30 26 77
53 26 83 23 23 8 29 0 14 5 76 43 64 21 70 19 48 92 13 31 33 73 36 26 61 68 65 21 22 71 45 77 80 100 91 56 76 43 77 77 30 46 49 16 25 88 47 92 51 24 98 24 52 71 57 75 57 55 85 78 50 75 27 94 18 16 33 65 59 74 28 19 72 6 8 42 4 81 71 72 63 45 89 73 41 0 90 67 57 12 50 82 70 25 44 4 72 42 77 13 63 95 21 6 48 76 1 1 29 18 95 34 61 13 70 4 19 91 1 20 27 93 18 35 39 73 72 45 9 68 26 38 46 92 23 0 59 75 9 46 7 61 93 89 22 15 46 51 47 24 35 35 90 67 97 98 91 8 1 12 30 28 23 24 44 39 28 7 69 89 5 99 0 68 56 21 95 22 52 17 1 50 44 87 37 14 20 54 18 99 14 48 38 64 46 73 67 97 38 95
5 65 26 21 2 46 69 74 3 23 40 1 47 3 68 21 82 82 100 76 30 81 36 18 25 6 99 96 16 78 44 4 61 60 19 6 95 92 20 96 5 86 75 85 29 78 31 50 36 23 48 22 87 74 0 8 54 0 95 61 66 66 85 91 86 68 59 47 99 55 4 44 83 24 93 70 3 19 64 63 5 79 53 3 18 10 95 80 43 76 17 57 63 94 48 79 22 65 58 23 30 5 74 30 6 97 4 87 28 67 59 89 84 40 70 97 24 42 88 29 5 42 78 9 84 86 84 89 10 29 38 42 54 30 0 65 18 4 84 70 27 58 58 0 0 93 70 74 59 60 52 79 64 98 67 100 98 86 81 80 90 27 11 67 75 6 63 88 79 10 11 78 46 78 39 74 77 7 100 38 63 23 85 99 36 15 80 98 54 30 3 95 73 48 56 98 5 90 19 85
43 83 17 37 48 39 47 37 1 58 90 42 52 1 69 24 67 9 91 66 42 73 5 70 38 53 72 27 56 92 12 58 50 90 21 23 7 3 98 19 38 32 49 12 17 76 69 3 15 58 0 62 67 50 49 50 8 75 16 69 15 16 69 28 59 86 2 53 12 5 1 37 67 40 55 63 3 5 54 70 77 61 42 63 18 21 33 10 30 13 63 95 85 98 9 23 37 15 68 83 43 91 4 71 22 5 54 99 56 49 90 39 53 62 12 39 78 0 39 52 23 13 17 66 0 78 61 63 25 84 46 81 62 32 89 10 34 15 38 91 9 34 55 13 57 13 39 98 97 59 88 55 43 92 22 6 60 25 62 42 69 31 39 80 87 93 40 46 75 92 27 39 8 90 52 44 74 59 9 67 43 53 43 74 50 65 54 7 0 63 22 12 36 27 98 79 59 91 9 33
51 37 59 30 38 46 62 35 95 12 52 16 31 24 89 28 37 82 60 30 48 30 2 48 43 9 2 61 78 33 36 26 23 79 43 8 24 38 88 20 79 13 39 29 15 73 38 55 96 6 22 81 35 81 46 41 21 24 76 83 15 1 91 50 76 55 94 86 9 76 87 86 85 68 61 70 59 81 21 45 2 37 0 48 100 66 94 7 63 27 36 28 4 49 52 39 23 30 29 42 48 8 60 86 44 59 92 78 31 62 83 27 36 80 48 83 93 20 66 44 72 18 92 45 2 40 12 52 8 23 75 12 15 14 15 63 72 19 93 56 46 63 27 53 30 63 97 75 57 28 81 77 44 13 90 49 55 50 6 43 87 16 55 57 61 27 27 68 88 70 34 64 78 70 71 27 23 5 80 66 63 53 70 47 55 29 28 20 46 59 50 22 38 16 14 13 70 17 34 88
73 77 75 88 53 17 26 25 83 54 96 49 17 38 96 51 14 32 45 49 39 88 58 64 9 4 72 95 5 22 80 19 64 2 2 0 41 100 9 35 35 12 1 95 89 70 57 89 26 61 47 17 29 3 98 25 92 28 50 45 44 66 34 11 2 29 66 20 56 64 86 59 94 22 11 74 72 82 33 82 63 86 57 1 49 12 18 48 68 51 76 32 93 8 48 63 80 17 92 89 82 1 84 48 79 35 41 79 47 82 61 42 86 85 57 73 21 76 4 79 31 16 78 95 47 1 89 77 62 86 92 74 18 1 58 32 52 91 100 43 78 21 66 38 84 69 66 11 57 85 88 87 57 88 28 3 30 69 12 33 73 62 79 3 99 37 35 57 79 58 69 46 16 57 2 85 72 67 41 54 8 59 38 97 96 82 87 17 64 53 97 100 78 71 26 27 80 60 5 0
61 38 73 96 4 45 57 17 59 63 73 83 91 49 71 83 8 81 91 15 60 33 45 100 57 10 53 17 28 50 57 14 53 21 88 76 48 34 42 17 1 40 87 63 83 99 70 66 77 9 29 65 17 32 17 83 83 58 56 21 21 36 83 28 36 89 100 59 29 15 99 14 87 80 50 60 89 53 80 60 77 60 38 89 67 38 27 80 8 54 90 66 87 12 93 45 94 100 42 13 28 45 89 77 70 35 40 61 43 68 50 62 10 58 10 90 26 53 79 20 48 77 30 52 33 89 52 77 23 9 0 95 96 37 39 86 85 65 18 7 37 23 78 47 24 81 80 0 6 39 33 67 89 10 50 22 69 88 63 84 66 51 99 82 36 52 24 55 0 49 100 9 47 63 6 8 78 43 0 48 33 67 10 47 97 4 58 66 33 24 92 90 95 25 31 23 1 19 47 95
92 73 75 47 59 45 97 6 20 15 51 94 53 17 5 13 82 51 7 4 13 68 13 85 79 70 17 96 37 9 84 37 0 96 8 91 17 51 90 67 26 11 60 31 51 28 24 57 3 74 91 89 31 78 41 15 69 96 11 11 66 40 53 34 75 10 79 66 84 29 88 88 82 34 20 74 17 71 1 80 43 57 8 14 90 30 67 55 97 47 79 72 24 34 17 25 58 2 38 74 17 51 6 61 21 19 57 76 10 33 78 85 43 74 46 47 42 88 72 30 2 9 11 99 97 89 69 99 15 83 12 93 67 68 95 97 23 12 78 68 86 80 65 100 75 13 2 49 59 3 56 98 44 12 77 24 83 73 50 21 36 59 40 64 79 11 11 25 54 76 43 64 49 12 87 33 13 39 45 20 31 48 18 83 27 90 98 72 35 5 81 46 64 19 100 40 44 17 95 91
56 51 69 61 52 93 28 69 26 98 89 17 89 43 72 16 21 58 81 52 16 35 74 56 7 97 27 24 98 17 62 75 56 88 4 81 93 0 66 84 14 47 87 63 5 81 20 70 25 62 86 20 57 9 11 56 48 2 55 25 34 9 95 93 63 100 98 96 3 83 63 61 92 83 33 82 93 28 72 23 14 76 17 32 92 32 60 64 56 65 4 74 25 79 1 19 66 86 12 28 83 32 51 88 32 45 55 63 25 5 18 96 15 50 89 13 89 59 84 55 56 49 93 85 86 94 58 80 85 99 92 62 69 21 66 81 60 94 98 94 13 83 68 82 77 0 63 60 37 8 0 71 65 79 45 100 11 97 27 27 30 95 60 43 88 78 19 12 18 12 98 53 55 92 8 48 57 96 4 34 86 73 48 21 31 98 92 45 75 100 36 91 11 66 91 29 25 79 52 0
37 19 68 95 72 42 74 39 39 87 79 66 10 73 52 14 88 83 9 76 1 39 22 2 59 41 86 43 58 86 23 95 45 44 22 73 29 43 2 82 62 67 71 97 55 73 94 67 98 86 59 51 21 75 91 13 0 93 100 61 8 22 2 78 85 11 74 19 98 69 39 59 3 95 49 3 58 45 58 8 71 57 39 78 30 100 5 73 37 87 61 26 67 43 12 83 21 90 78 19 90 78 7 57 85 18 45 56 67 86 97 84 92 23 73 60 90 24 61 30 57 33 22 89 17 98 8 89 8 47 63 9 30 35 47 66 6 58 70 62 5 8 86 97 99 44 29 58 23 18 94 52 78 6 16 78 6 46 71 52 61 81 76 81 34 88 59 73 59 61 20 74 39 60 15 34 32 88 12 54 61 80 84 30 38 18 92 58 92 7 81 56 88 23 39 92 88 50 36 99
59 38 71 58 53 40 77 5 96 48 41 40 37 78 4 11 87 28 67 91 21 54 33 11 56 49 19 43 14 73 35 38 100 78 61 97 43 25 87 85 33 64 26 43 99 42 34 16 52 38 68 87 1 96 64 15 74 25 7 47 62 29 13 82 61 35 23 10 50 53 82 0 91 41 84 7 86 61 47 29 59 55 77 45 74 97 64 49 43 95 75 72 85 48 1 0 21 46 77 39 39 36 85 45 92 52 7 96 4 87 29 57 77 86 72 81 12 13 14 18 88 74 87 10 28 6 99 92 84 16 10 10 25 61 31 42 64 80 17 66 32 9 96 13 92 18 87 55 57 24 49 88 14 59 92 48 26 63 78 94 100 12 52 83 1 49 62 55 55 61 45 33 74 36 57 58 93 22 23 28 38 82 89 69 3 35 20 11 73 15 86 10 86 27 30 29 69 99 27 81
95 63 24 80 86 69 89 23 92 37 11 2 51 48 63 87 28 2 81 27 27 78 68 78 29 82 95 7 55 52 31 21 47 25 87 63 86 55 100 18 73 13 49 55 50 80 42 15 2 1 75 18 84 25 47 72 19 46 48 6 50 18 5 38 51 53 9 76 13 10 47 1 40 53 28 54 77 39 58 88 60 27 79 52 97 54 78 1 11 15 29 58 66 20 75 48 4 32 78 53 33 65 33 15 24 34 36 83 96 36 30 4 23 19 36 64 8 28 62 71 85 70 61 81 77 63 60 32 17 9 70 97 62 68 52 83 88 10 56 97 71 37 42 40 70 54 38 22 67 97 24 100 31 76 75 28 61 56 78 32 10 34 13 79 52 92 89 9 90 18 77 57 49 9 18 42 47 87 83 52 71 27 62 43 57 88 35 92 97 38 60 100 88 59 29 53 27 15 66 72
61 81 47 38 99 57 47 93 5 63 93 87 39 20 76 57 92 20 69 44 43 60 48 18 13 12 75 56 37 19 24 89 73 88 93 46 26 86 30 81 95 5 11 50 73 34 25 44 21 35 77 93 35 50 31 50 70 74 84 59 75 98 61 67 19 50 25 28 83 91 81 85 49 1 42 82 86 0 36 89 9 21 90 53 94 21 15 67 49 69 10 23 86 77 3 4 51 68 65 30 2 7 90 1 82 11 46 58 83 39 83 35 74 37 40 7 70 20 74 67 42 66 5 13 84 85 7 3 12 9 61 4 12 5 50 96 64 94 67 89 19 86 52 11 3 9 49 82 92 97 47 79 6 15 26 7 59 65 94 42 40 96 33 68 26 1 96 60 20 84 22 20 44 83 31 93 44 29 60 11 47 4 16 87 19 49 42 3 42 57 44 44 34 66 28 78 41 42 75 69
35 10 75 97 86 99 7 43 32 45 71 9 72 2 94 62 52 61 97 84 19 71 24 20 97 64 11 67 9 55 59 30 54 100 57 53 83 97 90 37 93 25 15 48 42 40 53 61 99 64 4 6 62 33 18 45 39 99 74 91 17 56 40 21 64 70 42 69 19 52 43 94 80 68 33 8 49 27 3 98 24 85 58 61 85 31 73 16 88 45 88 4 21 63 44 41 93 98 17 55 8 7 43 81 74 88 98 70 38 8 63 2 97 19 22 7 93 25 89 28 68 61 20 86 1 99 40 63 95 83 50 39 75 60 39 92 27 84 31 41 77 43 46 11 93 27 10 59 16 7 13 28 32 93 59 37 0 55 100 70 84 35 51 28 71 47 66 32 76 84 18 96 97 73 76 95 57 21 55 92 70 71 86 26 57 47 97 31 38 65 87 51 15 46 23 29 6 27 28 94
95 60 77 86 87 90 75 2 61 13 33 49 46 96 37 53 80 57 34 24 61 59 57 38 79 65 37 68 75 50 44 15 91 70 10 71 93 44 78 31 65 65 32 93 23 33 29 15 85 39 72 13 6 10 2 82 9 75 47 54 72 85 68 84 44 35 65 67 13 94 55 83 55 92 84 0 39 54 83 71 27 77 70 75 50 43 79 85 42 86 9 46 89 85 40 21 71 18 97 7 53 91 90 97 5 52 31 98 73 53 57 21 43 95 18 67 95 81 58 54 68 94 21 59 12 99 56 76 8 28 9 38 19 55 19 14 4 50 32 72 67 3 85 85 40 49 23 14 16 73 73 70 26 45 86 71 43 30 62 2 33 90 33 53 50 61 90 53 40 24 26 51 20 15 17 36 88 83 68 18 4 5 9 0 99 6 80 87 23 44 31 95 1 36 18 100 52 98 36 50
52 34 37 1 33 59 14 94 34 73 26 97 74 10 32 86 28 25 71 91 66 10 27 55 74 55 5 39 45 94 38 11 60 49 77 12 72 64 79 94 49 13 6 5 47 31 46 20 64 83 61 88 45 40 69 58 17 13 53 93 12 22 20 35 34 51 55 40 49 38 72 44 98 2 13 3 34 12 43 63 30 71 19 83 36 17 86 0 56 37 42 5 16 69 67 13 44 19 14 10 86 73 81 2 3 59 24 19 53 81 34 98 5 81 17 60 7 0 77 48 71 56 90 96 10 93 11 87 98 12 66 39 90 49 21 68 90 61 100 10 2 17 26 83 64 29 46 88 73 78 1 6 13 87 94 39 59 62 27 27 13 38 64 27 43 9 55 14 63 29 21 34 59 0 72 20 10 14 22 23 46 17 26 72 56 81 51 61 40 77 57 56 26 77 2 34 99 68 79 27
21 36 78 0 62 26 26 19 13 11 46 10 93 71 51 14 75 66 12 31 50 46 59 73 5 98 65 77 73 99 31 36 57 24 3 42 65 18 49 98 38 17 24 22 29 97 90 0 47 24 78 35 40 43 88 39 24 91 100 59 17 23 42 21 11 38 46 73 31 88 1 65 14 11 70 72 50 43 92 73 77 75 67 82 97 22 46 47 22 52 81 60 97 29 56 90 83 55 99 51 44 88 33 49 52 81 34 31 33 97 88 3 76 77 46 61 96 50 22 0 6 50 4 89 50 23 2 9 96 2 33 22 24 30 84 72 85 1 55 6 28 0 5 34 12 31 23 45 23 98 44 9 51 32 49 24 1 38 40 11 57 78 77 91 17 96 81 41 46 28 15 17 66 22 77 17 31 67 13 71 54 15 71 42 88 99 84 63 52 19 99 62 59 31 25 57 65 4 40 90
40 40 37 63 21 18 32 85 48 71 81 84 2 37 94 90 3 49 45 64 4 75 9 50 76 66 53 59 71 75 23 96 67 4 94 31 80 2 56 88 11 4 8 63 3 67 34 45 44 58 84 7 50 93 37 88 77 76 29 95 54 4 10 83 33 68 51 24 97 87 56 100 54 90 0 41 11 56 9 36 16 8 70 74 44 49 27 49 95 45 15 46 98 69 88 97 24 90 37 39 82 13 45 100 43 73 10 23 8 30 93 86 86 34 18 24 87 55 16 63 56 95 30 71 93 2 9 25 36 78 9 13 10 6 10 86 80 64 84 24 93 70 82 46 84 78 53 38 96 96 96 30 18 83 48 23 6 29 20 67 83 6 1 39 65 1 26 49 50 34 94 51 38 46 17 10 90 89 63 100 94 58 68 63 67 79 17 36 12 62 74 85 8 20 96 39 37 71 81 64
34 63 66 67 72 75 91 61 28 23 20 22 1 55 39 50 48 67 10 0 43 62 38 45 50 82 83 50 8 90 22 98 11 0 13 56 88 76 81 16 61 46 63 97 74 4 59 14 3 11 63 20 39 13 99 2 72 71 61 93 40 78 85 5 10 33 96 25 91 37 38 91 70 52 20 69 88 97 93 45 31 42 23 6 25 7 5 40 51 8 87 87 25 8 56 14 95 3 35 12 37 72 69 74 72 98 22 49 90 19 43 56 66 85 13 11 64 85 16 97 1 10 82 48 72 49 59 1 6 3 55 86 73 30 3 62 83 72 37 74 33 48 50 49 22 11 59 64 69 22 91 57 44 87 98 7 39 72 2 78 9 81 29 3 86 50 60 60 92 98 32 55 67 55 13 100 69 52 45 42 38 82 47 2 31 57 9 39 21 34 85 59 47 91 33 1 64 93 91 75
16 94 45 38 57 3 37 12 93 53 64 62 87 36 5 100 88 38 43 14 91 56 99 46 24 89 53 44 4 62 71 89 24 33 49 1 6 13 58 69 96 55 77 5 13 49 66 21 43 29 58 86 8 3 62 66 39 80 27 49 98 76 31 31 1 81 87 35 17 21 37 94 33 43 90 50 84 17 0 99 39 65 80 72 56 53 2 14 59 35 56 93 52 8 8 57 52 54 48 59 71 89 96 53 19 4 17 4 78 85 100 18 26 35 60 38 99 15 98 11 79 52 0 5 68 11 59 87 58 52 91 12 31 20 30 7 20 7 55 51 38 96 34 85 93 45 16 87 10 18 57 5 59 3 40 89 76 85 63 46 20 12 13 79 95 100 69 33 98 28 8 53 36 9 32 17 56 57 13 44 59 36 6 42 47 70 29 83 23 18 95 68 41 53 26 27 25 92 17 94
46 46 21 20 55 20 45 44 48 33 87 78 70 14 66 29 76 32 37 29 76 59 66 8 83 45 81 58 69 44 86 52 93 96 7 76 40 100 6 4 77 31 13 89 95 20 70 31 72 22 15 63 35 62 38 70 9 39 100 10 81 3 98 15 54 100 49 95 68 8 18 27 55 14 37 6 16 62 1 20 22 39 22 57 15 13 26 30 69 84 46 46 62 43 58 35 72 3 25 100 4 17 96 100 73 43 86 2 30 77 25 19 33 8 35 62 3 85 33 38 80 53 2 15 58 63 18 3 2 95 65 52 30 22 39 45 79 52 82 84 16 27 52 6 57 98 16 53 30 41 5 3 67 28 69 91 7 45 63 8 30 7 59 94 56 7 85 27 91 71 56 58 52 30 6 76 74 100 62 67 95 22 59 44 63 86 29 43 34 76 69 43 73 45 16 82 36 92 93 24
42 73 47 32 64 74 77 63 74 29 22 59 100 43 50 83 35 78 76 8 72 78 6 20 50 99 33 7 68 44 33 59 21 6 86 59 8 92 45 27 54 33 72 89 55 19 47 34 80 68 67 9 17 17 82 87 73 10 33 72 9 17 3 19 23 4 97 17 90 31 54 67 37 61 94 28 97 57 40 10 8 58 78 89 13 46 17 22 29 59 78 86 5 90 34 64 57 27 67 99 43 56 82 83 41 53 11 10 20 8 1 40 34 89 54 93 81 53 75 1 33 11 97 67 29 47 65 29 84 18 76 21 74 40 45 86 95 49 57 61 44 28 54 89 24 96 37 80 76 73 71 37 62 17 14 3 54 73 78 26 88 55 23 2 17 75 95 15 27 49 58 21 46 23 67 80 26 50 33 47 38 51 74 11 84 96 85 0 96 75 95 44 23 93 45 83 28 2 97 84
46 3 94 57 24 93 87 51 100 11 86 86 22 94 99 18 88 48 27 70 47 60 5 2 50 64 94 34 99 51 42 41 91 18 83 61 37 75 74 53 95 83 49 6 99 43 100 48 50 36 67 20 92 69 76 66 42 17 74 14 91 98 55 30 87 24 94 87 44 58 95 24 75 88 24 65 19 56 63 39 26 75 64 31 5 48 66 90 91 97 76 2 82 50 26 30 66 10 70 31 65 82 46 76 57 81 8 97 86 95 7 47 49 4 74 45 36 2 42 25 16 79 55 4 28 6 20 13 40 62 35 33 15 88 42 64 40 69 85 49 10 26 67 61 24 98 6 97 80 95 58 27 46 26 68 3 0 5 33 20 34 99 92 25 94 27 81 97 81 66 46 32 64 1 47 16 2 97 52 31 63 83 65 49 50 65 58 92 80 5 7 90 78 93 24 36 50 51 82 74
59 8 63 44 46 4 80 53 55 7 67 58 75 28 51 3 75 91 43 41 66 68 54 3 15 65 60 55 64 100 54 8 60 94 10 46 1 74 17 1 50 48 100 64 83 57 59 90 100 23 52 10 33 27 100 86 44 5 23 19 66 84 9 70 85 63 35 76 72 70 67 51 16 54 34 26 87 88 71 11 50 42 26 17 35 45 44 67 2 6 68 80 59 49 17 89 72 32 93 0 58 97 43 1 26 50 54 80 81 85 73 82 33 61 27 97 99 6 59 72 73 76 9 2 100 43 36 37 50 21 82 35 67 84 64 0 72 19 14 35 43 57 12 81 83 49 45 63 2 19 67 16 20 35 94 24 37 76 60 92 63 47 78 89 14 65 99 96 54 6 53 96 4 58 94 40 30 56 49 57 17 30 44 65 24 42 72 49 32 19 32 85 59 66 69 39 13 65 61 22
49 45 34 67 42 11 51 51 48 44 49 24 26 26 4 30 43 17 47 91 83 78 97 8 93 18 84 95 75 98 47 27 3 71 100 62 66 9 76 62 62 84 79 3 75 63 58 76 31 53 66 44 14 76 19 4 50 11 63 44 46 43 11 11 27 97 95 0 72 86 2 78 30 29 72 43 6 96 93 49 66 18 39 100 17 51 59 42 25 83 30 93 36 56 7 53 30 28 98 62 76 97 65 9 2 76 14 47 78 71 90 44 40 15 92 25 33 14 85 76 18 15 9 64 50 73 19 55 91 12 42 70 8 61 99 77 44 68 41 55 85 71 78 67 80 31 13 96 25 0 80 30 73 2 12 3 90 35 70 66 78 71 24 75 57 50 83 21 64 37 76 68 19 88 23 10 29 46 7 93 91 70 94 81 8 72 52 66 72 93 61 12 58 25 34 44 14 99 80 80
3 59 70 72 18 1 91 83 84 44 47 66 1 62 66 84 65 93 12 83 18 80 43 23 45 10 19 58 63 69 48 58 77 56 74 78 57 46 99 82 84 42 27 23 41 37 5 99 33 97 7 17 94 90 25 80 82 84 92 67 84 49 45 54 46 55 33 37 15 67 65 1 46 21 80 37 61 83 90 95 4 30 24 21 97 75 28 82 60 51 22 71 73 20 70 20 98 19 30 78 64 53 68 54 5 66 41 96 19 18 83 15 78 23 36 17 53 8 43 91 19 91 75 99 37 83 74 50 58 61 58 47 27 38 26 65 59 27 99 92 89 63 15 2 9 3 20 57 91 15 6 93 39 55 93 19 92 87 77 84 30 51 100 61 25 56 42 11 93 98 89 20 94 48 55 26 10 2 85 56 4 51 50 61 26 0 74 70 76 23 62 86 71 5 29 23 33 1 5 37
31 86 60 15 18 19 26 17 53 59 99 98 78 81 74 80 32 35 64 21 59 98 12 55 94 27 74 45 40 32 48 22 77 89 68 73 30 72 50 80 81 43 64 8 10 11 31 81 0 89 56 55 6 80 41 66 88 44 98 68 75 99 44 65 8 24 94 93 58 98 2 83 53 28 67 19 42 12 73 53 40 71 78 93 96 8 92 48 95 20 26 87 4 33 12 41 65 27 34 10 33 17 53 65 10 0 24 15 58 48 47 20 0 59 81 52 12 93 27 44 29 14 10 70 45 92 17 9 99 88 39 52 60 74 5 37 85 29 25 62 12 47 87 19 71 40 87 96 55 25 79 93 69 74 41 17 23 76 17 5 7 63 93 76 15 28 56 8 44 6 6 67 17 60 36 68 8 89 86 23 3 37 10 98 42 36 46 90 98 80 75 86 59 0 56 72 95 59 3 64
61 76 26 96 20 76 15 63 90 100 30 21 78 25 50 87 61 33 48 64 56 98 23 69 54 20 16 65 7 19 63 72 53 1 71 89 67 47 13 0 100 58 74 57 9 97 47 3 98 65 83 20 86 86 14 2 54 92 43 78 96 83 28 39 71 19 82 9 68 6 66 100 0 60 28 8 41 35 73 15 8 32 71 96 90 95 46 69 53 42 25 6 79 38 92 14 0 94 23 29 48 72 29 65 77 93 53 12 61 57 3 95 80 86 92 39 93 56 16 21 76 25 76 7 52 15 72 39 22 97 63 81 63 40 82 63 69 52 51 1 39 54 12 85 60 100 7 70 58 50 94 16 64 57 18 35 66 95 59 55 98 77 62 100 26 59 91 5 28 87 100 91 99 36 37 45 68 70 89 82 48 50 79 28 21 4 48 11 88 91 9 97 55 86 69 50 16 87 76 72
28 50 86 31 3 83 51 20 36 88 61 20 93 11 12 95 32 32 94 5 99 10 69 95 13 58 40 65 50 15 65 6 64 57 15 4 53 65 40 18 62 59 42 33 22 69 55 50 7 98 31 80 30 44 22 40 13 61 32 0 1 70 65 96 95 64 16 70 20 98 41 5 4 61 38 4 49 4 91 23 79 91 37 43 71 51 11 64 96 11 56 56 56 67 21 46 45 82 57 56 33 81 35 85 56 71 93 98 26 9 70 48 32 8 60 75 96 39 55 28 68 53 64 93 53 86 11 89 13 69 27 20 81 92 72 63 2 19 33 27 71 47 97 91 72 19 29 66 41 5 91 55 39 45 95 77 25 74 0 82 39 79 91 33 44 39 68 21 36 97 39 49 27 21 58 53 58 48 16 52 81 2 96 95 2 23 81 75 95 88 98 62 33 35 9 43 84 68 98 73
38 70 61 99 10 10 20 52 85 8 38 93 69 59 70 64 30 98 0 88 68 77 55 58 31 46 34 0 59 69 62 63 56 45 84 33 61 14 6 10 81 25 51 93 12 49 80 1 71 33 29 6 50 10 85 67 33 43 3 5 93 98 55 35 44 91 92 20 85 26 82 67 88 20 36 92 2 7 56 16 69 23 16 74 98 91 54 4 79 60 46 99 40 88 8 53 77 3 9 43 94 40 56 39 36 30 60 95 31 61 91 33 30 59 5 92 26 67 26 52 28 11 24 67 98 91 74 85 49 51 69 10 65 26 56 53 81 10 23 93 57 61 41 57 71 54 61 77 36 66 37 48 65 39 72 61 3 99 83 65 26 14 5 94 24 31 54 37 60 79 58 77 85 54 41 74 11 20 31 26 51 38 95 90 5 69 92 66 85 99 4 53 83 50 37 87 24 33 66 27
30 73 44 66 9 70 63 45 30 77 79 75 47 68 33 92 53 17 33 39 59 12 42 81 54 19 44 44 55 35 92 60 78 62 63 99 86 11 3 45 97 96 35 23 72 3 94 77 0 65 66 47 97 87 26 43 61 66 14 52 56 96 7 51 27 78 14 79 71 47 35 34 96 86 76 68 75 1 16 22 9 94 46 35 99 85 72 22 63 82 33 65 97 43 57 25 17 63 29 58 47 42 64 63 58 32 34 72 24 12 76 3 64 32 85 4 57 16 50 33 18 7 23 89 25 90 23 52 65 46 30 15 2 54 7 52 26 2 51 21 32 64 0 88 1 100 43 22 30 73 4 70 75 10 93 63 90 1 16 51 34 35 8 8 1 90 83 49 36 17 90 81 60 39 39 52 36 61 29 10 0 47 59 77 9 65 1 52 17 94 57 0 67 28 50 60 80 87 36 26
61 11 8 65 90 97 30 68 67 92 24 18 49 31 52 2 2 44 37 65 10 63 98 17 14 54 30 55 76 49 14 72 61 6 87 54 87 45 32 93 26 9 49 1 2 76 44 27 82 53 69 12 10 69 84 78 22 42 21 75 97 47 81 7 10 1 49 22 16 60 42 78 90 35 1 55 53 44 84 68 78 62 75 53 41 46 91 47 11 12 95 29 84 93 56 31 77 51 22 7 18 80 89 66 25 32 90 10 6 5 15 16 65 29 10 48 76 72 76 20 53 79 26 26 9 67 80 31 73 74 27 12 43 53 21 14 22 31 63 66 2 55 38 74 99 20 68 50 61 53 80 61 79 27 54 63 19 14 7 11 8 31 69 19 60 79 62 83 59 21 94 11 49 56 29 96 92 51 79 59 56 35 12 12 3 70 100 66 12 16 71 48 60 90 89 10 10 29 43 7
6 62 87 63 37 6 41 41 100 97 79 83 19 17 55 56 16 87 4 39 68 100 53 32 75 24 26 12 50 39 64 18 81 8 91 98 53 73 78 73 36 27 4 4 60 91 91 51 56 52 12 89 24 25 82 47 29 48 26 71 90 6 55 33 66 51 95 17 88 37 36 43 59 56 95 61 46 45 79 67 37 23 81 39 92 26 39 74 36 72 60 94 96 77 69 35 63 37 37 87 24 86 80 89 67 20 22 31 85 11 51 47 14 96 96 83 11 77 7 48 73 62 5 84 79 72 13 95 41 65 48 86 66 3 59 30 90 90 87 20 50 20 35 51 96 15 89 93 79 97 54 13 81 74 55 51 30 21 65 91 24 22 92 96 73 1 82 59 10 19 55 4 4 94 92 19 13 96 14 67 77 52 32 59 41 90 95 79 2 56 9 40 59 60 66 53 73 78 94 17
77 78 35 66 7 47 68 21 3 12 74 12 44 35 79 80 41 5 79 46 16 68 43 75 83 62 57 68 73 46 19 25 35 90 63 21 30 68 26 24 5 61 6 86 5 87 37 34 92 57 80 4 78 58 50 70 66 93 41 52 26 84 100 82 15 16 28 35 64 71 38 34 0 59 75 93 15 33 42 11 51 1 15 76 42 68 75 8 80 67 25 23 90 70 63 28 49 56 21 20 22 94 44 38 27 45 80 1 72 8 96 74 83 48 78 48 98 1 97 52 52 30 98 76 40 54 50 7 25 55 9 32 6 79 28 57 83 38 85 91 41 51 75 100 75 7 59 23 50 39 22 4 45 67 78 8 77 23 36 33 25 17 19 65 48 0 54 22 91 99 22 66 86 22 64 20 74 9 85 32 55 27 11 19 82 14 40 8 16 40 47 10 83 40 22 80 44 41 36 19
50 94 38 39 80 26 5 6 21 69 7 91 67 78 43 91 18 7 73 47 20 29 36 27 96 6 16 59 69 52 75 73 51 52 85 52 42 62 90 57 31 56 29 84 72 29 26 11 90 17 49 73 5 46 65 74 36 84 38 62 92 43 72 14 13 71 39 63 73 13 71 45 35 17 29 10 79 86 68 51 75 11 53 73 59 75 86 28 44 44 27 1 8 34 95 43 30 52 24 80 37 11 35 29 2 53 26 12 18 50 43 0 88 18 64 4 4 90 4 38 29 33 17 26 41 49 99 47 12 46 78 65 97 6 25 2 24 75 100 21 21 86 20 7 29 14 24 74 29 0 61 97 42 65 16 86 77 38 100 82 85 80 55 4 23 80 53 41 40 81 19 81 92 33 11 68 45 93 33 88 41 11 52 29 47 57 51 13 53 11 68 29 81 17 1 13 83 87 14 52
39 27 57 73 92 38 26 62 76 57 63 19 56 70 15 55 92 48 30 13 84 91 67 95 17 85 29 20 19 83 37 84 28 32 63 86 24 0 34 27 51 31 77 26 62 61 81 99 21 40 52 10 61 17 98 28 48 74 49 85 100 57 58 30 55 25 86 87 57 51 35 7 42 98 89 54 41 10 60 10 25 32 24 89 74 58 31 35 47 15 14 3 48 53 54 2 29 16 20 97 82 23 86 65 17 47 24 86 6 13 14 77 17 68 58 100 98 95 59 78 92 82 16 98 23 51 30 36 33 33 25 80 32 36 92 8 48 57 8 8 31 5 64 80 67 91 45 15 36 61 88 56 88 50 57 39 83 95 94 97 99 38 92 76 62 97 95 69 36 6 59 86 96 62 28 85 27 5 67 73 93 77 80 24 20 100 17 16 55 22 20 64 83 20 81 80 10 14 97 34
54 6 73 28 45 46 71 59 4 31 38 61 59 94 39 43 76 77 33 22 14 61 72 29 73 83 29 49 41 51 19 62 14 14 77 11 93 85 29 27 75 75 59 64 19 33 89 37 74 38 96 37 33 46 19 57 47 28 31 14 53 1 16 36 95 50 43 89 15 78 22 0 31 89 35 38 77 21 51 51 10 16 21 26 11 17 84 86 97 72 60 18 8 50 94 59 96 4 83 93 58 36 81 7 66 24 52 91 62 74 96 34 42 39 70 24 52 53 85 60 33 39 69 83 68 85 100 90 59 28 40 0 52 8 46 71 98 44 49 86 66 78 24 31 1 52 53 60 18 38 5 11 72 67 34 56 51 69 17 37 16 40 24 60 58 77 35 90 56 96 68 63 31 81 98 51 39 25 59 88 41 15 31 54 36 77 38 12 5 12 81 4 25 19 15 73 43 35 82 72
88 96 1 94 57 12 72 55 71 28 60 1 63 78 82 21 80 38 50 63 63 77 98 25 99 76 31 3 46 13 33 55 15 73 56 93 1 11 53 6 55 49 99 39 93 26 65 36 98 9 98 86 38 67 32 32 12 71 24 2 33 76 31 60 27 4 19 33 54 21 14 85 65 65 39 62 84 19 51 3 85 1 94 85 29 84 33 55 57 47 80 100 28 1 79 72 70 24 62 100 96 90 8 29 48 57 85 45 89 84 39 55 60 73 86 86 91 24 88 91 28 37 73 32 89 38 31 13 35 59 59 85 77 68 17 63 4 16 45 53 20 2 68 38 39 76 12 95 28 21 2 93 53 98 48 89 10 69 31 96 41 25 22 19 29 33 20 75 62 2 27 39 76 98 76 69 9 8 83 18 30 52 28 20 33 22 14 7 42 96 16 97 96 14 38 55 60 80 6 35
95 66 27 43 87 57 98 2 75 61 99 82 36 78 47 97 93 81 2 4 58 15 82 51 42 58 18 14 61 70 17 23 61 49 69 52 30 73 80 39 38 29 85 45 9 53 88 100 75 20 71 7 0 22 34 20 84 12 52 57 71 8 83 98 64 52 20 91 77 94 71 40 82 18 70 44 96 53 53 83 11 78 63 98 86 68 15 30 24 73 54 54 35 81 11 94 25 41 56 1 8 10 25 87 14 87 51 77 38 49 21 38 9 20 49 91 16 25 56 15 65 39 48 47 74 59 67 43 92 70 47 68 91 56 9 76 82 100 88 50 38 3 72 43 74 86 71 45 84 16 18 52 34 61 43 14 20 67 21 86 85 82 32 18 64 100 23 82 58 26 87 29 70 52 44 25 65 1 71 73 42 14 79 26 7 32 40 97 10 56 62 91 53 62 62 27 76 38 26 65
63 18 49 40 89 26 33 46 48 18 76 10 74 88 57 78 89 83 95 81 49 49 51 12 77 47 94 29 90 83 46 60 42 94 46 90 25 1 64 70 76 21 16 30 54 24 61 60 10 19 1 43 69 49 62 47 84 45 7 14 35 75 30 41 67 0 75 3 32 70 88 1 3 75 31 50 93 90 46 0 60 23 28 18 26 15 5 74 21 36 70 29 84 43 25 85 87 44 43 23 68 58 37 23 35 82 7 17 43 25 6 27 41 76 49 4 28 100 1 64 20 43 87 97 39 20 70 16 24 74 73 67 27 76 33 31 52 30 70 81 63 92 35 7 55 73 21 18 99 77 60 7 33 69 82 43 47 69 12 44 93 84 50 16 38 39 40 3 19 73 51 12 12 73 97 11 85 29 96 68 85 23 84 57 70 85 20 16 49 68 26 25 42 61 72 33 28 7 43 4
59 70 22 73 31 83 59 4 60 58 31 82 16 97 54 41 98 15 45 16 84 51 11 96 1 11 34 31 94 99 51 70 90 11 6 93 1 14 29 79 20 52 22 71 27 66 50 91 45 11 15 16 36 51 27 13 83 53 97 25 10 50 60 5 49 82 37 74 52 39 47 2 33 62 96 35 55 95 40 19 61 96 54 46 28 6 45 93 37 100 30 4 84 40 36 50 18 48 46 40 27 28 70 62 29 57 67 9 24 19 70 97 68 80 81 85 55 63 30 85 34 89 69 4 4 6 72 62 32 66 77 41 61 11 38 29 75 57 26 47 45 86 57 82 96 91 58 38 62 49 7 70 11 32 99 64 65 92 80 61 47 3 41 18 82 8 32 48 77 66 52 61 70 91 61 67 58 10 12 42 93 64 84 69 10 77 12 10 71 29 6 45 59 100 91 3 90 6 78 91
51 60 35 44 27 77 32 54 10 57 35 92 19 18 4 99 83 91 2 100 42 94 78 45 59 84 12 64 52 85 100 38 68 89 33 1 80 34 97 40 4 58 2 63 99 63 72 51 73 13 25 63 13 73 43 17 8 56 96 52 72 92 95 19 47 8 35 94 48 69 41 90 29 98 80 97 69 18 26 97 4 81 13 93 63 64 19 4 66 49 18 10 49 22 67 63 94 60 97 80 26 99 36 77 53 6 74 89 2 65 48 63 4 75 81 54 95 65 71 66 0 76 9 29 67 27 79 97 56 94 63 75 51 92 28 85 98 29 88 55 35 68 2 63 85 7 44 76 70 45 97 24 93 25 2 46 36 67 100 50 94 17 51 2 93 78 69 83 73 100 30 12 92 47 8 16 62 88 86 12 86 50 54 22 11 55 5 28 17 15 75 67 92 35 43 41 61 12 86 18
2 12 99 86 38 43 41 96 95 100 66 69 4 36 70 79 38 93 24 89 75 91 8 86 47 42 46 66 3 12 27 12 82 24 27 51 14 60 86 14 30 3 63 49 46 30 91 17 49 93 49 27 5 80 27 87 12 38 75 85 70 15 82 93 89 80 22 16 41 22 88 30 74 71 76 45 62 31 44 2 99 9 70 66 13 55 19 55 45 28 21 86 36 71 58 54 87 45 50 17 47 54 31 41 59 1 20 63 91 99 73 9 43 26 87 72 67 56 81 16 73 26 31 13 58 21 40 97 13 25 3 66 37 85 99 30 76 47 48 93 56 76 40 65 80 7 56 7 47 48 37 43 20 83 57 82 93 99 25 4 13 22 78 23 14 99 84 58 9 69 49 31 38 91 49 80 44 27 41 57 20 59 77 85 33 75 65 53 50 31 98 21 99 21 7 89 92 94 75 36
36 27 70 7 73 99 41 18 61 78 39 3 31 92 60 4 11 2 38 10 47 60 21 67 82 67 42 25 13 0 77 0 84 90 63 23 1 22 19 22 29 98 35 62 16 22 0 20 55 83 2 38 35 38 53 86 24 0 29 78 11 13 62 42 69 84 27 5 95 40 11 33 78 44 24 91 55 33 38 60 41 71 94 31 26 87 92 58 8 92 91 82 26 42 48 52 86 68 29 89 12 34 35 16 60 57 98 0 26 57 40 54 82 29 87 12 5 17 36 30 35 97 39 3 97 35 52 23 93 26 79 98 0 92 63 61 32 8 10 39 61 10 27 63 67 87 78 53 82 70 59 94 1 49 4 69 51 64 58 46 85 20 87 56 97 43 34 33 44 92 43 50 57 73 28 65 86 78 72 28 97 41 100 16 70 48 46 96 20 82 81 54 9 50 7 95 71 46 30 16
23 47 91 42 87 55 12 62 80 98 5 39 10 90 48 42 54 17 20 78 49 83 76 34 78 20 13 65 13 37 31 56 92 74 79 64 14 53 41 11 49 55 73 1 60 7 13 53 39 73 70 12 24 75 61 0 15 16 91 18 50 77 78 78 49 17 11 40 90 56 98 35 100 13 81 57 68 34 20 19 26 15 76 91 98 98 8 51 41 38 59 9 41 98 19 63 94 13 95 65 11 82 34 3 54 31 46 39 41 62 65 31 4 16 92 100 71 15 93 38 48 74 31 61 74 87 68 97 1 6 75 40 69 49 92 37 88 0 5 1 79 75 17 95 18 68 51 44 58 48 0 73 52 23 67 32 63 9 46 5 63 58 63 27 78 14 19 3 43 79 1 68 11 69 31 34 46 51 19 71 0 56 38 15 54 11 77 56 68 11 11 80 76 20 28 94 12 28 98 67
12 8 68 70 34 63 64 88 93 30 97 38 14 48 46 46 97 7 54 95 26 41 67 48 56 37 43 72 16 10 10 72 35 52 71 81 26 9 84 3 99 76 27 98 46 91 49 74 84 1 42 88 21 3 15 88 9 71 62 82 71 63 42 51 77 46 63 54 32 58 71 44 82 51 68 2 12 0 97 60 43 97 36 76 10 71 70 5 92 43 90 72 39 67 47 23 37 38 28 39 36 70 60 88 91 60 66 83 21 52 49 7 57 3 27 52 82 37 57 10 45 72 35 45 75 8 64 56 77 22 99 60 80 42 28 93 11 85 59 70 44 2 70 72 6 38 80 52 100 42 65 27 18 52 80 4 25 44 92 27 0 76 100 88 56 33 82 11 1 78 19 35 35 81 37 80 11 98 47 85 26 100 72 21 76 35 32 59 99 6 50 18 50 37 87 66 36 61 22 20
82 57 51 41 43 70 69 11 78 25 40 87 40 5 11 99 28 60 83 15 53 88 41 5 78 69 69 74 42 4 54 87 37 24 17 38 56 23 47 18 61 68 35 3 5 99 24 95 45 92 7 10 47 13 3 50 88 9 31 28 77 7 5 42 28 79 29 44 81 58 32 67 51 85 11 71 35 78 51 62 18 32 42 77 21 68 47 78 0 77 25 56 60 70 22 17 42 71 49 98 91 44 68 14 29 91 3 91 78 98 48 82 69 12 85 5 16 76 27 33 91 8 39 66 73 32 84 43 95 24 82 14 99 81 87 17 8 32 8 75 80 93 15 87 95 26 3 41 8 64 83 52 32 76 21 9 98 54 45 47 60 12 28 62 1 39 65 55 95 31 92 99 13 20 29 87 58 49 74 9 30 48 74 4 95 19 32 6 76 62 39 3 92 97 79 92 63 67 3 79
43 80 46 77 5 38 55 37 22 0 74 14 32 13 62 14 77 74 52 24 25 59 20 41 38 12 3 80 37 82 100 78 76 43 16 21 53 98 49 89 75 0 72 17 34 19 42 68 86 64 33 66 24 14 23 64 96 90 23 33 78 81 4 17 40 18 24 78 17 5 25 8 10 72 77 81 30 70 37 94 22 6 64 52 11 61 93 29 31 31 83 43 38 38 59 85 49 24 33 97 6 42 23 48 70 54 91 17 55 16 12 27 65 59 36 30 26 38 77 7 98 84 58 16 95 69 80 91 44 41 17 0 83 23 9 36 50 64 72 5 19 87 72 27 81 96 66 52 21 30 3 88 62 17 16 100 93 2 2 29 27 69 95 85 80 49 9 53 44 59 19 0 35 75 77 0 18 92 17 31 5 96 42 67 69 35 44 14 51 45 51 66 73 68 86 98 86 83 6 92
98 52 34 70 38 97 41 75 8 80 60 55 96 66 32 63 83 13 21 57 27 3 2 41 19 17 98 80 62 89 33 74 82 40 66 65 4 89 84 27 53 76 5 37 33 35 95 44 71 5 75 21 38 12 6 66 83 13 1 1 93 49 59 63 63 63 72 36 50 24 73 10 11 71 61 69 32 37 24 83 78 55 36 42 35 57 67 22 96 72 5 97 37 62 30 25 92 38 52 27 42 9 64 77 74 52 19 99 28 18 72 64 52 51 1 46 5 44 89 30 84 41 65 30 14 37 13 46 38 38 0 15 77 14 82 39 95 40 76 6 81 88 62 85 11 88 92 52 100 30 10 58 11 74 86 41 74 11 9 62 59 60 31 20 22 42 70 96 7 75 84 83 81 55 76 67 61 31 50 95 7 59 2 73 91 36 97 83 62 37 3 100 91 37 58 58 3 43 5 32
88 36 34 98 43 3 78 81 32 84 52 7 58 4 28 12 42 5 77 5 3 8 49 52 21 16 29 52 4 53 68 29 85 29 2 25 68 25 46 14 78 93 43 98 0 27 49 12 27 30 65 5 94 87 70 97 4 84 24 24 22 69 53 72 66 70 28 36 23 62 68 38 41 11 9 45 18 16 42 3 43 93 0 99 53 36 55 54 59 10 40 54 44 30 31 12 25 58 51 22 88 24 43 18 67 77 96 36 21 100 15 33 5 46 28 4 20 8 60 31 34 46 21 77 62 63 81 58 85 86 58 57 92 2 16 99 52 28 80 65 30 21 66 21 43 50 20 29 10 74 88 34 48 82 84 82 11 57 81 58 51 26 14 76 42 72 18 92 20 72 33 80 5 90 33 36 84 91 81 100 34 22 63 43 10 9 20 27 5 83 86 87 69 8 81 76 58 51 71 11
43 49 56 53 76 33 68 81 39 96 3 67 98 36 21 63 13 46 9 70 89 87 67 35 27 63 74 61 26 18 88 74 19 40 14 34 10 51 9 55 41 7 3 2 69 47 2 61 31 74 1 55 75 63 47 64 63 26 60 42 57 13 51 55 78 5 61 7 78 6 42 13 2 29 90 8 9 75 17 81 41 9 5 87 75 74 86 43 57 57 73 74 85 39 40 85 6 26 34 31 41 93 50 94 14 15 96 86 21 21 6 28 96 36 74 58 69 50 3 98 13 97 73 66 10 88 26 89 33 97 54 18 27 8 85 77 51 25 18 19 98 3 57 63 88 22 9 3 1 77 78 98 2 84 100 13 16 48 64 81 94 91 60 17 58 72 1 43 71 96 5 2 60 99 54 12 0 23 85 81 41 77 39 86 15 70 14 24 41 3 17 58 16 71 47 33 82 75 0 30
12 6 50 37 66 74 58 62 26 24 53 15 72 46 15 18 89 25 93 86 71 82 93 70 20 63 19 23 73 60 13 95 50 54 15 66 71 77 2 64 57 43 89 93 69 57 75 36 9 1 4 14 42 59 20 35 84 36 91 42 93 25 6 29 67 19 52 42 71 94 34 9 43 33 18 28 42 66 45 58 38 85 31 11 50 4 50 79 18 97 86 4 80 14 65 18 93 50 40 83 37 88 52 85 85 33 76 11 3 83 36 84 73 11 50 4 93 62 53 62 47 18 47 0 39 14 99 3 47 55 32 28 45 94 6 36 40 40 88 81 35 79 42 4 16 23 11 85 14 10 67 59 48 64 44 1 99 85 2 40 78 79 49 36 60 62 77 70 24 85 93 43 56 22 33 10 75 74 67 46 86 91 85 39 12 39 84 43 40 80 54 8 20 96 8 47 61 36 47 12
1 77 51 26 51 73 65 90 21 23 57 1 83 93 91 64 33 54 79 79 39 29 91 96 24 88 62 51 19 61 37 25 83 2 22 43 34 19 37 54 93 89 70 33 64 100 72 37 67 85 47 90 81 24 19 39 100 52 81 34 29 26 47 49 54 64 80 8 16 68 76 18 25 74 75 22 93 35 38 62 35 97 43 84 71 75 42 24 38 3 84 77 75 36 75 15 41 36 9 28 100 25 32 98 78 61 93 80 10 77 35 92 54 36 63 59 59 11 10 84 43 55 68 89 83 66 36 17 75 90 74 24 0 40 1 23 70 53 50 56 3 60 15 1 64 67 29 60 88 30 30 1 58 13 44 73 14 94 99 47 42 84 65 12 16 68 97 94 49 1 33 5 80 11 14 16 87 12 9 88 0 57 55 66 91 42 60 52 62 78 39 42 60 83 55 96 1 76 73 84
14 99 59 37 39 13 22 67 25 6 48 80 30 68 24 37 81 45 72 51 94 46 5 57 35 64 71 32 93 32 20 31 31 43 93 76 74 0 14 45 95 33 28 60 0 97 77 7 84 54 58 95 38 69 61 71 40 33 54 19 58 16 12 78 42 13 3 31 44 23 22 48 72 67 82 14 81 45 3 22 1 74 40 34 93 83 22 42 27 78 64 83 3 49 42 90 3 45 74 82 41 43 21 40 17 38 15 53 86 1 52 68 96 59 96 76 61 38 15 21 83 89 79 3 24 54 18 69 59 27 51 14 0 76 10 40 35 79 8 7 13 52 16 6 83 49 38 98 61 99 100 79 18 22 34 99 7 15 83 85 95 99 98 57 29 29 65 34 64 61 94 63 49 58 12 45 79 93 90 59 86 54 7 87 68 82 37 12 69 68 22 86 37 47 51 1 51 69 3 10
32 65 20 66 1 88 20 8 77 17 86 10 8 41 16 7 9 88 92 8 4 61 83 24 56 57 55 18 97 52 58 23 32 85 23 88 0 21 96 8 16 46 71 56 4 81 40 39 4 23 65 31 16 94 16 56 84 56 32 1 94 6 44 43 68 25 72 55 10 83 30 34 23 60 0 24 21 49 51 23 41 36 72 87 96 49 59 98 26 81 14 68 27 11 89 15 93 77 37 82 6 100 7 2 24 87 75 71 62 81 29 78 27 32 31 75 44 77 89 23 58 62 34 50 18 77 96 14 39 90 13 56 4 65 14 67 100 22 85 45 99 26 46 25 91 84 15 93 33 89 35 80 81 2 28 60 55 41 85 87 6 70 45 7 52 60 93 68 86 53 0 47 11 37 68 59 7 63 34 63 55 90 65 66 62 6 20 72 15 27 62 5 90 17 31 52 35 99 28 83
97 71 96 0 10 20 4 71 64 2 39 51 45 85 94 16 52 36 64 53 82 67 7 78 21 70 11 41 76 14 70 52 33 85 44 55 7 41 82 99 13 38 45 66 57 98 51 48 97 69 87 30 65 97 52 84 1 88 56 28 25 94 41 15 87 97 13 76 88 96 94 90 40 97 2 71 38 46 14 39 27 35 98 21 64 100 90 51 91 81 49 96 18 17 24 58 35 81 38 40 27 34 15 84 31 82 66 54 17 47 100 27 15 17 0 9 38 95 62 39 40 4 78 45 66 44 24 9 90 78 60 88 22 54 90 61 51 13 53 36 73 73 70 85 54 1 33 88 12 96 46 6 34 99 7 24 78 97 99 49 100 38 66 50 11 21 69 74 98 25 49 81 18 14 62 17 9 47 79 30 7 73 6 1 25 33 7 94 69 79 83 32 29 25 56 37 74 64 94 42
66 31 31 78 46 90 14 98 79 30 37 23 86 66 58 21 56 34 97 56 85 60 54 68 42 11 32 84 71 28 21 85 100 25 82 44 45 42 55 16 32 78 19 32 31 86 19 23 83 9 98 23 66 22 74 24 59 93 33 58 44 79 32 79 24 17 64 77 92 33 54 94 10 69 27 52 63 1 96 94 85 16 12 13 49 42 72 27 17 54 86 77 42 50 84 57 30 20 95 98 29 11 54 53 3 49 31 71 20 27 79 79 6 78 87 15 54 28 46 99 26 48 84 82 41 49 61 62 87 84 60 38 14 12 40 46 100 0 48 47 10 8 6 58 73 2 84 28 10 34 85 32 0 97 85 2 24 10 47 76 21 48 35 3 33 76 10 86 4 54 1 96 82 70 62 94 92 24 32 74 70 32 30 87 55 52 14 16 69 15 48 83 57 62 86 60 60 55 33 77
18 87 83 61 73 69 71 38 44 15 39 66 63 99 10 5 89 14 18 21 48 25 90 68 28 4 64 84 52 32 93 61 99 97 48 8 58 60 62 3 23 96 36 39 96 90 60 95 42 16 61 97 30 44 14 96 33 88 47 81 49 88 42 85 16 45 16 11 38 52 8 23 71 88 49 72 27 6 52 51 45 31 1 51 2 20 19 23 18 65 38 92 90 58 55 27 98 9 68 19 9 27 11 86 26 15 20 66 63 44 15 70 69 96 86 23 70 33 8 21 28 61 47 12 81 14 17 79 62 52 34 6 44 0 53 74 53 6 64 29 74 41 60 16 19 50 6 25 14 55 17 61 80 73 34 43 75 28 78 93 12 23 46 9 68 37 23 21 24 11 56 54 8 80 6 83 56 71 54 38 64 73 20 80 56 67 58 84 4 23 77 17 71 82 34 7 96 91 87 52
85 14 46 36 8 56 1 96 3 61 30 32 3 96 70 17 17 60 15 47 26 69 0 80 35 65 40 54 10 98 64 37 64 32 16 72 72 16 32 83 66 76 8 21 93 19 37 29 51 55 93 58 11 77 42 8 36 81 7 76 36 80 76 83 6 86 10 55 76 71 9 66 62 59 14 56 58 11 64 18 29 25 70 22 99 11 25 78 90 12 63 26 49 56 86 99 26 3 82 84 34 48 86 64 30 18 3 45 5 4 61 53 84 40 0 84 20 29 75 90 42 68 31 59 51 69 43 99 0 16 48 19 30 24 29 69 41 4 73 30 92 65 56 39 42 72 95 81 19 11 72 67 22 99 34 13 13 0 10 24 76 8 88 85 75 70 42 46 64 29 34 35 77 30 93 83 58 23 67 0 7 84 48 18 32 76 43 15 6 34 13 42 71 31 8 57 62 62 54 93
46 51 23 72 13 19 54 21 47 19 67 98 89 13 54 53 82 69 11 18 57 47 99 72 43 37 49 95 7 88 67 19 78 15 92 71 22 15 93 66 33 56 84 76 0 35 15 100 48 35 39 6 13 95 48 66 10 28 16 55 73 65 1 91 14 3 74 60 42 72 42 1 87 34 74 66 25 39 61 97 40 91 6 48 35 22 52 79 99 47 92 57 54 86 33 71 8 33 64 16 74 40 88 83 42 4 64 91 72 48 55 67 90 60 24 9 82 75 29 70 47 97 62 9 70 65 73 8 45 97 40 94 55 89 75 43 32 29 73 56 21 76 12 14 34 87 40 80 75 34 24 75 96 31 88 49 48 100 70 36 86 15 1 8 78 100 79 74 32 43 28 39 35 39 100 81 77 33 43 90 70 40 50 62 69 34 91 27 23 30 24 75 60 59 82 84 56 75 37 76
80 91 7 25 98 28 6 54 41 48 27 100 66 83 6 46 42 81 76 24 60 4 11 85 26 26 52 63 55 32 32 4 88 65 14 65 19 51 42 46 35 12 58 86 36 14 38 31 13 98 39 33 11 54 21 65 72 42 74 7 90 25 90 97 75 61 13 91 95 86 20 77 73 82 92 31 68 64 67 94 38 92 11 96 73 25 55 15 60 34 61 46 74 22 85 61 39 49 48 1 35 65 15 100 42 85 1 50 28 96 57 69 39 74 42 37 21 82 25 46 57 78 76 63 77 64 69 51 76 7 47 15 1 10 7 36 45 17 65 43 44 2 9 88 89 10 41 72 72 91 98 60 33 77 68 14 96 57 9 39 64 56 59 88 69 76 96 0 63 48 29 60 90 9 51 39 91 50 38 77 0 77 96 96 44 23 9 95 82 72 23 92 60 84 93 45 5 94 68 28
33 7 51 34 98 12 16 46 69 19 56 39 60 18 7 38 5 90 91 93 44 33 35 15 86 66 61 9 82 71 59 14 81 73 78 13 17 8 81 18 6 34 44 54 97 82 78 82 14 54 60 16 18 56 8 18 51 53 32 79 76 32 33 61 98 85 66 6 41 75 15 37 62 1 100 50 21 2 57 49 84 92 81 95 44 29 36 47 68 11 55 6 33 94 10 51 46 12 13 20 74 42 90 82 19 92 18 57 1 12 92 26 95 3 22 18 100 63 74 37 100 26 19 86 31 64 63 18 54 94 22 91 36 14 12 27 54 58 32 91 66 85 3 31 79 100 75 5 61 64 33 87 89 14 100 42 59 78 29 71 1 22 86 8 12 78 24 14 19 28 21 90 60 12 95 87 62 79 61 48 33 5 99 65 66 24 9 33 98 46 97 22 68 8 7 45 66 17 28 42
51 69 73 31 47 63 65 31 41 78 7 22 81 23 97 50 59 84 48 14 34 30 64 71 5 63 31 54 2 97 76 81 11 56 16 4 94 93 14 70 3 36 2 92 13 77 63 72 24 69 59 51 16 25 27 83 5 55 15 37 91 99 29 28 81 52 67 59 64 37 46 81 81 12 48 69 66 41 79 63 56 50 98 77 3 36 62 69 0 96 40 14 16 77 73 4 51 38 38 33 26 72 28 58 57 73 40 69 96 3 78 61 7 81 64 75 48 67 43 1 60 92 4 63 17 16 27 4 100 94 47 39 84 37 91 68 19 0 43 27 49 41 8 71 98 61 85 34 71 62 73 94 22 7 0 65 16 34 3 33 3 45 46 78 80 88 41 30 26 64 77 28 29 97 66 40 53 42 0 95 96 81 0 66 43 24 77 15 29 55 33 20 69 90 64 81 95 50 16 47
50 43 94 51 3 71 53 29 11 50 77 28 29 16 77 72 31 27 13 48 33 5 87 15 37 83 43 10 62 49 93 6 27 80 26 15 38 80 18 87 45 95 86 10 19 21 62 87 98 70 41 100 46 24 48 47 61 43 69 23 34 52 72 40 87 94 8 94 76 6 55 67 14 58 14 90 55 5 9 24 84 81 75 93 46 86 64 91 53 56 53 97 45 93 76 7 70 63 59 20 76 31 55 34 63 97 39 74 51 41 23 96 45 14 57 35 72 83 81 32 33 56 40 18 95 77 73 48 3 35 8 81 12 75 14 47 11 86 80 30 45 22 79 88 41 0 41 31 72 59 99 46 10 31 44 18 41 95 75 4 37 1 18 32 47 78 91 8 82 100 36 65 17 35 32 42 61 32 69 22 76 85 58 16 93 39 82 51 57 47 38 29 42 79 96 0 33 25 8 71
49 3 8 1 85 8 84 15 26 94 52 28 2 29 87 77 32 9 85 26 98 97 33 77 18 29 27 22 76 73 31 6 96 85 59 99 82 47 50 61 81 48 57 68 59 28 90 89 13 0 51 58 88 43 9 17 87 11 70 70 96 7 64 85 53 93 99 61 7 70 16 28 49 50 18 14 23 44 84 15 41 54 95 60 22 82 66 76 51 95 31 59 69 19 18 9 38 99 62 83 19 46 33 33 51 49 99 19 80 17 55 78 64 81 66 37 35 34 48 10 100 49 5 44 56 81 27 75 27 30 61 77 65 47 96 82 64 80 17 93 7 51 50 64 15 98 71 34 11 65 90 73 72 41 22 41 42 34 24 10 44 62 40 70 24 78 34 93 46 37 31 17 57 94 0 64 22 34 32 94 46 25 46 44 61 34 44 97 28 49 28 47 78 62 15 19 67 95 20 88
65 16 17 83 49 95 6 96 94 37 43 9 96 32 51 51 92 91 69 7 48 17 100 38 45 12 21 88 50 97 16 0 80 80 64 12 72 4 74 32 44 41 86 27 8 51 82 87 68 17 88 89 34 3 7 43 11 69 46 14 57 14 52 37 58 76 76 43 42 89 69 35 92 61 14 6 23 38 29 94 75 97 79 18 52 37 4 86 59 70 90 55 64 95 24 42 32 78 45 98 21 13 14 68 13 78 50 73 45 45 9 38 84 37 46 17 61 91 52 29 95 15 66 15 30 99 11 20 99 63 16 62 89 73 73 39 40 66 62 41 83 11 32 22 63 13 44 96 72 36 33 32 12 67 25 68 3 35 64 85 4 35 86 81 51 98 6 58 94 97 53 47 29 50 1 77 72 72 84 90 39 78 73 85 89 14 62 7 30 73 75 98 32 55 59 26 44 74 55 91
51 27 91 0 62 17 94 80 27 46 85 19 40 43 77 13 83 95 7 83 29 53 75 56 72 71 78 50 64 27 96 54 91 19 74 25 91 87 94 21 95 67 81 30 32 87 87 19 86 99 99 63 18 81 37 60 71 18 25 77 34 85 80 41 15 53 0 53 2 78 16 12 67 46 1 41 77 30 78 53 78 1 92 23 71 27 7 19 62 22 6 9 41 40 62 41 62 34 59 92 95 23 40 5 3 10 26 7 25 35 9 53 55 80 52 47 87 85 37 56 24 60 3 28 81 46 59 75 64 82 31 11 8 71 89 38 90 77 43 100 57 63 42 32 96 3 41 30 99 99 24 48 3 88 95 71 16 57 73 16 37 71 31 66 44 11 36 89 87 81 98 72 48 52 48 82 67 65 6 7 98 95 22 91 45 3 66 20 53 34 47 2 87 84 42 35 37 29 86 15
47 93 50 65 2 56 18 66 15 57 67 12 21 9 66 7 100 76 78 76 67 47 53 33 64 75 14 99 59 85 45 5 70 37 78 64 81 17 25 48 65 93 23 0 4 15 26 36 78 77 15 58 35 23 72 53 39 88 56 9 90 31 66 72 56 50 20 86 2 88 14 95 15 20 8 63 28 64 50 29 65 66 30 76 25 37 3 81 89 15 16 8 10 7 11 15 56 58 35 94 28 12 96 82 69 88 84 69 69 17 75 80 55 57 30 96 99 70 72 73 2 61 30 43 41 38 39 57 97 13 1 0 51 80 45 13 51 2 10 18 29 54 84 7 29 82 88 66 13 75 78 20 34 93 44 14 68 67 33 17 97 75 25 12 13 7 98 96 7 30 83 67 100 13 68 73 26 8 89 81 83 84 52 41 21 30 37 67 12 59 3 19 11 9 1 93 33 6 59 62
44 96 57 42 69 6 100 56 72 15 32 58 32 7 7 1 47 64 83 83 55 0 54 7 1 64 83 56 85 66 50 37 97 100 95 94 4 14 74 21 48 25 31 47 19 54 55 22 10 38 49 21 34 81 28 42 81 1 93 57 36 75 46 0 34 2 47 62 72 34 64 34 15 19 19 84 49 10 80 1 53 55 53 99 20 77 4 2 22 81 33 30 19 38 17 76 27 21 41 74 41 54 5 32 46 65 38 12 25 5 60 20 73 51 89 12 54 34 33 11 3 59 43 56 54 11 3 49 36 58 9 50 88 91 90 55 80 94 83 25 35 99 29 36 12 82 63 98 86 13 34 96 22 71 40 75 27 33 60 39 18 11 66 5 37 25 17 40 67 42 14 96 40 54 80 12 68 51 76 22 97 19 43 39 86 11 73 20 32 72 8 78 19 2 65 21 23 66 18 11
56 8 10 63 6 13 80 66 17 27 87 53 49 84 10 94 66 27 65 87 21 45 73 15 94 36 55 9 42 61 4 49 28 16 37 81 24 77 64 54 0 37 82 32 52 100 85 75 5 96 41 78 85 44 56 56 55 41 86 77 49 60 80 19 65 2 59 82 59 95 23 97 32 71 94 71 62 58 36 49 42 35 86 71 26 43 65 47 12 54 3 84 32 87 59 8 34 7 62 55 100 85 44 70 79 38 31 27 49 97 81 57 97 4 61 92 71 11 59 27 88 26 67 27 84 57 57 35 24 86 97 6 68 94 78 82 77 85 85 70 65 49 7 43 47 62 46 6 65 77 50 21 2 54 97 54 37 25 0 70 15 6 98 23 21 26 95 17 98 61 93 39 65 22 2 7 75 2 48 40 61 90 41 15 95 56 30 53 96 25 12 32 81 44 54 42 48 44 3 35
28 6 32 74 69 55 17 86 33 83 84 61 11 64 92 5 15 16 2 20 49 89 19 19 20 21 33 83 35 29 41 64 52 2 11 93 70 84 60 78 12 7 81 72 22 36 92 17 59 33 76 4 61 64 33 34 94 39 22 24 93 16 91 33 85 45 51 20 41 92 71 76 37 1 95 18 54 42 64 17 22 54 27 81 35 32 46 70 29 22 31 80 49 64 44 89 69 93 12 72 97 1 47 67 25 56 85 97 20 39 62 61 0 15 84 83 92 1 81 9 4 68 37 24 84 69 21 48 52 62 35 31 82 91 86 16 21 58 45 16 50 9 10 17 78 14 52 74 38 94 60 76 79 97 94 72 40 78 21 10 61 88 13 87 94 48 74 89 71 50 28 53 8 83 38 85 11 46 37 85 84 82 24 93 96 34 69 5 93 10 6 3 3 14 92 61 49 88 3 76
17 94 0 91 67 50 65 1 88 14 61 77 83 28 13 72 6 83 30 90 43 15 13 38 57 32 59 76 77 62 13 75 13 81 66 34 33 27 35 83 77 8 27 68 67 61 43 60 34 96 45 14 54 18 56 60 21 44 80 37 62 79 56 60 54 52 14 25 83 12 62 21 0 99 44 32 60 76 75 99 97 92 68 91 72 52 94 61 24 32 5 100 31 31 3 0 61 16 3 24 73 21 27 84 36 52 91 66 89 97 79 28 79 26 50 21 74 74 34 69 3 23 20 39 58 8 67 75 45 1 85 71 59 12 84 77 53 21 19 45 4 93 86 78 52 81 14 9 86 86 87 73 98 63 54 66 16 6 65 28 67 41 37 11 95 87 75 71 99 87 23 48 45 38 52 100 66 54 56 96 4 85 57 59 52 21 24 84 35 61 91 89 77 10 70 87 23 4 15 81
32 18 84 20 20 15 17 100 14 56 1 91 9 6 1 62 69 63 15 44 50 18 66 66 69 92 60 15 87 31 52 36 91 10 55 28 42 97 4 49 41 45 57 94 55 41 73 31 77 10 24 27 9 8 76 7 27 77 80 72 71 28 92 28 90 91 40 59 72 62 47 4 37 57 67 78 41 62 17 42 64 59 74 55 67 85 91 43 55 73 80 94 73 23 14 78 36 6 3 80 51 85 51 6 12 51 60 31 99 19 17 2 72 99 85 83 43 93 79 74 33 13 43 39 72 78 32 34 97 81 55 73 24 91 68 36 12 94 2 13 44 15 55 37 0 96 47 34 5 75 12 56 75 97 5 3 53 38 39 94 70 18 90 96 90 96 49 85 61 98 74 70 95 9 95 95 4 23 3 7 7 54 81 85 52 29 32 71 75 61 18 79 40 34 98 71 96 31 91 46
21 22 39 14 100 83 34 76 59 2 48 13 57 49 5 3 79 87 98 64 6 83 12 44 72 62 88 44 8 42 22 88 73 80 47 21 82 4 95 99 61 20 32 3 29 37 2 6 23 64 4 21 29 35 23 79 41 41 83 85 87 54 77 57 35 87 77 98 26 37 75 86 89 13 52 6 7 2 31 11 96 33 100 65 52 91 40 65 38 98 98 99 5 23 87 21 7 83 91 76 0 53 78 30 56 49 74 46 83 97 89 67 27 48 76 13 32 11 66 24 52 26 49 58 91 15 94 43 61 6 8 43 12 51 49 77 0 60 0 36 50 47 48 8 89 9 97 42 59 55 11 33 23 23 66 56 84 18 68 18 87 23 47 43 35 71 23 17 53 94 19 61 17 26 20 28 81 0 92 10 82 70 79 13 89 41 53 25 73 9 69 54 24 6 80 57 10 37 25 97
6 21 64 93 89 79 45 8 82 81 29 86 28 12 45 59 67 98 52 29 19 75 95 19 88 61 14 85 43 37 52 23 63 15 26 4 55 85 68 57 60 64 44 77 80 18 79 80 73 80 44 86 64 29 5 31 85 88 34 5 94 20 28 59 14 31 91 15 41 27 61 87 29 91 54 25 88 67 63 20 91 83 55 12 64 74 60 24 64 75 100 22 87 50 75 10 27 21 96 75 94 14 62 100 76 7 61 73 16 7 95 51 70 74 5 11 26 71 16 1 73 74 27 98 76 0 5 70 58 43 74 10 35 3 84 88 18 3 94 46 68 0 54 40 3 52 11 67 57 81 27 25 37 43 64 14 35 45 50 65 63 98 93 91 67 48 31 67 76 1 65 40 16 15 2 28 17 1 26 79 54 42 68 91 59 85 28 52 16 77 73 26 6 5 26 25 70 1 56 30
61 16 13 80 7 35 71 58 48 28 75 47 59 7 26 67 85 91 97 15 66 41 51 71 31 46 77 1 53 98 31 41 30 26 65 36 49 80 47 69 81 88 29 36 80 77 18 94 56 29 46 60 60 3 53 22 95 73 32 84 8 4 72 69 7 72 18 78 3 22 90 27 27 70 91 17 50 48 94 41 71 25 0 81 25 93 79 60 88 89 22 42 56 54 0 68 19 36 52 18 87 73 58 69 80 80 93 65 43 74 10 52 93 43 9 11 94 95 59 63 14 89 33 5 12 99 17 80 57 90 77 10 0 35 93 50 82 25 65 31 58 2 3 13 11 82 6 60 30 8 40 92 76 20 42 55 13 80 44 93 100 98 60 19 6 8 81 1 10 40 39 62 66 47 59 1 2 64 77 31 80 15 68 62 73 42 54 97 49 32 16 3 20 71 22 44 41 69 91 43
84 61 23 77 88 24 30 48 19 7 41 13 55 10 84 38 8 12 46 56 95 77 55 47 75 25 54 97 85 66 45 61 70 33 44 18 16 39 2 28 35 56 5 91 87 83 27 20 65 79 83 33 26 87 34 80 49 22 57 46 89 25 7 63 95 41 32 56 33 61 61 63 96 85 23 13 1 16 87 36 58 64 70 82 62 46 64 71 63 98 94 5 15 74 18 35 94 19 27 81 59 74 95 36 90 38 26 29 86 34 21 24 14 7 12 6 19 72 75 71 82 51 36 4 58 62 29 22 14 96 60 32 52 12 84 19 97 3 71 77 26 33 51 81 90 88 100 10 82 77 30 80 79 42 8 88 38 70 45 93 99 70 36 6 71 5 65 1 7 59 22 57 22 40 25 73 50 52 54 43 54 66 69 24 55 17 80 7 84 93 91 10 73 99 91 71 34 64 72 77
68 31 99 27 15 59 70 52 79 9 38 31 20 42 44 83 72 81 54 99 87 3 59 19 79 69 39 6 75 1 19 66 47 26 56 45 78 11 78 15 99 70 93 67 87 5 63 58 42 25 69 37 78 95 99 68 86 52 94 9 85 29 73 76 49 74 27 57 65 89 78 94 59 82 13 71 7 19 27 76 60 26 50 29 17 93 20 64 44 30 52 73 50 43 87 72 76 38 54 48 93 45 83 92 74 90 43 50 37 42 5 23 55 99 33 49 10 36 78 97 41 52 27 85 81 74 19 72 100 56 47 100 93 40 17 96 59 43 75 50 31 26 5 12 26 54 18 3 24 89 81 38 84 62 52 79 19 4 20 62 21 75 99 47 39 81 84 49 87 28 2 72 74 25 80 37 53 47 55 59 98 3 43 24 20 53 23 47 60 86 38 72 5 58 44 67 13 53 88 62
50 94 57 67 34 21 7 92 63 43 86 47 94 78 91 57 12 99 49 37 55 87 70 18 3 85 45 25 79 47 60 72 18 14 8 98 40 15 58 35 49 68 19 80 23 91 28 91 97 8 29 86 89 75 89 48 14 59 96 45 51 69 90 15 10 87 0 22 59 20 84 16 93 58 100 43 65 91 10 80 56 30 86 19 55 67 92 9 91 28 0 33 34 67 94 3 89 53 51 87 87 74 81 41 50 58 17 63 51 40 76 61 1 57 28 88 93 90 44 32 5 74 55 14 10 3 54 8 23 82 22 76 1 74 12 61 46 37 84 27 6 34 24 6 97 68 33 6 17 64 40 77 38 31 24 67 19 28 51 50 99 3 6 9 71 3 84 29 93 79 73 40 62 60 52 4 13 62 24 42 96 86 52 83 84 23 23 14 66 59 6 81 20 58 73 86 55 70 31 45
49 62 86 77 49 22 30 68 18 22 57 53 64 0 58 33 18 13 21 15 63 96 41 58 84 94 50 91 52 1 0 43 25 69 14 8 11 62 62 50 91 54 67 43 2 47 60 83 12 95 85 20 33 92 76 89 49 72 69 25 48 56 40 87 48 88 8 16 62 37 14 76 58 88 56 25 88 41 53 65 88 85 53 33 97 72 6 71 13 45 67 56 47 49 32 95 73 35 58 72 54 44 6 84 7 43 0 92 30 0 38 52 14 15 48 22 43 88 57 31 62 81 26 70 20 46 62 72 23 47 74 13 13 97 66 63 4 82 99 98 86 79 84 21 33 60 24 38 98 46 33 99 16 91 18 80 23 18 38 68 31 16 38 74 18 10 89 73 57 54 8 76 39 3 83 31 27 28 47 13 99 44 67 13 45 40 25 3 95 77 71 13 99 53 44 24 10 71 68 63
2 4 49 64 78 55 4 77 73 2 41 52 49 82 36 37 90 83 24 89 18 88 26 7 79 90 87 62 77 54 14 1 76 19 23 0 85 35 30 61 25 9 84 44 34 8 45 28 31 68 94 73 76 93 41 39 75 20 28 3 24 29 81 31 70 91 0 3 98 75 91 47 82 20 71 61 28 79 10 41 3 60 80 16 54 1 72 63 96 28 9 68 69 79 21 39 98 39 91 83 45 88 42 25 77 62 45 60 54 70 75 11 95 20 39 80 56 74 16 23 55 95 36 33 34 56 86 7 57 81 7 87 32 49 81 94 8 70 55 53 83 36 26 20 78 81 21 47 45 12 26 45 19 21 55 70 68 95 23 19 44 8 5 93 72 67 65 24 5 43 53 90 74 92 83 57 90 87 10 58 49 62 74 57 12 7 28 48 88 93 77 66 22 22 28 54 56 23 78 62
10 85 56 56 92 96 29 25 41 75 19 76 80 57 73 56 84 66 33 34 60 61 93 62 27 99 28 30 53 93 98 59 45 23 68 60 42 100 65 3 64 8 36 82 63 5 40 57 54 99 98 72 57 37 39 57 89 23 85 88 100 70 31 46 10 55 81 100 92 65 69 46 5 67 21 59 13 9 96 0 97 57 43 74 74 82 86 18 69 93 80 1 81 44 71 60 49 65 30 22 22 74 45 25 8 44 27 50 12 57 40 4 23 51 52 59 96 2 45 15 17 63 15 66 4 21 42 48 27 58 85 35 78 26 60 25 36 78 59 31 3 60 84 64 92 73 54 41 25 35 79 53 74 25 66 98 52 88 29 96 58 72 37 80 23 68 12 80 95 3 30 31 62 37 2 23 59 56 31 100 53 36 40 75 77 90 7 94 40 74 43 51 95 50 46 24 31 30 77 89
67 39 52 55 59 65 12 17 23 99 38 36 32 46 74 59 15 9 69 88 54 53 86 82 16 6 92 18 33 11 64 82 67 64 24 92 68 93 60 48 0 43 47 27 62 53 16 100 67 35 87 100 35 19 36 15 48 17 19 0 38 55 15 48 69 0 14 71 10 37 99 61 14 60 11 14 3 83 33 76 68 34 63 83 17 45 12 15 65 2 13 51 65 76 41 60 78 92 98 45 85 87 44 37 54 85 20 75 90 67 55 52 55 85 3 72 63 23 53 59 31 74 74 6 83 87 60 80 7 72 36 67 95 98 43 70 82 51 21 92 5 74 16 82 14 61 40 61 63 59 35 71 13 100 55 56 97 1 11 91 65 99 6 23 39 20 36 49 59 88 27 63 95 18 65 49 44 32 73 31 25 70 24 29 82 39 77 79 90 89 20 50 19 3 97 3 67 23 98 64
49 15 30 42 6 51 51 1 51 81 37 90 76 31 56 93 75 87 24 20 62 94 44 20 92 41 86 68 100 6 10 46 57 37 98 27 87 82 95 78 32 68 99 73 72 33 31 23 80 88 12 27 48 18 88 80 42 39 23 44 75 28 59 64 72 48 49 44 58 56 81 84 78 40 91 37 43 23 88 53 98 0 79 9 30 99 12 40 48 87 13 71 95 47 31 83 17 86 17 62 28 39 97 61 66 14 4 30 34 92 92 13 47 30 46 82 86 76 83 13 26 58 68 87 52 28 2 14 84 61 81 55 37 35 63 42 81 75 25 59 20 18 60 43 39 52 5 5 34 29 0 60 92 53 1 29 6 53 66 83 100 21 43 33 23 45 1 65 8 4 70 64 99 29 21 41 33 91 82 41 85 37 67 27 51 95 24 44 41 55 8 20 96 17 16 59 87 95 67 17
5 8 42 39 49 16 15 40 61 98 38 37 43 49 85 23 6 4 1 53 79 74 83 73 16 9 52 2 38 90 76 37 25 97 16 66 92 98 46 98 92 0 27 46 88 95 84 48 50 66 39 22 42 89 73 49 42 51 4 52 19 14 67 4 6 87 40 24 80 58 7 24 60 68 93 7 15 12 64 94 100 87 11 17 94 76 24 90 34 89 54 42 88 20 79 95 77 65 19 75 0 77 46 99 44 6 51 27 45 39 64 43 69 9 29 29 49 99 25 78 11 76 12 6 94 37 29 62 90 90 10 97 81 39 14 11 55 54 34 55 24 31 98 12 23 38 5 4 99 24 14 30 57 35 72 81 29 42 90 20 30 91 6 45 35 85 84 16 81 29 77 47 68 90 47 96 0 10 29 38 81 23 1 21 41 19 73 23 94 9 2 84 82 91 90 71 71 61 42 83
21 78 72 64 49 30 38 88 94 22 75 29 46 100 70 10 83 61 96 100 89 25 86 14 96 40 91 14 30 91 83 81 24 31 46 64 83 51 72 82 34 54 65 20 0 38 94 94 94 64 93 32 92 26 88 61 43 84 10 5 12 9 64 25 20 93 95 79 83 65 92 31 82 57 12 9 73 19 13 79 38 92 23 52 62 47 7 34 91 31 59 21 55 6 96 54 32 34 93 22 73 22 46 50 13 55 57 42 7 35 6 52 5 1 67 66 37 43 98 76 17 63 81 10 47 6 57 11 1 92 60 16 85 13 5 90 52 42 46 30 83 37 63 85 13 37 38 74 1 67 45 32 32 82 91 69 7 38 59 82 10 33 55 48 80 22 53 31 64 12 86 8 12 88 97 97 82 85 40 21 93 46 51 82 36 70 27 47 41 91 65 40 61 98 89 33 47 99 37 21
65 68 43 98 87 67 83 15 36 98 41 44 72 13 56 14 53 18 16 32 93 26 38 4 48 64 84 60 67 35 52 37 34 11 75 99 22 54 84 72 77 0 90 27 12 94 97 63 11 98 40 69 46 14 13 64 1 39 45 23 52 11 93 91 11 53 84 98 42 26 95 15 62 90 0 35 78 99 90 0 100 2 59 88 17 14 66 73 9 9 40 10 31 14 93 43 27 59 41 18 59 51 99 33 34 34 9 49 64 54 25 82 52 57 7 8 82 24 80 8 3 72 79 18 7 70 89 54 91 96 52 93 39 69 32 86 57 2 19 46 30 35 17 21 100 99 70 15 79 86 39 35 49 69 86 92 12 91 87 97 89 22 22 75 17 65 70 56 11 64 98 86 33 46 84 86 1 8 56 18 38 3 42 73 77 2 31 75 68 30 24 29 12 64 62 53 84 72 28 54
23 85 90 15 13 69 100 72 57 16 35 12 39 3 81 7 43 11 76 100 24 63 80 90 72 44 54 74 39 23 57 59 4 5 57 12 96 83 87 37 3 88 81 98 69 46 87 2 52 69 51 44 92 89 62 78 33 83 28 18 43 42 37 95 18 54 82 21 63 11 86 28 42 26 41 49 62 71 91 11 55 65 85 5 83 57 36 99 3 6 12 71 16 72 7 40 41 45 61 6 21 36 0 81 84 95 73 59 2 6 65 89 2 8 4 28 59 1 48 97 79 80 29 26 93 49 22 67 65 85 50 87 15 8 54 6 46 78 24 72 60 60 90 92 33 36 33 83 61 4 42 44 17 51 49 7 87 65 100 31 63 68 81 22 5 67 98 1 56 45 63 17 94 30 19 11 27 60 94 24 2 81 38 91 97 66 40 39 9 75 69 100 22 72 53 48 93 16 44 69
56 27 44 53 87 25 11 75 51 20 36 34 23 39 0 53 5 27 53 78 3 45 11 1 7 51 12 87 11 15 60 92 79 51 73 84 42 43 5 48 71 77 97 100 26 26 21 44 41 80 73 67 71 9 70 24 0 42 61 0 59 13 89 93 26 46 88 29 68 66 60 52 45 54 100 44 100 25 7 73 81 95 21 100 89 88 50 2 34 38 58 12 50 94 26 55 19 35 53 57 0 0 81 78 62 48 25 20 28 100 4 65 98 73 68 77 19 0 92 36 100 40 67 83 35 48 75 87 39 84 46 12 10 94 5 63 13 48 12 65 52 77 43 48 12 95 64 65 74 48 57 75 87 68 57 89 90 84 45 40 0 67 19 37 63 97 75 64 18 14 8 61 54 20 9 88 5 61 88 38 93 30 99 10 67 94 18 30 28 81 49 62 80 80 23 95 72 25 35 74
21 37 78 79 74 100 9 6 50 55 96 100 48 82 22 43 92 3 83 23 49 78 94 79 9 97 15 66 85 96 60 74 3 60 85 26 71 72 58 62 67 70 94 11 80 37 75 94 84 18 92 72 78 68 58 94 88 59 9 35 38 71 60 39 23 19 73 95 50 79 1 97 75 79 89 49 89 62 38 41 9 13 15 90 77 46 19 88 28 55 52 92 77 47 86 4 92 64 53 26 53 2 30 20 45 6 82 18 77 18 53 9 30 17 34 52 60 92 35 54 14 68 21 21 59 58 94 40 64 28 62 55 16 61 30 47 25 17 67 95 32 13 1 68 67 75 72 99 15 38 95 76 81 35 34 67 80 23 39 35 11 70 4 99 71 37 60 68 28 46 83 22 92 70 48 95 89 26 45 91 30 56 100 68 18 73 94 67 69 31 51 55 98 15 80 7 84 12 60 29
35 78 89 9 41 90 75 98 23 77 64 19 36 8 31 6 33 49 38 18 47 52 33 83 93 25 95 1 43 4 98 6 94 3 95 69 55 36 19 66 3 90 40 8 73 32 0 35 46 44 39 98 97 6 14 11 60 8 55 5 21 9 81 5 36 88 32 35 73 44 62 1 86 43 12 42 50 40 38 17 61 70 100 4 2 72 67 17 49 84 42 95 68 50 74 38 24 72 57 30 100 96 8 79 39 8 16 49 13 77 93 86 52 92 61 55 17 30 49 69 53 65 5 86 67 15 50 92 56 52 38 49 97 18 29 96 28 49 87 73 10 53 78 66 46 70 72 72 28 5 27 80 74 26 39 87 66 84 47 96 13 9 97 6 29 41 94 15 79 55 81 88 58 32 48 72 93 70 69 83 5 75 65 93 33 95 88 46 55 63 38 61 82 66 44 48 85 54 76 27
0 95 12 69 66 75 13 97 6 1 87 48 85 36 6 10 80 85 46 78 64 6 54 79 64 94 10 8 79 72 18 28 0 25 25 66 40 45 35 41 72 64 26 8 93 24 85 73 63 84 28 65 26 92 70 65 52 78 65 12 66 44 99 96 60 91 93 64 1 11 33 13 87 4 12 44 74 45 77 76 71 44 7 61 78 49 12 96 59 28 44 75 38 3 82 64 38 50 30 31 40 18 87 26 45 86 86 63 2 1 92 73 83 48 7 56 33 42 86 36 20 15 86 16 67 82 16 54 82 44 9 87 68 94 17 71 11 40 31 37 43 90 94 92 3 54 82 27 58 13 62 63 86 48 85 98 16 94 41 64 76 90 41 96 99 56 55 51 51 41 90 96 12 70 59 52 76 21 63 66 90 100 3 38 72 59 71 87 26 65 79 89 62 55 24 37 83 94 52 29
17 74 37 35 36 67 41 83 62 35 3 28 94 78 98 31 76 5 75 41 8 89 27 61 29 44 51 55 91 17 50 12 35 66 31 56 27 47 28 18 4 18 93 0 74 36 82 39 93 3 11 3 68 92 74 32 42 42 6 26 87 43 61 96 57 86 78 32 7 84 61 38 94 36 79 68 79 20 50 50 58 34 25 60 14 76 30 93 91 46 34 14 5 86 59 30 100 53 89 48 39 45 9 23 96 72 99 45 74 63 13 40 100 16 2 49 58 39 55 12 49 99 3 87 96 69 62 3 28 6 53 68 69 65 99 13 60 26 36 2 34 86 45 100 6 80 55 69 9 92 15 44 71 99 45 98 40 42 98 61 28 6 54 81 93 18 60 12 18 9 69 44 85 29 38 75 27 92 37 19 63 40 68 58 21 78 34 21 19 25 49 71 53 37 85 73 71 18 44 79
65 92 34 91 45 36 40 70 97 99 62 97 38 18 98 13 60 41 64 59 34 44 68 82 8 61 49 86 21 84 22 27 24 65 21 78 42 67 83 92 70 8 48 47 85 86 79 3 72 1 0 73 42 92 51 82 88 98 43 20 87 89 73 75 49 51 26 39 95 14 4 62 43 47 74 51 36 45 19 91 76 96 14 79 76 0 51 12 64 7 30 38 51 42 79 58 70 26 28 54 45 0 31 1 82 4 51 38 92 8 2 49 15 79 30 22 62 80 59 34 44 12 61 9 2 2 27 39 17 81 95 91 26 75 84 80 59 39 81 69 74 55 47 70 3 81 30 71 5 6 89 80 61 45 98 67 1 97 43 17 9 10 92 89 28 8 1 27 27 7 72 92 43 72 31 11 97 12 11 84 10 23 67 99 6 80 79 49 37 28 0 20 75 14 97 51 58 49 75 40
86 52 60 87 29 89 52 24 40 28 37 28 19 84 93 30 66 67 68 81 17 58 30 30 26 77 58 3 85 32 72 42 91 33 15 67 10 98 34 24 48 70 79 87 84 91 65 43 74 43 17 86 52 43 46 63 66 50 14 47 14 98 83 46 97 0 22 57 86 40 32 41 36 85 24 47 1 79 94 93 45 7 73 34 51 10 96 3 41 12 84 42 67 73 35 45 39 45 10 76 43 94 15 38 49 74 12 78 55 46 83 98 90 86 83 71 35 99 2 24 18 90 27 22 3 79 82 3 75 72 4 12 65 0 70 17 6 87 4 45 67 12 64 16 84 78 40 31 15 10 86 86 69 99 97 0 84 24 20 96 40 20 85 87 65 85 25 98 17 15 51 55 76 23 96 2 92 16 93 96 11 47 77 89 1 81 51 16 99 93 96 96 72 33 97 0 45 14 26 79
71 42 27 26 75 79 49 52 24 60 33 19 6 97 96 30 88 42 18 1 4 85 6 44 40 0 41 3 88 23 50 7 92 16 12 10 36 27 2 50 38 99 24 59 24 3 10 23 46 28 56 76 96 13 0 13 45 91 23 49 65 94 28 36 88 80 13 3 28 34 51 86 87 49 78 3 4 92 86 42 95 15 69 91 63 62 29 53 74 70 74 38 50 49 60 17 85 80 48 64 58 79 98 38 83 62 56 25 56 2 4 76 87 41 48 3 21 98 38 44 92 32 19 22 55 85 38 95 62 51 57 44 34 95 49 30 64 14 26 96 24 97 87 21 51 86 79 24 14 30 37 27 70 7 16 57 36 60 66 34 7 35 81 26 16 94 56 47 50 70 13 42 3 59 79 65 65 86 34 40 73 45 72 76 46 31 49 1 93 30 89 78 36 24 92 71 49 33 86 64
25 15 73 33 59 88 78 75 7 47 15 32 75 51 97 68 19 44 93 13 61 83 3 64 74 44 86 67 66 20 49 95 93 33 15 84 74 85 76 2 37 84 95 96 2 89 9 85 45 87 71 11 94 96 27 95 51 18 52 47 80 36 47 45 23 21 88 15 17 63 54 72 84 51 96 54 6 89 55 30 74 23 25 91 70 47 78 0 31 44 19 84 29 67 25 70 54 86 55 74 70 40 51 70 97 39 52 46 62 33 2 9 63 69 11 42 77 83 10 4 13 8 27 2 62 25 18 49 2 86 99 39 37 44 17 64 37 69 38 6 72 17 10 5 52 96 43 39 43 29 50 61 9 65 100 41 95 83 93 72 23 24 90 80 44 98 54 73 97 15 74 4 8 60 85 58 98 15 88 80 16 76 22 39 43 74 64 16 56 31 5 95 77 80 77 44 56 42 46 21
66 52 87 64 35 39 63 86 54 2 34 35 13 19 88 62 26 96 15 78 21 86 8 30 65 65 14 37 90 33 9 62 88 91 86 58 58 97 38 35 15 8 25 49 80 25 22 54 85 8 26 23 6 80 6 77 89 4 87 22 43 47 77 55 17 30 53 69 70 87 48 10 21 71 86 6 64 49 58 23 91 62 36 76 40 40 79 62 20 10 52 25 68 70 92 25 65 62 73 30 90 92 5 20 27 38 3 25 35 43 77 49 47 83 54 73 94 74 4 80 58 36 94 28 76 11 85 52 11 37 70 55 38 53 29 35 77 50 36 93 86 73 35 4 38 19 71 52 58 72 30 15 83 77 22 35 60 58 75 16 34 52 80 38 21 78 83 13 92 0 9 54 32 11 54 21 85 9 89 77 1 85 9 31 70 97 60 69 41 33 83 23 89 50 14 17 100 34 16 8
10 44 20 90 20 21 41 41 14 10 59 69 73 33 3 61 30 0 91 87 61 24 47 28 53 59 44 91 12 80 86 61 39 66 27 57 100 77 43 26 10 38 90 39 61 23 44 9 31 19 34 72 81 73 16 72 84 37 79 88 0 45 82 39 26 96 83 12 81 17 6 82 49 17 67 9 42 23 81 5 41 67 74 67 83 84 35 49 51 38 26 11 96 21 84 55 23 13 41 29 58 17 84 64 47 40 29 1 46 96 74 98 74 42 66 20 50 6 78 1 4 26 75 33 15 44 4 89 13 58 48 7 16 19 89 21 20 24 13 99 35 52 44 76 95 78 44 50 49 49 49 71 68 37 21 54 73 60 91 89 96 92 91 92 2 87 35 97 34 15 6 91 72 16 1 60 32 67 46 99 15 79 18 86 90 3 91 95 8 95 22 50 75 17 81 15 75 44 14 46
99 6 20 9 33 32 24 26 68 73 56 11 78 64 26 62 13 43 45 71 25 45 33 98 34 93 27 9 10 9 95 56 84 67 9 95 51 14 73 59 46 95 29 56 17 99 57 32 50 68 76 88 52 34 66 70 45 75 56 60 18 65 78 65 69 62 75 99 70 15 49 17 80 27 9 10 14 24 45 62 62 89 47 96 33 9 21 98 1 59 25 53 56 82 68 24 22 13 3 63 71 74 87 83 45 46 1 80 17 39 77 30 30 99 80 78 75 44 42 37 55 72 84 19 85 3 88 15 5 74 98 26 25 23 43 9 99 88 79 36 41 90 79 42 47 64 73 17 19 58 61 9 45 5 86 19 29 42 45 89 22 31 83 0 43 1 82 2 2 67 27 28 41 31 48 75 86 31 3 63 100 76 13 89 92 90 86 81 83 77 79 5 89 86 51 61 79 69 27 18
30 2 15 99 7 94 6 90 65 79 88 55 63 92 36 66 57 86 95 30 92 99 47 93 20 7 37 36 67 19 61 53 46 0 83 80 84 76 58 96 8 16 14 2 91 99 79 78 18 44 43 41 95 7 48 42 25 44 28 23 13 77 71 95 65 38 55 45 50 63 41 49 24 59 7 7 19 29 72 55 96 62 69 62 70 54 91 82 95 51 46 93 7 61 0 82 60 16 79 25 0 3 3 13 77 22 71 75 17 66 66 69 54 68 2 85 30 50 72 22 97 81 82 7 93 15 30 79 65 6 57 12 4 74 7 45 74 42 70 93 66 27 99 12 16 81 82 15 2 48 66 20 47 32 18 86 15 69 12 89 15 78 9 98 83 82 84 66 31 17 50 78 71 33 87 60 51 13 60 17 54 28 89 72 7 61 79 99 88 72 67 87 38 81 70 93 13 28 14 10
92 2 12 10 54 88 70 68 15 65 10 53 25 15 36 90 78 18 56 20 30 7 37 64 0 71 30 76 66 46 42 11 78 58 21 75 79 61 38 65 59 0 45 68 39 58 31 15 48 0 53 82 2 10 98 2 42 43 99 76 10 71 76 54 28 32 40 40 24 27 37 15 43 78 38 33 33 37 12 31 71 83 83 84 95 33 50 60 52 22 74 26 38 96 34 32 56 89 27 38 84 8 47 29 73 20 58 94 61 6 23 14 36 26 57 78 98 75 79 48 85 50 78 58 79 33 96 33 40 79 39 13 86 96 24 32 93 40 20 47 19 30 9 30 51 29 7 0 100 96 83 61 66 97 46 20 49 41 40 48 27 50 38 40 31 81 43 63 94 24 16 11 31 79 26 53 79 77 85 17 5 41 44 53 8 73 67 42 67 80 6 48 5 50 8 25 100 11 56 70
67 70 35 66 94 59 87 32 43 42 54 76 80 65 18 64 49 16 3 43 99 81 53 21 73 85 19 7 70 50 5 21 86 97 57 46 29 71 94 77 5 16 73 82 72 81 5 74 38 10 94 13 29 81 48 76 81 75 5 24 76 52 33 8 93 87 51 76 79 54 50 19 41 5 94 46 75 11 80 99 78 100 91 55 97 98 61 8 86 36 79 8 99 15 56 73 18 73 18 32 93 75 60 76 34 33 93 39 84 25 53 7 14 51 78 38 10 68 98 86 88 6 49 28 71 41 48 24 68 58 42 15 23 28 4 59 23 4 1 89 35 79 96 89 17 58 90 95 63 74 96 99 74 31 87 92 53 9 84 44 77 77 7 11 71 59 26 19 34 83 13 73 48 19 81 6 29 30 51 13 55 79 75 0 52 88 64 82 20 4 80 51 60 78 100 13 96 4 95 31
35 55 3 12 8 37 45 74 45 72 80 12 31 0 46 64 81 5 51 73 41 20 69 83 98 31 84 53 68 96 10 0 91 35 15 24 51 97 22 8 63 48 61 95 62 97 3 52 36 38 23 70 22 60 33 15 52 3 48 81 11 41 25 81 77 55 96 36 64 49 100 70 96 8 86 29 41 95 15 89 15 30 41 72 96 81 91 67 10 35 55 57 92 43 92 53 60 14 34 73 36 96 40 9 59 54 52 97 6 58 43 43 56 15 62 55 64 21 19 70 93 34 14 28 80 45 29 86 85 78 20 29 62 18 81 70 37 42 78 7 95 86 71 65 59 49 57 89 77 30 1 67 4 80 63 0 12 67 18 32 72 63 66 82 28 16 25 98 64 66 12 34 94 54 22 94 80 21 16 28 44 20 79 25 28 57 80 11 54 74 8 50 32 8 7 82 32 67 14 60
54 60 61 93 100 41 27 75 31 23 72 40 23 56 13 57 75 34 86 86 3 83 68 69 8 91 4 21 36 52 67 53 48 38 25 67 24 55 65 97 69 27 6 71 80 52 57 48 26 49 41 44 79 28 100 64 64 26 23 65 7 93 25 2 87 54 74 17 58 72 91 80 3 58 93 19 87 51 77 77 98 42 54 31 36 34 86 6 5 77 55 60 23 91 52 0 6 46 70 62 71 17 95 91 30 35 36 38 5 96 78 58 7 81 92 44 41 0 24 30 58 91 49 56 70 20 85 20 31 44 88 40 72 57 39 38 36 45 99 55 48 16 78 80 60 55 20 14 41 44 28 73 76 5 72 70 4 78 72 71 70 77 76 71 50 22 44 52 37 15 81 7 8 62 65 61 19 81 65 2 84 16 23 17 21 89 74 35 12 72 87 79 4 2 45 7 3 69 96 66
80 55 99 90 75 87 54 43 96 72 48 74 40 94 23 42 36 91 71 96 97 49 49 25 77 66 31 39 83 33 50 96 14 11 82 19 36 20 99 1 67 28 96 87 40 64 43 22 31 12 62 88 93 20 74 63 89 78 97 58 97 1 34 70 68 51 1 30 43 91 71 19 7 9 84 14 61 40 3 12 87 76 91 56 58 24 76 75 13 34 3 80 3 99 68 97 7 5 98 26 23 47 52 93 79 57 27 9 24 25 1 70 95 11 3 82 1 63 66 4 22 23 50 32 44 3 78 55 46 90 5 26 3 47 19 0 89 65 58 35 38 72 69 100 34 67 27 99 88 17 3 64 15 22 2 24 40 49 35 36 29 65 37 46 79 15 46 28 39 88 54 17 91 30 85 15 25 15 14 64 42 48 80 35 95 60 59 100 3 95 96 39 27 32 8 94 53 98 63 39
40 66 5 25 70 67 33 39 60 39 36 18 87 87 8 82 29 65 81 10 28 36 60 80 88 69 88 28 49 94 2 79 6 74 27 35 65 90 80 78 82 37 24 33 14 26 41 24 0 96 92 39 79 16 55 97 63 30 35 8 7 91 13 17 31 71 94 89 79 58 74 6 47 73 65 36 33 12 98 17 9 59 67 62 77 31 72 79 94 34 57 52 53 62 25 72 98 80 35 12 97 13 70 12 81 64 33 10 58 54 24 12 17 90 40 39 97 20 81 65 81 34 62 98 99 30 89 28 57 44 64 74 28 36 26 69 8 15 53 70 12 59 79 36 11 96 26 47 2 83 9 64 12 97 90 27 82 71 38 38 82 16 0 29 90 13 91 79 79 97 36 45 15 49 52 57 52 91 69 78 62 14 84 12 56 61 21 2 64 83 19 18 99 76 46 87 28 52 21 64
29 48 66 3 81 45 93 94 72 59 90 67 45 10 88 79 47 90 17 40 41 91 26 67 34 71 76 74 3 89 73 21 62 82 15 20 90 67 76 34 94 19 80 6 1 35 81 59 28 65 62 92 99 51 66 9 59 69 33 21 45 19 39 95 43 35 18 61 33 87 59 36 56 36 2 38 88 52 10 37 21 63 12 58 79 51 89 80 15 86 3 7 63 39 33 80 77 8 23 0 82 14 73 5 55 54 98 22 6 56 35 96 8 39 38 61 63 11 50 48 53 84 75 35 85 5 29 76 62 87 51 56 60 0 96 75 78 52 79 75 46 51 63 78 67 8 56 9 29 95 16 51 41 15 26 32 49 94 22 15 22 50 88 1 7 12 59 72 14 89 53 93 91 85 9 42 28 25 5 32 82 44 88 54 47 84 76 41 96 34 23 72 99 4 70 65 86 4 68 62
22 8 9 76 31 82 74 89 67 93 92 68 20 19 33 4 38 66 85 64 67 60 21 9 60 43 41 46 70 95 18 56 61 90 67 34 92 4 87 71 78 22 75 87 29 11 69 30 31 69 85 49 30 12 6 14 5 74 66 70 90 77 33 7 47 16 60 13 38 64 86 52 100 9 22 92 14 19 85 93 82 71 33 24 60 57 99 11 34 95 100 88 70 11 47 98 90 65 4 10 88 86 33 53 85 67 3 70 92 50 73 97 55 10 88 94 33 6 39 24 97 26 87 1 71 90 44 44 43 97 69 90 0 89 82 81 71 61 12 62 88 68 21 6 27 73 66 98 87 47 36 7 91 64 92 25 52 82 48 8 94 74 10 33 58 10 26 15 45 46 53 55 57 76 88 78 33 31 90 72 31 69 61 40 16 17 87 13 32 5 34 83 97 25 40 90 37 99 55 82
67 15 37 33 61 79 98 19 44 48 75 79 97 55 54 44 82 16 84 36 74 57 56 100 37 29 95 70 22 94 43 63 86 55 17 7 77 97 15 83 87 24 63 86 49 12 56 89 55 71 74 50 6 97 74 35 100 62 74 96 41 12 87 1 88 14 31 16 0 0 22 14 26 48 40 25 4 18 25 97 86 91 47 30 99 70 58 20 79 52 3 39 16 87 99 80 13 92 20 42 12 36 92 62 63 63 60 75 45 66 39 89 99 50 85 44 62 48 74 18 3 88 41 34 59 95 46 90 14 10 81 59 59 29 8 100 98 18 5 17 47 78 56 27 25 8 15 17 47 67 16 75 96 35 54 94 78 40 79 89 28 23 86 56 3 29 62 84 21 31 11 21 94 16 84 94 68 83 50 83 48 43 53 47 51 69 72 29 59 88 32 48 34 48 94 70 100 38 61 39
0 78 27 65 80 18 62 11 21 44 97 37 88 0 92 63 23 28 90 95 57 93 13 42 99 79 38 33 84 49 27 27 51 67 62 1 14 28 51 75 64 94 30 89 54 68 16 33 20 50 27 93 35 21 26 7 83 78 77 48 21 57 73 40 10 57 97 32 89 87 98 37 61 3 70 75 36 55 1 48 61 17 70 46 99 82 42 95 35 57 0 85 93 24 43 85 28 51 71 84 3 72 89 17 25 1 9 3 93 56 0 82 21 69 23 8 37 60 77 58 85 74 9 58 52 56 31 13 38 4 2 46 64 32 94 65 23 65 57 53 30 61 75 3 92 41 39 6 4 51 94 12 1 50 55 92 86 13 89 68 7 98 75 57 29 84 41 0 81 5 6 24 73 35 96 20 78 32 61 16 35 10 60 74 7 72 71 83 22 25 22 40 63 65 34 68 86 54 59 52
29 39 5 26 73 96 49 20 44 88 53 27 78 23 9 10 95 10 82 22 83 77 5 78 49 88 65 43 60 57 12 59 24 43 61 99 45 83 23 78 51 2 60 16 51 55 82 37 43 64 93 64 18 0 100 59 19 71 19 47 86 63 49 65 82 56 88 4 50 91 63 59 40 43 82 11 38 29 14 40 11 19 56 4 55 67 60 90 53 61 17 5 41 88 92 50 63 25 31 24 15 50 45 72 5 60 41 47 98 84 62 8 81 23 9 25 25 15 82 77 34 95 98 90 85 38 95 0 93 50 42 42 0 87 85 95 17 85 87 80 79 24 71 63 19 58 3 100 34 41 6 54 18 14 82 12 24 43 51 31 8 100 6 4 36 67 93 83 43 46 41 4 14 33 14 9 86 96 35 72 8 19 4 39 1 28 84 34 77 55 73 68 98 34 17 22 11 33 41 0
57 88 86 84 49 57 81 30 93 79 1 57 43 94 15 50 67 61 46 10 11 68 70 14 100 42 37 16 25 37 55 52 66 82 16 24 47 15 96 20 31 34 74 19 44 71 44 71 57 43 54 100 27 26 13 15 91 26 39 52 85 32 84 51 59 2 25 42 88 73 32 22 74 60 7 22 17 74 43 90 68 98 18 85 54 15 56 74 85 64 54 44 32 100 38 91 44 34 68 2 99 1 2 21 58 82 11 44 92 99 76 17 13 58 20 59 18 39 51 16 97 76 19 64 11 39 41 21 66 31 52 67 75 58 70 17 41 11 53 67 55 49 99 88 12 39 64 72 14 97 71 70 11 35 12 75 36 83 33 37 63 20 16 92 23 24 22 76 36 82 31 90 40 52 33 45 98 27 88 28 81 40 59 97 90 16 33 8 54 89 44 40 51 13 83 80 34 93 72 61
99 76 68 19 77 33 97 85 85 26 70 100 45 55 65 60 100 43 11 27 60 85 4 1 35 68 3 54 88 86 25 100 99 97 28 59 63 47 83 66 91 35 12 8 79 74 58 49 26 55 5 50 17 50 60 73 46 78 90 75 10 63 50 83 50 79 45 17 46 89 21 90 83 16 1 0 37 42 57 91 19 58 46 16 44 8 79 26 31 12 48 88 91 57 46 41 85 68 31 49 24 31 73 11 3 6 81 90 49 100 60 85 41 9 58 37 69 31 55 26 61 96 71 83 37 75 33 89 78 48 42 32 96 94 14 16 56 50 87 9 18 39 89 51 27 61 61 78 89 63 16 87 3 74 30 48 55 38 55 65 25 53 29 71 74 8 48 77 82 88 72 49 0 30 75 99 56 93 69 14 49 28 35 5 48 11 65 1 40 51 56 20 59 24 95 60 78 16 39 5
20 32 4 26 10 14 7 99 57 49 49 21 1 0 20 1 93 89 58 73 20 57 98 48 62 44 64 93 6 73 94 86 95 23 80 13 88 15 72 64 62 25 29 31 87 76 31 40 58 91 67 79 94 70 94 95 65 66 24 19 2 38 66 1 63 99 49 12 99 26 96 23 21 87 26 2 3 21 16 6 48 32 90 27 79 35 64 77 41 46 46 69 51 12 69 9 99 5 36 13 77 21 97 16 76 33 88 54 55 99 61 44 83 47 94 31 72 60 13 49 2 33 41 86 50 68 69 58 39 50 73 45 22 57 57 7 59 7 80 17 29 99 62 37 87 7 21 61 78 68 35 22 47 7 51 47 73 3 89 30 72 66 72 88 50 61 35 63 48 0 29 31 65 77 78 76 99 95 99 50 0 96 84 32 37 2 74 86 64 8 64 16 49 63 7 7 40 92 66 83
90 86 10 27 46 90 88 42 32 2 11 78 3 27 40 92 31 20 3 78 24 15 70 25 78 92 29 35 7 66 77 36 82 19 21 16 37 57 46 90 97 30 45 52 88 71 17 83 83 76 88 53 100 55 6 67 25 85 91 54 94 100 19 98 2 77 20 25 41 3 27 35 30 45 90 48 51 28 54 61 50 84 44 0 93 24 66 36 38 25 2 7 52 91 34 46 23 60 74 56 10 15 58 75 0 57 99 89 1 86 63 92 50 2 48 31 36 95 15 53 9 96 95 37 76 24 90 87 33 92 17 15 39 61 23 47 47 23 48 15 48 97 58 86 10 17 23 43 91 98 33 8 61 34 51 70 51 56 18 82 97 33 30 81 53 47 92 7 55 49 47 96 60 14 67 63 79 47 40 25 46 98 20 21 2 71 76 48 16 60 32 52 63 18 94 2 25 94 44 51
78 6 32 69 18 60 43 1 54 38 75 6 9 40 36 3 79 66 19 66 9 43 30 89 97 67 43 56 2 64 24 24 53 56 47 100 88 65 68 69 90 69 71 46 65 79 75 36 14 73 93 16 85 67 80 33 49 45 91 43 16 59 70 30 45 27 81 58 21 11 80 8 7 41 49 93 6 38 5 15 12 24 3 5 49 24 52 82 33 18 57 96 74 13 0 61 40 40 76 2 32 51 96 77 90 44 81 59 45 68 93 43 14 50 87 96 95 9 20 81 46 82 14 99 11 14 0 38 28 28 33 84 91 39 98 24 38 34 37 4 87 10 34 62 94 50 95 46 96 62 86 73 67 44 100 37 87 83 88 96 99 48 38 37 23 41 78 75 100 60 72 83 12 29 0 69 4 52 12 36 9 75 21 75 84 91 44 57 9 53 40 22 27 46 62 54 71 21 93 10
55 95 48 2 77 95 88 78 0 51 92 25 87 87 16 88 80 7 94 95 26 98 23 46 95 76 87 21 32 75 79 92 27 99 97 62 88 96 37 36 95 38 81 32 4 20 70 94 50 63 91 3 26 63 1 76 24 53 9 70 12 9 23 66 23 35 62 38 30 69 71 4 7 100 72 85 29 38 84 84 26 61 50 9 41 71 34 57 23 12 11 24 8 80 98 50 84 61 79 44 24 53 66 41 66 89 28 55 3 68 13 19 72 18 46 25 91 4 92 77 79 18 98 16 38 6 98 95 48 31 60 25 7 32 25 36 34 35 34 98 45 89 69 3 0 15 20 54 20 21 40 21 41 63 96 62 36 41 99 96 34 61 49 97 15 93 69 26 61 86 40 80 85 14 93 64 62 26 92 5 92 34 68 64 70 26 64 11 41 56 34 25 96 49 96 97 13 99 34 24
72 25 0 57 69 43 91 32 87 5 92 17 97 83 39 96 6 56 69 96 68 54 43 10 81 61 64 61 44 46 72 43 47 20 45 99 80 39 92 6 61 49 80 46 9 78 42 66 94 64 38 98 13 52 50 75 7 59 8 67 85 51 18 87 72 55 68 34 91 29 50 49 61 38 11 69 82 6 50 29 78 77 26 67 41 82 92 82 100 41 70 59 69 22 61 83 50 87 14 41 29 4 76 22 41 15 92 59 9 88 65 59 91 10 46 48 75 37 86 23 97 61 6 77 12 34 57 18 65 64 71 3 66 57 28 31 27 40 9 89 18 37 81 22 92 90 66 86 84 56 100 64 14 54 76 30 24 42 99 65 61 24 84 65 34 54 13 21 90 47 30 86 96 6 47 32 87 95 79 82 99 0 94 25 75 75 0 3 94 70 82 100 87 72 15 61 49 30 2 8
18 86 33 35 71 60 78 65 35 75 22 55 78 45 78 43 14 99 78 69 99 80 75 70 72 49 93 34 32 29 88 29 13 12 11 7 87 32 69 2 5 80 55 66 38 69 50 64 5 36 95 98 24 67 44 84 64 11 12 1 44 8 0 3 56 18 18 63 75 75 52 50 25 79 46 12 87 58 80 51 66 97 93 60 12 68 2 70 95 39 59 69 54 49 73 61 12 76 94 56 63 21 4 40 51 73 13 20 23 26 83 5 67 81 3 43 27 73 28 10 65 41 42 32 97 100 32 73 68 84 24 52 66 68 49 61 56 40 34 23 65 100 42 40 44 45 7 24 99 16 95 66 92 27 56 47 57 36 88 14 89 28 50 4 65 26 71 40 68 31 74 10 36 22 13 80 7 19 42 76 47 49 82 43 91 49 30 39 43 98 55 95 21 47 81 75 9 45 88 83
18 23 4 4 75 83 45 38 91 38 16 60 99 76 14 94 32 82 79 67 100 95 83 90 39 55 1 25 24 49 48 82 30 37 21 66 95 80 64 65 22 1 42 91 37 73 50 40 6 46 40 54 6 84 88 100 10 68 25 48 48 41 85 25 50 77 24 62 87 92 10 22 60 58 95 57 37 49 57 23 65 53 76 87 25 13 57 81 50 47 49 3 33 17 25 57 73 42 18 15 59 39 31 40 8 54 40 58 19 33 29 69 71 72 11 19 33 61 57 31 54 94 82 20 56 52 47 13 6 74 28 56 94 20 55 46 11 68 47 63 65 17 82 97 34 87 41 65 84 5 6 3 51 23 45 55 73 45 53 17 44 21 83 6 84 85 42 93 87 56 30 14 28 14 100 81 84 18 39 71 32 9 36 63 51 68 4 87 95 89 87 75 85 1 14 47 70 51 84 30
52 72 33 100 23 71 87 30 7 44 96 88 44 25 61 13 68 1 15 91 89 52 84 100 67 25 75 33 49 27 77 5 29 12 64 5 92 12 68 74 18 40 38 98 27 41 96 87 82 67 28 50 72 19 24 68 38 27 9 5 98 50 68 5 0 57 81 14 46 48 80 3 33 70 28 37 23 100 54 48 32 29 2 88 37 29 79 69 10 93 23 36 15 58 67 11 62 40 42 16 14 91 84 28 54 68 27 61 19 45 38 99 90 8 43 84 18 29 4 10 76 82 22 0 26 55 52 0 57 79 29 85 29 39 24 55 55 5 16 1 16 68 3 43 65 87 39 95 4 76 50 20 11 31 94 67 65 74 11 100 61 17 58 12 94 33 24 96 14 98 91 94 9 26 80 35 31 76 76 30 22 28 38 53 1 51 36 67 3 61 51 11 43 52 85 42 20 28 72 83
23 47 99 100 46 80 11 75 82 81 8 38 84 65 21 72 55 20 45 69 71 36 77 29 71 81 10 33 86 94 36 83 51 12 26 88 70 70 40 11 61 71 94 44 34 81 15 2 5 68 22 77 99 29 13 60 45 17 68 50 3 72 80 68 100 77 45 83 84 87 21 11 74 81 71 98 86 14 52 59 30 41 19 37 17 95 3 87 7 85 53 13 47 23 65 59 45 33 91 40 82 33 86 89 46 28 90 28 38 73 71 83 57 48 59 17 3 94 76 61 30 6 34 12 66 11 86 40 91 43 16 45 85 50 9 25 58 1 19 69 59 86 5 9 5 29 57 93 92 64 28 6 67 40 20 39 80 96 96 54 100 6 43 27 8 27 61 99 13 0 0 56 80 77 45 60 86 36 48 84 59 19 34 74 81 83 43 60 44 85 26 9 8 85 68 22 67 45 94 70
61 67 14 31 56 78 74 98 80 58 12 79 84 81 40 45 13 47 94 54 48 74 98 63 51 45 23 20 85 52 56 72 72 46 77 25 66 42 49 93 34 85 70 42 88 79 94 24 20 7 1 91 9 48 85 54 23 57 92 11 23 23 80 70 35 36 76 75 100 56 34 79 61 89 16 72 48 61 43 80 24 51 87 59 64 92 38 17 15 93 1 80 71 45 78 16 67 17 93 100 33 95 30 23 30 95 34 34 0 74 1 49 25 41 0 25 70 25 27 49 62 19 97 14 23 45 59 78 57 75 48 85 51 50 29 58 19 26 37 64 38 7 81 13 76 22 30 26 67 28 17 16 98 99 75 90 45 55 85 43 12 77 97 98 12 82 72 3 74 37 10 24 8 89 55 57 9 96 35 2 20 0 15 69 4 3 34 84 89 39 34 15 12 1 3 97 19 32 30 11
21 30 25 37 54 28 4 52 91 2 30 21 28 25 41 16 8 31 12 90 40 26 19 59 1 58 37 37 43 19 5 21 21 78 69 74 40 97 96 27 37 71 11 59 38 9 80 90 89 49 89 35 19 0 67 24 64 62 16 26 27 66 59 78 17 27 8 45 13 95 29 42 47 20 66 66 68 88 60 3 37 43 37 27 12 8 96 36 31 81 83 73 73 29 32 79 51 36 80 55 4 18 30 59 36 22 99 26 76 80 76 77 25 26 72 87 50 8 84 72 49 40 75 61 82 47 46 85 3 68 80 90 91 10 95 25 86 5 81 57 1 69 2 99 25 23 50 10 55 6 80 18 17 72 7 88 58 47 8 12 24 71 57 64 96 61 93 39 28 75 68 43 72 85 14 4 67 26 65 91 5 47 18 57 79 14 51 13 58 37 99 20 97 45 37 81 0 67 88 70
78 94 38 9 18 15 80 51 17 27 50 61 23 81 72 49 44 62 4 51 83 0 36 70 24 50 67 34 3 50 23 25 97 33 94 12 9 85 92 44 93 53 30 19 34 92 19 16 67 48 29 3 68 51 6 51 19 0 71 44 85 1 34 66 85 97 25 41 77 55 58 21 44 56 29 79 35 21 51 42 72 3 19 88 69 41 63 91 86 74 73 92 35 48 64 100 23 66 64 93 25 86 92 34 20 33 58 50 48 66 89 80 55 49 16 51 22 99 85 93 53 94 85 77 98 69 43 66 47 1 11 90 12 88 33 48 19 99 98 96 89 93 24 61 98 8 3 0 41 32 67 12 53 70 38 59 93 51 75 63 70 16 45 56 61 93 97 33 13 42 93 63 63 65 83 0 91 19 1 49 35 5 70 38 32 18 27 88 62 52 23 9 16 26 90 99 22 55 85 90
48 18 15 84 26 71 1 65 34 22 37 95 55 46 46 77 42 18 63 8 87 85 64 53 24 83 61 64 45 9 82 36 90 63 90 19 16 22 16 41 8 13 71 58 99 66 55 80 32 18 82 32 76 86 48 37 13 33 98 39 24 69 46 72 96 23 63 34 31 37 8 18 1 87 65 72 46 20 56 15 76 57 81 51 89 47 34 13 44 33 47 81 58 68 74 100 43 70 58 16 30 71 12 91 15 58 53 71 86 15 61 88 4 22 56 30 46 4 68 27 78 82 72 46 12 95 14 25 18 81 88 38 26 28 92 44 23 96 47 18 11 34 97 58 57 19 90 49 79 38 58 47 22 15 3 84 35 35 75 63 51 28 73 60 12 0 78 30 93 59 58 89 41 3 77 9 41 59 91 68 76 98 34 26 15 78 95 67 85 86 54 66 41 59 15 6 55 91 33 2
87 78 17 85 73 76 6 68 60 37 52 37 38 23 39 35 68 33 16 16 69 34 100 100 41 53 53 56 7 63 65 62 2 79 3 45 1 75 90 57 49 55 70 56 62 13 20 12 56 32 75 50 62 22 65 71 44 43 34 27 10 57 36 68 18 43 64 73 76 22 48 71 88 36 42 85 86 14 87 26 88 40 91 48 64 79 61 43 56 2 82 23 48 64 67 38 15 61 21 20 0 46 24 61 14 39 93 22 88 50 44 44 91 95 72 24 81 6 42 11 23 59 69 80 32 98 60 75 32 95 42 37 48 11 20 92 67 32 100 94 67 71 82 8 2 64 7 13 72 44 81 7 50 70 55 39 86 73 30 36 48 73 85 18 18 13 18 23 30 9 77 51 6 21 56 100 94 13 57 74 15 75 21 52 28 2 15 60 6 74 28 62 44 27 5 73 30 49 47 6
47 29 0 93 15 51 33 37 45 19 10 71 46 43 75 46 17 88 83 2 82 92 7 10 82 7 37 7 5 81 5 9 11 42 92 15 28 38 10 77 29 76 87 76 86 2 84 9 98 59 50 74 8 0 19 15 41 30 38 40 10 38 22 88 38 96 83 95 96 89 91 31 53 85 11 79 74 77 16 96 31 51 36 29 70 94 82 79 60 65 83 4 3 36 51 81 9 45 93 23 46 8 43 46 94 81 84 3 40 55 26 10 87 32 4 31 99 95 97 43 12 22 30 57 100 22 14 98 39 3 10 99 39 18 41 25 24 58 79 97 8 44 27 63 0 20 68 6 2 25 95 36 8 0 87 66 99 88 64 66 20 60 86 17 72 23 75 43 17 84 10 37 70 41 11 12 55 11 49 99 2 61 32 72 94 81 39 26 4 51 38 63 74 83 90 92 41 44 31 32
76 13 46 25 63 100 28 52 72 50 27 30 61 31 66 82 13 89 73 55 48 74 76 81 63 40 6 20 57 19 41 73 74 27 20 69 41 13 88 53 93 10 52 41 7 26 32 66 36 72 23 16 59 98 64 12 22 88 95 87 59 38 86 82 89 33 36 91 58 85 78 13 50 52 65 94 66 83 60 89 35 71 50 26 97 33 69 42 15 91 70 23 0 100 100 46 78 10 64 69 29 44 8 52 49 95 71 21 97 76 43 52 23 57 59 68 85 12 11 82 33 87 79 9 91 45 9 34 75 7 62 92 88 57 36 23 89 63 48 90 10 16 47 22 98 78 87 56 58 74 43 77 33 30 69 13 100 92 64 40 74 81 41 93 62 96 26 66 30 24 11 78 52 58 86 71 80 8 68 16 34 43 64 98 27 88 8 90 88 72 88 8 29 32 67 69 80 59 43 82
91 68 79 18 30 12 31 8 89 62 92 6 0 65 88 57 59 50 49 7 70 13 93 35 39 4 27 93 33 3 4 48 96 38 86 58 58 24 90 72 27 93 97 44 76 7 10 73 73 65 87 96 53 10 36 67 28 77 66 13 95 63 84 36 87 52 75 33 75 77 2 92 28 46 4 9 24 95 95 65 59 57 25 40 2 33 4 96 60 90 97 59 38 42 32 82 25 62 55 52 47 33 36 72 6 2 95 99 68 64 38 30 34 48 1 87 6 88 85 44 42 74 59 94 68 61 7 28 31 61 17 11 23 45 48 85 39 12 66 34 60 75 71 49 16 72 46 76 33 71 19 12 92 73 99 15 3 77 29 21 86 69 96 48 75 60 79 9 29 5 71 3 42 51 85 41 18 72 29 2 48 36 94 28 57 26 29 38 40 83 68 87 17 33 72 82 18 26 69 9
66 37 67 74 18 63 81 26 9 84 73 73 26 10 25 39 99 77 76 5 20 56 9 57 36 99 95 17 34 4 67 65 52 93 74 26 25 6 3 41 57 79 18 74 4 88 53 96 50 33 26 35 9 11 2 64 40 63 6 40 20 40 99 31 58 97 31 66 95 81 70 31 44 68 7 37 32 6 88 20 96 70 63 19 1 33 83 42 29 90 68 64 92 94 16 36 15 76 97 65 58 45 98 37 100 29 60 83 24 21 2 90 67 21 13 69 34 16 92 37 66 36 85 6 89 7 40 16 69 49 80 41 67 99 76 23 37 94 82 69 61 15 20 88 86 24 51 80 60 60 99 91 80 79 95 7 0 1 0 82 83 100 41 53 13 97 25 95 13 95 3 19 8 19 91 59 56 98 93 20 14 35 75 22 91 84 41 53 68 55 20 53 17 6 88 85 17 77 87 52
55 73 40 83 0 36 12 4 95 5 52 85 95 30 67 82 43 70 81 52 9 4 36 80 16 48 9 44 67 2 14 41 48 45 40 30 2 73 19 56 42 44 100 66 71 97 100 20 59 63 83 81 25 15 26 77 0 76 56 17 48 2 71 38 74 85 7 75 47 91 25 58 83 29 94 23 63 60 2 69 93 46 48 39 35 91 46 22 41 41 1 98 46 55 36 27 66 15 96 95 9 20 43 91 83 99 38 54 14 78 35 86 31 43 11 3 39 60 41 11 27 95 96 49 26 16 95 53 21 70 92 46 47 16 41 55 21 32 46 53 8 24 3 58 81 53 63 6 100 80 16 90 94 22 34 82 6 76 9 21 50 44 83 36 54 19 73 68 27 56 23 50 100 95 52 46 24 92 67 31 67 35 62 11 76 59 38 46 54 3 45 6 15 53 20 75 45 9 88 45
1 1 13 31 77 96 91 56 62 2 59 17 41 52 44 29 88 30 28 45 21 1 68 96 20 28 56 82 12 24 0 69 69 25 56 69 9 24 86 58 66 88 61 86 60 38 51 60 8 20 32 1 0 43 24 16 2 63 25 73 67 36 39 96 50 38 4 84 35 57 96 99 3 77 14 100 100 90 80 27 57 64 79 96 67 88 69 6 10 39 15 2 100 28 44 81 37 65 100 41 91 12 11 8 26 27 85 60 96 42 86 38 62 18 51 10 64 42 10 0 81 74 86 2 55 7 23 81 100 41 24 97 46 94 31 84 94 16 36 27 56 85 25 65 78 34 8 48 62 100 20 62 3 37 83 63 93 27 58 59 41 48 16 55 5 93 28 66 92 56 69 10 61 93 55 90 11 12 27 11 65 30 92 58 99 87 23 93 51 34 63 59 46 53 14 43 16 32 7 59
40 18 26 10 27 86 0 53 49 58 86 84 36 83 77 47 49 1 4 99 41 7 8 88 29 4 2 75 4 72 42 41 22 64 89 96 29 27 23 62 12 60 35 49 93 49 46 71 36 7 46 50 17 3 32 54 87 96 57 11 88 28 21 53 26 93 9 41 27 63 25 7 25 8 2 97 98 24 26 100 64 94 85 81 12 53 6 33 100 37 69 80 69 68 56 67 87 19 20 2 68 18 38 47 94 17 69 23 34 100 15 11 16 94 80 34 19 73 98 80 32 16 36 50 41 42 82 24 65 33 31 50 23 3 35 11 89 13 15 83 27 49 68 32 39 20 72 93 92 91 0 91 74 40 77 14 87 7 67 73 91 15 61 36 5 78 27 28 41 75 62 29 99 21 88 84 84 73 15 100 24 33 97 75 73 27 31 97 41 32 98 32 36 83 56 70 88 59 76 40
87 63 27 93 72 43 12 53 48 79 6 92 1 93 94 86 30 1 96 42 85 41 83 79 85 17 81 71 23 0 62 53 89 30 73 72 1 3 6 74 57 30 96 45 22 88 63 23 61 69 31 14 94 47 13 91 19 0 75 72 90 21 56 78 92 53 3 38 87 35 72 68 19 51 1 48 33 86 39 53 29 25 80 0 90 65 9 40 6 55 87 87 62 97 79 64 85 8 92 9 50 74 33 75 52 97 65 82 35 11 39 81 26 25 97 42 82 52 34 17 50 5 54 2 54 12 47 61 48 61 3 59 76 65 34 86 93 80 6 2 75 78 16 9 76 90 60 63 95 23 32 42 75 12 98 59 76 92 88 25 34 0 89 26 59 49 25 77 41 28 26 21 77 64 7 37 11 81 62 34 94 35 13 39 49 87 34 61 84 53 57 89 44 24 24 74 47 84 74 40
91 82 77 75 19 14 2 48 42 58 29 57 91 12 34 74 39 73 40 48 59 37 66 60 1 36 83 100 25 87 70 37 74 69 80 3 68 56 70 76 8 63 40 50 15 64 77 50 30 7 29 88 23 46 76 34 13 60 73 77 58 68 87 11 28 93 26 41 73 46 41 71 66 65 5 30 66 92 37 25 25 12 85 67 26 9 46 67 20 39 20 29 27 64 12 57 89 39 84 29 78 79 72 74 57 46 27 12 91 63 3 13 74 25 69 35 77 36 82 3 76 80 33 11 49 77 92 47 48 50 84 68 83 47 37 73 68 35 64 76 53 23 73 29 21 91 39 84 55 85 20 7 32 83 32 74 69 65 79 37 56 99 39 91 43 57 62 38 94 70 9 12 70 35 14 73 55 2 14 93 31 36 3 21 76 64 20 73 99 70 67 11 54 66 23 2 21 64 77 5
43 43 18 32 30 49 14 63 64 64 45 11 37 90 28 81 2 97 25 9 44 25 89 97 71 39 91 12 46 93 69 55 22 17 90 50 91 72 54 66 20 85 86 56 41 14 83 55 58 3 50 4 38 33 47 6 86 77 83 27 52 54 20 9 48 13 100 79 7 67 100 66 18 47 83 6 36 86 42 82 95 69 78 94 97 62 91 100 78 77 88 54 42 33 17 99 57 58 9 61 64 37 55 79 38 98 41 16 83 81 37 61 72 56 13 79 9 69 44 12 71 49 95 34 34 94 39 81 68 52 47 30 5 96 61 81 82 89 66 77 34 32 17 33 69 22 62 76 76 80 23 47 17 70 63 36 11 9 61 98 79 84 72 65 74 51 92 33 99 82 23 86 83 63 54 92 45 40 34 22 45 91 76 93 7 100 88 74 45 59 80 66 97 38 69 55 37 29 57 50
19 96 48 61 14 53 38 56 53 42 52 32 83 67 80 44 59 23 60 85 0 48 20 68 30 60 48 32 27 83 77 62 25 69 26 53 30 35 54 92 43 5 27 5 39 5 84 8 80 17 84 8 47 17 57 53 86 6 59 25 73 25 40 50 31 98 34 48 15 87 94 91 30 16 66 17 40 48 44 0 57 78 52 95 47 13 45 46 54 93 21 91 96 88 40 9 29 32 37 6 6 5 96 84 78 83 93 2 82 30 11 86 74 73 1 98 54 16 1 52 51 32 35 17 56 17 27 6 54 50 71 51 91 66 50 20 86 51 81 37 16 46 61 30 71 42 63 93 11 62 26 92 79 3 23 74 54 18 91 49 2 55 70 7 87 97 55 25 80 98 62 39 11 80 36 6 13 24 95 36 8 57 50 44 82 64 81 90 74 75 61 71 74 49 51 87 68 61 76 75
16 62 48 88 83 84 56 82 64 36 17 48 35 40 1 72 27 98 87 31 20 41 46 59 96 49 37 50 35 60 25 86 35 66 26 85 79 24 17 87 8 32 17 13 39 80 50 14 21 49 18 82 44 59 15 32 17 75 94 9 22 0 1 59 48 8 32 77 29 20 65 9 51 27 71 46 61 28 65 79 74 4 97 40 60 63 99 30 60 99 55 49 88 6 13 69 23 2 25 81 89 13 30 92 65 28 65 92 94 68 66 90 31 90 3 86 37 37 56 22 39 73 16 39 40 48 38 33 9 33 36 34 26 50 11 63 92 27 56 45 50 31 39 55 97 15 72 53 96 77 83 66 72 86 51 17 39 15 53 87 81 74 14 12 56 93 16 96 89 76 47 79 50 12 70 83 28 26 29 85 88 66 31 10 37 14 58 63 90 22 25 8 43 85 88 73 3 33 24 31
54 91 90 21 40 23 43 61 8 82 57 63 51 68 71 32 92 96 82 27 52 48 36 71 27 34 87 40 68 67 65 26 32 24 55 78 70 98 29 33 18 34 40 37 27 0 18 94 4 73 24 64 53 98 57 7 82 79 78 5 27 42 31 64 88 80 68 12 82 58 55 44 82 26 79 29 5 90 46 9 5 59 5 60 55 21 93 71 76 41 63 22 48 65 83 55 51 28 38 77 86 63 74 2 7 97 40 29 62 6 72 30 90 10 12 31 23 19 3 50 1 35 26 64 63 54 36 61 30 48 20 56 29 50 75 39 5 26 14 16 52 9 32 75 71 90 51 41 43 84 84 67 34 23 38 61 49 28 39 11 2 11 69 47 55 23 42 40 14 35 42 69 18 61 52 71 46 75 38 98 70 9 56 50 67 45 96 47 63 8 12 81 100 71 34 59 24 32 35 99
4 20 30 46 30 94 23 77 38 58 22 70 33 64 80 4 94 9 90 37 25 35 71 73 32 35 81 58 65 37 54 60 55 37 49 9 99 64 98 92 47 91 0 86 22 57 12 2 2 77 10 85 31 45 8 58 76 18 81 7 60 36 94 4 79 73 85 53 57 30 0 95 37 82 23 53 13 29 1 3 61 75 25 25 12 76 64 9 23 22 88 27 54 41 47 97 53 56 22 57 16 11 25 35 1 35 48 94 52 58 27 30 24 44 21 100 44 18 86 93 8 58 0 5 3 15 50 42 64 2 71 67 21 64 60 77 65 89 6 11 42 91 22 100 44 65 10 73 57 34 25 54 42 52 54 76 100 23 79 41 70 99 47 30 11 26 11 60 60 25 28 78 99 95 3 40 66 91 32 70 75 3 33 42 38 80 10 88 0 56 33 52 73 36 88 68 84 73 100 51
78 57 29 94 21 1 29 50 39 33 79 84 77 91 78 43 66 65 52 70 12 96 3 15 25 59 4 29 0 42 43 31 78 85 34 79 57 77 40 82 45 12 18 97 38 43 88 34 5 52 28 11 98 50 49 51 75 89 17 26 83 72 31 72 40 38 16 75 50 47 9 98 58 63 89 39 11 18 37 45 17 57 95 70 79 92 38 66 70 33 100 19 50 53 26 70 54 69 54 26 14 55 68 38 19 30 83 77 16 83 48 6 57 15 35 25 64 27 86 8 64 23 33 1 1 61 92 4 24 21 5 46 47 1 64 67 35 74 54 89 40 42 91 81 35 66 26 89 67 57 81 2 53 59 84 92 55 8 96 35 64 82 72 78 76 56 15 18 33 48 85 99 24 88 76 81 51 17 74 55 39 73 73 0 74 19 8 29 7 98 6 27 16 84 3 53 5 58 63 3
95 76 65 21 52 5 36 35 0 77 34 94 77 52 97 86 72 97 78 30 99 55 96 62 45 17 95 96 41 51 63 39 81 48 28 5 39 95 59 18 18 70 44 44 8 98 77 25 63 69 80 27 59 45 44 49 57 75 7 80 66 47 59 86 49 24 58 99 44 91 1 78 62 82 46 68 47 9 45 78 52 21 3 64 69 85 90 93 77 45 68 9 7 90 95 92 20 53 70 6 8 18 62 15 37 81 52 62 38 76 8 73 56 90 59 57 82 11 8 31 65 59 0 38 67 2 22 3 53 89 96 49 71 32 44 99 62 89 93 6 21 28 40 78 22 48 37 96 30 12 41 55 38 29 47 45 26 86 1 86 49 89 88 17 53 53 49 62 28 72 12 25 0 56 7 21 22 40 33 40 10 20 46 65 8 26 77 84 26 98 87 56 85 86 24 1 65 26 17 86
96 100 47 56 71 76 0 37 88 35 66 49 61 78 35 20 80 74 60 63 39 99 72 89 96 75 85 38 90 91 58 53 24 95 63 8 37 51 42 26 92 53 89 49 20 58 73 51 65 10 61 14 66 57 57 3 71 7 50 71 78 41 43 94 78 0 14 41 64 27 20 82 95 55 12 2 39 26 42 51 74 33 23 100 85 75 35 41 0 60 99 91 71 49 2 5 90 4 83 35 86 28 80 17 14 68 50 93 47 47 56 19 62 33 16 79 40 8 43 75 2 59 15 50 78 14 63 75 64 20 70 81 89 97 69 17 68 94 51 66 91 79 97 66 69 3 4 60 59 38 58 24 76 84 32 99 42 8 38 93 93 48 31 57 52 62 59 77 70 0 96 40 80 38 37 22 88 87 99 93 30 38 68 17 0 83 48 6 85 4 72 88 88 41 67 33 74 49 48 93
88 41 97 97 14 56 60 30 4 51 73 94 61 17 84 46 52 41 60 8 79 18 20 3 60 69 55 54 69 75 54 23 11 44 20 53 10 74 69 65 3 19 38 85 59 11 0 88 27 35 55 85 38 86 20 41 84 75 58 28 74 95 16 40 98 36 92 23 99 58 64 64 98 80 31 19 34 19 74 32 38 74 9 84 90 20 61 19 99 7 15 47 89 34 23 85 7 88 22 12 81 38 40 9 45 9 79 82 1 73 54 21 18 21 93 36 88 10 22 81 58 1 77 37 98 41 42 70 37 88 22 48 76 30 57 50 83 67 40 97 50 60 79 95 91 19 68 70 34 20 79 46 89 81 66 26 76 34 95 27 94 80 39 57 84 2 51 99 45 35 78 20 0 80 50 22 46 78 86 3 11 35 6 68 66 2 25 86 88 12 4 78 72 93 66 23 3 79 67 23
97 52 85 51 21 57 25 57 2 46 1 96 77 94 81 7 49 37 40 71 69 11 85 28 91 89 18 92 80 37 15 32 83 100 69 35 37 44 6 2 75 49 69 43 64 80 9 89 90 14 44 36 40 99 57 47 41 40 50 50 38 13 35 0 32 97 27 93 71 65 20 31 66 25 4 88 34 0 82 72 17 22 96 91 72 21 7 10 3 38 97 23 10 53 96 21 74 86 99 30 66 92 10 0 17 51 60 99 62 91 7 38 67 15 23 46 73 37 50 100 21 64 33 47 55 23 99 46 1 73 35 11 60 98 7 54 74 98 67 29 38 91 21 27 32 52 32 56 34 53 81 0 5 72 28 43 15 74 29 12 80 29 63 90 53 11 45 15 78 63 23 54 70 59 47 40 0 29 17 89 7 62 8 48 36 65 23 1 48 70 51 86 70 87 75 43 36 26 51 33
95 40 50 77 90 33 66 46 95 66 16 85 67 22 97 47 66 37 8 77 9 3 70 71 100 85 31 79 15 93 61 100 77 7 55 53 9 99 9 43 55 0 58 43 80 21 22 4 27 45 24 15 14 79 10 77 40 63 87 41 13 77 96 17 21 30 97 18 81 8 86 14 78 29 73 59 47 56 0 85 69 76 54 1 49 25 86 68 31 17 0 5 66 25 49 85 36 91 26 18 0 48 71 99 100 93 37 33 49 67 94 10 82 48 68 42 4 61 41 4 4 73 36 31 15 88 85 86 50 96 29 4 91 82 13 33 71 31 78 84 19 90 77 51 26 59 94 94 37 80 38 71 4 6 60 8 15 64 53 44 43 100 9 34 93 79 8 62 82 35 98 36 25 22 16 5 5 81 92 32 79 81 45 37 29 43 53 70 98 11 39 56 12 22 19 52 6 37 80 38
38 18 22 40 48 14 28 74 60 17 61 29 97 75 46 90 43 45 41 37 90 94 98 100 75 4 71 68 60 18 12 27 55 25 7 49 43 59 64 41 41 79 20 51 43 18 35 13 87 63 32 38 96 80 50 33 18 15 58 51 81 20 33 7 61 25 84 97 48 30 54 4 93 86 94 100 13 97 55 54 0 1 58 53 27 89 54 26 58 97 45 13 77 23 9 67 74 46 10 51 62 40 93 18 36 52 18 55 75 100 20 32 94 23 75 76 34 79 19 20 80 15 17 55 3 63 31 20 49 12 56 66 30 7 10 72 81 41 24 91 90 93 81 55 74 70 87 73 72 17 17 18 11 2 15 55 46 70 76 8 9 13 69 96 8 25 11 34 11 41 68 78 52 99 26 33 100 23 60 69 39 22 81 42 20 55 74 41 100 53 68 18 6 23 61 35 20 42 100 48
59 78 3 5 49 40 98 32 29 49 0 30 76 19 88 55 43 16 96 22 21 5 64 77 33 100 93 75 98 16 8 12 45 48 72 55 88 33 95 77 20 92 67 79 52 83 97 37 95 78 24 49 25 79 43 46 44 78 94 65 59 27 68 22 84 71 26 16 13 3 79 64 5 7 61 55 54 70 34 75 36 76 77 4 98 10 57 73 66 53 90 92 37 25 100 89 45 92 49 52 46 87 90 33 35 63 13 51 28 30 36 58 10 80 42 80 31 78 28 17 99 32 74 48 65 68 60 33 55 47 43 12 83 65 42 51 64 97 31 29 28 28 64 38 33 82 41 35 28 71 95 58 1 4 53 68 98 12 83 18 40 48 35 43 79 76 64 48 31 88 72 33 35 1 34 20 1 71 13 85 2 22 69 66 48 58 24 1 17 78 44 98 2 88 42 6 84 15 73 4
94 20 36 7 74 39 68 76 7 0 72 1 92 37 36 46 18 14 80 19 100 11 70 30 84 57 62 17 82 74 43 20 46 64 32 60 92 11 39 35 28 37 20 10 97 25 94 34 28 54 73 24 81 58 45 100 81 64 83 16 1 43 68 55 63 52 80 54 35 87 97 85 76 73 59 93 80 50 17 20 11 2 1 71 41 9 9 48 12 14 5 15 50 93 19 7 73 50 92 5 39 2 23 56 8 86 21 31 98 96 4 12 69 49 94 52 4 73 50 91 13 74 96 63 86 67 13 2 67 25 56 100 9 1 61 28 14 21 17 77 71 34 6 73 42 27 98 33 58 73 14 67 80 28 39 88 97 54 71 50 92 63 59 60 85 37 9 53 97 79 43 69 24 100 63 43 84 67 69 65 47 37 5 55 54 83 43 76 14 62 96 55 77 76 87 63 82 43 13 85
30 52 46 46 11 46 1 81 96 64 93 27 7 5 11 66 12 61 82 26 47 5 73 61 20 5 56 9 22 25 40 88 37 88 1 49 82 9 44 11 58 70 5 53 10 51 72 15 47 58 100 79 47 41 23 9 51 63 52 25 54 27 79 77 47 8 59 59 18 55 21 25 16 38 17 26 45 82 44 28 1 62 49 20 87 47 79 72 54 27 36 4 77 76 81 32 13 4 12 24 39 13 93 48 17 33 9 43 60 6 65 28 96 62 74 68 71 30 87 90 68 98 4 38 100 40 26 21 7 89 34 35 74 98 73 32 81 67 56 56 46 64 35 67 69 0 93 79 16 96 8 40 3 97 89 72 8 51 33 64 49 89 18 20 45 25 6 35 85 38 34 77 14 76 31 51 82 88 33 88 89 38 82 5 50 22 78 29 33 35 50 42 49 56 81 24 58 96 98 85
64 93 28 4 14 16 82 25 5 96 14 53 33 95 23 32 93 82 16 86 56 58 38 23 96 53 23 45 96 52 39 59 83 58 98 41 75 91 29 0 90 17 0 33 51 28 6 96 53 26 62 32 52 5 60 13 59 43 51 8 56 91 18 84 75 13 39 79 34 72 31 34 67 61 91 15 98 68 20 51 14 46 80 18 83 52 16 55 64 9 6 74 79 7 31 16 97 51 54 97 91 56 91 95 56 38 37 80 68 21 70 5 35 72 46 96 73 47 28 19 53 38 88 95 85 16 70 38 73 59 53 51 14 44 83 8 43 12 51 74 39 36 37 31 6 80 19 72 88 78 57 86 42 89 81 65 34 98 2 65 15 8 82 84 38 14 30 1 5 68 18 19 13 93 52 11 62 27 94 53 100 94 2 0 85 90 58 61 32 38 36 74 94 89 29 15 16 54 66 71
68 51 89 47 6 12 82 64 88 52 49 3 8 27 31 49 86 76 52 66 31 42 43 10 87 35 94 15 22 22 33 21 71 0 68 70 17 34 54 72 19 41 97 82 51 33 28 82 82 76 9 95 74 69 21 42 77 64 1 67 100 80 90 3 62 4 52 24 62 4 10 55 61 9 7 60 11 37 70 55 89 30 55 58 14 7 80 76 21 27 69 5 58 83 5 55 5 75 6 21 64 97 47 91 5 2 82 32 33 57 63 28 82 74 42 9 94 79 10 70 22 6 49 54 83 96 24 13 90 59 12 69 38 93 73 98 52 77 92 4 33 11 32 2 33 15 7 75 6 38 75 50 23 26 25 45 36 70 75 35 9 93 16 83 85 34 45 3 20 62 84 90 68 59 85 50 0 97 75 43 13 21 50 44 35 61 8 56 83 32 18 0 61 49 52 36 36 45 32 60
14 52 71 46 81 42 20 58 5 10 21 6 6 71 5 75 54 52 59 32 25 83 76 93 51 98 42 96 2 21 85 54 46 16 96 4 58 12 7 58 24 82 40 70 29 98 80 15 41 53 13 38 8 0 50 54 90 84 31 26 71 53 69 62 52 88 74 4 45 49 31 28 9 57 33 84 28 14 28 56 50 41 14 79 97 74 77 3 7 68 62 91 77 63 94 86 35 28 37 51 23 27 56 17 49 98 68 69 93 40 30 50 53 20 14 66 28 94 96 60 50 39 81 59 100 33 81 85 22 73 78 9 64 83 70 8 12 53 52 50 51 38 73 66 56 23 18 80 49 23 26 41 48 77 70 96 28 41 44 79 39 86 23 17 17 20 45 30 65 98 51 78 92 17 64 69 7 51 31 19 93 75 70 39 9 26 73 10 94 70 51 21 80 15 76 65 21 53 18 62
25 62 26 77 20 4 78 18 83 22 25 92 29 86 13 1 48 47 65 3 24 39 34 22 71 65 10 17 75 78 90 26 63 8 86 58 10 88 55 98 49 83 1 1 77 27 68 58 42 73 57 78 71 6 7 96 38 26 56 26 94 26 42 89 54 3 71 59 44 84 70 59 32 88 17 22 48 11 8 22 93 23 34 15 8 67 48 36 35 85 93 30 90 34 24 52 56 62 20 14 45 90 66 50 28 52 22 75 94 1 10 73 75 81 72 64 15 5 52 54 15 85 77 59 81 20 97 33 3 95 21 22 4 4 53 24 22 55 64 35 68 19 19 94 40 38 89 35 19 72 54 29 87 0 18 26 1 9 4 65 51 74 29 95 29 56 52 97 36 50 86 0 58 57 56 91 2 59 69 80 13 49 35 100 49 28 3 74 17 28 1 24 20 8 53 13 30 27 79 81
93 7 83 78 49 28 61 0 0 79 18 96 49 67 9 64 65 6 2 65 100 63 25 98 99 70 32 17 65 49 82 100 44 59 11 48 40 3 44 37 22 64 0 59 72 94 80 29 61 12 8 39 45 30 84 73 62 73 38 29 44 62 68 40 43 86 31 29 64 60 13 42 0 84 21 49 59 16 11 26 72 72 82 17 79 22 30 57 75 61 31 75 28 16 21 5 58 45 40 14 69 84 17 79 20 17 97 50 24 37 85 74 39 96 76 74 57 36 40 21 0 40 62 33 83 37 50 6 11 19 32 48 68 29 55 22 32 2 95 82 7 43 6 22 34 94 48 90 95 74 44 83 82 5 28 32 62 77 100 50 78 34 50 0 14 56 98 23 26 74 54 76 84 20 98 57 9 58 61 36 77 43 45 12 50 45 77 41 98 91 42 9 78 16 79 30 6 9 57 28
34 49 44 95 11 41 2 26 49 57 91 35 15 39 72 63 58 45 42 71 5 67 25 37 74 24 39 54 69 100 97 49 54 23 98 41 96 64 22 50 26 83 4 6 86 23 71 43 48 78 9 42 11 21 20 30 58 7 50 58 80 74 89 62 23 86 23 70 96 2 41 94 11 72 70 57 54 39 80 97 19 71 30 12 57 99 1 3 89 93 61 22 15 20 87 61 71 70 64 75 86 52 49 73 42 11 17 81 60 68 74 80 23 37 59 71 99 100 5 41 2 25 30 80 25 91 71 22 38 9 43 68 4 72 10 80 91 92 68 100 84 25 90 70 65 53 99 59 59 47 62 5 78 69 79 35 87 20 50 90 26 34 2 47 11 28 71 51 38 54 79 12 93 94 42 98 56 10 43 4 54 74 50 62 76 13 32 83 100 49 97 45 78 100 48 27 36 14 37 70
85 15 72 43 84 58 75 42 85 71 32 12 89 65 19 4 32 41 71 51 6 15 94 11 72 45 31 49 99 13 17 54 59 51 6 45 32 64 66 88 23 22 17 53 100 52 14 49 27 14 57 44 81 54 83 84 14 81 8 7 37 64 53 92 41 39 3 74 88 58 77 30 96 32 33 23 27 50 28 84 68 16 99 86 7 57 43 48 90 90 16 69 28 71 53 64 79 41 81 14 74 18 89 72 93 54 24 63 16 51 19 32 47 98 15 33 3 16 26 41 3 58 63 97 73 24 92 53 82 79 61 4 2 3 14 19 57 1 50 81 81 43 5 55 48 22 62 31 53 6 29 12 13 59 6 25 65 19 56 2 66 11 45 93 40 91 7 34 89 87 57 48 84 31 44 20 86 73 7 76 67 21 3 68 72 15 55 57 36 16 77 48 77 49 36 25 69 32 81 92
24 63 2 100 40 57 74 81 82 82 25 83 15 72 0 2 30 92 66 88 83 1 45 57 14 93 62 63 64 93 86 59 55 8 42 54 40 30 12 51 79 65 71 64 55 78 29 18 83 76 84 48 99 38 67 0 55 93 13 43 100 13 47 4 14 16 63 79 89 45 43 30 25 63 88 48 45 51 40 53 61 29 5 42 99 78 65 38 98 19 48 91 44 69 54 80 30 91 8 30 60 82 38 77 10 33 50 37 100 70 15 70 84 33 43 50 100 65 22 75 50 82 92 72 27 73 51 7 19 93 63 45 41 18 9 42 67 83 79 91 76 9 82 71 96 43 26 55 71 69 29 42 90 6 55 31 57 26 81 50 28 16 25 18 54 12 7 92 24 33 50 29 73 3 14 43 9 1 55 96 23 15 87 2 2 21 71 52 57 66 56 73 67 91 59 32 9 4 72 44
23 53 32 60 91 45 94 41 10 82 96 86 98 95 25 14 93 46 85 77 100 91 99 41 41 30 82 76 64 24 59 50 34 73 65 50 15 100 36 29 1 53 58 70 95 51 8 64 64 93 53 67 37 0 13 21 39 6 70 38 52 84 84 85 6 11 4 86 27 94 89 69 60 29 36 1 2 39 91 92 18 60 42 71 39 4 93 95 91 25 70 18 43 19 44 34 28 53 13 99 89 14 73 46 32 33 35 5 5 74 82 73 69 61 89 82 75 41 82 51 32 1 41 54 89 92 75 2 34 63 70 45 41 33 49 39 51 63 1 53 89 45 63 12 41 12 78 27 41 70 34 69 88 20 29 78 92 66 73 95 75 55 61 41 59 61 93 71 48 65 21 57 98 43 79 41 14 0 97 15 78 98 47 81 52 77 67 85 34 48 9 6 15 34 24 70 1 42 29 5
89 88 41 91 92 30 66 54 40 16 50 51 94 86 41 24 1 72 67 60 72 73 93 99 78 93 44 0 82 72 93 13 86 80 33 53 17 12 91 46 64 97 47 25 64 64 6 25 48 45 92 98 28 0 33 50 56 67 5 70 31 53 54 39 31 68 30 74 59 69 89 68 85 13 13 66 43 65 42 41 17 46 10 70 47 74 72 97 55 59 4 6 6 42 91 77 6 84 22 33 85 57 39 93 26 9 52 80 88 99 31 28 35 81 9 6 32 60 87 25 28 25 89 34 62 62 30 99 96 1 8 93 26 23 89 57 42 56 61 27 31 6 46 0 59 0 92 18 46 13 63 98 74 87 26 27 25 25 45 100 10 88 100 3 0 25 29 48 53 26 99 64 67 11 9 77 54 32 19 38 91 66 10 100 55 75 12 59 89 24 36 48 100 51 43 19 77 36 20 24
15 65 13 24 85 35 18 15 62 66 33 98 49 19 68 15 39 30 70 60 45 36 9 100 49 26 100 41 84 61 7 54 85 35 98 12 37 47 7 22 75 61 27 70 40 86 57 16 7 76 45 12 7 70 45 29 68 3 94 67 29 25 21 84 89 11 62 92 1 69 42 44 71 55 65 26 3 58 79 54 47 67 3 74 85 49 86 6 22 43 77 88 74 67 30 16 20 31 36 46 15 89 57 15 10 15 80 22 2 28 54 12 70 55 67 32 28 6 25 85 87 60 10 44 12 67 71 70 82 28 37 61 7 37 58 56 81 32 85 60 61 46 95 2 1 47 99 52 3 55 99 23 60 90 14 57 32 79 72 86 82 18 54 58 89 93 37 97 79 88 28 60 85 6 50 32 55 95 2 8 17 3 84 25 30 47 37 9 97 69 48 1 52 12 45 78 50 36 70 14
61 21 53 79 99 26 93 47 76 39 42 15 13 79 83 64 39 73 81 90 33 92 50 2 78 58 1 10 33 90 90 18 27 40 3 26 25 62 54 82 36 62 27 16 97 73 28 71 44 23 49 90 0 7 62 19 86 73 65 4 46 92 3 5 39 53 28 23 90 44 42 29 20 24 32 69 55 99 13 54 69 66 66 19 62 17 6 50 93 8 2 61 93 62 72 59 85 38 51 53 91 90 11 96 45 87 21 20 29 96 71 41 10 77 80 35 13 28 60 82 26 88 6 36 82 6 74 21 77 21 45 90 72 22 86 13 41 56 71 61 15 2 44 94 99 27 98 98 55 88 35 38 14 41 45 81 84 28 55 16 19 7 96 70 37 66 22 43 90 68 75 61 6 70 66 30 76 75 55 13 76 9 52 67 11 28 10 80 44 82 29 8 86 52 47 42 95 56 47 58
46 58 83 26 1 1 69 63 31 15 28 45 95 25 8 64 60 87 17 37 67 90 67 4 39 8 8 1 39 31 39 57 20 15 24 61 74 4 95 41 50 13 60 64 78 20 34 79 9 43 88 3 23 92 53 63 92 66 84 46 0 52 21 90 38 69 87 2 61 64 61 61 68 50 76 70 17 12 66 13 29 59 97 28 23 33 70 3 4 74 84 49 96 64 40 44 20 38 80 12 56 94 72 36 47 14 5 11 14 66 16 35 24 74 7 80 27 88 36 53 65 39 9 82 56 40 28 24 25 58 74 29 16 27 74 97 2 65 68 85 88 41 94 88 74 69 34 87 53 26 30 87 26 32 5 0 79 69 39 3 9 14 71 53 80 43 87 64 81 57 96 82 7 100 57 96 26 53 3 96 66 43 80 58 50 81 23 94 18 89 65 14 74 9 33 44 28 49 98 0
82 82 87 34 44 79 70 50 80 45 53 83 54 67 51 52 60 91 34 98 34 89 13 44 52 77 22 31 31 59 63 46 1 35 20 66 99 83 65 39 69 84 60 43 79 55 60 89 86 53 73 22 21 59 6 68 52 43 5 64 79 80 2 58 81 38 79 31 67 70 41 83 72 27 44 22 15 93 37 24 26 95 92 60 67 78 13 37 1 45 35 77 61 65 41 95 14 68 64 98 53 67 19 6 6 14 48 50 61 88 69 30 86 66 47 99 70 85 93 14 49 31 76 77 20 58 95 79 37 2 57 30 81 15 73 47 39 73 94 2 54 88 58 13 81 65 78 56 70 20 13 18 40 21 55 27 36 9 90 72 37 91 56 9 71 16 91 100 54 79 94 74 97 18 25 28 56 26 79 54 61 71 27 55 46 35 52 3 57 93 79 83 95 29 80 30 46 87 60 82
50 54 72 15 67 96 95 32 62 70 77 5 25 62 18 7 65 51 95 71 42 75 93 16 53 18 74 5 68 66 57 18 37 84 93 59 50 47 96 79 61 51 94 23 4 97 48 12 100 63 100 70 83 1 10 81 71 81 44 35 37 51 58 87 87 39 32 29 25 35 6 5 78 30 17 61 21 35 16 76 81 17 5 82 68 26 57 59 67 51 85 78 48 84 77 65 34 79 35 93 86 72 96 69 35 66 93 81 51 58 97 62 68 7 100 89 86 7 68 10 23 76 27 86 63 77 72 54 14 92 48 70 10 92 61 17 23 47 91 49 51 100 61 52 31 84 14 64 62 32 73 25 53 78 35 67 77 75 14 20 64 39 68 48 17 45 55 74 96 7 16 53 75 66 55 69 41 3 50 83 24 41 81 41 94 29 66 86 82 24 18 56 56 71 43 9 19 28 88 73
3 10 61 74 35 50 96 8 78 87 21 76 35 20 99 35 28 82 11 37 46 10 25 68 44 3 74 78 76 99 4 77 100 1 20 68 72 35 83 93 71 36 56 51 69 76 61 30 6 54 41 13 8 9 4 35 83 51 28 45 31 70 81 8 19 75 30 21 30 16 56 73 74 52 82 75 100 17 66 30 29 7 66 73 90 50 62 15 59 52 45 6 83 90 88 30 97 50 61 14 52 66 40 7 39 54 74 54 79 96 97 68 86 34 60 17 14 68 54 80 19 47 66 17 22 36 14 76 13 68 81 52 46 51 13 52 17 48 92 11 81 38 80 8 21 99 31 18 42 7 70 58 31 25 75 36 60 88 10 2 39 42 71 75 79 96 59 64 100 51 65 71 50 66 57 49 50 35 31 6 59 71 59 60 52 13 80 21 36 68 98 46 76 25 52 79 97 20 84 54
46 92 37 20 87 78 68 63 55 72 1 88 58 72 14 14 67 94 83 30 27 5 19 49 99 50 37 63 72 31 42 10 66 26 81 69 12 73 62 95 8 3 49 53 41 34 67 85 35 26 83 71 42 98 0 80 91 43 89 88 14 35 49 3 81 86 69 20 80 78 62 92 12 0 69 63 18 90 88 66 81 68 14 54 62 44 99 15 61 88 10 90 25 57 91 96 37 100 8 80 55 48 20 86 5 24 94 53 18 70 24 65 7 1 36 99 59 55 95 76 66 44 17 86 19 70 76 35 41 76 98 19 98 13 93 51 44 29 76 73 23 6 77 93 90 6 62 64 54 48 75 87 63 17 27 30 83 65 2 49 24 68 83 29 71 62 59 25 76 13 73 46 32 96 74 40 93 58 29 51 11 59 22 89 3 23 6 82 73 66 20 68 14 46 85 57 60 23 65 16
71 17 76 12 56 73 61 74 6 28 97 65 69 66 38 23 93 0 19 21 56 35 29 45 39 68 4 62 42 73 93 34 80 42 51 27 81 84 0 42 14 60 33 25 75 23 13 98 75 36 50 40 72 34 59 77 45 93 17 34 54 52 5 71 52 72 34 95 88 28 20 9 19 15 11 93 26 33 23 52 81 16 26 0 63 75 16 53 95 14 91 13 93 14 63 62 88 55 89 83 32 99 48 6 46 99 44 42 46 67 47 4 50 90 58 80 42 53 45 6 75 94 45 17 80 77 71 52 66 68 95 11 14 59 95 21 9 50 19 5 28 53 30 44 4 68 11 41 93 44 58 59 53 77 17 67 35 17 44 79 24 21 91 85 68 38 84 50 87 32 8 59 47 35 91 67 41 69 18 100 27 28 87 75 16 28 9 0 43 57 30 34 27 17 100 29 37 26 92 62
75 72 16 76 55 98 39 13 7 75 20 53 26 91 69 84 83 26 33 80 65 40 37 94 28 84 90 74 71 11 87 25 47 33 24 6 74 24 26 42 98 63 68 18 8 95 54 32 99 87 6 0 3 96 33 67 23 37 2 33 14 72 5 87 54 16 94 35 72 97 52 20 16 52 50 92 35 45 86 89 48 84 7 86 78 2 41 2 3 59 37 17 48 56 5 82 30 54 47 28 76 5 55 2 36 76 82 15 58 2 68 50 23 32 76 29 30 8 13 82 89 65 81 20 38 10 19 23 23 84 8 81 82 25 50 52 24 52 81 21 36 38 41 80 58 82 31 38 62 72 40 95 88 20 14 28 54 2 85 52 8 45 96 68 91 84 15 15 29 23 15 15 2 55 1 78 76 40 2 25 88 17 97 91 53 73 8 19 56 58 76 40 29 57 54 45 95 85 22 12
1 88 35 21 47 47 91 30 80 57 100 28 3 59 57 96 8 21 48 17 29 6 10 67 76 93 74 29 42 90 64 95 99 90 13 19 42 39 95 52 20 84 30 66 61 37 84 79 95 32 59 33 94 40 17 43 79 23 94 88 68 79 93 6 14 34 37 57 32 80 73 4 18 43 55 41 96 60 98 97 10 17 57 90 38 42 39 56 11 25 38 83 88 100 48 91 23 13 46 97 27 18 66 57 5 82 1 24 34 42 33 95 63 31 60 24 86 78 79 79 22 57 97 22 73 52 50 39 1 1 30 32 22 89 61 87 44 76 86 76 16 70 94 84 24 68 40 84 22 77 18 83 83 12 20 41 89 75 43 26 80 80 47 36 39 11 100 82 4 99 41 86 25 99 7 13 14 41 59 64 70 81 87 27 11 24 44 47 88 5 64 50 50 60 67 65 8 47 26 75
15 65 72 81 14 37 95 100 61 91 93 31 69 43 46 32 85 55 28 30 29 14 44 79 96 85 25 67 3 59 63 0 57 63 13 73 65 41 50 77 18 33 54 89 86 65 3 15 15 80 23 63 32 40 95 94 4 53 51 25 1 51 35 41 74 95 93 79 11 76 63 61 57 15 74 91 71 51 88 54 5 90 63 46 19 56 94 43 17 27 47 93 91 84 28 31 62 90 52 16 41 83 51 92 35 46 51 74 27 72 23 61 25 98 98 33 42 62 24 69 20 51 12 83 16 64 80 14 14 6 57 27 94 45 58 46 69 63 99 55 50 71 99 100 51 76 89 61 91 45 64 50 18 50 15 4 25 29 80 62 87 12 35 44 41 94 76 39 5 60 69 61 46 20 28 20 76 15 41 82 91 52 59 37 38 56 9 46 75 39 4 11 100 39 97 21 88 58 33 90
71 100 75 1 0 87 77 34 27 88 47 77 100 97 100 61 45 98 23 33 73 43 85 31 85 92 80 22 94 81 3 14 70 50 22 88 2 74 83 27 69 94 64 75 23 1 69 81 13 92 41 0 13 77 16 64 10 30 95 74 80 67 36 66 79 60 56 35 30 96 8 33 0 86 35 40 68 83 75 54 89 73 70 37 47 24 3 72 49 4 8 37 4 25 37 42 5 44 58 28 82 21 67 41 21 77 74 27 28 25 69 0 20 75 62 62 17 2 22 18 76 52 93 56 99 58 26 24 27 50 28 47 80 43 40 1 46 68 12 11 84 21 70 75 76 12 92 100 73 83 79 98 9 37 49 23 96 82 68 10 87 70 17 73 56 42 18 39 36 35 83 9 49 3 16 29 67 88 47 10 78 27 22 89 6 63 72 6 44 14 98 27 74 69 96 65 67 26 33 58
87 34 22 22 17 87 7 70 57 44 65 26 9 38 30 50 20 48 55 85 10 86 64 72 26 92 85 70 80 61 99 49 70 89 94 71 1 10 28 25 42 53 73 32 75 82 29 4 43 5 51 9 99 90 58 31 68 76 22 97 30 32 17 9 42 38 39 72 51 4 85 65 33 1 23 95 53 47 97 78 52 79 96 91 56 24 63 54 26 50 94 85 60 85 86 46 2 35 61 39 61 19 0 58 76 84 97 89 89 54 29 60 67 100 29 42 17 89 75 26 36 33 96 13 60 64 48 6 19 41 30 95 57 36 61 60 85 77 91 61 41 68 47 28 56 81 95 71 4 77 47 42 75 32 7 9 23 3 66 24 0 58 70 36 16 57 23 22 63 49 20 56 79 11 36 42 19 66 19 16 76 63 53 54 85 51 7 25 77 9 49 32 40 96 24 4 12 1 73 3
81 40 19 79 9 60 82 27 34 43 77 11 41 27 20 88 82 80 60 9 20 9 100 49 38 83 21 71 11 34 33 77 93 69 100 75 88 56 83 40 96 85 71 80 59 4 52 11 81 76 75 93 68 50 38 97 42 53 11 98 82 32 98 92 53 10 82 72 88 76 41 0 38 21 36 46 14 16 88 19 64 35 100 1 75 91 28 85 53 94 2 28 84 45 73 25 70 71 56 41 57 85 90 22 17 92 98 7 60 29 1 100 21 21 5 89 17 74 37 17 86 45 89 0 52 54 13 73 90 35 69 75 25 78 84 87 95 53 97 51 20 53 71 1 22 29 51 25 19 61 49 84 86 63 98 24 23 71 7 37 92 95 61 60 68 5 47 88 32 13 39 59 71 14 95 51 81 82 14 30 26 66 88 82 21 86 83 54 62 100 9 80 38 9 47 1 13 56 8 46
100 53 86 78 93 35 54 74 0 67 0 52 31 16 14 46 54 33 81 45 35 61 39 22 89 41 7 90 20 77 94 9 71 3 8 8 31 98 3 35 4 77 62 23 98 74 58 16 32 95 65 83 56 86 14 83 43 94 69 24 7 84 11 29 53 14 23 49 16 19 39 45 37 40 99 79 13 66 70 69 61 10 93 29 69 30 23 12 27 0 77 29 98 10 45 11 39 37 26 13 76 30 14 45 12 29 80 9 28 95 70 80 5 39 17 62 68 27 33 10 91 86 82 99 76 33 10 31 49 50 68 51 14 84 20 37 75 36 99 52 76 97 27 52 26 47 17 49 12 1 20 10 99 57 75 81 86 8 72 64 73 28 56 10 94 71 5 36 97 47 0 98 78 24 63 51 18 69 61 31 66 25 84 19 53 3 12 61 24 44 65 59 79 51 79 91 35 47 3 63
30 37 68 42 31 49 25 64 98 61 11 6 96 85 20 45 57 68 98 9 73 29 73 64 60 61 26 49 5 53 28 62 35 93 56 38 56 83 32 5 63 85 54 8 23 89 99 69 55 44 74 79 66 46 46 6 23 81 84 19 93 7 94 83 76 46 38 24 88 64 56 33 94 36 12 1 38 58 84 7 37 28 55 94 96 76 14 43 11 75 39 47 79 97 84 29 6 6 6 74 94 100 24 1 65 73 22 31 64 16 26 32 28 29 85 13 73 13 87 98 81 53 43 35 57 45 83 82 97 89 86 41 44 79 40 11 36 53 46 84 78 2 42 66 81 11 2 8 95 70 22 14 61 0 1 93 15 63 34 6 72 80 95 98 36 61 78 71 25 22 59 31 68 37 79 73 78 10 72 25 48 32 21 79 41 17 34 66 54 38 82 42 87 75 81 19 87 27 68 12
