65 27 39 55 27 64 21 59 38 77 47 17 61 53 11 19 9 49 43 60 76 72 63 43 41 5 72 6 83 100 33 70 8 6 59 100 65 20 13 1 45 81 97 60 7 14 86 41 79 95 82 0 89 21 67 93 78 44 95 57 96 24 81 38 46 38 46 3 36 17 10 21 8 92 52 24 6 34 39 42 26 52 12 64 47 55 17 90 68 90 90 27 26 33 45 73 44 87 84 46 30 78 0 72 93 50 9 79 39 27 4 6 28 92 82 13 1 11 86 75 100 78 81 16 12 16 55 84 72 62 66 37 45 81 45 57 1 79 38 86 42 34 77 44 96 71 4 86 89 40 80 72 24 28 92 32 43 60 20 89 93 4 44 82 21 26 11 76 96 96 54 9 39 56 26 23 61 54 40 44 89 6 32 88 19 98 67 50 36 69 81 16 66 52 92 79 68 52 20 24 90 26 68 0 71 47 43 39 19 71 24 30 8 93 57 34 18 9 41 68 59 38 49 7 97 8 48 28 90 65 37 79 35 64 74 30 84 56 87 88 1 99 36 76 90 37 75 11 77 84 90 58 28 71 77 36 98 76 84 67 15 51 7 97 100 88 64 50 48 60 33 38 33 55 27 47 48 22 38 4 5 15 38 16 90 6 39 56 12 90 43 85 68 47 80 49 81 9 68 100 24 51 92 79 32 61 23 91 48 34 83 57 100 60 61 90 81 18 67 97 10 71 100 90 53 62 52 2 61 21 47 28 89 74 78 95 98 5 50 55 24 32 48 7 61 26 55 7 54 36 94 34 57 72 5 81 87 61 27 70 57 50 71 92 23 32 53 34 41 13 46 90 69 50 26 40 74 47 70 21 45 16 35 87 32 38 71 35 79 21 78 91 99 30 18 5 60 61 6 27
61 84 27 65 33 17 70 20 90 7 33 73 77 42 56 44 41 39 21 20 7 47 20 13 28 73 45 91 6 34 64 12 95 62 64 73 45 21 65 51 15 34 0 93 16 72 64 26 17 100 6 94 17 18 79 86 52 8 86 25 36 2 9 76 90 85 71 18 9 93 53 17 58 86 20 55 51 56 34 74 75 80 79 69 52 21 27 68 46 4 10 17 25 93 86 19 54 2 2 89 93 63 80 39 91 56 91 99 61 69 97 68 45 43 86 44 11 88 22 49 85 82 26 35 34 33 91 60 35 15 97 11 31 30 78 40 61 68 24 16 46 87 35 74 95 31 34 35 97 7 86 81 81 97 69 15 91 6 45 8 37 73 24 40 11 78 40 28 45 98 34 33 46 37 15 77 78 95 87 10 30 30 45 11 47 87 98 43 16 75 15 64 88 72 5 51 78 89 54 71 46 12 12 59 13 89 40 63 75 12 24 35 5 24 2 40 40 25 47 61 5 31 81 40 95 39 3 60 74 6 26 4 79 90 9 24 51 47 85 28 80 11 89 78 100 89 53 75 67 7 12 32 69 89 33 96 77 37 45 69 46 29 1 41 77 100 48 49 7 12 61 32 81 39 72 15 4 99 49 30 6 65 83 89 61 2 25 68 9 96 22 63 7 0 41 34 23 43 47 31 25 19 5 70 48 42 23 53 54 74 73 65 0 45 3 75 63 55 54 50 99 73 57 33 3 0 25 56 63 20 2 74 25 63 22 53 71 91 0 58 16 0 97 21 44 24 9 12 27 16 69 83 51 64 87 79 20 99 13 98 6 3 43 17 7 15 24 30 70 66 57 27 46 30 6 53 23 90 60 66 81 46 1 40 13 76 11 15 56 82 91 14 10 40 59 18 18 73 91 56
37 11 29 47 47 62 93 44 60 63 3 38 31 57 16 81 41 60 67 40 96 65 74 16 62 20 23 53 26 17 40 69 32 24 88 95 14 83 0 84 18 6 76 12 64 46 44 12 38 81 30 51 40 21 75 32 31 76 38 82 82 47 75 32 48 98 55 75 71 7 91 19 28 92 98 49 24 82 96 34 24 12 56 28 92 6 75 31 55 98 39 67 31 47 99 87 57 48 96 55 18 43 58 16 20 88 68 33 75 82 74 87 18 60 84 19 87 37 26 69 68 59 9 95 81 24 76 94 13 31 31 74 68 31 8 78 59 76 61 53 35 5 59 75 3 84 55 14 6 65 13 68 78 91 3 18 98 89 4 41 40 27 58 96 72 83 89 30 47 6 68 86 41 42 71 46 90 40 34 5 29 52 20 74 95 86 4 23 46 6 100 72 31 94 90 23 26 26 9 35 38 25 54 48 17 85 78 79 36 4 50 97 89 4 6 58 89 35 2 98 69 13 73 37 56 50 58 13 93 3 65 24 72 18 0 7 0 37 59 9 28 91 90 5 59 12 49 16 34 47 53 85 44 4 43 87 14 11 37 12 27 48 35 98 73 86 62 42 49 35 16 75 30 25 6 46 1 87 91 18 75 3 73 11 6 33 66 26 30 99 27 58 93 98 44 95 77 66 21 73 5 2 65 100 83 73 77 93 44 63 2 100 1 63 17 59 63 8 89 72 76 27 40 52 15 82 0 63 40 51 100 95 14 41 93 71 98 5 30 46 60 57 19 36 19 65 8 29 42 0 36 18 96 13 41 83 67 94 88 98 99 24 0 5 36 1 54 53 53 30 94 66 82 41 45 64 65 31 78 2 73 23 88 48 57 81 13 20 77 50 57 86 35 73 70 32 37 17 33 48
62 54 50 100 23 2 15 38 83 65 92 43 62 34 40 15 26 3 7 19 22 31 33 90 84 58 76 65 74 5 68 4 18 22 91 11 56 97 47 32 75 41 9 72 27 14 26 4 59 25 99 90 25 66 30 97 63 46 35 94 41 1 33 45 43 14 34 2 92 73 21 82 75 0 45 72 43 70 54 56 16 17 15 36 29 88 87 39 84 66 5 81 94 85 86 52 51 38 63 44 6 79 65 40 68 97 80 37 27 19 61 2 86 93 77 43 28 89 64 58 97 10 30 28 81 70 93 35 19 63 100 33 0 81 42 68 100 73 95 22 9 52 10 72 91 51 36 13 69 51 36 48 95 17 45 82 96 2 28 98 40 16 20 28 4 75 72 79 55 37 79 82 48 88 21 73 61 45 25 57 21 38 4 67 50 45 29 18 11 13 63 77 70 52 22 80 54 73 61 6 70 27 58 35 10 29 7 30 61 59 86 31 72 3 22 100 38 23 48 76 97 84 52 23 88 99 82 55 24 83 74 46 61 77 90 84 27 65 38 42 47 64 34 39 38 21 45 96 89 41 51 47 36 17 9 45 33 9 32 39 18 52 99 40 13 24 91 22 77 73 73 39 34 0 76 81 51 78 93 58 44 18 95 51 10 30 75 66 92 8 89 61 62 4 31 27 1 63 85 29 9 38 55 46 81 62 98 6 63 49 40 32 46 17 18 79 70 78 92 25 25 56 79 82 73 6 27 1 93 52 97 46 100 43 49 33 93 46 63 62 2 68 11 0 85 47 33 96 47 77 29 34 39 53 82 67 94 50 21 47 24 28 48 48 32 4 88 96 78 93 99 69 16 26 54 36 1 57 86 69 74 96 100 15 21 80 7 17 13 97 56 54 22 90 89 5 87 62 94 49
51 99 48 27 9 3 97 61 98 14 16 44 75 60 1 34 21 1 85 88 28 56 58 23 83 37 9 82 85 59 25 68 15 99 51 32 68 47 91 2 90 85 78 77 94 9 79 18 0 9 72 21 75 97 69 40 9 17 58 22 2 18 44 24 60 96 25 69 91 86 82 3 20 88 75 3 3 95 65 78 22 34 32 100 97 86 69 51 58 4 4 58 13 51 22 99 15 85 59 13 91 42 79 24 89 81 33 48 87 89 87 78 100 2 17 87 45 85 78 46 9 59 55 24 50 28 10 16 50 61 91 13 73 59 21 98 63 93 28 61 20 88 14 41 94 12 0 64 42 74 99 26 82 82 93 54 96 7 87 15 60 46 43 21 88 15 87 14 74 64 72 99 80 43 11 30 72 1 8 98 96 21 20 69 57 66 52 100 64 98 53 91 40 30 40 38 31 75 81 18 55 46 32 71 49 1 41 8 69 76 53 66 23 8 23 51 80 85 50 78 58 8 47 58 22 33 49 60 10 37 33 6 23 23 95 83 94 0 3 86 78 43 1 99 44 1 18 17 34 47 73 97 91 43 0 65 68 26 60 80 16 19 10 15 83 95 4 41 74 79 45 13 71 56 69 90 36 7 48 51 61 95 55 3 78 51 24 20 1 96 35 76 59 80 10 93 52 45 64 74 2 15 51 29 67 57 53 99 56 66 25 70 4 36 84 34 2 42 82 49 53 3 42 59 84 100 86 67 60 19 30 83 12 5 73 91 44 93 25 65 68 95 21 95 14 35 90 69 10 20 50 28 61 14 63 27 50 20 31 76 8 68 97 60 38 2 35 66 69 12 46 40 87 38 41 53 96 20 3 38 18 82 26 50 68 48 3 66 39 98 13 80 14 36 57 24 93 55 89 50
21 14 33 73 64 77 22 94 57 21 37 48 9 84 53 81 61 97 39 8 16 95 2 39 1 90 53 82 42 77 89 9 57 51 96 15 19 12 93 28 87 99 82 59 37 49 67 78 13 5 7 48 33 11 21 17 65 64 52 59 9 92 30 31 27 8 14 56 13 55 57 45 33 82 26 18 96 20 24 54 85 70 51 23 55 11 3 31 7 6 26 75 6 56 3 25 81 4 57 33 100 46 90 86 69 19 4 75 48 15 9 1 69 55 24 33 75 81 23 32 76 4 27 41 66 36 87 97 6 95 49 38 61 87 8 91 97 27 77 61 32 24 50 80 53 71 46 98 26 82 99 98 4 81 88 12 59 20 4 25 70 45 13 66 84 50 14 9 67 77 13 42 62 26 21 83 4 73 17 8 20 16 69 74 45 49 81 44 21 73 49 76 66 20 77 88 33 5 21 82 15 31 23 88 96 50 98 96 35 20 83 70 60 30 51 12 33 90 14 79 84 41 36 48 48 93 46 21 54 14 52 74 29 5 81 70 71 97 41 14 58 17 99 61 58 72 7 89 53 44 37 36 59 74 95 25 72 54 84 33 88 52 23 6 11 51 31 62 18 83 84 37 54 5 60 73 14 51 39 87 60 83 56 59 93 21 86 41 15 48 33 93 81 90 53 97 97 54 59 96 49 4 69 28 42 55 44 21 97 30 79 3 53 90 37 99 42 60 32 75 7 32 22 80 24 29 32 86 76 36 51 38 74 3 63 27 7 94 29 48 89 23 14 61 15 62 15 98 22 57 99 81 45 48 93 71 49 52 85 13 46 64 49 55 14 92 46 52 5 85 7 67 88 84 92 36 4 0 100 86 3 27 73 93 92 59 18 54 66 18 74 58 83 61 40 13 33 15 59 24
4 60 75 68 8 3 13 58 37 35 84 1 36 29 61 43 45 8 1 24 51 18 72 2 49 85 84 52 74 49 68 80 34 13 94 67 93 65 70 94 44 63 27 11 56 32 93 79 14 67 77 78 1 90 92 8 59 24 83 83 12 90 42 79 50 99 76 36 7 39 20 88 74 53 35 57 26 89 74 26 86 96 42 49 7 67 39 99 22 79 83 14 6 60 28 32 67 95 5 44 92 31 99 27 80 6 28 10 81 63 64 7 24 78 57 15 43 45 87 91 3 62 93 94 72 99 6 22 73 14 58 93 47 72 61 70 0 7 81 12 87 40 45 45 17 97 63 72 43 83 25 3 68 20 19 94 81 74 49 62 70 40 74 79 5 23 62 87 21 23 34 24 19 74 56 18 66 33 85 3 100 71 66 11 68 77 12 34 25 60 20 36 24 80 29 48 81 40 42 4 58 61 71 0 77 48 79 73 35 72 35 97 13 4 40 42 54 90 68 34 44 17 59 56 52 59 25 14 47 98 2 86 69 16 48 27 71 18 86 51 77 76 57 99 5 99 40 94 14 69 93 39 98 94 92 8 83 92 93 17 3 65 1 9 27 48 38 35 82 52 100 44 99 33 1 76 68 4 10 40 77 6 86 73 55 70 14 65 17 87 70 69 99 15 43 89 22 78 17 13 99 15 54 12 88 65 59 56 77 93 69 33 100 76 69 1 25 55 1 69 88 60 62 88 95 61 9 43 100 60 12 23 11 56 25 93 2 55 53 8 57 79 25 33 64 39 84 21 67 97 18 34 92 37 60 54 37 37 93 26 33 58 7 78 53 19 59 95 96 82 46 64 99 68 39 62 89 2 53 21 13 12 26 52 98 34 59 52 40 99 71 52 45 52 1 11 68 51 21 56
81 91 38 17 23 49 41 47 16 79 1 34 67 46 94 76 94 10 92 42 7 30 84 54 32 67 72 96 38 7 2 56 100 65 34 11 25 65 27 44 7 1 98 15 33 66 90 55 68 4 56 33 4 80 33 45 48 100 77 44 69 54 97 71 2 94 64 34 42 90 97 56 97 16 68 69 92 78 39 39 6 59 58 92 98 65 84 65 95 38 85 67 73 49 62 35 52 74 80 80 12 78 56 68 78 85 29 61 97 22 75 68 71 89 84 73 8 59 16 54 43 98 58 65 67 15 96 60 61 23 60 87 17 57 25 90 4 11 6 80 36 100 29 8 77 66 2 67 89 37 53 7 49 78 36 11 9 31 41 59 98 40 31 72 43 35 91 69 46 71 28 4 11 47 32 77 2 3 5 80 64 58 21 57 13 65 39 84 77 37 33 28 24 70 27 43 36 61 21 63 36 58 43 44 58 29 46 93 35 19 81 1 45 11 86 37 24 97 58 86 26 45 15 87 60 60 19 8 57 81 77 94 26 67 50 7 55 91 66 64 100 21 11 21 20 59 65 71 12 4 61 30 86 100 100 98 87 55 80 45 32 3 68 67 34 93 11 64 27 88 49 9 53 23 49 55 94 10 9 14 5 49 58 41 92 32 43 10 48 49 3 80 21 19 29 55 21 12 56 97 24 70 12 73 60 57 21 94 27 50 94 19 54 10 17 20 4 76 73 59 84 30 13 69 50 80 54 37 21 57 83 69 30 82 51 77 67 48 78 22 33 89 67 98 1 82 36 66 79 74 89 33 79 33 13 8 79 69 5 35 77 85 75 99 37 54 70 78 21 14 15 90 17 8 48 2 39 78 63 52 66 58 49 94 12 52 19 55 61 21 4 16 53 0 91 39 30 13 13 30
80 76 0 65 41 20 29 61 69 31 58 59 25 92 7 45 61 2 46 44 40 55 26 81 80 34 3 31 5 49 43 62 98 96 24 17 100 27 86 78 67 29 88 99 100 11 40 75 16 80 8 52 80 2 1 30 80 93 49 97 3 47 13 82 26 19 41 82 42 21 11 72 55 10 26 46 67 25 73 66 4 78 95 3 41 92 98 13 82 53 99 88 0 58 70 69 99 82 75 72 17 66 29 51 30 16 61 31 7 87 12 27 94 76 48 22 70 53 77 86 33 49 32 3 60 86 38 4 58 96 91 50 1 68 43 54 60 38 83 55 12 16 97 42 82 23 27 96 17 94 73 93 53 36 13 43 42 12 51 53 33 63 53 8 1 17 83 91 90 23 100 87 13 45 12 84 87 1 71 33 98 20 4 47 36 31 55 64 78 60 61 49 33 81 12 60 22 98 99 5 84 16 76 45 43 74 11 83 39 48 25 39 70 67 72 46 96 26 13 74 18 69 100 45 74 34 67 65 54 29 100 0 99 32 23 75 17 81 45 64 69 36 46 20 46 21 35 91 42 94 14 22 28 94 26 84 72 14 17 28 41 72 14 78 63 99 7 51 66 18 58 42 41 66 92 65 71 73 48 90 19 94 48 13 15 64 96 46 31 77 54 75 79 98 71 41 65 38 39 8 34 17 32 6 47 81 79 52 15 64 76 76 60 68 82 16 2 10 39 42 3 70 93 70 92 36 63 57 31 5 35 3 59 26 15 97 25 1 30 86 32 2 22 4 45 53 7 30 37 49 23 5 92 89 87 74 76 86 47 15 56 10 31 17 14 91 27 67 93 19 97 20 80 3 42 65 29 72 86 45 96 87 39 63 8 2 38 28 68 46 57 31 32 31 68 53 72 67 18 77
59 82 95 45 15 11 74 82 65 98 99 100 63 78 25 39 22 69 94 77 30 62 65 27 96 78 65 64 19 34 59 39 58 83 85 60 81 15 35 21 89 9 67 84 46 37 86 69 8 88 50 92 11 19 58 54 16 81 41 49 29 26 19 99 22 52 100 74 17 19 86 70 27 97 14 87 50 31 10 87 92 52 53 70 78 50 10 16 44 12 95 32 33 95 59 97 33 28 46 42 55 43 54 81 15 40 32 46 49 44 79 80 57 24 44 69 30 57 55 15 38 10 77 96 89 40 13 54 86 22 94 68 24 12 64 44 1 68 53 60 1 50 68 38 32 77 90 18 50 79 74 40 69 51 35 93 17 46 29 39 85 31 61 100 31 2 30 37 42 8 50 47 95 27 77 26 96 31 37 82 44 13 48 12 95 54 67 4 50 81 56 27 10 48 93 47 93 33 59 3 59 34 7 56 3 60 36 28 35 34 37 47 51 44 56 17 66 33 52 9 70 98 91 36 79 25 54 20 13 86 29 18 27 90 52 8 33 9 78 48 86 31 90 1 26 35 34 2 15 52 90 75 96 10 98 12 29 39 64 76 80 30 66 65 52 2 59 80 12 77 32 5 51 27 83 1 55 18 76 87 32 41 42 88 93 42 95 41 50 7 20 19 61 82 31 42 12 22 51 11 48 36 94 89 30 77 100 49 10 23 58 100 71 55 42 98 21 10 2 55 80 66 57 6 88 1 98 27 49 3 73 13 42 14 37 52 41 84 52 53 18 59 99 10 20 91 19 7 9 22 50 87 62 82 45 44 50 11 95 72 1 14 99 60 25 91 28 77 7 7 63 70 39 69 22 90 59 49 1 42 73 20 28 97 80 87 0 20 41 82 6 39 62 39 54 62 38 81 85 100
87 35 17 1 5 36 84 79 59 42 41 50 68 57 66 19 60 58 43 51 98 44 25 68 64 74 24 0 61 40 59 21 69 17 96 73 4 26 23 21 51 37 42 71 52 48 17 46 62 29 52 2 75 86 18 70 14 52 19 78 93 27 25 86 79 61 84 79 12 48 38 3 85 5 45 48 88 19 8 28 3 97 59 3 64 92 71 59 1 62 89 21 52 4 48 91 59 10 40 70 68 18 87 45 9 82 94 19 0 88 31 48 48 55 75 48 42 12 19 31 32 42 58 66 34 79 84 38 71 46 8 76 63 37 45 51 47 50 71 59 62 83 65 44 36 78 8 68 14 79 32 31 48 5 21 27 85 47 9 100 94 54 19 80 42 89 29 22 66 88 76 99 7 54 71 37 9 62 80 95 68 6 0 23 91 67 17 83 23 22 82 17 30 24 6 22 54 8 71 38 36 80 32 91 62 40 86 98 27 82 7 97 4 36 2 87 44 32 65 42 85 59 75 64 29 83 50 33 68 97 98 59 34 96 71 71 15 93 9 56 74 40 69 2 5 20 61 83 81 27 83 28 72 68 23 81 83 85 37 11 58 64 94 92 52 57 14 73 5 46 74 82 68 75 20 0 1 34 3 58 84 52 97 96 22 34 86 58 40 34 48 72 55 32 43 3 89 58 94 99 32 5 90 50 30 12 24 91 99 39 42 48 65 86 96 5 90 97 23 78 63 41 48 89 19 74 53 37 79 17 93 43 75 5 74 37 74 14 80 44 64 86 69 58 31 2 53 28 89 84 25 64 21 1 53 14 20 100 62 75 26 100 24 38 21 35 8 73 37 55 21 82 64 51 68 25 27 18 60 48 43 78 83 86 34 34 77 48 52 63 83 70 99 100 72 70 92 13 76 66
50 41 12 69 23 90 30 19 86 19 30 11 19 83 25 14 66 38 82 65 66 39 1 13 40 18 47 54 21 45 65 87 19 61 92 1 49 66 51 95 81 90 48 95 3 49 25 77 90 54 53 4 29 56 28 43 16 8 34 16 99 55 17 50 7 72 45 80 20 79 69 85 92 4 82 93 30 52 93 24 27 38 23 24 77 74 32 69 27 2 93 90 21 44 77 69 40 71 48 55 84 81 94 76 48 14 17 21 67 43 42 83 22 100 52 37 15 83 57 64 36 85 59 5 43 1 80 59 52 34 33 32 42 38 30 22 34 5 100 36 86 48 31 35 4 46 73 94 23 90 46 88 47 57 67 53 12 47 62 0 89 6 81 54 86 76 56 59 49 59 57 10 34 51 41 43 48 17 49 26 85 9 73 69 99 66 7 77 85 63 75 100 26 34 60 94 22 14 28 13 40 56 61 23 1 4 47 18 63 26 88 17 69 65 86 67 48 2 52 93 52 56 64 74 100 72 71 22 10 95 48 9 66 29 50 13 81 19 1 52 6 83 60 22 9 98 38 38 63 27 91 44 58 6 73 39 44 4 14 4 19 98 17 6 61 41 84 83 42 98 54 22 61 33 81 12 86 84 23 33 60 17 76 60 19 69 23 99 30 15 78 39 67 65 55 27 1 45 83 71 6 39 5 93 41 75 96 14 76 32 30 31 94 66 44 97 13 92 42 0 62 88 18 58 6 59 31 10 79 5 70 39 90 66 75 23 43 81 92 47 30 25 40 25 47 28 80 100 94 12 7 61 16 10 87 36 1 100 56 29 48 19 30 77 75 91 78 11 53 43 20 9 27 51 9 88 27 22 13 20 90 48 57 72 74 13 75 40 64 14 45 99 32 44 96 99 30 32 67 26
21 20 18 68 89 7 53 7 49 73 91 19 40 86 41 51 83 17 33 39 56 49 93 50 18 21 65 94 61 86 40 0 32 8 89 60 75 44 18 42 69 21 20 13 85 9 18 90 49 30 72 30 26 85 99 65 18 26 11 89 86 27 45 44 63 54 59 93 45 15 73 5 11 12 22 98 54 27 53 80 99 97 49 10 38 26 93 6 55 18 44 36 87 33 91 22 76 9 27 67 19 40 37 42 60 86 26 21 97 51 28 30 38 66 57 65 83 84 100 20 40 98 0 25 95 86 63 0 47 23 64 89 27 95 84 23 61 65 45 99 85 26 9 65 90 75 23 51 71 51 29 94 20 44 56 16 76 24 71 43 97 97 71 47 92 61 65 13 86 36 91 26 15 96 26 99 4 2 29 99 25 96 30 37 64 9 67 93 90 0 96 20 76 63 6 72 46 87 85 55 11 2 81 45 24 96 82 17 99 86 61 58 93 79 48 49 42 58 56 87 92 86 31 53 83 74 14 77 30 43 79 17 55 85 3 69 31 19 77 4 67 1 4 7 97 84 25 76 54 96 79 56 67 59 52 76 24 57 19 24 75 34 74 28 15 64 93 58 68 35 98 3 42 94 35 0 60 53 76 15 59 33 28 9 5 78 17 27 96 97 17 35 82 62 60 87 13 15 18 1 5 99 72 7 56 27 10 27 0 52 73 34 9 1 19 68 8 57 78 41 1 77 100 100 65 43 8 10 6 44 31 4 3 74 51 15 30 64 39 23 54 36 28 51 54 20 14 75 55 20 89 23 59 20 55 40 51 89 29 64 74 72 44 15 31 83 77 11 71 25 93 33 28 33 67 80 61 17 84 94 75 48 0 70 64 92 6 72 81 71 39 82 35 26 79 19 4 31 29 46
66 54 17 4 57 18 21 41 91 75 71 73 36 34 7 100 81 84 94 64 26 89 92 18 83 38 15 63 99 15 17 25 54 35 70 92 73 17 2 73 47 47 80 1 26 5 94 26 53 44 4 67 57 43 30 33 70 0 32 94 26 28 27 54 1 63 40 43 34 11 93 24 71 94 69 40 1 0 36 64 24 96 98 42 95 51 54 50 9 4 73 46 88 64 24 9 70 47 21 44 22 2 9 99 3 19 71 62 25 35 68 5 57 57 60 58 88 6 61 7 74 33 27 99 8 35 84 18 25 87 94 99 68 76 10 38 80 70 73 13 61 29 11 97 17 20 25 28 83 60 9 10 18 31 50 78 48 45 83 43 69 33 73 100 36 13 6 17 60 80 56 51 72 100 25 89 77 0 65 60 83 17 21 57 48 69 29 28 70 58 83 51 26 40 51 65 13 38 26 56 33 34 19 90 75 32 94 88 62 30 55 39 63 0 63 37 68 92 90 28 5 48 62 8 13 97 63 16 47 92 5 71 95 64 37 68 49 94 80 18 35 15 17 19 51 43 50 13 42 64 93 58 10 52 64 5 8 93 36 51 20 58 73 23 22 96 12 19 43 37 63 70 72 86 43 83 97 21 70 11 67 74 24 88 3 47 50 31 36 96 22 91 96 12 20 17 44 44 6 16 48 68 30 11 45 68 86 74 78 39 79 52 87 2 20 60 27 23 79 88 19 29 93 27 96 65 15 28 77 39 22 94 47 78 5 65 35 14 87 8 24 20 13 56 80 61 60 88 13 75 90 19 53 66 11 85 76 27 45 79 17 9 97 59 66 98 20 11 78 34 22 45 10 89 82 48 43 8 73 17 69 65 61 71 9 28 21 7 16 95 22 100 48 40 50 99 44 13 34 6
19 23 97 34 54 62 80 85 40 15 15 36 11 31 31 16 34 31 24 70 38 77 12 6 71 39 2 73 85 46 59 36 93 60 51 30 3 96 65 77 26 46 14 35 100 82 85 67 60 75 9 57 92 20 77 47 41 21 84 68 37 20 59 68 41 86 80 56 92 67 63 54 56 71 35 33 18 79 27 33 75 22 5 50 63 66 43 37 21 45 87 33 35 79 83 49 59 71 45 94 57 53 99 52 92 54 50 97 43 7 9 15 83 13 81 92 49 28 79 25 38 34 72 1 23 70 21 23 82 39 5 9 27 29 2 16 66 58 4 56 5 10 35 94 55 66 3 39 67 13 9 58 79 23 36 77 9 82 71 58 77 36 78 78 11 49 42 60 51 55 27 47 41 54 42 0 30 19 3 19 29 48 64 61 73 46 86 60 85 61 3 94 2 93 11 52 14 75 50 50 12 30 42 64 100 71 88 35 28 89 16 63 37 52 2 1 54 16 48 2 62 15 73 23 41 18 72 27 13 23 63 73 12 35 37 50 89 53 22 89 17 16 80 94 64 44 85 87 69 10 19 17 25 86 48 91 86 57 3 46 48 35 83 42 84 95 86 77 71 63 5 75 31 87 75 56 38 55 63 27 82 22 63 2 28 97 50 92 43 46 22 0 85 75 28 4 20 63 45 46 7 94 67 61 28 63 38 34 82 74 13 88 64 54 7 25 20 5 27 42 84 42 6 21 9 99 84 49 4 32 26 23 44 39 35 55 77 91 51 76 13 49 18 4 34 88 77 43 92 7 44 91 52 45 68 65 9 83 87 80 81 42 79 86 1 31 57 100 63 40 68 11 17 64 73 100 33 69 57 84 64 92 24 22 51 73 69 54 73 75 92 93 38 59 19 65 7 18 64 72
100 15 14 59 6 43 39 91 48 62 89 69 81 0 83 50 38 8 61 11 12 37 99 86 0 88 4 10 62 67 8 10 96 57 87 94 26 77 71 34 75 40 48 88 46 43 60 29 51 55 72 1 15 94 32 73 26 92 66 12 72 49 94 56 5 77 61 26 35 82 50 19 62 81 17 31 6 65 48 46 85 3 45 97 77 80 31 63 39 81 90 33 1 20 53 7 21 79 42 32 28 38 78 15 95 65 46 48 7 41 54 61 16 16 16 72 46 85 96 25 94 70 32 3 59 67 1 2 76 23 82 11 16 94 41 44 63 28 65 20 56 1 80 24 59 51 0 78 47 87 25 11 100 17 95 32 22 50 69 51 24 83 58 87 92 13 97 71 17 43 53 79 39 42 85 67 79 65 39 8 23 86 12 32 100 76 19 73 74 41 79 84 92 95 2 75 29 35 26 38 14 46 54 70 94 8 63 60 69 58 63 100 36 13 20 68 20 18 100 30 4 64 35 57 63 0 90 86 95 81 88 20 18 51 39 48 27 66 98 93 77 57 14 72 15 65 20 6 93 8 41 71 28 52 46 89 6 95 45 62 81 73 96 1 95 27 69 65 42 2 96 69 70 79 79 83 37 14 37 56 26 58 4 57 27 0 94 31 37 62 26 51 97 51 51 73 34 72 94 85 50 67 35 81 11 19 60 80 38 70 40 39 36 67 1 98 85 49 100 79 90 10 56 80 25 94 72 3 53 93 36 18 24 47 28 76 22 45 45 20 30 38 23 5 80 70 24 79 93 47 24 11 42 59 3 5 69 65 53 83 73 74 45 89 27 89 77 44 25 71 2 6 41 84 53 79 25 24 90 29 57 67 47 75 20 99 32 30 84 3 1 14 100 54 32 82 84 68 100 27
69 74 33 90 66 1 24 84 99 34 30 68 22 43 18 71 16 54 37 33 1 59 97 82 43 50 38 52 36 34 95 70 36 19 38 41 4 81 68 92 64 75 30 21 68 24 1 12 74 32 40 61 87 81 39 82 56 37 34 45 81 60 81 80 80 38 94 30 60 97 57 1 38 59 26 60 68 49 20 53 36 92 15 78 5 50 83 69 52 79 93 26 77 9 6 90 50 75 66 29 32 40 64 98 9 49 47 10 42 98 64 68 12 96 18 8 31 16 42 36 32 81 96 92 16 53 50 1 96 34 15 2 6 62 43 9 8 52 44 52 90 44 9 55 36 69 22 11 28 58 22 7 92 85 6 93 59 14 99 87 65 69 45 12 88 3 16 12 15 84 6 80 44 77 46 62 98 15 81 32 3 58 66 1 62 53 17 98 86 56 17 0 96 68 34 66 13 22 38 87 14 79 38 69 66 100 63 97 13 71 43 13 48 24 76 3 68 92 32 89 49 41 52 64 100 0 93 43 16 9 35 84 81 12 38 27 98 32 65 99 42 79 2 20 20 9 27 17 58 10 95 18 44 31 75 61 44 45 35 88 83 20 4 79 91 62 33 95 46 65 13 70 17 39 83 82 65 71 77 41 79 41 0 34 29 1 60 52 21 91 12 29 64 94 40 14 97 63 83 35 21 100 79 58 88 74 94 48 67 80 75 94 68 64 93 1 98 8 23 22 37 65 45 40 92 78 42 19 63 37 51 18 70 35 37 68 86 96 35 16 34 71 67 0 43 86 92 96 47 51 50 69 47 52 2 85 88 6 82 32 21 96 38 57 97 63 2 96 39 96 82 59 18 46 43 82 17 68 76 35 74 25 24 64 59 44 17 34 30 62 77 100 83 54 58 46 77 18 55 2
99 46 7 46 44 85 23 0 53 64 67 42 67 24 38 0 66 46 14 50 93 54 59 90 81 31 2 86 50 91 68 7 73 88 33 10 80 62 35 86 42 75 64 12 17 48 72 53 84 55 66 42 45 52 89 91 51 22 2 49 19 79 14 2 72 31 11 17 9 66 44 42 48 56 63 27 13 34 78 82 47 23 47 18 13 74 12 60 1 75 0 33 88 74 36 91 71 85 46 86 52 63 90 37 83 78 10 46 10 91 29 26 86 56 99 50 25 87 5 25 34 7 75 71 75 85 27 100 18 14 68 53 21 60 45 61 7 51 56 98 70 47 57 69 15 100 38 36 61 61 34 50 44 80 57 93 95 83 92 17 87 32 34 53 83 57 26 46 100 52 10 94 21 87 69 50 46 55 49 81 40 2 1 34 32 29 77 44 17 34 86 55 25 42 42 83 85 26 31 89 65 40 83 44 63 85 0 38 30 61 3 76 97 96 100 91 10 36 82 60 97 53 65 64 47 11 40 80 45 87 72 25 39 63 74 25 66 12 38 51 46 73 51 86 67 39 91 55 91 91 18 62 92 91 79 50 88 18 90 40 85 97 58 35 5 88 21 4 32 99 21 13 10 46 42 13 48 66 27 86 84 79 49 19 4 69 26 77 34 91 19 11 9 57 2 5 34 84 27 49 17 9 9 92 40 51 99 26 2 68 62 82 15 80 58 57 83 72 62 28 25 90 80 61 82 96 27 74 3 74 26 56 38 57 3 43 56 80 34 80 79 92 18 0 10 80 27 46 85 74 17 99 80 17 94 6 38 64 75 46 59 59 70 61 56 7 2 22 54 20 46 83 53 97 27 1 72 64 67 86 52 26 79 24 57 41 20 85 37 86 81 82 45 41 6 95 56 23 45 93
7 94 13 99 13 79 55 60 14 49 43 19 80 54 9 76 80 6 26 88 26 61 36 64 49 44 44 55 47 70 68 82 35 14 90 48 46 70 94 80 24 44 61 10 96 27 60 88 44 77 10 23 31 17 66 99 56 56 36 18 74 39 24 9 100 68 2 70 69 34 29 60 62 1 78 15 14 2 11 26 3 78 2 67 93 13 53 13 52 67 30 61 90 34 1 36 12 26 18 86 52 82 38 27 23 39 26 8 54 19 30 16 20 29 31 69 42 1 64 5 32 36 98 25 12 61 77 38 24 32 41 59 5 22 54 37 22 85 45 76 37 0 28 22 99 40 89 71 35 44 30 87 82 99 36 56 76 67 0 12 47 4 47 77 32 42 24 29 89 28 16 77 25 22 60 1 78 86 26 40 6 81 99 69 17 59 73 48 37 65 64 69 94 6 36 34 21 99 60 10 5 34 55 95 32 14 36 39 64 75 39 83 32 50 22 45 83 85 75 14 49 36 51 63 31 44 39 49 64 71 20 96 17 12 22 74 80 66 81 29 43 48 17 48 66 39 48 82 84 34 15 9 35 59 80 11 97 5 14 55 37 13 26 28 65 56 6 32 37 50 1 20 73 47 82 91 51 5 64 14 31 14 44 2 76 28 29 23 76 98 4 26 21 52 9 13 76 69 61 69 10 64 24 46 5 47 76 0 81 17 81 94 31 77 9 13 7 40 23 3 10 68 22 61 40 24 29 97 71 87 19 44 66 13 93 69 45 66 17 90 37 60 69 49 10 26 32 56 34 45 81 52 96 70 46 12 86 93 72 44 10 89 93 76 89 90 86 84 49 92 76 94 48 36 66 21 44 26 29 1 65 64 81 32 54 25 37 32 21 47 96 5 2 100 22 77 89 58 36 77
27 81 57 100 98 69 10 88 96 6 74 54 39 97 18 68 14 17 74 49 98 83 19 81 7 43 79 48 80 58 98 85 7 15 45 72 80 24 90 89 69 56 47 52 46 89 9 34 12 14 19 66 86 60 85 2 16 90 72 26 82 100 46 45 74 27 72 60 74 95 4 56 37 73 57 19 41 27 98 25 40 91 94 100 52 22 47 86 60 76 73 71 30 80 83 60 21 32 79 87 19 63 20 53 91 64 28 35 14 49 59 8 51 65 7 17 21 44 54 74 16 61 78 29 42 61 83 29 97 18 39 24 30 100 11 73 44 31 76 85 1 68 72 15 58 51 28 33 47 21 26 24 14 18 78 90 15 62 29 84 56 83 36 68 12 34 54 66 7 6 56 43 98 97 28 36 64 6 9 35 89 44 89 15 36 75 73 95 37 93 58 29 5 89 90 20 56 74 70 91 83 63 71 23 2 62 17 63 4 24 30 85 86 74 71 62 23 27 89 7 94 82 1 51 44 55 79 58 59 99 55 57 35 40 69 57 12 10 0 80 79 36 68 75 82 3 85 94 33 84 47 15 54 65 4 5 5 67 99 92 60 37 51 18 39 0 90 77 7 27 98 28 32 18 68 99 12 52 88 14 63 61 3 31 84 94 39 79 55 35 0 24 74 17 37 18 19 3 58 35 58 45 5 11 73 92 96 45 11 26 17 71 66 51 23 91 14 41 76 29 74 5 21 57 44 96 30 62 18 30 81 45 58 71 12 35 46 72 74 55 52 24 63 12 59 24 37 52 10 51 63 93 81 51 3 88 79 41 36 71 16 19 47 31 76 54 34 96 12 91 18 64 18 21 14 1 22 98 36 90 94 34 100 24 92 55 20 85 64 76 65 32 80 86 53 77 21 15 35 92
70 51 68 67 58 25 53 45 3 57 49 54 79 71 43 35 52 15 54 36 16 64 37 3 7 56 91 28 36 86 6 59 27 95 73 39 57 68 67 75 84 0 8 23 74 71 60 64 5 95 8 93 59 22 76 47 43 78 70 24 44 76 88 100 13 21 37 53 98 6 75 30 45 99 12 54 80 21 36 4 2 53 21 32 73 35 27 55 21 60 60 99 67 74 63 92 58 99 24 81 6 4 9 62 64 85 16 91 49 78 92 73 77 16 22 5 21 57 22 77 99 98 80 74 69 27 98 74 48 8 13 22 86 55 3 0 95 99 99 9 90 13 69 17 72 67 48 66 20 96 16 19 12 86 74 91 90 88 22 58 68 76 100 64 79 46 51 28 36 37 66 43 86 1 70 12 34 24 68 19 21 52 82 8 70 88 13 26 66 39 71 30 64 21 82 88 14 20 91 3 2 54 72 37 77 38 65 47 44 68 92 76 64 45 3 40 81 66 26 0 88 10 29 38 90 20 90 51 38 14 57 66 21 61 57 41 67 50 2 60 99 76 17 65 53 23 30 20 66 53 68 25 23 59 64 32 99 18 12 33 64 8 89 79 55 68 80 43 32 94 84 47 32 88 89 21 70 83 9 9 73 70 54 45 29 3 23 22 43 42 94 75 72 51 69 4 19 62 20 56 35 71 75 19 90 93 39 0 65 38 46 76 44 36 59 79 3 64 98 17 47 98 9 16 75 35 48 43 0 50 28 2 42 62 47 23 42 73 65 17 77 82 66 55 80 10 66 40 41 51 77 61 3 25 22 70 72 96 3 55 69 65 12 17 90 35 18 33 42 60 24 63 29 13 15 20 100 78 20 16 50 71 27 55 25 83 12 33 1 1 55 45 70 73 28 79 8 79 84 13
86 65 49 55 12 19 79 6 81 84 37 21 39 3 84 56 17 57 39 70 23 51 31 82 85 100 53 40 53 45 40 79 100 31 37 7 46 11 58 41 29 75 73 90 39 28 80 20 29 62 81 6 20 4 16 62 53 41 1 88 63 48 6 82 79 100 22 32 52 31 18 51 61 68 31 38 62 2 2 8 80 5 44 1 93 98 26 37 52 71 62 52 92 73 1 53 39 57 76 22 75 75 3 20 67 49 44 33 16 86 65 96 39 41 83 9 68 29 47 72 70 28 27 68 78 35 11 47 93 10 65 67 98 52 61 75 72 45 11 16 27 12 28 11 24 2 33 89 78 58 54 63 47 97 52 88 53 12 18 99 43 22 80 43 13 90 74 68 92 54 62 32 34 43 30 19 93 85 15 47 17 73 93 1 90 42 78 75 22 95 44 85 57 34 38 65 94 32 50 6 1 3 88 98 52 78 45 10 8 33 74 41 82 2 20 53 88 17 20 13 100 28 6 44 18 10 39 91 80 51 8 21 61 16 47 63 87 21 69 61 84 55 88 57 96 40 25 26 60 29 25 83 99 2 20 96 33 57 70 77 48 85 4 38 63 23 75 35 99 13 44 55 30 52 11 34 4 53 71 26 31 35 23 91 16 58 78 78 91 42 66 57 86 90 1 43 90 35 17 50 61 86 54 61 51 62 40 57 54 3 63 86 25 69 51 35 55 93 83 72 62 97 26 74 63 92 79 73 33 24 43 30 53 84 50 91 49 39 35 18 80 70 7 32 87 32 26 45 47 96 68 68 23 20 18 50 98 37 67 36 32 55 24 10 52 23 31 99 16 69 66 62 55 6 64 81 88 20 79 71 76 91 92 61 87 57 94 7 37 92 87 95 55 37 5 87 50 7 2 98
38 3 18 9 87 49 54 66 58 75 38 86 64 32 98 33 71 71 47 5 24 67 56 67 10 58 25 14 100 38 28 85 43 55 40 27 34 16 51 50 1 71 79 37 91 33 75 58 17 65 97 62 43 10 13 19 48 20 38 18 81 65 77 43 53 19 63 96 32 16 2 14 30 88 4 69 22 51 33 8 49 23 69 14 82 67 35 67 20 24 50 82 78 76 48 2 89 86 20 87 79 16 84 64 43 23 54 85 23 12 14 89 42 59 47 31 27 89 89 97 95 36 57 20 53 35 80 57 71 79 17 75 56 15 65 67 12 71 69 43 3 12 16 15 15 15 85 32 10 25 27 95 42 54 81 56 94 22 32 56 87 38 51 96 65 18 7 66 16 13 89 96 45 71 38 1 24 84 77 11 89 97 32 46 29 63 15 99 69 53 63 18 23 70 38 1 56 40 98 0 89 22 41 64 90 45 1 83 56 46 92 16 81 95 51 82 51 66 70 87 25 74 89 92 59 40 73 14 49 40 72 65 97 79 59 81 31 41 70 4 25 94 72 66 36 48 74 62 45 6 55 55 47 68 48 39 50 54 27 36 34 44 98 31 48 48 36 92 41 74 62 55 67 16 88 24 69 99 1 86 47 42 17 48 62 72 10 15 94 92 40 37 21 11 12 1 11 50 51 95 67 63 11 55 2 99 24 64 100 17 10 58 9 30 79 82 29 16 70 89 48 97 23 83 77 16 56 65 53 74 49 86 8 82 69 33 25 23 92 82 36 13 1 14 15 62 86 44 72 1 43 92 3 85 62 9 25 58 32 16 30 25 74 24 65 33 98 33 15 67 9 43 71 85 25 46 100 34 84 13 28 12 33 82 3 10 56 27 51 0 44 36 36 66 58 77 28 60 36 16
75 90 67 93 66 38 97 98 87 84 48 47 73 4 74 58 31 76 86 92 71 14 81 59 11 96 29 82 43 92 58 93 25 33 45 35 4 43 82 20 90 9 53 97 43 13 26 58 78 55 23 54 45 32 27 55 71 6 26 80 31 24 81 99 8 7 29 99 2 59 56 72 88 95 48 64 67 36 35 48 27 47 53 82 37 30 19 64 64 36 68 84 46 73 18 50 85 26 17 15 59 56 97 24 90 54 7 71 72 58 80 52 2 83 27 22 24 94 69 75 43 76 66 14 22 71 90 64 66 18 87 42 24 26 42 15 23 0 31 90 5 21 3 51 73 13 81 75 39 39 68 67 30 93 71 96 11 15 34 16 43 89 52 10 24 14 48 75 49 81 88 88 75 83 43 80 26 14 48 47 58 74 51 100 53 94 0 92 23 23 66 66 16 61 51 46 12 51 84 79 50 77 55 49 32 40 32 21 20 52 9 29 6 51 25 45 43 21 83 77 38 92 59 21 53 19 29 83 74 86 71 9 80 83 88 44 68 75 74 99 79 72 4 46 62 90 17 39 66 58 88 55 58 72 63 70 78 39 20 16 12 6 94 10 16 80 47 23 98 67 39 72 1 61 96 7 19 41 47 62 96 20 4 51 17 99 52 34 70 97 72 81 2 35 38 80 74 47 58 86 92 22 10 91 21 40 87 57 92 13 10 49 62 93 29 38 93 14 79 64 71 23 12 15 73 96 96 45 57 33 74 32 78 54 33 8 9 61 7 79 22 38 86 28 1 58 61 98 10 82 69 40 89 97 85 90 72 23 0 78 96 26 75 29 89 39 19 17 50 26 64 89 16 57 35 36 81 37 73 58 53 100 8 90 88 55 98 3 48 60 79 98 23 2 7 16 14 73 60 79
93 47 22 22 46 54 17 89 66 29 83 24 23 31 61 79 45 48 63 100 74 28 28 7 38 82 29 23 89 88 20 0 77 23 68 74 7 25 86 89 35 42 77 45 61 16 3 40 13 58 0 69 49 16 8 14 39 72 43 36 31 13 22 43 30 70 43 38 76 14 4 44 72 73 40 81 2 3 15 8 37 45 16 48 77 0 67 31 59 47 98 48 6 8 86 92 33 74 2 6 44 93 75 81 42 19 12 79 97 6 56 13 22 45 65 52 67 66 18 77 87 65 20 57 95 88 60 67 45 6 70 8 20 61 51 89 68 85 80 38 84 51 98 100 72 13 95 91 10 88 2 18 17 13 26 89 26 31 29 24 29 46 16 9 70 27 17 95 65 81 91 87 28 90 94 41 81 59 48 87 33 7 61 99 69 50 12 35 20 14 44 89 0 3 18 54 19 22 18 9 95 82 38 90 95 73 66 31 83 39 23 91 39 11 93 18 49 51 94 76 31 48 100 86 31 60 47 44 24 46 80 34 8 67 71 4 99 35 38 71 24 74 25 73 69 51 13 23 86 79 56 57 20 26 13 19 32 34 44 9 41 32 89 32 71 64 84 42 64 39 47 22 54 100 29 84 47 94 3 40 40 1 51 9 47 39 39 32 14 59 13 50 12 40 59 62 7 95 33 67 63 19 55 86 87 14 82 7 78 10 34 60 76 51 96 59 53 44 56 33 28 22 100 20 70 16 29 93 33 19 14 13 47 74 74 30 7 95 94 74 37 14 18 40 11 1 34 76 96 78 90 77 80 2 10 14 74 67 30 13 8 98 45 86 92 21 44 6 9 83 92 0 20 84 6 51 74 7 94 9 59 80 78 42 17 43 33 7 10 48 50 45 94 42 88 13 64 32 58 97
63 27 58 92 79 28 82 96 51 50 33 52 22 59 27 3 51 65 82 93 58 12 29 93 73 80 47 42 35 41 11 82 13 34 26 51 37 61 4 37 1 69 65 27 48 38 53 89 32 63 94 14 56 1 12 57 67 21 81 55 72 13 95 56 48 52 26 12 81 65 67 95 54 84 36 12 74 51 86 86 84 4 43 41 54 86 48 33 31 59 73 59 66 27 55 60 31 62 60 31 11 62 59 94 74 35 21 80 57 88 35 1 86 77 62 8 66 59 29 13 74 79 4 12 97 83 89 25 26 65 79 23 57 97 15 58 23 61 2 97 91 16 33 38 33 62 53 33 53 52 100 7 53 46 86 22 11 16 31 51 78 55 76 39 73 53 51 38 95 25 23 48 41 28 81 21 27 84 25 68 97 78 35 35 74 13 50 97 92 28 98 0 47 56 80 52 75 71 50 40 96 2 1 4 38 71 29 78 59 57 1 18 30 100 79 70 27 50 100 60 61 13 1 48 35 57 0 62 13 74 6 78 5 51 94 59 67 57 44 65 2 68 86 8 82 24 33 49 93 65 32 56 81 41 92 71 37 47 62 27 12 75 12 21 35 68 77 6 67 59 92 52 22 70 79 46 27 94 30 67 7 95 80 75 16 13 49 97 86 91 9 31 4 24 75 44 99 7 57 37 32 30 58 69 89 31 34 82 58 70 79 33 21 79 11 68 80 92 53 50 34 6 87 70 69 23 80 5 94 51 49 86 93 66 3 10 66 40 23 57 70 81 15 88 10 74 29 63 82 19 73 74 34 9 36 35 75 11 44 79 50 63 68 92 23 45 99 76 14 64 29 31 27 87 71 98 75 96 94 22 75 17 0 74 65 14 41 6 39 49 27 18 60 5 20 58 61 43 38 2
64 69 99 48 88 64 12 95 44 70 94 77 26 58 82 85 17 35 63 89 32 52 97 72 61 78 17 86 70 53 86 15 0 27 1 44 36 39 45 49 68 12 36 40 34 72 77 80 34 49 96 83 90 52 100 75 7 45 68 17 100 17 12 94 68 70 80 40 53 10 82 42 39 87 7 38 61 54 1 26 45 66 36 41 91 92 53 67 57 90 63 40 26 50 71 72 51 28 21 85 11 2 99 78 40 47 86 6 52 24 71 35 22 40 2 76 94 96 7 69 11 11 63 7 17 11 65 92 28 8 22 25 58 100 47 33 60 25 96 42 47 40 97 56 60 52 77 16 61 64 84 90 68 57 79 88 76 33 14 8 20 40 39 22 24 93 65 91 70 9 35 35 23 51 76 64 14 4 42 79 3 0 24 46 69 92 99 75 10 6 4 27 69 83 71 16 40 58 28 21 97 7 24 71 32 82 11 31 26 42 29 8 16 82 62 10 92 9 50 59 83 81 61 86 81 58 91 37 53 30 22 78 80 24 62 7 74 54 60 74 13 10 43 69 38 48 59 59 65 77 93 62 66 72 8 39 11 13 44 84 58 60 89 54 93 75 77 77 85 43 92 61 70 97 70 56 26 29 41 50 10 82 8 81 43 83 29 100 49 54 10 52 89 81 10 22 64 61 67 100 99 80 60 13 1 16 95 50 36 53 39 20 61 3 55 79 24 53 45 52 12 39 61 60 6 52 21 13 82 40 11 34 93 31 88 47 20 57 34 26 71 88 10 13 64 72 63 93 3 16 80 53 60 74 1 47 91 50 34 46 24 42 19 77 0 32 65 83 40 60 47 67 63 50 99 55 3 83 12 42 79 48 87 92 68 71 83 81 41 88 76 16 53 80 94 7 56 51 71 76
33 28 0 10 42 88 19 53 7 92 92 64 65 83 42 0 0 25 62 72 54 62 22 37 94 16 47 64 72 94 27 12 11 16 35 25 92 14 26 10 1 13 68 30 39 1 50 30 66 15 43 28 90 83 44 90 77 68 37 93 24 45 14 51 19 100 13 65 10 21 48 24 9 19 52 89 49 76 6 74 84 96 61 53 49 82 33 39 2 22 47 68 13 92 30 99 93 2 40 58 40 71 15 14 44 33 39 15 96 80 18 69 14 65 2 93 38 19 53 51 58 47 28 66 84 9 91 20 54 96 49 36 53 86 15 44 6 62 19 48 22 36 3 51 67 58 94 47 71 65 19 59 62 21 84 25 76 24 27 86 55 37 26 43 22 50 30 95 58 28 54 87 90 18 65 24 34 42 57 18 19 45 62 20 45 96 99 47 75 42 37 17 30 11 76 47 30 25 94 51 87 6 91 29 39 99 79 20 89 47 6 49 12 78 80 69 82 33 2 69 2 72 94 0 5 22 73 99 94 4 99 93 15 37 71 89 26 78 23 5 78 21 93 51 13 66 51 21 56 10 62 67 79 58 87 54 85 20 82 70 48 97 90 96 91 51 27 75 90 9 4 68 94 68 66 4 6 28 63 92 59 71 13 22 92 67 53 4 34 88 32 51 38 84 7 45 49 8 81 85 87 27 1 3 97 79 37 37 17 74 90 14 29 50 43 62 71 97 3 1 11 31 53 64 49 2 14 20 59 37 1 41 6 44 1 48 17 97 82 3 73 54 97 17 26 66 14 98 35 92 83 1 78 26 87 29 73 100 80 22 76 64 49 56 30 97 96 4 32 71 98 12 66 75 38 33 3 75 77 61 59 45 21 45 97 53 6 42 50 22 19 11 53 69 54 43 78 18 66 31
40 7 74 39 28 82 41 0 53 34 85 12 15 41 91 99 86 71 61 51 64 54 64 40 13 18 67 27 59 3 39 73 21 21 56 91 8 81 65 29 16 84 7 98 20 99 16 40 47 51 17 49 83 72 100 93 47 24 33 35 62 29 8 46 35 68 41 95 36 52 10 82 24 13 58 76 92 24 68 57 40 45 21 54 91 61 19 8 16 38 0 52 3 19 39 82 66 14 10 4 2 20 34 88 96 16 28 40 43 13 98 26 14 38 38 46 7 82 19 25 89 3 97 34 91 64 22 75 46 1 17 70 11 29 100 76 53 65 12 56 46 54 34 96 61 32 4 39 23 99 58 59 40 28 43 2 77 84 90 56 18 77 98 91 52 78 68 45 90 58 44 29 32 61 66 82 57 0 31 48 90 79 37 47 37 47 19 78 15 79 32 42 81 75 48 82 12 6 33 83 39 67 89 86 66 3 50 41 15 16 98 67 5 12 11 47 53 13 9 8 38 17 77 10 47 48 90 82 70 62 94 55 56 39 60 82 27 98 81 30 5 52 88 7 49 49 9 57 100 27 63 64 2 89 56 32 91 79 88 86 35 82 71 53 65 91 94 78 24 34 31 12 87 65 48 21 10 85 64 56 82 14 61 6 30 15 85 83 30 75 7 2 17 45 34 100 93 55 11 59 81 75 71 100 22 29 95 42 86 53 25 75 62 85 80 36 77 46 5 32 78 82 19 28 11 39 12 81 6 77 34 17 30 8 90 7 26 98 59 69 6 64 10 12 10 38 96 79 61 31 3 0 70 57 26 78 87 51 86 46 96 33 69 15 25 35 83 64 0 64 31 81 17 72 51 92 92 90 87 95 2 18 38 86 63 33 94 49 94 53 29 67 67 52 98 3 93 76 15 75
41 15 36 86 32 70 4 4 3 88 63 40 50 24 66 25 72 88 98 67 91 13 55 88 94 69 72 91 67 15 49 94 23 12 97 85 59 9 74 41 34 65 40 44 79 16 60 66 77 83 85 20 1 69 39 39 16 80 64 68 16 53 86 89 28 88 70 58 44 9 12 90 60 90 93 52 93 12 17 69 50 20 7 63 47 60 50 74 7 96 19 16 20 55 5 53 96 99 92 75 82 18 81 54 61 65 51 40 92 68 25 87 38 88 33 96 52 45 64 100 98 91 80 66 56 96 31 80 30 70 43 59 38 31 16 46 3 44 54 15 52 78 8 74 41 30 65 8 62 1 9 43 7 87 6 90 34 3 13 66 64 49 8 29 22 9 52 81 31 44 40 9 79 77 66 69 95 23 70 53 81 81 25 41 54 42 89 4 8 75 9 40 44 27 51 18 86 64 45 15 51 29 55 93 86 5 29 35 13 24 79 67 21 47 11 54 5 79 97 44 58 81 7 69 27 17 18 83 30 55 3 81 18 24 51 88 67 25 60 23 76 32 19 94 70 6 37 67 98 24 88 67 12 17 55 91 76 35 18 44 87 2 77 83 47 62 74 89 58 65 73 80 57 94 21 58 17 61 2 86 70 17 8 47 68 28 89 92 90 21 67 91 55 30 57 98 37 76 77 9 94 40 34 48 72 57 4 90 28 77 72 36 97 40 98 9 22 87 4 75 67 20 29 2 9 59 89 8 31 78 66 73 7 58 22 43 21 67 64 100 34 79 34 39 17 35 95 65 70 30 0 98 23 87 100 26 15 8 42 33 0 8 85 85 48 86 97 86 56 100 91 97 32 92 92 8 98 44 3 38 26 97 15 78 85 14 39 57 10 8 34 90 13 17 3 53 46 39 55 98
87 34 81 47 56 76 25 99 38 21 68 23 36 34 10 45 74 15 76 38 89 56 32 58 15 28 45 43 2 0 64 82 99 27 76 60 95 1 4 46 30 26 61 71 6 91 20 25 28 66 48 80 62 63 23 30 91 97 71 85 97 59 65 22 12 11 0 33 90 38 53 63 70 49 100 72 54 11 36 59 35 59 67 96 46 62 16 71 27 69 7 99 4 70 62 2 22 20 32 60 78 40 61 77 11 96 68 58 45 62 59 51 4 73 61 60 69 24 90 87 13 94 13 85 34 47 58 55 57 75 62 52 55 97 69 44 81 51 38 59 41 44 0 51 63 90 73 92 73 43 25 57 84 30 22 78 92 51 83 65 97 52 76 50 51 27 85 8 50 11 12 59 40 73 43 61 89 87 11 42 11 24 20 56 63 80 6 27 99 3 54 87 47 62 72 52 64 99 74 29 14 88 30 21 64 45 55 31 9 53 9 11 2 8 52 77 8 64 11 13 46 45 47 57 24 69 63 92 80 91 46 11 74 86 6 63 52 63 12 75 22 90 46 16 90 64 19 64 15 46 26 34 13 49 58 1 69 42 10 98 90 44 10 42 67 88 31 90 57 22 60 60 84 33 7 5 3 33 78 72 6 98 80 13 55 35 68 49 1 26 79 46 74 99 9 62 49 64 3 3 96 31 30 35 38 94 36 47 28 82 98 17 1 70 90 37 80 89 33 22 62 32 40 84 86 94 57 100 72 87 32 24 35 77 1 30 3 44 4 22 84 13 66 36 52 60 9 99 60 2 82 32 80 60 94 46 89 36 11 100 16 37 50 100 13 95 78 19 2 15 0 51 84 7 6 93 32 31 94 14 44 26 5 94 10 38 60 0 33 26 43 52 91 55 3 57 54 68 64 95
18 45 26 44 97 89 69 1 34 49 54 45 87 88 89 54 24 8 6 86 84 59 63 31 86 2 34 55 39 30 91 46 29 0 68 11 12 30 46 77 93 64 29 67 46 36 62 20 26 47 62 96 82 30 33 19 27 23 1 10 65 58 13 86 91 35 9 44 22 0 79 86 83 86 90 29 3 35 13 92 37 57 89 34 84 87 76 18 91 50 91 69 54 15 52 32 12 89 60 12 30 67 12 0 93 90 54 16 14 23 18 68 65 60 53 72 82 89 38 64 68 59 34 90 26 78 10 87 27 95 95 82 84 53 32 97 60 39 53 30 14 58 12 94 77 15 89 17 10 17 46 15 7 0 28 5 98 98 1 34 13 7 41 79 85 12 97 10 92 9 89 48 92 45 46 55 47 52 5 97 50 2 47 20 84 51 18 6 74 31 14 80 66 18 67 97 23 87 73 59 95 8 1 99 77 18 72 97 10 90 34 100 89 2 82 73 77 72 52 32 61 40 94 43 94 19 56 74 77 79 72 69 59 19 2 20 57 92 17 49 57 73 89 16 18 27 90 73 88 30 89 95 86 28 20 69 17 37 100 7 25 7 38 90 92 12 24 29 54 47 57 51 64 48 90 87 80 93 63 43 32 74 14 71 78 84 94 65 94 15 81 92 20 82 96 100 83 74 86 58 36 34 29 87 20 83 41 27 63 39 68 52 80 27 76 25 50 19 14 35 34 61 49 53 89 36 59 89 96 87 84 59 87 48 78 60 32 89 6 41 49 36 24 17 70 44 70 7 2 3 52 30 32 61 72 4 27 19 52 10 55 72 87 89 48 3 97 4 84 60 12 43 54 37 83 56 21 71 92 4 24 95 76 5 9 14 97 44 39 83 92 25 71 44 6 95 95 35 63 66
94 3 85 86 79 99 11 94 76 0 79 72 22 26 84 94 66 65 82 12 23 79 57 69 8 36 87 66 18 58 83 87 85 23 89 35 21 89 79 46 29 82 16 62 72 4 11 52 45 86 93 18 23 87 86 24 83 66 89 76 26 80 73 69 98 96 4 12 13 57 28 26 35 34 87 28 34 10 92 65 37 41 30 26 21 97 50 12 73 65 29 68 85 25 87 39 20 57 34 97 76 70 30 98 58 81 54 88 14 69 72 29 44 46 94 45 70 94 45 67 30 26 20 85 16 3 24 15 72 20 57 47 3 64 83 19 64 96 74 81 62 97 41 56 26 16 43 76 36 27 60 75 50 52 74 82 87 55 12 67 46 74 88 33 58 48 22 90 13 100 4 86 12 10 87 50 81 51 95 76 53 42 51 80 9 76 100 52 15 73 79 34 30 24 26 7 92 57 40 20 77 47 18 96 50 47 0 35 58 89 17 81 75 82 18 87 69 78 23 65 19 49 91 50 30 33 89 7 45 74 11 51 75 94 100 32 34 89 52 49 78 41 25 30 83 79 61 26 37 35 81 43 18 59 16 19 67 55 10 43 33 83 73 72 62 61 7 43 64 95 2 57 18 91 70 16 88 88 4 5 15 93 32 9 2 44 45 45 44 12 63 45 48 28 22 73 81 40 88 48 19 38 27 91 33 96 49 2 28 92 73 76 62 65 7 86 44 47 16 1 72 81 3 16 52 63 57 77 84 18 84 64 47 24 58 63 80 66 43 97 34 23 90 18 43 81 16 73 2 21 20 17 31 87 5 93 56 34 25 47 42 82 55 69 47 35 31 65 80 81 75 2 41 46 66 9 25 2 10 47 90 90 41 27 93 6 4 10 2 39 15 29 27 92 77 32 23 86 33 1
52 43 58 0 52 74 63 31 76 0 95 21 78 100 8 36 9 1 58 67 44 44 76 98 81 39 61 1 93 89 99 90 0 12 0 67 11 70 13 92 39 8 83 33 1 86 83 38 29 43 64 87 6 17 4 6 16 63 80 33 80 82 2 42 37 74 63 34 27 95 63 12 76 24 67 38 16 4 11 96 43 36 50 27 24 24 48 8 65 27 84 2 55 94 23 3 98 13 13 80 57 69 13 38 33 11 1 99 60 86 57 20 77 16 14 95 83 92 89 47 45 60 68 20 100 46 97 68 57 83 41 33 56 98 82 80 88 56 27 16 16 30 12 17 50 79 10 7 5 99 63 92 96 9 70 66 69 91 16 8 5 18 7 58 86 15 7 16 49 81 89 25 58 25 84 77 66 50 1 90 77 28 5 73 82 95 34 12 23 65 57 14 81 36 24 23 63 45 31 77 48 25 43 49 68 4 19 71 47 13 51 83 85 32 95 75 1 37 88 45 74 48 21 26 51 7 80 57 63 31 29 16 85 1 38 58 50 89 28 12 41 60 71 47 50 84 53 35 78 60 40 72 7 27 58 9 34 26 94 90 73 96 89 48 8 9 1 87 61 61 15 59 29 76 77 62 35 67 89 68 3 4 12 17 56 7 78 87 19 21 77 37 84 76 60 76 51 63 85 92 91 51 97 22 57 50 23 30 68 17 72 70 19 33 62 7 69 47 61 60 96 41 21 51 9 49 2 91 86 22 46 6 22 69 17 44 4 1 28 64 13 12 77 41 65 15 52 74 65 51 33 40 61 9 57 18 20 16 12 5 97 84 21 56 24 93 26 31 100 30 90 62 99 56 52 23 99 18 26 80 61 76 59 13 41 10 3 67 50 45 74 18 39 94 38 39 50 41 69 37
74 82 23 64 67 37 52 36 68 22 90 81 23 62 86 61 95 82 84 32 64 44 15 86 93 38 72 54 10 59 54 83 50 7 43 7 80 4 48 38 8 31 26 59 18 3 38 61 59 95 71 5 40 1 59 24 74 59 91 89 5 99 36 56 68 70 82 92 0 45 81 98 38 71 93 27 96 95 25 30 11 59 95 71 17 1 61 45 93 22 62 59 2 10 100 53 50 67 58 23 49 21 32 74 11 37 4 3 76 52 58 60 83 36 11 14 88 52 14 84 68 85 59 72 10 45 3 56 35 63 62 17 34 17 76 88 27 60 94 1 69 14 83 59 68 66 26 96 21 59 1 25 73 34 14 39 88 83 24 10 36 43 86 93 64 85 80 37 69 82 41 53 93 91 61 32 53 27 37 95 0 91 19 49 50 98 70 33 69 46 34 82 66 72 7 67 63 67 70 17 98 66 47 56 65 32 12 27 81 30 78 45 13 82 36 97 93 86 77 29 27 6 92 33 86 14 41 21 28 23 39 87 47 44 87 98 96 41 23 20 66 20 6 64 61 97 77 2 21 23 38 38 96 7 4 61 23 88 35 58 83 73 71 16 53 77 19 6 20 94 62 59 58 35 80 63 47 89 63 21 69 28 92 22 29 68 24 91 12 58 69 33 42 32 44 72 18 75 59 84 50 74 72 50 28 10 76 84 91 30 100 20 38 96 75 62 50 38 55 57 17 88 13 10 0 38 64 88 70 64 87 17 82 5 29 14 18 39 25 17 28 92 53 81 66 45 91 26 50 7 93 14 13 47 57 83 30 40 22 42 25 37 80 33 94 2 56 80 36 61 84 3 32 76 11 84 67 89 48 17 43 30 72 64 19 63 60 5 95 79 18 70 80 31 39 9 33 50 95 40
82 75 19 35 25 59 18 84 24 100 47 98 32 64 30 66 98 20 40 31 59 94 26 32 42 0 90 50 49 87 49 69 53 94 59 49 63 33 40 50 58 74 2 27 73 91 100 70 48 33 47 42 91 94 19 85 70 44 25 16 19 24 85 18 24 4 63 73 21 95 18 23 21 3 41 12 92 76 73 32 69 79 33 82 46 82 62 31 70 36 29 22 30 0 57 27 33 10 59 50 93 52 20 61 83 85 45 29 1 89 63 67 85 46 12 61 0 13 44 46 89 65 12 37 28 63 5 10 61 52 68 57 51 65 30 50 72 51 40 75 14 55 32 4 24 33 8 67 100 84 95 95 25 9 95 86 30 13 49 30 22 98 66 42 91 15 39 68 2 24 38 17 5 27 24 37 35 32 11 6 66 89 92 27 21 21 53 53 56 26 49 53 2 86 17 71 12 97 85 8 30 54 5 41 35 13 87 35 21 1 100 71 10 88 69 91 1 17 6 49 15 15 95 25 81 72 93 59 75 52 32 33 79 8 96 81 86 12 92 62 67 4 66 7 67 27 100 94 49 15 80 96 20 35 57 56 67 23 29 14 8 89 79 57 15 48 91 68 3 31 49 81 37 44 34 3 83 18 34 48 53 12 25 28 64 0 87 79 22 7 5 90 55 27 79 50 44 20 11 78 100 27 39 0 9 55 2 42 83 58 46 76 52 65 45 51 73 78 2 42 55 75 9 91 36 58 35 9 49 89 61 57 30 59 8 75 52 74 43 43 7 77 67 74 70 74 55 48 7 3 98 83 69 8 20 50 2 39 15 73 74 75 38 78 21 23 68 42 52 100 11 29 87 61 3 14 75 52 49 25 80 92 43 16 88 12 72 48 38 17 61 4 27 64 24 72 86 83 21 40
30 43 97 92 60 40 75 46 92 90 65 5 42 43 6 71 54 8 31 40 76 57 38 97 20 65 51 32 87 55 24 39 35 27 65 60 4 72 36 77 89 59 20 10 49 98 98 85 94 64 36 33 70 27 62 37 8 11 3 64 69 36 11 28 69 41 78 19 47 26 72 64 64 38 97 46 43 65 37 50 81 57 93 11 19 38 64 9 10 44 90 20 41 52 12 53 63 100 57 82 61 4 37 25 51 8 1 21 79 61 26 44 36 54 12 0 65 6 18 15 48 62 100 41 82 64 6 6 90 92 6 61 0 92 4 9 51 75 4 9 25 55 72 33 18 66 27 49 68 68 98 68 48 84 68 60 44 31 50 25 34 33 0 97 85 80 94 70 37 0 14 26 32 94 72 83 49 12 55 63 15 15 65 51 35 68 32 1 6 1 86 57 60 54 70 63 47 100 12 11 89 16 9 26 23 13 51 31 98 83 41 83 0 69 52 72 57 87 5 0 27 99 28 75 32 34 8 12 97 34 9 1 79 37 57 36 55 78 69 14 29 79 25 27 0 23 7 57 27 84 66 10 0 51 14 56 11 38 90 57 91 24 65 92 76 51 65 40 90 57 23 61 29 94 62 30 62 16 91 62 75 4 69 50 76 69 42 29 65 37 49 47 26 25 63 51 54 27 41 96 28 19 76 74 45 10 56 27 34 5 97 6 37 81 24 30 44 73 15 15 70 70 0 38 81 55 96 75 80 88 60 76 41 58 100 30 10 74 100 90 51 47 91 96 45 11 34 51 55 51 70 85 78 59 52 47 33 40 5 80 36 24 75 68 59 46 35 93 43 70 35 77 36 80 89 82 95 35 64 74 25 18 0 63 84 81 35 62 3 67 46 84 99 64 83 42 0 71 94 60
31 52 22 92 50 33 64 28 96 48 2 59 42 1 36 4 8 65 73 78 54 37 3 77 26 86 25 9 89 42 55 46 74 74 32 23 50 72 42 81 58 13 47 92 83 43 8 63 59 88 99 82 90 16 42 36 21 44 31 64 42 81 97 65 81 76 24 82 30 0 14 29 44 39 58 27 93 46 81 59 30 50 91 97 97 59 10 6 6 57 94 16 72 67 32 30 94 63 66 51 82 71 6 23 57 6 29 98 16 13 39 71 48 22 10 30 39 91 94 60 27 77 60 17 92 42 91 2 25 28 52 3 24 42 92 69 26 68 35 91 93 37 78 96 7 67 64 1 39 18 99 21 37 28 40 95 4 11 86 57 53 14 31 33 27 99 77 83 83 35 20 11 89 35 1 79 79 38 86 66 81 80 50 46 89 23 97 75 37 20 37 13 81 9 8 58 64 8 75 49 29 83 36 40 86 71 43 78 5 73 90 8 61 97 95 9 17 64 96 69 32 2 59 72 9 92 96 54 89 78 46 28 49 21 17 23 71 5 49 50 85 58 76 82 10 53 10 8 51 84 2 72 59 81 69 17 81 9 93 36 92 31 56 82 40 34 44 100 75 70 36 22 85 13 62 64 45 36 76 22 77 82 58 52 60 95 92 1 36 96 67 71 77 39 87 49 44 94 37 68 89 18 8 13 57 74 73 4 90 13 29 95 80 19 4 69 26 13 89 53 9 79 47 20 27 59 25 46 79 8 46 27 56 70 19 41 4 47 66 71 39 50 22 67 90 37 50 58 80 5 97 48 95 29 68 69 85 32 76 63 22 64 52 20 11 41 45 12 98 27 99 22 71 33 46 58 6 97 51 80 81 22 12 78 60 13 14 58 97 84 21 93 30 41 12 1 55 28 82 3
45 14 87 97 42 33 37 22 32 5 72 99 78 77 6 26 14 53 56 8 96 82 9 15 25 12 91 13 31 57 11 36 60 72 66 25 87 6 50 17 100 71 77 31 43 21 12 55 13 92 45 81 13 12 7 67 60 32 97 11 9 53 40 68 74 35 24 84 45 21 61 92 44 9 71 11 99 68 21 33 0 68 58 23 15 52 21 34 68 67 13 71 49 48 34 69 90 18 8 21 88 44 54 93 49 57 56 43 30 32 69 32 53 25 72 41 54 37 2 54 81 97 69 18 91 52 8 55 28 12 65 18 83 33 86 76 3 48 11 44 37 23 50 52 57 31 73 94 89 34 98 46 88 7 56 90 6 5 100 57 42 81 89 90 16 25 4 37 42 51 49 83 90 67 79 5 68 29 89 31 59 10 87 23 40 62 44 61 6 15 44 15 36 95 91 76 47 27 81 93 41 78 16 20 39 13 27 7 60 86 83 13 99 25 36 9 21 1 28 88 54 57 29 41 19 13 4 90 51 70 33 8 96 46 46 9 44 19 29 68 2 39 16 78 94 67 40 84 83 81 66 40 48 42 62 54 56 69 35 5 66 7 44 40 73 91 11 12 11 33 78 45 38 5 31 31 74 83 99 5 8 56 10 26 62 36 20 10 65 83 27 94 50 18 84 48 26 28 77 12 9 9 8 67 79 63 83 93 7 98 72 43 29 38 100 29 40 17 13 29 1 67 91 11 83 18 41 92 95 2 42 37 4 81 25 69 71 52 29 45 22 93 52 5 14 6 10 90 35 95 80 36 66 33 9 98 93 90 89 71 33 86 54 14 53 98 60 7 64 15 1 79 24 4 25 78 46 46 13 17 79 48 91 84 34 62 46 44 63 96 94 81 24 4 51 6 58 11 8 17
42 74 80 43 89 90 33 78 35 84 47 16 76 15 58 13 60 48 9 91 56 58 95 95 59 78 11 12 30 23 29 99 22 81 92 49 74 66 98 26 3 67 0 28 63 50 68 16 44 25 2 42 19 55 34 9 95 13 32 42 18 27 10 38 40 77 93 10 66 29 65 96 19 64 91 7 34 57 89 85 93 80 35 59 73 9 12 19 47 18 50 23 79 67 14 92 59 70 72 53 99 11 21 26 46 18 0 21 72 3 51 59 22 18 33 95 58 37 5 75 7 84 3 17 67 100 24 37 29 75 15 24 79 58 65 87 95 97 65 51 3 39 83 81 78 15 75 98 63 53 46 31 60 69 43 58 74 78 22 40 47 76 91 41 3 46 35 46 85 96 28 95 20 16 55 2 0 29 96 29 35 84 50 11 93 40 30 51 91 100 12 87 96 75 63 31 58 14 72 74 56 92 61 59 23 29 42 20 60 17 84 82 68 72 99 8 23 26 35 3 20 1 7 29 98 46 98 5 27 99 25 58 43 81 85 45 70 50 58 19 46 68 2 43 79 49 26 85 93 82 82 90 37 38 50 86 43 72 67 59 88 51 42 25 73 72 14 90 100 58 4 84 16 91 51 44 76 98 43 37 2 70 30 50 27 93 83 48 37 29 81 73 9 54 31 14 95 40 57 75 45 98 45 41 27 69 48 54 24 19 47 59 29 51 76 52 64 76 56 8 11 18 19 24 81 30 56 66 9 77 77 10 22 18 48 55 92 62 70 60 59 42 91 88 87 1 100 42 6 91 78 48 54 61 24 0 74 41 84 66 100 40 38 84 18 48 78 43 88 48 61 27 8 52 8 89 60 80 84 34 37 4 61 30 13 22 72 62 28 41 33 78 77 21 92 15 1 98 33 82
7 73 72 70 21 84 74 41 67 92 4 13 1 38 70 94 40 24 58 98 81 52 44 75 71 21 31 75 48 77 62 72 53 64 57 5 51 66 3 22 17 22 68 4 25 25 53 53 48 19 10 34 80 82 75 90 36 79 20 2 99 11 61 31 100 25 50 45 66 25 82 24 87 49 48 85 85 64 1 41 50 85 20 37 11 89 73 7 17 14 1 84 97 89 35 60 44 60 1 4 73 29 25 50 3 95 24 74 80 74 57 11 9 74 91 80 56 76 27 98 90 30 51 31 97 92 69 66 8 92 96 92 13 69 69 85 13 33 42 40 96 4 47 18 44 50 37 51 20 47 9 22 88 2 40 29 43 59 5 42 5 85 50 60 52 48 72 6 40 79 33 24 68 9 70 76 8 21 33 75 32 41 58 70 83 72 87 13 20 92 65 27 13 54 23 96 52 67 36 78 47 12 90 18 31 39 54 52 7 100 34 5 81 57 39 31 20 70 96 72 69 69 23 69 57 11 31 39 13 21 6 30 47 79 22 39 17 91 7 92 27 14 86 73 6 82 57 85 4 61 4 6 97 100 3 97 13 0 47 33 82 32 42 42 20 61 45 85 74 8 62 26 57 90 31 71 40 94 37 41 53 25 87 66 21 91 30 16 39 54 60 59 25 90 67 76 89 44 75 17 49 71 22 54 81 76 98 12 85 72 60 40 18 40 65 24 100 63 23 29 24 16 44 58 37 91 61 50 20 41 26 70 4 39 9 88 78 75 27 37 22 10 64 35 11 94 13 27 80 70 22 43 46 95 50 19 49 0 69 45 30 32 90 50 66 0 6 68 49 74 79 21 39 40 23 7 67 59 6 92 24 56 13 6 29 13 18 2 58 80 45 27 65 12 81 2 37 86 7 12
41 73 46 71 58 75 15 94 84 19 92 63 30 100 24 61 22 6 14 73 42 12 98 36 100 97 87 44 87 96 54 31 90 33 99 78 80 77 100 43 12 0 51 88 98 84 82 68 86 61 55 29 26 7 67 24 14 32 60 52 16 91 79 12 69 85 94 96 100 28 16 0 35 34 22 29 81 71 81 21 29 79 21 18 46 57 8 18 9 86 38 23 96 79 17 23 33 78 12 33 96 24 74 12 29 31 45 43 93 85 52 13 37 3 16 21 21 12 26 30 44 12 89 41 66 75 50 51 0 16 97 99 44 76 14 94 46 77 18 37 78 74 76 26 84 9 87 15 90 47 24 28 90 65 97 43 30 76 86 72 36 35 77 8 15 79 81 87 81 29 16 45 73 91 52 44 14 18 9 62 28 49 86 24 18 82 31 16 30 78 26 100 80 3 67 53 68 80 99 21 10 86 15 78 79 76 3 3 37 0 41 90 20 56 68 50 60 26 68 14 48 100 18 80 1 66 80 26 13 40 73 81 24 23 46 51 41 65 88 29 47 63 67 16 97 67 92 45 59 38 93 38 79 43 25 60 59 36 61 7 14 30 66 99 45 58 98 62 63 60 44 91 100 94 82 41 54 51 83 94 71 32 61 42 50 12 4 4 71 83 92 54 20 39 48 86 13 46 90 17 81 27 10 50 21 96 22 65 84 8 30 75 80 25 99 100 10 33 16 76 55 30 84 35 17 48 63 86 44 73 98 32 77 55 92 19 40 25 71 81 98 25 3 19 88 10 50 15 1 84 11 61 21 3 23 82 16 77 22 78 71 62 66 48 39 67 14 30 25 6 72 68 71 8 65 26 0 0 91 60 97 6 75 34 72 90 76 25 73 30 75 19 78 63 63 20 59 47 95 44
45 91 95 81 22 86 91 48 14 26 95 2 10 17 23 34 27 87 4 76 18 26 34 10 85 4 79 13 59 19 66 15 2 7 38 17 17 10 73 68 36 96 16 83 6 89 31 16 22 35 37 24 97 31 40 31 6 14 95 29 78 73 73 28 14 89 41 86 34 68 21 71 86 23 84 86 45 87 0 10 77 84 3 64 87 41 89 53 62 80 5 53 82 16 18 41 3 23 27 13 80 73 83 37 96 78 47 10 6 13 0 86 49 84 94 1 19 68 49 87 62 6 97 18 93 98 17 26 35 11 22 37 81 22 88 98 12 4 95 28 95 96 90 30 37 90 95 56 37 66 64 30 99 80 30 84 0 48 20 19 69 100 47 17 87 79 64 89 69 69 79 39 22 49 6 100 38 95 33 51 99 89 39 30 26 35 99 78 10 9 11 66 64 75 55 78 40 50 35 92 13 29 73 35 1 41 26 21 6 19 45 100 36 54 91 2 69 26 54 11 16 26 23 20 10 72 54 71 97 5 20 15 75 37 8 63 67 54 26 26 66 68 81 83 61 19 83 50 97 61 31 63 6 17 33 50 44 78 15 48 45 96 56 86 30 7 66 97 45 40 9 53 20 95 80 81 17 44 97 24 6 35 38 84 59 64 11 8 94 58 51 96 45 92 5 47 54 21 71 28 58 95 71 52 64 20 49 34 94 75 83 36 2 51 5 84 92 79 77 57 24 53 0 98 46 81 94 91 97 40 25 64 26 83 6 5 13 72 86 3 1 84 31 92 75 30 69 74 45 89 64 66 12 1 41 31 33 11 29 7 18 37 57 21 73 97 67 76 41 16 95 8 26 91 56 24 40 40 43 58 83 85 20 91 52 88 49 84 4 7 56 90 56 82 6 37 92 45 8 45
29 21 0 70 38 97 69 68 37 34 13 97 58 19 41 70 79 67 78 78 74 82 70 14 27 58 64 92 44 39 86 11 27 98 100 20 50 15 19 24 14 0 46 5 65 27 35 29 68 24 27 97 21 20 44 44 98 85 25 31 12 29 20 78 8 1 51 63 96 94 56 84 100 39 49 67 57 39 9 45 68 52 61 11 89 15 19 83 24 7 93 28 56 99 41 23 23 35 15 85 96 1 9 45 20 85 54 92 40 97 7 70 77 68 25 95 86 83 53 88 94 56 51 46 80 96 85 4 5 88 93 72 11 93 85 71 52 33 67 90 39 59 22 48 44 32 7 23 25 87 8 26 85 32 14 44 44 78 14 25 70 2 99 93 5 37 79 87 21 54 90 6 50 82 84 0 48 55 58 100 98 39 86 22 59 75 94 71 59 55 84 99 84 48 27 90 85 25 20 54 52 35 50 26 8 45 84 39 93 92 81 84 13 81 77 46 95 74 64 2 4 42 29 6 1 55 0 81 50 46 44 35 82 0 100 35 62 76 38 1 81 0 42 84 74 41 68 49 0 40 94 59 13 95 49 23 33 81 73 31 91 86 18 74 70 12 65 13 26 13 38 56 31 51 8 51 9 5 33 31 98 57 81 70 31 84 90 45 8 27 33 29 33 61 76 26 4 35 93 21 46 38 43 53 71 33 51 33 36 16 78 89 77 63 98 9 1 1 85 16 56 22 62 5 15 73 41 5 47 75 85 46 31 70 2 98 49 68 42 33 31 59 9 86 60 96 60 11 23 35 36 27 26 7 64 75 3 85 51 17 97 89 72 6 85 4 13 4 68 21 36 97 17 95 49 25 6 4 76 54 4 45 14 92 44 54 56 9 31 74 61 3 66 24 73 76 63 67 53 7
43 40 39 34 18 83 72 89 99 65 94 46 28 16 27 95 38 68 68 74 34 59 97 95 3 92 71 2 91 20 15 40 80 46 23 44 22 52 62 8 29 24 16 82 60 8 1 99 46 0 80 58 63 8 27 17 34 66 30 80 55 8 50 86 63 6 49 55 18 90 16 31 24 86 65 41 4 24 16 23 24 2 44 45 84 27 91 79 41 12 50 59 40 32 95 98 29 15 60 62 29 73 82 4 100 94 44 36 90 64 96 61 56 77 41 37 61 44 69 46 81 61 85 19 86 48 7 10 87 4 25 51 12 30 14 74 63 85 32 95 0 33 92 15 85 38 78 93 49 8 73 91 43 51 31 3 10 76 32 90 96 59 73 13 30 96 19 35 76 80 37 53 51 16 26 47 97 84 0 97 46 28 70 97 76 5 66 0 90 20 66 48 44 33 86 25 8 70 51 24 48 4 46 58 65 23 18 8 9 87 88 45 19 11 92 20 54 44 56 78 4 33 57 97 73 34 80 85 59 17 82 92 75 25 52 17 100 44 95 92 77 71 51 7 41 73 70 0 32 25 86 12 77 80 83 81 15 55 12 28 19 77 44 14 35 95 47 46 27 25 47 19 96 42 52 9 34 34 86 26 16 65 68 22 9 7 53 21 32 94 31 98 55 79 19 97 74 5 40 14 55 30 92 32 72 3 32 70 80 10 46 3 8 100 31 4 89 68 46 72 69 27 3 31 78 76 79 91 81 80 25 63 99 81 22 37 30 6 84 13 95 30 66 49 81 4 49 53 59 83 71 100 73 81 5 54 47 5 14 86 35 20 12 1 75 20 44 26 70 31 2 3 37 91 94 84 33 32 27 96 26 60 67 88 99 58 42 81 13 56 45 18 85 27 61 93 80 59 19 13
38 90 21 12 75 49 78 77 82 53 29 14 72 100 43 81 59 77 90 18 93 11 39 75 55 95 42 9 84 28 67 76 89 10 38 46 72 4 39 74 1 54 70 20 31 38 48 36 12 5 82 59 70 25 16 35 15 47 64 18 44 16 61 78 58 84 69 35 76 78 59 22 58 57 46 15 86 61 64 75 21 61 84 51 28 3 85 85 40 76 3 26 77 97 70 97 10 90 53 85 99 15 12 8 98 22 81 77 83 60 89 90 63 3 18 19 48 17 97 66 58 49 12 78 23 54 48 73 31 92 52 72 62 75 33 12 64 23 38 17 5 85 57 68 3 73 82 17 18 2 56 96 3 86 36 99 77 33 28 100 28 16 61 71 45 23 29 62 22 51 88 70 35 0 52 48 50 30 96 48 7 13 54 70 20 54 37 98 55 10 22 4 73 53 42 18 43 56 47 12 18 50 87 45 14 42 58 79 55 95 39 59 37 64 3 83 29 42 7 11 93 24 68 21 47 68 5 28 17 38 43 50 88 19 26 41 84 25 85 52 73 94 59 15 31 35 59 66 65 73 23 15 100 97 15 53 20 84 66 29 88 55 67 45 81 35 6 8 17 17 64 74 39 99 71 45 68 83 0 58 28 32 60 22 81 18 27 3 33 37 7 100 98 60 37 14 17 80 55 53 46 26 87 40 10 49 26 24 59 67 20 70 44 1 96 93 35 39 38 70 0 18 45 22 75 4 49 95 15 33 28 73 20 4 36 96 42 97 27 54 34 62 97 26 86 30 86 75 7 90 66 24 67 13 43 53 22 27 98 91 24 46 49 3 91 98 81 81 28 53 99 20 38 34 37 41 14 68 66 24 25 38 54 33 64 25 14 80 95 80 63 4 49 74 62 89 80 67 88 82
31 53 40 62 7 72 87 37 55 62 5 36 93 53 73 5 61 5 26 17 95 15 2 90 53 71 17 38 21 76 88 2 86 30 76 72 48 51 18 61 10 60 79 47 2 12 88 52 0 18 43 11 94 82 2 21 87 80 55 17 61 63 1 68 95 51 23 0 74 25 32 57 51 5 11 64 68 46 70 8 18 65 69 41 2 7 3 18 62 87 78 80 3 23 79 46 60 27 100 31 53 8 5 0 98 93 73 84 56 77 43 84 16 85 64 54 96 71 2 33 61 60 8 45 19 35 30 6 78 60 73 50 68 77 90 40 18 89 51 18 90 42 77 31 43 0 99 24 4 70 56 78 3 56 47 83 46 94 69 38 83 88 3 28 91 19 90 13 78 80 57 39 20 0 12 55 89 92 41 82 93 60 58 38 4 14 51 50 8 31 59 10 34 35 43 81 12 86 46 3 7 66 24 21 95 8 74 20 90 58 85 60 67 48 4 98 0 87 11 64 29 24 77 86 71 98 13 47 85 39 71 35 2 65 11 67 71 13 60 11 13 10 39 43 84 32 91 43 8 36 58 9 94 77 49 18 33 52 15 60 85 24 95 46 96 65 12 84 2 49 4 33 19 26 84 77 45 62 22 27 43 0 41 72 75 20 18 15 98 40 13 18 83 86 32 50 79 96 89 47 50 67 60 36 53 80 39 63 11 29 19 42 12 15 2 90 100 19 76 10 36 90 63 18 0 33 66 22 88 20 7 38 10 78 42 12 92 90 73 74 6 24 87 12 37 33 59 79 16 60 23 69 71 12 32 70 48 52 77 41 23 9 58 96 94 85 71 39 82 38 8 81 7 72 61 67 84 42 74 38 40 8 34 19 95 57 74 87 30 75 4 20 10 16 20 53 59 23 69 29
91 65 47 45 71 87 45 9 54 16 37 95 94 82 81 54 17 40 56 79 98 96 42 96 87 20 95 14 87 25 5 100 95 35 90 11 66 21 93 59 8 34 67 9 65 0 39 63 67 69 41 65 50 83 31 18 96 8 26 27 52 72 88 65 20 27 4 54 65 57 70 46 82 40 15 95 86 17 41 64 17 81 74 88 60 67 82 55 11 10 88 82 82 51 33 34 13 76 36 24 14 57 30 92 49 96 94 30 13 33 4 22 80 99 51 38 60 32 46 10 56 15 38 40 51 61 15 45 92 23 24 45 2 4 0 82 76 60 28 90 9 60 59 42 87 30 95 98 93 85 36 35 72 71 71 3 82 95 62 22 44 93 34 17 42 45 82 25 51 51 30 77 76 6 20 22 63 31 70 55 35 31 23 94 15 91 53 97 27 24 90 88 71 40 69 16 67 15 49 72 92 12 73 83 5 18 33 54 3 70 57 14 2 25 18 41 65 15 33 81 6 49 58 81 92 11 67 75 77 15 72 87 15 96 65 49 46 37 77 80 80 13 40 87 23 54 28 14 31 23 82 8 29 87 70 45 45 37 20 45 44 30 58 67 36 5 63 97 7 8 72 85 27 46 93 80 92 92 47 97 68 89 27 46 11 35 19 75 60 54 59 23 66 97 69 10 22 23 90 77 67 69 66 31 14 59 4 16 0 16 28 84 46 57 6 36 41 66 47 75 3 86 0 87 37 68 3 99 18 72 53 45 29 2 68 73 33 38 47 44 36 83 19 95 36 47 62 3 44 47 31 59 85 56 74 97 100 80 5 0 92 24 9 60 95 94 3 9 96 10 68 97 11 33 26 75 12 77 10 34 42 17 24 37 99 59 17 80 9 90 53 87 90 4 56 21 68 35 38 43
68 87 34 56 56 40 29 82 46 91 47 32 43 63 73 85 93 69 92 20 15 84 67 3 14 27 20 40 80 51 40 38 25 65 32 79 45 82 43 73 21 15 97 27 28 4 81 47 20 10 53 39 35 65 35 9 61 93 94 10 50 0 50 86 53 66 74 13 86 62 82 28 7 11 47 59 64 51 97 58 84 86 65 79 99 13 85 12 4 52 6 87 68 21 72 66 55 4 24 22 72 59 77 5 46 68 54 33 32 51 14 20 75 94 28 57 96 64 25 31 20 87 13 82 7 44 99 49 25 55 8 46 75 51 45 57 71 88 87 55 75 57 100 10 23 30 67 54 84 12 60 45 42 68 60 3 26 75 95 28 91 29 1 91 72 19 63 4 95 98 9 87 48 79 91 3 89 28 3 49 67 28 94 88 3 7 14 27 49 7 64 7 12 70 80 60 11 77 51 48 67 92 59 67 24 8 24 10 86 95 69 42 12 45 99 75 46 85 37 76 28 88 3 97 51 19 62 32 2 63 31 1 2 16 91 8 99 86 1 68 72 69 63 47 41 4 86 1 5 58 66 28 86 1 82 80 83 82 58 70 62 2 32 63 51 65 85 1 9 64 15 83 41 39 7 94 78 67 4 74 95 36 19 100 83 85 34 52 47 13 92 95 12 92 74 86 15 62 42 83 86 91 39 72 68 56 54 3 65 4 1 97 98 68 9 57 52 6 36 73 80 14 62 73 20 2 1 80 77 70 87 5 74 81 2 12 67 44 34 25 42 32 91 28 55 54 19 74 93 16 24 2 22 2 31 4 52 60 28 2 28 76 31 80 96 72 83 36 4 33 28 18 61 37 23 59 16 94 24 91 97 30 19 85 87 86 38 100 67 68 35 65 87 97 11 93 4 70 79 12
94 9 78 86 29 75 13 36 20 36 21 61 16 1 26 59 25 20 22 26 7 58 28 97 86 17 24 36 39 78 41 89 90 47 90 97 76 27 9 39 16 63 13 95 35 61 33 94 76 71 60 36 31 74 18 90 27 38 54 49 15 84 52 90 21 0 49 79 66 77 72 70 81 76 37 87 67 61 52 2 55 68 19 62 4 17 57 8 35 100 44 77 42 97 72 26 55 39 13 54 49 92 88 81 70 17 59 26 94 45 89 94 95 57 83 90 57 38 25 77 56 41 67 27 5 60 21 37 10 21 7 19 87 2 96 70 47 88 29 68 34 96 15 99 18 52 41 67 14 88 15 51 71 77 78 33 95 97 89 8 33 65 99 98 44 36 1 39 35 99 26 29 2 94 6 71 66 75 68 34 67 83 89 86 53 23 72 79 71 91 72 59 60 50 22 29 81 16 71 82 93 34 66 45 63 35 67 5 49 65 27 45 43 33 35 13 49 43 45 45 88 72 43 71 88 45 66 76 16 80 8 23 26 89 62 15 1 59 92 77 39 13 32 52 48 47 27 73 57 27 46 64 87 91 86 0 53 28 19 36 59 33 29 38 86 29 78 68 89 96 28 42 98 46 100 29 4 50 59 72 17 22 63 24 60 66 82 29 86 73 24 66 42 75 37 31 35 13 26 61 83 43 60 36 48 8 22 14 66 88 34 22 56 54 46 83 21 2 75 3 48 84 19 34 97 83 24 77 52 42 1 18 89 32 24 7 46 21 31 20 40 54 55 32 38 95 16 64 60 29 48 1 20 93 30 5 55 14 97 98 91 12 52 57 46 49 35 99 9 49 49 74 33 59 48 92 87 81 98 24 85 2 92 3 76 12 6 42 83 1 11 37 62 1 64 29 9 45 17 51
69 63 1 84 48 93 50 23 77 41 49 61 76 20 69 90 70 46 80 49 6 90 32 49 5 3 26 91 0 83 50 19 6 99 73 2 85 38 97 77 100 33 25 84 17 38 73 83 76 26 26 30 48 35 87 94 51 47 22 7 78 75 87 38 79 34 51 96 36 6 36 64 17 48 54 10 48 38 54 22 73 61 54 94 65 16 83 91 35 79 16 5 40 35 58 63 46 90 6 75 68 58 83 77 12 83 80 77 100 67 7 8 84 23 64 84 88 15 4 70 19 87 6 25 12 97 30 86 42 91 34 84 77 90 12 3 74 41 45 50 90 47 76 70 47 97 72 37 45 37 81 67 18 8 81 36 76 64 44 14 83 17 68 91 0 0 9 74 98 0 70 79 55 28 2 42 52 16 83 41 20 33 16 84 40 5 26 74 91 44 98 52 30 37 92 91 96 92 26 22 56 2 82 5 20 69 85 65 91 14 32 25 61 23 69 4 44 68 77 51 36 6 87 74 80 14 73 0 69 44 37 14 99 2 63 56 75 55 17 28 23 62 60 56 10 46 53 100 58 32 46 31 13 58 14 98 34 23 48 33 33 6 95 97 72 72 19 69 16 5 46 75 94 1 63 54 16 74 3 9 36 22 8 71 21 71 13 98 31 8 9 35 48 80 38 36 9 89 89 27 59 4 93 23 24 88 87 78 66 31 21 8 52 86 76 39 41 93 55 100 80 35 33 5 60 67 86 90 28 51 71 62 60 14 69 74 60 1 12 52 20 42 63 26 89 99 40 65 78 47 77 93 60 63 5 10 52 84 0 11 76 33 3 72 71 2 30 43 64 85 41 30 35 14 8 12 24 21 13 50 11 48 13 14 85 12 36 50 38 47 68 38 55 19 40 78 58 100 53 56
45 20 62 28 45 44 92 51 65 57 34 23 44 12 6 38 84 51 81 73 50 95 2 48 75 88 37 69 89 89 66 23 10 33 16 28 44 94 54 83 55 89 91 31 54 57 79 47 87 24 38 82 68 12 24 42 20 73 99 99 72 69 7 56 100 69 27 27 43 40 26 33 82 31 73 51 55 63 64 36 74 45 85 95 25 45 46 48 63 19 14 42 3 19 61 55 65 45 17 6 68 39 36 26 81 24 73 91 27 74 23 55 38 71 62 4 2 24 87 66 40 12 89 34 100 13 59 80 89 0 56 97 11 66 19 42 8 16 13 18 11 15 16 50 58 48 91 81 93 38 48 34 17 90 75 31 72 25 16 63 46 96 18 66 67 54 60 98 93 4 7 69 77 5 78 65 20 70 71 77 61 47 41 86 48 56 22 38 76 80 21 85 63 26 30 99 50 10 22 92 38 82 87 73 10 30 65 30 100 7 65 33 43 11 70 69 41 72 89 25 33 40 99 72 67 93 36 42 33 10 35 83 47 84 8 38 98 25 100 40 99 44 57 35 8 47 83 70 35 74 42 95 40 55 77 27 72 88 19 28 67 45 41 89 43 64 95 76 79 60 77 46 26 53 65 23 18 13 49 50 67 75 38 38 85 73 58 37 15 45 67 20 75 25 45 85 64 86 30 36 14 13 45 38 67 5 88 85 51 97 58 98 87 53 77 57 9 28 78 25 80 79 93 85 71 50 30 10 66 10 15 28 43 57 21 81 100 49 92 23 59 21 55 29 15 27 16 12 8 84 35 73 7 43 38 83 28 84 84 70 71 38 69 63 49 12 29 54 76 76 14 81 36 62 82 41 48 98 61 26 62 35 100 49 44 91 11 59 40 37 14 96 6 38 77 60 5 49 80 33
30 9 39 5 52 57 29 1 49 6 28 31 55 17 15 74 31 34 54 15 47 85 26 31 33 10 54 20 99 71 74 19 59 15 90 21 89 97 32 98 52 4 43 55 78 86 63 25 81 96 4 22 91 67 50 75 15 39 4 63 29 85 73 52 53 3 58 87 22 27 100 35 76 46 72 76 27 78 29 68 34 99 49 30 2 94 13 1 81 28 3 69 43 82 60 82 16 83 22 57 0 15 48 73 75 39 25 59 85 42 87 20 8 13 61 0 85 59 70 49 76 98 59 37 63 76 61 48 60 44 22 99 65 18 92 56 30 80 10 17 24 19 48 64 0 46 68 31 58 85 82 50 26 61 26 79 49 79 100 8 54 35 5 83 20 68 32 72 35 22 73 79 79 61 57 56 50 15 69 45 16 87 93 7 50 3 34 98 34 93 8 57 32 70 24 74 50 11 41 16 90 83 52 76 23 32 55 10 99 81 38 39 10 62 74 59 53 0 69 1 39 86 42 38 74 17 39 94 6 11 49 94 50 24 74 52 89 26 15 67 90 20 91 35 37 27 71 37 86 93 23 98 30 97 98 9 75 82 22 12 54 58 75 66 70 24 27 11 8 49 63 26 8 83 27 95 53 3 44 81 33 16 2 21 61 54 78 0 71 40 50 63 79 22 54 47 26 91 54 56 61 61 47 65 54 92 82 27 10 56 95 95 7 21 28 85 58 17 95 93 52 85 22 55 16 51 91 9 91 6 28 82 41 96 61 24 74 26 49 41 48 62 5 56 45 20 64 29 86 37 40 88 6 45 23 82 99 79 32 16 96 51 57 83 24 92 59 89 92 94 7 87 26 10 40 8 33 75 46 65 62 39 66 52 92 96 16 18 77 67 5 28 24 56 60 49 45 46 76 56
75 37 42 83 20 21 3 9 62 66 12 65 53 0 56 66 34 12 98 15 43 68 13 48 47 64 95 65 5 49 21 58 74 66 24 100 70 80 9 24 100 89 36 45 93 50 89 98 32 8 23 72 12 72 7 56 12 89 1 34 71 54 82 65 62 4 39 81 36 80 56 43 96 64 10 18 63 97 33 68 37 76 36 33 84 30 43 81 54 83 83 58 52 30 12 8 31 94 80 22 92 32 39 17 54 66 83 92 49 47 72 23 75 63 54 82 97 88 20 65 25 66 30 38 29 70 2 3 27 77 92 11 1 32 20 64 53 40 80 53 20 54 23 90 41 48 71 87 90 66 85 91 43 45 67 88 86 28 73 90 67 38 83 31 93 61 67 0 9 71 97 9 48 1 72 60 16 13 8 8 44 53 83 52 75 34 21 45 36 82 82 1 77 9 82 9 2 32 66 14 100 39 26 2 12 71 18 72 99 93 13 14 94 60 99 50 72 19 90 90 10 46 92 89 40 45 1 45 55 0 31 78 67 11 26 83 58 84 32 49 7 78 6 90 81 44 100 97 99 51 79 85 46 17 89 1 84 73 79 95 93 21 96 31 34 91 70 66 89 56 46 14 19 0 42 85 47 6 48 48 54 17 74 20 89 13 47 21 21 32 100 17 46 25 7 18 58 59 31 53 36 0 53 11 99 98 58 30 21 69 49 83 49 15 36 28 65 77 93 62 36 61 44 74 9 77 42 32 82 14 76 49 61 9 48 84 76 98 56 48 76 35 97 92 87 53 42 32 0 19 52 84 46 41 74 88 61 32 49 57 75 69 12 42 7 5 63 57 95 98 77 71 8 16 36 19 49 22 71 1 94 88 37 40 5 93 82 13 0 55 19 46 92 13 18 22 14 42 62 11
24 48 40 50 32 84 73 87 37 73 19 32 2 49 87 20 26 4 82 1 32 71 99 74 14 71 48 5 69 55 81 74 50 91 75 40 68 9 27 57 25 57 6 81 19 58 66 6 78 78 18 20 95 71 82 58 23 2 96 36 23 61 43 94 60 15 0 46 83 5 50 62 13 56 58 86 75 11 77 19 48 4 4 56 34 7 4 17 37 13 81 71 35 18 69 1 18 6 16 68 0 12 67 37 46 98 95 87 53 100 85 59 96 83 85 57 41 9 15 25 37 90 55 85 10 44 53 38 18 65 7 84 15 80 53 30 97 83 9 69 69 18 88 43 70 100 46 48 2 93 85 20 20 59 76 29 69 49 30 6 6 87 47 0 27 4 72 82 92 93 36 47 51 94 9 91 81 53 77 84 69 66 65 51 99 68 54 30 66 55 0 29 69 30 87 81 25 45 84 28 90 30 9 97 84 89 34 12 88 87 2 9 30 19 69 77 63 59 34 58 25 22 54 72 93 56 100 70 47 94 33 33 58 93 21 0 34 65 52 93 69 43 26 34 86 65 76 91 29 13 100 19 54 40 98 3 36 60 39 72 82 42 98 79 72 1 40 78 86 95 27 77 97 95 16 43 85 60 25 51 47 94 73 10 99 74 28 73 42 11 48 70 21 96 21 10 45 13 77 24 87 74 59 68 88 24 41 76 34 45 22 4 27 53 87 15 38 98 50 20 98 19 51 77 34 51 12 69 84 67 56 81 30 5 22 26 54 93 83 49 10 8 46 67 46 82 76 11 53 1 46 92 77 16 85 62 57 69 3 67 29 16 4 69 39 15 24 81 7 24 11 64 36 5 32 15 77 65 79 18 18 84 28 2 22 18 8 75 30 41 89 17 80 7 54 55 40 82 70 45
70 13 36 68 55 31 25 80 8 82 37 78 23 20 15 37 31 19 11 24 99 78 97 62 47 64 91 83 16 23 66 35 88 25 99 64 9 87 62 76 26 51 64 88 31 100 67 52 70 73 11 81 95 16 23 62 55 23 28 25 1 97 21 34 33 65 86 29 11 35 30 84 34 41 25 10 85 26 82 66 27 84 49 65 93 9 16 5 85 0 9 55 68 84 58 18 15 42 59 11 11 98 36 72 100 49 9 66 93 80 66 9 56 83 31 77 22 12 80 82 85 54 73 30 39 68 81 2 30 84 63 92 14 81 31 39 27 13 60 16 33 51 28 25 56 63 43 79 40 13 3 65 74 7 79 83 47 22 16 39 47 10 70 27 25 24 40 7 53 48 72 96 30 82 82 19 96 48 81 31 90 61 21 18 36 2 27 81 63 100 91 46 75 30 82 79 85 6 7 0 6 74 6 35 21 25 50 85 71 78 38 10 83 3 55 72 97 42 98 69 79 3 24 8 44 60 27 78 87 88 56 51 87 99 1 83 4 28 93 22 18 88 34 35 79 7 44 2 61 25 81 73 97 12 75 92 5 78 40 43 53 87 43 84 73 62 17 49 41 94 24 90 52 87 22 38 54 16 49 71 27 5 42 69 83 63 70 33 84 71 63 78 61 54 96 96 25 13 7 27 49 68 76 38 12 99 77 65 26 81 40 44 26 46 34 90 84 16 49 21 40 83 62 47 23 87 75 2 42 40 41 4 29 40 59 75 7 67 29 78 67 82 98 82 10 22 40 5 66 61 77 96 22 42 43 74 93 27 88 51 59 83 23 89 36 65 17 36 47 23 39 32 1 2 72 52 97 48 78 65 77 85 58 62 35 100 32 50 44 3 78 91 9 19 16 82 68 27 37 4
74 14 26 46 11 12 44 23 84 79 10 21 50 49 62 66 32 41 14 67 67 41 0 59 54 72 3 33 52 37 62 98 19 53 18 4 7 12 5 56 82 38 25 90 64 71 29 68 87 83 4 11 51 51 76 38 55 77 12 83 59 83 33 60 62 6 84 82 76 38 1 62 89 60 35 100 30 88 6 9 97 41 51 83 17 67 100 10 81 63 90 41 28 99 56 41 93 55 46 26 98 94 83 63 11 93 88 100 92 70 85 43 97 85 77 55 89 30 74 82 60 19 26 58 78 82 12 81 68 26 96 84 84 22 12 48 16 54 53 13 93 93 85 36 18 5 65 51 88 52 17 3 17 85 44 14 55 15 16 79 33 14 28 37 56 4 85 9 28 56 87 67 95 62 62 18 21 59 34 3 89 86 26 88 44 64 61 72 10 83 45 4 57 77 27 58 34 16 25 32 74 86 60 9 94 12 80 94 15 98 58 89 66 67 5 24 67 69 21 36 90 0 14 46 97 68 86 54 78 21 73 86 23 18 57 94 17 42 3 55 97 50 42 40 25 99 36 35 79 32 70 49 14 18 85 65 27 37 51 26 98 81 30 67 12 80 74 61 51 72 45 54 48 38 48 15 3 70 74 94 2 0 89 14 82 10 26 31 70 95 48 69 39 85 43 73 100 72 49 65 28 3 83 11 51 9 0 23 54 34 52 36 83 1 67 3 54 94 74 18 21 68 60 90 18 91 89 73 44 41 80 55 9 14 1 85 23 53 88 72 54 75 22 85 66 23 40 25 64 23 27 92 0 19 41 60 95 28 59 13 41 96 27 30 81 46 1 82 97 71 24 63 55 99 41 83 39 24 59 89 86 50 61 88 65 26 60 78 36 83 29 53 66 30 31 50 27 44 33 94
19 72 42 58 39 100 69 40 2 97 12 88 51 2 31 29 41 2 74 18 4 78 1 4 13 63 27 44 67 1 26 32 93 25 86 91 53 43 32 89 37 88 77 46 49 83 74 21 81 17 10 22 85 7 56 30 58 51 30 81 98 71 72 30 99 14 83 52 94 3 35 82 31 33 13 24 63 38 7 79 86 94 28 31 6 30 19 53 83 4 46 47 39 33 99 46 71 100 10 54 85 6 1 47 62 49 75 98 32 76 70 34 18 33 37 90 44 16 84 2 23 43 79 60 24 96 41 14 97 15 66 51 0 73 91 4 13 25 70 43 43 26 40 32 8 91 74 61 87 20 49 92 50 26 8 45 9 27 81 81 16 59 65 2 7 81 57 62 100 24 3 69 0 43 28 75 38 20 60 88 79 53 94 85 64 7 88 35 41 17 53 88 34 29 26 2 21 93 91 69 97 60 61 40 75 58 4 74 49 58 50 33 91 68 73 73 38 88 52 55 26 26 64 72 17 2 98 33 64 46 8 76 11 44 58 71 59 32 52 82 8 25 96 38 45 23 55 32 76 26 22 54 65 17 31 14 63 88 4 73 63 86 34 81 26 96 80 41 28 29 16 87 12 52 1 7 77 3 67 19 59 71 83 71 97 29 79 49 67 0 44 60 55 2 73 59 88 27 82 97 2 14 52 32 54 78 63 51 85 5 84 69 33 19 71 43 63 62 71 79 77 23 42 21 75 12 46 79 47 31 20 90 87 20 83 57 70 70 83 52 97 90 39 40 74 58 44 2 14 76 42 82 35 92 5 71 28 87 31 41 88 51 75 99 94 19 39 0 24 11 75 6 73 6 44 69 83 27 29 83 70 61 27 29 90 32 41 91 87 52 66 70 18 25 25 47 48 47 32 0
62 84 83 26 0 92 92 67 93 31 86 39 17 64 59 27 43 7 13 43 45 12 100 65 18 30 0 37 69 85 86 65 14 52 33 77 15 41 1 71 32 32 96 72 83 86 33 55 51 66 72 89 98 64 18 16 48 99 25 71 7 35 50 32 60 42 11 86 49 47 83 58 45 68 66 98 68 52 88 26 70 80 65 42 23 51 76 40 35 24 26 28 41 82 23 18 72 50 61 78 0 7 45 11 92 48 64 60 84 69 76 72 84 41 37 31 62 16 38 11 82 96 63 38 60 2 59 16 40 18 2 49 13 34 43 39 17 67 20 45 16 26 96 50 97 38 54 87 17 3 22 41 3 34 56 76 57 22 99 82 3 37 81 66 96 38 74 86 100 37 0 23 66 37 49 46 99 9 39 22 69 0 82 99 96 96 84 82 44 48 24 22 87 64 4 88 54 27 29 64 41 22 15 62 61 77 41 82 13 39 79 22 63 37 13 14 68 89 70 44 4 15 25 50 68 98 21 45 16 75 8 2 96 12 58 62 80 16 11 66 18 81 84 63 65 65 72 84 10 64 69 87 57 31 42 70 5 36 48 56 17 7 40 57 6 85 14 93 39 62 35 67 76 67 60 35 36 52 6 33 76 14 92 23 81 85 33 74 97 89 93 47 25 47 41 51 0 38 28 72 87 44 72 82 38 81 49 54 3 12 87 97 75 0 28 57 8 63 88 37 21 48 20 61 0 2 42 97 72 18 80 9 70 99 0 81 96 66 10 13 58 76 10 38 28 67 37 63 72 70 33 22 62 27 100 14 13 63 88 95 43 2 23 16 64 78 83 59 75 47 77 85 50 17 70 50 2 43 62 25 11 0 90 40 18 16 91 83 88 71 94 98 58 79 6 40 30 43 52 76
28 62 96 76 6 84 100 51 19 55 7 79 34 30 70 61 69 83 35 92 96 29 30 99 34 74 93 47 67 8 53 68 2 0 46 45 38 15 57 43 77 0 83 88 53 12 32 9 20 84 40 11 22 98 40 19 33 78 34 6 36 59 8 12 5 10 26 29 35 67 9 5 12 72 39 25 0 92 79 87 90 69 89 31 27 8 80 8 15 60 66 94 67 22 57 4 39 3 28 96 58 34 92 25 7 19 83 34 59 65 76 3 64 73 99 53 40 53 76 86 91 35 34 10 25 14 44 84 7 30 78 35 53 68 7 27 32 73 40 25 88 69 36 69 92 38 66 7 51 26 45 57 22 71 83 95 24 7 31 67 39 67 11 81 47 55 97 61 0 86 52 51 80 29 67 84 27 91 95 47 90 6 41 26 54 83 48 1 52 54 50 8 4 79 99 66 26 100 51 0 30 2 3 15 67 39 32 15 12 83 76 86 31 34 27 11 97 22 54 66 48 69 66 65 9 5 93 4 19 99 82 20 57 10 59 57 95 14 54 78 20 56 96 87 77 2 61 85 55 87 29 22 7 93 63 70 75 82 77 25 61 37 6 71 78 100 16 50 78 77 69 84 41 76 95 39 87 56 10 25 64 60 18 89 33 99 23 82 22 2 73 26 49 91 53 26 33 100 54 87 4 13 32 83 60 21 54 99 54 95 35 89 42 77 73 17 10 8 82 55 69 58 80 60 93 63 23 92 45 81 73 99 51 50 30 27 48 78 15 36 5 99 50 25 29 20 20 54 24 50 91 28 58 9 92 89 26 16 34 63 59 53 58 13 37 97 100 63 84 36 35 56 19 27 53 69 17 81 34 12 97 12 70 6 92 91 93 11 89 25 78 31 64 65 21 45 90 32 88 73
61 97 93 56 42 22 19 72 69 47 48 24 13 10 70 37 17 98 61 46 0 66 76 44 37 7 50 24 85 75 38 12 91 24 81 8 72 72 94 68 26 15 51 41 38 77 57 69 66 24 73 14 88 88 92 43 4 83 46 95 63 97 88 89 70 6 66 47 88 44 10 41 3 87 93 39 65 70 60 52 17 65 90 27 91 8 71 45 23 83 34 7 28 35 81 24 87 46 40 33 40 14 24 43 53 51 55 84 21 60 34 96 89 100 18 24 19 52 73 20 34 33 96 63 89 26 28 13 13 51 87 90 0 38 86 55 63 52 83 36 93 77 62 28 4 4 97 99 39 26 65 67 91 72 47 56 86 77 76 94 93 6 28 66 38 21 40 17 23 92 54 93 16 55 29 20 96 5 47 5 69 35 2 75 90 98 42 90 7 24 92 27 77 30 7 1 71 0 0 84 22 88 94 5 6 83 75 83 60 90 21 14 0 83 56 89 2 56 74 38 89 27 67 97 86 73 93 43 11 41 92 64 76 1 65 78 36 39 69 50 77 66 24 98 93 90 39 25 28 93 5 75 1 57 84 54 94 80 49 11 73 66 59 38 47 40 59 80 53 85 23 11 46 38 24 79 42 20 41 59 71 74 73 87 49 59 55 45 98 52 39 23 8 19 11 95 67 100 99 20 9 66 96 86 83 13 22 23 24 72 84 92 3 28 90 16 62 93 9 39 13 89 22 92 91 20 71 70 35 96 82 63 34 79 77 84 14 87 47 31 53 24 42 39 56 97 30 98 66 84 27 25 100 39 56 2 97 83 64 71 42 35 98 84 32 65 20 43 53 98 99 43 91 100 8 93 88 34 11 56 31 63 93 11 77 96 82 64 83 34 66 40 64 13 28 81 23 88 30 5
40 68 87 86 38 50 10 73 20 4 99 100 44 67 35 44 14 97 51 67 21 33 27 94 37 78 12 96 19 84 60 85 5 72 98 14 29 65 60 13 79 35 76 29 72 89 28 3 8 77 59 4 56 82 7 23 80 36 80 27 62 83 60 53 80 58 40 50 14 14 86 48 31 14 2 31 2 77 72 34 75 42 90 13 84 35 97 79 2 52 54 79 74 52 62 94 33 52 81 50 23 27 94 31 32 13 35 78 48 54 85 45 0 76 29 45 3 78 59 68 79 89 15 51 42 92 50 33 10 93 62 17 46 49 89 15 5 29 47 93 51 90 83 33 35 23 54 46 85 82 40 82 23 94 10 37 22 91 33 78 17 43 73 61 57 6 35 38 91 64 67 27 55 46 55 63 93 70 97 52 37 78 42 45 49 71 8 68 27 74 59 54 92 96 0 23 90 49 76 93 79 92 69 44 98 23 13 33 77 4 67 41 59 82 71 92 54 2 100 89 17 38 73 15 35 16 96 98 78 98 98 26 76 71 36 94 38 21 63 12 68 56 96 8 29 45 94 69 22 57 74 38 27 33 98 23 76 54 23 69 13 74 76 0 39 82 10 9 96 27 28 99 30 11 19 48 70 79 93 48 79 44 51 81 1 88 70 37 76 61 42 5 45 24 69 80 51 76 73 21 6 69 43 35 98 14 71 83 34 91 52 49 95 51 98 31 87 26 49 93 11 86 98 7 11 26 37 27 54 67 21 67 5 85 4 66 36 92 63 86 84 67 72 57 22 49 15 94 7 15 20 30 61 72 39 47 26 75 82 32 35 89 87 51 37 82 25 59 3 41 18 66 17 38 9 70 5 41 70 94 37 26 97 75 70 53 98 72 54 37 65 84 6 38 46 47 97 85 81 60
1 22 59 69 98 48 100 79 94 13 20 55 58 95 51 57 30 54 48 2 69 65 29 77 49 24 89 90 50 1 75 76 6 6 12 47 35 2 65 40 2 44 21 79 31 75 80 30 7 94 44 77 61 71 15 20 85 58 40 84 65 43 60 46 22 34 82 3 71 26 93 23 31 40 41 53 44 0 22 50 34 30 28 72 26 61 55 29 54 81 21 43 72 15 91 47 67 34 95 72 1 57 39 72 64 76 18 11 3 67 29 6 69 61 79 82 72 41 1 52 14 33 57 40 94 39 44 17 91 32 36 55 81 42 69 5 69 54 28 15 6 4 39 20 56 6 54 1 78 81 16 69 64 23 86 21 83 20 51 0 90 70 4 41 79 51 66 99 95 87 31 70 79 10 26 49 94 24 50 100 79 55 71 35 98 54 15 40 32 53 85 9 40 84 22 11 55 64 62 92 38 46 64 86 83 89 91 63 15 88 3 100 62 20 91 11 44 94 72 50 53 64 52 87 40 86 10 81 56 96 97 17 48 32 70 80 55 56 41 71 92 80 12 16 51 68 67 59 29 46 69 94 41 41 12 42 60 65 89 73 5 16 89 51 97 40 83 68 32 84 39 10 89 48 14 45 63 51 22 57 6 23 94 37 62 8 82 74 3 25 97 43 15 93 35 54 41 54 56 21 47 3 98 68 13 90 38 98 41 36 1 57 55 31 60 33 64 67 58 84 16 31 44 48 97 3 68 0 53 64 65 44 25 57 58 49 43 3 92 40 38 37 77 70 7 42 79 50 17 84 43 99 59 62 35 11 74 90 15 92 93 62 91 1 17 20 50 54 76 50 74 16 58 27 28 60 11 56 95 78 14 6 33 12 25 38 1 6 24 83 96 99 28 39 36 76 36 95 96 20
66 76 53 61 10 100 66 67 64 46 21 22 52 62 56 75 58 50 81 53 76 30 62 71 40 0 60 25 17 45 80 10 42 8 35 19 79 94 37 41 70 6 2 98 41 16 0 40 68 17 10 5 31 61 7 38 95 62 75 47 18 88 20 63 26 28 39 32 72 74 97 4 91 12 54 93 49 42 15 1 100 33 95 5 47 73 51 70 44 72 76 27 89 35 13 1 19 91 26 71 6 53 60 92 10 48 7 40 69 81 60 8 24 76 28 77 10 90 93 99 4 3 16 61 98 96 33 10 60 36 70 77 30 52 47 19 52 56 12 77 37 1 35 32 13 61 64 21 58 98 56 1 75 14 40 52 0 44 93 33 57 8 51 69 82 79 95 54 25 2 92 60 95 95 20 49 43 27 23 66 27 47 66 68 39 85 48 93 17 35 84 59 3 4 44 2 71 76 47 47 23 84 18 76 57 40 9 76 3 75 58 13 1 97 94 96 58 28 68 95 16 89 80 31 17 3 42 5 56 94 29 59 89 2 72 98 42 12 16 26 91 35 100 44 72 55 98 26 20 66 30 3 56 89 64 38 20 98 89 49 28 68 90 88 86 60 20 72 51 34 65 21 62 15 50 35 71 38 99 100 79 40 17 15 41 28 26 9 60 91 28 11 78 98 65 94 24 15 47 96 31 15 92 93 56 14 30 4 50 80 23 31 67 73 73 1 59 93 39 93 99 25 12 4 40 30 91 56 42 45 7 2 60 58 60 4 61 96 99 74 83 79 70 72 41 38 58 95 6 10 41 18 36 94 45 79 65 88 25 75 6 16 14 63 56 74 85 0 94 57 9 94 17 94 53 71 77 47 68 79 93 88 80 15 93 97 79 43 0 45 45 51 7 20 91 96 67 60 96 64
17 63 0 13 22 64 20 76 98 35 2 99 9 15 53 63 61 87 41 74 88 33 12 91 61 35 41 19 99 62 83 38 67 11 83 25 3 39 35 48 23 54 88 78 35 33 70 17 29 44 3 12 32 55 46 51 26 11 1 22 100 43 50 73 70 98 49 42 23 57 23 14 47 37 3 99 12 97 92 20 29 34 91 47 44 97 24 93 87 49 45 62 49 52 99 80 31 64 74 71 20 12 68 37 65 19 4 93 37 27 79 40 50 50 20 8 97 0 30 50 99 21 6 59 10 24 99 36 37 45 42 47 73 8 63 49 2 53 91 62 80 4 8 38 5 52 56 68 30 61 4 57 3 99 95 8 75 96 98 55 100 15 43 20 23 47 24 13 16 82 84 35 23 19 1 53 63 59 46 92 32 61 82 82 93 65 29 49 91 33 38 91 44 2 46 76 10 80 93 49 53 45 43 68 80 98 15 44 21 28 89 89 82 85 52 53 91 90 13 25 53 13 9 15 18 56 65 89 12 16 79 7 14 95 74 72 45 99 19 23 48 2 52 4 99 96 44 7 97 1 74 45 77 63 79 39 38 5 56 34 36 10 91 8 34 30 61 37 56 58 79 11 77 93 35 20 73 16 92 5 37 42 54 10 71 82 0 98 28 30 67 47 77 36 58 33 5 95 7 59 66 85 7 69 46 40 79 8 6 89 17 71 70 22 30 96 36 25 84 62 2 12 62 44 43 9 44 91 78 4 97 2 81 47 71 23 18 15 51 38 66 38 37 6 9 57 21 19 87 84 48 65 52 64 93 63 33 19 64 98 74 64 81 17 85 50 100 78 61 93 32 8 52 25 74 94 44 64 36 50 6 62 74 44 98 49 90 60 23 85 20 89 77 10 59 91 27 48 22 45
36 95 23 22 35 27 83 5 55 11 92 4 86 61 45 87 71 100 10 77 40 60 64 14 95 61 32 51 62 25 98 67 42 93 47 58 81 25 99 92 95 57 91 1 93 33 91 97 52 78 23 81 90 7 28 61 87 52 40 43 72 75 36 14 77 56 84 60 61 72 65 45 86 3 20 6 78 11 58 54 54 33 55 49 44 2 84 80 58 18 39 34 54 10 69 1 81 52 61 38 74 34 49 20 22 69 73 8 26 20 14 100 94 1 17 40 31 42 9 39 79 96 50 1 92 13 38 84 24 6 53 56 75 41 80 94 61 0 48 70 31 71 65 6 59 3 25 10 27 12 71 24 58 40 65 16 74 65 65 66 30 91 49 98 9 41 46 50 78 46 88 67 68 45 24 41 71 15 85 51 16 37 73 50 79 39 35 90 6 73 31 33 60 16 70 84 61 95 17 75 80 92 74 61 38 35 22 24 13 98 92 15 97 68 31 21 32 39 55 48 92 59 49 95 26 50 18 73 53 58 46 63 16 30 42 58 65 76 44 67 9 44 40 59 10 49 46 71 16 40 77 41 24 77 54 13 5 13 70 70 41 13 30 89 63 9 42 11 60 82 25 51 6 91 60 90 63 57 53 6 11 32 70 59 27 90 24 74 40 72 84 65 23 61 64 99 12 77 29 91 28 70 4 80 7 96 29 78 82 52 37 59 9 53 30 68 28 95 4 71 25 45 31 65 72 37 97 48 31 31 6 55 61 41 68 57 64 23 91 44 62 71 49 79 20 99 38 76 12 91 83 26 36 43 59 10 45 71 65 38 99 93 32 64 39 71 52 43 92 32 26 15 8 26 1 68 38 40 14 43 73 29 20 67 39 50 68 42 49 95 40 22 52 49 19 46 81 81 86 10
56 43 43 44 86 61 50 46 36 50 56 53 32 40 3 96 3 63 33 13 11 46 37 69 35 97 6 36 56 67 63 92 71 63 41 72 45 10 3 8 15 33 74 70 36 9 54 87 84 36 43 13 6 89 67 94 98 85 26 36 7 16 21 71 13 58 19 42 4 15 12 4 55 14 5 94 64 42 96 22 40 46 99 45 66 12 99 74 72 8 39 84 85 55 7 57 19 67 42 6 65 74 49 88 85 31 94 80 13 57 56 72 81 11 92 72 79 33 81 29 65 27 76 27 70 80 21 87 0 32 39 55 81 33 68 55 68 32 55 50 67 11 48 52 24 77 81 98 9 33 23 24 49 1 60 76 48 61 60 48 34 9 31 21 29 79 100 15 1 60 88 84 98 88 48 58 50 47 52 81 78 31 19 9 3 28 10 49 60 31 57 96 25 89 87 98 75 31 44 41 90 52 15 65 56 65 67 22 7 23 63 17 67 0 47 78 56 56 53 71 0 71 15 87 63 89 88 66 55 38 26 34 4 47 19 99 43 21 42 80 86 27 35 78 27 64 28 26 54 29 52 75 88 56 58 37 52 36 83 65 61 13 11 32 24 46 28 34 21 53 98 17 9 87 32 10 76 73 5 74 98 15 78 83 83 7 39 5 23 41 27 26 19 78 49 5 49 39 72 9 29 89 95 63 37 32 32 94 4 33 39 64 19 39 88 61 19 54 23 82 25 30 18 19 37 96 9 84 81 80 76 97 70 5 72 47 13 40 59 44 7 26 41 26 59 56 54 82 29 64 4 22 83 63 29 7 54 27 68 91 40 67 61 22 10 65 7 23 41 79 6 11 9 79 74 98 9 86 51 5 32 67 7 20 20 78 91 16 48 31 52 82 28 23 30 69 28 97 81 43
60 86 79 45 94 73 34 85 78 72 69 87 32 73 59 8 31 19 51 24 89 44 70 93 91 43 13 83 13 16 50 78 49 33 24 90 75 11 44 25 10 78 39 53 54 13 66 42 37 22 60 3 50 67 58 28 92 86 9 10 28 14 14 41 73 3 37 59 17 48 21 15 51 7 14 99 18 67 83 25 29 87 35 20 70 29 1 57 69 67 4 76 61 16 12 3 76 88 33 47 17 55 18 42 53 88 8 16 37 8 91 76 35 52 32 62 89 61 57 39 29 50 58 13 91 60 91 53 45 97 2 89 1 81 37 52 85 45 79 97 61 79 60 82 33 54 26 92 91 27 34 55 49 81 63 20 67 54 16 42 45 83 26 63 34 90 97 37 44 9 37 56 51 70 79 88 58 81 76 82 31 42 47 83 93 63 84 97 74 46 37 80 95 0 59 17 89 97 18 71 4 75 84 24 48 38 14 75 35 90 93 3 81 16 5 21 40 85 72 61 20 60 96 83 99 71 52 42 27 4 45 60 99 18 28 15 98 35 52 44 36 18 75 10 87 34 92 29 17 82 20 71 75 65 34 48 35 22 80 73 55 39 79 66 72 79 21 91 64 67 56 14 39 72 99 61 37 24 17 39 99 62 40 65 88 84 0 45 97 9 33 12 65 24 26 91 33 90 3 95 69 89 83 98 27 69 46 85 72 60 47 37 54 19 48 97 5 2 80 64 77 35 19 82 18 32 12 44 46 77 10 100 53 95 18 34 1 92 63 10 8 1 18 67 40 31 71 73 17 8 78 15 28 9 20 7 2 67 63 82 5 17 45 58 2 48 59 30 94 83 87 93 89 84 58 17 4 15 24 92 79 5 63 79 4 84 73 47 40 24 48 10 88 59 65 45 50 81 68 24
69 39 82 90 59 38 46 28 83 37 27 47 62 11 43 60 12 73 8 5 8 97 85 22 92 18 7 88 5 13 88 21 78 12 40 62 90 41 81 65 62 27 35 6 79 31 49 97 41 55 63 25 38 47 53 67 21 3 10 44 86 19 0 3 13 8 53 15 14 4 69 97 54 80 13 14 9 44 94 62 80 99 71 51 88 66 57 57 15 95 74 86 66 63 21 10 28 88 67 81 93 83 38 76 97 69 68 54 86 39 69 15 79 97 70 10 7 20 80 35 32 57 81 44 59 98 91 61 2 32 36 49 57 93 43 51 99 55 83 67 2 93 58 93 4 72 60 97 12 12 94 43 71 47 96 24 56 48 72 68 4 64 12 64 84 80 40 12 9 11 36 8 64 46 95 2 32 38 93 48 14 34 63 0 86 97 23 45 9 69 31 12 36 89 37 24 4 7 35 34 48 73 24 4 76 63 94 91 91 38 28 60 71 31 56 58 68 85 87 38 97 21 70 6 72 38 72 37 47 36 49 53 25 40 6 23 81 55 13 99 49 29 98 36 61 29 82 38 51 12 19 77 77 23 91 60 32 59 63 89 97 28 20 19 21 86 91 41 7 59 57 31 62 82 63 12 30 87 22 93 33 77 63 81 12 77 76 22 20 26 97 19 64 86 66 22 86 13 16 29 91 89 28 19 58 6 57 24 74 83 80 37 84 61 66 91 84 53 8 64 18 39 60 84 71 30 90 43 57 48 45 4 53 84 56 81 90 4 72 44 66 49 0 30 76 11 53 57 10 48 15 71 27 50 19 91 0 57 81 53 98 1 36 58 59 6 12 66 40 88 73 80 8 70 1 33 83 45 53 63 98 30 39 70 4 8 18 56 62 6 97 96 29 75 89 49 84 48 60 27
6 85 63 46 0 44 50 42 35 97 41 39 6 17 90 87 42 99 77 68 73 82 22 60 2 25 85 68 36 13 79 58 44 45 47 37 47 87 21 70 72 91 66 27 36 28 68 0 56 0 18 93 81 19 60 15 22 92 93 79 82 72 86 16 90 32 87 56 13 52 28 81 69 67 25 65 71 24 18 10 43 70 33 9 25 54 37 72 79 79 49 34 31 59 96 27 37 40 90 84 60 94 9 21 87 58 64 20 83 58 77 57 48 0 84 97 34 37 13 67 70 90 69 18 91 10 28 10 98 83 44 95 88 61 14 72 49 99 0 21 46 21 2 32 76 50 78 73 15 29 97 32 18 67 87 100 47 41 87 19 41 90 10 6 35 82 52 27 47 60 48 40 32 91 4 34 4 4 48 31 63 16 99 55 12 24 97 0 30 98 13 93 34 89 49 60 64 49 23 86 82 78 1 66 93 65 10 95 89 60 63 29 91 73 90 94 51 29 17 21 45 24 5 65 75 98 14 41 24 55 79 47 6 88 93 21 61 97 96 17 76 6 67 27 8 55 49 49 27 21 38 10 65 41 38 3 85 38 85 7 74 40 79 70 81 48 3 28 10 87 31 88 57 2 41 22 40 39 53 92 50 99 12 72 66 61 61 48 56 99 8 41 2 95 29 80 84 85 65 53 94 89 61 86 77 89 23 37 38 92 92 54 47 73 21 26 81 59 59 54 14 68 35 81 39 65 39 98 40 70 53 32 65 90 33 61 82 62 89 81 2 77 76 46 33 52 73 51 78 37 85 90 93 45 51 88 47 47 32 46 46 70 85 43 12 36 76 57 0 89 48 99 43 78 6 67 98 98 28 100 37 64 57 71 18 36 36 70 92 87 53 99 77 70 69 1 92 71 20 44
73 0 11 93 39 31 77 39 54 66 18 3 62 29 59 65 34 33 61 51 94 62 100 72 2 94 75 89 30 28 8 38 45 90 79 85 2 62 42 23 55 59 99 97 14 10 36 59 5 45 10 77 100 48 5 67 100 52 22 69 13 41 17 47 21 5 21 5 51 44 60 37 22 56 37 26 7 86 93 23 36 91 59 79 7 0 8 79 15 46 88 94 63 71 42 75 71 46 5 76 0 27 85 99 65 19 78 93 10 45 13 11 38 91 77 56 100 75 49 13 47 28 16 78 61 32 59 43 98 17 15 15 100 47 13 40 24 17 3 20 71 28 67 28 82 0 28 29 47 96 52 36 70 56 71 71 62 4 78 35 52 89 53 3 70 82 60 56 58 61 77 16 22 29 10 2 41 59 70 40 2 75 77 15 100 36 73 39 64 62 28 10 18 65 24 41 42 64 42 16 96 88 37 87 21 5 100 50 19 94 51 55 19 2 6 66 2 67 97 27 18 15 33 17 43 95 79 88 27 67 79 86 19 56 25 94 58 8 65 87 36 30 63 88 38 64 56 70 25 61 10 78 90 47 6 44 39 8 42 34 14 42 48 78 96 59 60 26 87 22 23 99 64 19 30 18 47 73 96 10 26 19 15 70 92 54 30 63 3 20 87 14 58 63 82 54 72 57 14 37 43 36 76 20 99 98 43 26 78 70 76 28 98 82 11 13 45 15 65 62 65 27 26 6 66 66 17 6 7 85 50 76 83 92 34 85 100 0 80 56 25 56 74 42 8 8 30 11 36 74 16 78 36 28 86 55 100 14 17 89 49 17 22 41 25 66 33 69 37 16 69 99 4 16 15 44 99 88 91 46 48 30 55 78 79 80 47 2 3 20 68 2 34 12 56 57 99 16 67 31
46 21 64 25 13 60 27 51 68 56 91 51 7 82 4 10 1 57 96 5 26 32 49 76 30 83 74 70 54 63 23 52 82 32 94 75 30 92 96 69 63 60 46 93 49 62 37 47 16 94 95 45 42 69 42 21 81 79 97 37 0 50 78 15 65 2 32 79 84 12 94 51 7 96 93 90 0 57 89 88 28 33 74 43 9 85 4 57 21 60 26 27 37 34 3 20 75 73 87 8 26 0 94 11 33 1 100 29 13 0 67 24 3 17 39 47 10 72 13 54 46 4 88 51 22 3 19 44 26 86 42 87 0 37 67 46 16 64 25 73 50 65 13 5 49 78 41 60 31 90 18 98 93 27 85 45 41 17 92 28 85 28 84 95 96 18 12 29 91 37 66 30 49 87 13 34 79 36 15 78 10 46 8 75 85 15 39 54 35 99 0 90 35 100 32 40 91 2 50 78 10 35 48 20 41 43 48 48 27 17 90 85 19 16 44 88 71 24 75 53 39 78 97 19 28 57 48 67 92 9 24 50 86 10 17 98 3 69 46 91 4 24 87 38 84 33 92 88 45 78 59 46 61 58 91 75 77 60 4 48 31 21 49 63 62 89 27 50 64 79 49 99 70 48 45 59 0 33 87 95 4 1 97 19 54 71 78 67 93 84 61 97 69 85 92 99 46 29 68 28 99 46 83 81 20 67 38 55 17 69 46 93 46 33 99 94 16 81 74 24 84 10 11 39 24 96 25 99 29 45 59 86 35 28 48 13 27 20 66 20 3 17 8 42 9 9 5 41 6 33 91 5 23 79 77 16 86 23 2 6 70 7 4 73 55 94 71 31 60 46 52 73 8 35 13 19 73 82 37 94 32 76 79 41 26 85 40 61 34 89 87 71 44 50 72 61 15 83 83 22
80 17 83 62 95 27 4 33 56 95 95 4 75 87 64 88 34 14 66 76 31 76 63 89 16 26 2 14 13 75 58 15 18 60 30 86 18 75 85 29 56 1 82 97 40 72 64 95 30 69 34 6 40 41 84 66 37 62 56 93 96 54 90 38 58 83 29 40 11 85 72 97 22 66 45 40 39 28 70 27 14 90 87 82 46 33 36 55 40 21 32 99 53 51 46 93 42 66 37 80 36 46 23 59 22 79 25 79 15 60 94 29 100 20 98 55 10 29 30 3 70 98 1 38 63 47 17 75 28 39 28 1 14 13 61 15 67 21 40 32 6 34 42 9 97 92 94 54 43 55 12 85 1 88 25 26 90 33 4 29 61 6 2 41 31 5 22 74 18 41 23 43 40 76 91 42 62 48 69 26 77 16 84 82 59 73 86 68 65 61 85 3 80 26 15 11 52 85 17 49 33 52 86 0 15 96 82 20 69 22 36 84 80 83 13 80 69 18 24 14 22 66 23 79 0 38 57 46 85 38 11 28 100 14 5 14 90 60 67 85 72 56 44 58 27 92 84 1 21 56 55 27 52 73 33 53 1 86 23 71 61 95 1 85 64 50 80 91 73 64 49 46 81 9 27 16 16 37 29 93 8 92 3 35 36 70 78 35 3 38 62 36 50 38 84 72 25 80 94 3 25 86 87 54 66 30 15 12 75 37 50 83 98 42 60 24 32 40 8 29 28 70 48 65 35 63 45 9 62 20 43 28 12 94 65 16 57 36 99 12 54 13 68 88 52 21 81 5 32 90 69 44 5 13 54 75 43 90 13 54 60 36 54 58 50 13 97 24 12 99 24 98 32 35 1 24 66 18 99 25 11 7 30 25 84 71 44 56 92 37 20 25 39 36 40 52 88 76 86 59
73 67 66 28 79 61 3 4 66 58 55 17 47 26 75 7 18 17 58 51 44 68 79 45 77 92 33 65 56 69 40 54 65 33 42 27 59 68 29 43 9 84 26 33 55 10 89 85 3 97 56 48 27 32 75 98 62 23 18 38 67 83 16 2 22 53 90 18 68 91 90 97 42 17 78 4 12 31 28 53 46 64 81 89 11 39 67 75 6 13 51 53 90 1 3 68 33 21 9 41 2 1 34 1 40 16 30 55 34 36 90 39 26 97 26 19 3 48 52 2 1 1 96 16 47 97 38 30 92 75 29 65 7 94 20 0 1 79 55 15 39 94 90 51 56 100 73 50 20 42 29 55 29 81 88 31 2 63 23 16 93 69 1 88 4 46 62 53 46 56 61 39 92 0 53 41 23 0 96 79 90 24 58 3 35 7 78 98 37 73 16 26 19 88 16 87 71 28 16 97 97 51 70 48 68 45 9 39 3 41 79 1 34 1 33 48 56 21 2 90 2 56 11 18 30 67 98 31 3 83 0 12 53 37 32 92 1 41 17 43 64 77 96 50 11 64 83 9 80 70 28 27 36 73 96 59 19 47 53 78 46 73 75 1 45 68 9 65 1 28 93 41 24 19 28 19 59 71 62 57 12 62 62 75 89 71 20 0 99 71 49 14 58 39 85 17 77 59 7 28 87 23 50 61 32 32 62 82 16 84 100 21 61 92 51 65 8 27 29 22 28 49 88 71 61 19 22 12 41 7 4 47 2 29 33 18 30 71 17 68 60 94 20 54 87 65 59 87 57 62 58 70 55 62 91 74 31 74 77 71 68 41 80 55 5 54 33 47 51 30 39 46 64 23 9 28 24 28 84 6 86 74 22 60 50 90 73 30 0 2 96 80 89 74 79 79 13 6 83 20
99 40 3 89 30 15 20 59 65 24 74 28 36 47 60 3 59 46 67 29 100 94 15 61 53 32 35 32 100 82 67 54 21 80 72 39 73 92 7 34 17 45 2 29 43 91 8 96 21 8 4 66 85 33 60 28 43 86 58 47 68 87 49 69 64 73 7 10 53 59 33 97 54 96 80 32 7 86 63 88 29 78 86 95 73 72 67 92 66 82 45 83 12 10 95 66 12 6 99 5 59 29 44 66 8 36 61 45 42 42 15 80 91 32 90 67 86 27 92 58 8 91 13 9 66 74 58 68 29 3 83 52 69 79 28 70 23 72 71 51 15 56 59 49 47 32 71 56 4 71 38 44 2 76 19 69 2 45 57 40 82 79 64 56 76 88 14 18 50 85 66 47 53 98 44 38 89 58 41 89 36 74 73 16 70 4 27 59 26 44 62 33 100 30 90 27 9 43 0 51 50 64 15 10 81 3 94 24 1 23 78 24 84 32 62 25 37 35 78 39 20 24 29 84 25 86 8 88 83 6 80 40 69 67 19 77 27 20 64 8 94 32 82 12 57 41 52 18 31 70 55 30 86 81 82 22 78 60 71 22 37 5 54 21 41 6 81 79 89 66 65 13 14 14 59 7 97 72 20 64 49 6 10 44 23 90 72 85 20 50 73 31 66 45 80 3 30 82 64 23 78 76 72 45 99 10 4 86 67 79 0 20 55 40 24 54 2 71 94 76 5 69 62 79 48 48 84 36 50 24 57 97 66 12 56 52 66 10 81 37 63 65 99 24 31 31 19 39 3 32 4 74 10 66 73 1 47 2 100 47 13 79 45 54 9 29 20 51 69 35 40 26 30 11 55 2 77 57 3 17 14 50 36 50 82 40 5 68 69 80 83 84 81 47 28 68 73 60 57 36
63 10 75 63 4 61 70 53 52 24 43 89 12 22 37 6 51 2 92 72 32 70 70 28 28 15 39 19 44 45 62 65 93 54 7 39 39 16 38 99 67 80 62 80 93 98 67 81 68 43 98 79 13 22 69 72 50 28 99 73 8 13 84 38 13 44 60 4 76 93 98 30 2 28 0 21 79 13 2 63 3 2 69 44 59 40 39 46 18 74 81 40 38 36 33 71 22 4 47 63 8 38 16 89 53 17 100 16 75 16 43 23 32 32 11 22 39 52 77 80 100 41 47 90 46 25 80 47 31 28 86 26 98 6 5 84 38 3 26 4 82 6 24 7 46 91 78 74 85 53 86 80 6 84 3 69 0 93 70 44 56 47 94 50 35 1 1 61 87 10 24 18 4 94 66 88 81 2 7 44 57 14 92 39 11 13 32 5 91 7 86 2 39 80 77 0 70 66 6 77 96 63 22 34 8 58 10 33 42 21 20 51 63 38 100 8 89 51 3 85 34 96 88 0 38 12 59 52 21 12 34 22 92 27 90 12 67 80 30 62 93 61 53 21 51 56 14 28 58 67 53 70 39 30 53 41 24 1 37 57 20 30 45 19 90 95 71 78 11 47 88 28 46 97 74 84 65 35 93 22 10 68 7 93 13 73 19 66 100 8 43 87 6 27 59 64 61 100 16 26 28 17 87 18 25 90 1 10 46 51 32 36 7 5 95 9 13 54 47 92 19 43 18 33 64 39 11 52 73 58 76 44 66 19 77 82 37 42 73 10 1 39 80 73 17 59 51 22 9 46 1 14 45 55 28 31 70 49 12 19 70 94 87 11 79 4 73 46 83 9 56 31 6 59 16 17 80 6 89 22 76 81 29 49 3 76 14 91 88 95 88 14 88 7 39 49 49 31 98 100
31 100 10 7 20 23 13 67 95 11 55 0 74 65 52 15 96 28 72 44 86 94 22 1 30 56 89 17 64 13 48 24 91 89 56 11 3 55 95 58 77 55 99 12 64 19 79 100 97 1 17 14 0 36 12 78 95 14 64 52 89 20 48 95 76 55 92 43 26 49 7 34 93 13 41 96 40 90 57 80 72 74 1 80 9 44 94 56 55 3 53 34 40 28 32 80 2 53 27 94 21 30 73 79 19 27 86 50 18 85 38 49 72 29 57 92 33 88 54 12 70 88 99 32 81 7 78 52 13 90 76 47 32 55 28 49 39 25 21 23 15 14 79 92 79 25 32 47 86 95 28 54 41 54 60 30 33 45 85 90 32 97 9 19 89 2 54 61 61 78 7 68 48 89 17 83 51 14 82 20 100 74 59 23 7 70 3 59 73 27 1 10 68 9 1 72 81 17 57 35 81 48 91 60 19 36 3 67 28 70 37 52 96 89 98 84 48 14 1 87 50 67 24 7 39 27 22 44 6 8 47 39 97 78 22 52 17 5 94 5 59 82 85 85 30 35 89 6 25 41 99 68 95 15 73 76 76 7 38 17 87 74 91 84 45 61 98 70 22 24 69 86 44 59 30 9 34 93 25 81 84 30 61 49 26 6 50 41 18 69 56 79 21 69 76 0 72 14 100 73 5 73 25 66 13 80 0 29 79 85 39 35 18 11 84 37 75 9 32 9 35 47 20 91 24 51 37 3 85 84 100 86 32 71 54 68 81 70 100 13 78 45 54 33 63 39 0 2 64 87 8 80 93 42 3 39 31 87 44 97 36 100 58 41 3 31 78 46 25 46 57 94 1 83 22 21 10 64 92 49 43 91 12 100 61 36 50 100 3 69 52 45 0 23 10 31 16 14 50 73
27 68 91 26 48 97 54 6 22 81 65 93 17 45 54 78 0 93 49 34 12 77 51 36 74 79 87 13 2 89 70 40 38 66 4 28 24 97 4 51 0 92 32 0 86 98 50 91 45 21 8 83 74 99 95 23 95 22 35 84 85 24 85 87 19 87 100 44 5 34 37 76 91 35 64 76 56 68 72 28 39 22 46 67 25 34 49 59 80 64 10 43 1 81 53 12 11 1 55 47 8 57 21 94 46 25 26 44 26 14 9 41 31 29 32 32 56 36 85 95 53 43 82 91 39 45 66 100 54 52 46 71 48 7 8 43 16 54 72 30 67 42 16 0 87 33 42 90 18 2 70 69 59 73 15 11 91 30 68 50 47 84 7 84 41 60 65 58 52 9 54 21 73 15 10 60 16 70 78 77 51 24 90 41 36 58 73 53 20 26 64 50 91 84 10 99 9 69 96 80 11 18 51 55 77 76 94 39 43 37 70 41 11 79 97 76 98 49 21 2 61 15 75 65 6 1 49 16 47 83 17 66 71 15 64 76 77 69 20 98 89 8 1 76 87 79 59 51 90 76 94 98 49 10 63 4 3 63 61 69 48 62 87 74 50 86 1 19 78 58 16 29 35 35 67 45 45 19 78 29 20 83 94 48 28 75 57 83 24 6 21 43 46 76 27 89 69 20 47 73 85 34 63 45 27 33 81 24 85 88 0 15 43 60 17 74 32 9 23 60 61 79 1 42 64 15 11 48 36 28 40 61 19 74 97 88 36 31 95 6 26 49 15 22 23 76 54 100 30 51 82 67 100 36 35 54 59 8 93 45 23 16 92 49 46 79 23 23 81 36 67 5 70 17 62 7 52 29 83 51 50 27 15 40 54 48 74 83 32 68 66 81 56 33 79 17 11 34 84 75
43 0 61 3 49 41 35 55 12 57 67 45 9 60 24 35 62 53 85 59 53 67 27 58 86 71 46 48 75 54 79 96 39 64 0 75 46 22 36 42 88 16 44 44 67 81 61 25 28 10 6 89 76 90 96 8 72 8 24 51 90 36 71 99 44 15 71 24 20 30 97 11 31 48 75 99 23 48 66 78 32 26 55 80 35 29 70 79 88 11 2 51 86 3 6 26 26 25 63 4 58 8 71 80 69 10 47 78 27 3 65 35 46 49 91 9 86 83 43 28 39 34 1 5 8 83 54 92 13 21 15 27 57 24 52 84 3 43 75 85 40 77 38 45 66 40 37 95 33 18 5 87 84 56 45 29 45 47 31 100 87 71 77 82 57 62 70 10 32 92 57 82 32 43 53 7 93 77 76 24 64 62 96 63 33 43 13 87 25 18 50 67 79 41 81 60 63 84 6 84 66 84 74 46 6 75 15 62 51 3 89 88 80 45 99 91 7 14 34 44 18 73 68 24 32 70 90 13 8 97 98 71 93 89 55 78 24 37 47 3 58 11 25 83 74 86 8 59 99 17 16 68 89 54 27 5 78 82 58 41 88 44 23 45 0 78 51 40 56 4 12 85 50 3 34 33 65 57 52 50 80 10 90 13 75 92 69 96 58 56 92 55 75 84 44 59 96 41 87 72 19 53 30 90 41 33 31 0 21 25 13 93 37 41 35 58 75 53 73 7 21 47 7 81 84 50 26 2 19 54 73 73 79 93 14 67 82 22 40 0 48 49 80 80 3 92 87 75 94 67 28 85 55 89 21 42 74 33 58 60 20 57 55 99 52 34 39 60 47 70 90 6 25 36 20 13 3 97 4 52 57 95 55 76 13 24 80 18 86 1 23 90 69 94 10 67 94 92 45 93
19 58 16 9 97 49 82 64 65 62 81 55 28 22 49 0 56 4 68 34 37 7 31 93 54 90 89 88 91 84 57 22 30 23 6 94 88 59 73 59 5 83 91 46 3 8 38 37 47 10 19 90 19 73 5 63 32 74 55 31 54 59 25 58 70 42 37 72 8 60 85 64 40 19 20 7 73 52 58 51 100 94 66 88 60 16 54 15 9 23 1 57 65 98 13 56 33 79 47 71 60 31 14 84 23 53 27 85 60 92 29 59 67 48 42 47 95 8 65 23 10 17 46 89 77 13 32 79 67 6 8 82 97 34 24 93 2 84 37 7 89 2 23 75 41 47 37 2 52 5 32 14 76 100 63 27 17 93 24 23 82 60 14 58 84 23 96 39 3 38 55 39 19 98 13 67 97 91 30 10 73 29 99 14 51 49 79 77 47 62 69 87 17 91 65 73 1 41 20 28 57 18 64 85 47 21 63 80 90 96 22 95 55 24 44 98 74 55 39 88 0 75 63 61 36 48 43 90 44 44 61 56 38 43 100 67 4 31 49 57 77 28 72 85 51 26 1 57 93 47 33 100 84 67 9 17 57 5 30 28 6 26 76 22 33 78 92 62 9 73 16 70 72 25 36 17 31 22 93 96 82 96 4 53 69 52 1 69 63 78 68 96 8 52 48 90 50 10 24 40 95 30 10 52 29 23 34 64 39 7 62 18 12 59 35 79 91 69 34 7 87 30 50 38 62 83 89 61 18 63 40 68 91 70 52 18 85 91 89 54 27 31 14 51 90 17 64 8 12 40 53 52 20 66 88 2 43 11 42 99 10 71 28 21 3 63 98 62 99 98 49 97 77 85 95 5 96 11 52 97 42 10 32 11 7 39 5 27 16 72 28 74 76 43 44 60 2 99 58 82
75 2 50 73 16 5 48 74 3 17 67 51 34 98 39 37 84 49 45 84 9 59 58 44 78 47 35 37 67 99 19 89 9 11 30 37 18 85 98 93 93 68 39 73 1 78 53 77 79 5 39 11 88 9 67 3 22 97 36 51 42 43 0 58 40 64 82 59 23 54 31 68 28 71 73 87 14 45 97 15 6 4 21 18 29 66 41 18 38 53 57 68 84 42 82 18 41 35 32 14 6 28 17 9 65 22 33 74 98 100 88 28 5 98 93 65 63 89 57 85 44 60 14 15 95 28 59 7 26 41 90 49 69 44 82 93 6 66 13 91 7 85 10 8 42 57 3 82 83 24 84 48 50 1 41 75 73 38 56 63 55 71 41 55 42 22 91 38 11 86 100 15 11 25 33 96 53 3 10 18 15 82 51 50 37 11 39 68 17 57 40 28 72 14 79 85 94 32 48 26 66 89 96 62 69 98 5 35 80 15 91 77 44 16 31 70 75 90 79 72 11 69 47 71 64 99 69 79 96 28 55 33 57 69 52 21 89 79 41 87 37 52 63 82 91 98 95 28 60 58 84 47 29 50 14 44 90 20 21 60 22 48 53 37 30 80 9 86 73 84 100 97 7 12 19 84 40 47 57 72 1 41 67 1 37 85 74 74 80 64 74 51 67 50 3 55 73 56 48 88 33 1 78 6 50 42 21 55 60 73 28 10 25 46 47 49 74 3 89 57 31 25 20 85 66 3 58 21 57 27 63 39 15 14 15 24 98 95 63 59 84 27 36 91 0 61 3 23 11 83 17 12 69 13 10 26 3 5 58 51 64 28 2 51 81 52 6 10 61 10 86 21 46 6 51 20 84 78 47 64 36 45 17 23 73 28 66 43 48 3 14 84 96 6 51 36 31 13 68 14
50 18 97 17 18 4 25 78 21 69 87 75 54 26 61 42 83 1 92 9 13 78 85 82 71 10 13 98 72 87 51 45 24 13 24 46 66 83 3 13 9 19 9 86 97 40 36 7 30 30 84 73 95 6 18 46 85 50 32 7 57 20 12 21 49 84 59 27 10 28 2 70 5 83 92 70 69 88 41 68 12 34 92 42 7 43 19 99 49 24 59 0 76 25 52 8 0 37 22 98 25 64 74 78 84 5 67 92 30 5 1 90 95 70 72 64 12 24 62 17 94 10 4 20 9 29 74 27 100 99 91 39 1 16 92 74 2 43 66 27 23 47 9 5 0 48 98 50 62 48 61 25 25 50 28 64 10 38 89 74 91 65 51 71 72 10 31 36 59 3 30 95 65 40 29 22 54 54 83 11 83 18 69 40 30 6 2 27 34 28 44 75 5 52 8 15 26 77 25 23 7 31 39 35 78 86 82 58 91 16 22 0 29 80 81 67 14 40 82 41 32 31 49 39 0 1 61 43 100 30 25 79 16 6 15 4 93 2 6 85 10 43 83 86 9 61 78 13 1 45 22 81 43 18 75 91 58 50 89 27 17 63 33 80 43 55 8 13 78 59 28 30 31 26 50 13 25 17 50 37 23 87 78 75 54 44 94 42 1 72 47 77 34 56 10 13 99 54 27 17 83 41 40 61 38 37 64 61 57 8 30 95 50 86 96 57 81 33 36 22 95 50 40 20 67 60 93 56 55 35 70 19 53 44 61 14 19 8 66 65 50 41 75 41 67 55 65 58 45 58 86 31 75 84 57 79 100 61 27 61 40 1 74 21 34 78 58 83 37 63 74 93 7 16 60 85 96 16 71 62 67 49 69 43 98 56 53 69 76 10 35 46 29 76 59 3 41 6 20 35
94 19 82 64 85 70 93 60 29 97 89 54 3 1 68 22 76 42 22 46 30 58 36 43 47 10 16 63 63 18 68 70 17 68 30 56 10 38 22 45 4 34 33 75 6 4 69 36 42 80 19 7 36 6 43 77 73 48 10 81 1 46 44 91 74 3 42 50 30 29 38 76 73 26 80 8 45 95 48 58 97 16 13 65 52 67 16 61 95 27 37 15 74 19 1 41 27 15 86 16 8 6 75 85 54 96 76 20 51 77 46 34 68 96 38 2 93 96 62 25 37 33 53 90 34 22 48 11 23 88 39 4 80 35 88 95 61 41 55 72 61 1 13 0 40 88 18 0 64 24 79 81 41 77 36 29 36 22 69 97 24 34 87 60 66 58 76 59 64 53 67 30 38 84 95 53 6 19 53 77 80 8 31 12 64 46 69 14 63 32 21 39 81 4 13 71 39 64 92 88 100 1 9 97 26 88 50 85 17 32 85 4 83 38 88 77 46 72 75 83 69 9 84 70 2 86 46 2 25 22 32 51 3 48 53 39 23 44 90 45 36 86 59 86 57 43 27 27 39 31 61 67 47 94 88 64 46 63 39 33 8 94 85 79 24 16 73 8 12 31 34 53 34 49 41 19 70 6 10 95 8 35 25 97 40 64 48 95 55 11 63 79 74 63 21 94 44 17 33 60 6 7 4 19 6 58 72 6 27 5 84 47 33 49 15 1 45 1 70 71 29 37 48 14 82 24 39 6 66 14 33 81 33 50 45 22 63 7 21 1 2 24 87 25 36 33 25 32 7 0 56 80 89 40 5 71 3 92 32 90 60 72 59 87 87 28 46 22 62 64 1 45 44 25 30 68 94 100 100 72 2 84 44 15 9 64 95 15 8 31 86 63 32 61 55 62 9 77 5 11
7 13 47 61 40 30 72 42 38 46 89 40 54 11 65 99 50 48 66 14 72 28 6 35 4 9 91 42 71 67 15 15 57 99 33 12 76 79 91 78 89 100 86 93 3 44 10 93 37 24 72 50 18 29 75 11 30 100 33 42 61 53 68 33 23 29 91 87 12 16 2 63 97 96 17 89 69 12 38 84 81 24 61 72 2 98 49 21 37 18 9 84 12 74 27 34 38 71 76 90 41 11 14 50 17 81 95 57 11 34 80 46 12 22 30 30 39 20 46 83 43 39 93 45 27 21 82 40 95 74 81 48 83 80 67 74 86 44 87 96 8 87 89 86 24 74 92 14 82 65 82 16 9 45 43 1 22 1 10 61 98 89 50 42 13 17 97 8 89 52 2 74 41 94 36 60 6 35 10 68 63 48 9 54 17 69 90 41 57 83 1 41 40 56 46 81 29 15 43 97 77 20 3 13 32 67 48 60 60 6 30 89 88 30 21 98 66 9 59 9 12 9 45 31 5 68 30 63 95 33 36 44 80 1 40 41 55 63 73 47 60 65 89 95 86 22 93 46 20 52 58 90 100 64 29 11 15 18 49 44 82 21 100 82 14 98 64 30 44 4 92 70 10 5 95 44 36 54 93 7 19 62 58 17 79 1 11 24 95 8 51 56 50 64 18 99 0 13 62 4 94 59 35 67 69 54 63 83 93 29 55 60 27 1 27 87 36 28 36 17 79 49 60 69 9 91 68 30 32 52 10 92 0 43 56 98 75 64 48 20 12 94 72 68 72 44 49 14 28 69 22 95 55 79 57 76 99 40 21 36 48 60 63 94 75 22 10 12 19 11 43 9 17 13 61 12 13 44 75 53 83 13 51 34 66 53 15 86 30 48 80 75 47 55 79 60 10 19 46 41
100 32 11 29 72 3 61 8 38 41 3 71 28 65 97 20 42 83 86 5 53 32 4 27 0 93 95 18 16 56 80 90 12 48 34 44 19 74 38 58 5 7 74 65 73 92 61 5 55 72 84 63 7 57 93 30 21 76 67 38 45 48 58 24 34 54 61 62 94 89 18 7 19 43 5 79 73 73 41 39 7 92 21 3 99 37 48 59 82 31 23 0 19 0 51 76 80 30 37 50 20 58 63 44 65 100 16 46 0 31 60 36 10 86 85 31 7 59 23 38 84 41 57 21 16 76 3 25 15 68 54 96 31 70 4 40 84 30 41 73 59 97 46 89 24 89 84 52 84 44 84 11 24 98 8 88 80 1 59 59 71 68 63 6 75 56 47 3 66 99 7 100 93 71 40 22 47 51 7 11 33 87 37 65 32 73 86 92 98 84 38 63 81 93 34 89 92 59 28 74 51 81 93 99 53 40 22 45 85 12 47 21 55 40 15 82 19 64 18 72 85 44 15 58 51 22 68 46 47 73 34 43 42 48 13 44 18 53 25 61 66 1 58 3 2 6 18 82 7 55 72 88 67 21 49 100 94 55 51 76 73 98 16 99 24 13 49 81 89 74 57 48 61 27 29 47 31 88 73 50 16 67 68 75 43 50 15 78 59 97 37 69 91 56 71 23 40 79 81 78 3 68 72 96 2 29 65 38 21 2 92 68 41 30 39 81 4 99 8 19 84 5 58 70 58 91 48 59 89 25 11 18 55 58 32 5 28 81 24 100 81 32 86 62 67 70 70 53 3 58 47 68 17 29 86 24 22 31 84 59 67 62 30 86 46 76 33 43 12 2 42 89 85 71 11 18 38 44 13 69 6 95 38 22 73 65 39 9 95 86 75 63 37 95 53 93 66 80 87 49
14 100 76 64 32 83 62 25 67 37 93 86 55 76 62 69 18 63 32 4 91 1 48 4 25 95 60 83 78 21 0 44 63 47 94 19 56 69 81 8 19 32 17 4 20 38 96 36 23 29 44 15 84 38 65 11 45 67 99 71 18 53 29 81 84 97 1 77 20 73 63 1 92 36 12 7 87 32 40 66 29 75 37 33 95 85 24 71 53 44 49 71 58 61 32 91 54 5 13 64 17 52 38 64 99 3 86 43 6 11 39 15 93 38 82 81 90 15 72 36 66 78 72 78 88 1 80 14 23 63 8 29 71 43 30 69 76 26 88 89 96 91 83 18 12 47 21 11 84 43 28 92 26 51 53 90 90 91 5 61 1 36 12 72 55 59 18 24 9 85 27 47 19 39 51 64 10 67 86 54 66 69 63 85 96 70 15 31 40 8 12 28 48 9 47 43 38 16 17 3 47 80 39 46 70 78 93 53 99 7 33 99 39 27 27 40 48 98 63 92 3 92 90 55 45 76 93 39 2 47 10 18 86 64 6 40 68 74 98 72 14 68 7 98 32 93 71 50 40 38 28 12 30 12 95 10 99 48 92 40 18 53 3 46 83 9 69 23 56 20 80 60 95 21 34 6 99 4 62 9 23 3 0 66 1 54 50 99 28 27 84 21 11 86 84 57 91 76 29 38 30 39 79 88 22 95 79 33 68 4 45 99 16 60 58 73 8 98 57 0 79 84 30 6 94 12 6 93 46 0 51 16 53 63 97 99 37 15 93 78 46 84 8 44 2 94 28 81 33 56 82 71 47 66 54 78 46 47 65 3 92 60 48 69 82 36 100 96 2 18 94 72 84 68 92 64 9 10 61 65 16 84 56 20 23 80 96 9 21 10 42 4 47 3 88 70 95 64 10 3
71 50 82 32 63 43 89 80 73 97 63 21 31 41 94 69 23 48 36 80 77 65 15 38 6 6 36 14 32 33 91 98 97 86 6 12 30 54 89 10 46 81 9 46 35 84 18 89 10 13 89 77 79 79 17 37 38 5 83 69 27 11 35 32 10 72 6 36 35 45 21 83 94 26 89 16 72 35 98 75 96 23 51 58 83 27 60 66 77 13 55 72 9 39 57 55 10 42 11 96 79 38 93 49 30 35 24 43 87 72 100 29 42 34 12 92 77 30 69 13 76 12 28 31 54 27 9 45 35 27 55 10 70 87 13 9 63 24 9 92 57 61 15 53 74 59 29 28 95 81 91 36 86 46 0 46 98 61 78 72 69 48 91 59 95 24 57 30 46 34 86 98 69 58 77 35 59 77 92 68 98 76 62 48 70 7 31 27 63 96 17 31 99 99 14 48 42 22 81 99 8 9 11 45 51 51 69 64 34 69 85 40 48 61 50 1 52 90 65 87 44 46 90 78 71 70 48 0 78 31 68 55 12 33 55 29 59 34 28 47 94 25 42 67 23 97 88 91 44 6 15 93 54 45 33 34 90 54 76 64 77 77 95 23 27 77 38 60 64 61 62 64 52 63 17 19 62 100 22 5 31 44 84 18 22 83 99 68 2 37 96 22 45 98 79 100 19 61 70 31 22 17 9 3 16 40 46 34 6 7 77 59 72 88 39 71 41 7 24 10 20 76 53 69 50 36 83 5 5 55 86 58 53 55 16 39 7 23 12 80 4 87 89 25 7 25 54 90 93 68 12 32 44 70 80 3 69 37 89 40 13 92 81 81 12 69 93 29 51 71 12 48 84 59 51 2 97 65 88 84 36 7 0 69 24 32 45 5 71 95 7 55 99 4 48 8 60 65 92 0
2 46 91 14 66 0 74 57 64 3 1 88 24 70 76 5 95 75 53 16 6 83 95 95 41 11 85 89 50 29 62 84 17 5 57 95 56 36 96 60 72 62 27 8 69 91 37 28 91 31 58 82 50 95 6 6 28 84 4 92 78 56 0 16 3 22 39 51 72 47 63 91 4 65 70 43 63 83 53 47 100 98 5 33 1 70 86 61 44 82 5 65 23 58 81 78 94 42 45 95 87 71 43 36 6 18 99 4 71 62 40 27 33 45 22 35 38 5 28 95 68 89 28 11 55 36 87 67 48 52 36 89 86 71 1 82 64 58 90 12 44 88 50 43 93 93 87 37 96 97 70 23 42 97 10 98 3 60 57 89 74 7 43 8 34 23 57 12 96 46 72 95 26 12 77 72 8 11 53 8 88 56 41 12 51 80 11 35 42 45 8 25 54 19 71 6 57 72 14 51 47 1 83 84 62 94 55 77 47 60 65 40 68 49 32 58 44 88 75 15 93 79 31 6 49 82 85 4 64 61 8 97 29 11 29 27 15 44 39 69 82 60 85 92 40 3 5 6 34 11 71 34 54 56 89 51 50 27 80 71 87 63 19 75 17 42 87 97 61 69 85 30 79 1 2 97 7 59 58 21 36 92 22 97 36 64 93 82 24 11 82 37 27 44 91 92 71 26 49 86 76 67 85 94 11 91 40 23 9 35 91 3 19 92 8 65 36 0 53 84 88 54 1 39 85 32 64 4 39 83 59 59 90 83 38 36 39 41 11 65 14 44 71 8 100 6 59 79 58 31 85 77 25 21 1 83 95 44 44 68 81 62 13 59 28 45 9 56 57 78 36 9 40 70 59 97 22 23 69 92 12 46 9 54 30 7 13 16 40 21 42 0 23 63 9 27 33 44 94 72
74 75 31 53 16 34 72 88 27 50 6 55 21 56 63 78 77 37 3 62 9 91 87 25 19 22 55 57 81 92 94 81 29 52 9 49 68 72 73 20 32 69 16 34 47 32 95 60 81 23 39 100 77 35 2 86 89 27 22 61 15 47 57 98 96 9 34 45 66 16 67 98 67 93 84 9 52 45 98 18 15 7 29 74 42 13 26 86 40 93 62 54 88 32 22 10 16 78 89 84 53 79 18 77 82 24 19 40 65 1 68 31 25 74 92 79 38 68 52 97 69 0 68 3 70 34 55 84 33 41 8 87 14 8 20 92 89 7 4 35 35 27 65 74 70 60 15 82 67 39 82 38 69 60 11 90 55 50 29 82 18 50 26 83 91 24 90 18 24 67 46 44 24 72 26 94 1 19 91 73 8 22 73 55 98 33 96 25 18 91 33 24 68 62 19 76 82 47 14 10 8 54 66 13 8 69 60 56 54 77 66 30 49 7 92 87 36 31 0 35 7 1 55 80 30 19 18 66 80 65 53 38 75 53 92 12 93 18 39 24 84 59 23 93 75 54 48 53 42 86 10 95 95 58 38 30 13 54 30 77 98 69 30 10 92 52 35 91 26 49 39 4 14 48 15 99 49 36 38 49 19 99 74 30 21 93 99 89 40 20 17 63 83 37 74 14 88 96 41 69 100 47 50 19 10 3 79 38 86 60 33 2 76 16 9 24 75 14 57 85 97 96 53 69 89 33 55 90 96 7 58 53 17 44 22 13 18 90 99 30 59 38 42 23 71 29 80 28 44 43 62 19 80 52 23 35 44 43 84 28 35 34 93 11 65 69 70 76 86 51 94 0 80 57 60 91 51 76 77 84 76 41 53 86 60 80 12 89 72 42 52 93 4 7 71 16 93 47 54 93
17 49 81 8 72 93 88 56 24 52 96 39 51 13 24 99 94 27 21 48 81 7 16 3 74 56 69 29 85 97 14 92 31 32 91 15 92 99 43 52 35 40 58 82 18 75 4 83 24 68 67 62 57 42 81 25 58 51 39 29 47 60 36 37 65 23 9 15 33 19 1 89 67 26 56 38 32 87 67 80 70 91 15 45 81 43 29 11 26 3 26 40 3 79 80 65 66 80 94 67 95 19 46 76 58 65 79 65 99 63 71 75 38 86 75 30 70 49 84 99 37 55 16 48 58 5 2 84 97 31 23 70 18 20 30 75 10 40 50 13 39 21 80 78 40 59 55 63 3 57 78 51 15 77 19 3 14 55 22 37 19 50 39 11 60 1 82 20 88 44 2 71 12 23 20 82 28 55 44 44 85 47 81 73 26 17 61 5 32 22 49 40 51 61 87 0 98 48 32 33 8 60 97 67 79 30 14 98 24 79 11 31 78 79 69 40 46 6 99 24 26 2 28 29 38 70 74 86 43 53 78 48 34 94 18 92 62 50 41 63 34 77 76 51 1 26 79 19 67 10 97 16 1 67 43 27 25 43 4 32 14 74 35 37 23 49 28 90 11 45 52 90 92 39 43 52 73 19 46 87 46 47 29 53 15 22 10 51 54 6 76 76 29 34 86 43 47 16 70 74 59 13 42 94 9 6 58 64 14 94 69 81 66 81 84 48 21 4 0 31 17 97 30 25 33 46 76 28 93 85 55 99 5 74 48 75 35 34 24 46 8 12 94 8 27 62 23 20 90 14 27 84 84 76 45 89 53 42 2 58 75 68 30 71 42 10 35 75 70 3 35 0 72 30 87 24 83 31 3 92 46 11 69 51 13 65 98 68 96 10 85 27 95 80 89 89 9 92 44 87
62 77 11 5 87 92 10 88 99 46 72 68 11 51 60 85 53 16 31 11 89 90 74 10 12 86 11 34 96 19 13 84 92 42 94 9 95 6 85 77 20 21 99 8 83 20 91 76 9 28 45 0 99 1 6 84 43 98 64 39 66 0 85 71 60 63 18 63 12 96 64 88 90 37 24 36 70 22 97 100 8 19 12 57 52 66 28 3 61 73 77 35 9 67 55 16 83 80 99 97 65 84 30 98 24 2 35 48 100 28 48 3 18 62 60 20 56 68 0 24 7 71 45 33 86 5 100 42 86 89 84 19 60 61 68 35 58 39 82 55 44 19 6 34 74 18 60 33 85 32 53 23 24 40 0 86 64 69 51 46 27 45 4 50 56 14 84 73 46 91 67 70 98 39 2 61 66 98 5 77 18 0 69 32 20 93 10 56 73 15 68 69 44 59 77 24 90 35 66 61 41 91 41 83 15 85 50 77 8 41 65 25 79 30 81 83 32 40 32 3 86 45 73 62 9 62 43 97 71 25 82 43 65 65 100 85 24 53 12 56 47 100 63 73 11 58 30 32 88 27 19 47 63 22 69 21 43 37 24 25 61 65 49 5 13 7 37 45 14 93 26 94 4 13 2 2 73 91 4 44 33 57 67 62 51 75 54 6 70 12 44 10 19 36 32 92 87 88 31 46 20 85 70 41 69 75 25 34 60 19 58 8 33 69 99 66 0 49 54 74 57 56 97 21 73 65 20 74 84 81 32 89 13 24 7 30 83 62 55 95 50 27 65 34 1 62 44 62 18 11 45 48 44 100 24 96 76 6 14 22 22 26 28 5 46 95 94 89 44 16 99 88 60 28 90 92 78 35 73 97 85 2 54 68 55 26 76 54 62 12 67 25 48 7 37 5 92 70 55 86
62 33 24 20 66 35 53 80 61 89 30 35 63 68 42 35 69 65 24 62 91 38 47 2 39 76 0 45 9 92 28 54 27 39 98 90 97 95 14 74 94 100 26 21 85 6 32 33 19 43 80 26 92 60 75 36 54 16 54 72 89 37 3 90 78 53 11 74 30 83 58 5 92 37 28 91 13 36 80 35 84 40 91 46 47 5 60 3 61 40 21 51 89 93 48 4 64 42 25 14 47 69 11 9 89 8 44 50 96 95 96 66 11 18 1 72 31 78 55 9 36 45 61 82 88 12 29 45 88 28 64 26 28 43 83 27 27 44 94 74 58 34 46 8 31 18 55 69 40 94 63 56 46 34 95 94 93 23 85 68 68 48 76 76 50 95 14 29 86 88 30 90 29 28 97 82 81 76 59 54 66 82 50 98 23 5 96 60 63 31 28 34 38 68 95 63 28 41 72 5 95 32 2 44 43 41 22 87 16 70 76 76 0 5 96 83 8 10 94 45 43 72 91 44 92 49 77 79 58 21 84 15 10 93 79 93 86 84 46 61 42 72 96 72 5 95 97 10 59 99 46 39 42 92 51 83 13 86 69 67 41 54 42 80 54 19 43 36 51 48 96 72 100 61 91 2 36 22 18 21 54 17 1 51 36 77 23 24 1 66 19 48 2 18 98 99 41 100 17 73 16 46 81 59 73 78 71 24 47 65 16 72 65 75 77 80 95 27 73 44 90 51 89 1 46 46 69 38 30 65 39 98 58 55 85 8 96 86 19 13 69 99 89 29 43 70 35 25 17 82 19 9 98 67 34 45 35 17 3 10 12 100 50 71 73 46 8 15 57 95 10 98 38 1 81 30 60 13 6 89 4 36 74 47 19 94 83 91 96 21 44 44 7 16 45 29 6 93 85 13
40 30 42 26 37 77 63 54 85 99 38 72 26 45 2 84 43 32 70 8 79 33 32 6 80 2 15 31 57 61 29 96 62 99 45 4 88 11 34 65 55 17 28 91 54 21 4 74 47 30 12 93 24 44 76 8 44 75 81 24 79 86 81 95 8 98 80 79 22 2 18 73 56 38 30 7 32 85 41 49 75 86 63 84 97 29 92 13 43 19 15 96 3 79 92 86 7 56 30 74 33 90 81 81 74 55 83 69 72 14 84 31 5 89 24 79 3 97 71 10 60 50 4 21 56 32 53 100 57 62 50 30 73 20 42 11 5 24 40 13 1 77 1 15 13 44 39 38 97 7 16 93 97 2 76 71 45 7 59 63 58 31 41 24 30 23 12 75 87 69 47 85 96 15 12 74 37 16 11 6 79 55 0 60 20 62 33 86 83 77 46 88 0 84 74 5 86 60 47 83 38 66 82 10 60 26 85 86 8 11 69 26 48 87 49 53 36 64 16 76 15 74 29 32 92 98 41 83 40 81 11 35 23 67 53 43 99 58 37 50 92 95 23 80 69 59 84 48 31 71 85 20 41 7 12 33 82 15 59 12 59 65 17 58 63 18 81 36 59 39 20 62 88 96 30 63 54 9 94 86 56 85 81 14 50 80 38 41 88 31 52 100 64 41 46 47 20 14 70 6 63 27 30 14 52 89 97 33 5 100 13 4 90 95 12 93 76 33 91 50 71 36 1 95 67 39 51 15 67 43 20 28 60 92 35 98 26 55 61 25 29 35 51 53 27 63 91 65 98 89 71 10 98 61 51 80 64 80 28 26 67 76 89 5 69 98 44 64 11 88 32 89 90 70 91 35 7 12 52 18 100 79 72 31 50 72 29 97 29 86 29 69 86 85 45 28 70 10 59 57
93 67 18 22 100 18 51 65 21 34 71 23 93 67 95 75 12 20 19 59 95 14 52 2 19 78 27 8 27 66 21 91 90 1 4 46 68 63 35 90 48 51 67 92 64 46 78 87 99 93 34 65 60 39 58 96 69 2 2 53 74 66 80 90 31 5 93 34 40 94 30 35 5 36 38 21 27 68 41 36 64 15 50 37 17 59 57 92 22 48 50 89 99 12 96 85 28 67 45 53 75 16 17 25 62 98 79 90 60 73 15 16 19 17 84 75 87 58 31 39 2 39 29 47 75 45 48 43 64 25 3 44 87 37 43 6 3 49 27 85 24 18 58 10 93 25 76 4 22 95 96 78 90 19 31 16 2 4 18 13 49 18 61 48 90 5 30 97 47 18 7 77 90 11 75 7 3 37 83 9 74 78 33 72 52 88 73 80 30 74 85 3 45 79 5 68 62 70 23 11 28 78 8 12 84 76 77 38 71 62 98 12 52 1 73 38 29 90 62 46 1 57 47 67 40 18 82 89 46 19 94 84 31 82 46 71 44 4 99 8 34 76 80 8 72 39 92 60 50 55 10 32 91 59 26 8 100 37 88 9 16 34 2 24 54 68 95 17 1 42 7 75 80 1 37 25 60 88 90 71 20 35 65 15 57 75 10 35 36 16 93 11 38 99 33 20 76 22 95 12 11 57 22 24 62 17 48 88 20 100 10 21 14 14 6 38 3 34 98 79 50 18 96 83 99 3 98 75 91 2 11 2 35 88 78 22 19 64 95 65 94 11 62 92 11 24 68 84 81 84 60 63 41 56 46 6 68 2 100 6 54 91 53 10 68 92 74 92 92 14 47 79 39 2 6 59 54 97 50 77 26 87 90 14 61 15 52 48 22 20 19 94 67 92 45 0 79 75 11 97
53 86 47 100 64 18 52 6 4 88 46 88 1 24 95 80 18 13 52 50 8 73 33 31 54 17 43 26 3 52 57 50 65 14 85 32 26 15 1 69 22 14 69 28 46 90 20 51 85 19 53 62 11 73 45 3 47 90 10 38 9 36 46 2 5 55 24 93 66 49 35 85 56 72 44 69 29 28 51 21 9 97 86 24 3 44 80 14 10 68 26 45 4 42 0 54 85 97 74 25 99 49 95 49 24 50 92 66 79 78 6 84 37 6 3 93 69 3 88 21 63 99 32 27 35 31 66 0 14 87 83 13 63 47 49 59 8 99 81 31 18 28 2 19 26 47 78 57 5 42 67 24 27 0 25 41 99 45 28 83 62 58 65 91 12 59 88 34 74 11 60 68 17 73 83 33 13 92 79 18 66 68 17 93 61 96 83 17 20 15 76 52 50 14 58 12 63 91 36 67 18 70 64 5 86 13 19 52 30 98 36 73 11 17 5 22 26 23 94 92 58 17 41 68 23 4 28 23 49 29 6 81 79 38 41 50 12 19 74 98 93 64 16 62 68 11 67 85 54 83 51 47 84 37 95 51 58 65 45 72 7 17 69 78 67 26 85 53 15 45 35 16 56 47 93 86 24 48 32 34 57 97 79 67 26 93 23 18 24 36 28 97 57 54 77 13 68 78 69 34 99 54 30 50 25 87 46 78 52 92 8 12 2 9 26 34 95 35 23 71 15 19 15 78 31 50 34 14 84 72 80 46 32 55 81 86 0 16 24 77 71 32 87 97 18 22 78 90 8 48 86 83 99 100 9 17 80 51 66 57 84 77 96 22 69 39 29 56 37 86 97 13 47 17 47 12 33 85 65 61 92 43 98 68 84 54 0 37 62 48 51 42 13 23 43 36 59 42 7 92
87 66 74 89 30 30 99 100 100 60 77 56 99 75 52 60 37 25 79 65 82 31 63 66 60 90 12 21 74 79 9 47 1 66 34 54 80 97 36 54 12 11 18 76 16 34 18 98 18 18 78 73 83 58 76 4 24 24 75 18 17 58 79 83 47 47 38 97 65 5 75 54 5 39 91 42 61 62 93 85 96 89 49 32 95 62 14 65 8 38 30 59 14 26 88 16 44 64 93 12 78 81 56 9 49 92 74 31 26 64 19 16 55 20 22 65 6 55 17 7 80 93 29 18 77 53 34 45 52 27 93 89 46 13 100 33 24 88 58 22 61 0 66 10 81 96 35 18 86 48 37 15 36 37 2 40 37 81 34 12 54 37 6 69 16 24 96 96 98 11 52 6 64 20 85 79 28 67 9 62 80 72 94 90 48 19 60 17 66 90 84 51 76 10 11 0 8 73 24 49 17 42 45 88 37 24 15 34 68 5 21 4 47 36 42 96 88 84 1 21 100 49 14 95 31 42 4 47 10 18 49 57 65 73 92 43 28 4 36 38 23 81 82 29 78 76 12 73 63 22 59 9 26 45 63 74 84 24 98 99 74 23 7 93 37 58 21 34 80 47 29 28 64 65 13 55 43 57 44 10 26 83 42 53 83 24 23 64 80 91 36 89 53 53 19 84 95 9 46 61 55 81 70 89 21 95 81 77 49 9 56 45 20 59 30 55 69 4 56 57 45 71 68 36 32 99 5 9 72 39 50 36 52 67 92 39 46 26 12 19 66 70 12 85 0 16 69 97 67 6 31 58 26 7 70 21 75 70 15 93 24 64 66 3 58 95 72 90 4 43 15 38 21 16 80 70 18 30 8 26 84 35 8 15 76 44 53 32 33 46 13 9 43 87 96 31 31 81 35 98
70 72 65 15 49 57 51 49 95 45 68 39 10 18 91 52 54 66 100 32 76 61 90 91 17 81 48 8 61 2 34 79 52 72 94 52 47 74 29 98 57 49 85 57 1 21 92 12 67 27 12 86 11 55 90 70 30 65 97 95 33 30 97 70 48 78 32 32 74 49 21 60 67 46 46 98 90 28 85 7 4 6 3 40 100 5 49 49 2 40 87 41 20 98 51 91 97 66 95 36 51 64 38 57 2 55 30 51 89 73 38 35 79 1 45 29 35 33 56 64 53 2 73 28 29 57 90 41 62 100 22 99 35 10 17 75 29 73 22 63 93 6 14 36 38 74 89 92 76 28 29 99 63 46 61 62 35 59 12 96 100 18 12 36 68 8 18 54 12 100 16 59 98 56 36 15 31 27 27 47 50 96 46 0 94 59 80 76 78 56 41 63 20 80 1 36 91 69 18 81 53 16 36 29 46 46 14 11 59 75 56 54 98 50 49 22 1 10 7 86 49 93 11 23 30 40 41 67 54 47 71 81 45 89 3 13 39 57 37 24 95 4 74 36 30 35 9 0 17 36 28 77 74 94 6 28 61 20 97 83 10 79 38 43 6 30 44 7 44 0 54 88 65 85 59 92 29 60 35 26 5 60 60 5 57 12 4 52 76 97 13 71 98 61 67 10 46 1 66 30 82 31 90 31 63 97 85 30 43 7 74 50 74 6 13 1 83 31 79 88 18 25 21 66 62 69 30 37 56 2 15 56 27 63 54 19 85 89 84 58 88 16 29 34 30 50 3 60 60 30 90 84 83 82 0 43 0 54 92 16 43 4 48 18 46 64 69 95 69 68 7 48 79 52 37 14 61 2 70 82 47 99 49 81 85 13 69 75 26 87 42 25 55 91 15 81 68 69 40 33
21 75 13 40 24 63 88 93 74 78 92 85 56 87 25 53 28 7 20 59 0 33 14 22 15 17 14 92 70 65 27 25 47 62 20 29 75 55 28 80 21 92 81 28 52 41 53 54 46 18 90 93 66 36 45 28 61 25 6 22 53 97 53 45 23 43 51 40 78 34 20 10 37 83 68 58 98 80 87 48 57 94 3 58 50 31 59 38 19 45 20 19 15 66 54 41 65 93 5 4 85 13 9 36 75 46 45 52 73 5 30 64 43 77 44 79 11 78 97 55 6 67 66 17 25 46 37 95 25 78 91 22 83 82 98 91 97 51 63 0 68 40 41 6 27 79 48 48 18 15 29 67 79 75 33 64 19 0 38 92 30 45 97 35 63 43 56 4 36 96 12 67 1 19 73 27 98 92 16 65 56 67 75 63 84 91 65 99 41 92 8 57 47 79 96 36 23 39 79 13 78 0 95 65 49 12 63 96 97 9 92 9 68 72 9 93 1 3 63 60 11 60 35 0 82 82 51 88 36 79 74 42 74 70 10 32 79 94 1 22 14 27 66 82 63 47 53 72 39 8 30 33 40 13 46 17 47 21 20 34 60 75 62 53 92 21 27 55 45 64 45 21 40 53 77 39 62 95 48 2 89 9 40 39 100 66 76 55 89 50 64 27 40 27 12 40 99 84 60 56 23 63 65 33 16 79 12 10 90 56 84 11 46 5 28 91 89 33 8 23 57 37 32 52 82 17 53 42 70 3 78 67 83 27 53 79 65 82 98 76 92 27 85 97 53 86 68 64 95 78 86 95 10 19 15 44 41 15 80 76 68 56 15 50 11 97 72 81 35 69 58 91 51 68 90 17 60 24 16 85 73 57 50 53 83 88 91 11 28 10 16 66 46 70 69 65 74 12 45 55
64 8 84 47 88 10 5 4 63 25 70 88 96 27 81 68 88 95 66 20 89 86 21 56 68 18 80 73 53 99 2 32 14 14 50 37 95 87 80 41 38 95 92 47 14 1 86 42 23 65 12 100 72 91 87 57 80 5 75 19 38 72 45 18 96 71 33 3 98 27 6 60 38 20 86 44 100 45 18 0 71 78 6 83 92 4 82 3 50 95 63 3 59 27 58 15 68 93 2 18 82 23 76 19 40 86 58 1 86 66 6 68 35 34 8 43 25 61 92 13 8 29 77 24 91 97 70 64 47 65 89 36 15 68 64 12 20 23 9 90 25 9 89 13 96 64 31 67 30 74 87 42 2 15 62 47 36 4 14 80 56 17 33 0 33 28 83 68 50 24 8 98 88 48 49 44 52 80 24 72 4 50 38 86 77 31 21 92 29 73 76 60 67 44 37 17 84 46 2 24 99 1 52 70 49 48 68 90 75 59 99 25 75 21 22 23 16 65 69 47 4 1 92 97 94 34 19 7 36 4 84 4 13 77 2 89 54 88 8 35 20 16 66 64 34 92 15 87 82 16 33 0 92 81 55 70 11 63 92 59 34 76 98 82 4 80 98 12 7 81 69 89 60 15 47 11 67 77 24 60 68 4 97 92 72 0 0 63 20 28 65 57 96 61 9 68 77 85 24 94 50 7 69 72 12 11 31 2 68 67 41 28 38 45 12 24 87 10 8 11 88 94 27 46 41 65 82 18 34 18 92 1 71 35 18 99 1 71 81 81 56 58 96 41 86 2 12 31 52 4 63 35 67 82 8 74 30 92 82 92 100 25 15 29 89 59 47 62 70 51 92 23 35 59 22 23 41 93 21 47 11 55 72 94 94 26 29 29 10 68 77 57 42 47 18 25 94 78 48 8
71 63 53 18 68 91 67 27 97 62 64 76 79 52 42 52 17 52 62 28 31 47 68 13 24 16 17 27 25 20 51 6 8 57 98 13 83 35 2 14 65 92 54 75 82 86 21 96 6 14 12 41 43 77 16 95 16 30 65 84 17 42 16 94 29 60 41 65 13 41 40 31 90 19 62 93 44 90 6 69 63 22 94 14 48 77 24 3 64 0 5 39 83 54 61 98 5 60 91 94 1 1 50 87 22 60 73 3 20 28 28 1 16 65 44 84 26 96 21 96 77 73 85 88 15 92 65 40 54 42 42 98 0 39 43 24 30 78 89 66 88 24 66 6 13 14 33 55 73 39 83 37 17 94 95 64 92 95 36 2 63 55 74 94 19 22 97 33 75 4 18 48 13 78 36 66 66 26 77 43 56 68 52 35 14 72 79 32 7 61 5 26 44 95 72 46 42 59 70 53 24 72 36 56 18 70 4 21 9 63 85 65 54 71 3 6 99 43 87 45 2 54 21 3 5 10 99 51 75 25 52 5 14 79 56 81 30 86 70 73 86 82 0 50 30 58 71 22 82 34 12 10 15 25 91 28 80 77 89 78 24 15 70 37 46 75 67 50 95 81 92 27 41 28 99 100 86 84 42 38 100 58 93 82 2 85 57 92 38 26 74 33 95 15 89 87 24 2 24 20 85 97 100 36 36 47 31 56 94 32 89 1 36 19 95 44 67 40 92 9 13 39 40 97 60 40 56 56 29 3 17 77 27 41 64 38 6 53 16 9 91 89 64 93 85 29 63 50 29 51 64 31 9 27 79 15 48 29 72 96 34 20 54 62 29 49 70 67 43 45 48 69 62 28 23 32 37 49 68 51 5 76 93 55 50 76 23 2 88 11 97 79 95 35 58 18 3 74 50 44
40 70 73 11 97 62 7 8 76 87 68 15 27 74 55 19 96 32 64 68 2 82 79 73 6 48 38 41 75 81 91 7 13 40 88 67 52 94 71 27 97 41 94 62 17 0 41 80 85 92 41 66 19 21 48 66 68 65 12 91 92 89 83 51 71 71 90 51 70 45 99 90 3 62 31 58 95 32 94 8 25 57 43 39 22 37 94 36 77 65 91 75 14 33 58 11 83 83 47 49 3 40 5 20 30 26 78 91 58 34 89 50 40 42 90 87 12 87 40 45 70 97 17 48 59 95 92 92 29 53 45 15 93 4 94 18 55 55 18 95 84 51 87 98 55 7 22 59 40 1 67 90 41 34 85 99 72 37 82 78 94 74 99 16 60 50 75 47 49 26 71 4 29 88 90 39 22 19 6 5 90 10 15 86 82 73 42 17 90 90 53 34 93 67 4 0 21 30 45 14 32 95 99 0 4 88 75 79 88 28 15 87 50 85 16 95 58 29 27 69 60 80 85 77 63 64 9 94 69 37 32 20 76 53 89 73 56 35 18 3 58 83 93 89 96 97 64 3 92 41 18 100 58 72 30 96 71 82 49 42 45 89 48 13 72 87 71 82 68 34 61 87 57 95 76 55 37 61 41 84 79 7 0 62 82 44 3 16 17 51 13 86 26 54 4 85 34 32 78 94 94 2 6 95 23 65 36 46 55 82 18 80 23 38 51 38 77 51 39 19 59 17 58 98 6 69 57 37 34 85 84 72 87 20 48 24 75 84 35 8 11 72 83 61 79 90 99 25 45 93 18 29 29 57 85 57 95 91 18 16 96 22 24 39 61 12 28 9 90 69 60 82 70 9 12 56 91 76 93 71 97 92 50 100 52 56 96 24 81 48 100 14 43 35 49 48 43 16 9 50
65 39 75 11 62 15 6 26 25 54 71 80 12 65 28 9 50 53 63 73 19 29 49 91 78 74 56 97 0 29 31 27 27 4 62 69 62 12 27 66 96 58 68 23 62 47 22 3 21 48 68 3 52 26 64 17 88 88 35 25 91 23 19 21 40 99 81 49 3 68 69 89 0 96 53 4 71 47 11 86 93 93 13 82 24 43 69 18 1 60 92 23 82 63 45 35 54 28 1 27 100 15 51 48 59 76 90 83 49 67 33 67 71 77 23 56 40 22 5 93 23 23 0 96 60 57 24 45 88 38 20 0 82 40 48 84 91 91 19 45 59 87 9 45 100 14 18 12 33 98 45 69 3 33 94 41 72 19 75 29 5 37 50 92 14 90 40 85 75 46 14 10 72 76 75 17 58 91 100 54 1 89 77 90 13 50 15 21 24 89 30 11 79 92 12 1 72 12 70 51 45 100 51 61 45 76 52 20 39 16 9 14 69 46 58 92 64 60 42 84 47 2 78 13 46 36 86 95 44 10 17 79 19 53 13 39 23 5 80 9 15 3 33 6 36 80 6 69 49 85 41 74 5 79 28 67 51 32 36 90 46 45 40 12 68 34 63 36 17 42 15 26 40 77 75 56 66 61 47 19 32 80 68 62 13 74 65 61 20 69 20 64 92 53 84 34 17 38 70 16 8 23 50 40 58 43 38 71 51 98 60 37 55 96 16 27 50 11 87 49 79 6 14 94 41 36 26 30 9 28 13 28 82 47 75 9 97 12 38 51 6 79 26 53 92 42 64 59 96 36 37 74 10 4 15 34 50 79 48 46 80 53 99 6 43 70 0 21 56 29 76 43 81 24 42 22 73 10 77 56 86 23 12 44 2 5 94 67 28 6 3 6 17 0 89 75 55 48 30 66
32 23 59 17 11 96 42 57 28 84 47 73 89 34 81 46 66 1 11 62 45 69 6 42 87 34 19 7 17 36 89 19 6 42 56 82 100 58 27 73 71 64 45 19 15 47 53 21 76 5 52 34 19 69 52 47 56 7 32 22 97 2 46 12 9 85 5 39 40 51 8 29 65 2 2 34 58 32 87 91 69 52 61 12 48 96 2 12 32 6 26 12 62 65 77 14 50 97 100 90 83 47 73 82 85 80 79 66 18 63 44 78 72 87 60 51 23 35 100 7 60 5 95 48 47 23 84 27 56 46 20 3 40 99 24 6 93 35 88 40 62 42 89 93 15 0 14 64 33 38 53 71 30 29 67 4 45 26 100 20 65 92 30 94 56 87 27 52 5 69 34 94 78 11 94 97 23 12 64 73 97 52 64 65 55 34 75 10 54 16 54 73 0 18 67 16 13 93 66 38 89 29 93 48 46 31 73 38 68 49 42 76 100 20 86 50 53 35 58 48 37 67 52 87 16 91 93 79 76 63 55 53 71 79 89 81 29 60 26 87 43 42 69 23 46 21 25 19 87 80 1 92 44 23 69 42 95 6 25 57 16 68 97 99 48 83 64 17 48 1 89 39 40 29 82 34 6 28 100 12 82 87 94 19 74 66 60 18 45 97 74 91 27 52 54 24 33 29 96 93 50 15 46 73 92 53 28 1 92 33 54 3 99 55 41 97 19 92 55 83 46 94 41 73 100 17 85 90 94 63 7 84 46 44 27 30 9 42 100 60 79 83 76 88 73 41 15 36 82 89 33 16 46 34 47 13 78 10 1 100 9 34 39 81 24 57 63 56 84 65 4 58 53 53 8 74 32 95 73 25 68 57 28 7 67 19 87 75 41 8 5 1 42 7 28 7 80 31 31 79
54 2 13 48 85 57 30 4 70 81 93 6 42 56 47 9 42 28 82 12 3 36 62 28 88 96 5 75 94 8 30 88 59 47 14 11 7 40 9 88 51 46 86 85 17 3 60 63 62 16 79 51 3 81 48 14 16 18 74 26 55 47 37 36 20 39 5 28 16 94 19 65 5 12 9 24 34 98 59 9 42 49 25 6 4 21 15 4 88 52 47 85 41 95 8 1 50 79 91 83 75 85 77 68 13 41 26 48 76 85 72 87 82 63 53 37 60 59 47 31 43 82 61 85 49 57 79 76 41 51 29 64 12 34 81 60 10 40 8 92 85 59 73 86 34 59 95 7 17 8 69 96 79 39 77 93 31 65 2 11 3 28 31 100 63 49 60 13 76 86 15 53 88 57 99 58 50 28 72 45 78 74 24 9 0 71 87 95 52 31 92 20 35 84 90 90 44 36 54 46 38 39 5 37 21 67 79 77 58 0 5 47 98 58 75 69 98 75 71 28 17 66 65 60 27 45 11 88 98 26 28 32 64 89 71 0 72 38 55 54 25 91 47 5 59 91 66 36 29 63 70 28 59 81 59 46 40 14 77 66 93 88 40 82 38 100 30 87 43 97 70 40 5 0 91 76 97 55 57 39 0 43 41 57 70 94 45 47 87 14 94 38 16 31 12 2 13 29 79 7 32 1 78 65 92 23 25 10 5 71 10 44 37 2 97 4 22 42 60 63 62 81 14 85 20 40 88 5 61 18 45 43 54 46 10 100 59 22 10 61 7 85 30 3 81 4 90 1 30 63 60 95 7 92 63 2 4 18 30 23 63 11 4 37 78 25 19 34 35 23 45 64 50 4 62 41 6 83 50 51 19 12 35 83 96 93 16 32 47 73 0 74 88 72 42 26 37 86 26 61
71 78 5 91 51 9 61 37 76 64 77 98 20 28 21 34 13 25 14 65 35 72 17 0 87 25 51 45 9 71 27 83 97 68 58 9 81 96 73 70 17 13 42 12 63 39 63 90 95 65 78 64 90 49 37 85 16 21 10 1 97 9 5 8 83 89 44 87 97 23 18 60 10 63 11 79 28 87 41 41 2 4 14 10 57 33 70 97 45 50 57 7 58 7 94 83 56 16 19 44 37 77 40 6 31 98 35 4 55 84 29 35 83 78 68 99 46 45 79 98 13 96 32 18 44 75 34 59 47 51 100 67 56 21 76 49 47 96 65 43 83 7 98 24 80 57 34 53 49 98 94 41 40 2 59 51 36 4 13 3 11 10 59 71 92 99 66 45 95 38 10 97 67 77 5 42 43 22 99 3 1 43 6 74 54 14 0 58 71 37 85 89 24 21 4 32 72 82 93 51 61 31 40 71 6 84 4 19 72 85 36 53 17 57 51 22 55 54 94 3 66 34 39 27 8 80 46 12 45 36 57 64 97 20 34 57 36 54 98 62 33 53 44 100 71 25 39 97 95 56 49 2 45 92 59 71 4 7 72 36 43 96 7 74 66 42 16 3 56 9 84 71 63 55 72 70 33 56 40 72 86 79 93 46 94 56 97 12 53 75 18 7 25 100 79 47 39 73 67 34 25 64 30 56 60 44 12 73 89 6 62 83 87 8 12 86 71 66 83 10 86 49 22 64 33 70 89 29 16 47 29 100 31 93 1 39 89 1 53 37 45 45 52 18 77 14 59 75 37 48 54 47 94 85 0 39 23 80 40 15 89 66 99 33 76 88 29 13 87 38 64 30 29 19 4 79 35 56 15 4 20 62 1 52 31 14 5 88 97 78 98 73 86 36 91 33 82 42 66 25
35 15 46 29 79 96 97 0 37 63 79 11 32 59 1 6 61 77 26 17 24 5 61 2 63 73 65 85 2 30 56 28 61 33 94 49 88 31 21 79 97 75 11 10 39 83 82 89 34 55 62 91 87 47 89 89 59 14 84 88 92 14 52 37 88 45 77 6 66 95 11 77 0 30 65 41 82 97 78 58 50 29 62 64 67 96 99 94 9 55 47 56 44 13 36 85 81 13 67 65 33 35 9 25 86 16 69 34 17 5 92 17 50 49 6 24 50 7 8 79 63 29 70 82 87 87 95 2 66 0 34 87 81 33 81 8 58 49 52 50 2 93 3 63 38 81 88 43 0 81 21 64 84 6 47 21 67 43 75 52 85 97 12 62 80 29 71 30 56 17 75 81 68 23 39 32 24 64 71 82 53 6 4 9 31 9 97 36 53 7 44 18 24 92 44 81 55 29 93 13 60 31 92 81 30 55 67 20 97 67 17 48 3 74 66 42 70 97 99 62 50 89 0 7 57 41 21 36 81 44 18 52 43 10 40 40 13 16 56 40 10 31 1 42 44 92 80 80 58 11 28 58 41 27 28 96 87 62 17 37 62 53 54 10 38 86 13 62 80 76 21 57 33 49 64 47 13 53 6 78 41 70 22 100 64 72 42 34 33 69 90 56 51 98 88 91 62 11 23 26 32 31 45 63 39 57 42 80 45 66 37 81 42 14 14 78 40 77 68 23 82 15 1 26 72 54 61 56 17 9 30 75 100 12 19 16 19 17 27 26 37 61 2 25 72 51 58 58 15 58 80 61 8 32 26 63 5 81 81 90 25 74 77 34 48 53 27 37 12 30 92 82 83 31 82 58 59 71 50 40 72 89 69 65 5 60 83 17 34 25 58 47 0 88 48 31 21 10 28 82
83 90 18 52 74 61 5 89 2 8 16 29 84 56 7 58 82 63 26 40 60 97 50 31 7 45 92 17 83 28 69 98 12 97 76 5 83 32 19 45 15 35 20 77 71 5 18 40 14 30 39 31 59 43 73 29 99 85 67 56 83 99 24 12 25 88 86 94 46 23 44 11 71 3 77 5 13 12 47 50 81 18 54 55 3 22 90 99 74 19 31 42 60 24 70 82 68 10 28 66 39 61 47 65 68 25 76 5 40 33 46 85 6 62 12 55 45 51 37 90 22 6 91 90 93 53 81 13 31 30 39 19 39 33 52 14 44 8 14 41 15 7 88 73 42 87 79 30 37 5 77 0 19 71 71 44 34 24 49 41 74 24 66 23 40 18 94 17 4 44 79 21 65 63 53 30 27 17 73 51 38 2 77 26 82 79 72 2 54 34 13 57 47 100 52 26 92 15 4 79 35 64 92 18 78 59 71 26 66 55 13 67 10 99 100 97 17 77 32 95 30 63 50 84 1 51 34 37 90 65 15 88 17 8 58 6 14 57 79 88 89 72 90 16 70 69 50 34 7 69 43 47 79 19 64 13 82 17 75 73 46 64 75 7 20 90 81 18 90 15 30 98 22 95 51 12 83 69 51 4 32 78 10 77 67 60 15 77 82 94 0 77 24 63 55 32 4 57 59 9 61 91 86 72 49 30 34 72 32 10 67 79 94 43 50 96 85 39 94 19 24 85 11 20 2 12 34 30 89 74 44 25 97 73 8 86 56 7 3 86 51 31 61 4 43 89 99 7 90 28 33 76 51 32 77 73 22 31 74 99 15 3 40 8 8 79 77 90 89 52 11 8 1 16 59 99 62 45 37 14 17 10 31 1 59 94 91 96 56 54 94 4 32 1 55 63 8 22 93 11
13 30 84 41 70 43 12 68 85 73 72 85 63 6 61 77 58 79 63 67 16 6 23 38 54 49 4 83 48 38 64 54 8 74 29 48 30 8 34 5 21 40 96 33 54 12 5 99 88 28 16 86 51 40 93 30 40 40 67 1 21 62 25 74 15 40 17 53 14 96 73 50 29 1 41 59 86 30 68 70 58 45 64 43 79 96 22 98 27 24 5 69 36 98 58 73 66 88 3 6 77 51 63 44 56 48 57 44 74 21 68 10 28 81 59 11 12 74 87 18 21 14 30 6 78 85 7 98 1 2 90 43 93 1 30 62 5 45 96 11 18 54 56 85 81 6 67 71 99 9 82 23 19 75 28 43 65 54 74 36 70 64 32 71 94 17 6 93 0 22 65 25 19 90 28 46 17 29 74 69 58 87 24 16 35 92 30 47 11 7 44 72 45 77 87 31 91 89 0 30 38 49 19 14 55 44 95 99 2 93 90 93 27 78 49 80 40 46 20 43 87 84 2 8 34 66 50 96 3 39 81 77 23 65 69 90 51 66 81 73 11 11 97 90 85 43 99 38 92 21 65 22 54 58 33 46 82 25 23 46 48 31 86 68 37 61 21 70 82 22 67 38 38 91 11 40 55 55 54 88 32 27 17 75 9 73 97 91 45 53 77 97 70 92 38 71 21 26 41 30 42 24 48 16 45 93 65 53 72 89 44 96 64 5 43 8 18 91 33 41 80 35 54 74 64 51 15 63 89 27 92 50 85 55 33 10 23 90 90 6 19 90 15 25 61 98 76 34 13 46 30 37 43 86 50 42 71 25 88 67 87 85 42 58 38 22 78 100 100 28 38 14 61 91 53 75 50 1 38 1 74 44 23 4 71 13 21 89 59 96 100 90 89 91 79 24 11 81 54 14
86 70 90 28 8 79 10 91 79 95 24 45 34 42 74 47 99 71 34 6 74 15 12 12 74 36 53 65 0 32 14 31 85 26 27 21 12 2 75 64 45 14 43 80 19 75 0 80 71 92 36 63 17 51 97 58 37 56 10 91 92 50 35 98 32 29 41 41 80 4 93 19 53 34 15 100 100 0 72 14 99 37 94 69 38 12 75 55 47 83 41 18 93 26 94 41 94 64 10 23 25 77 37 24 59 22 21 92 49 25 69 76 96 38 63 4 69 57 54 64 11 91 33 73 23 34 91 36 11 48 79 4 82 44 60 41 15 10 98 59 79 70 52 37 64 21 24 44 34 3 2 62 30 60 24 26 94 85 96 65 44 12 13 8 11 31 12 92 72 75 47 71 67 25 36 92 68 27 14 84 27 65 59 3 28 75 92 11 76 97 0 92 1 4 34 62 31 63 11 40 6 92 14 56 24 58 89 43 92 49 30 20 84 68 53 38 73 99 30 20 65 14 2 32 77 15 89 76 47 93 29 33 64 28 75 63 46 55 78 74 77 71 11 39 47 70 77 48 29 33 36 95 6 56 80 40 25 66 88 63 96 77 70 49 72 53 31 59 14 96 79 55 55 23 41 82 91 94 96 80 49 55 11 76 57 23 74 46 2 88 18 14 6 41 35 90 91 29 47 99 29 96 42 15 36 3 10 98 81 58 40 80 70 83 82 21 84 37 66 73 65 63 10 53 92 84 7 46 59 90 37 74 11 80 98 30 90 73 2 56 88 50 20 39 70 88 67 70 84 27 56 95 60 56 15 13 83 33 6 0 49 55 3 28 19 93 70 11 41 70 85 19 16 69 94 73 70 85 72 92 68 5 62 99 66 79 78 59 52 67 33 57 78 49 0 20 62 30 86 36
32 28 28 66 15 24 44 22 5 30 3 60 32 71 1 4 87 44 17 75 53 81 95 8 50 83 74 73 59 94 88 67 3 27 22 48 63 22 17 30 35 75 25 42 76 100 15 26 84 17 16 34 1 29 23 72 40 94 2 86 21 36 29 81 79 47 92 21 64 83 85 86 49 94 49 66 11 0 91 3 45 25 57 18 35 43 67 100 83 7 74 79 17 20 77 25 4 42 96 70 81 46 84 11 67 82 83 88 84 52 65 71 69 34 98 81 41 78 28 82 55 43 98 48 34 69 57 33 58 32 80 1 2 39 63 55 45 80 4 78 56 57 74 88 17 92 24 61 15 39 29 61 97 52 40 90 5 100 59 59 82 47 12 40 76 1 6 55 20 60 25 99 29 24 76 23 39 64 15 17 59 67 38 30 12 81 94 86 53 64 49 13 3 99 67 80 90 87 0 55 39 10 84 35 21 31 67 54 49 75 21 20 51 23 34 87 59 55 75 12 29 46 15 88 54 55 69 0 78 7 59 81 93 58 68 68 78 7 79 52 36 10 60 23 75 41 52 12 77 11 95 3 33 50 14 60 0 70 85 83 13 95 82 15 15 65 97 5 4 48 75 66 19 41 89 1 10 79 3 16 85 57 32 4 35 39 15 82 43 77 50 34 35 69 17 82 51 86 41 5 28 79 28 86 32 7 52 93 28 32 78 68 73 21 39 93 40 82 15 44 80 1 43 68 84 84 12 47 48 6 55 53 44 3 23 24 55 34 87 1 72 39 61 99 89 6 15 47 83 85 11 74 43 44 90 5 90 57 51 18 26 86 63 32 87 51 16 66 67 29 59 52 8 70 85 47 12 61 41 28 9 24 0 65 42 60 47 50 44 83 15 80 69 70 86 19 86 19 32 20
100 81 54 92 16 31 31 40 68 51 78 25 15 1 89 55 43 94 38 58 32 45 95 68 50 46 69 7 13 88 25 87 15 31 56 40 98 18 9 11 2 43 94 60 56 33 39 44 69 71 9 8 57 1 92 84 32 46 81 98 8 58 8 23 86 41 11 97 93 31 16 9 30 63 50 31 72 23 97 74 64 38 50 99 37 75 38 83 91 71 100 82 85 95 0 57 29 87 92 41 50 23 15 45 50 37 40 31 58 90 86 78 38 54 50 93 20 4 15 69 34 68 63 55 5 87 82 22 71 61 60 29 40 17 50 39 53 41 73 98 77 26 97 30 52 42 7 8 70 12 27 16 41 50 17 9 57 69 0 2 51 51 93 33 35 39 52 82 62 18 6 39 81 79 46 77 100 79 18 25 29 90 40 13 19 45 49 21 12 66 16 87 38 80 41 2 90 60 67 55 63 80 26 95 50 2 70 93 95 17 64 69 28 42 11 5 40 77 59 4 81 20 84 55 57 14 1 2 87 61 4 96 5 72 60 77 15 7 12 96 65 70 66 51 11 80 9 3 79 13 41 61 72 19 98 70 91 76 72 41 100 96 5 35 66 37 36 78 81 0 68 55 26 39 48 87 27 11 43 46 18 63 47 47 92 86 50 60 69 12 60 52 16 4 14 38 52 78 74 8 5 45 43 15 27 96 39 8 51 91 42 34 11 90 39 65 96 88 11 40 78 81 26 100 50 54 0 60 70 76 57 68 86 95 36 9 64 7 82 33 65 23 69 74 70 87 23 18 71 74 13 36 62 71 89 15 17 60 76 100 37 83 29 55 0 100 56 13 99 67 92 59 57 3 97 22 88 74 80 22 93 36 82 65 32 76 85 39 34 4 86 30 76 18 31 14 8 31 62 55
32 79 44 76 14 21 96 23 16 55 91 67 10 44 23 37 9 51 24 51 16 25 42 98 19 85 90 88 40 14 41 94 40 53 78 0 34 60 45 15 80 11 89 8 67 82 96 47 7 25 65 11 94 30 58 9 64 41 25 67 23 63 38 65 41 3 57 42 60 70 30 82 75 60 89 71 0 31 89 18 93 99 85 56 51 7 42 99 71 55 43 11 43 42 42 23 72 21 61 40 63 56 55 35 12 63 2 68 85 89 65 88 64 36 53 2 27 82 43 9 74 6 82 95 41 5 49 91 45 84 31 46 61 69 49 64 77 0 78 25 84 13 85 27 0 67 93 73 76 83 52 87 6 6 83 32 32 32 75 21 33 57 74 89 44 68 23 15 13 53 83 57 56 57 43 77 86 80 90 11 5 4 58 40 78 37 13 29 92 32 37 27 39 7 25 37 43 56 16 53 16 62 4 15 62 54 97 73 57 60 71 31 78 71 74 56 25 52 75 15 84 7 2 27 32 96 81 53 16 2 49 98 53 42 31 61 62 95 27 90 13 73 16 3 95 88 49 73 100 26 25 79 84 34 89 49 33 95 85 24 65 47 46 73 47 3 44 47 46 65 17 70 79 64 58 79 7 72 99 13 55 63 2 9 65 71 45 42 59 47 0 41 60 62 97 88 91 76 62 90 90 14 2 83 39 11 20 56 42 14 0 9 0 53 61 27 39 85 55 9 11 4 84 65 72 36 60 81 79 28 15 69 60 36 11 21 81 98 71 67 88 75 33 72 48 43 61 72 59 11 87 67 23 3 7 51 94 84 53 1 19 85 60 38 27 13 92 5 43 21 44 14 33 75 87 15 100 34 56 83 1 39 31 49 85 100 34 82 73 79 23 70 43 16 79 56 42 14 20 61
26 79 81 54 18 78 50 61 97 57 7 67 31 8 85 62 58 94 33 93 100 28 52 8 8 57 38 58 1 68 23 53 41 35 67 36 50 89 19 22 54 85 14 34 19 35 73 47 60 44 5 72 95 7 25 61 70 95 17 20 13 45 2 87 42 87 30 78 82 84 63 65 54 33 34 62 100 86 91 28 99 33 20 61 24 55 22 16 18 38 34 99 96 29 25 52 58 27 90 98 18 9 33 65 3 71 84 78 78 81 43 72 71 73 63 81 36 20 9 24 84 2 88 73 58 74 14 75 51 66 77 99 94 0 13 4 37 2 97 21 27 10 62 48 65 48 25 34 89 82 85 2 22 70 0 47 32 42 37 98 22 47 54 95 69 90 24 18 25 74 82 60 45 48 43 94 33 33 54 77 7 35 11 38 69 40 22 37 46 32 6 77 56 39 48 18 60 53 21 12 94 21 68 64 71 45 51 12 94 73 13 55 13 55 66 13 75 43 16 32 6 50 97 46 12 46 46 100 29 80 100 45 11 2 21 89 47 79 60 60 27 59 95 93 11 87 97 29 7 60 56 35 46 0 84 27 43 70 92 84 79 61 65 5 61 15 93 13 16 21 85 42 88 3 74 34 69 5 32 42 56 12 15 61 19 99 4 62 5 22 44 61 74 69 61 20 79 35 56 72 16 10 53 96 24 79 66 6 83 29 12 82 47 56 12 69 43 0 45 97 85 99 40 66 23 53 35 54 43 87 91 95 9 13 39 21 99 89 16 60 40 86 34 55 47 100 91 11 22 92 67 52 6 54 87 38 36 43 60 34 53 68 80 18 11 26 55 21 52 33 33 92 10 88 45 3 91 62 25 44 19 17 85 85 84 84 96 95 18 79 39 63 94 27 63 17 27 20 87 53
94 18 22 87 95 65 76 0 92 55 7 87 1 36 27 45 8 40 78 37 2 32 95 69 75 81 97 54 41 60 28 100 14 100 17 66 12 42 35 81 26 32 66 48 38 86 16 19 32 64 68 71 74 85 27 8 5 26 29 70 75 56 44 55 49 88 53 73 56 33 71 22 73 78 83 31 4 13 44 68 60 76 45 64 31 65 84 81 84 12 36 10 72 98 15 30 81 42 30 25 50 73 27 87 95 75 39 56 31 25 63 12 33 18 52 30 80 97 9 16 89 79 31 17 21 23 79 46 62 60 77 20 89 68 1 15 21 9 30 84 34 89 27 15 65 86 6 65 46 12 47 24 81 100 93 55 88 16 51 52 34 1 88 48 59 0 99 54 26 22 35 49 10 97 5 4 85 52 89 52 36 29 70 40 49 53 67 90 63 52 36 55 29 90 54 16 89 59 64 15 95 99 39 26 59 15 85 75 23 82 98 24 98 10 5 51 0 42 52 9 67 68 39 62 46 55 91 50 24 18 56 7 21 2 89 35 22 59 31 31 31 89 14 97 14 32 60 99 53 2 84 76 81 67 90 75 27 7 21 21 30 31 30 58 38 87 55 27 85 53 88 88 54 50 58 28 91 25 67 25 2 32 14 82 65 37 30 55 28 78 46 8 65 54 45 5 50 21 10 55 95 80 20 18 41 44 33 99 16 46 73 46 6 79 62 25 56 67 24 70 71 100 7 56 5 68 26 42 89 14 19 63 99 62 22 30 51 38 2 49 56 79 21 43 21 46 26 69 10 17 30 64 57 76 34 86 34 76 93 0 57 70 69 25 69 26 95 47 77 53 62 21 33 86 81 92 34 89 56 77 37 2 76 5 82 55 36 30 99 1 57 31 3 47 48 7 23 61 22 38
23 60 87 3 87 2 71 51 61 12 74 76 10 35 47 30 81 25 0 4 92 1 73 34 38 43 61 45 93 73 5 11 71 79 30 79 51 66 8 61 3 91 61 72 50 13 78 2 58 21 91 38 7 29 72 90 50 47 26 11 25 93 75 18 60 34 9 16 24 30 28 91 18 39 41 52 59 52 79 48 24 62 96 22 76 46 76 5 36 28 74 7 56 39 49 40 74 55 13 32 54 20 24 100 55 12 61 83 32 40 62 69 89 86 53 69 54 21 75 2 8 22 41 52 53 76 45 95 43 3 67 36 80 76 13 14 68 50 70 16 4 90 40 88 64 82 30 39 16 44 75 98 27 52 56 3 29 98 62 16 53 18 84 24 14 5 80 71 56 67 19 45 46 34 38 8 8 85 95 45 77 8 56 24 74 71 87 51 100 1 61 24 39 15 0 75 18 51 88 96 61 61 70 78 25 70 27 22 54 25 18 42 88 52 87 68 90 79 0 49 3 22 69 1 31 87 82 96 86 80 30 48 98 60 72 0 51 57 87 30 17 51 43 17 49 13 49 48 70 56 7 17 47 6 16 84 84 87 31 53 15 36 47 28 86 93 56 20 10 38 0 16 3 3 7 16 99 14 72 80 48 54 20 95 61 90 20 39 38 37 55 1 48 50 77 97 1 66 45 58 58 67 19 30 91 70 21 33 9 82 45 90 19 24 38 57 37 84 34 37 52 67 91 58 10 35 30 13 66 50 55 47 12 48 59 42 15 80 23 56 17 84 24 28 69 92 35 74 75 29 89 11 71 72 8 91 77 81 88 67 39 51 84 15 13 25 64 69 5 5 80 18 61 22 27 53 73 45 8 71 40 36 74 66 83 36 18 38 45 66 82 89 99 71 13 62 68 72 8 66
71 5 77 52 37 85 57 55 94 77 44 32 25 89 51 22 56 5 4 16 27 96 61 5 71 33 26 71 0 92 45 42 8 72 18 82 63 60 7 60 82 22 73 54 56 5 51 35 41 89 94 46 22 46 51 94 79 23 52 24 27 6 14 63 28 6 43 13 41 51 32 14 46 91 39 28 60 45 24 24 68 56 13 31 57 50 66 61 80 14 9 59 20 8 70 13 83 31 44 76 12 20 56 18 20 25 35 79 99 66 7 94 18 50 73 55 33 95 99 42 84 98 14 54 59 98 49 2 3 71 23 16 95 98 89 77 43 86 26 89 53 81 79 73 57 12 53 75 96 74 58 53 63 11 8 66 75 95 6 14 89 5 94 1 8 93 55 21 26 16 89 99 70 51 100 94 51 25 93 53 76 76 24 55 67 58 18 11 0 57 82 71 9 66 28 88 33 94 100 57 4 2 62 7 63 43 99 26 20 75 37 94 16 80 97 70 14 72 46 68 94 47 84 78 62 85 41 41 84 13 37 35 11 12 36 68 17 13 23 32 7 6 85 78 71 92 95 99 26 69 74 55 16 10 43 18 70 93 58 55 52 75 38 11 81 72 32 2 12 50 100 5 67 62 59 35 71 3 75 38 97 85 94 12 1 32 69 29 42 60 47 19 12 56 35 48 68 85 6 9 37 1 70 6 62 36 13 90 35 87 71 82 78 55 1 96 35 64 71 28 41 79 34 20 2 36 67 76 10 40 26 77 17 14 89 19 67 89 46 75 100 87 15 71 70 72 35 98 85 64 78 27 22 97 25 41 44 78 6 71 58 66 62 27 71 67 45 45 92 86 16 97 77 81 92 0 64 100 60 48 81 55 68 41 8 51 79 12 12 12 25 69 0 83 22 59 21 44 32 78
85 67 41 38 3 73 16 34 9 40 74 94 79 79 68 67 90 73 38 86 73 27 72 96 72 87 27 30 27 92 16 24 75 29 48 7 25 68 54 57 88 62 89 28 32 88 9 27 34 8 8 28 83 22 30 91 67 46 35 93 14 2 14 58 74 13 80 34 14 80 35 99 7 13 100 58 52 62 48 58 89 73 59 94 73 78 2 50 97 9 13 51 49 0 7 55 29 41 35 2 84 18 77 53 30 83 60 8 10 8 55 42 89 7 55 81 99 22 47 45 45 63 67 56 75 2 91 93 18 19 23 72 75 44 14 100 72 32 63 91 71 7 84 48 85 15 98 84 32 8 40 67 15 90 55 76 20 64 0 23 59 49 77 98 83 2 50 77 45 3 52 8 78 32 98 48 48 48 24 61 37 68 99 60 49 41 13 12 84 90 42 81 55 45 68 83 73 41 3 4 46 13 7 90 46 94 58 59 7 61 36 69 3 55 56 73 59 37 26 66 53 73 28 35 46 82 9 43 82 1 97 54 50 29 70 79 58 47 13 92 100 69 15 91 55 48 5 32 33 39 10 50 84 37 9 66 76 3 86 42 1 28 100 69 15 20 35 30 74 52 64 94 77 50 60 36 88 50 86 91 84 72 16 88 51 42 12 98 1 14 63 20 76 41 67 79 50 83 78 6 82 80 8 90 88 19 71 45 63 52 37 22 13 38 45 54 89 31 27 66 41 84 14 7 0 61 21 24 77 11 38 45 48 65 100 73 54 97 32 32 77 95 97 7 21 95 63 89 78 87 37 52 14 14 27 31 16 75 10 16 23 50 62 31 42 22 37 50 49 5 79 65 26 99 7 81 38 11 54 10 64 87 5 97 79 58 95 72 0 6 71 73 12 67 37 34 60 64 77 69
92 21 42 63 88 8 70 92 72 75 53 77 60 68 38 69 28 27 27 25 30 41 15 17 89 73 40 86 17 89 97 95 76 100 60 90 58 49 93 39 43 41 98 1 52 20 87 34 95 29 55 81 30 100 22 41 52 66 28 7 60 84 76 36 44 55 85 35 71 47 25 48 77 33 72 74 84 78 98 1 21 3 23 74 82 62 92 96 64 7 71 49 86 67 1 31 33 77 22 43 50 11 91 74 91 67 82 64 60 59 55 21 77 41 42 60 4 19 84 96 28 39 81 36 45 88 43 75 3 89 43 38 72 83 17 42 11 8 30 99 16 45 8 32 22 51 18 8 50 96 63 50 13 79 31 39 86 9 78 84 63 33 1 51 28 60 74 21 97 34 62 54 5 42 22 29 30 50 43 23 19 61 94 84 26 99 61 39 98 46 58 95 1 8 79 57 52 98 56 58 63 42 70 0 45 59 47 8 3 28 44 50 89 100 17 39 1 27 88 84 79 28 86 75 100 14 34 56 61 65 67 96 74 7 94 67 37 27 91 47 67 36 84 100 96 10 85 3 3 3 54 73 48 54 25 53 78 68 50 50 46 72 23 57 54 81 50 88 87 83 84 42 56 59 48 66 28 76 41 43 25 22 59 82 69 38 16 91 24 91 65 36 53 60 73 52 68 51 44 61 19 43 87 98 50 79 52 89 15 59 78 8 27 95 89 32 13 71 38 4 31 97 95 52 25 12 34 56 37 83 3 26 70 74 63 91 11 16 38 24 73 23 27 18 67 27 72 79 44 70 19 56 6 73 57 62 97 10 58 85 17 71 28 55 22 4 0 9 59 17 3 82 21 31 18 92 59 37 43 86 92 76 81 94 8 60 91 95 82 80 30 25 9 73 40 27 29 86 21 87
0 26 38 74 18 98 22 67 74 60 42 49 59 95 88 4 67 74 36 88 20 15 75 89 85 35 83 64 99 82 35 64 43 94 66 53 52 47 47 94 63 43 17 38 23 41 82 87 36 81 17 28 29 77 30 72 92 81 0 78 46 38 20 98 79 58 46 90 42 38 4 23 44 33 9 52 65 61 6 36 21 76 83 21 83 16 17 53 23 62 7 49 11 94 79 85 25 31 27 67 16 65 55 75 69 62 47 35 59 73 71 39 35 67 62 4 27 61 45 71 80 59 86 87 73 77 5 45 1 85 57 69 21 76 55 16 57 86 75 89 96 46 3 13 74 13 23 45 69 28 19 78 9 10 45 38 79 84 44 40 47 48 46 5 31 88 79 49 68 22 94 32 82 47 77 63 1 85 95 8 18 45 21 3 2 24 71 50 61 97 23 97 58 53 78 56 65 54 34 28 50 40 97 87 14 84 60 94 39 10 8 27 21 16 62 71 69 1 49 63 59 6 72 31 86 39 90 46 44 13 53 0 9 63 40 100 8 71 94 89 24 75 44 45 18 64 21 31 14 12 26 42 80 35 69 97 64 60 63 23 49 94 79 56 9 63 75 18 75 85 82 46 74 47 6 1 63 93 41 66 92 25 87 5 64 34 65 15 31 48 14 5 33 1 23 13 6 6 51 39 77 11 2 1 11 68 82 75 96 31 76 1 76 77 39 85 43 6 94 35 41 75 8 55 6 35 89 71 60 2 31 40 49 54 17 40 23 83 94 32 40 96 53 64 47 49 88 16 100 42 99 82 56 74 90 73 85 78 67 25 29 65 72 30 2 21 7 97 49 63 10 0 23 7 67 93 54 14 8 97 28 10 94 59 74 85 15 78 42 54 49 34 14 26 8 4 78 45 37 82
45 81 37 37 56 11 4 8 74 94 66 93 8 20 91 91 99 83 11 34 33 59 80 25 41 78 24 34 58 97 63 40 57 77 62 73 100 25 79 33 74 14 19 79 91 3 13 96 11 33 79 16 89 38 59 65 53 25 93 55 77 31 43 56 55 66 0 77 38 16 91 23 24 80 79 44 54 0 72 30 93 17 97 1 29 77 39 24 28 50 14 89 87 11 81 64 36 55 30 88 65 61 69 70 59 87 71 70 86 48 2 52 80 10 55 57 74 23 83 53 44 36 100 50 58 61 85 79 41 73 45 3 38 73 42 21 74 33 32 0 65 45 18 84 81 80 83 3 32 37 79 59 46 4 46 74 2 29 94 93 86 86 12 18 7 70 6 48 95 34 70 75 17 97 72 90 75 2 42 92 18 80 75 45 70 40 49 46 41 26 59 79 60 91 91 42 96 30 61 72 2 65 43 95 48 52 45 23 74 74 85 49 6 1 68 29 14 13 15 45 84 6 66 48 65 98 90 98 85 92 31 47 24 3 31 7 54 72 7 21 57 96 36 83 78 18 11 66 35 47 60 87 66 51 7 44 11 88 99 65 79 100 73 86 0 2 92 31 53 46 71 21 88 29 48 29 37 4 32 0 63 85 4 88 100 64 11 69 1 16 31 87 61 4 59 25 34 31 73 62 22 90 35 27 18 21 41 53 1 13 32 79 20 2 88 40 58 7 99 48 88 43 80 74 27 19 76 10 8 69 43 65 63 75 40 47 87 82 73 6 65 40 90 35 21 60 71 3 35 5 8 83 82 0 11 98 16 59 82 84 20 37 16 73 14 22 60 15 19 49 33 72 50 10 8 28 34 100 32 65 86 74 37 19 35 80 21 20 17 18 45 52 93 29 33 69 28 91 89 79
13 83 73 51 8 84 33 64 95 100 66 58 22 69 58 15 89 52 74 27 12 37 65 81 52 27 27 91 97 86 90 80 57 31 19 50 47 35 11 67 65 46 11 53 76 97 71 27 81 6 13 31 92 27 49 81 24 42 93 19 47 76 68 26 37 30 44 89 55 25 52 56 72 84 60 68 10 7 51 26 8 11 82 54 100 31 26 8 15 1 62 19 73 48 60 0 47 100 42 79 34 49 56 62 57 72 41 29 69 80 60 18 87 39 20 0 70 7 80 93 69 27 13 60 35 86 42 56 64 49 68 51 28 25 71 31 35 1 42 13 53 84 1 26 73 29 78 16 48 93 95 59 23 80 18 68 80 51 24 30 76 70 63 1 47 84 68 63 34 79 17 68 63 87 25 34 79 89 88 99 79 69 84 92 81 59 4 71 83 45 96 17 84 69 49 21 75 45 75 100 12 4 93 62 19 69 59 37 19 79 55 62 72 54 41 61 0 14 65 45 97 39 30 95 48 63 21 0 5 93 47 19 5 93 57 47 76 32 66 17 69 58 84 88 57 68 4 65 66 19 39 95 73 72 28 37 82 27 13 84 23 99 19 22 35 12 74 63 1 8 29 94 78 46 37 57 10 81 71 80 81 54 90 3 95 93 74 75 79 61 34 73 7 94 79 13 32 26 0 80 60 30 95 25 14 78 82 2 1 6 94 42 31 17 66 72 40 48 11 6 69 43 43 16 28 55 10 70 12 100 62 51 92 57 67 5 17 66 11 46 50 1 28 32 72 33 98 54 93 53 25 42 52 83 66 85 90 54 27 14 43 13 40 74 2 3 26 74 42 31 14 55 45 22 94 15 100 10 6 34 16 92 100 37 48 22 57 21 47 84 67 13 40 21 20 33 11 43 86 42
10 65 55 64 71 76 96 63 83 62 64 77 11 15 20 52 0 20 56 51 14 88 45 72 89 28 33 30 44 42 62 58 57 50 80 98 30 65 62 37 59 27 72 100 100 11 21 28 24 48 39 14 55 13 67 91 77 49 47 92 7 40 100 7 2 32 72 46 44 75 91 61 55 35 23 14 14 5 73 46 43 4 31 29 74 6 36 30 33 49 20 83 100 25 40 23 3 60 76 63 5 13 35 83 55 52 50 60 83 90 70 6 89 64 72 99 100 82 35 88 50 38 92 59 92 36 57 27 88 83 41 38 57 97 93 4 92 69 100 11 83 69 36 33 84 94 17 74 35 61 6 48 72 22 49 7 19 97 83 1 36 79 69 60 86 92 32 30 8 60 3 18 35 88 60 77 95 58 3 79 51 42 48 51 16 14 56 25 45 5 39 58 45 84 58 47 38 74 43 34 35 88 49 30 79 99 87 27 54 39 88 74 54 98 49 52 68 39 56 2 16 45 12 43 93 24 78 2 92 30 73 26 67 61 77 45 9 24 7 89 58 65 55 11 47 57 45 15 86 9 73 26 31 94 22 66 43 63 7 56 32 29 56 32 66 29 46 27 22 99 75 7 41 29 1 77 15 15 98 18 74 99 16 82 5 56 91 68 86 27 73 12 9 75 91 34 58 80 84 70 64 67 7 76 53 55 94 79 2 37 84 8 30 2 40 26 80 96 32 99 18 87 75 36 16 31 31 97 53 52 29 30 63 40 42 13 8 55 25 35 51 73 16 96 1 17 84 54 12 4 79 94 66 76 99 94 46 86 20 0 28 58 50 75 90 8 56 68 40 24 81 17 99 33 52 39 29 99 23 66 28 37 96 57 81 77 11 13 39 14 95 81 82 31 7 99 66 84 41 42
96 4 74 22 78 2 90 11 87 50 23 86 51 55 73 24 68 13 94 27 22 35 13 2 56 13 42 40 43 86 26 3 19 81 39 82 21 52 35 95 11 6 46 40 9 96 27 73 9 16 64 65 22 32 7 12 65 15 51 7 79 62 62 10 94 94 34 69 78 11 93 47 18 15 35 93 56 44 22 78 88 79 10 14 10 6 37 34 49 77 35 94 83 40 5 22 19 58 19 66 97 65 69 16 51 74 76 53 62 29 92 15 30 16 80 87 10 75 7 1 72 28 83 90 54 24 52 17 41 99 89 64 79 11 83 40 88 74 95 21 31 63 20 39 10 58 13 36 58 4 43 56 40 73 33 18 24 68 94 60 46 6 86 15 42 41 72 69 57 31 13 30 63 15 56 32 6 48 59 43 44 78 58 2 5 62 75 64 73 63 59 0 87 77 79 15 69 58 23 9 27 80 68 58 38 63 74 11 14 31 58 11 82 48 61 30 21 81 2 58 23 47 99 4 93 84 20 33 71 62 21 62 52 100 32 45 10 55 35 18 5 39 67 10 17 100 14 58 80 52 83 15 32 57 9 22 28 45 67 17 80 56 45 14 16 41 20 26 91 46 66 92 99 9 64 92 61 98 90 40 80 31 1 71 83 81 13 5 47 58 95 79 88 66 23 51 45 8 15 2 27 22 24 87 58 89 71 5 90 22 84 43 2 96 85 1 66 68 98 0 24 35 46 98 64 94 23 35 10 65 77 62 39 100 52 55 85 22 28 21 31 72 16 68 95 89 22 78 49 78 88 33 61 52 25 12 24 37 90 48 66 80 10 51 48 88 30 44 36 33 19 80 77 1 14 44 15 73 95 57 95 36 68 45 77 100 56 19 81 89 91 98 58 24 5 78 88 64 30 19
88 3 3 47 4 56 61 34 12 64 2 94 51 80 74 27 78 6 79 19 83 76 43 81 25 43 84 51 54 18 20 30 60 44 66 22 63 97 90 59 15 50 81 24 18 88 75 14 33 55 53 49 67 21 68 97 51 99 81 92 90 17 19 66 71 74 24 95 31 89 58 38 39 9 73 17 4 31 93 80 68 54 3 7 17 91 75 64 4 17 80 46 64 69 34 21 0 81 5 56 23 95 94 41 83 52 100 94 7 35 26 77 50 17 36 97 23 2 86 14 71 49 2 93 40 3 48 5 65 46 52 23 65 10 67 71 84 60 83 53 100 52 33 19 18 65 92 49 12 54 24 9 3 55 94 2 43 57 54 26 0 52 71 72 90 36 20 51 52 77 13 34 25 92 60 69 43 50 93 59 93 7 9 10 52 25 71 7 99 51 74 37 67 56 12 94 36 8 75 93 87 33 2 33 85 50 70 44 78 61 7 66 97 43 22 4 50 83 61 77 33 14 33 45 20 1 97 19 28 88 88 87 73 81 85 98 43 39 26 55 85 92 58 47 1 97 62 24 1 31 100 86 40 73 74 49 6 17 7 0 13 18 64 26 18 96 36 31 18 0 37 76 81 91 1 74 12 79 98 22 32 76 26 97 23 21 74 1 7 61 31 79 24 19 4 76 74 44 30 27 32 83 7 94 40 33 16 49 34 69 13 25 45 100 34 58 49 35 86 75 96 95 1 81 21 59 93 8 62 68 46 57 55 46 7 28 76 60 73 96 14 60 8 41 88 59 40 63 95 36 86 53 28 68 7 85 66 31 6 1 19 69 89 65 38 8 36 7 72 9 28 72 60 11 72 3 36 35 68 49 67 31 17 23 43 47 76 56 41 16 74 83 43 14 33 16 38 16 15 15
81 99 75 50 24 29 20 41 52 54 36 33 4 44 55 49 81 20 87 94 68 25 12 18 36 6 81 69 14 94 81 33 2 1 64 67 67 52 24 100 39 55 96 30 80 85 95 65 55 56 93 49 29 21 82 69 70 85 87 98 60 68 15 48 84 76 2 66 27 5 16 3 86 78 89 58 92 75 72 52 36 90 95 29 57 69 61 39 6 74 75 40 86 80 96 72 33 2 2 3 31 20 63 21 26 70 29 6 57 69 97 72 84 42 2 33 79 28 33 73 62 58 86 94 33 66 39 25 99 68 81 9 85 20 18 58 7 43 41 98 91 14 20 8 74 10 3 89 14 23 44 36 92 7 64 5 52 45 68 72 71 38 78 21 63 78 51 97 99 58 47 65 27 96 53 58 78 1 86 28 87 2 22 99 68 0 9 17 52 71 41 74 86 35 88 41 55 68 51 1 73 64 22 31 13 83 82 78 46 92 79 100 62 92 53 93 95 37 38 92 76 26 40 20 98 12 44 81 86 20 31 24 87 62 86 60 44 49 55 77 86 67 36 92 59 79 100 81 100 1 78 90 45 40 47 81 55 57 66 88 1 65 51 13 99 48 82 83 49 39 75 19 21 50 26 0 74 0 4 96 30 96 47 57 3 61 87 32 95 59 52 11 67 50 33 47 84 6 43 73 9 79 39 18 80 40 78 37 66 26 18 79 40 25 44 17 23 91 26 22 28 34 15 73 41 23 6 80 29 19 30 89 31 68 5 79 8 54 41 85 31 54 18 90 80 51 56 61 54 26 34 66 21 40 63 69 53 98 79 17 2 37 26 61 36 53 1 62 91 24 54 91 61 73 63 43 43 100 76 13 63 28 82 53 66 20 90 85 25 60 13 89 81 40 43 54 15 87 51 43
46 36 19 48 21 73 76 79 84 22 0 68 94 74 95 88 50 49 70 73 1 59 45 94 13 69 45 56 26 91 37 81 40 46 31 83 83 44 91 55 10 17 100 96 40 70 9 83 12 64 2 90 57 27 11 87 11 73 70 81 65 14 63 76 77 46 84 66 11 64 75 41 98 84 56 94 79 58 39 46 31 48 53 15 59 61 32 20 66 74 56 33 31 69 50 3 40 29 80 44 20 45 91 57 48 65 50 70 100 94 71 57 49 16 82 91 100 68 95 98 66 47 31 93 44 95 89 75 51 18 90 66 9 34 37 9 14 25 44 76 72 71 81 89 62 25 91 55 93 3 51 72 18 77 60 21 22 0 70 20 22 93 69 3 9 14 32 93 45 23 8 7 100 51 63 30 43 52 49 65 28 26 96 90 1 56 56 9 29 25 93 79 55 70 35 32 67 81 100 55 48 22 13 18 89 41 27 54 45 24 59 19 49 55 64 11 86 22 71 89 73 92 51 61 74 61 22 20 65 48 67 53 0 87 8 7 21 94 71 40 40 16 84 84 72 29 53 60 54 53 63 42 94 47 6 28 30 14 25 43 47 62 100 1 57 22 32 40 42 10 44 16 26 34 50 51 17 77 35 84 91 67 86 69 86 58 82 62 55 32 96 64 48 97 87 80 47 51 55 60 5 5 1 62 29 100 27 18 96 97 6 29 19 80 78 49 5 81 97 34 50 80 25 14 86 69 68 5 17 81 55 17 99 37 25 26 91 39 79 61 4 89 65 23 47 28 64 98 90 98 33 64 11 53 35 48 25 1 15 68 76 2 75 15 69 100 67 91 7 47 79 64 38 80 40 12 69 93 76 84 49 44 18 94 0 61 4 89 91 75 87 17 49 77 52 32 65 85 17 51
56 21 15 35 74 34 95 71 59 5 74 71 63 31 31 37 73 83 30 85 2 5 96 32 49 16 92 17 9 96 69 70 19 3 4 53 75 72 81 91 95 5 90 54 26 12 6 79 52 37 74 79 74 33 9 48 98 8 32 15 78 42 65 52 87 74 22 48 40 20 47 84 42 72 31 44 63 34 36 87 17 32 55 72 12 27 68 29 88 65 37 74 2 56 40 44 90 97 16 16 60 13 7 73 81 78 30 46 3 93 42 93 100 13 24 20 10 36 62 97 42 65 40 94 69 76 67 54 27 44 64 11 69 41 56 36 82 100 45 87 50 4 41 82 97 76 55 36 29 15 49 56 74 40 59 53 33 82 0 95 67 70 1 29 87 20 52 95 64 19 62 4 80 4 48 7 98 68 52 93 35 5 66 90 11 71 30 98 21 1 85 91 72 3 57 19 57 55 89 81 65 25 64 11 56 32 95 1 54 57 79 70 25 40 61 69 24 73 18 61 18 70 18 10 29 85 58 4 8 20 83 64 53 33 28 1 40 38 31 76 81 12 8 15 21 91 15 90 3 22 36 98 36 34 59 65 15 31 100 35 39 78 26 53 70 50 3 6 65 4 87 77 69 61 25 16 75 57 45 49 70 1 78 62 55 99 26 15 16 15 83 83 19 50 24 69 83 78 15 48 55 55 55 100 83 99 5 45 80 74 7 8 39 46 90 41 13 87 67 68 47 36 26 1 2 84 54 35 74 32 30 98 24 56 79 52 24 39 92 28 87 49 42 51 82 68 0 2 46 31 69 80 80 77 89 57 53 96 46 59 66 44 16 91 48 52 44 50 62 88 65 17 9 28 9 91 91 52 36 30 55 83 10 24 30 91 50 90 6 4 16 1 48 88 88 96 41 1 19 4
36 26 72 1 37 65 64 12 21 86 8 88 2 87 78 95 72 28 94 91 58 96 10 61 44 58 69 26 48 87 40 88 36 30 73 87 42 75 34 33 7 1 56 53 95 98 47 23 74 86 7 25 99 24 87 14 45 15 4 32 32 31 46 83 62 23 30 92 49 34 17 54 35 87 97 76 8 41 45 34 17 38 68 74 12 92 98 58 66 1 96 84 38 87 64 27 78 2 70 17 35 49 58 64 42 76 19 49 75 81 82 20 45 82 6 21 89 100 79 8 99 6 9 88 28 83 3 78 45 27 54 91 69 49 34 32 42 44 36 67 17 81 6 0 11 15 58 24 58 10 36 17 34 3 3 91 32 85 58 74 92 5 64 67 9 34 4 86 67 60 61 2 82 46 81 97 76 28 46 94 74 43 70 86 9 64 58 77 0 81 77 38 32 14 11 29 86 25 69 54 10 100 55 43 83 82 26 94 2 100 19 42 98 53 66 82 39 27 39 56 42 39 58 55 60 42 0 92 51 7 8 30 76 15 42 79 5 1 87 39 100 99 40 88 66 54 54 78 8 56 7 89 22 63 49 94 95 82 94 40 28 81 100 34 12 28 4 40 58 20 69 34 0 1 17 42 43 24 97 13 79 74 81 86 70 38 95 34 44 80 27 15 62 63 26 95 21 66 60 19 38 33 95 63 24 66 4 17 68 61 59 51 93 100 82 29 78 72 77 60 2 93 60 78 10 71 70 80 1 94 70 84 24 9 30 51 40 31 67 52 77 36 44 74 19 89 45 53 22 93 39 1 22 66 50 68 84 95 30 11 79 95 49 84 65 97 21 9 91 6 66 59 33 79 44 23 63 16 58 67 71 45 32 17 27 16 73 96 32 33 18 17 15 77 31 97 6 12 70 69
25 13 87 3 31 45 67 6 48 67 74 46 68 21 55 58 84 5 87 17 27 83 62 92 78 4 59 76 95 37 77 22 78 10 10 60 95 32 50 66 13 69 75 50 87 90 98 85 96 89 69 7 49 59 54 96 9 88 22 90 42 23 50 50 44 67 13 75 30 37 10 72 8 2 85 6 54 31 94 26 11 8 25 35 76 64 31 85 1 95 7 54 83 62 26 59 14 83 43 70 98 2 73 1 4 27 88 89 59 48 97 23 23 43 57 84 0 20 17 0 71 14 91 45 29 27 13 62 76 28 39 24 41 7 78 22 16 87 75 65 99 88 86 8 18 68 16 56 80 61 13 2 26 35 29 86 48 48 16 49 84 67 56 68 24 7 45 74 33 51 28 73 94 25 11 19 58 58 47 78 65 69 77 13 44 36 46 83 26 71 96 72 13 62 79 70 47 24 11 97 41 36 7 27 70 4 15 39 94 74 17 92 95 64 76 32 17 33 96 91 82 60 73 100 45 38 58 59 55 72 35 1 72 30 90 5 31 50 50 26 6 77 11 94 37 37 70 67 24 17 94 7 17 37 22 31 72 49 0 41 18 92 35 21 5 22 89 97 53 66 79 68 60 56 35 51 15 21 37 34 68 98 0 54 97 91 85 83 87 69 96 78 75 0 81 67 16 34 94 73 67 73 45 22 84 25 43 74 27 45 55 37 55 20 62 69 84 23 80 25 55 49 8 40 43 94 86 92 23 16 57 43 62 10 79 37 38 29 17 28 86 80 74 44 26 48 67 49 45 38 71 34 88 74 21 79 46 74 57 44 27 17 51 73 66 3 27 67 49 19 45 17 39 23 40 4 19 98 33 22 29 78 70 92 96 55 16 71 49 26 31 19 44 87 87 77 33 94 28 100
71 82 62 95 91 54 30 38 36 8 21 50 97 49 7 58 96 87 16 6 17 59 66 45 26 87 77 41 99 17 73 18 60 19 16 68 0 74 29 28 42 77 52 90 31 46 49 84 71 45 2 72 99 58 82 77 84 84 44 68 14 92 12 37 89 92 44 50 38 40 24 92 68 28 32 58 0 79 41 83 94 46 6 100 100 97 50 51 67 48 46 19 16 60 83 87 51 10 94 52 99 47 7 51 92 91 75 44 82 11 94 88 100 32 42 22 82 52 95 48 61 71 83 56 12 43 74 41 12 84 59 41 26 5 35 58 4 39 34 61 74 89 84 0 84 19 70 61 61 57 31 32 85 58 100 19 51 91 97 71 70 35 50 80 50 56 55 51 34 31 21 84 72 20 100 93 85 11 44 68 77 41 70 93 31 80 31 85 23 92 12 29 70 34 39 50 96 81 45 15 16 75 38 20 17 77 96 67 78 35 60 79 80 42 39 54 52 28 71 60 43 3 31 67 42 19 54 53 32 84 91 15 33 41 6 53 71 68 29 86 81 8 35 99 79 20 15 77 38 72 10 5 64 21 51 37 3 49 65 21 24 38 67 80 63 32 87 61 61 40 74 84 98 30 1 28 81 6 32 78 37 94 22 5 48 22 79 46 23 6 31 77 55 25 11 55 98 67 65 64 70 34 12 57 95 55 91 20 73 32 5 80 99 97 7 79 70 77 69 37 7 100 26 62 38 15 35 64 70 99 43 40 42 31 54 26 23 33 63 59 100 5 70 75 43 51 1 93 30 68 21 40 56 57 21 13 53 36 57 83 67 52 42 80 47 98 60 56 3 59 78 73 49 78 43 49 17 6 97 4 21 63 57 31 97 90 55 30 62 81 100 14 6 4 71 14 61 2 90 49
20 90 35 43 88 44 29 3 87 60 79 72 30 20 59 37 44 60 67 24 0 32 54 24 93 3 89 39 21 68 96 54 47 9 9 29 34 52 69 66 30 14 66 19 23 98 93 18 58 8 66 64 81 13 52 4 73 48 67 5 74 97 49 37 60 36 98 85 40 42 28 79 21 84 96 52 93 92 35 94 64 12 46 49 98 99 37 12 52 36 48 96 91 17 86 83 28 61 67 51 60 69 52 23 9 80 75 17 78 63 27 59 27 15 19 11 50 29 27 44 14 96 90 68 42 23 60 4 34 78 79 88 41 89 74 70 56 75 70 73 47 78 92 1 45 95 10 35 44 20 71 71 71 91 69 73 41 1 60 82 39 99 69 25 20 38 53 97 73 36 64 45 98 24 0 84 19 14 60 20 67 83 11 34 68 66 48 98 95 5 23 66 97 8 26 62 60 74 66 45 91 38 8 97 58 94 15 91 44 83 46 65 55 65 61 32 49 85 43 98 63 96 81 75 61 14 97 85 88 36 57 97 17 59 25 40 25 91 33 32 35 97 25 86 78 69 59 99 80 38 93 47 17 34 92 10 28 48 77 24 41 77 78 71 70 53 95 45 4 0 64 45 74 3 24 95 12 4 50 25 39 69 33 61 56 16 52 100 99 78 54 60 9 8 77 78 49 60 74 66 23 82 98 48 15 29 79 77 53 62 46 66 5 71 41 46 22 0 34 77 41 19 45 0 43 7 82 20 93 14 14 84 89 12 2 5 64 93 44 21 24 90 48 15 48 94 3 44 2 55 29 20 58 36 81 70 80 87 22 20 1 22 86 77 63 79 25 73 62 79 40 95 28 19 73 77 4 9 80 8 3 67 0 96 45 77 82 85 39 11 52 41 1 40 14 54 24 34 49 52
13 57 81 91 73 50 92 100 25 27 23 38 3 70 41 55 100 20 97 63 88 43 69 89 8 99 21 0 100 100 73 40 17 59 50 35 42 26 27 6 34 17 74 59 17 35 64 25 39 53 53 51 21 23 30 35 94 76 39 4 89 44 11 56 2 60 52 78 61 97 86 18 19 98 37 90 1 21 68 60 88 89 84 65 38 24 29 32 98 30 65 92 81 13 1 62 20 87 43 24 6 37 43 81 64 92 5 14 49 12 69 0 39 88 17 87 71 29 43 19 82 6 22 53 40 99 84 13 32 39 97 21 30 63 54 5 62 54 86 99 24 59 3 42 76 77 90 6 51 16 15 21 1 47 22 3 79 61 19 40 40 13 51 32 42 44 6 90 64 27 61 6 92 47 83 14 53 10 1 41 54 49 89 4 14 99 30 30 37 11 45 17 47 61 64 90 48 81 34 33 23 27 53 93 10 68 42 38 30 46 50 35 56 72 18 11 42 8 75 27 4 100 0 96 39 29 51 88 45 4 51 86 67 28 9 79 11 32 70 83 91 23 96 76 5 29 31 51 46 93 29 24 83 92 35 74 79 82 90 50 99 54 19 52 24 30 18 99 28 58 61 46 84 56 93 6 94 50 55 49 2 60 19 76 100 2 39 52 6 75 48 30 40 14 94 3 84 49 91 64 47 33 21 68 67 50 53 84 62 94 69 45 98 80 33 31 85 100 5 68 96 43 41 38 89 67 35 41 15 6 81 76 79 32 97 24 38 5 15 32 44 3 36 31 38 3 32 98 62 76 85 62 45 95 57 42 87 20 28 88 25 11 96 42 26 69 52 6 39 32 41 22 37 73 40 7 38 12 44 70 51 37 8 80 23 42 10 29 73 43 18 58 12 45 98 59 71 52 27 34
83 27 4 91 29 94 74 95 50 83 25 34 98 98 69 59 24 96 23 26 10 16 8 20 75 10 32 27 1 79 89 31 87 10 41 62 75 2 24 45 69 31 3 34 17 11 80 52 54 91 95 72 99 94 89 30 71 83 89 99 18 38 100 99 20 76 31 66 93 66 67 29 92 27 28 77 47 2 17 22 25 82 78 91 69 85 19 46 89 17 94 90 79 18 80 11 4 73 16 72 1 34 38 9 65 46 60 97 93 68 66 85 28 92 98 30 4 71 0 14 69 55 56 9 91 76 36 21 8 41 99 70 42 0 9 98 20 62 58 8 49 93 14 30 54 83 2 71 70 22 51 86 92 18 38 57 82 83 80 9 5 27 13 83 97 24 65 1 96 100 50 39 61 59 74 31 65 15 76 99 32 22 20 23 5 63 67 97 5 63 85 34 13 36 93 16 79 1 24 21 92 76 80 13 23 89 80 63 56 49 22 75 90 16 73 77 91 17 26 90 39 14 64 100 91 7 82 23 15 2 46 93 2 56 61 73 89 5 26 85 30 90 34 47 71 7 64 4 92 38 54 11 74 49 76 18 61 22 74 10 23 10 21 26 40 14 54 85 67 63 25 63 84 71 46 27 88 15 7 91 25 28 16 8 86 95 27 48 36 44 7 90 57 51 46 66 19 85 74 82 35 43 51 71 36 49 89 80 66 4 71 41 90 2 94 27 32 85 15 47 84 57 63 51 94 54 90 88 24 12 83 82 25 41 56 7 8 22 4 2 57 99 5 15 5 14 6 33 29 31 65 97 39 6 40 100 53 81 86 49 6 66 19 55 84 96 81 10 1 37 81 42 93 36 6 55 54 51 53 42 24 82 94 10 66 38 83 34 68 51 91 30 10 75 97 82 33 93 58 73
79 16 80 38 61 21 23 92 22 92 61 94 43 15 48 77 92 85 55 64 37 8 3 38 3 2 89 79 80 57 89 9 46 5 70 67 13 91 78 93 17 14 14 64 18 40 85 29 43 0 91 92 27 1 59 57 91 40 94 41 78 5 72 45 24 81 100 41 94 76 41 40 58 68 44 41 33 23 57 28 68 62 30 85 12 42 23 98 45 11 91 85 80 77 18 79 54 87 36 61 42 10 36 16 69 87 95 87 43 65 72 19 74 64 57 44 58 6 92 35 13 2 40 15 6 37 66 61 89 55 45 20 84 81 85 37 63 47 89 0 40 26 34 60 62 46 50 56 64 12 78 61 25 100 26 100 49 61 2 30 36 24 90 58 68 93 71 75 43 6 24 90 44 43 30 2 71 73 37 7 92 76 70 2 73 73 89 29 19 58 15 50 30 24 51 21 14 96 92 83 72 87 63 40 77 64 74 95 95 44 27 17 43 8 33 91 22 92 3 10 14 64 10 68 17 36 53 71 77 72 35 4 36 85 73 75 51 14 9 99 42 86 76 69 85 58 55 24 41 13 93 100 94 50 17 80 64 29 94 90 7 23 61 80 61 91 28 4 63 20 26 72 15 55 66 79 86 0 73 93 21 87 1 59 17 30 0 74 69 70 65 21 12 20 34 20 71 27 36 4 84 97 28 67 100 56 48 64 22 24 86 74 48 41 96 71 50 17 77 73 42 26 69 28 92 47 22 88 18 71 76 27 13 95 66 94 27 49 78 26 16 56 34 64 73 100 73 23 83 52 15 32 23 50 64 40 21 1 35 26 96 4 65 61 95 53 87 46 39 7 79 66 69 58 8 93 14 98 23 90 77 93 26 95 57 2 66 59 6 54 5 29 50 19 13 79 17 68 36 13
71 35 75 60 21 0 68 79 29 60 68 21 38 27 86 27 22 3 92 66 98 38 40 53 18 64 16 51 59 21 72 35 25 11 27 77 43 59 80 44 69 11 2 35 4 58 70 93 20 91 59 85 5 18 46 100 85 51 9 25 81 53 98 94 49 40 60 82 70 76 29 57 41 77 99 5 3 53 89 90 69 32 32 32 30 4 55 25 5 43 10 83 69 13 62 3 21 82 68 67 68 51 11 61 91 73 96 32 98 56 55 24 86 83 56 27 81 34 14 8 60 55 47 99 49 67 35 67 66 94 42 61 38 71 60 98 18 33 65 0 75 16 95 15 80 18 95 80 65 91 58 66 59 10 37 64 11 76 54 71 28 14 27 43 90 13 61 9 26 19 5 45 23 62 81 20 78 62 33 10 48 53 2 1 91 91 2 5 87 2 38 75 5 39 2 95 79 13 57 99 60 41 95 90 29 22 85 95 96 28 19 22 66 63 1 92 13 84 89 57 24 26 76 36 50 97 35 42 33 77 93 15 17 32 81 91 65 54 3 30 80 97 56 91 29 59 76 38 67 43 35 62 56 95 66 90 9 83 53 44 5 93 86 88 42 98 68 53 27 36 94 39 8 75 93 19 26 40 86 66 4 98 2 12 38 35 8 74 35 47 35 39 34 90 75 93 9 62 100 63 38 32 68 85 93 97 68 33 27 16 36 21 10 9 21 50 14 11 39 80 57 11 38 56 74 82 62 81 75 21 84 70 46 94 4 65 9 43 91 8 97 7 20 4 68 87 33 37 45 80 82 45 90 57 34 43 78 100 39 37 60 78 55 41 47 50 79 67 24 43 85 93 53 31 63 10 53 17 27 7 81 43 58 79 94 25 9 52 53 20 88 97 89 2 79 44 27 28 73 54
59 46 92 55 6 38 62 86 93 3 32 26 34 93 70 92 68 0 76 92 92 80 62 37 77 92 57 72 23 88 5 86 39 26 41 14 57 59 97 84 51 28 60 50 60 45 94 0 69 91 54 63 47 50 27 0 10 33 62 64 0 84 13 56 93 32 77 49 19 7 85 23 21 47 73 33 83 79 89 85 96 57 92 83 82 90 86 16 75 88 19 15 17 72 31 62 92 56 64 93 45 80 23 46 37 18 55 1 62 10 74 87 93 23 78 21 90 42 33 98 7 2 14 49 27 48 72 13 84 94 61 30 56 11 83 4 20 23 52 44 38 20 44 89 79 25 14 39 63 63 10 29 43 27 27 80 93 100 50 35 8 11 88 58 56 16 83 82 33 14 4 100 3 39 36 6 38 31 59 99 97 54 38 39 69 39 16 54 81 57 36 10 29 1 88 38 79 53 45 89 72 27 31 59 16 42 51 46 24 36 94 76 35 94 93 78 46 38 14 24 11 65 29 32 17 61 41 4 8 91 74 94 10 97 43 41 12 25 61 77 43 61 62 17 1 72 18 54 13 78 76 66 26 83 59 95 28 61 15 5 87 58 60 36 30 71 43 23 35 38 88 50 72 31 54 78 60 22 56 61 62 27 36 27 30 88 25 32 26 3 2 70 98 65 59 38 58 9 30 72 14 63 3 51 11 10 0 61 0 46 70 17 9 42 67 93 86 17 66 74 16 49 15 59 59 0 97 28 77 41 52 36 38 36 77 77 85 31 68 19 37 25 89 20 22 6 32 12 53 22 73 20 85 81 16 95 85 88 9 75 3 95 82 52 51 88 95 80 2 52 62 94 59 59 47 59 97 74 49 21 42 73 62 10 86 2 22 54 64 61 53 50 3 61 60 91 89 49 27 54
67 96 30 42 94 85 21 70 42 37 48 7 9 49 24 49 2 55 92 21 67 2 52 75 35 3 16 55 16 7 61 59 99 31 7 4 59 40 54 8 30 39 98 69 36 10 92 22 10 42 14 34 89 74 91 47 20 69 90 49 51 19 13 42 67 37 55 62 45 55 85 7 34 82 40 92 69 92 69 33 18 58 58 28 29 50 11 48 17 11 23 85 4 59 100 44 7 9 22 62 95 26 37 11 49 2 24 31 59 15 80 71 15 94 12 90 72 30 28 6 81 29 68 83 66 78 83 43 15 86 18 32 74 2 89 11 1 60 5 10 51 95 98 22 9 21 8 35 79 81 16 71 1 86 44 86 17 49 6 41 40 21 71 42 0 92 58 30 95 16 78 85 72 73 78 25 71 87 92 61 79 71 30 38 72 54 98 54 68 18 41 18 76 12 62 95 83 7 76 52 54 3 99 7 82 51 91 7 78 99 24 97 92 44 10 51 64 21 52 70 71 6 53 48 19 94 67 55 86 67 79 70 9 59 1 77 71 77 33 9 19 13 43 31 53 9 47 23 63 68 85 20 17 21 54 39 67 22 90 47 100 44 47 91 18 7 96 46 34 65 86 16 78 64 22 30 56 43 52 42 46 48 76 79 15 36 93 85 80 52 47 23 74 38 59 33 40 68 96 12 24 7 84 96 39 31 62 72 35 15 59 74 25 46 98 91 28 88 31 86 27 20 73 5 35 64 96 26 78 21 70 94 94 69 89 90 9 63 81 63 45 31 68 19 80 29 89 12 56 28 89 47 78 17 54 68 81 16 6 49 25 90 82 0 11 51 58 83 1 96 70 9 44 71 78 41 73 19 4 42 28 51 66 16 62 65 79 17 72 94 99 71 1 20 66 47 32 64 52 4
83 56 91 26 2 13 48 36 92 2 22 9 14 91 88 70 98 43 96 43 76 27 91 57 28 40 87 73 71 80 73 28 0 90 12 88 100 29 39 41 41 77 78 83 21 70 16 17 90 53 60 5 10 39 21 16 57 65 11 25 33 55 31 75 16 10 68 75 55 83 76 70 0 60 30 62 43 43 36 72 76 81 5 95 33 84 33 58 10 77 40 6 78 74 18 78 8 78 32 18 31 84 14 11 28 54 85 88 57 6 55 54 21 53 91 78 60 27 57 55 33 27 51 59 97 78 88 77 97 11 14 86 27 37 5 55 59 93 21 58 11 92 61 99 84 24 48 69 67 48 63 10 98 32 15 34 57 70 6 5 6 42 69 17 9 44 62 97 63 65 21 77 43 46 11 98 44 92 77 11 63 99 59 41 58 39 18 33 43 50 31 81 64 4 2 65 49 8 91 27 50 35 36 29 65 57 17 60 43 98 94 12 17 80 58 81 67 26 64 52 9 65 68 38 69 44 66 34 15 72 71 25 43 84 32 1 82 95 21 9 72 5 63 48 66 47 27 17 14 85 67 89 33 5 24 11 97 98 15 82 42 95 75 0 84 19 55 5 10 55 41 22 42 23 29 77 40 99 35 83 33 21 16 48 51 64 29 63 82 28 58 1 100 79 49 97 72 57 64 69 7 56 1 93 75 70 6 89 14 23 44 89 9 49 50 98 30 31 54 75 6 72 27 19 20 44 6 83 69 95 69 65 74 74 88 79 17 73 47 72 70 33 27 8 87 44 60 72 15 82 52 61 7 35 100 95 8 76 77 36 64 72 52 49 4 34 48 83 48 52 81 58 14 88 78 99 90 23 49 24 0 73 35 19 5 66 62 94 96 40 66 35 97 53 92 76 75 66 56 80
99 27 39 78 18 67 8 60 74 94 22 88 31 94 15 84 43 67 12 46 28 70 57 7 9 42 57 75 87 6 99 2 61 23 56 36 27 26 92 77 37 77 58 25 14 18 92 30 88 50 88 56 3 5 84 55 58 42 50 23 89 68 87 0 57 41 78 48 89 37 99 5 83 93 40 91 6 45 73 5 40 46 73 26 93 100 46 46 68 47 39 45 67 46 88 44 81 83 21 33 40 31 35 66 8 72 72 9 10 74 22 0 19 72 18 83 24 72 56 89 99 31 15 14 47 90 95 10 78 2 50 6 51 36 4 99 40 64 47 29 6 72 70 24 94 61 76 22 78 80 100 87 38 45 31 68 18 64 70 27 45 16 32 37 93 74 5 42 57 40 0 38 12 69 83 58 97 55 6 22 35 35 45 0 56 63 67 33 30 32 55 4 32 7 50 25 61 32 73 36 17 83 7 98 6 48 96 49 21 2 57 96 90 68 77 100 95 13 11 52 54 48 16 49 78 68 60 25 12 47 62 60 69 29 89 10 0 37 18 20 34 68 73 91 2 72 17 10 36 52 13 62 57 39 94 84 55 90 23 0 77 0 91 82 11 12 52 17 79 50 44 41 0 74 42 96 60 40 19 91 41 29 20 72 98 27 98 37 52 29 7 17 41 86 76 78 38 51 90 13 23 89 62 6 79 37 8 61 10 100 0 40 67 2 86 61 24 27 6 79 13 21 24 55 48 97 52 100 60 49 83 42 65 29 35 9 16 73 65 58 67 15 20 87 89 28 7 53 82 98 28 69 19 43 93 24 54 90 40 83 12 7 78 59 46 24 69 36 38 11 80 31 63 50 39 19 90 99 38 57 5 81 36 40 22 93 52 98 12 71 4 16 48 50 93 90 77 22 74 14
4 2 22 51 22 51 94 32 25 86 59 50 99 99 86 2 68 61 34 80 70 0 16 24 94 49 48 86 7 66 14 97 13 48 63 42 25 86 14 88 47 65 95 62 36 16 57 72 29 21 6 41 35 52 81 80 55 47 74 16 91 85 11 23 27 60 15 52 74 85 26 79 5 31 87 34 29 89 44 10 30 89 28 48 79 71 78 88 27 61 31 51 1 90 50 7 58 41 51 96 56 26 34 13 23 5 24 49 87 46 37 6 49 73 18 61 10 15 83 6 9 13 5 3 73 51 68 32 20 12 9 67 54 86 66 61 63 94 22 2 54 71 16 49 39 76 89 60 26 37 43 1 95 61 30 63 22 73 91 96 52 24 99 10 57 20 91 15 93 82 76 16 13 5 100 61 95 76 14 17 7 28 93 87 1 5 78 10 55 56 83 80 10 62 10 13 1 24 27 70 3 8 4 25 76 19 69 40 42 35 94 4 29 87 40 18 8 16 36 21 55 13 97 13 70 81 24 25 64 21 78 3 6 90 97 58 25 84 14 34 80 98 63 9 22 65 15 93 2 42 55 77 27 35 28 58 48 16 72 98 16 43 61 86 43 19 90 35 93 29 31 59 91 32 29 77 78 61 63 42 44 84 10 44 69 3 17 53 39 36 46 1 2 96 74 57 18 79 39 13 40 91 45 34 1 73 61 85 17 55 14 6 67 78 35 60 72 51 54 56 1 73 24 87 67 82 68 25 80 6 71 70 11 96 55 39 60 7 95 21 46 26 42 57 33 18 51 29 44 1 56 27 43 58 13 46 84 53 49 12 98 41 4 91 72 63 68 1 29 12 68 11 51 43 19 93 15 19 78 6 58 38 33 83 46 80 60 63 86 32 14 12 73 52 56 13 83 98 61 64
23 74 15 51 61 50 15 51 36 18 69 18 61 99 67 95 79 35 51 70 26 78 65 57 75 55 38 42 5 79 100 50 60 19 65 6 33 62 41 35 0 2 41 97 84 54 49 25 49 17 85 55 77 53 98 52 64 31 4 23 65 64 7 0 20 67 25 99 100 96 8 2 58 47 90 99 74 67 91 69 50 83 66 23 1 62 34 91 5 6 6 20 13 67 97 100 73 39 59 89 30 27 73 95 47 29 20 74 53 33 38 67 39 99 35 65 44 29 99 51 16 26 62 10 23 7 2 25 48 8 17 88 2 60 13 72 94 77 28 20 44 11 68 8 93 99 84 35 57 22 43 81 7 63 47 74 40 74 78 10 27 98 54 45 80 48 21 4 30 24 71 66 69 73 62 29 97 70 30 6 37 68 49 92 44 92 78 9 6 33 7 58 24 43 80 1 90 0 95 71 40 23 98 79 64 20 81 25 73 0 6 24 16 95 90 56 5 60 4 22 77 65 2 25 66 34 44 19 36 96 53 58 15 87 75 82 7 43 9 26 61 91 37 6 48 77 19 55 29 86 61 2 38 24 60 66 26 34 54 49 5 16 59 2 63 23 52 56 24 54 26 60 75 96 75 60 92 85 94 79 28 25 52 43 41 95 93 66 75 60 90 98 83 29 55 40 0 76 90 24 97 92 75 20 64 93 57 50 79 73 32 95 23 92 76 95 43 84 74 97 43 53 70 46 62 56 63 50 59 40 37 16 52 25 10 48 40 49 94 3 75 33 47 17 5 92 63 88 84 85 95 99 38 21 60 77 24 60 49 66 69 47 17 13 58 9 9 64 78 74 24 76 55 38 76 14 26 99 39 85 13 70 88 42 34 100 90 20 48 63 87 5 46 78 30 16 26 99 96 39
97 63 1 30 8 77 90 78 0 24 84 4 93 30 89 66 25 49 60 79 57 8 23 14 7 33 89 21 56 78 27 88 22 41 48 36 67 75 19 9 46 41 69 19 44 66 44 51 57 25 41 92 6 45 66 86 77 60 91 82 47 67 14 83 24 78 51 35 78 100 25 53 81 64 94 84 27 29 18 34 89 99 26 55 59 51 9 66 53 29 24 52 32 37 86 80 96 37 63 13 13 66 91 30 31 34 86 44 17 68 44 44 21 81 95 51 92 10 81 60 43 60 79 69 74 13 50 46 16 96 27 11 49 80 89 62 83 93 54 60 78 36 58 56 15 45 14 28 36 9 64 98 20 93 53 72 42 47 36 1 76 89 2 64 13 18 48 35 87 94 20 92 11 40 34 33 6 21 85 27 6 52 41 38 96 19 10 10 97 16 92 19 86 3 90 100 80 28 95 36 38 53 61 18 60 36 11 46 55 27 95 97 16 46 88 49 36 93 74 28 49 87 99 11 5 67 65 64 44 71 6 17 55 83 91 31 30 54 33 58 42 6 4 48 73 81 96 94 67 13 40 84 54 98 87 30 54 55 73 83 37 77 33 0 33 24 98 74 21 30 78 7 12 13 43 33 30 64 15 80 36 99 55 35 77 62 99 24 86 70 35 71 20 56 23 58 38 10 78 76 20 53 68 14 90 47 33 20 17 29 15 37 76 59 30 93 62 79 85 48 74 98 28 98 34 19 83 95 74 10 83 12 41 4 31 71 89 18 21 45 88 71 7 4 31 25 70 23 31 79 66 56 5 34 81 41 41 43 40 93 73 62 46 26 12 1 18 55 78 32 60 5 82 47 8 75 31 37 30 46 54 3 2 32 71 75 11 76 71 6 33 15 89 49 91 36 82 25 76 35
8 50 46 46 57 1 34 90 64 89 68 5 23 48 46 34 27 10 33 36 14 87 19 100 38 4 78 67 29 36 59 10 26 39 77 25 57 47 57 45 100 39 28 52 37 81 55 14 39 56 83 60 4 47 9 57 97 80 11 55 21 66 58 97 59 25 55 75 4 65 30 94 54 71 21 27 85 12 63 75 38 29 94 89 4 94 49 87 83 35 66 1 25 100 8 49 3 43 91 77 45 67 36 18 19 28 40 69 25 75 42 4 26 84 47 74 16 66 83 46 53 80 62 85 62 64 86 72 47 25 44 61 82 72 88 24 38 67 84 40 100 97 19 29 15 33 44 88 95 53 6 20 69 83 75 15 47 7 20 54 75 50 82 48 68 65 19 52 53 25 47 89 4 34 70 50 85 18 84 39 90 9 57 12 20 23 92 48 22 100 37 26 56 83 91 49 9 13 75 85 93 55 80 72 37 67 3 89 49 62 45 95 18 0 88 11 10 85 20 77 36 16 84 71 29 90 26 15 24 9 77 67 4 72 68 82 37 51 80 7 47 81 59 80 89 21 65 40 81 82 14 28 52 53 71 81 11 49 72 77 20 39 46 58 56 35 94 31 96 89 99 72 84 22 57 100 90 89 81 8 17 92 11 99 37 83 73 97 21 66 96 87 79 78 82 10 61 52 65 36 61 92 21 92 22 1 46 7 79 86 11 93 43 93 29 77 90 88 5 36 3 67 99 69 3 77 96 84 29 99 75 32 80 21 52 52 8 55 89 64 62 78 3 21 33 55 96 10 75 8 16 90 91 15 21 60 67 12 5 41 5 49 26 82 74 51 86 80 50 96 20 42 2 62 46 35 44 53 47 14 37 65 76 10 26 30 64 11 90 38 68 60 99 5 0 26 93 82 25 27
32 62 84 79 95 80 50 35 39 24 60 24 25 51 64 0 87 68 3 38 57 32 47 43 65 19 59 5 78 0 67 70 0 40 30 32 64 47 20 81 42 55 40 94 34 11 45 12 37 15 23 78 88 94 44 4 54 74 22 23 6 27 12 48 34 14 4 45 72 70 68 44 28 28 7 33 58 92 73 30 91 86 4 93 19 0 32 27 62 43 35 52 61 67 83 89 75 92 27 60 29 66 94 6 5 22 1 96 35 54 42 55 28 38 1 66 91 63 100 8 79 87 42 89 45 9 1 78 66 82 100 13 88 50 50 52 26 27 8 3 16 89 3 49 3 86 26 49 100 30 63 66 8 13 12 78 49 94 0 6 69 76 33 80 87 61 41 89 20 41 18 24 71 51 55 4 95 59 69 17 8 65 48 31 28 18 86 100 84 97 34 61 32 61 39 100 77 0 82 92 77 5 10 30 0 30 91 64 88 4 31 67 82 2 35 27 16 47 12 51 72 91 70 80 71 83 45 86 66 95 5 78 16 100 76 22 78 5 98 77 45 65 52 10 11 69 4 86 80 51 58 61 83 7 78 40 41 6 14 44 15 30 39 37 33 20 23 77 6 75 64 71 8 62 94 75 20 79 79 28 98 7 5 62 59 11 38 64 33 80 88 66 80 89 81 62 12 58 41 94 8 19 54 26 46 29 88 49 15 54 24 61 21 58 78 7 77 9 40 26 78 5 86 6 53 28 35 21 68 31 89 34 74 25 55 23 9 13 93 32 11 40 71 0 11 65 50 37 89 48 94 49 30 89 10 25 80 84 5 14 16 50 58 92 92 33 89 6 69 47 46 27 31 25 19 78 57 84 98 97 48 67 32 62 84 0 16 79 5 63 14 100 77 35 3 38 42 89 96 63
88 49 1 58 64 40 99 31 81 62 58 45 26 77 35 77 21 68 15 45 98 56 1 9 9 24 50 90 71 16 63 66 91 37 100 25 32 73 43 25 21 68 68 46 23 43 63 65 100 62 55 7 57 10 11 48 64 28 89 6 41 33 7 10 82 0 60 44 93 3 73 63 18 99 71 40 96 85 62 53 44 82 59 28 79 17 93 0 70 84 83 41 82 86 86 88 29 38 70 7 12 12 98 30 49 41 16 5 43 11 71 80 21 52 18 43 56 73 99 85 65 6 98 59 52 16 49 93 87 35 62 75 47 91 31 38 100 45 78 73 54 8 63 85 71 54 10 31 2 52 94 89 27 87 1 30 22 63 10 82 5 79 38 52 44 87 44 14 77 86 87 33 91 54 98 59 31 5 86 65 75 63 39 12 89 49 2 34 68 14 31 99 50 82 77 80 70 17 74 77 79 21 35 34 66 55 68 36 64 1 21 35 34 54 2 90 81 91 79 57 30 57 22 97 94 43 98 85 44 15 36 75 27 62 46 71 49 46 32 80 88 79 11 72 27 79 86 55 72 67 30 31 38 36 46 5 47 67 76 54 97 99 42 40 16 93 71 68 22 100 5 62 74 68 73 25 36 68 43 8 71 86 48 69 10 52 15 40 23 91 28 31 62 36 87 30 59 80 24 48 13 22 90 55 39 50 0 53 50 81 54 34 3 98 5 89 7 96 87 39 41 68 20 25 89 27 45 20 37 53 76 69 62 88 29 53 41 77 17 54 30 18 74 81 71 46 92 49 17 98 37 6 80 43 27 83 25 79 54 49 6 73 49 20 56 47 13 44 77 65 89 100 66 98 53 56 91 88 38 84 1 29 11 1 55 87 93 54 32 35 60 42 90 13 84 65 50 30 15 3
21 51 68 65 72 13 21 54 58 17 93 28 66 100 55 99 71 21 2 0 4 92 96 25 95 92 31 13 76 32 0 58 96 4 26 57 76 66 44 3 29 32 37 31 73 93 80 94 84 2 1 62 91 94 67 9 88 100 13 39 41 35 26 71 58 74 45 29 72 15 39 69 74 53 93 99 59 64 7 41 47 23 53 56 33 54 18 53 92 57 72 90 78 51 80 11 23 60 46 98 76 57 79 45 60 25 6 47 79 84 14 17 62 67 3 87 40 29 0 68 23 57 80 1 42 80 75 1 49 60 10 92 55 14 100 53 46 61 22 60 60 64 20 77 2 33 74 13 76 43 49 83 64 52 68 38 61 83 25 42 32 31 98 63 11 67 55 77 46 5 100 34 64 42 81 86 18 52 12 60 29 7 66 63 3 92 23 82 32 22 87 64 25 71 94 77 85 69 49 20 93 70 47 39 14 14 3 17 28 96 83 34 73 50 5 36 98 91 82 74 1 53 69 43 53 81 2 99 71 25 9 36 44 66 11 59 18 33 71 91 28 55 44 3 85 92 64 54 26 87 29 12 27 32 64 49 32 100 94 99 19 50 63 53 92 23 87 88 11 93 74 5 37 18 77 16 38 23 11 9 76 42 1 41 12 58 84 44 27 26 40 79 38 38 73 76 69 42 86 55 62 84 89 34 11 56 66 43 52 45 52 95 86 47 13 66 41 64 75 63 12 66 93 61 89 33 34 67 3 71 87 6 11 74 58 96 64 18 47 21 75 57 35 83 91 92 15 84 86 14 87 53 3 6 82 66 83 37 36 7 25 26 58 70 17 0 62 90 68 40 20 64 88 1 53 43 78 10 83 42 57 5 40 85 5 25 92 37 7 55 56 3 69 58 37 23 25 64 78 32
51 75 7 62 23 0 100 54 8 63 26 32 45 27 88 51 51 28 74 29 69 47 29 79 65 11 88 85 41 51 17 70 52 86 79 39 94 25 98 46 63 86 66 46 73 81 34 82 95 12 13 48 97 33 1 74 25 98 6 72 16 27 66 58 51 63 25 45 37 52 16 48 65 64 55 29 57 20 2 73 81 3 56 61 38 77 54 88 41 66 87 13 84 54 35 30 59 100 52 42 4 96 36 44 22 89 6 83 69 82 69 7 56 63 5 91 81 94 5 83 71 66 44 87 22 26 35 69 83 29 16 19 42 28 18 56 0 18 10 21 99 88 5 64 66 71 3 97 100 53 96 87 72 31 12 55 48 72 97 100 49 53 69 48 34 2 2 26 71 57 28 94 35 4 15 70 90 0 0 9 50 44 60 7 44 17 59 88 18 79 87 80 13 75 91 74 69 4 38 71 13 11 95 5 12 47 76 31 83 94 94 26 60 100 9 0 16 55 33 52 64 38 57 16 40 8 97 94 24 9 63 80 90 63 29 61 51 94 32 39 38 47 72 99 74 32 34 94 92 25 1 42 74 25 66 33 34 11 43 77 91 47 53 78 79 67 32 27 19 74 39 45 4 18 57 74 23 54 37 21 82 26 34 41 60 24 6 77 66 5 95 59 20 0 51 82 74 73 2 83 89 50 24 58 41 48 28 73 22 9 95 43 97 27 94 89 57 56 99 7 23 23 78 10 61 56 51 52 63 43 35 37 2 86 3 64 89 63 75 64 67 93 73 98 51 87 86 70 99 16 52 62 62 94 73 87 3 60 70 6 43 30 49 36 74 17 47 20 64 45 57 32 8 34 98 90 86 87 53 26 31 53 56 0 75 36 79 8 30 61 29 79 33 76 32 66 89 51 38 2
2 38 3 13 94 16 1 85 11 65 97 45 76 77 40 30 49 10 52 50 10 69 23 53 50 25 66 43 100 49 67 90 67 93 24 11 17 84 30 9 20 63 53 57 80 7 80 69 49 13 56 61 26 76 42 34 20 59 62 0 9 20 33 10 3 38 8 8 31 98 61 58 6 4 39 6 37 77 15 35 72 45 58 35 20 34 14 55 23 42 7 24 62 71 60 53 42 16 14 12 97 57 24 42 10 2 68 94 70 47 30 35 21 32 38 77 16 36 28 20 0 63 21 93 41 39 51 90 95 58 57 64 53 87 82 43 15 75 27 79 89 61 17 88 91 12 75 22 41 54 99 27 52 85 36 13 19 63 11 61 12 34 32 38 8 91 0 1 78 32 13 26 10 96 82 43 29 66 50 46 89 35 48 57 39 41 42 28 61 55 5 19 62 37 84 61 1 69 47 48 84 96 3 82 77 31 61 100 62 9 88 88 15 63 85 77 2 2 81 34 74 8 2 56 82 30 45 32 28 10 57 50 94 31 94 35 36 76 20 34 92 59 77 98 33 37 94 4 61 10 49 58 43 1 28 46 62 23 16 100 89 8 69 50 30 23 33 85 80 16 72 49 98 63 55 93 19 12 98 46 46 55 72 91 68 46 68 63 48 60 85 79 34 41 47 13 20 36 31 89 1 97 95 15 26 96 100 50 11 52 19 46 12 87 27 65 3 94 42 62 94 82 66 91 64 53 34 16 47 99 94 44 22 48 57 40 80 7 58 21 87 15 0 27 0 25 62 98 64 22 69 99 21 59 86 81 84 32 7 88 34 8 70 6 86 87 32 8 51 90 55 39 36 71 11 93 46 89 50 30 33 38 29 36 74 63 61 35 55 5 77 17 69 47 23 8 85 95 97 99
19 71 71 65 68 60 8 61 70 12 55 44 97 71 55 45 30 18 87 95 12 15 5 8 75 78 32 95 84 73 91 48 4 27 56 29 19 51 74 54 47 16 43 14 54 7 27 4 92 19 80 80 58 77 75 46 70 17 18 29 27 69 61 12 89 67 87 69 29 84 52 25 1 43 84 1 77 95 82 17 27 49 80 29 81 91 100 87 56 5 19 83 57 13 1 73 97 80 43 62 46 34 6 7 79 41 95 86 13 98 3 65 42 5 13 29 12 79 42 59 75 20 28 47 9 23 79 34 34 5 61 76 74 24 1 50 79 43 44 38 5 20 12 77 0 54 25 5 48 49 52 61 50 61 2 12 14 2 18 17 67 77 38 15 98 70 87 54 84 38 80 59 18 7 83 52 33 22 86 52 23 83 48 55 95 52 26 71 44 45 75 54 23 21 35 1 26 65 7 39 29 4 14 15 97 57 43 50 83 95 18 23 73 40 50 88 37 42 17 81 80 48 2 91 55 40 60 65 90 50 82 72 89 45 31 18 47 75 61 72 70 91 64 50 41 22 0 84 56 16 24 85 9 10 85 35 68 40 55 91 22 70 5 100 93 50 72 2 3 47 15 91 14 88 81 47 5 9 18 37 35 52 50 99 12 48 34 0 78 16 87 2 84 92 85 36 86 12 58 34 32 80 9 56 50 7 60 51 48 52 81 99 38 15 32 13 72 20 39 69 49 56 14 24 56 74 94 55 12 88 97 72 21 15 37 33 60 55 37 26 16 61 28 66 39 19 55 58 99 96 63 98 55 32 80 41 50 3 85 98 81 71 75 33 100 40 54 81 7 48 13 8 95 64 94 4 54 33 34 44 50 87 75 97 51 96 3 75 86 52 63 52 13 87 20 82 97 83 14 60
17 81 0 4 70 74 3 72 45 1 67 12 84 40 32 72 69 64 99 21 40 85 11 0 64 45 32 72 47 52 5 22 57 99 22 54 52 99 25 57 9 19 94 27 20 18 66 45 94 3 8 95 96 20 62 26 75 45 39 36 3 68 0 24 41 9 11 71 65 37 36 37 95 86 69 55 86 100 16 33 0 33 6 65 99 33 99 45 87 85 58 77 30 39 53 87 81 33 70 87 14 29 85 12 61 31 69 52 64 66 94 16 8 33 93 73 31 41 83 86 72 49 81 11 81 25 65 52 32 13 9 39 13 68 1 97 20 86 25 42 95 77 43 45 0 97 8 95 45 30 13 83 87 15 81 91 10 60 29 81 90 29 5 50 10 64 93 10 6 68 73 47 21 37 79 6 40 85 77 26 82 75 85 53 33 74 50 30 71 51 22 87 31 60 44 53 72 15 79 52 89 43 2 70 25 80 78 90 78 32 38 95 79 76 10 62 73 23 58 25 4 87 6 44 2 44 28 85 10 26 22 93 40 15 91 42 61 73 83 6 61 44 38 28 85 57 65 11 45 18 5 68 25 75 4 49 29 16 27 100 61 80 71 95 56 27 73 6 73 64 73 39 58 63 77 28 89 80 5 11 2 98 36 7 51 13 64 73 100 93 100 25 14 78 76 47 29 40 55 58 94 50 77 42 68 89 69 28 80 35 95 47 98 68 98 54 11 30 13 91 84 18 30 79 42 90 67 63 17 44 59 56 97 30 48 60 29 36 62 13 65 37 74 91 3 3 25 40 90 41 70 18 75 63 36 69 11 28 60 88 87 39 61 46 23 8 9 36 89 19 62 8 30 16 92 42 95 41 15 2 23 39 30 12 5 74 80 14 43 8 52 4 22 43 11 6 53 26 59 57
41 34 96 79 37 76 35 94 20 90 42 94 2 53 39 84 32 75 95 31 24 28 5 40 97 40 92 100 68 88 75 52 94 87 47 52 72 35 99 49 11 57 71 77 24 43 46 54 4 63 44 36 16 50 24 48 88 85 22 8 49 47 67 33 26 21 63 83 3 100 55 80 23 83 45 35 14 46 78 94 48 57 40 28 61 17 44 65 85 45 74 68 85 58 83 28 29 1 62 23 34 82 25 38 23 7 15 63 10 36 7 60 24 18 43 73 48 31 22 59 97 87 14 75 88 79 79 99 79 86 35 93 57 7 80 49 96 24 43 57 61 11 14 95 31 90 9 77 56 99 91 77 53 25 79 25 80 66 7 4 78 54 12 72 62 99 85 11 48 90 37 69 35 16 91 97 31 37 12 69 9 52 59 29 62 54 77 61 6 57 18 92 32 77 3 6 80 21 32 10 88 85 35 10 75 27 53 66 6 86 83 51 46 63 53 24 84 27 14 4 1 9 24 97 28 75 20 76 91 10 69 18 29 99 73 15 95 81 21 68 100 54 83 25 67 68 44 0 62 48 95 66 82 59 16 54 40 64 82 70 100 47 67 93 48 40 48 94 19 22 90 3 6 15 38 91 95 47 23 81 4 39 58 41 55 74 23 46 14 56 81 94 1 5 82 48 58 34 46 56 51 18 31 56 69 33 37 62 84 90 100 63 24 17 34 24 7 79 64 13 83 22 37 33 2 78 17 81 1 73 3 14 33 77 43 48 41 33 40 10 54 37 75 100 61 61 12 50 61 93 96 5 23 60 46 12 52 73 29 59 15 100 75 72 76 85 90 34 0 84 74 1 66 78 23 91 88 1 57 17 47 83 3 54 93 93 96 75 16 28 56 12 33 8 80 92 80 92 6 28
50 92 65 53 98 27 78 6 50 21 4 78 13 58 49 63 33 93 38 88 54 68 59 8 98 14 28 60 40 41 76 89 93 29 11 97 78 79 21 83 10 9 34 49 11 99 59 27 28 12 61 92 71 25 2 72 9 46 13 3 91 82 96 82 50 85 52 7 24 69 33 52 66 31 89 62 94 59 69 22 26 76 57 80 71 67 56 96 33 0 84 20 38 12 7 91 27 0 91 42 28 40 0 7 14 26 84 15 86 100 32 55 100 53 20 74 83 98 71 63 23 75 56 88 65 91 64 49 0 65 52 67 50 10 84 3 38 61 57 51 98 67 67 93 86 33 100 56 66 74 8 44 70 63 73 88 48 36 90 59 15 24 86 81 92 25 33 47 65 39 87 48 95 72 26 61 93 2 17 32 4 67 91 100 98 72 8 51 3 49 80 84 9 6 90 54 33 18 29 36 80 1 58 55 73 53 26 0 56 95 11 12 13 52 47 91 28 28 19 2 11 83 10 14 81 70 84 47 29 28 29 44 82 30 69 34 9 1 17 94 7 98 75 54 69 0 42 92 53 64 55 73 78 42 67 23 26 91 64 3 23 92 87 89 13 14 3 6 21 25 80 46 50 3 88 0 64 76 6 35 85 25 10 15 75 2 78 80 82 85 61 98 75 48 71 57 93 71 93 53 91 4 50 13 68 84 34 53 97 72 17 87 51 80 17 87 65 40 7 2 78 63 95 23 60 92 48 50 99 65 43 92 27 85 44 63 46 77 42 93 100 40 26 45 100 35 12 7 31 90 3 19 87 100 61 94 66 66 55 57 25 12 47 24 1 42 28 83 42 90 85 12 15 48 89 27 81 58 8 8 59 12 69 36 73 64 92 78 46 73 77 90 38 51 50 78 59 3 18 73
17 31 4 79 64 17 94 97 79 9 46 13 19 19 94 44 78 63 83 80 96 21 79 56 30 39 32 4 65 7 65 16 14 36 12 35 19 8 46 93 17 92 17 34 57 2 58 97 100 12 27 3 88 60 25 30 85 13 90 61 19 26 48 70 35 88 9 32 72 46 19 88 4 3 91 10 8 69 51 54 0 88 83 56 13 45 40 8 95 58 89 62 90 3 54 28 62 98 64 45 67 41 16 33 76 19 9 24 96 40 29 1 64 34 66 38 32 56 100 86 33 99 78 34 29 78 63 19 20 35 2 46 48 68 53 82 40 5 50 79 22 98 76 67 3 45 27 62 9 48 41 61 73 66 23 63 79 41 72 100 12 29 100 73 8 78 32 12 20 73 52 34 13 9 50 29 83 15 40 75 7 91 73 18 85 68 39 95 24 19 67 95 97 97 77 29 25 71 30 1 64 0 35 84 65 83 35 20 68 58 88 46 20 37 28 99 73 30 7 10 95 53 19 34 36 53 7 12 18 0 87 79 6 21 91 38 66 45 4 56 79 96 56 63 81 41 17 19 72 48 40 66 30 39 17 57 6 71 56 90 60 58 77 23 42 79 71 34 15 25 15 25 45 3 83 91 61 78 79 24 96 88 0 46 30 10 100 29 51 82 24 61 38 5 64 20 36 83 9 33 93 78 41 92 19 94 96 36 82 24 76 16 14 74 11 13 82 73 37 87 78 69 98 82 30 2 57 40 52 68 33 9 43 55 43 45 91 18 100 56 46 71 2 45 80 0 55 41 57 9 2 28 0 79 96 29 92 25 76 73 67 30 84 10 39 18 73 48 87 39 49 69 99 33 73 79 75 44 81 35 57 81 76 84 18 13 8 33 37 58 83 94 10 36 20 44 37 55 76 27
18 0 53 97 13 2 54 54 23 70 26 7 29 59 90 19 5 64 70 5 60 71 26 75 53 17 2 5 1 10 49 89 64 92 2 84 76 81 72 8 9 65 79 86 36 94 78 78 1 19 39 84 10 57 95 0 2 23 22 8 57 58 59 45 64 49 80 43 2 70 31 37 42 22 83 53 9 8 36 83 77 28 60 65 14 98 65 11 3 40 30 37 55 45 86 73 97 37 100 20 5 85 59 17 67 7 74 57 97 36 75 4 8 22 20 64 55 8 71 99 57 27 57 37 38 28 90 38 33 34 32 15 45 59 69 88 60 69 31 54 40 78 61 64 33 19 9 58 54 97 67 35 86 20 75 13 65 26 26 82 94 87 10 19 94 80 50 65 12 45 4 9 49 79 70 91 21 18 90 27 83 37 31 47 96 66 6 49 16 89 52 52 45 68 55 89 18 22 19 25 14 4 56 58 40 64 21 28 67 30 16 66 87 53 44 97 81 42 53 34 67 45 51 4 12 12 44 44 8 49 74 12 82 3 87 35 93 19 80 71 41 37 98 78 19 96 78 77 37 36 69 50 99 72 9 31 85 17 61 62 18 95 54 57 40 2 6 71 90 17 59 88 8 38 98 51 37 56 45 68 79 67 100 93 94 41 4 65 50 26 16 21 46 66 49 12 89 67 52 78 18 52 12 46 1 93 53 78 69 60 19 38 82 74 87 80 25 71 52 7 90 74 67 90 0 5 22 70 29 5 72 19 62 72 40 53 31 78 75 66 9 33 90 19 61 25 59 64 1 41 73 27 44 70 89 31 16 69 60 37 21 51 4 9 91 94 92 14 57 16 32 67 29 88 56 77 73 63 81 99 74 27 97 31 31 49 2 94 28 3 18 59 54 69 51 59 77 66 43 23
60 85 72 19 28 36 27 72 68 51 31 51 11 33 1 61 55 20 96 92 18 83 54 21 78 93 48 41 34 45 99 76 26 27 9 22 27 27 91 11 52 37 48 41 13 81 3 21 46 69 75 71 88 42 47 69 76 83 86 78 75 14 24 9 92 37 15 67 41 73 10 36 62 17 36 100 91 36 97 3 54 83 81 48 43 44 80 66 77 9 78 94 37 7 65 34 71 91 28 48 39 17 32 81 39 47 4 91 7 14 81 32 26 25 25 83 54 18 50 65 35 8 86 33 85 8 9 42 47 82 41 70 45 20 16 16 61 79 53 76 65 79 85 85 16 46 30 49 37 3 7 15 84 86 93 90 52 60 14 34 50 39 74 87 34 92 66 71 5 28 17 39 63 52 82 85 39 95 25 46 83 91 28 86 56 44 73 76 17 29 12 15 92 17 11 17 74 100 87 89 82 9 59 91 59 55 49 14 28 63 61 22 44 84 1 91 22 22 54 64 82 38 86 24 17 20 16 61 75 72 63 92 74 61 42 60 15 31 7 77 41 15 36 23 23 46 81 78 26 94 93 35 0 87 1 79 49 42 20 52 93 2 13 7 18 61 82 96 3 17 91 19 10 75 81 83 85 57 40 30 38 32 72 96 27 94 17 28 19 47 88 30 0 53 26 95 78 51 36 66 87 9 79 35 43 57 57 52 87 23 60 36 99 12 100 72 73 30 55 66 43 80 28 33 46 26 13 91 30 45 22 16 34 30 26 91 76 90 65 2 65 26 11 21 81 60 58 83 94 48 49 25 50 87 49 61 19 69 67 84 5 3 5 72 89 93 73 86 79 87 60 83 48 38 99 98 98 98 98 99 13 48 1 67 30 0 39 55 23 51 68 32 79 69 60 43 99 0 58 5
47 52 56 64 47 86 9 73 33 49 64 75 25 9 31 19 11 5 46 76 28 57 55 38 72 73 51 3 13 4 91 74 11 100 51 10 0 50 74 92 76 30 35 32 52 31 4 33 100 24 23 38 99 28 35 53 22 50 80 27 9 10 38 4 72 88 8 83 47 96 15 88 5 95 11 16 66 23 4 4 67 49 48 1 29 61 26 98 17 32 21 51 8 78 73 22 83 61 58 60 100 60 19 35 51 55 67 12 76 11 17 24 66 68 42 54 13 78 41 21 14 14 46 78 80 55 22 58 88 43 54 80 36 2 87 5 33 32 84 26 37 6 91 58 81 55 23 100 72 84 51 98 86 88 57 68 46 92 93 42 11 12 88 55 42 78 54 18 77 36 21 17 88 83 8 30 89 20 62 86 85 66 75 62 87 37 71 19 36 73 5 54 9 36 55 26 44 15 42 91 55 23 39 3 40 52 70 22 83 73 24 81 100 26 28 45 8 87 42 33 55 18 98 41 25 74 17 51 18 65 26 93 87 70 65 49 78 6 31 96 98 90 74 45 94 37 13 5 31 3 61 1 14 8 58 60 66 53 11 2 26 64 6 31 2 50 72 60 14 99 0 69 40 33 93 91 50 82 27 80 11 34 81 20 65 35 35 88 71 76 91 32 13 19 33 54 86 33 97 4 89 8 39 12 3 40 79 37 4 74 75 72 6 94 17 13 91 19 92 68 23 63 53 93 49 11 11 70 45 44 96 33 64 4 92 27 79 27 68 88 34 27 7 96 45 69 68 26 57 82 11 80 46 88 74 32 59 19 76 85 51 26 64 72 9 24 89 61 21 63 78 70 54 65 50 62 46 15 100 8 92 69 100 80 52 58 32 96 30 19 72 61 21 39 87 92 59 75 38 3
40 14 28 13 54 6 12 94 34 85 55 8 13 55 9 99 83 98 39 1 9 23 74 48 31 74 13 50 46 20 59 26 49 10 78 32 21 23 97 55 24 69 10 39 91 79 64 10 28 77 66 12 91 59 42 47 100 75 46 32 85 82 84 71 29 91 29 4 6 49 1 33 77 94 3 89 8 83 29 5 60 64 5 68 3 31 43 71 24 34 85 6 62 94 88 85 73 56 16 96 75 26 62 0 46 38 22 99 76 81 14 52 0 9 52 34 88 89 35 34 52 37 56 73 14 77 59 40 57 96 46 67 10 8 58 98 41 96 29 77 71 37 68 62 94 80 7 56 17 65 4 22 18 34 39 78 79 23 19 38 24 29 33 80 60 66 91 31 79 92 8 80 42 19 19 44 72 18 75 57 27 18 75 73 49 81 87 54 21 13 97 32 12 2 74 45 28 87 98 8 20 82 27 21 95 71 76 70 50 11 17 66 71 43 61 40 70 42 11 11 67 81 61 21 67 99 76 5 86 27 15 72 92 13 3 74 67 49 12 96 1 75 87 40 80 32 4 28 50 75 90 9 65 39 86 51 84 90 88 22 7 12 89 98 3 11 62 17 13 43 60 15 96 32 93 84 94 74 39 48 61 53 93 6 47 82 85 66 53 2 52 80 82 53 36 94 62 18 57 38 86 70 54 71 31 51 6 77 49 42 4 45 98 27 100 3 71 13 11 67 14 23 72 79 96 39 25 69 94 18 18 14 57 41 4 3 11 98 42 57 61 51 62 79 35 65 92 78 28 33 60 16 94 71 45 1 84 98 76 91 18 62 28 36 64 5 76 40 11 99 41 92 18 3 27 98 83 83 51 15 42 3 24 94 36 1 58 12 93 43 11 35 50 65 50 90 27 84 38 5
29 39 49 87 47 31 14 58 90 99 47 1 57 97 78 13 70 55 85 75 70 50 31 43 58 87 26 3 89 8 14 62 74 92 24 54 21 52 18 21 16 34 4 25 100 81 11 68 19 43 38 92 38 30 1 26 67 88 65 23 94 48 16 64 74 65 98 23 27 4 51 42 43 23 27 25 53 89 99 100 83 0 23 70 41 73 74 25 24 99 13 24 62 93 81 16 77 46 46 19 40 7 50 51 73 58 39 42 45 31 83 4 91 80 5 26 98 51 77 57 61 45 30 78 98 97 80 42 23 10 46 66 48 99 92 96 15 98 62 95 29 64 65 39 58 42 76 48 89 35 98 8 27 11 41 10 88 0 1 32 99 82 38 9 3 72 10 75 28 39 0 85 27 61 78 89 40 99 51 41 81 48 22 21 21 99 16 53 5 32 24 51 69 45 72 99 48 53 6 3 63 64 67 51 58 44 62 10 37 40 53 11 76 82 63 40 48 64 24 97 17 80 20 93 18 16 48 82 41 89 99 20 57 28 86 53 31 69 61 20 77 24 10 91 14 46 18 99 90 45 0 23 83 79 63 92 29 59 17 69 58 81 69 26 53 81 98 91 14 33 1 71 10 30 22 73 14 20 76 37 59 0 50 19 28 62 96 42 6 56 86 92 96 97 59 47 83 85 85 59 71 63 79 53 90 79 61 74 36 9 74 82 62 41 32 24 44 75 78 11 39 50 2 10 79 76 85 44 100 20 30 38 93 4 5 64 24 22 65 83 36 67 94 1 86 28 72 27 31 13 17 3 24 69 93 63 72 70 77 69 83 92 49 74 53 64 18 58 45 2 64 85 39 30 2 68 90 24 27 21 85 16 44 5 21 58 30 69 0 72 88 1 27 60 10 5 93 27 4 45
97 26 2 42 46 39 25 8 46 71 41 37 40 85 47 29 35 63 40 50 91 44 51 73 13 17 17 49 58 28 88 98 80 9 10 94 52 88 95 10 100 54 19 37 2 91 91 77 50 55 31 34 30 71 74 96 74 1 25 22 32 52 35 3 17 52 8 33 36 93 47 49 76 61 73 17 87 59 89 49 82 89 33 92 57 45 14 30 67 37 64 25 54 28 67 83 40 23 33 81 31 21 43 27 19 84 69 48 7 77 58 54 85 54 53 100 7 64 80 67 58 81 75 100 59 96 63 52 61 32 22 89 17 43 11 35 18 99 67 86 0 51 72 7 79 78 96 2 3 0 50 36 28 2 67 7 19 80 28 99 88 45 46 4 7 66 57 94 62 62 7 0 61 74 69 28 36 71 65 62 42 17 100 36 19 73 64 90 71 14 75 4 29 62 17 83 30 66 86 72 31 89 16 16 5 35 16 40 74 34 27 85 99 9 8 71 16 63 54 6 27 97 11 2 47 29 98 80 21 13 47 49 59 56 16 56 98 89 4 21 52 28 81 51 71 90 0 98 41 23 59 70 1 81 77 72 60 98 72 62 7 74 77 71 19 67 66 42 24 100 59 84 45 13 96 42 5 3 80 81 93 54 53 39 57 46 42 11 100 55 22 8 92 1 52 32 1 84 71 69 54 78 70 29 6 15 82 21 17 94 17 25 90 80 25 84 50 29 57 96 23 10 77 94 84 30 99 22 64 96 60 28 20 55 50 22 83 80 45 52 24 42 54 3 53 93 26 47 77 72 0 25 11 90 8 28 87 21 97 97 52 88 77 90 31 45 10 19 57 0 20 79 72 30 83 45 48 63 9 81 76 18 26 31 12 82 0 13 71 23 24 30 62 47 58 65 12 99 96 13
29 74 41 81 21 76 20 52 86 13 29 41 91 69 91 58 83 54 41 38 10 91 52 18 71 95 4 74 78 6 88 88 81 90 57 39 4 99 4 78 56 52 55 32 76 12 81 62 79 23 2 62 25 73 2 97 99 56 76 14 86 59 72 18 65 36 56 6 14 63 28 65 52 15 20 0 27 9 76 90 100 86 16 24 0 97 92 87 32 17 12 78 95 63 81 24 36 87 22 76 78 87 80 95 15 41 61 33 33 2 72 23 16 22 1 69 46 45 60 80 47 49 48 36 8 77 99 79 57 46 30 35 94 82 18 96 45 27 24 23 78 11 51 86 6 82 78 64 78 42 99 26 85 17 88 99 40 45 62 51 46 27 18 27 34 93 7 47 43 38 60 31 12 64 18 100 60 62 49 20 76 64 4 41 27 48 9 65 39 67 76 49 41 63 80 41 68 70 57 94 19 61 45 98 63 68 0 10 50 32 48 54 26 8 29 0 4 32 39 76 44 6 28 19 50 64 66 93 69 24 44 60 3 11 22 25 70 25 77 58 77 41 43 78 99 100 68 15 77 74 78 43 6 25 65 64 67 27 49 43 92 70 70 61 63 2 97 2 42 14 6 26 97 48 55 94 38 10 44 100 15 99 55 72 56 7 24 2 35 10 32 15 24 57 53 65 16 27 6 47 19 59 75 2 74 34 30 40 67 61 38 44 42 99 42 19 35 97 48 82 7 25 74 51 60 47 100 63 70 92 26 68 39 6 55 19 96 65 80 70 84 92 66 79 88 19 50 4 3 94 49 22 52 42 36 44 11 58 51 13 8 92 82 48 85 0 12 65 54 48 2 73 45 44 97 63 21 0 24 51 68 28 53 40 16 67 0 53 51 5 96 71 7 10 80 98 4 25 13 26
75 29 11 16 35 3 12 61 26 18 41 93 9 41 54 73 53 81 58 5 57 88 2 87 84 33 8 54 66 59 8 7 96 3 90 52 84 31 76 18 71 38 55 85 1 58 25 86 13 51 73 18 54 2 64 57 91 58 35 61 16 30 89 8 73 43 60 50 47 47 62 7 52 96 32 12 33 55 53 90 33 97 70 20 65 59 90 34 32 27 41 19 2 0 44 96 100 42 69 52 47 72 46 39 28 51 61 58 27 94 6 48 38 62 69 2 59 2 96 80 14 50 66 81 97 26 1 50 65 78 97 45 81 32 22 10 57 100 68 73 34 47 31 88 59 90 31 7 33 71 93 19 44 2 69 99 92 1 58 16 67 2 79 29 37 56 10 7 29 41 67 64 35 64 18 40 87 20 70 62 54 54 7 19 48 88 96 41 37 7 40 27 31 35 31 65 24 90 50 75 13 19 34 92 26 90 18 57 40 46 8 12 37 80 63 16 17 2 79 43 97 40 37 99 29 0 12 6 60 51 37 3 21 52 94 57 23 99 40 62 43 15 39 6 75 32 24 20 25 45 97 88 61 80 62 21 10 55 86 40 15 81 52 48 16 20 33 19 55 64 44 45 23 88 44 49 23 24 96 15 2 8 39 1 27 58 92 63 35 43 24 20 6 22 88 87 39 92 71 92 57 65 9 11 54 69 25 44 74 24 45 4 26 36 40 38 42 79 19 41 34 77 44 74 67 3 27 56 35 44 57 32 44 50 41 89 80 50 14 57 28 45 21 43 91 62 56 90 13 55 41 18 85 33 69 4 30 80 79 61 67 100 87 27 96 85 38 89 74 91 18 30 94 39 70 39 38 74 66 57 59 19 75 96 30 12 0 11 75 68 79 12 74 57 61 10 87 62 1 16
31 79 59 73 98 27 30 1 10 29 13 27 66 34 81 57 92 80 47 90 38 18 98 26 1 7 26 1 21 56 93 21 99 24 71 48 47 35 93 30 37 81 86 92 37 39 54 98 89 1 97 24 95 62 15 67 1 61 72 26 87 69 62 100 79 26 62 63 33 90 93 44 58 14 14 46 22 85 48 57 0 35 7 76 34 0 33 76 23 73 6 69 13 100 16 88 32 21 31 74 18 61 18 1 13 14 72 55 44 5 24 36 88 22 32 52 81 85 63 100 19 89 67 56 36 100 25 79 72 84 87 89 6 21 89 49 78 21 88 73 100 12 92 100 33 46 33 16 55 49 56 12 1 93 23 28 75 11 95 79 34 20 48 10 66 48 51 22 66 41 76 27 61 12 6 76 60 81 86 4 42 51 26 37 3 4 49 47 62 18 56 69 21 19 99 17 77 46 75 57 17 16 36 38 12 92 50 74 91 68 67 70 87 25 86 46 15 17 19 34 0 2 73 84 51 5 36 43 53 32 52 75 34 100 74 56 45 36 14 99 37 25 1 20 70 54 69 47 90 10 59 91 80 16 17 80 16 64 42 23 59 9 69 42 72 47 61 67 13 13 67 13 2 51 70 99 88 22 2 8 12 57 14 33 12 27 30 94 25 65 10 98 20 32 83 18 53 64 38 26 10 71 35 21 53 22 4 21 61 40 46 16 43 50 80 89 44 27 89 23 73 90 42 68 50 34 67 81 26 10 44 11 98 17 97 74 36 66 15 66 47 76 60 78 62 39 46 1 34 5 13 28 51 12 33 77 43 23 25 85 76 32 60 95 28 37 14 29 39 49 95 50 39 31 94 18 92 53 79 52 49 26 40 38 69 4 97 32 16 92 2 22 8 36 16 32 8 96 62 24
100 38 55 15 2 45 27 37 69 47 3 27 13 58 54 39 35 40 59 72 89 25 14 37 94 3 11 78 42 60 6 25 10 53 46 94 22 95 25 31 58 58 71 15 94 59 60 27 44 50 88 93 11 64 83 28 49 92 11 13 99 66 52 14 99 5 28 45 98 92 50 92 12 67 74 44 62 56 6 39 100 22 5 55 63 28 66 12 70 55 9 6 30 98 74 59 32 30 19 73 6 99 9 45 95 89 96 2 69 26 81 28 100 31 54 92 100 98 8 65 14 58 59 94 62 32 59 71 12 83 82 97 98 66 22 62 76 4 39 86 26 47 85 85 98 44 88 39 51 21 55 10 51 23 83 61 40 72 9 38 43 37 35 40 68 75 51 22 15 95 13 46 46 15 70 8 38 99 36 47 55 80 20 68 4 4 57 48 58 28 8 100 69 20 81 43 76 7 69 70 28 16 50 23 39 10 84 66 28 89 11 22 34 72 15 97 37 64 35 57 72 70 38 22 13 36 49 21 89 70 14 97 63 64 17 66 27 6 86 73 13 38 34 8 100 60 61 47 47 72 7 48 25 42 93 30 76 0 84 84 50 13 1 83 40 74 66 86 66 96 1 31 30 81 79 3 43 40 98 33 30 38 58 58 0 3 97 11 78 54 35 38 91 30 17 68 92 38 94 65 35 37 90 94 49 29 68 68 22 34 5 24 16 47 32 82 88 65 28 77 87 57 12 46 18 38 88 41 64 65 22 44 37 89 6 11 46 28 60 48 3 90 33 23 1 65 39 68 48 58 20 80 34 51 20 73 18 89 84 72 4 0 76 66 91 99 18 0 42 88 50 98 57 95 100 97 5 6 83 96 2 79 55 63 88 47 39 59 4 32 87 30 87 19 58 30 40 34 60 88
18 73 87 91 99 67 48 25 89 41 47 75 82 2 90 21 26 70 28 66 20 54 94 6 51 100 34 90 78 28 51 94 19 57 32 80 65 86 84 63 0 85 21 85 46 29 37 44 89 1 32 87 1 41 66 15 60 47 6 22 87 54 58 87 90 70 91 80 52 99 83 8 76 15 89 65 59 62 4 3 81 90 98 67 84 37 56 27 31 30 31 81 59 37 12 8 52 71 54 1 80 0 69 95 68 20 34 94 45 9 92 78 54 45 25 15 33 71 74 9 45 6 26 38 18 21 57 38 18 62 34 91 1 44 12 17 86 25 31 35 93 24 12 39 46 2 3 43 43 51 81 55 1 41 28 96 8 90 16 82 6 53 32 90 75 76 52 23 70 48 56 11 64 17 0 4 100 39 1 56 44 28 84 9 14 92 20 19 79 17 79 50 72 7 35 59 71 2 69 68 43 57 30 79 59 80 86 89 11 15 27 36 1 45 38 84 55 35 63 56 97 66 17 93 14 22 25 56 42 49 38 56 8 71 82 26 8 26 32 77 37 20 70 87 29 95 2 20 48 71 44 11 19 74 80 4 93 77 24 89 14 30 46 75 71 7 0 97 11 87 17 67 35 84 27 29 7 41 30 4 18 40 73 17 14 54 51 12 53 35 89 23 70 73 90 87 64 80 40 60 67 75 17 98 42 67 75 88 25 37 13 67 27 85 97 38 31 27 54 0 0 25 64 53 87 57 12 88 5 16 29 14 82 43 17 18 16 72 77 80 65 90 78 72 89 99 55 92 67 42 35 45 20 95 30 12 52 25 60 9 74 36 45 37 80 30 61 33 26 68 97 99 58 100 87 17 44 55 98 3 85 37 25 27 94 27 90 49 15 24 22 83 4 5 94 73 72 11 67 0
40 59 46 89 33 92 24 65 60 15 8 99 28 68 8 35 89 7 54 25 13 69 82 48 10 79 57 41 33 34 49 29 83 47 70 9 78 97 47 56 26 72 68 20 46 27 88 6 93 24 85 16 56 19 6 87 23 8 8 72 65 36 25 63 12 14 61 80 50 87 68 96 87 65 84 68 88 39 23 87 67 55 41 32 98 32 0 28 77 61 20 86 67 51 71 62 17 58 64 82 5 63 51 58 96 42 12 61 12 54 95 2 44 10 21 48 62 1 31 47 63 22 79 83 48 92 6 52 42 28 34 46 51 14 0 30 82 70 35 3 87 88 7 21 33 76 23 98 0 88 9 69 62 54 60 100 25 28 70 17 97 83 22 36 49 69 72 33 72 83 7 27 18 86 99 30 31 98 34 98 0 55 40 33 78 6 1 44 10 58 41 56 94 66 78 51 8 38 90 13 22 71 98 78 65 85 0 63 100 57 10 1 46 84 25 75 3 32 88 67 0 82 59 57 86 85 86 63 30 87 100 41 43 7 93 98 92 55 72 89 88 25 43 14 19 15 43 3 80 33 64 53 10 77 13 58 56 1 35 52 70 51 80 91 13 5 70 81 64 59 82 32 78 73 28 50 29 99 49 64 89 30 90 1 70 87 12 10 31 25 64 16 13 16 15 89 19 88 34 55 72 70 17 50 56 83 93 34 95 61 75 15 22 24 30 28 8 29 72 37 3 3 51 88 49 81 83 54 5 61 76 49 35 65 68 53 95 45 21 67 98 40 72 21 31 60 11 54 97 81 68 91 7 73 29 44 83 50 0 66 66 31 33 95 47 51 52 33 52 68 19 90 99 84 12 87 56 84 55 20 23 74 81 80 29 11 63 96 49 20 54 12 87 3 10 89 79 88 76 61
5 32 27 68 97 81 99 32 82 41 99 48 27 52 42 20 31 52 37 73 100 99 78 95 89 43 55 92 89 40 83 93 42 100 13 71 40 86 99 2 51 97 19 7 24 92 7 80 22 28 28 19 19 75 72 59 16 15 93 3 48 30 97 70 75 19 80 22 92 36 40 27 42 10 96 72 42 2 28 63 22 25 30 45 22 23 72 57 73 9 97 41 58 34 46 66 0 81 55 53 38 25 48 25 73 21 64 91 78 47 29 55 50 13 75 47 34 6 3 50 11 69 4 19 69 54 33 50 47 71 97 27 80 84 19 82 29 60 43 74 94 34 8 13 81 77 13 43 86 77 24 29 90 73 73 12 68 94 25 6 61 93 24 6 28 38 13 38 52 13 19 75 43 97 43 22 83 10 49 55 13 43 40 81 58 25 52 77 63 66 30 59 27 99 75 10 5 66 91 2 37 75 61 90 99 20 18 52 63 78 21 55 73 50 92 72 28 93 9 70 3 88 44 1 42 74 22 20 76 98 62 83 97 93 100 52 84 41 80 97 1 88 64 41 42 87 77 41 23 96 26 16 33 56 12 7 44 6 92 58 14 68 35 35 13 22 50 82 63 96 93 23 11 54 94 3 26 50 16 64 31 66 53 66 31 13 16 1 63 66 65 99 66 32 62 98 7 65 21 72 79 12 75 37 29 62 36 6 89 10 42 88 93 96 90 68 92 76 77 74 83 37 41 56 46 54 88 5 85 74 59 79 88 25 41 38 41 51 67 45 89 59 70 92 96 44 17 44 69 71 92 4 61 64 37 59 48 69 71 12 31 67 8 8 47 22 2 53 1 25 88 68 19 47 72 15 75 91 30 5 72 59 31 24 88 47 90 21 16 73 83 58 95 57 46 75 82 93 78 91
21 50 56 59 38 36 1 4 26 75 49 60 6 9 73 70 51 92 99 73 52 39 78 67 77 85 21 3 62 73 89 54 10 71 75 66 83 69 62 75 66 65 35 9 51 90 56 97 53 27 47 57 82 29 66 55 60 91 85 71 11 91 38 47 75 0 24 94 41 60 56 81 7 2 71 25 93 86 38 20 20 15 76 37 39 44 88 96 11 100 82 59 33 48 82 70 96 31 94 6 95 40 83 62 52 7 52 86 99 92 71 1 45 15 19 77 32 35 41 11 20 58 85 77 16 84 44 42 60 36 70 71 44 73 30 68 71 11 5 69 88 35 19 42 90 18 37 80 91 77 100 78 96 9 49 53 23 95 64 39 26 95 70 33 69 54 91 45 35 22 47 86 96 82 82 53 34 55 46 98 89 10 19 16 45 3 95 64 65 27 12 62 64 21 77 37 3 34 15 27 31 43 25 48 78 15 12 98 42 37 80 56 27 9 75 63 21 2 93 20 51 6 4 54 5 45 15 20 53 37 19 31 66 70 86 53 7 66 42 63 71 95 70 74 59 38 68 16 5 19 77 39 42 93 17 2 44 0 14 80 80 89 21 58 45 57 78 93 59 45 65 84 25 68 4 32 39 40 35 35 59 73 74 100 91 11 91 24 93 57 7 26 63 0 40 9 75 24 40 9 32 39 19 11 2 30 74 36 53 78 70 21 39 59 15 79 1 46 57 42 13 28 1 69 52 51 79 37 88 35 64 5 95 87 26 20 57 88 3 54 19 24 92 31 92 86 14 80 22 89 94 7 67 88 49 69 36 5 83 34 99 92 9 65 12 84 48 41 81 4 69 10 61 47 77 92 32 37 40 49 78 23 4 68 67 34 8 82 4 96 72 22 35 18 4 60 83 44 0 24
16 24 81 0 46 35 47 42 73 95 39 3 78 35 67 22 63 84 23 63 13 41 17 0 6 0 16 38 49 46 61 0 78 11 5 8 9 5 39 64 45 39 17 44 61 88 46 12 40 22 16 71 40 33 89 9 89 68 73 74 83 8 18 51 46 34 94 87 94 31 63 72 35 31 12 88 18 99 58 90 78 65 27 14 67 30 72 81 33 0 94 8 10 45 39 10 49 46 66 71 28 64 20 63 6 57 16 11 28 21 42 30 34 49 98 48 68 44 7 7 12 8 39 56 92 91 72 67 20 28 47 17 60 74 98 61 44 5 84 73 88 8 15 24 24 91 64 96 11 98 74 47 69 6 39 35 97 37 40 86 61 66 28 75 53 34 85 36 38 25 35 19 97 78 18 61 17 24 57 48 77 60 51 15 45 66 34 34 13 17 55 63 91 55 15 35 73 28 36 69 58 12 89 9 53 44 85 67 84 20 25 44 17 40 4 65 5 1 43 17 81 88 15 76 4 57 33 14 29 59 81 52 58 91 79 85 84 20 61 23 48 61 6 41 2 77 19 8 4 46 33 30 25 61 20 85 54 40 6 92 16 74 15 7 32 73 16 71 22 50 46 73 39 40 28 54 12 36 80 33 17 28 77 66 87 26 66 20 0 94 75 85 41 46 60 22 10 42 74 45 10 3 26 25 6 33 54 88 69 57 11 43 77 44 66 57 55 94 37 26 93 30 13 92 100 37 24 86 20 62 70 29 50 41 99 78 68 46 100 26 80 74 81 34 93 83 60 58 27 78 71 54 43 89 34 37 91 98 2 63 29 89 93 36 46 93 70 32 6 32 6 31 51 57 80 20 41 17 21 45 26 37 33 94 83 39 48 60 15 45 88 79 12 25 56 60 100 20 77 7
49 1 91 64 35 65 71 36 6 99 29 52 33 37 92 2 29 56 57 21 54 8 62 28 74 28 12 55 94 53 48 28 39 23 6 90 39 91 64 97 23 41 79 23 1 50 89 53 96 72 54 77 56 86 99 7 42 76 97 8 35 97 18 5 57 27 10 38 88 66 44 98 11 19 28 84 91 31 3 71 77 95 88 30 1 65 37 40 100 20 49 69 88 43 20 20 91 57 82 79 69 33 37 10 88 39 37 53 56 89 78 27 52 62 86 81 8 88 10 0 31 68 48 20 87 15 28 37 16 51 53 50 93 2 33 28 79 4 64 27 65 58 38 82 41 52 5 62 20 81 57 37 18 9 10 57 45 95 56 56 27 43 11 95 48 5 98 25 92 77 97 6 90 40 95 31 79 19 91 25 2 51 5 73 55 75 12 0 57 73 56 42 51 55 14 29 30 56 21 65 29 12 49 33 73 10 66 66 10 9 64 35 87 83 6 47 86 41 6 58 67 20 12 95 48 30 67 78 47 10 26 4 36 29 43 68 59 64 77 67 24 32 81 27 94 8 28 43 6 61 6 100 29 98 13 51 100 14 18 35 40 75 4 89 6 40 56 69 65 35 100 31 30 97 68 89 78 72 38 21 24 15 10 90 13 71 85 73 93 47 71 67 62 4 77 83 15 32 51 25 10 11 66 86 59 96 19 95 60 24 96 57 40 40 39 96 34 36 81 7 63 50 21 38 30 67 28 32 52 26 16 81 30 91 50 39 85 93 78 100 58 58 83 37 5 92 47 49 72 13 74 11 79 11 14 80 35 18 92 33 90 72 51 39 36 6 17 99 50 99 16 1 0 27 51 92 5 54 45 42 77 14 53 85 9 48 18 90 4 16 12 70 55 29 13 7 80 44 77 6
61 48 51 71 2 18 17 31 92 51 36 21 74 77 12 98 35 45 47 33 5 48 77 22 47 55 34 10 1 72 93 0 53 66 60 51 86 14 61 33 98 98 2 34 59 55 46 81 2 35 31 89 89 17 63 82 74 17 77 45 61 45 44 25 52 84 4 1 27 33 47 49 82 68 30 19 86 8 81 63 24 18 16 54 76 25 85 56 55 1 44 64 38 62 28 45 50 39 65 86 2 82 64 77 48 42 57 95 20 31 39 0 54 12 38 5 52 48 6 24 51 86 39 32 24 48 37 92 45 45 88 13 77 51 70 17 28 62 12 17 42 59 8 16 22 39 15 43 15 91 42 49 34 56 54 24 67 63 8 48 63 8 57 41 98 87 11 18 44 66 13 66 72 28 94 4 39 9 95 8 32 47 41 61 19 77 48 61 5 45 53 53 53 11 47 80 85 96 68 63 78 60 89 13 26 58 69 77 5 20 89 96 100 22 19 22 53 44 50 100 43 35 17 82 92 94 2 34 84 11 55 3 74 67 25 0 1 29 50 58 62 4 95 85 73 16 16 17 16 100 79 69 94 54 98 81 63 24 69 34 52 18 78 8 11 32 11 80 66 60 4 41 54 76 97 22 6 13 16 23 8 69 35 21 59 70 40 65 58 15 72 91 35 36 44 42 61 29 31 53 93 46 52 47 100 65 53 15 22 61 72 14 1 66 91 12 22 21 79 74 42 70 96 82 76 41 23 92 48 96 96 34 91 18 35 64 80 3 78 47 11 50 49 81 29 20 79 82 86 32 70 56 22 91 42 87 47 10 46 63 52 29 89 79 93 31 8 61 10 63 20 96 64 82 64 74 94 42 67 27 19 31 51 98 96 42 58 53 46 49 79 69 23 77 29 3 67 70 17 53
39 18 48 16 49 95 24 76 22 80 19 96 45 44 64 30 45 38 16 67 40 4 49 80 18 61 99 27 97 1 99 24 11 50 42 82 99 29 38 23 70 70 79 86 12 56 85 71 20 60 2 32 45 65 47 89 86 46 95 16 60 54 56 24 2 39 32 89 32 77 49 50 54 36 60 1 59 18 33 57 12 67 37 85 55 9 22 31 89 60 92 21 67 51 69 23 28 61 23 96 51 20 89 79 53 77 9 43 78 77 16 13 83 36 35 97 64 84 78 57 61 27 33 11 16 73 13 25 44 8 81 46 48 98 30 8 5 83 37 17 46 10 33 82 91 66 48 24 12 98 49 22 97 23 31 40 93 77 18 39 83 54 66 56 33 23 64 68 68 36 98 42 41 89 83 77 48 30 3 86 44 16 72 42 33 56 27 95 14 83 0 83 78 24 75 42 33 83 15 55 33 75 30 0 87 23 21 77 9 28 20 84 64 69 93 85 10 88 28 37 39 12 30 54 15 66 91 66 99 6 38 88 46 9 45 49 18 9 89 18 97 64 98 31 46 50 56 38 85 32 12 33 99 50 22 78 71 12 16 11 4 1 83 18 4 15 8 92 0 72 31 98 8 59 52 51 17 53 56 9 47 71 92 81 85 30 12 62 30 48 14 64 49 33 18 88 95 10 35 19 4 1 44 13 29 29 59 21 43 78 66 1 76 23 45 86 96 90 21 48 42 60 66 5 94 71 8 99 28 84 34 50 76 99 60 18 90 41 68 21 49 46 86 44 29 13 45 47 47 94 85 49 12 9 61 22 9 82 68 85 35 44 64 34 60 91 22 86 75 44 18 99 13 24 83 22 58 62 99 24 35 41 70 67 1 2 23 99 1 54 42 3 45 11 100 95 62 74 88 36
28 19 94 86 94 10 91 19 18 73 42 8 67 6 98 71 87 100 27 69 79 45 20 0 58 36 33 77 71 66 97 25 83 47 89 58 90 73 4 49 44 88 75 38 73 14 79 44 20 14 77 40 85 22 28 64 39 30 13 68 92 38 22 35 10 13 72 37 80 68 28 13 16 96 88 13 71 83 67 65 21 46 63 96 36 90 2 72 93 71 24 33 12 38 53 60 61 26 26 16 68 45 4 70 15 5 34 11 97 68 45 67 41 4 58 89 39 95 20 42 77 36 65 80 72 19 75 65 87 36 97 2 62 23 20 34 39 58 99 90 24 29 69 45 95 6 71 93 7 5 19 28 61 18 96 68 76 35 98 40 35 17 37 57 28 2 85 49 59 74 16 6 18 18 71 9 11 67 19 6 59 35 28 35 19 47 50 26 27 29 92 63 30 35 68 77 31 17 98 93 55 72 93 58 73 90 94 38 49 16 52 40 42 16 16 67 41 17 24 27 35 5 41 4 28 12 14 20 2 48 85 6 40 61 58 6 87 85 20 30 78 18 43 43 57 44 14 13 74 63 34 53 75 36 17 17 65 67 29 11 61 47 52 63 22 46 84 53 36 74 16 81 22 91 28 57 59 37 34 84 26 0 45 9 51 56 26 68 28 70 62 69 93 53 63 53 48 42 38 79 26 97 20 17 91 67 75 34 43 55 76 95 49 53 15 10 65 59 63 25 56 6 57 71 92 21 73 78 39 28 24 97 84 0 13 43 85 39 98 32 21 60 32 38 26 81 7 100 76 96 68 18 35 50 26 43 20 77 31 34 60 64 31 61 74 16 80 7 16 40 68 23 93 36 72 98 18 96 82 60 82 12 31 35 36 85 76 6 55 76 62 86 57 0 47 95 31 69 44 100
79 0 15 94 37 18 95 18 53 15 19 73 73 100 9 41 17 83 69 39 3 66 46 27 74 0 21 58 14 28 29 41 41 6 2 94 31 59 66 87 33 80 93 6 67 54 2 54 32 2 89 63 36 51 22 16 86 24 5 30 87 53 80 87 72 86 82 29 17 40 83 26 55 10 1 69 69 35 13 36 41 50 64 26 66 27 48 11 34 45 55 88 30 97 53 67 8 86 86 97 65 78 27 61 46 25 21 57 45 99 10 41 62 85 65 69 39 91 18 93 70 65 36 9 1 37 58 63 48 83 70 62 35 52 95 48 14 33 95 61 11 5 27 62 60 74 2 79 58 43 73 99 19 79 96 57 76 43 28 24 76 49 20 79 14 25 85 45 3 89 69 53 51 84 9 60 23 39 93 67 45 39 18 82 90 82 17 70 1 1 58 16 16 69 0 99 37 43 57 4 100 26 74 90 6 97 26 80 81 44 63 90 47 56 32 24 10 29 92 79 83 53 38 77 92 61 71 77 25 53 10 4 22 68 45 14 52 12 52 0 18 40 34 73 9 6 65 16 61 42 82 90 53 48 10 70 67 85 20 60 65 88 36 90 57 70 34 60 69 10 40 36 22 29 85 19 24 41 35 13 64 74 6 90 21 46 14 40 46 38 92 16 15 42 67 33 81 99 90 6 40 35 63 19 31 90 46 10 54 37 46 67 29 36 79 1 20 59 39 97 62 30 30 76 26 89 14 12 54 31 48 26 5 43 43 28 97 84 17 7 6 12 89 79 33 96 48 61 76 39 16 74 32 15 90 27 38 47 100 72 89 97 90 8 23 50 62 38 16 2 60 23 74 31 92 80 58 9 5 6 89 16 55 70 18 54 44 93 47 94 88 74 1 70 41 43 80 89 38 82
25 88 25 39 5 58 30 72 55 81 3 23 88 92 83 93 20 36 44 76 45 85 74 10 18 57 8 48 14 42 42 58 98 45 97 33 27 2 22 46 11 97 33 38 19 65 35 39 93 91 47 75 29 3 50 77 51 62 64 63 91 28 4 2 51 69 5 81 68 50 90 72 37 30 71 97 2 58 17 99 100 48 70 91 41 1 47 11 56 78 98 82 65 19 25 45 46 24 78 55 28 51 17 20 8 63 96 14 32 28 6 36 28 65 67 7 85 21 35 65 56 33 41 98 34 68 66 78 21 52 81 89 72 72 57 58 32 97 84 10 55 16 71 8 29 21 62 48 64 31 5 13 0 92 8 92 59 83 47 79 48 82 47 69 43 78 83 37 81 19 83 98 74 49 85 9 87 79 34 12 91 79 90 35 65 87 23 59 42 26 54 43 16 87 78 81 18 66 23 52 38 82 91 22 100 97 5 28 2 33 49 91 46 21 41 48 65 80 54 47 45 96 14 92 87 88 55 60 74 84 55 55 79 39 31 75 59 51 63 30 26 0 73 73 90 91 26 91 12 47 56 91 41 37 44 63 5 9 32 76 62 51 67 28 31 55 95 53 44 40 100 99 42 47 65 78 95 19 40 3 10 75 32 96 16 5 70 88 25 18 64 1 44 96 38 91 4 93 70 94 51 50 62 79 98 14 52 91 54 20 78 56 85 3 68 55 29 45 18 81 79 18 83 57 59 3 17 50 91 48 4 11 56 4 63 100 77 52 0 62 55 13 0 28 20 74 38 1 84 31 10 66 80 51 75 63 63 21 45 72 38 91 74 53 97 22 58 29 79 9 88 34 20 2 68 0 67 19 70 12 99 63 48 89 31 59 57 55 68 96 85 19 78 22 80 13 19 61 87 33
83 30 11 45 6 63 93 4 23 97 89 55 48 51 80 91 82 57 22 60 19 27 7 90 52 39 28 3 89 63 73 72 90 64 48 2 70 63 48 7 79 51 13 46 83 22 47 12 90 72 99 81 89 83 12 86 78 7 22 93 14 95 93 36 0 76 100 64 23 38 91 74 7 93 11 63 48 61 34 53 40 15 46 48 63 37 92 18 46 32 40 61 29 98 89 65 58 11 44 83 90 54 16 14 24 96 32 41 64 48 67 19 82 44 68 38 33 12 13 52 10 37 42 41 1 77 92 24 69 78 79 84 86 41 12 20 32 20 8 24 65 64 32 39 90 45 24 78 81 33 47 65 67 94 68 47 56 16 86 24 66 85 47 38 67 30 0 27 24 21 32 12 38 92 79 29 89 21 100 65 71 91 46 43 83 87 42 95 8 88 55 8 3 49 95 77 24 68 27 68 57 32 52 44 57 73 79 76 95 24 47 22 7 77 47 72 0 47 28 15 7 66 57 40 83 70 82 14 43 82 12 34 82 71 34 66 86 72 8 86 0 31 47 21 89 23 95 24 39 57 8 75 70 54 23 91 41 29 80 74 9 23 25 88 18 19 52 73 21 12 10 42 72 9 23 52 15 59 54 91 55 4 30 5 32 6 46 7 4 22 48 57 57 35 36 46 73 79 22 49 66 17 53 58 19 68 16 12 65 45 25 30 29 40 15 39 76 58 77 84 78 61 75 63 44 33 76 27 92 16 6 90 98 34 43 29 8 61 22 25 53 25 93 59 82 24 25 1 37 35 46 59 68 70 57 99 44 8 81 92 94 85 2 69 95 62 60 1 31 73 31 76 26 14 29 72 25 51 73 78 65 77 94 36 20 67 87 66 50 76 48 55 82 54 89 41 86 69 98 45
24 16 68 97 33 86 37 96 14 19 7 39 77 86 8 74 75 33 22 55 32 64 74 47 88 56 58 53 49 40 3 99 38 54 95 39 36 28 74 78 22 12 73 70 15 44 82 14 100 36 9 98 60 80 64 89 55 36 80 1 50 52 44 52 99 22 9 81 91 70 91 67 58 20 8 37 85 75 73 48 88 78 10 76 52 65 47 92 5 3 94 68 30 56 87 15 100 2 50 67 6 25 49 56 91 40 33 13 21 86 62 22 17 82 12 17 40 48 18 85 23 53 60 53 92 26 83 68 40 56 100 11 13 93 26 64 92 55 80 92 3 33 39 40 24 31 93 91 17 95 91 84 74 81 68 35 3 86 74 98 32 45 39 73 55 58 10 30 72 4 67 0 93 20 56 4 50 48 24 18 3 19 51 21 63 93 46 53 1 64 52 65 60 54 4 79 18 69 4 95 3 60 7 97 8 88 67 84 72 30 84 51 0 39 39 78 62 83 5 99 30 74 61 73 95 84 23 20 0 58 9 1 55 52 16 72 21 62 27 73 78 57 34 97 11 88 72 76 82 88 15 75 66 65 45 38 15 23 54 87 52 55 26 12 0 6 60 91 37 82 22 34 32 76 80 20 37 46 8 23 72 52 6 36 92 65 45 58 30 65 72 20 74 30 84 74 41 29 70 21 29 94 11 36 34 81 94 24 23 74 74 73 19 86 100 25 59 10 62 48 4 39 91 48 61 1 27 87 34 96 5 40 95 72 15 42 0 86 15 74 94 55 42 96 35 42 93 100 5 60 49 76 46 83 90 94 15 3 98 29 34 6 57 92 56 33 2 43 66 82 64 54 36 81 19 80 1 0 42 13 98 17 10 63 21 65 66 28 96 74 94 35 53 2 40 5 69 85 17 34
77 59 25 61 57 52 57 89 61 75 20 90 28 54 14 34 39 65 35 18 89 100 64 82 76 94 89 89 50 54 19 46 15 62 30 34 74 62 47 38 21 44 85 99 2 76 57 90 80 76 55 88 69 62 55 94 38 85 22 87 15 70 68 76 27 20 7 25 95 26 29 31 0 7 94 65 4 23 47 60 69 83 28 93 74 67 30 62 40 86 28 52 71 3 76 82 28 63 71 56 56 68 43 28 30 56 8 61 74 36 19 22 94 47 89 70 75 68 60 13 17 15 1 74 50 1 81 56 44 35 90 97 67 48 67 31 18 28 43 37 6 90 15 75 9 44 30 38 64 84 70 13 25 44 50 79 67 6 58 91 72 51 45 96 84 49 90 100 38 21 36 69 52 31 23 14 17 63 11 98 91 7 36 45 36 82 57 78 25 45 89 20 59 70 70 100 5 50 2 93 3 49 12 7 84 67 59 94 98 34 10 25 86 8 65 68 39 35 4 22 61 16 24 19 92 28 62 61 74 10 100 12 8 70 58 54 69 40 1 40 71 69 89 8 43 23 11 56 53 9 61 68 74 74 60 55 74 26 38 85 26 60 77 21 34 59 64 24 23 36 55 44 76 12 83 35 29 87 61 40 62 24 30 100 46 25 6 74 60 42 7 16 13 67 83 12 96 1 90 63 64 94 49 9 40 86 45 33 1 56 5 46 46 22 8 72 8 70 31 84 12 61 4 28 85 34 31 32 34 8 94 54 25 82 34 11 66 77 65 27 42 63 53 44 56 58 87 27 10 54 84 53 17 9 20 49 14 95 86 68 71 17 98 34 99 63 89 28 71 77 16 66 34 33 21 86 29 98 47 88 40 48 96 2 55 47 28 51 75 85 73 27 35 79 95 54 74 99 20 32
71 0 41 77 4 5 79 63 95 44 79 78 59 85 11 23 39 15 84 88 80 71 79 47 46 100 34 90 30 51 83 12 36 36 40 44 53 52 36 92 74 42 48 4 84 53 47 24 7 99 6 9 78 63 94 13 41 81 43 99 91 18 100 24 42 2 81 99 95 65 94 30 74 67 79 1 2 42 49 29 34 24 42 74 99 69 60 13 83 77 94 3 85 92 75 50 2 5 93 89 36 14 44 73 48 3 100 51 22 41 13 65 59 89 91 61 51 86 83 16 83 13 9 73 11 66 66 88 47 67 65 1 87 17 70 22 86 4 55 57 45 14 18 93 82 91 42 48 16 50 69 25 85 56 43 26 87 80 34 62 32 62 91 68 27 81 29 85 21 17 82 84 87 46 36 42 19 4 90 100 69 41 12 30 33 69 89 46 83 27 88 66 52 7 71 9 33 6 1 15 100 14 3 71 91 64 41 5 80 20 30 11 40 12 13 75 100 51 91 48 21 16 62 13 35 77 29 66 11 29 89 76 76 21 15 70 99 26 26 62 52 99 30 58 83 18 80 86 64 62 86 98 18 3 77 92 74 70 27 31 37 88 87 1 88 55 52 54 67 47 88 77 63 92 6 65 88 3 33 6 15 57 68 84 41 84 96 35 80 73 79 75 29 89 64 42 10 90 26 51 38 1 93 44 91 99 91 58 60 91 32 61 67 84 43 86 40 78 27 86 81 25 3 58 9 11 98 44 30 50 87 91 96 43 31 73 62 94 52 78 50 16 37 63 82 91 5 18 76 7 69 51 71 40 99 20 78 76 73 2 24 41 52 41 75 28 48 90 73 59 84 84 53 30 93 52 4 67 40 98 75 67 18 100 15 95 100 13 84 58 79 70 3 78 54 57 95 71 10 71
59 75 42 54 26 80 71 16 32 14 93 0 93 43 7 9 25 37 38 72 61 98 69 51 6 95 72 13 26 50 2 44 72 33 68 22 11 7 82 95 20 25 21 88 2 61 44 23 39 20 19 68 21 30 92 34 67 95 30 51 29 86 17 70 48 0 50 29 38 49 56 87 67 21 61 9 64 56 54 61 20 11 17 82 14 23 99 5 9 3 99 56 61 74 77 88 52 64 25 57 27 95 6 5 11 59 34 99 83 15 90 72 89 36 52 89 3 47 96 80 49 76 53 13 42 28 24 94 55 45 63 64 74 93 46 71 90 43 19 2 77 24 97 1 42 0 14 31 82 54 4 63 11 55 32 16 76 32 91 96 64 56 72 78 38 47 35 95 19 38 7 10 68 0 5 11 85 76 50 0 45 47 30 27 69 54 74 82 1 14 92 33 66 33 13 86 34 53 50 17 74 97 2 9 8 99 27 68 73 77 52 91 33 33 13 26 36 60 7 57 81 91 10 28 53 98 14 1 54 91 74 52 34 24 1 64 21 14 25 19 91 66 8 89 82 17 45 95 14 5 2 3 62 25 86 93 73 26 3 35 7 92 25 36 31 67 34 90 20 60 85 25 20 12 6 64 0 88 39 80 18 39 5 14 22 80 95 48 81 80 63 65 37 27 58 60 61 31 79 9 38 69 76 65 92 47 71 40 56 41 38 30 80 28 91 67 76 25 87 38 87 98 51 4 93 19 89 67 93 19 39 21 44 54 11 90 77 68 96 39 47 50 72 11 75 70 52 60 61 31 42 80 13 91 96 11 5 84 27 43 81 89 82 83 15 71 12 41 33 71 10 85 1 72 18 58 4 28 43 49 95 2 8 58 69 53 85 64 39 80 11 74 86 70 2 51 19 9 85 10
10 53 41 82 54 94 96 27 71 11 19 71 41 84 61 6 14 66 14 27 86 94 7 99 48 65 76 85 73 93 63 8 84 31 50 86 89 53 35 100 72 39 41 3 75 23 9 13 39 34 67 57 2 81 36 54 37 43 87 19 31 83 98 48 75 35 44 99 1 58 39 78 39 3 63 14 54 44 52 28 30 38 54 44 36 47 5 27 23 26 43 85 22 2 33 70 35 46 59 95 95 15 19 16 66 2 37 30 6 45 35 35 96 25 62 30 27 34 5 42 25 1 58 83 27 11 55 76 55 58 94 22 25 8 84 86 80 79 94 54 72 29 85 42 12 39 14 59 25 66 89 28 19 10 63 19 91 74 39 47 82 95 54 90 38 88 7 39 7 17 0 26 18 62 64 37 10 4 49 28 64 48 68 54 74 25 61 81 70 4 92 51 76 14 89 16 23 32 23 58 83 37 92 7 62 93 49 47 86 27 77 55 11 39 38 50 58 2 97 4 36 82 88 66 52 76 100 95 21 63 26 7 49 28 27 5 16 88 40 86 96 66 100 27 47 40 26 16 98 26 79 70 56 1 24 5 18 75 39 24 82 41 65 48 94 73 66 60 31 89 76 47 70 76 1 28 19 67 79 80 77 23 6 100 61 69 54 77 77 87 2 72 59 41 25 47 93 99 84 90 10 59 98 39 11 90 46 92 93 22 63 27 48 20 79 75 45 25 51 71 43 95 60 77 12 53 28 59 77 51 95 87 18 84 50 32 84 87 55 50 10 46 28 10 43 80 96 79 19 99 54 56 55 23 30 73 12 35 100 37 79 15 72 100 69 60 69 52 39 71 14 64 60 82 74 44 76 88 89 75 4 3 63 54 55 44 13 49 2 37 70 33 77 5 86 37 14 37 87 85
76 66 60 76 31 60 70 70 18 50 27 96 88 52 40 47 63 99 23 35 33 68 0 55 84 89 28 50 11 91 57 34 5 12 99 64 75 20 98 99 28 60 12 13 37 79 37 29 61 72 2 23 36 76 14 42 58 0 15 34 73 92 61 41 60 38 89 92 3 12 95 94 83 66 51 62 40 12 71 20 62 99 10 63 12 31 79 0 20 46 41 12 59 48 49 77 79 38 45 65 42 40 25 72 0 12 66 9 98 41 53 27 62 65 46 98 96 83 86 75 40 18 26 21 17 11 41 56 78 48 29 58 49 75 42 9 71 91 7 34 91 89 18 81 83 76 36 61 18 83 43 76 71 21 26 77 41 87 67 90 81 66 80 22 43 15 24 24 80 64 54 60 17 30 21 56 43 36 89 69 31 46 96 22 7 64 75 71 8 51 89 6 53 17 94 96 32 79 13 34 98 26 25 37 31 32 96 44 37 53 16 96 9 21 33 41 70 19 89 12 75 15 32 75 93 51 35 0 35 1 39 52 59 9 92 23 2 11 59 65 9 98 99 13 93 48 33 8 0 16 19 53 0 58 81 29 73 52 60 7 92 74 77 29 11 56 70 77 61 85 28 48 53 43 62 13 47 53 60 54 78 6 92 15 24 41 63 87 56 72 2 64 71 89 68 82 69 82 47 2 93 88 57 53 44 76 58 75 6 29 48 73 75 83 21 62 17 39 85 27 12 4 89 50 74 12 5 93 52 81 49 16 91 98 39 25 78 71 57 73 51 74 11 4 79 88 94 15 33 95 42 17 10 97 47 48 57 100 36 3 100 93 85 67 59 91 49 0 68 51 84 74 51 23 76 39 23 92 99 77 10 9 91 78 24 79 7 96 22 52 88 89 61 44 96 31 49 95 53 66
53 53 99 37 44 10 61 85 64 66 59 74 8 68 61 59 2 33 41 13 72 9 37 36 42 87 87 29 51 44 21 5 46 51 21 87 38 4 5 65 21 54 89 4 41 80 56 84 13 95 73 11 84 60 76 56 30 55 67 18 56 13 46 80 95 17 41 66 99 29 64 37 98 42 7 82 28 44 65 86 3 52 3 1 21 51 91 21 10 18 99 10 33 45 15 96 5 93 90 92 15 25 49 31 3 46 28 79 74 97 74 89 83 16 79 27 84 9 15 33 78 58 67 0 33 76 76 31 89 42 44 27 46 85 15 1 13 51 23 93 99 59 94 14 15 38 29 83 70 0 53 48 66 21 40 10 0 6 75 11 79 62 87 86 64 16 87 64 47 27 92 45 74 52 85 15 50 20 15 70 20 83 10 42 10 3 45 93 52 3 77 46 26 59 17 18 39 21 75 3 61 23 38 42 21 11 23 83 81 65 33 52 23 43 45 94 47 48 31 82 32 12 27 9 60 1 100 49 5 86 15 88 37 66 0 2 10 16 10 95 15 84 78 35 78 66 73 10 66 57 17 26 25 33 46 41 59 15 68 68 6 10 22 69 34 94 72 44 94 23 5 50 39 5 47 76 53 6 30 27 69 23 83 41 36 42 2 76 86 68 75 5 79 70 67 30 100 48 36 60 48 58 13 28 13 14 86 80 19 27 33 4 46 81 100 66 86 14 77 60 41 21 28 79 19 70 99 7 48 82 27 83 33 20 56 37 76 92 38 63 65 81 15 36 80 30 32 28 27 61 0 97 4 23 60 95 100 77 94 61 93 38 32 59 9 91 88 14 30 11 86 66 43 62 14 27 12 31 6 41 25 69 74 54 80 36 80 73 88 6 48 63 71 75 31 86 98 61 25 5
78 43 87 7 18 76 28 76 1 21 34 96 3 96 69 78 58 97 89 12 23 45 90 87 9 13 66 21 5 46 64 73 16 13 89 90 97 88 70 19 24 67 50 70 4 27 35 82 21 58 79 36 84 85 32 90 94 16 10 28 49 26 42 9 13 9 11 20 55 59 92 79 87 3 10 16 94 68 23 100 4 51 4 37 76 89 58 5 12 75 96 51 58 7 26 84 98 10 34 32 3 72 31 72 34 41 72 50 88 86 21 23 96 96 51 35 7 22 88 21 69 23 83 93 89 67 26 62 37 17 91 6 76 37 56 52 36 87 83 20 4 96 35 91 56 73 91 81 62 73 17 33 14 14 88 30 97 35 2 37 26 23 78 60 92 0 76 66 37 49 38 33 80 11 5 44 99 11 37 69 46 58 64 84 37 94 58 51 89 11 43 1 39 93 66 54 89 84 30 41 40 97 0 81 8 8 41 61 32 36 96 11 32 69 22 20 84 25 10 45 81 62 50 50 9 84 39 19 59 88 81 51 70 51 88 52 25 52 25 20 50 17 26 48 83 91 1 37 92 52 78 51 56 39 30 79 86 99 77 91 79 19 12 45 76 59 22 61 93 70 15 53 11 8 93 66 74 5 78 35 88 58 3 92 99 74 40 80 6 58 13 91 92 85 65 21 49 14 69 85 71 76 80 12 18 64 71 51 95 58 77 67 68 8 65 82 69 51 42 36 44 40 37 67 4 4 79 30 34 83 77 6 73 54 88 54 21 20 97 71 86 41 35 49 37 81 83 11 95 31 76 91 39 80 24 66 12 69 12 41 97 95 89 80 37 92 15 89 60 51 12 27 100 27 11 50 2 61 8 45 47 10 58 16 13 17 62 84 37 81 24 68 62 83 2 2 15 47 50 16
64 82 20 40 40 64 43 46 78 25 43 64 74 86 10 80 20 53 52 30 59 23 32 76 32 36 99 68 89 35 48 19 95 59 19 4 21 37 21 32 53 13 0 11 94 98 94 15 0 53 82 95 5 53 14 98 0 65 94 29 49 62 82 21 77 9 29 34 20 11 51 43 17 56 91 3 69 68 99 79 88 81 77 69 17 17 53 25 53 79 82 69 12 14 84 84 95 77 86 38 42 2 45 2 25 46 81 5 10 74 98 7 14 82 64 21 49 96 29 10 91 55 33 75 63 10 18 69 51 45 94 67 43 33 41 38 47 98 1 88 43 1 42 5 43 76 56 91 0 14 20 77 11 10 24 15 73 60 89 69 65 56 48 84 96 44 20 7 14 97 36 75 5 94 46 91 29 95 79 100 4 44 94 73 33 21 15 97 34 17 39 26 70 92 51 78 91 69 34 96 15 72 87 93 17 44 41 10 96 32 71 86 88 90 63 96 82 94 80 27 19 52 84 18 70 44 5 66 24 24 71 59 0 73 70 3 51 88 82 34 90 0 75 24 68 98 59 64 23 52 57 2 51 60 10 38 93 8 59 90 75 37 57 14 60 99 24 71 93 49 54 10 44 35 35 56 68 45 38 68 43 78 51 100 28 82 23 26 98 86 13 72 72 74 78 72 5 42 34 39 62 48 21 21 20 69 22 5 52 83 53 69 52 51 70 63 75 47 40 60 20 68 56 46 48 72 96 2 44 6 95 92 1 50 15 86 12 3 57 85 38 69 77 16 34 63 84 22 72 84 3 26 83 42 61 61 29 60 68 100 62 71 31 74 67 97 85 66 53 59 55 80 82 49 55 65 28 69 84 95 37 95 52 59 96 41 47 24 15 75 50 67 31 55 25 89 17 20 75 76
52 45 75 30 54 17 46 77 24 85 81 42 76 59 29 50 28 20 73 97 17 67 17 2 53 73 77 91 72 97 72 19 22 72 78 23 80 17 65 60 42 38 40 64 17 79 48 4 84 19 53 97 93 35 99 12 90 37 96 24 78 97 65 20 67 22 39 94 32 88 49 15 64 36 28 7 94 13 19 13 46 1 51 17 68 13 25 67 92 22 54 52 79 30 3 80 68 47 55 28 78 17 62 25 69 21 55 26 3 93 90 6 65 71 50 64 65 78 3 78 78 98 80 2 22 71 21 97 5 81 72 80 53 65 71 88 73 92 46 94 79 42 49 97 53 39 82 47 19 60 0 5 36 39 59 96 38 59 89 96 95 50 82 80 0 27 72 5 58 69 85 4 60 75 53 70 49 24 6 78 18 100 52 3 91 4 65 28 42 63 82 12 94 4 34 40 64 65 76 55 31 14 0 89 91 86 29 91 78 76 95 81 11 74 35 0 68 68 34 64 14 16 55 94 20 70 82 84 27 83 28 49 60 9 21 18 18 12 45 48 43 16 8 50 39 36 39 18 61 31 51 81 5 97 87 36 91 60 13 84 81 82 57 41 86 55 67 14 83 56 15 90 28 45 36 26 2 94 25 87 81 0 26 83 31 83 43 8 23 24 55 66 5 44 38 4 42 57 81 15 24 54 54 43 15 33 63 45 24 28 27 39 50 16 33 5 58 21 34 11 72 58 14 57 63 87 50 54 35 54 66 73 43 88 35 99 42 9 64 92 35 8 5 8 76 28 80 11 35 16 37 15 52 85 3 53 81 57 50 19 16 64 70 81 90 45 11 60 61 22 30 7 10 73 90 56 62 13 13 89 83 58 32 66 23 14 49 91 55 28 54 18 13 84 98 66 58 100 5 63
64 29 76 97 80 23 60 54 6 77 53 55 65 24 68 38 51 36 99 62 15 61 41 18 50 39 11 29 29 15 56 73 42 82 19 22 10 66 20 98 57 22 40 0 92 77 90 47 89 47 66 60 23 29 45 38 74 91 44 29 97 55 63 3 31 82 12 12 32 59 12 52 6 42 67 31 12 85 25 41 66 75 93 62 15 70 23 61 15 53 78 75 55 88 95 93 64 20 79 96 89 79 8 82 1 19 98 13 92 21 49 33 29 26 42 13 34 3 11 22 22 5 31 22 55 76 27 55 23 48 17 57 59 66 34 4 15 68 86 38 70 68 87 46 48 20 19 2 68 50 58 24 94 1 1 40 13 5 53 80 38 9 20 66 40 40 4 2 91 11 34 95 9 74 33 34 80 47 1 94 61 69 73 96 58 66 25 8 30 94 6 37 54 3 57 77 69 23 60 42 13 1 57 34 21 71 20 15 94 21 31 23 34 55 30 11 6 14 23 5 69 24 27 72 38 85 15 20 9 97 6 7 3 76 73 85 90 1 79 63 0 32 25 56 24 41 89 19 94 88 5 29 63 46 77 4 73 24 34 15 31 11 48 0 16 18 22 29 32 21 51 65 67 85 53 84 49 50 56 69 89 91 0 41 27 90 74 40 79 80 73 22 2 81 95 43 69 80 99 64 41 87 38 45 38 44 82 74 99 2 10 93 26 71 74 90 97 27 30 12 76 57 17 63 45 38 44 40 29 61 3 86 20 100 76 75 43 31 18 2 97 92 75 24 27 99 96 57 8 45 15 65 80 42 96 59 96 35 92 62 49 52 69 49 74 38 87 34 3 22 59 3 29 39 74 46 32 75 37 27 58 36 69 11 79 82 74 67 26 49 4 6 8 5 8 9 32 89 24 2
11 41 65 97 78 89 98 60 10 63 95 54 76 92 29 42 55 19 3 95 48 53 25 7 100 95 45 59 48 80 65 0 75 37 59 87 70 47 7 48 68 90 6 41 78 84 31 13 16 2 38 66 30 100 56 30 94 100 8 76 97 51 2 7 2 0 16 37 13 67 28 61 36 30 96 28 21 83 29 68 94 51 59 28 62 67 33 74 95 62 82 10 37 93 71 91 93 96 41 79 94 78 18 92 22 33 86 29 43 59 47 0 80 78 84 7 98 19 55 0 52 70 71 53 94 37 36 79 72 61 88 35 38 16 86 13 99 53 52 20 16 55 50 22 13 59 93 2 62 17 96 43 96 24 38 51 10 90 80 38 37 37 97 20 12 40 91 97 13 65 21 30 36 1 75 14 13 18 96 95 69 58 56 55 48 57 2 94 79 15 41 10 17 79 68 87 46 44 3 12 95 25 72 72 71 59 6 67 52 20 90 29 65 92 77 81 100 8 76 97 54 25 42 8 18 17 91 76 69 3 37 58 13 49 39 73 34 24 18 18 7 57 36 84 64 95 32 4 75 26 52 4 0 52 17 71 70 76 82 3 52 24 92 88 63 89 49 58 81 13 40 12 39 93 32 80 29 69 67 69 99 53 83 15 55 6 75 31 10 18 39 62 7 41 89 18 10 32 42 60 83 56 55 16 86 7 61 95 44 52 56 5 59 40 60 61 6 41 88 82 89 69 57 28 36 86 60 6 53 22 39 90 91 49 17 15 72 77 89 68 58 91 85 56 30 73 14 56 97 70 59 10 67 19 99 63 6 87 36 69 49 1 53 18 90 32 40 66 97 69 28 16 0 45 34 0 60 17 32 6 22 76 21 97 23 61 15 49 61 50 90 90 61 55 80 38 23 36 12 51
100 95 92 33 69 2 16 67 100 45 96 41 15 45 25 85 41 69 94 24 34 56 77 1 100 1 44 53 8 41 62 33 38 68 21 80 46 62 51 5 98 99 82 91 79 14 58 6 25 39 92 67 90 10 52 6 70 3 19 3 73 83 97 18 66 90 39 50 48 34 54 28 52 80 14 0 53 67 47 89 25 52 61 78 56 99 30 62 56 60 78 16 91 67 83 97 18 100 100 19 92 23 95 30 35 8 64 32 10 1 32 10 58 77 33 63 2 15 100 9 42 95 67 1 49 77 10 61 75 73 44 85 75 41 60 100 34 35 38 83 51 87 81 62 72 72 80 41 73 34 96 90 29 92 38 85 26 62 65 85 75 68 75 45 52 88 21 9 60 70 60 5 16 54 48 3 46 52 88 78 58 11 51 88 25 54 31 56 13 81 64 86 40 33 7 31 33 46 10 0 54 16 61 12 74 88 36 56 16 30 20 63 64 69 1 17 3 45 67 74 32 56 7 15 44 89 95 87 11 37 94 39 50 11 79 64 93 15 3 24 16 69 32 75 17 79 29 21 80 15 78 40 26 6 37 32 46 85 12 3 59 95 33 15 71 98 8 91 3 51 93 81 42 45 18 100 59 81 23 33 75 0 85 22 75 89 75 38 95 18 18 72 15 50 30 26 9 92 75 31 71 20 47 61 46 19 100 37 2 42 32 38 47 80 6 53 75 22 61 30 56 23 67 8 70 62 72 12 85 52 2 20 6 56 85 53 68 42 49 47 87 50 99 94 41 1 93 61 85 95 66 32 61 29 48 42 35 60 65 30 23 100 37 72 18 70 33 67 100 14 82 63 48 64 28 27 30 43 76 48 72 46 79 59 90 40 84 17 65 84 11 29 31 80 39 81 19 91 59 28
89 67 63 46 89 11 13 93 53 74 53 18 33 85 72 69 47 83 64 4 22 7 79 77 98 77 69 94 83 21 32 67 3 65 3 91 71 46 77 74 16 23 79 84 76 3 100 15 10 36 20 45 66 59 59 85 40 51 26 0 83 78 53 2 55 11 86 93 40 1 54 26 49 94 24 29 100 85 9 40 42 50 53 66 20 63 66 72 30 77 50 16 66 95 49 57 21 83 16 11 48 57 88 37 9 31 80 91 82 84 23 43 35 5 26 37 39 53 75 93 35 38 14 82 17 80 11 33 22 79 78 85 77 43 81 14 63 74 41 95 33 37 10 48 56 21 89 5 28 83 62 5 31 0 35 85 73 10 6 62 33 3 19 4 72 64 72 32 98 95 92 96 90 65 39 78 26 16 78 18 11 87 61 52 99 11 38 36 53 9 62 40 74 26 51 62 10 52 76 20 62 57 96 10 90 69 0 22 23 97 35 0 73 20 92 66 41 46 17 43 18 21 19 84 40 49 42 69 89 12 67 98 40 58 31 65 4 74 32 94 26 70 73 74 79 34 66 61 87 49 36 24 26 58 18 42 63 37 9 23 82 9 17 96 32 12 37 45 13 75 25 100 84 88 52 67 93 20 5 67 29 39 79 60 6 55 37 28 90 43 15 38 99 43 27 31 98 33 45 90 91 65 51 51 5 27 66 88 86 6 54 11 59 23 96 85 80 58 91 96 25 100 74 40 23 74 64 50 3 56 62 59 3 99 33 72 18 88 6 76 34 40 17 50 38 8 64 86 3 92 100 35 48 59 37 37 14 21 86 97 87 54 89 12 9 73 18 94 63 28 25 27 89 58 59 81 16 19 62 28 74 12 96 39 64 75 5 80 68 93 46 0 61 28 19 91 28 57 22 26
5 66 82 86 45 92 77 97 23 39 59 6 5 86 93 0 30 83 39 94 7 74 99 34 76 89 97 53 12 34 19 78 27 93 11 27 60 22 71 85 63 28 19 68 71 93 67 55 2 45 43 43 67 0 18 40 79 23 98 33 87 91 43 80 34 19 49 8 44 94 4 66 32 82 91 90 0 27 100 36 66 7 16 2 32 46 40 46 85 48 93 89 6 72 48 84 26 88 1 76 82 67 32 6 13 75 27 15 85 11 40 37 94 11 0 47 76 26 88 99 50 46 81 78 42 21 11 9 81 52 89 13 6 43 11 82 12 76 84 29 78 40 23 90 79 78 11 71 29 10 20 49 57 64 74 8 68 51 88 8 26 89 20 95 28 55 78 44 18 56 5 23 94 69 11 95 78 12 64 46 86 64 45 66 63 12 14 56 79 3 11 52 48 100 7 83 30 17 21 42 18 88 9 32 61 84 37 74 12 48 63 74 48 18 53 89 43 37 41 78 14 27 98 88 62 88 13 18 3 2 92 88 11 78 36 90 34 99 62 67 90 86 11 84 82 1 84 97 66 77 68 22 63 37 82 17 22 56 32 6 100 44 59 34 73 54 89 31 28 33 100 98 21 79 97 19 67 44 87 37 4 72 59 26 45 2 33 52 4 76 57 91 96 70 46 86 51 34 2 17 23 84 66 72 23 32 87 4 28 63 68 84 15 96 22 92 86 0 11 62 81 31 68 2 69 42 49 34 99 7 91 76 61 92 51 12 1 85 75 94 64 84 23 83 95 87 44 25 68 48 98 45 84 68 11 14 11 22 32 83 21 92 15 100 95 35 50 74 5 64 5 80 15 8 17 72 3 78 15 83 81 95 24 46 45 22 1 61 21 63 4 56 50 55 89 79 81 13 31 4
83 55 73 4 10 38 83 27 23 85 45 41 42 59 98 55 16 37 70 94 4 51 48 9 72 93 94 82 31 61 89 38 83 31 44 73 98 18 14 63 19 97 58 57 44 70 17 1 72 48 20 7 6 12 54 31 1 26 23 22 3 86 92 51 98 29 100 45 35 42 64 2 42 26 1 60 19 30 94 9 57 84 38 97 3 64 64 0 25 6 43 45 2 78 48 61 53 14 80 7 22 39 54 45 45 91 78 70 60 80 39 87 39 77 73 84 29 48 80 11 45 69 24 60 58 44 34 46 80 89 56 76 35 36 73 85 18 21 22 90 38 45 72 62 25 75 24 32 21 11 24 1 57 84 32 21 85 74 90 60 21 15 69 7 92 63 6 17 10 79 39 75 38 20 52 85 73 91 35 56 84 33 82 26 20 17 88 9 55 17 21 13 29 90 75 22 55 54 58 100 49 1 72 20 99 11 28 8 67 78 100 82 80 10 67 79 41 17 86 9 10 2 34 11 77 36 22 40 90 56 26 8 80 20 34 92 38 29 3 34 85 42 95 90 72 100 83 4 45 64 48 26 52 53 13 61 5 92 39 51 50 55 92 2 65 21 98 14 43 30 82 41 18 19 47 60 85 0 51 15 47 14 16 18 38 58 4 99 95 64 77 46 94 17 75 58 3 75 7 5 54 77 82 58 71 6 36 84 100 91 28 63 54 68 59 71 84 43 76 55 42 79 51 70 3 0 47 11 13 50 83 62 62 78 23 98 60 45 13 15 39 39 39 9 17 53 79 23 27 88 91 54 33 1 79 57 54 46 45 39 73 25 14 38 60 73 20 67 7 88 63 88 30 30 57 92 18 81 44 45 40 94 12 45 43 53 70 3 19 80 100 61 9 35 4 83 19 71 86 27
86 50 80 11 38 1 21 85 14 68 86 59 21 16 88 21 60 30 48 72 27 8 67 90 97 16 25 31 26 30 18 100 56 61 32 60 100 46 78 66 76 1 29 55 5 97 59 87 89 49 93 79 29 6 92 67 73 97 46 43 47 31 29 71 59 9 22 96 19 3 30 92 55 75 43 32 94 78 13 9 82 6 71 16 22 1 95 96 31 60 77 35 61 6 17 73 69 75 68 91 72 18 4 88 90 94 80 88 12 11 61 25 7 47 15 20 47 36 60 94 18 75 44 88 58 70 36 15 100 36 21 11 41 24 24 5 0 69 24 34 67 7 66 25 66 27 40 99 58 52 83 71 53 21 30 38 48 32 93 87 21 71 37 71 79 65 58 49 58 77 33 0 4 48 4 16 65 27 30 99 43 89 65 29 97 69 69 87 87 93 79 10 46 47 28 81 55 46 62 46 95 39 60 28 93 55 48 71 42 34 56 51 81 53 60 34 90 9 39 5 63 30 62 3 52 98 57 3 58 58 39 73 43 92 84 38 93 96 12 71 46 26 63 90 57 31 6 27 95 16 47 80 80 84 86 62 48 72 63 45 54 96 61 94 70 35 87 64 12 4 47 6 6 90 7 49 97 14 44 13 4 23 90 54 52 65 24 90 93 12 37 61 13 17 85 58 4 54 34 54 51 74 81 99 73 87 50 44 43 36 50 37 50 86 43 31 85 86 50 19 27 95 19 66 80 21 28 21 2 18 27 94 99 77 26 24 67 10 58 91 78 72 87 65 89 5 53 42 82 69 16 69 41 6 88 31 81 3 30 48 25 50 57 64 10 6 17 20 68 14 75 16 68 100 9 49 48 58 54 45 32 10 86 80 61 43 61 62 12 26 86 27 69 50 100 47 44 27 11 11
42 46 87 54 47 93 69 81 44 57 98 90 74 62 20 32 59 36 73 88 83 82 4 58 43 74 43 99 29 74 0 37 60 83 7 13 69 84 56 74 98 29 52 21 56 16 84 32 4 48 30 38 54 52 59 63 67 26 10 62 43 73 52 47 94 26 68 59 57 89 63 76 88 19 56 17 18 99 55 66 61 16 68 55 9 26 60 83 47 65 100 92 6 67 68 15 7 23 99 28 47 89 22 23 3 5 33 38 71 27 52 36 49 81 53 29 24 7 80 100 51 42 59 7 19 44 94 41 3 80 10 23 62 82 31 43 75 92 77 94 73 66 52 52 70 100 88 49 65 48 18 65 91 81 3 75 71 22 32 54 40 7 88 62 50 74 21 35 92 44 9 63 51 78 15 11 7 96 13 0 53 98 41 82 77 52 17 100 6 69 79 12 8 32 69 26 59 89 61 84 0 26 69 66 78 23 21 94 4 10 75 7 50 34 5 3 28 83 20 39 37 32 54 87 72 97 63 52 80 19 7 56 0 100 2 87 17 37 27 63 48 24 29 80 68 47 2 13 56 88 91 34 30 59 89 7 97 23 37 22 61 11 68 98 93 20 54 5 25 66 77 4 0 51 1 69 11 38 8 90 54 19 12 51 42 33 60 21 71 54 23 30 40 48 2 31 1 4 23 21 41 68 13 53 45 51 14 74 96 98 53 28 70 86 93 7 52 73 89 98 57 52 54 65 40 74 6 75 62 89 40 32 83 57 13 33 84 7 4 61 49 42 62 59 84 51 57 54 9 37 55 33 35 85 48 28 91 39 48 34 57 33 3 90 38 36 72 22 72 31 52 73 27 93 52 56 10 61 67 61 28 71 83 79 87 18 61 56 67 80 82 14 80 95 82 8 17 52 4 32
6 96 3 86 26 37 99 3 3 25 51 10 46 21 94 19 96 27 35 11 59 75 63 26 54 3 57 34 17 72 17 99 76 100 4 34 5 77 40 10 89 12 7 64 2 53 90 59 41 88 24 15 66 77 9 57 71 96 41 70 34 17 27 39 62 84 100 73 85 43 25 64 8 57 61 41 66 51 24 2 21 85 18 47 21 62 24 5 38 64 28 16 12 62 24 60 82 91 65 33 88 10 89 93 53 58 83 76 0 99 93 92 61 61 78 32 57 67 77 59 80 75 24 66 64 8 48 10 89 20 80 99 23 34 60 15 91 54 58 21 12 53 54 35 63 94 4 28 70 62 76 2 75 52 38 23 97 55 85 36 56 16 26 85 17 96 80 49 62 20 93 99 36 77 12 88 29 94 21 58 17 88 9 83 3 83 72 3 89 88 46 66 17 11 34 43 72 17 57 76 79 15 60 69 70 84 94 49 27 95 35 45 95 51 70 57 5 84 0 0 62 69 26 8 96 54 36 34 61 58 21 51 31 2 98 66 65 81 8 39 25 17 85 51 90 45 51 20 65 12 10 3 55 99 65 93 98 0 47 96 24 88 15 68 45 63 58 33 100 99 81 4 84 46 23 31 44 79 3 82 24 95 75 6 30 14 87 61 31 71 47 32 72 21 47 64 27 15 56 5 36 58 67 56 9 78 95 89 4 95 90 0 95 53 92 13 100 89 34 5 50 10 57 34 80 37 47 46 38 38 83 56 5 31 41 35 5 23 4 14 56 42 51 85 13 69 91 66 49 4 79 15 83 43 39 65 78 47 89 56 82 71 75 30 63 31 71 99 6 72 30 65 49 15 38 60 49 62 56 62 0 16 30 54 93 16 42 72 73 99 76 51 43 36 3 93 67 97 3 8
89 0 0 78 58 24 23 12 26 50 18 85 30 70 51 67 54 41 26 78 94 61 15 94 56 30 37 48 85 91 36 94 37 28 34 33 63 10 89 57 17 71 90 68 37 63 87 91 45 53 12 5 10 26 42 48 24 70 92 42 92 47 98 6 99 89 91 55 53 87 76 96 60 95 30 94 55 64 98 92 71 9 98 38 36 69 73 37 46 43 48 88 73 55 38 52 81 79 33 60 53 2 61 89 41 50 28 65 64 3 74 45 69 51 32 42 72 26 36 87 46 49 15 74 95 86 89 49 95 15 12 26 55 41 92 63 47 8 11 24 15 1 43 11 46 83 18 55 65 65 5 76 48 38 3 53 100 52 40 42 35 42 73 57 54 49 19 30 77 45 70 37 2 85 90 58 58 38 32 68 100 48 60 88 34 9 5 56 98 14 84 78 67 21 82 10 85 11 21 16 99 70 52 20 53 7 94 95 84 1 94 29 35 58 66 63 66 51 84 21 27 52 92 39 70 82 69 30 96 5 4 16 44 6 66 34 87 64 74 99 19 89 87 40 28 75 84 31 45 68 33 25 64 28 86 6 29 14 43 67 29 18 51 71 47 66 40 45 4 4 74 53 12 83 23 59 90 15 20 14 41 44 79 7 66 20 84 58 37 25 27 55 30 45 57 9 59 21 74 25 5 96 24 3 20 56 78 17 46 10 59 24 6 36 72 32 7 58 64 74 80 45 43 98 78 43 96 89 78 11 41 32 7 6 91 93 78 90 76 10 93 31 46 8 92 87 98 27 84 16 1 63 95 14 95 10 75 0 42 43 84 9 39 2 90 25 58 66 0 86 95 1 75 85 92 35 51 50 85 8 15 59 81 42 76 88 58 88 48 68 78 80 59 27 100 25 18 51 11 46
42 8 72 32 43 58 4 68 34 68 78 66 36 94 66 64 79 16 15 31 63 11 11 5 45 38 36 61 53 40 13 3 16 83 37 10 91 91 64 53 0 47 72 3 80 14 3 96 27 11 94 21 66 20 94 100 85 58 63 53 20 41 24 12 87 61 45 75 65 62 71 18 0 70 58 90 58 74 60 32 61 51 14 15 30 45 40 16 35 8 62 62 82 27 97 0 44 55 8 93 62 75 24 84 23 72 72 69 6 59 58 62 56 30 28 40 76 61 7 98 76 30 20 68 53 79 100 0 30 1 38 62 35 71 100 100 22 45 13 74 51 44 63 41 77 72 95 66 5 26 95 63 77 74 0 73 32 61 98 28 29 50 99 36 67 96 71 70 5 88 64 20 38 19 99 69 80 53 27 40 7 44 97 22 53 45 42 25 63 47 91 20 74 46 33 35 72 19 10 73 65 11 6 52 94 11 71 72 79 48 36 45 63 37 45 81 18 82 9 14 81 91 27 81 14 6 96 45 44 84 100 56 15 100 35 91 23 81 5 0 49 86 45 38 34 98 39 41 20 62 36 15 20 73 39 76 72 21 49 55 27 92 69 18 93 18 82 53 39 32 65 41 46 67 18 81 53 40 17 42 43 15 9 14 94 49 71 31 94 57 85 92 51 78 57 95 38 58 50 66 89 60 47 72 94 89 43 30 49 98 42 69 2 1 70 89 69 89 23 51 29 26 48 93 76 34 89 10 65 65 0 50 32 77 20 67 87 21 92 1 52 62 79 32 58 56 56 37 72 44 40 67 38 88 69 20 77 31 18 75 70 74 70 28 21 89 93 65 60 69 27 60 7 75 66 58 99 19 32 68 1 58 5 89 83 69 38 51 47 41 70 37 32 32 59 39 63 75 96 54
83 99 48 23 94 43 60 27 78 55 88 25 40 78 80 90 60 28 64 71 4 19 36 54 14 79 91 57 56 58 63 51 32 59 18 13 30 19 94 69 72 98 82 6 79 50 19 55 46 7 19 73 0 51 66 66 58 32 88 98 59 79 61 67 75 58 26 3 81 94 40 91 94 33 88 85 34 51 57 22 97 1 21 1 51 53 63 60 17 10 54 66 3 81 53 46 29 60 39 39 69 96 59 13 36 23 98 46 23 16 21 57 3 85 18 25 91 51 61 97 24 2 4 71 61 29 60 58 55 66 85 84 39 62 5 47 67 43 87 6 93 80 32 28 57 69 10 33 59 19 39 25 52 34 6 14 33 89 66 19 65 32 96 34 60 9 86 73 67 23 22 12 25 51 69 74 57 2 68 51 25 76 3 61 51 48 83 23 34 15 56 90 34 74 36 97 22 30 29 91 53 68 62 68 28 58 78 71 41 53 36 38 9 25 25 81 57 57 55 54 56 28 45 47 81 83 4 30 70 45 59 48 60 96 4 73 83 76 75 22 0 87 5 51 22 91 83 77 26 42 2 55 74 26 28 79 44 58 25 83 0 19 44 39 56 70 40 62 79 87 93 78 49 33 57 19 6 44 45 72 65 84 44 8 6 12 85 3 70 80 34 92 8 63 29 6 62 27 69 95 94 74 26 83 98 11 60 33 75 21 96 2 10 56 45 82 98 8 97 55 19 4 31 82 36 21 96 92 54 86 74 45 5 59 63 54 87 51 100 93 64 0 11 61 56 78 78 63 88 58 77 10 24 98 18 96 9 62 26 35 89 32 70 60 35 2 85 4 87 28 86 67 50 97 13 12 75 16 45 23 4 17 31 28 75 89 29 88 69 23 59 40 18 49 71 94 83 7 0 84
55 41 65 82 69 80 92 9 73 43 71 95 20 67 79 19 8 90 18 16 30 81 82 85 17 46 8 50 11 87 83 18 93 37 34 25 30 8 71 66 4 38 44 92 82 27 60 86 56 22 91 5 92 82 83 54 44 4 10 28 31 87 34 7 20 43 42 84 32 30 4 96 3 77 20 44 41 8 99 89 11 0 36 59 48 79 96 55 53 92 88 42 57 13 63 96 60 38 31 14 91 81 29 85 93 80 28 7 16 25 0 53 63 0 45 5 3 56 30 69 11 91 19 54 67 80 23 74 94 34 71 33 40 59 25 97 61 62 34 83 7 78 57 92 26 69 2 81 44 35 67 73 86 36 32 98 22 14 23 81 18 51 87 36 85 9 4 43 58 18 68 31 93 14 47 91 93 39 96 51 44 70 32 97 8 3 14 60 25 1 59 6 4 83 21 70 57 16 31 22 68 72 93 65 17 90 93 20 54 54 44 10 17 89 87 14 73 80 24 100 97 98 72 74 30 15 51 8 73 2 57 75 11 53 80 100 83 25 2 99 18 2 58 86 74 52 47 33 100 65 76 44 74 81 64 82 21 55 11 48 29 81 92 25 80 44 27 1 68 61 52 6 30 82 15 54 34 5 3 78 56 39 75 66 28 8 73 28 76 32 59 71 83 36 29 62 39 57 15 25 2 67 71 82 73 4 51 80 18 11 42 86 76 47 76 6 100 68 13 81 78 30 16 28 46 76 99 16 97 23 15 87 97 100 31 34 65 71 86 6 40 4 41 15 81 52 0 36 12 51 0 53 80 99 19 7 46 93 23 32 61 27 10 48 12 92 49 89 54 92 8 77 7 13 28 27 12 60 15 57 96 66 67 58 61 89 60 51 48 15 55 25 25 22 65 75 83 1 30 25
39 61 70 2 92 79 39 58 73 19 82 96 10 32 50 4 69 86 18 89 63 35 10 12 71 12 68 65 46 33 2 15 57 95 27 40 78 89 26 44 97 26 21 52 4 2 100 45 84 14 30 54 39 18 66 50 72 59 16 11 60 51 60 4 23 22 46 78 11 81 26 62 54 28 85 92 58 1 6 74 85 76 43 46 72 59 55 56 100 48 26 64 38 99 6 80 90 75 93 49 14 66 80 65 44 45 70 43 20 93 53 64 58 95 2 48 74 57 31 49 62 36 62 74 72 10 5 54 4 10 51 26 12 84 32 29 93 58 78 91 17 4 81 21 50 45 40 80 53 10 93 43 11 93 30 49 95 21 1 3 76 24 44 58 67 36 39 48 75 19 24 38 64 80 74 83 32 82 2 3 70 17 72 67 33 46 13 40 29 63 46 32 60 8 61 83 64 69 59 69 70 85 68 38 60 61 20 40 12 63 76 54 47 17 48 72 3 89 71 67 3 76 89 94 53 29 46 20 26 53 46 56 91 58 72 98 74 40 19 53 33 27 48 9 57 78 38 32 81 25 72 67 31 29 55 85 4 55 27 57 38 55 37 90 94 87 39 4 87 49 23 76 79 98 84 72 33 66 26 94 95 54 67 23 27 76 46 46 1 35 11 43 100 46 77 16 6 30 91 39 73 14 93 40 38 100 33 66 89 30 20 84 37 47 70 74 83 91 91 75 91 3 79 76 64 35 20 90 75 54 20 2 67 72 50 7 94 77 55 96 93 54 78 39 34 40 19 51 62 42 42 35 74 14 39 45 100 62 24 4 96 88 39 22 49 54 44 83 58 15 36 10 0 9 14 45 22 18 76 55 62 90 49 75 61 54 51 80 21 31 83 80 16 51 66 74 88 49 10 75
20 76 6 86 26 99 41 4 45 85 77 0 46 78 98 96 25 78 91 69 71 99 52 88 13 74 44 72 49 95 25 73 57 3 96 50 87 19 60 39 34 35 88 7 100 36 57 83 87 57 26 19 64 68 12 32 26 50 38 93 58 36 42 71 12 98 37 74 69 34 55 69 1 72 89 81 36 16 45 17 92 30 61 99 20 14 57 17 54 92 48 17 93 92 51 68 49 54 19 61 47 37 72 1 67 44 28 51 52 97 61 21 17 8 31 80 29 92 76 43 43 95 24 55 43 33 52 30 39 97 61 43 19 49 6 19 92 62 2 69 20 87 17 57 9 93 40 87 84 70 67 31 47 13 64 59 23 35 57 67 28 45 35 19 64 41 76 74 57 47 22 81 94 53 49 87 42 55 3 9 43 66 22 37 82 56 38 82 50 66 98 22 63 27 55 8 44 24 86 24 34 70 21 74 67 13 15 32 9 64 73 47 85 18 63 14 89 81 95 62 90 46 72 1 57 97 38 4 12 89 46 54 11 79 30 44 4 48 47 78 94 96 54 47 10 24 27 93 97 13 49 13 84 56 73 18 58 20 0 83 74 87 57 10 59 84 49 16 62 84 42 41 69 2 0 81 2 52 63 58 56 94 50 62 76 55 28 17 48 60 32 87 35 70 86 46 80 52 81 40 80 41 33 99 38 32 1 66 37 1 41 42 38 86 89 52 97 88 14 84 2 100 55 44 21 49 68 48 54 61 9 8 99 30 0 83 92 16 40 37 10 79 81 39 61 98 91 38 26 54 38 52 5 1 94 94 32 78 60 68 57 11 57 66 49 8 73 34 70 85 13 3 59 58 95 96 55 93 3 84 48 98 67 67 42 88 37 93 73 85 9 32 82 62 21 37 100 96 1 58
78 56 55 50 46 79 53 4 97 79 100 27 85 31 67 5 31 80 63 1 54 35 25 68 50 24 20 67 50 59 21 47 86 77 24 45 35 74 70 81 18 64 12 35 30 76 13 36 19 8 49 97 33 21 81 87 49 7 25 23 79 80 55 36 60 77 80 20 22 23 23 19 35 45 29 9 66 73 2 9 9 19 72 31 62 11 66 37 39 30 55 11 1 44 64 16 47 57 96 73 72 97 40 61 19 48 48 1 94 31 74 62 100 78 43 69 7 91 78 79 85 82 100 89 50 87 38 42 33 20 75 97 3 48 49 85 38 29 72 100 27 44 97 93 23 16 10 58 22 97 17 45 58 13 46 74 0 94 11 61 60 66 63 73 55 30 95 76 100 18 90 96 90 48 42 80 94 55 94 34 60 86 74 68 46 47 76 41 75 93 2 87 13 32 93 6 42 45 34 61 44 66 61 80 60 6 93 16 70 24 19 2 53 19 14 95 57 48 36 55 57 29 81 51 11 72 26 79 80 95 81 7 37 83 74 48 27 37 28 77 10 11 28 100 19 58 48 25 96 67 46 56 2 40 91 44 90 68 55 60 87 59 44 93 39 87 5 96 83 3 78 91 35 6 30 38 39 41 99 90 69 69 40 73 47 75 73 68 100 37 16 45 56 83 7 62 40 65 96 51 76 6 85 84 8 30 98 32 84 26 93 11 95 18 24 72 39 74 85 50 30 41 11 34 66 6 25 54 31 8 40 89 46 5 37 72 92 89 47 93 63 66 68 54 100 63 21 50 48 51 73 87 55 93 74 60 87 41 57 36 24 46 66 2 22 65 44 11 99 88 42 98 77 64 64 87 51 83 85 32 33 75 26 91 80 65 5 48 91 95 92 49 30 52 6 10 14 13 6 71
48 35 9 14 51 31 83 63 93 20 59 74 48 77 44 64 100 43 35 95 92 56 23 31 85 6 53 18 1 62 32 53 25 93 8 4 52 25 11 37 66 85 83 57 28 22 91 18 76 54 12 64 92 77 57 94 78 45 89 71 75 14 58 67 88 58 83 38 5 55 9 38 28 37 24 35 62 21 71 25 23 30 11 14 59 73 12 86 94 24 58 11 76 84 25 97 8 100 80 41 46 20 79 24 32 38 46 43 43 32 47 47 32 9 23 15 61 100 66 5 98 70 81 1 82 26 31 4 5 69 42 85 91 66 5 99 6 70 51 100 75 62 23 1 100 71 88 5 32 94 73 56 53 19 45 3 72 20 99 10 18 87 93 51 20 60 38 85 50 10 85 63 36 79 40 12 4 63 33 4 89 75 89 14 98 67 77 72 87 89 95 81 57 12 46 21 68 62 30 88 50 42 86 43 66 79 99 65 45 22 14 35 97 96 33 28 32 46 88 15 54 72 91 42 97 2 53 17 6 68 26 39 77 9 15 42 64 6 16 13 0 57 98 80 98 68 5 15 56 99 19 75 31 45 37 11 76 46 4 71 95 14 98 19 1 94 69 11 84 46 39 21 43 85 61 1 49 39 65 92 22 47 99 78 89 46 53 23 18 63 4 9 72 63 41 44 76 57 79 88 68 70 6 42 13 93 70 61 88 34 30 49 78 95 18 96 97 23 13 61 83 60 36 72 70 21 20 6 69 54 39 87 65 14 28 61 0 75 61 56 18 76 87 41 23 52 22 4 49 1 20 76 2 82 72 91 80 6 24 61 95 15 15 21 34 82 47 94 30 35 78 55 86 1 14 20 52 15 16 46 13 32 23 69 22 79 27 16 25 96 82 55 40 64 56 47 45 51 20 46
83 55 33 75 64 63 7 30 90 11 23 75 32 81 68 89 40 20 0 89 68 70 42 66 39 90 91 38 75 1 79 9 77 22 3 71 74 64 8 92 90 38 22 8 69 85 34 93 64 92 12 72 98 49 45 72 100 68 53 18 100 62 5 79 27 7 4 33 65 83 88 43 92 84 46 32 47 16 80 58 2 6 82 77 97 66 71 81 65 78 29 59 19 65 32 0 80 87 43 17 89 18 43 36 36 97 83 77 85 40 24 19 5 63 6 51 15 21 51 76 65 73 12 38 35 33 81 37 0 87 55 52 48 14 45 64 28 27 49 37 76 95 13 15 96 89 98 36 28 4 13 34 67 42 13 39 52 11 65 82 44 1 50 53 47 92 71 67 44 98 65 97 17 79 5 37 64 59 68 58 49 24 70 23 17 78 13 44 11 8 48 47 0 19 57 25 57 47 27 43 4 34 72 15 95 46 39 12 91 58 59 91 68 77 19 93 40 57 73 51 17 15 40 65 94 68 88 41 93 36 37 54 81 40 56 56 100 35 11 42 54 13 10 96 66 66 29 66 18 71 97 26 6 13 70 67 61 55 29 36 25 0 4 20 37 41 71 57 52 2 8 19 91 85 22 9 30 33 80 46 29 19 100 26 20 21 51 3 91 44 39 72 13 28 100 97 53 95 16 1 39 77 7 2 86 35 86 78 35 32 39 56 3 81 19 70 27 55 92 20 84 64 79 59 50 33 82 51 67 25 97 26 23 58 94 72 21 41 76 47 90 82 47 95 87 74 65 19 32 12 43 51 45 99 59 92 86 83 67 25 83 90 67 31 24 21 65 68 56 14 17 62 25 9 4 67 13 76 43 38 14 12 14 9 80 77 6 64 7 4 69 79 1 19 93 25 35 23 26 30
9 4 45 75 21 37 91 33 30 19 24 60 51 14 64 55 15 76 60 37 9 95 87 92 20 26 58 51 9 71 9 49 60 94 88 48 0 94 25 50 59 18 41 43 91 70 27 51 38 16 61 28 77 78 55 5 29 47 63 1 20 79 32 80 51 27 68 21 94 61 98 34 0 21 49 35 52 88 73 88 63 100 66 64 58 33 26 37 0 85 90 2 93 82 58 39 58 27 69 23 20 40 44 97 65 7 49 97 23 14 21 64 33 73 0 28 58 39 4 98 1 46 61 33 8 36 40 12 34 60 11 10 65 83 64 59 91 2 84 28 70 14 87 72 85 43 46 30 60 18 4 37 64 99 97 64 30 30 34 22 49 64 41 24 27 21 51 28 47 59 21 40 67 20 98 46 56 24 59 6 92 3 44 6 43 79 48 92 57 89 13 74 68 34 24 81 29 8 28 23 54 1 100 21 90 25 45 44 63 76 36 38 51 59 58 18 25 86 12 21 93 99 57 5 79 4 18 36 74 56 33 15 78 16 51 84 51 90 38 77 7 52 82 17 46 73 54 39 84 93 76 94 57 80 53 33 58 8 38 96 70 84 80 61 86 33 36 26 85 87 38 22 84 68 69 88 5 49 8 82 50 27 28 37 58 33 99 76 94 81 54 90 20 26 29 41 72 80 80 42 48 97 78 25 68 98 85 45 84 4 43 5 8 39 12 7 3 21 72 47 50 55 2 65 56 83 3 66 72 52 17 80 76 53 63 62 34 35 0 35 18 23 35 61 4 24 44 59 47 13 40 66 93 90 54 69 16 10 36 66 91 32 25 62 0 33 90 9 60 31 26 12 37 48 30 18 99 59 93 86 55 71 9 23 63 50 32 32 95 72 17 10 25 54 79 67 80 23 91 69
27 62 62 98 77 65 80 34 44 88 10 30 93 29 9 31 19 80 82 48 86 59 91 11 9 94 4 37 58 47 27 11 2 78 68 50 12 84 88 84 16 63 51 100 46 70 59 84 64 44 30 17 84 19 78 56 72 84 69 53 12 81 57 67 93 54 27 99 75 80 62 10 98 49 90 2 41 0 45 45 55 28 5 95 42 97 46 88 88 85 82 2 97 29 28 14 20 21 34 8 16 80 52 93 43 47 44 10 41 94 68 38 36 25 16 59 21 88 72 12 63 58 46 64 65 26 43 93 26 17 10 31 35 71 21 17 0 4 66 4 77 22 70 36 8 30 42 55 14 27 65 18 21 59 37 18 54 66 62 5 97 12 37 99 62 35 46 28 50 59 46 54 44 41 74 18 87 15 10 98 11 85 42 19 41 54 98 83 61 50 38 81 43 12 93 4 1 69 51 66 89 89 73 39 3 21 32 85 6 46 36 72 27 92 82 14 66 82 86 66 5 86 17 87 35 56 13 22 98 0 80 29 91 95 70 72 72 87 78 83 19 50 52 37 66 37 23 67 30 36 53 41 77 13 42 90 71 19 77 49 84 97 87 79 4 40 72 55 13 5 1 13 16 16 35 60 70 35 57 19 32 90 36 0 92 57 59 97 50 9 58 38 28 21 50 27 79 62 61 68 45 82 23 20 14 74 27 42 68 65 52 82 88 100 89 8 38 90 85 91 88 21 12 49 28 30 93 59 71 54 25 16 68 22 94 56 45 78 35 14 86 60 30 4 94 47 55 4 22 17 1 9 32 28 86 45 36 93 19 25 26 63 15 43 9 24 44 39 36 91 37 8 51 7 26 74 73 31 78 82 23 87 7 65 53 74 52 4 13 68 87 74 35 88 52 88 91 23 92 67
98 57 10 60 57 15 66 54 50 75 77 82 60 62 6 13 83 73 94 16 22 93 85 2 74 100 92 52 11 3 17 40 77 22 49 53 27 52 66 52 18 7 93 53 94 41 76 13 44 46 31 70 53 57 72 3 66 35 53 17 93 40 80 45 72 88 97 7 58 91 51 76 50 85 45 92 86 31 9 53 52 94 16 90 27 92 10 42 71 56 5 74 99 92 1 7 17 65 1 19 37 92 92 6 30 84 80 7 77 11 86 86 42 85 23 5 32 94 33 54 93 65 64 51 1 62 8 62 33 0 84 81 97 96 57 20 2 91 99 73 89 51 18 54 59 17 69 52 28 81 5 35 90 61 66 40 100 72 78 31 12 11 43 12 9 22 42 58 63 31 44 17 52 9 59 92 13 26 54 49 100 77 14 20 36 1 28 57 70 78 2 41 56 52 0 76 67 57 92 94 18 33 71 80 8 1 89 21 23 100 19 33 12 88 53 86 100 41 85 69 36 91 30 56 81 77 84 32 90 2 22 26 62 98 17 34 15 52 68 44 21 29 29 22 99 1 57 58 15 62 94 38 29 38 85 57 23 3 16 79 70 58 66 89 71 33 65 56 96 74 19 92 91 18 97 24 12 92 17 47 88 2 18 79 18 68 87 53 89 19 44 86 93 12 100 8 24 55 69 9 64 51 72 19 68 10 58 19 62 7 29 60 27 7 69 7 25 43 88 38 47 56 13 65 15 35 2 62 54 86 75 48 94 48 95 41 45 27 3 46 10 69 36 45 30 2 46 32 40 49 96 13 50 48 87 8 67 50 44 10 86 78 17 85 100 76 93 69 25 28 22 79 33 1 24 0 3 23 77 24 73 14 84 41 68 4 9 33 48 9 48 57 60 50 38 18 56 98 44 94
31 1 32 44 36 30 23 74 92 95 95 8 38 74 81 83 96 63 21 63 16 42 14 56 85 18 76 6 12 55 47 90 99 28 73 56 37 34 46 24 13 91 89 99 83 83 62 28 2 45 75 22 4 39 44 26 27 53 87 2 69 63 9 85 88 97 2 83 66 97 63 68 38 50 40 85 32 33 76 39 96 75 11 25 76 98 32 65 69 46 28 15 81 20 76 50 48 88 76 69 78 34 29 95 100 38 54 9 27 68 14 36 12 43 70 69 60 47 38 11 10 21 53 21 25 85 51 93 100 49 18 3 87 9 54 49 18 65 72 38 65 3 0 7 66 0 95 14 90 46 45 46 40 32 67 10 7 55 56 88 100 10 10 95 14 95 30 46 74 40 70 5 73 51 21 18 61 30 11 95 11 61 80 57 81 3 99 80 6 26 17 15 65 94 5 83 2 66 34 32 42 28 51 61 70 8 23 17 80 78 55 44 27 24 60 40 85 96 72 73 63 63 1 91 39 2 61 44 5 23 63 85 67 23 34 12 21 44 75 43 62 24 28 52 35 82 84 52 69 85 9 18 34 19 13 90 74 100 37 94 80 31 33 63 43 94 76 75 42 55 12 27 15 56 67 45 42 65 27 59 34 25 65 72 46 70 10 59 2 36 29 81 95 26 75 42 53 91 91 78 63 26 86 22 19 38 65 82 41 44 23 79 43 93 48 1 65 25 0 27 99 49 90 51 6 17 69 53 83 10 30 23 15 18 96 62 57 83 65 0 31 35 39 20 79 8 5 90 95 41 40 70 91 37 24 14 36 42 91 23 4 91 62 90 99 74 72 69 10 10 32 74 56 58 29 48 42 98 31 50 3 45 70 65 76 85 40 79 52 35 84 67 68 85 39 97 49 99 33 74
4 57 0 9 85 9 19 62 42 4 9 95 30 99 89 41 94 86 32 1 87 68 51 95 46 19 22 44 16 37 28 25 36 17 9 10 76 13 17 2 28 100 56 74 48 75 24 66 86 87 7 42 46 35 61 93 21 81 73 19 48 96 9 60 33 48 17 19 53 100 59 80 16 58 43 5 70 93 71 42 45 22 95 12 17 22 26 18 87 12 17 85 40 50 89 18 54 3 25 75 22 38 73 68 8 45 82 79 7 54 79 99 38 22 10 62 95 71 19 27 72 32 100 92 33 100 94 0 27 26 51 7 75 85 24 10 22 17 65 91 13 99 66 25 63 90 77 41 21 25 55 88 24 75 2 83 97 55 14 38 9 43 91 37 90 36 45 25 29 53 44 5 4 5 56 29 5 54 41 91 79 35 3 58 45 97 52 9 52 64 17 47 57 11 26 100 27 5 61 60 61 80 13 29 6 17 52 51 17 80 37 64 2 63 80 14 18 6 70 22 13 97 88 58 13 64 60 61 69 68 52 95 7 46 17 60 100 67 65 76 11 35 15 41 92 28 90 57 83 8 69 17 3 80 98 8 40 47 13 45 34 89 57 86 63 74 10 14 53 14 78 1 17 40 69 34 77 64 88 67 80 40 23 7 45 88 82 76 31 86 88 29 15 30 3 46 40 7 12 85 67 0 33 90 72 31 73 54 64 5 41 52 87 29 20 96 4 21 31 88 25 84 95 92 76 25 1 23 69 68 65 76 4 46 25 24 97 78 80 26 49 2 73 16 6 42 73 34 16 74 82 68 61 94 61 69 62 53 10 76 47 30 36 66 80 12 71 3 68 66 0 2 55 19 86 100 1 7 34 86 71 43 10 53 37 77 91 43 81 63 61 43 82 32 96 17 78 72 94 97
17 81 76 27 57 43 79 99 99 33 72 88 93 61 44 82 35 82 40 22 4 65 44 28 14 21 25 23 84 80 55 24 90 36 10 35 16 15 17 56 20 44 54 48 90 33 22 18 80 70 56 43 78 87 54 81 13 30 80 34 76 84 86 77 77 73 20 18 95 55 64 10 92 3 2 71 67 17 9 80 27 31 94 53 17 72 74 13 34 28 2 57 13 88 79 3 58 78 58 79 44 11 29 11 41 15 35 60 44 78 80 79 90 38 96 86 8 24 24 30 0 2 34 62 5 38 2 91 63 69 28 30 73 78 90 42 58 99 18 83 41 12 91 60 97 93 8 13 2 14 88 37 85 38 7 18 32 92 18 98 6 22 22 4 95 56 54 78 95 86 65 100 39 90 71 70 45 22 11 95 34 79 97 86 50 0 80 63 97 59 63 42 97 14 16 28 80 48 43 66 14 27 23 66 67 0 39 29 47 100 99 27 53 11 52 50 9 84 8 50 71 26 89 17 53 65 6 14 1 14 57 43 16 98 82 32 0 44 66 71 52 47 29 51 55 10 35 8 38 3 98 22 73 90 89 36 42 66 87 74 4 42 32 91 94 29 42 3 90 34 67 89 71 98 76 35 78 15 21 17 0 19 76 13 96 41 90 61 32 37 34 91 49 98 15 28 37 98 55 47 58 18 70 100 33 84 22 56 81 4 24 34 13 45 54 98 45 6 40 84 71 19 96 11 23 46 46 57 63 88 40 16 53 53 25 14 69 60 58 50 72 98 89 84 85 84 70 27 31 88 24 32 32 43 45 2 82 94 58 33 67 58 54 1 100 98 11 0 60 17 70 62 84 73 88 19 52 14 65 59 45 5 22 41 62 39 22 85 7 62 92 90 80 82 59 45 88 38 31 34
7 90 16 49 51 25 83 66 64 3 85 34 33 35 13 71 30 38 25 35 98 30 32 64 6 91 93 85 77 16 100 28 42 68 80 32 23 11 92 0 26 40 73 62 47 65 47 95 27 89 67 64 78 80 25 32 47 12 18 67 58 80 78 87 33 2 48 35 12 87 23 26 44 79 19 60 43 5 29 42 92 28 32 85 15 74 30 52 78 41 77 15 84 54 50 5 95 25 48 77 9 77 91 11 65 78 20 9 70 85 90 88 9 15 3 96 63 38 26 99 29 54 50 9 53 41 62 83 89 98 82 49 31 3 63 90 9 89 97 60 54 62 79 34 59 25 34 90 80 84 85 86 80 30 90 88 28 0 61 96 6 75 24 45 59 76 70 50 76 25 48 4 44 29 35 77 79 95 85 26 62 73 53 36 66 82 39 7 61 11 29 3 54 76 66 12 72 100 56 73 99 16 45 75 19 2 27 68 82 38 34 20 90 45 16 41 87 97 97 70 67 33 7 92 93 86 19 80 33 21 35 98 79 15 34 13 74 47 3 51 27 28 31 1 95 37 82 85 41 37 26 41 7 70 89 38 45 75 10 62 57 2 96 58 40 25 28 24 52 21 68 92 42 26 8 36 22 20 87 100 37 86 61 60 97 94 66 84 92 4 27 62 28 59 7 96 10 86 91 25 66 20 76 21 55 6 1 37 36 51 87 87 75 39 8 50 34 54 86 6 61 23 20 90 22 49 57 71 62 84 8 13 74 74 39 39 42 73 25 25 2 63 64 63 18 31 73 35 71 37 89 52 33 16 39 96 18 93 68 74 49 75 23 67 24 26 49 69 0 33 57 7 98 5 6 79 12 63 15 49 8 58 55 8 37 99 42 8 85 84 77 98 81 39 49 79 44 19 92 99
39 27 91 32 35 2 46 29 10 67 2 36 51 6 78 39 100 37 63 85 49 66 44 68 58 50 80 29 12 43 27 88 36 44 79 44 19 92 9 14 1 13 34 67 67 38 61 13 16 25 41 7 68 56 60 17 13 91 57 94 11 2 25 32 98 46 54 9 99 6 71 63 16 76 87 31 42 54 5 75 17 68 71 69 24 63 49 3 22 1 100 60 8 99 19 55 50 14 24 12 83 76 94 73 48 0 35 34 9 35 50 15 18 20 81 82 41 11 55 40 7 52 59 23 90 25 27 98 94 96 69 28 22 5 66 44 76 91 34 49 78 67 42 21 73 95 32 88 6 15 26 73 91 2 7 73 56 85 96 7 7 36 14 80 44 27 45 69 100 0 18 73 43 93 83 43 8 90 86 38 88 1 85 2 45 36 49 63 68 12 30 22 0 24 64 95 67 86 79 1 14 80 9 79 30 65 45 96 38 42 2 58 34 54 45 28 15 40 88 66 89 57 42 48 54 68 55 59 41 31 53 18 25 73 76 89 45 77 47 61 79 56 51 71 43 81 9 51 46 4 93 94 74 45 91 28 37 50 5 37 79 84 42 68 98 63 66 42 28 39 67 41 62 55 2 43 91 79 4 28 93 45 18 78 20 59 14 13 78 24 52 28 8 61 75 17 57 77 74 56 1 90 49 95 73 84 50 25 68 68 82 11 97 75 90 46 2 76 71 50 88 74 32 12 41 10 85 94 55 59 9 11 100 16 53 22 19 0 74 67 10 85 39 9 55 12 93 5 74 38 77 12 98 9 37 61 40 71 58 20 43 14 11 88 39 13 52 6 24 38 76 55 3 77 5 33 4 52 63 40 97 95 32 40 30 32 24 57 51 88 61 62 6 4 11 12 23 60 23 54
60 69 41 97 43 52 77 92 40 95 41 92 88 75 22 71 38 60 22 18 22 70 75 96 11 65 44 13 78 1 2 64 61 90 28 9 16 100 26 30 76 1 22 73 93 62 3 56 9 100 34 54 6 10 15 9 85 96 27 58 57 2 81 61 41 73 12 45 46 45 12 82 39 11 62 82 95 73 70 57 8 89 37 76 56 81 29 32 42 49 39 18 22 46 30 52 61 93 35 2 17 14 35 27 51 9 60 43 55 85 96 74 57 40 76 8 85 41 66 87 6 58 75 30 99 83 85 52 33 17 74 66 69 90 4 10 15 27 19 49 10 13 88 67 45 81 3 38 50 69 71 32 4 77 45 67 42 83 45 44 18 67 51 33 56 11 48 13 17 40 100 2 88 7 77 91 12 92 1 38 47 87 59 30 12 67 13 17 82 17 10 77 57 8 19 6 62 48 25 57 99 83 67 57 8 40 32 95 53 42 68 47 87 65 79 54 71 48 58 24 0 30 76 77 28 5 30 25 13 41 8 74 96 51 81 15 95 85 35 16 69 93 88 34 31 53 34 33 48 84 77 33 85 52 34 32 62 38 35 60 5 60 12 11 62 12 77 72 45 30 21 10 33 88 49 98 64 82 61 99 3 79 49 27 15 19 38 78 92 32 34 86 58 50 28 29 80 17 27 78 69 3 39 39 97 3 30 24 10 20 96 48 34 90 92 80 16 35 67 79 29 94 94 87 44 66 48 56 44 48 48 28 62 47 47 58 63 6 85 42 38 41 11 94 16 29 82 8 4 56 49 76 6 34 85 74 70 12 88 17 33 4 46 85 67 69 47 8 42 92 66 0 56 76 42 1 98 1 54 39 91 91 63 86 84 98 6 84 97 78 13 57 2 52 0 18 54 30 91 82
10 88 41 46 42 57 25 93 37 79 50 42 87 77 92 9 75 58 33 16 22 77 32 21 56 36 43 58 37 98 41 55 74 42 16 2 1 62 97 37 26 79 47 94 77 7 5 35 20 68 67 11 84 99 63 11 9 5 20 39 61 65 44 11 10 56 67 39 29 34 64 90 63 37 72 98 43 49 39 48 43 24 81 92 47 14 52 25 32 66 60 63 73 77 94 0 4 38 61 57 53 10 1 50 27 84 7 24 3 55 14 32 21 4 89 11 37 34 25 56 12 62 65 35 96 71 27 4 58 21 32 71 99 62 30 89 14 35 69 31 39 15 38 74 80 50 98 12 92 35 80 52 3 22 37 57 97 72 60 48 34 17 75 70 44 3 79 72 19 12 95 32 36 65 67 91 90 60 30 51 9 8 82 85 42 49 74 15 50 33 65 49 50 67 87 3 3 17 11 52 30 79 52 43 52 48 27 86 98 15 86 68 11 64 17 50 29 52 8 35 89 3 94 37 68 41 21 34 17 69 45 59 75 9 11 14 2 15 38 14 37 10 88 76 10 93 34 15 2 65 82 59 47 6 9 8 52 22 4 56 4 16 89 12 68 1 41 25 63 57 42 12 57 91 99 40 57 13 34 24 89 75 82 5 43 78 77 58 20 10 97 98 93 5 16 6 18 89 16 8 54 54 45 23 82 40 58 23 18 92 79 70 80 22 72 62 52 36 100 49 55 99 87 80 2 52 19 70 5 47 85 97 82 21 47 41 74 93 50 8 62 53 12 100 57 3 87 30 18 43 44 83 35 91 44 59 64 14 27 27 88 28 17 71 0 29 42 46 30 89 75 84 46 50 98 54 26 55 11 52 30 70 51 33 28 96 29 84 83 10 50 44 55 26 66 20 9 68 76 10
40 23 99 17 83 23 61 99 41 85 17 90 79 77 73 17 55 17 15 21 46 11 40 85 91 62 95 86 71 59 28 35 32 28 37 76 46 55 58 98 63 46 7 25 53 29 69 1 57 57 7 18 13 6 46 27 44 23 68 93 100 95 24 91 31 57 92 5 28 22 86 82 70 91 21 13 98 46 90 38 33 5 45 79 76 54 58 43 37 23 16 67 99 65 74 77 83 99 15 22 55 5 17 37 67 38 39 92 3 70 42 95 78 60 29 68 58 88 47 82 19 100 55 73 67 76 20 11 87 45 89 46 12 79 5 98 96 43 56 76 50 16 2 49 35 74 50 96 71 84 4 100 59 39 85 36 94 44 99 59 4 6 73 53 44 43 47 42 57 82 16 99 60 74 31 87 12 83 70 68 71 81 46 26 61 75 11 49 59 79 88 88 58 8 46 54 82 89 35 47 45 88 10 20 71 57 75 85 73 57 5 52 13 3 11 85 69 1 86 94 20 17 54 40 51 55 82 59 100 74 38 80 63 71 0 46 26 7 82 63 57 23 64 86 57 80 94 29 70 1 1 56 73 50 92 65 66 61 12 12 80 26 90 14 45 61 81 57 37 73 59 5 20 38 20 88 78 30 96 85 27 45 46 31 47 56 58 63 78 15 52 51 63 68 45 46 15 6 94 20 29 88 20 11 53 34 24 12 68 78 27 21 49 48 76 97 24 34 7 40 2 60 88 18 38 39 58 43 33 39 64 36 99 93 87 58 7 71 31 59 33 60 63 76 84 49 38 14 21 69 75 60 76 72 99 57 54 51 28 70 4 92 24 57 15 23 99 53 9 13 48 7 6 31 27 17 10 5 18 91 7 63 93 53 89 26 71 10 3 59 100 13 12 23 39 86 49 95 44 32
57 29 60 80 66 17 78 31 43 68 11 9 32 52 78 5 1 18 24 90 82 16 93 99 85 26 96 9 2 71 90 82 6 57 17 0 64 79 16 10 39 9 91 29 88 32 43 20 93 38 96 50 81 63 10 10 32 5 25 56 83 52 54 61 14 54 32 37 54 62 73 65 91 56 51 62 15 37 89 77 43 76 72 78 54 36 95 90 22 61 2 75 69 37 79 34 75 31 44 96 53 74 16 37 51 47 19 28 48 50 41 44 37 72 42 86 3 61 97 77 90 9 31 76 49 67 36 64 28 67 45 29 78 58 97 37 100 71 68 72 23 62 90 58 86 69 71 75 49 48 45 78 16 3 43 66 4 30 5 23 16 35 21 63 1 15 6 85 93 53 96 72 59 46 73 14 28 26 65 36 14 99 91 66 3 63 82 21 8 65 37 56 97 2 100 85 83 55 83 87 89 72 95 52 67 53 40 90 66 89 96 18 21 29 84 77 100 77 98 36 0 9 12 45 48 72 91 58 30 44 5 77 100 11 17 16 45 39 60 63 97 60 65 2 26 54 43 7 33 95 71 51 11 27 10 71 16 85 20 49 68 88 30 14 23 25 87 53 95 4 100 43 18 29 81 23 83 0 27 45 93 78 14 59 61 2 59 80 96 89 98 67 8 18 15 48 6 30 60 95 27 97 6 13 94 69 28 42 11 50 32 100 57 6 14 85 79 67 44 96 84 100 94 55 16 18 48 18 76 44 13 39 24 0 48 72 61 38 71 88 41 45 94 49 48 9 62 99 12 5 81 73 83 51 64 4 32 85 27 79 33 59 82 16 69 71 4 99 23 33 49 32 57 83 71 95 95 75 16 81 31 76 99 76 78 59 8 64 51 97 98 51 76 32 3 64 47 37 9 16
25 37 51 62 100 24 87 55 48 58 33 51 45 85 65 8 80 15 27 88 14 90 22 49 20 57 45 3 66 36 66 55 84 70 47 66 58 79 22 36 60 94 25 19 19 41 94 87 45 8 83 99 10 56 87 36 30 92 50 11 6 49 49 10 19 60 60 0 71 46 83 91 81 85 0 70 59 90 31 70 97 31 20 8 25 62 16 22 69 83 54 7 96 29 98 69 6 35 49 11 3 70 85 96 100 42 86 65 49 95 67 11 51 91 83 37 94 56 57 84 9 76 98 7 59 97 33 60 16 67 21 43 75 72 66 69 59 63 87 25 72 83 10 44 73 41 56 22 61 62 5 71 78 21 34 19 62 26 63 40 28 25 97 56 58 96 52 66 93 59 52 79 18 35 82 87 24 73 72 28 87 38 95 64 18 55 29 55 47 72 94 44 44 89 18 60 33 59 95 14 78 66 84 47 10 53 74 52 38 54 99 54 29 97 19 22 16 43 16 72 80 34 79 52 54 46 86 15 14 78 72 96 81 27 43 87 97 4 88 74 79 23 23 80 31 23 30 93 0 40 28 16 89 15 35 98 31 33 70 6 20 66 21 43 47 69 85 58 78 45 26 18 49 68 94 32 60 65 33 92 70 69 31 41 68 59 38 72 58 60 8 33 37 18 57 94 100 87 83 36 44 75 75 67 1 93 8 42 93 16 78 60 52 94 66 76 85 28 5 71 82 94 50 79 10 82 84 51 53 74 52 8 42 60 62 8 12 33 22 3 69 93 30 28 50 23 58 50 83 9 99 7 32 95 61 81 46 3 5 54 71 59 25 83 86 99 53 66 60 5 79 41 39 75 78 35 41 4 30 58 24 10 73 52 38 35 26 54 37 23 28 71 16 20 4 69 45 2 30 96
95 82 43 81 58 17 44 20 72 32 74 23 78 0 13 27 26 89 81 30 5 94 16 40 57 8 99 8 56 21 47 49 41 62 59 62 63 20 0 80 29 20 36 94 35 26 97 71 13 58 86 93 17 85 71 23 67 27 76 66 81 51 96 21 98 89 34 44 38 98 71 77 62 71 74 2 60 15 96 7 52 73 78 98 72 23 26 19 39 5 61 5 48 85 86 19 53 36 79 35 7 46 57 47 79 99 30 36 36 92 3 40 89 91 28 70 31 16 20 89 88 42 16 26 19 87 9 76 24 49 94 94 65 45 92 85 21 6 92 99 28 97 63 39 71 59 8 2 36 31 88 48 27 86 3 1 50 52 90 17 92 13 12 79 98 21 41 1 89 69 36 88 28 29 60 57 6 5 100 3 96 80 66 48 39 66 78 12 46 67 56 66 90 34 70 32 72 24 45 74 50 43 87 95 99 81 37 66 74 83 52 64 82 22 36 95 70 18 70 48 97 85 73 86 66 97 47 31 56 3 70 66 94 58 82 12 94 62 85 80 76 51 14 21 53 41 43 25 18 78 42 26 36 99 63 82 9 28 83 72 91 79 89 21 82 15 78 69 23 88 68 55 21 36 63 61 22 84 14 49 26 41 12 79 12 30 2 90 4 10 57 28 3 16 4 35 91 41 88 76 69 32 38 34 25 60 93 2 91 62 1 30 29 61 23 100 91 62 96 95 78 11 29 51 15 60 46 29 93 77 20 65 36 7 70 41 61 73 66 36 88 67 84 47 70 48 19 31 84 81 32 63 5 35 28 13 5 83 48 36 96 5 53 19 31 42 67 70 52 22 14 59 67 80 85 0 78 16 53 4 40 42 16 55 4 29 40 91 56 35 66 3 41 24 99 65 12 95 10 52
78 74 88 51 57 76 67 17 5 26 51 99 61 39 96 14 18 28 95 22 66 47 94 84 20 22 70 57 77 90 75 99 89 53 0 30 49 9 35 32 96 69 57 80 97 59 53 85 58 56 61 21 18 23 64 96 39 55 78 29 15 29 37 49 23 21 59 36 0 49 91 87 73 41 99 15 17 59 40 59 67 76 6 34 10 96 32 53 73 27 93 48 90 24 93 70 31 58 73 74 84 60 98 15 37 30 100 52 88 78 84 95 13 6 43 20 24 100 12 60 14 12 41 45 64 27 35 54 92 52 43 67 39 59 75 74 91 73 5 25 53 54 84 8 69 77 55 54 50 58 81 1 30 25 97 47 17 42 75 30 0 35 84 53 52 95 19 51 77 32 28 38 8 69 53 79 34 86 77 61 83 91 93 55 100 91 45 74 94 71 95 79 27 54 28 52 31 47 18 45 75 1 71 54 74 69 48 54 57 61 29 4 99 4 51 48 89 75 81 61 0 17 67 97 89 49 59 11 18 31 96 11 55 38 65 69 91 27 1 53 78 66 10 98 97 57 45 25 78 68 36 36 9 57 78 10 32 73 55 21 25 70 54 59 99 54 66 34 25 38 95 47 16 32 33 32 74 51 50 83 69 35 48 22 44 76 7 24 47 12 71 1 31 79 23 7 25 8 35 95 76 47 97 66 60 51 88 25 96 80 34 20 76 31 1 24 18 65 92 5 32 95 95 58 57 71 27 42 54 73 30 89 83 37 54 48 18 55 53 1 63 89 30 36 70 23 51 3 16 47 64 88 3 14 86 25 41 79 85 69 57 12 53 69 32 95 53 90 40 66 75 17 81 48 66 40 40 56 44 94 17 97 7 9 87 86 30 37 3 16 17 28 23 84 83 11 47 22 87 2
63 84 34 89 89 46 52 11 47 100 20 49 87 39 98 26 81 48 7 24 50 7 10 58 66 84 62 80 77 52 9 53 38 90 90 89 61 96 52 20 11 50 17 55 61 7 47 39 31 88 100 50 81 9 54 72 5 95 57 41 39 50 42 83 39 81 27 26 56 9 100 68 81 69 58 40 43 27 11 97 99 34 50 14 15 9 71 76 85 17 70 92 3 94 63 2 47 51 55 80 44 62 75 90 46 38 95 19 36 11 12 92 32 13 27 68 66 11 78 6 14 50 44 58 6 93 41 54 60 90 64 55 74 97 39 80 52 55 60 6 64 78 79 96 11 20 16 57 38 30 100 87 20 65 70 64 47 75 87 87 30 86 30 46 4 10 100 47 54 28 20 88 86 82 98 65 41 92 63 41 90 2 71 75 85 53 38 59 37 47 96 66 88 95 68 54 82 35 30 86 100 68 55 70 54 21 85 87 41 86 67 42 19 5 49 35 48 99 43 50 21 83 33 10 92 86 47 64 55 96 70 60 16 73 0 46 6 3 88 44 72 94 59 54 24 71 43 72 86 22 51 41 65 17 93 23 83 81 49 67 21 28 30 8 99 50 77 32 89 17 64 53 42 97 54 100 25 75 54 19 30 14 79 42 65 13 78 9 53 39 61 77 78 0 46 70 70 16 67 52 60 21 38 71 89 57 67 62 18 69 17 99 94 52 89 83 20 88 26 33 65 22 72 97 71 72 90 87 38 40 4 92 13 26 61 57 72 79 23 5 58 52 74 47 60 52 64 38 95 27 7 24 0 36 31 31 25 55 19 48 13 76 49 76 10 68 2 66 17 1 0 83 90 84 59 37 88 64 97 89 47 8 56 12 61 79 49 75 90 87 26 79 72 5 77 27 90 67 44 60
62 10 51 66 75 71 91 82 39 37 90 71 42 88 84 11 67 91 79 13 95 74 82 24 31 62 66 47 18 15 100 63 23 91 0 21 24 18 40 72 61 2 57 70 14 29 11 13 5 96 91 88 60 42 82 98 79 35 27 55 88 45 62 62 90 85 63 88 50 81 67 90 99 43 33 73 47 82 57 74 43 51 45 33 77 100 92 84 3 84 73 82 24 11 6 27 23 23 2 68 45 27 6 53 42 31 14 77 94 43 73 18 26 47 0 42 66 25 31 22 38 18 75 19 7 2 6 86 60 20 31 15 74 23 98 44 11 14 19 54 92 8 93 42 53 77 2 24 7 63 21 89 53 47 61 2 87 71 92 16 5 56 84 25 34 52 39 13 56 37 46 82 6 79 10 43 16 74 92 45 77 4 75 81 37 6 11 67 94 96 94 79 37 80 35 80 3 13 31 25 98 76 39 74 64 58 35 25 37 95 32 50 53 29 83 84 78 63 84 3 0 33 37 93 99 62 55 4 82 9 52 27 37 87 72 10 87 49 60 10 63 8 100 22 32 36 52 79 48 61 7 4 75 15 30 4 64 20 84 60 79 8 73 49 77 100 11 5 69 27 47 30 23 35 100 71 95 27 66 81 50 64 14 46 69 75 9 99 1 56 78 28 95 8 3 87 96 10 22 10 60 63 53 50 87 20 91 64 25 59 67 88 34 6 46 35 68 66 80 28 25 34 86 47 6 71 20 24 34 99 94 3 35 31 18 25 71 100 83 64 2 11 29 45 49 88 4 61 81 41 22 64 0 78 60 40 16 3 86 55 79 56 69 33 68 6 76 65 47 13 2 69 17 57 11 38 93 35 35 29 11 12 8 24 80 80 54 96 66 34 3 45 11 71 83 2 71 5 69 17
66 38 98 94 92 19 75 41 19 89 43 64 38 51 55 20 71 95 15 44 65 1 42 30 41 100 55 81 8 78 24 1 90 79 34 5 98 2 90 56 87 31 26 46 88 35 50 21 93 2 10 22 68 23 12 71 20 7 74 66 32 67 81 74 100 47 63 46 89 8 61 82 59 83 28 67 16 59 81 53 5 8 51 7 7 94 94 15 16 94 70 4 25 63 4 47 77 26 98 28 33 95 31 33 64 92 72 28 18 48 82 82 84 2 69 43 51 91 81 79 39 18 9 18 10 21 69 45 93 25 93 74 55 39 22 29 58 9 28 24 37 16 51 75 21 27 10 78 42 96 36 88 33 68 31 96 94 40 47 94 24 76 46 16 98 97 40 99 82 99 1 96 46 20 32 57 8 3 34 16 8 27 91 78 76 66 81 3 53 39 91 32 7 100 35 52 10 6 79 0 10 90 32 37 75 74 74 71 28 6 87 16 84 100 87 44 62 40 8 74 2 26 18 27 99 14 51 75 96 56 40 89 80 88 100 76 79 79 86 16 10 52 26 86 99 74 1 50 67 69 55 97 13 33 71 63 35 77 78 91 26 68 6 20 3 52 56 55 97 12 99 49 67 27 35 24 56 33 85 48 84 6 88 36 62 94 56 97 39 62 49 99 6 0 59 62 60 92 48 25 4 75 78 56 72 91 43 33 22 45 18 8 66 71 44 51 38 16 3 28 5 13 72 65 2 89 87 58 55 7 76 41 69 66 19 3 22 22 0 20 72 27 60 78 42 6 8 71 91 64 83 77 6 62 27 10 28 88 21 17 1 44 67 60 22 5 55 43 62 42 32 30 48 68 1 26 6 74 98 71 64 34 8 87 60 69 20 12 89 54 56 79 42 6 32 14 25 82 40 52
32 20 8 8 35 27 22 20 52 27 51 58 65 13 97 33 56 47 82 13 55 75 72 3 14 11 88 1 43 47 28 20 53 55 18 59 80 52 15 37 96 51 64 38 98 97 1 50 64 43 69 92 22 95 63 19 68 88 1 72 3 23 62 7 29 26 28 70 81 61 81 42 81 11 31 47 28 11 60 39 56 44 14 14 98 11 62 30 8 45 32 86 79 46 79 16 12 13 26 40 19 38 1 65 32 45 51 40 22 4 53 16 83 33 34 63 80 4 7 94 24 20 89 0 97 45 24 82 95 47 64 36 32 86 73 1 38 56 39 47 68 22 29 94 99 27 26 47 32 22 94 3 33 37 85 41 80 21 12 24 5 40 8 46 86 13 29 37 35 72 82 43 95 42 68 24 12 24 61 10 18 24 23 62 17 58 75 95 8 93 93 98 64 23 80 7 19 86 24 92 78 77 8 80 43 51 96 44 80 42 45 36 78 22 74 74 72 15 35 62 84 14 30 87 51 80 22 82 99 23 90 86 62 19 17 23 2 17 78 61 4 60 80 100 65 82 12 95 29 89 98 39 37 24 19 88 86 50 80 82 18 75 47 16 26 97 97 91 90 54 80 34 5 55 36 4 66 6 0 63 69 17 40 72 62 16 51 83 2 55 72 77 79 22 35 59 72 63 88 1 17 26 93 66 86 94 92 70 27 79 75 78 17 47 36 47 34 82 53 88 92 17 96 58 77 31 80 27 12 51 87 17 20 12 88 91 14 88 60 11 94 42 54 1 25 10 2 62 77 69 84 98 4 100 22 19 66 74 67 40 93 43 74 20 61 86 17 48 71 30 82 66 19 58 15 65 36 5 49 67 97 19 50 42 90 41 13 1 94 15 88 91 63 28 68 88 53 73 94 64
3 5 86 65 33 96 86 85 40 16 88 20 72 37 95 16 50 14 90 44 60 21 46 5 69 67 8 22 45 7 72 28 60 20 53 76 22 52 25 14 81 66 54 4 98 75 11 88 40 39 14 34 57 60 97 24 7 31 50 83 55 43 23 55 95 73 40 84 87 15 39 82 81 79 82 5 42 24 42 29 19 42 35 60 7 45 14 22 26 3 7 63 29 75 21 40 92 53 67 43 18 57 44 66 16 61 74 92 99 28 74 88 61 39 25 21 8 86 58 74 26 25 50 58 61 28 63 87 15 49 20 97 40 17 64 53 4 5 20 70 21 53 29 86 45 15 45 55 87 95 5 9 7 4 86 55 84 22 25 46 25 42 46 77 72 98 29 81 43 72 32 31 3 26 40 69 100 19 75 75 85 32 67 5 92 83 61 44 14 8 45 98 84 62 47 54 53 58 57 87 36 15 49 37 85 72 84 53 53 8 43 11 30 67 97 85 32 31 7 79 95 86 68 81 15 53 63 92 47 6 39 77 18 12 82 54 17 73 98 66 48 15 15 10 20 94 13 6 37 14 99 47 63 68 98 58 47 31 74 57 83 3 91 35 37 53 57 59 79 87 56 28 84 58 85 96 29 57 35 18 8 38 25 1 66 32 72 100 79 3 21 27 59 10 5 3 21 75 62 22 85 60 61 57 92 35 87 8 58 54 9 81 55 24 46 22 39 39 97 20 13 33 44 67 94 11 82 24 75 37 9 81 8 75 70 50 36 7 55 34 86 32 49 17 30 79 96 52 67 73 27 51 37 25 97 66 0 29 45 53 11 64 41 2 87 64 24 20 82 27 57 32 19 7 66 59 25 5 1 67 100 73 8 76 78 82 45 8 35 48 46 41 1 29 100 30 51 48 77 95
26 97 59 89 0 74 50 94 14 93 39 33 64 16 93 9 54 30 29 70 59 88 81 48 12 4 43 25 63 35 32 99 51 54 18 51 78 75 99 19 86 30 98 96 61 66 18 98 37 86 57 20 41 7 56 63 27 57 70 58 100 16 68 14 33 0 31 50 53 23 59 47 24 47 91 87 76 38 53 8 11 55 41 83 0 17 36 59 45 13 57 51 90 72 78 22 82 40 43 68 7 53 80 100 1 91 11 33 10 49 4 82 32 61 33 54 43 28 78 26 32 39 19 92 4 57 49 41 67 47 51 21 69 52 17 30 31 49 45 61 7 17 48 54 9 23 44 6 18 93 51 62 65 30 51 50 69 33 97 22 92 20 59 7 43 37 40 15 22 12 21 9 27 31 90 46 73 48 88 69 35 1 42 76 65 71 1 94 56 44 36 86 98 72 12 91 5 7 40 28 55 11 86 90 73 18 43 57 77 82 13 73 37 3 35 58 75 22 15 32 76 36 66 49 53 5 46 32 87 71 53 16 97 63 63 40 44 36 11 33 39 52 97 2 65 82 2 2 38 23 30 88 12 61 22 67 97 64 24 13 90 3 48 90 70 92 85 14 3 39 91 88 40 82 27 52 44 81 3 17 35 2 76 12 44 46 99 33 66 55 48 4 2 68 20 96 79 50 31 16 6 40 48 43 71 17 35 17 83 26 65 19 9 55 76 6 70 91 39 63 87 39 9 8 76 35 97 28 16 31 57 88 27 39 3 82 33 45 56 83 34 76 63 90 48 90 77 65 78 34 10 9 96 70 98 54 93 31 66 65 80 8 74 81 1 63 27 70 47 85 52 7 26 85 27 26 98 55 12 77 34 71 50 27 85 4 53 60 70 1 82 12 3 93 96 54 68 65 34 39
71 7 39 6 21 64 71 88 57 22 77 72 66 44 31 44 78 41 51 32 100 53 60 53 11 68 83 1 31 35 82 36 22 54 90 32 21 50 88 10 81 44 32 13 41 19 80 16 49 75 79 17 32 84 1 96 12 63 25 65 50 68 8 73 99 98 8 97 88 13 55 5 22 84 35 36 70 23 75 0 53 78 26 82 39 82 36 47 74 19 99 11 89 63 65 71 9 31 41 82 25 20 24 51 83 6 73 35 96 9 35 31 25 65 35 77 35 78 61 6 100 82 64 69 5 5 49 78 31 72 84 69 57 71 91 27 38 50 40 36 23 1 86 85 23 49 80 46 70 24 79 49 89 72 9 92 13 16 97 83 43 67 100 60 100 8 99 59 53 36 28 91 78 57 57 81 23 50 97 0 96 64 69 10 93 52 20 85 69 32 61 2 81 27 92 46 23 10 8 47 29 49 57 93 88 56 54 96 11 60 84 30 19 71 7 13 16 17 66 27 38 45 0 23 37 9 63 50 49 33 91 31 39 64 99 1 21 98 31 32 81 33 46 96 60 25 53 95 43 74 54 60 99 48 56 7 78 43 62 12 64 9 35 60 78 77 49 86 40 21 11 30 58 100 74 92 89 85 95 82 1 18 9 19 92 27 55 79 76 37 70 22 3 97 11 25 42 81 46 47 70 48 93 69 57 37 23 66 77 60 41 5 58 99 69 43 100 49 40 78 26 25 32 15 25 22 81 33 64 0 13 93 45 76 44 100 66 65 74 41 3 10 88 48 50 18 90 51 18 99 75 18 98 26 57 21 91 99 15 1 72 67 77 23 54 60 16 92 29 50 7 45 59 54 2 51 63 70 4 5 69 41 77 51 41 77 71 79 77 22 86 42 23 91 84 13 19 44 12 86
66 53 19 42 65 10 82 20 85 11 21 36 87 72 41 17 91 53 88 75 2 39 27 22 63 50 56 89 77 34 3 22 38 64 35 4 14 35 17 40 81 68 87 95 2 55 17 59 91 25 76 5 56 84 8 19 79 34 19 41 83 3 76 26 49 60 35 17 59 96 29 20 67 72 29 46 45 10 48 72 88 45 86 8 12 24 64 27 97 38 46 31 86 62 82 47 30 24 54 54 17 19 27 10 63 69 54 42 39 31 1 62 49 11 7 36 40 65 84 77 83 92 3 77 77 85 39 29 71 38 2 39 26 68 71 90 78 22 47 93 3 87 39 94 17 46 81 0 90 33 36 27 40 32 74 65 78 89 46 64 71 30 86 72 1 52 15 26 17 71 50 49 36 97 63 38 25 96 13 15 87 5 65 89 23 10 36 93 80 34 33 28 2 64 83 22 1 38 62 24 87 1 58 15 40 59 67 49 95 27 78 14 40 27 47 44 74 17 1 72 59 9 15 48 29 42 91 66 42 12 48 5 0 69 29 78 78 80 50 85 18 95 80 72 90 68 80 33 88 57 72 57 33 16 28 58 74 29 15 4 95 76 30 97 42 60 31 29 37 63 53 22 3 84 74 28 82 82 5 44 96 21 82 73 75 55 8 60 73 85 61 38 75 67 27 100 35 28 79 99 39 19 40 81 28 99 72 8 94 54 60 82 60 2 2 26 33 1 29 92 46 32 4 66 64 88 70 86 13 8 5 62 45 18 67 69 57 44 9 40 32 20 86 99 87 7 27 57 40 50 52 50 51 97 9 44 98 91 93 60 58 72 63 68 11 71 85 34 61 50 28 72 32 40 47 86 42 74 23 27 74 87 67 30 44 85 10 66 39 64 14 53 1 10 20 9 93 71 80 34
100 34 86 66 71 85 51 29 81 35 90 4 74 49 4 64 13 42 33 4 11 99 39 7 64 76 34 66 24 58 31 89 24 24 15 35 79 27 88 98 4 52 14 4 77 15 36 91 51 35 30 28 34 61 86 24 10 70 78 72 95 16 37 20 100 96 81 49 44 10 85 41 62 56 11 42 7 88 67 26 35 22 8 75 17 61 86 24 5 29 95 50 60 60 55 5 51 27 48 51 55 24 71 35 16 59 64 43 81 38 56 62 60 9 100 50 35 48 17 22 6 22 63 59 82 72 53 28 73 55 80 92 94 92 76 10 88 96 11 87 40 79 19 17 83 66 81 27 14 88 99 83 79 3 13 35 52 40 93 3 11 98 44 100 26 70 62 55 40 62 23 18 17 38 100 65 92 86 61 97 15 38 43 49 6 21 70 30 14 34 18 80 0 68 2 36 72 25 12 71 70 16 79 100 73 2 57 26 28 12 33 93 48 95 80 59 33 2 52 97 77 21 77 60 72 65 31 37 99 61 85 74 69 56 15 86 32 18 83 7 28 38 36 78 41 55 34 1 3 84 14 63 82 7 36 60 68 96 21 73 30 36 53 16 39 4 20 99 31 13 42 7 11 32 41 39 17 33 12 63 19 80 37 31 45 14 16 62 11 53 79 51 12 69 14 24 82 40 12 1 50 41 58 52 14 15 15 74 30 4 53 45 54 20 91 86 52 96 75 53 15 74 96 79 82 13 6 65 45 51 24 75 72 95 87 17 13 51 62 92 24 97 40 23 3 13 48 6 21 73 9 16 34 80 92 80 76 49 81 87 22 59 34 51 27 66 51 8 13 24 93 36 9 64 54 92 74 31 11 71 88 66 70 32 20 73 41 0 80 25 70 77 48 57 98 10 95 95 97 9
91 87 63 86 21 84 15 69 22 92 23 98 76 60 41 54 33 21 39 6 47 81 77 52 82 20 10 26 83 31 97 65 38 24 66 82 15 5 73 88 33 54 8 46 48 18 4 4 60 42 77 28 91 53 70 1 36 67 86 79 50 33 99 55 48 24 4 95 18 22 16 17 95 85 28 30 74 97 78 59 24 25 35 23 53 41 9 29 87 75 36 8 54 21 79 5 6 90 43 24 73 97 69 57 30 27 93 72 35 1 10 20 39 74 54 16 67 38 3 11 52 4 87 82 60 81 5 26 14 69 42 27 3 42 41 40 43 40 58 76 22 68 74 39 68 55 32 53 48 96 65 8 39 43 74 59 4 97 7 80 18 86 16 38 10 38 34 11 11 39 66 41 94 59 64 35 51 91 71 100 20 70 44 27 69 53 6 47 74 6 26 51 20 15 71 50 99 39 57 70 55 0 28 16 84 11 14 83 25 40 64 13 39 74 18 84 1 37 54 96 41 4 79 85 0 2 72 7 97 37 90 37 83 39 19 41 64 13 19 20 4 40 58 38 31 30 45 25 6 61 63 16 31 66 45 8 44 11 65 82 5 86 50 37 74 90 56 72 37 85 9 81 96 10 69 24 19 96 8 93 58 23 86 42 22 92 20 25 77 53 74 41 57 92 62 26 57 51 34 27 58 85 69 86 32 74 80 71 72 5 97 38 30 98 87 95 50 98 64 32 47 74 88 98 5 97 51 18 34 55 69 58 85 60 92 1 73 99 18 72 13 51 29 29 92 62 60 90 66 30 19 32 26 10 42 25 42 24 55 68 79 76 94 35 94 96 63 18 56 84 60 90 76 26 21 97 80 80 26 45 97 13 29 7 10 4 8 63 95 95 38 71 64 11 45 59 13 24 93 92
100 32 16 14 25 82 92 44 100 91 75 75 7 97 40 37 84 59 98 37 41 93 88 50 47 91 31 82 85 61 68 42 78 15 48 91 25 14 55 87 46 57 75 93 66 94 9 49 58 49 52 12 29 59 95 9 75 34 49 96 46 69 2 62 9 31 64 74 2 24 23 57 5 89 20 96 10 34 93 16 44 58 86 49 33 51 4 4 31 69 3 55 34 29 49 91 16 72 87 14 89 17 38 86 10 1 23 70 74 76 64 17 43 27 88 10 99 79 8 23 0 71 79 12 81 19 7 49 44 63 7 46 60 11 14 62 31 11 67 18 7 27 62 77 31 78 1 8 75 93 69 97 24 88 19 39 55 35 98 100 37 12 12 45 67 64 76 55 98 89 82 18 34 49 77 90 72 23 6 87 89 65 35 60 11 24 27 85 57 68 5 18 8 96 69 91 78 2 44 6 100 33 93 14 45 27 50 27 12 16 87 66 92 28 5 92 17 35 25 98 76 1 13 18 15 21 51 46 74 48 66 14 7 97 10 86 83 43 2 96 85 56 2 43 94 47 62 60 58 93 38 47 13 62 16 24 51 89 81 58 60 15 17 99 25 47 31 24 44 2 72 35 24 33 25 79 36 34 80 57 19 84 77 9 52 47 10 91 79 71 88 20 73 34 82 60 68 73 28 56 75 68 72 72 8 62 73 51 0 18 87 89 46 7 88 45 82 91 56 17 83 44 93 33 29 90 87 3 29 70 91 87 57 4 71 14 56 52 88 33 67 10 84 78 93 14 52 74 84 47 16 82 47 96 63 9 66 74 63 92 12 82 62 63 30 14 4 61 91 90 33 34 52 87 54 18 58 3 8 94 45 59 5 30 54 18 56 22 89 36 54 74 85 61 76 15 34 15 70 19
51 56 37 80 92 49 20 88 75 52 27 38 97 13 95 16 94 12 71 58 73 53 83 6 42 44 40 90 95 54 92 37 41 47 5 60 52 88 84 79 24 17 96 46 71 58 27 47 63 33 73 39 32 99 0 82 35 1 48 2 20 18 5 94 33 80 53 63 15 99 99 47 71 39 96 58 51 70 48 8 48 46 3 15 92 76 23 47 14 35 47 0 65 94 17 3 75 87 92 78 24 82 85 33 80 39 57 30 46 55 35 54 59 1 1 40 10 48 53 28 62 30 0 1 66 64 23 35 94 59 54 77 81 86 23 32 88 11 64 77 44 54 63 77 84 97 43 56 76 67 10 55 25 19 99 11 88 59 76 52 49 18 5 44 10 12 1 12 12 56 32 20 7 52 55 44 45 95 18 58 6 16 58 21 75 85 98 17 27 32 5 87 77 25 4 33 40 32 19 58 47 68 30 79 60 62 72 78 89 84 13 6 2 74 84 48 3 78 72 24 91 73 68 61 28 66 45 75 44 18 28 8 62 59 35 95 69 45 9 88 40 41 21 16 93 55 26 81 11 21 49 98 65 55 12 53 32 92 60 83 30 36 16 53 64 51 92 4 16 15 75 91 68 37 40 28 54 38 21 46 13 88 48 94 54 89 28 74 33 70 73 7 12 34 59 51 3 18 66 87 64 54 69 9 25 93 76 10 38 37 27 29 42 28 98 5 67 24 32 19 62 31 23 73 100 86 39 8 69 64 74 30 70 30 8 32 4 95 21 66 81 4 36 57 48 37 63 83 74 51 88 51 59 48 62 2 62 23 100 78 66 73 23 11 27 54 47 40 36 30 90 20 90 54 14 16 96 12 19 13 35 25 22 78 99 17 95 94 22 7 53 90 77 32 78 0 50 28 99 97
55 97 63 56 25 23 90 70 76 39 22 33 0 90 66 12 74 51 54 9 13 15 32 34 57 98 12 67 5 67 19 36 20 100 42 99 65 68 45 1 75 85 84 20 77 36 83 68 4 82 40 87 5 50 0 22 41 88 23 16 23 57 41 73 95 1 31 73 51 69 98 64 52 69 9 54 96 50 58 94 50 81 70 55 21 56 36 33 30 63 1 87 55 94 50 36 7 64 53 88 98 74 0 24 52 2 81 75 45 74 15 59 62 89 64 9 7 21 84 32 22 60 6 55 75 85 90 96 44 61 49 96 74 3 10 25 6 35 20 27 17 76 22 84 21 74 82 85 49 13 75 59 17 65 2 46 25 57 55 81 84 60 3 21 27 87 91 78 56 48 58 54 31 68 11 68 55 26 42 42 86 14 2 54 50 72 8 69 42 22 43 92 31 31 75 65 85 2 75 76 44 69 63 76 7 14 79 11 90 63 99 29 70 14 55 53 41 40 78 62 67 43 18 77 41 30 44 77 64 65 84 27 45 76 45 92 35 0 40 67 93 56 90 14 32 58 67 21 3 21 62 84 45 14 94 96 4 88 2 90 51 25 98 95 28 36 38 58 17 95 51 60 27 95 88 36 84 39 13 58 85 29 10 73 84 67 50 84 16 50 19 60 17 41 33 98 74 1 50 54 59 94 56 43 18 73 97 1 66 100 59 2 24 5 95 66 62 9 46 10 100 52 76 89 71 46 89 89 77 51 67 21 66 80 41 25 45 16 23 54 93 17 63 54 62 51 87 84 2 92 57 30 27 70 64 40 2 74 54 87 1 69 14 1 42 96 46 18 9 79 33 100 53 19 49 72 81 49 53 5 32 35 82 40 94 57 66 49 10 10 2 23 18 93 1 67 70 39 58 58
67 26 44 99 55 77 92 64 59 38 18 59 43 18 54 90 24 10 71 32 27 85 33 85 76 15 30 18 96 84 13 91 99 91 64 49 88 58 18 3 27 31 67 81 59 11 100 4 56 41 30 87 68 9 43 26 3 18 74 18 88 18 76 68 87 19 33 2 35 82 79 77 73 92 89 48 86 2 92 88 69 15 43 5 46 82 20 2 81 14 85 95 34 35 41 71 92 58 46 50 40 75 48 48 85 3 26 18 87 8 54 59 29 51 61 44 98 77 85 91 21 99 29 4 37 94 68 53 44 69 75 78 19 37 25 97 78 32 50 83 10 88 15 88 56 80 96 87 49 9 4 49 29 93 87 15 33 95 24 87 28 35 49 9 62 83 37 36 82 20 46 5 70 16 26 37 90 94 48 31 69 74 41 77 3 51 82 94 93 71 11 0 17 78 63 63 80 77 63 4 19 100 94 48 89 84 57 20 23 51 38 47 20 38 93 34 88 77 42 92 37 61 81 56 95 41 46 11 85 27 25 77 20 59 52 76 89 34 84 78 21 99 100 44 7 86 45 44 6 30 42 53 8 46 41 65 5 95 52 81 17 55 49 3 42 30 82 49 3 44 60 63 87 21 65 18 47 21 81 51 27 96 48 39 96 6 76 64 26 99 80 75 74 48 25 82 19 41 20 25 88 50 15 23 47 62 23 20 25 12 96 74 14 72 31 39 51 20 36 95 30 43 52 77 41 77 85 65 96 93 14 82 57 62 66 78 26 76 58 56 92 58 46 86 11 88 10 21 24 4 69 34 64 98 44 53 21 96 74 30 87 25 11 73 83 32 93 29 40 11 39 84 49 30 75 37 84 28 31 51 31 14 98 3 52 66 19 100 77 94 12 64 70 12 44 28 29 68 13 69
41 15 8 87 41 29 83 71 28 66 21 56 13 26 91 73 48 96 81 41 64 71 96 27 75 100 95 11 47 6 7 1 48 58 89 10 6 46 39 79 94 79 56 4 35 54 53 83 16 61 22 84 81 38 11 33 79 13 78 25 64 88 89 18 79 85 57 48 58 89 45 11 56 55 13 27 24 49 25 91 52 83 67 19 79 44 1 12 54 16 4 36 33 4 74 54 39 88 61 47 10 84 17 49 45 89 81 55 43 11 58 99 79 37 16 67 60 56 17 43 82 7 7 46 66 0 12 55 53 20 82 83 95 31 83 73 37 33 28 34 38 100 75 62 60 45 78 99 36 42 58 90 11 23 7 92 90 27 52 72 74 51 14 14 60 40 86 81 2 43 89 31 81 88 79 95 39 52 62 12 73 3 91 95 31 84 61 24 47 55 0 79 49 36 64 48 11 5 43 19 84 62 32 39 78 11 9 48 76 3 16 51 2 61 23 80 24 84 82 77 19 20 1 92 33 60 69 100 45 24 39 62 31 34 26 95 39 10 51 64 68 29 96 42 66 64 94 8 9 44 87 84 76 70 32 22 37 68 3 72 91 27 41 61 42 99 65 64 60 82 42 29 34 50 14 84 57 25 14 46 80 68 84 95 10 21 63 3 72 99 44 73 59 81 17 52 15 63 18 52 74 49 26 19 31 77 13 0 95 76 62 62 35 5 58 93 52 95 6 40 100 17 47 0 41 52 5 85 10 83 73 39 7 43 66 96 96 90 11 14 91 48 17 96 10 64 68 83 93 15 3 58 24 15 79 44 19 50 74 46 88 73 18 69 91 22 30 21 58 77 13 74 15 74 40 4 67 61 33 23 80 68 28 41 97 70 1 9 97 21 58 62 85 45 1 34 69 76 10 67
23 23 59 24 53 24 81 79 24 97 67 65 36 60 95 87 51 40 90 63 23 30 0 59 29 92 49 81 37 87 73 18 5 40 42 42 19 4 40 82 27 18 31 65 65 73 41 97 20 78 43 90 31 44 83 11 31 77 67 39 36 1 6 20 37 45 11 11 6 90 33 59 25 24 11 2 34 42 85 83 89 26 10 28 97 36 27 20 60 0 39 25 10 72 64 3 41 76 100 33 65 64 80 92 5 81 15 74 86 0 22 42 93 88 82 69 10 68 24 74 53 81 65 49 90 69 44 5 37 48 30 51 74 24 46 34 63 100 69 29 21 9 27 7 11 22 1 31 24 30 66 19 38 21 75 9 31 97 75 9 43 0 51 55 93 82 58 32 84 18 96 33 71 25 80 22 28 66 62 30 39 80 90 90 78 38 25 5 27 92 73 26 66 85 62 7 54 49 46 60 24 34 48 8 39 51 25 95 17 40 81 42 51 92 85 70 91 90 73 88 23 27 78 29 20 69 50 85 24 39 58 14 93 68 69 82 70 83 21 12 55 33 12 87 57 0 18 13 30 83 39 10 68 52 32 13 35 75 79 84 88 35 53 37 99 97 64 72 64 5 79 94 72 27 64 1 98 9 19 42 61 23 50 72 87 85 59 29 80 79 65 26 31 15 13 12 26 16 76 5 82 97 21 6 31 90 1 65 41 11 78 2 50 23 47 33 79 90 97 30 60 9 9 87 43 64 26 16 7 96 37 4 20 71 41 6 45 62 96 18 85 85 72 98 7 3 64 35 80 29 30 89 12 50 12 81 82 5 58 35 28 45 8 56 1 69 35 50 26 100 5 43 14 27 86 17 31 100 52 51 7 51 90 99 40 60 61 41 46 58 24 83 65 49 62 63 7 41 59 68
86 80 63 34 19 32 78 81 80 64 64 25 75 21 94 26 7 57 68 95 11 27 88 37 72 36 84 49 85 11 18 49 39 97 44 73 70 3 79 39 36 72 26 84 86 49 8 59 0 55 64 47 79 5 32 19 50 35 89 32 86 96 86 3 32 91 1 60 76 52 97 14 86 62 52 39 64 5 0 6 61 62 85 18 95 68 100 83 36 73 20 31 39 8 4 83 26 42 6 26 44 75 1 56 13 6 100 9 77 66 5 7 80 30 17 50 21 46 65 24 93 46 78 36 80 21 76 97 93 7 98 51 0 49 92 45 16 38 80 62 54 17 9 94 94 16 45 94 50 97 10 58 10 87 9 9 69 4 55 19 79 30 11 44 68 69 76 65 88 94 60 69 49 0 96 98 27 67 20 97 82 77 78 35 29 71 90 93 98 79 27 25 60 40 3 35 5 53 65 54 6 87 11 3 78 81 65 63 19 60 79 30 55 34 54 3 65 80 13 3 50 9 10 10 38 4 22 29 44 12 85 71 35 28 31 96 36 20 35 9 50 86 88 46 63 54 0 56 62 26 23 100 93 24 36 86 72 2 0 9 45 63 64 72 11 44 50 75 70 40 61 69 40 82 65 37 72 78 76 61 68 55 38 57 39 50 93 22 17 37 68 62 91 53 25 98 5 66 8 17 2 32 4 70 27 52 76 60 80 65 94 43 61 0 74 14 16 69 16 1 67 10 62 8 74 25 9 42 42 80 41 15 85 93 62 12 61 9 54 7 53 37 64 58 64 69 65 59 18 34 36 8 9 25 79 89 27 61 98 69 53 6 77 30 21 17 69 74 48 94 25 61 37 52 28 0 78 25 92 77 95 85 8 70 96 40 5 61 72 39 16 29 19 81 60 42 85 71 68 61
15 95 98 23 67 9 64 35 22 29 82 12 45 48 5 37 60 25 76 49 59 21 22 63 97 68 59 92 49 43 42 80 36 69 41 30 93 3 49 2 41 30 99 40 41 58 21 79 64 25 83 59 8 32 54 65 57 60 40 36 39 86 57 99 3 20 64 30 55 20 41 40 52 49 89 19 24 1 68 68 13 88 92 80 42 75 19 21 58 80 97 72 61 84 31 27 73 4 33 24 50 24 49 56 3 23 45 79 48 85 96 0 29 6 96 74 27 16 81 23 41 79 95 45 75 18 33 86 66 90 5 3 78 33 87 58 93 89 86 54 16 11 64 16 17 7 78 93 13 67 8 38 85 42 81 4 87 57 62 98 86 44 54 67 13 18 92 41 95 4 78 8 12 99 49 25 25 3 6 29 57 17 69 22 55 98 84 31 49 2 14 48 10 28 56 93 74 11 66 40 65 72 24 48 89 4 64 54 42 87 60 52 78 48 36 38 88 45 49 28 20 3 32 39 4 90 30 73 68 21 37 54 11 33 53 41 88 23 20 100 9 59 22 68 32 22 38 90 28 33 19 86 79 24 99 12 86 94 65 45 46 26 75 41 96 86 69 18 90 67 45 32 62 60 50 95 25 88 51 71 85 33 13 79 4 39 35 46 90 14 14 19 91 1 20 51 30 84 2 58 48 70 57 69 78 52 83 31 88 20 42 81 12 56 34 99 22 0 100 7 92 90 71 2 67 59 46 39 64 55 20 77 52 42 12 28 11 5 78 4 20 1 30 70 66 25 79 23 36 55 31 33 77 51 83 11 99 49 22 77 18 26 23 48 17 35 10 38 17 8 72 11 31 79 44 39 35 35 16 78 43 23 10 70 3 96 81 15 33 71 89 75 47 92 52 22 61 61 93 32
51 19 65 64 54 6 23 72 10 69 25 11 37 2 32 38 33 51 33 8 98 42 63 37 44 28 78 99 85 89 21 38 4 63 7 0 73 3 18 69 25 49 44 67 96 46 62 99 95 33 90 73 29 66 97 60 42 63 39 20 62 30 83 12 29 95 49 3 79 56 83 8 24 28 56 67 2 53 72 2 94 40 59 62 81 6 76 59 67 63 82 69 6 23 20 25 99 18 81 23 88 58 92 59 11 2 8 34 57 82 85 2 37 30 72 46 88 87 23 86 9 78 80 28 43 83 9 46 30 32 42 16 5 21 1 52 65 25 95 53 19 41 83 96 78 82 87 43 78 8 34 52 12 9 64 28 88 61 5 63 79 20 52 67 95 42 54 36 6 79 9 48 7 21 59 37 15 58 95 41 100 67 18 36 68 94 52 14 13 70 92 72 67 93 93 91 50 37 20 57 79 22 48 42 46 87 87 65 39 58 82 60 45 29 86 37 98 64 44 55 41 74 40 38 10 81 51 20 31 35 4 82 32 94 18 89 72 51 42 7 99 86 31 75 34 33 69 20 87 69 90 8 43 34 43 100 99 68 65 56 40 16 4 27 45 73 64 65 95 52 86 58 59 88 73 49 98 77 88 81 94 52 72 7 31 59 58 3 67 18 76 87 100 21 99 39 26 46 90 67 82 82 39 39 85 37 47 28 56 5 71 52 7 81 12 29 91 59 30 97 17 40 41 76 87 98 20 78 70 86 63 44 46 68 4 92 97 76 64 36 94 45 62 49 99 64 74 54 5 37 70 100 6 45 97 79 43 45 22 23 16 41 60 61 22 62 29 38 92 99 32 90 78 11 13 63 95 30 13 90 77 5 60 63 30 40 57 32 85 60 42 24 92 24 48 80 93 19 16 36
6 13 84 1 33 19 77 32 0 32 86 33 70 0 83 54 15 39 48 21 37 96 53 61 56 98 74 31 84 40 21 43 89 16 3 27 53 40 41 61 60 50 73 76 91 40 33 21 86 56 24 67 89 49 56 6 74 8 55 47 97 24 22 25 70 92 17 23 3 45 49 89 5 61 36 95 38 50 10 5 43 62 55 90 80 61 3 36 57 36 13 12 29 27 68 12 11 97 79 72 8 96 24 85 10 78 93 70 63 81 95 97 68 30 11 9 93 4 30 37 86 26 31 65 8 8 89 63 91 42 24 77 96 86 53 3 6 100 87 8 37 43 22 50 93 99 83 21 63 0 29 63 44 79 80 27 59 81 94 24 60 69 25 8 97 87 25 1 82 38 57 95 89 12 35 84 48 21 42 7 75 46 2 21 84 35 68 32 8 55 54 60 90 70 46 82 2 92 66 61 22 19 5 24 4 31 27 27 2 90 35 85 67 3 40 48 11 11 27 44 74 44 54 93 0 65 38 90 74 62 45 68 28 9 23 29 24 10 82 56 94 79 23 28 4 56 14 29 44 47 7 86 49 28 49 65 32 18 80 9 71 81 60 31 95 44 71 44 58 17 53 96 26 100 12 44 88 8 0 96 29 13 58 66 88 5 57 6 65 26 47 72 93 18 11 79 34 48 86 85 61 58 9 18 61 8 96 100 1 26 70 95 88 45 61 64 91 61 45 100 38 49 13 60 17 79 95 27 74 22 41 41 55 61 54 93 43 57 9 79 79 15 75 94 16 56 50 86 41 1 30 97 50 75 57 18 62 60 0 69 66 42 58 72 77 22 87 49 15 78 86 80 64 8 56 31 73 41 95 32 4 25 75 96 13 62 47 29 94 29 5 86 34 73 50 32 86 2 90 41
55 32 32 53 76 85 55 27 13 7 44 32 35 33 60 85 58 99 71 1 1 8 74 36 59 29 62 64 15 93 67 82 80 51 0 38 54 56 42 5 3 85 11 49 73 51 44 17 93 56 21 89 42 73 60 23 28 79 81 7 1 66 66 85 70 33 66 0 8 64 80 87 38 41 38 10 1 12 43 83 63 15 42 17 91 74 46 71 12 49 37 24 68 35 90 25 36 92 89 24 92 63 8 72 36 43 76 38 73 89 31 40 43 27 17 6 12 68 82 87 41 80 80 70 72 76 66 55 34 86 72 15 31 58 69 24 62 82 84 77 74 42 45 43 83 74 63 16 37 31 45 30 36 75 98 98 14 41 100 77 29 72 1 80 66 35 56 29 27 44 80 74 29 62 21 22 41 79 28 62 18 53 40 63 44 99 22 44 81 79 92 87 48 37 85 54 21 38 81 21 23 91 79 1 73 51 64 56 50 12 49 51 95 2 79 73 70 0 7 91 34 9 76 91 91 7 51 9 12 12 80 20 77 41 39 20 97 34 34 69 16 78 43 87 68 2 42 28 17 21 66 21 37 3 15 33 79 74 39 99 39 66 15 81 10 34 39 70 92 59 76 83 97 91 35 46 92 60 100 76 71 100 36 100 24 73 83 6 0 54 53 13 18 88 5 59 46 39 39 0 31 8 66 21 92 54 0 17 85 8 65 23 73 43 97 26 37 76 57 69 44 88 47 16 0 85 14 18 85 37 41 76 26 83 35 88 68 54 27 16 100 37 84 82 20 100 97 71 87 27 86 71 100 89 79 5 19 99 48 46 45 1 6 34 71 15 98 19 79 78 45 68 77 0 4 44 26 88 58 47 64 76 82 70 34 8 37 6 77 49 54 59 76 84 19 50 80 60 37 28
61 87 8 22 83 70 61 38 70 83 20 65 74 19 51 39 38 5 78 84 84 44 1 79 75 23 93 59 17 30 80 10 92 67 37 14 19 18 99 0 48 91 41 45 74 24 26 51 7 64 36 99 33 56 30 82 47 2 1 23 41 12 93 33 6 43 33 82 0 40 36 68 98 16 82 12 82 38 51 79 46 28 59 16 11 70 69 10 67 63 91 79 37 82 16 11 34 24 80 97 27 62 5 94 34 24 99 6 75 24 85 67 79 59 96 74 7 72 46 33 83 84 20 29 29 17 61 38 10 23 32 5 68 51 34 11 27 87 52 47 37 9 24 64 26 26 37 27 13 95 20 21 83 64 98 76 13 55 52 90 14 12 45 84 47 9 21 45 79 7 13 100 90 4 14 34 27 37 27 9 83 63 13 73 76 40 27 66 29 37 22 70 55 55 82 9 81 37 98 36 96 75 33 24 18 52 94 85 22 47 100 86 83 6 52 92 14 8 65 96 88 24 6 7 76 59 97 20 82 20 19 82 8 56 91 93 14 32 29 26 82 76 99 89 21 36 93 71 24 46 43 56 52 75 99 21 67 1 80 89 26 73 10 82 76 21 37 22 69 41 50 98 24 30 74 43 9 9 23 14 6 46 23 52 37 78 70 82 16 21 53 98 21 62 85 4 72 43 83 30 67 59 69 76 47 23 12 93 95 8 55 12 3 57 83 7 94 51 55 10 31 13 22 5 24 11 89 89 62 97 66 84 38 16 66 11 43 36 50 64 53 41 8 96 13 18 68 51 12 49 23 21 2 89 58 53 4 48 18 60 99 45 68 69 97 59 98 40 7 45 88 72 65 58 90 27 97 26 7 44 94 82 78 27 51 35 62 79 13 13 94 80 53 81 44 74 85 66 42 19
87 1 79 83 1 31 57 64 19 9 3 41 79 38 1 48 85 15 93 29 21 79 17 48 26 13 11 67 54 80 85 34 37 85 84 89 49 95 26 61 68 75 85 16 32 7 34 53 85 24 61 32 68 43 36 89 69 57 7 3 26 82 50 56 93 82 16 25 51 72 46 3 87 4 10 21 10 51 66 58 67 64 6 13 45 89 25 91 42 76 14 18 67 93 84 56 89 91 6 2 22 63 56 5 87 58 68 1 5 69 32 38 5 41 16 85 60 65 90 2 14 72 76 100 44 21 44 71 40 73 73 58 98 78 76 70 74 5 65 81 76 38 9 49 31 7 52 35 58 91 82 64 22 90 98 88 35 24 79 6 16 4 24 12 49 21 12 42 55 33 40 77 87 17 28 29 67 46 46 68 94 44 10 27 85 62 26 40 87 91 28 79 51 7 36 15 10 92 24 20 58 64 99 87 94 99 59 64 68 73 43 28 28 6 23 62 74 78 24 70 82 69 49 47 0 54 46 77 38 76 37 78 95 17 45 49 30 2 1 32 41 1 80 54 53 12 84 93 20 78 53 61 68 94 59 99 28 64 88 39 31 20 38 3 100 9 85 15 0 27 81 49 49 97 49 38 83 87 52 42 84 77 95 49 87 38 44 21 72 95 68 56 40 0 22 9 37 78 95 11 67 4 22 49 20 33 98 97 58 10 36 75 52 54 87 40 74 29 62 50 86 61 79 83 15 55 84 87 95 19 83 73 39 2 22 62 6 27 99 87 49 53 6 87 77 50 59 90 69 47 63 77 38 96 49 34 79 11 95 89 4 53 58 21 45 92 35 27 0 10 43 90 79 95 71 95 92 10 28 25 35 21 29 85 60 64 68 29 63 69 34 10 25 45 35 79 37 98 6 89
35 70 25 42 26 90 46 70 26 23 72 71 74 8 24 46 24 90 93 75 38 0 79 16 88 38 27 30 66 24 100 42 22 83 82 89 86 51 58 29 60 67 18 2 17 24 24 38 24 69 80 9 65 20 14 42 93 43 10 35 78 2 61 76 1 77 96 96 92 99 69 38 47 1 89 23 55 9 80 43 7 97 18 84 45 2 54 49 21 11 65 67 21 79 32 50 81 5 78 96 96 67 66 30 58 41 71 32 54 86 81 7 19 71 5 71 43 68 61 58 100 61 82 29 58 8 45 24 97 53 22 73 4 29 35 23 98 72 3 79 23 31 52 84 30 35 1 18 13 9 51 31 97 69 11 9 39 97 74 5 98 2 16 80 90 15 13 8 72 82 37 67 43 26 99 87 92 46 73 48 56 96 89 55 35 70 7 60 25 37 65 41 81 20 81 17 23 52 26 32 74 18 57 40 45 16 12 74 40 54 15 59 58 74 36 94 1 23 99 82 99 25 70 14 60 37 19 1 87 83 1 6 4 5 53 17 86 11 86 15 62 29 92 16 32 13 32 19 20 90 20 24 79 99 4 56 35 13 44 49 77 75 60 47 24 35 57 28 89 41 76 75 8 26 77 79 45 19 83 70 58 10 83 99 47 40 20 49 66 27 17 35 86 96 85 30 46 97 76 10 8 28 68 70 54 28 1 50 47 45 93 97 14 58 51 47 40 78 6 100 57 37 55 79 24 77 28 38 5 88 39 61 16 17 55 94 58 44 2 78 20 60 46 52 37 28 68 83 17 53 98 29 86 77 44 62 67 22 81 49 96 38 18 21 12 72 79 14 99 31 17 39 87 43 37 68 98 12 95 72 68 93 51 43 71 85 62 15 55 59 17 50 93 81 7 97 34 51 18 64
75 22 10 82 44 88 56 75 24 20 73 70 33 7 80 44 19 71 98 62 61 20 50 73 5 38 60 68 16 22 4 22 83 69 62 72 92 57 99 92 34 44 74 10 17 13 5 1 57 30 45 78 34 35 47 81 93 2 19 31 72 78 40 80 74 14 2 34 37 40 80 94 56 7 42 63 24 0 70 93 8 66 1 88 97 51 97 26 68 8 65 78 82 62 66 7 41 11 19 30 35 66 95 3 5 88 36 45 33 16 44 64 33 6 85 13 20 79 84 33 1 80 4 97 63 67 9 19 36 8 61 1 66 62 35 43 40 89 17 14 16 3 91 26 27 36 6 28 78 29 23 30 100 87 46 22 99 91 53 96 69 82 68 35 7 74 98 18 73 58 27 25 68 79 59 45 7 41 98 73 84 16 48 72 69 23 36 81 56 1 5 77 0 21 73 33 8 5 64 59 32 15 64 95 82 73 10 11 64 53 94 26 36 15 52 50 23 41 12 41 7 97 85 56 89 45 51 71 85 72 26 47 73 16 51 65 66 3 52 74 24 39 55 85 20 9 16 98 31 10 89 13 57 50 25 5 76 11 80 35 58 16 86 31 37 34 45 66 83 86 24 6 69 10 21 33 71 19 68 70 11 85 22 89 86 41 47 85 93 45 96 83 36 43 72 15 20 55 22 74 88 39 64 75 64 4 11 30 12 94 15 3 54 26 75 33 92 62 12 78 52 18 24 100 85 15 45 68 54 84 91 44 50 47 77 61 87 96 25 70 21 25 55 49 13 78 22 56 88 25 61 61 24 42 56 73 16 76 78 87 87 37 25 63 21 23 91 56 40 1 27 46 55 57 16 28 6 74 56 75 73 84 64 67 39 53 21 84 51 33 33 74 42 9 8 59 85 98 72 30
79 40 51 37 61 44 20 53 94 74 100 67 100 29 98 50 18 1 13 73 10 14 18 70 8 41 86 29 96 49 82 57 69 29 97 32 44 95 98 56 89 28 11 26 62 30 48 81 98 51 65 59 33 45 58 81 71 65 38 7 6 88 86 20 56 4 80 98 95 64 12 5 97 46 36 80 24 26 22 44 1 61 87 14 94 30 44 74 33 36 10 33 54 53 3 7 62 91 79 88 69 72 20 48 25 39 52 29 80 93 19 71 50 18 100 19 57 64 74 78 87 41 1 86 73 99 57 94 60 61 100 13 64 71 54 80 93 17 8 54 31 82 19 83 62 35 92 96 78 32 53 38 70 32 29 68 87 52 43 27 0 64 0 48 81 56 9 1 59 27 93 59 76 93 86 38 52 32 46 64 82 42 74 25 73 44 63 71 11 65 4 6 61 97 21 24 43 26 69 40 28 29 53 10 78 41 39 23 14 77 17 5 98 53 82 5 60 23 73 23 25 60 39 93 28 89 24 60 63 45 35 41 88 78 73 80 81 57 55 57 19 64 50 41 67 2 3 12 54 24 63 57 10 70 5 8 45 17 16 54 52 7 60 64 87 11 16 41 29 30 49 93 95 75 58 78 55 57 91 84 95 82 70 17 7 16 51 41 36 92 9 98 62 0 26 7 43 80 76 76 91 17 2 95 4 37 37 19 56 60 8 70 82 76 24 27 69 26 4 95 13 90 53 97 68 20 66 11 11 98 91 7 34 52 52 15 77 65 86 90 58 38 9 21 12 78 64 14 93 68 20 88 94 83 76 10 6 66 39 89 1 66 52 67 81 47 89 5 84 36 16 70 25 91 21 78 43 27 81 75 77 91 86 10 94 56 19 66 46 50 96 56 67 21 53 48 60 33 51 76
24 25 100 68 20 77 86 84 55 15 44 52 3 2 13 70 40 43 33 79 5 36 17 40 68 28 97 7 48 34 83 78 60 97 96 25 6 56 4 41 90 19 34 6 71 90 27 59 8 88 98 93 5 94 97 37 55 94 94 1 59 60 3 58 47 65 16 69 50 98 100 89 24 100 26 88 19 38 64 2 7 76 2 8 35 39 64 89 18 42 24 26 96 77 62 57 88 57 67 42 10 67 95 33 22 84 13 77 52 93 84 89 17 47 87 20 51 17 36 99 76 98 88 24 21 8 26 98 5 35 90 11 57 7 80 32 64 18 8 88 45 49 93 60 65 54 21 26 13 12 92 90 98 100 1 95 80 64 13 6 66 84 32 13 82 39 18 13 73 68 38 80 21 79 85 46 20 44 7 78 20 28 61 68 46 48 3 95 37 98 4 53 33 52 85 82 87 98 0 54 21 22 41 36 95 78 11 73 48 53 69 24 14 54 23 3 50 43 69 26 64 4 87 80 51 66 27 14 77 7 91 22 25 59 94 51 12 67 40 0 99 73 72 51 27 94 68 60 60 49 41 29 67 90 11 6 38 57 100 66 74 82 36 24 76 25 22 85 76 25 18 11 10 7 0 74 5 35 85 91 33 97 93 3 33 82 29 36 53 19 68 60 85 52 55 19 46 14 30 50 7 54 33 2 17 19 98 79 69 13 42 16 1 79 60 77 31 49 31 59 51 94 86 72 43 79 52 47 75 27 60 40 2 43 10 18 85 31 4 92 32 4 51 52 77 69 5 62 28 97 87 47 75 7 9 7 20 30 79 97 8 88 24 73 12 16 56 9 92 98 6 49 80 54 11 58 67 46 11 40 96 42 97 58 96 57 62 38 83 34 1 27 82 69 69 93 79 7 46 30
7 27 81 78 86 15 18 42 80 4 49 18 22 82 32 70 96 83 25 9 70 56 42 17 28 2 26 83 68 3 59 47 63 51 18 18 85 41 87 64 46 15 51 28 36 16 31 34 55 55 77 79 11 73 52 81 40 50 5 1 98 90 37 72 88 65 47 19 72 79 18 64 41 16 21 21 13 85 0 89 42 57 56 74 28 1 8 30 41 82 63 42 92 19 16 63 82 100 40 78 31 48 98 38 1 10 96 97 68 59 71 29 85 49 63 55 68 5 94 95 41 34 32 53 38 1 92 54 40 8 19 74 29 50 90 10 53 53 64 45 55 82 92 71 17 81 24 86 83 92 89 68 98 67 56 100 20 89 77 6 84 35 27 63 18 56 44 38 36 69 90 2 11 45 10 62 69 15 24 23 8 83 81 23 92 52 95 38 37 2 30 98 6 37 5 60 23 44 86 86 84 5 27 82 3 33 88 94 32 56 34 63 5 73 55 59 13 56 40 66 72 65 4 18 44 82 7 20 3 72 88 26 62 99 12 15 40 3 21 78 3 95 7 88 20 33 47 61 91 57 57 4 48 85 31 75 42 10 78 95 13 66 83 80 61 73 42 3 59 44 32 13 15 86 21 73 11 35 58 71 42 49 28 76 47 94 59 46 97 48 11 88 97 17 63 12 77 30 55 17 15 100 81 1 45 96 28 91 79 75 58 31 90 22 14 90 82 65 14 49 67 47 9 34 95 6 13 33 49 57 21 0 67 90 4 83 45 10 99 54 74 95 9 82 12 86 15 83 85 22 58 58 62 11 70 46 87 92 53 96 57 4 29 79 63 62 70 81 82 45 56 86 56 60 0 12 18 16 64 48 37 3 100 31 16 5 42 94 67 62 20 97 22 86 5 76 96 34 97 67
54 42 13 22 47 12 20 69 66 65 35 90 93 90 76 28 10 64 69 65 19 9 26 64 90 27 67 38 13 87 92 62 42 27 31 69 79 42 51 32 37 94 36 76 96 42 92 73 7 86 98 96 67 93 79 17 100 43 75 96 20 32 84 4 36 96 56 84 42 56 88 11 83 50 40 31 32 37 70 34 66 2 96 89 12 70 46 90 69 83 60 8 70 0 71 22 22 19 29 89 89 99 55 21 76 10 94 25 95 93 6 94 91 61 25 60 94 96 6 0 89 76 83 82 52 84 36 22 74 86 96 2 64 50 37 67 46 44 66 5 18 91 100 57 52 86 92 1 2 52 69 18 47 31 12 64 44 48 78 36 86 22 23 4 61 59 85 62 90 90 11 40 40 38 99 98 41 92 98 6 76 93 73 14 66 0 24 36 92 69 76 71 48 9 98 86 34 93 29 26 16 5 73 99 73 75 28 23 95 75 29 28 43 0 8 53 54 15 39 36 55 79 4 56 8 32 40 5 66 94 83 82 59 83 66 93 2 76 87 52 54 34 70 1 3 7 43 48 87 22 72 93 14 56 62 23 34 31 99 62 5 14 2 10 87 21 53 37 63 84 15 98 20 52 88 35 72 66 64 37 54 3 87 53 16 99 99 48 50 54 41 7 77 52 24 74 97 33 99 39 50 27 14 29 42 75 43 80 80 49 56 5 53 11 1 72 56 85 35 20 72 12 100 50 34 97 88 74 100 94 53 10 15 7 70 33 27 86 31 81 29 95 48 86 76 60 24 67 79 9 22 66 31 34 42 53 25 19 29 52 53 65 36 94 24 36 72 60 14 28 45 55 6 49 61 25 47 88 98 4 35 5 48 86 56 58 89 26 53 67 3 93 62 84 99 12 98 67 91 22
64 57 62 41 67 62 38 90 26 58 46 30 98 50 39 93 21 71 12 85 14 67 5 79 62 28 13 69 32 76 16 47 19 91 76 11 58 37 20 47 99 67 79 45 71 14 22 91 83 77 53 96 90 97 94 50 44 45 18 23 17 27 94 90 12 94 7 78 92 46 16 93 81 9 36 81 67 32 42 93 36 97 60 30 24 51 66 61 17 55 13 23 0 87 1 92 79 45 7 82 15 83 31 43 58 7 20 38 6 55 54 61 16 41 83 94 22 23 87 51 39 22 49 87 21 12 32 92 88 88 27 83 57 57 25 44 78 13 19 30 54 27 87 95 67 42 62 83 1 64 52 16 74 84 79 71 82 99 91 26 83 39 53 83 11 76 40 78 41 38 95 43 77 22 97 27 43 31 68 36 13 27 2 18 82 21 69 93 56 14 15 97 51 12 42 27 49 24 59 39 3 58 14 97 0 94 4 87 77 80 75 19 91 30 39 13 74 12 100 46 95 38 65 43 83 46 54 74 2 97 53 98 53 3 40 48 55 31 1 8 94 32 53 73 62 68 52 28 39 1 31 38 59 45 62 32 27 61 2 89 83 55 81 57 59 4 22 46 50 68 28 3 33 18 20 60 25 84 5 88 21 42 19 33 3 57 72 76 75 7 48 13 95 5 72 65 58 12 45 97 8 23 12 26 99 51 25 31 6 100 5 53 2 88 38 99 96 27 30 87 87 83 58 1 42 92 79 83 42 48 81 84 9 44 97 63 61 24 91 34 25 13 79 51 60 64 52 75 37 50 45 68 47 79 77 11 8 96 27 15 95 65 26 51 94 13 79 49 41 60 66 62 12 85 84 67 88 76 72 67 36 44 91 97 77 93 92 8 14 55 15 97 93 74 19 63 54 35 24 94
30 58 52 66 92 89 51 5 4 70 15 9 75 85 90 30 37 16 54 65 89 68 72 29 7 24 88 73 82 94 28 1 86 76 7 93 63 70 98 10 66 68 44 100 95 3 72 92 67 93 15 58 40 87 43 19 25 49 99 40 22 90 64 73 57 61 83 89 62 97 53 49 80 31 48 6 78 53 79 100 7 96 39 41 30 100 52 35 85 99 92 48 52 65 27 66 3 86 94 30 90 92 46 61 41 83 27 22 96 91 80 34 99 27 40 84 50 18 81 14 100 67 41 32 53 23 75 36 30 30 74 48 14 14 74 73 20 68 12 14 81 4 2 45 55 99 58 73 75 65 75 92 17 82 22 66 66 40 43 90 13 14 75 49 26 15 18 4 0 54 89 14 24 25 45 38 87 100 87 24 38 20 72 24 83 4 39 84 74 63 82 39 49 39 20 55 49 21 42 60 98 58 66 78 16 36 0 72 48 7 23 70 64 20 31 50 47 15 8 11 54 78 12 69 64 24 47 94 23 2 48 5 91 77 71 17 43 31 90 61 73 29 60 45 45 61 69 96 92 71 81 31 79 17 3 42 66 2 25 92 68 76 63 33 86 9 66 34 57 91 75 89 36 88 22 82 39 31 89 31 46 87 98 66 39 95 21 75 5 24 81 99 52 65 14 75 16 8 81 22 15 40 90 40 25 56 51 94 18 41 45 22 57 99 93 88 44 53 73 0 88 45 53 45 13 40 0 78 51 11 14 92 24 3 61 85 50 75 92 38 54 23 81 77 52 79 43 100 11 87 29 52 79 13 78 7 15 13 30 38 33 65 39 41 18 11 33 27 86 89 27 64 71 56 60 27 42 44 36 70 12 42 34 93 45 53 100 83 30 83 68 60 61 25 91 51 58 17 94 42
0 16 99 69 74 69 34 76 37 40 71 32 22 8 21 77 81 51 72 13 92 37 69 47 94 52 15 78 10 98 84 10 53 37 79 80 46 65 40 29 74 50 5 40 17 33 58 94 84 81 16 39 8 12 35 78 88 17 51 66 38 35 32 48 23 41 71 43 50 23 95 44 20 93 5 66 68 22 6 27 92 75 15 38 37 26 69 100 88 43 84 13 60 34 68 44 81 29 3 12 90 71 67 49 83 31 37 38 30 95 41 6 10 64 3 89 88 19 96 75 7 14 71 70 13 74 72 64 53 36 20 9 8 95 32 29 5 64 96 86 61 65 55 45 42 9 28 71 13 33 41 56 65 15 39 60 71 72 42 30 83 62 23 27 40 49 94 0 32 76 13 50 68 48 77 69 36 26 67 21 40 13 2 1 17 74 5 30 94 38 79 28 77 9 100 26 52 52 56 70 35 72 75 78 65 45 58 96 64 21 33 76 29 88 80 67 70 12 66 10 21 20 11 15 92 74 20 100 25 60 89 55 59 64 45 82 22 18 10 39 81 31 8 46 29 89 10 49 81 82 56 77 73 34 74 13 30 14 99 13 61 11 30 36 80 73 59 59 69 40 44 82 47 35 81 26 76 52 93 20 21 81 48 59 61 98 44 2 54 94 44 82 53 10 21 58 16 2 87 54 43 0 57 97 16 90 77 26 17 19 4 84 96 86 68 73 0 49 99 76 62 53 44 38 49 79 91 71 86 74 2 66 74 25 99 4 39 82 15 46 71 17 89 76 90 31 10 47 75 81 85 88 11 66 81 23 61 76 100 57 79 8 15 2 78 62 7 60 58 67 45 63 37 5 63 95 62 22 66 42 22 89 60 52 55 80 5 12 78 94 10 61 8 63 79 56 67 21 26 21
28 28 33 65 63 6 23 17 2 41 85 92 48 50 85 74 28 76 7 48 83 54 100 99 98 74 4 93 1 12 69 48 59 8 64 68 12 82 78 2 5 92 74 16 87 19 21 3 40 77 5 49 73 38 30 81 12 99 92 22 23 70 28 10 38 48 19 69 15 98 77 18 7 50 90 36 0 59 19 20 74 0 54 68 47 85 78 94 51 72 13 62 86 50 62 87 9 1 10 39 40 70 94 47 70 74 15 65 76 91 95 53 26 45 39 5 15 35 10 86 67 19 91 27 93 85 12 33 72 13 21 30 34 4 83 65 64 98 1 72 16 78 60 99 47 35 91 24 13 60 97 44 88 20 39 86 22 30 53 29 73 40 6 97 23 96 62 6 46 71 66 10 45 57 49 10 32 68 99 68 65 87 26 25 60 94 10 13 55 18 67 21 78 5 95 76 68 91 10 40 48 71 40 33 63 60 44 2 35 10 37 39 70 41 70 7 8 92 87 30 59 15 44 75 49 49 42 57 84 72 99 7 89 21 32 79 98 29 4 96 48 6 46 48 88 92 94 18 40 2 31 47 21 24 82 18 96 13 98 87 58 28 96 5 67 41 80 45 22 55 48 34 92 56 81 53 87 64 16 44 33 31 70 8 7 45 45 47 89 54 97 15 40 71 81 38 41 13 12 72 27 44 89 3 37 88 89 73 55 79 83 22 17 44 65 43 91 27 27 87 47 36 92 67 6 43 78 29 27 8 35 24 30 44 30 68 41 77 3 18 49 81 17 92 83 13 42 37 63 67 100 41 50 91 24 22 20 23 14 74 33 3 28 82 15 70 39 23 81 24 79 34 19 4 10 54 39 28 88 1 37 40 45 20 86 39 41 91 11 16 52 2 66 2 24 64 99 81 34 71
2 90 85 13 5 83 51 19 52 55 98 42 7 41 97 38 45 94 87 7 40 4 98 94 6 10 8 51 84 9 43 25 57 42 54 19 66 20 56 18 71 44 23 19 17 29 10 5 98 73 34 60 33 17 41 30 95 62 35 100 70 24 8 24 40 1 33 54 37 77 19 91 58 82 89 87 53 64 75 100 74 14 14 64 29 87 32 26 53 63 67 50 6 75 66 0 44 19 91 98 36 51 24 46 70 68 1 88 96 67 87 10 77 90 3 99 5 7 46 3 84 88 11 15 39 65 28 23 36 14 51 55 45 59 3 63 67 21 88 70 14 95 34 56 62 55 2 37 13 1 1 22 82 34 37 22 33 6 59 99 79 16 39 96 26 36 85 21 28 89 30 20 70 97 15 95 96 81 39 13 39 28 19 100 82 18 77 90 4 86 95 67 91 49 23 91 16 28 68 57 67 54 79 19 48 30 14 70 48 53 79 1 96 99 13 91 39 0 9 32 56 15 1 18 33 88 37 40 36 89 39 99 82 93 19 51 80 55 13 44 68 9 91 33 100 68 5 29 87 99 89 46 26 79 18 12 82 32 45 10 78 12 20 51 93 95 24 35 34 44 79 41 15 88 88 54 10 44 40 21 35 44 71 45 31 34 13 38 13 60 11 39 51 44 98 92 62 36 46 43 72 41 44 85 77 5 83 26 97 12 87 2 95 15 79 8 71 2 88 76 48 25 27 43 78 27 52 37 3 55 72 7 97 79 3 86 22 53 56 36 49 25 58 15 42 13 44 37 42 100 71 32 32 46 52 76 46 7 33 49 43 22 97 52 2 68 43 90 15 49 84 15 41 32 30 65 19 10 59 38 31 7 27 38 99 89 53 8 10 11 68 27 4 65 98 36 5 18 62 58
55 46 100 45 23 81 95 7 98 3 55 25 99 55 9 26 89 80 82 44 31 4 93 80 3 90 40 67 95 25 41 78 26 88 22 69 82 74 48 69 31 0 22 56 93 59 19 61 75 55 8 0 78 16 79 72 6 96 75 75 19 70 97 58 18 43 86 62 88 33 5 28 82 16 11 76 57 48 62 20 60 70 64 27 75 43 37 32 64 97 19 6 56 51 21 40 37 49 54 12 24 71 15 56 56 52 33 68 54 7 86 5 55 47 22 78 36 58 67 82 15 39 15 40 48 69 2 88 9 17 97 28 64 34 1 19 76 52 86 45 26 58 70 13 40 58 73 18 3 11 87 27 80 98 32 84 76 65 42 31 60 69 93 78 15 76 3 1 66 97 42 20 28 55 47 73 72 28 75 24 86 46 41 94 11 19 67 9 27 57 38 42 60 4 16 92 21 68 96 70 79 19 27 79 18 68 22 97 62 72 95 2 16 78 9 93 26 78 27 88 37 72 95 37 0 28 16 81 74 46 28 41 34 61 70 66 4 85 90 64 3 66 30 95 18 53 100 75 27 10 97 66 27 42 72 10 27 100 20 17 32 11 95 64 58 19 52 73 81 25 81 89 10 75 96 50 8 43 40 58 57 50 18 100 81 6 53 67 49 74 41 2 49 62 82 6 51 46 77 7 85 1 85 24 99 40 19 100 38 30 64 3 40 8 47 61 70 96 24 53 77 41 34 44 55 5 71 54 54 98 82 94 48 46 39 99 8 32 47 41 46 25 59 80 70 63 24 39 19 88 35 62 10 58 90 88 27 78 47 1 59 52 67 61 21 96 80 75 75 61 14 8 14 22 44 95 73 50 47 27 57 82 95 13 33 90 80 50 34 97 9 64 71 24 7 28 17 28 31 88
9 50 94 67 5 79 73 78 41 21 32 80 6 55 30 70 43 32 52 72 58 44 44 20 92 62 30 90 42 99 61 32 41 62 96 93 46 87 66 20 50 14 0 0 65 64 74 19 35 27 48 33 14 73 69 88 34 10 64 13 32 83 87 37 90 25 36 27 14 70 91 52 76 8 0 100 94 95 80 27 84 56 33 9 65 18 21 86 59 57 70 32 86 68 62 38 24 59 27 83 92 46 94 71 65 60 47 79 0 90 94 23 60 61 75 63 95 20 66 46 77 64 96 12 92 48 81 82 89 72 68 76 15 85 62 80 3 38 92 97 21 45 4 67 17 6 37 63 16 12 75 32 85 15 99 36 40 28 28 81 49 100 75 66 52 52 1 46 66 71 29 75 52 5 81 34 89 24 67 97 5 16 59 83 58 33 71 19 31 100 35 44 86 71 14 48 34 10 44 45 79 33 90 57 14 31 56 31 46 0 36 93 61 80 66 68 2 87 57 82 95 41 68 56 16 43 35 32 84 13 38 15 32 60 99 70 66 6 41 54 46 31 25 64 93 79 54 21 34 40 94 39 41 46 21 83 64 42 64 99 26 77 48 98 64 39 49 86 40 0 83 29 84 21 90 10 80 46 50 17 75 93 80 20 37 87 53 67 52 36 78 63 12 79 68 19 33 45 0 50 10 76 10 72 62 29 33 39 33 4 90 32 5 76 93 75 97 13 35 23 82 1 51 48 29 50 30 64 33 96 58 26 21 79 59 58 94 73 4 57 100 4 72 34 47 44 4 29 6 51 56 75 44 0 52 32 15 1 60 97 62 97 90 37 79 50 23 6 31 43 60 74 54 85 33 44 3 82 9 45 49 1 55 3 39 61 85 88 42 20 80 83 49 77 26 86 80 94 0 88
47 72 87 73 41 29 15 10 75 96 10 53 92 92 50 31 83 83 56 63 40 70 76 38 75 64 53 32 77 77 32 11 48 83 80 0 51 90 43 91 22 82 80 18 6 5 55 57 29 26 53 68 72 49 37 27 13 94 83 85 26 84 39 56 100 58 39 89 8 6 2 88 60 16 31 14 10 82 93 42 46 46 16 88 88 46 39 88 84 54 50 24 68 91 61 41 42 21 2 74 86 0 21 58 10 55 66 21 60 16 17 93 57 60 58 97 50 10 3 5 53 95 8 56 63 47 69 33 38 49 28 23 81 67 9 70 47 65 16 97 78 17 18 87 59 64 88 24 53 99 0 85 6 12 47 30 100 95 45 82 46 5 59 87 2 1 45 64 69 88 52 37 47 74 100 85 3 28 79 90 32 10 14 21 71 46 83 0 8 11 5 93 62 42 31 54 48 36 2 51 58 83 10 94 14 15 63 79 30 1 27 13 95 87 2 100 7 53 58 95 65 13 26 25 22 8 8 71 0 79 39 84 95 58 55 71 26 36 62 22 45 79 42 85 44 77 4 67 9 32 52 3 1 18 19 55 53 73 61 45 34 74 86 12 91 42 27 67 71 79 98 71 24 73 49 46 74 48 51 49 17 50 95 74 4 75 57 7 43 60 13 40 35 53 39 55 6 37 8 87 46 99 37 14 27 97 77 1 16 20 88 96 48 23 35 45 5 36 33 68 15 62 23 72 49 35 35 19 13 73 15 0 35 32 70 20 47 98 15 15 47 79 44 25 47 34 88 63 76 3 81 31 11 78 89 19 82 73 57 67 68 20 78 58 58 100 38 44 94 97 27 6 82 28 3 74 42 16 6 42 11 12 47 47 98 16 85 83 65 9 65 75 9 56 36 17 10 62 65 32
86 6 61 45 97 76 22 27 2 97 92 100 87 4 72 81 82 36 41 19 15 81 11 3 3 94 62 2 99 81 37 88 79 41 28 78 91 56 69 41 64 48 85 33 43 4 47 17 88 73 24 57 58 68 80 77 100 53 88 10 82 18 73 92 85 10 93 99 90 56 5 6 14 43 21 58 0 12 24 95 44 81 40 99 56 52 21 95 75 93 26 26 52 64 30 46 76 25 60 80 92 67 10 25 46 100 89 44 67 69 45 67 56 77 81 0 67 10 9 42 1 41 4 99 99 63 22 36 77 81 91 83 63 52 31 13 82 54 81 85 17 14 49 100 96 7 23 88 33 2 65 87 19 66 80 73 65 50 11 60 88 27 95 14 23 40 99 82 26 90 55 80 52 92 11 71 71 10 76 56 61 38 33 94 45 57 58 70 36 86 92 73 7 55 44 22 61 39 8 73 1 87 64 23 31 28 95 57 2 50 15 82 17 17 60 79 1 74 81 13 13 9 40 77 30 61 24 35 34 75 42 3 93 81 32 65 85 11 77 93 27 59 80 6 57 23 52 72 33 9 47 77 61 98 66 68 75 89 75 84 99 46 61 93 77 94 78 39 39 74 32 47 33 15 5 48 2 53 20 39 2 30 8 84 12 10 7 100 49 3 53 13 4 76 7 36 47 0 25 55 7 49 87 7 79 48 41 65 1 90 5 13 10 17 94 62 0 58 88 54 32 88 0 37 25 59 4 60 34 76 31 59 7 57 79 65 92 80 89 58 69 91 61 1 58 59 31 97 49 90 57 8 9 81 85 56 14 100 43 73 96 43 64 71 83 13 66 51 91 95 79 55 7 79 6 49 58 72 49 61 33 86 34 98 15 99 30 48 10 53 2 85 34 37 74 44 95 42 33 59
37 70 100 58 98 65 16 7 2 55 3 64 33 74 98 89 5 5 47 22 22 50 81 51 100 36 66 20 79 34 18 95 48 83 46 45 33 72 9 88 22 1 40 63 36 58 37 53 98 28 21 14 82 2 77 22 88 21 82 82 15 39 40 12 60 55 23 17 33 15 51 68 46 94 1 48 52 81 53 48 99 93 4 0 27 37 6 88 64 79 35 49 77 16 31 93 83 39 55 31 8 74 20 20 64 13 38 12 36 24 35 47 18 46 83 67 75 90 83 35 86 15 81 19 83 19 72 14 67 48 35 86 11 21 35 62 25 22 5 59 4 98 56 32 89 38 68 29 56 75 77 60 70 29 30 49 78 0 85 98 74 35 31 49 76 93 33 45 40 62 88 24 90 73 24 59 3 2 77 16 72 71 31 46 8 62 17 14 13 86 62 19 22 8 34 69 43 87 7 43 65 49 83 97 53 95 0 26 87 59 87 43 7 65 62 42 26 76 71 23 32 22 33 1 94 59 85 40 32 13 68 71 4 80 72 97 57 59 29 7 36 62 18 62 26 27 60 72 16 29 39 5 22 48 41 78 62 25 3 27 52 96 60 76 40 72 5 85 45 90 74 34 37 7 74 11 72 56 91 52 37 93 20 0 84 88 2 9 61 14 31 77 8 91 84 54 36 13 27 31 91 85 62 89 40 45 11 61 94 40 90 70 1 73 87 53 4 9 59 49 18 78 39 87 33 8 38 88 55 52 25 59 57 84 9 91 35 11 51 83 1 84 56 10 82 80 37 33 25 28 1 74 55 34 7 12 88 42 88 99 100 46 75 0 13 78 68 78 49 32 34 24 30 15 4 93 25 96 24 7 47 38 63 38 3 100 83 72 64 39 13 3 26 20 62 93 34 92 2 19
47 67 93 91 50 48 68 44 58 16 99 76 6 44 95 70 49 82 22 85 26 74 11 56 46 96 77 22 23 79 5 82 25 62 90 19 29 46 79 15 86 54 84 27 67 1 76 36 92 65 20 59 37 12 4 93 86 33 69 45 32 58 34 60 64 8 74 98 8 61 33 69 76 98 13 43 11 6 16 45 50 55 71 97 61 50 71 90 75 85 73 43 86 32 81 0 11 99 36 62 0 16 97 99 96 28 92 68 93 75 15 22 13 34 33 100 41 7 10 40 69 14 9 87 83 31 29 75 55 30 75 22 2 92 84 98 78 48 40 46 16 12 19 79 69 27 57 4 5 34 47 39 21 98 25 1 56 66 23 39 77 79 76 56 35 90 59 29 49 27 49 83 18 73 76 76 91 36 20 56 93 69 53 67 41 83 39 69 21 27 75 9 64 71 30 92 62 48 8 67 74 90 59 12 51 64 10 17 51 57 22 97 10 12 25 51 42 57 73 94 71 82 29 39 63 54 67 68 69 14 73 31 97 64 66 65 1 25 30 55 98 64 64 69 95 69 68 1 2 90 46 50 19 82 33 47 72 80 68 22 57 26 26 81 0 97 50 86 42 82 75 93 42 37 14 57 91 34 91 16 64 38 27 56 30 94 56 27 47 47 90 29 94 39 36 20 48 11 33 70 37 53 65 72 7 43 4 14 45 39 65 98 16 61 29 71 61 77 69 13 52 5 37 18 97 26 19 62 60 19 91 91 0 49 23 76 9 91 48 22 13 80 62 83 47 28 99 86 84 32 23 0 3 76 24 79 0 1 45 99 14 17 67 17 100 66 1 26 93 68 39 4 38 32 36 97 83 48 21 85 56 87 47 97 60 70 72 92 24 4 77 48 91 87 74 11 62 89 0 46
16 93 61 70 83 8 81 42 73 32 55 13 24 46 65 41 44 92 75 25 85 82 40 36 24 11 6 87 10 5 0 74 31 48 13 100 26 60 19 5 67 87 1 77 81 68 58 63 63 15 69 56 44 26 86 51 42 96 9 2 12 81 62 44 90 13 72 23 24 9 8 16 94 43 90 35 98 22 31 95 73 35 79 77 58 74 91 100 20 67 8 61 72 42 74 40 58 15 56 2 71 74 54 19 35 96 22 90 22 14 29 12 33 93 15 53 36 54 9 49 95 100 49 78 54 66 49 73 91 23 88 34 70 29 40 84 73 8 45 21 99 83 14 41 80 11 41 35 100 41 55 40 88 49 25 27 84 53 61 64 87 27 2 75 43 57 77 82 57 38 62 24 29 19 3 73 97 46 2 1 7 17 82 7 42 27 61 1 58 32 31 75 33 48 47 62 39 44 94 74 29 75 60 8 31 74 80 0 94 36 55 54 25 91 23 59 58 76 36 70 90 100 45 68 16 16 43 29 70 87 23 55 47 16 50 47 84 61 82 57 11 9 87 43 25 54 2 96 46 26 67 89 86 21 92 92 72 81 38 59 43 64 88 34 6 74 91 31 73 86 74 34 20 59 0 66 18 83 22 37 59 36 56 1 48 8 61 98 97 67 28 41 82 0 97 28 38 47 63 31 24 28 49 43 62 52 92 39 37 45 27 91 73 54 83 90 24 65 92 16 78 63 82 89 74 12 61 77 14 13 42 15 22 15 45 12 46 51 95 74 49 54 25 80 24 44 57 60 4 50 67 29 4 66 51 57 1 76 84 99 23 72 79 11 37 34 61 49 25 40 25 10 12 39 7 14 78 25 15 58 15 91 93 11 68 63 78 78 1 57 64 29 20 2 69 75 23 1 57 31
63 34 72 60 49 45 5 48 78 99 51 16 80 92 34 32 95 69 12 59 12 45 52 65 71 56 74 46 93 3 20 51 44 48 64 17 97 13 57 5 95 89 23 37 44 28 74 91 48 42 30 94 10 8 50 10 84 10 5 1 76 73 15 87 50 90 3 33 92 29 51 10 60 0 57 13 4 44 7 5 94 32 15 56 79 30 95 69 40 54 86 27 12 73 6 55 17 75 49 67 32 37 85 66 50 28 26 36 0 67 28 51 74 96 45 63 81 97 94 96 95 8 13 26 96 43 1 93 34 13 50 6 79 65 20 4 60 19 34 38 75 83 75 45 83 29 94 47 80 8 26 84 44 47 15 31 5 47 87 88 62 61 27 13 73 47 91 40 10 35 57 35 19 52 7 1 79 66 45 56 50 2 50 23 67 10 63 45 79 100 77 25 92 34 35 70 81 27 53 19 0 47 73 45 82 97 95 82 29 48 53 98 4 68 48 70 14 88 48 45 40 71 33 61 97 5 44 3 21 7 52 1 38 91 87 34 41 29 27 87 19 83 89 26 16 68 8 42 92 100 93 58 27 15 73 95 17 59 38 63 61 10 38 85 26 86 59 5 37 65 12 100 25 16 52 54 9 49 87 66 1 62 70 48 82 83 88 69 13 67 80 26 12 27 36 21 46 3 14 44 26 13 81 59 88 26 83 1 43 60 44 39 44 24 64 36 70 24 100 21 18 70 61 42 85 29 25 71 17 51 23 6 46 52 88 70 71 56 8 44 33 43 39 41 39 27 52 53 63 22 86 26 87 50 5 22 68 55 31 61 91 56 68 45 42 77 62 72 47 71 54 50 25 18 21 95 36 77 32 96 46 37 2 95 100 9 10 52 17 88 22 51 67 16 31 98 59 67 2 59
16 39 65 4 17 17 90 69 1 68 93 47 52 41 99 80 3 25 13 0 46 72 69 10 14 1 18 14 36 64 84 88 92 29 71 0 71 48 93 83 100 40 82 66 59 43 24 80 75 98 25 51 98 24 27 54 45 3 15 65 54 94 22 29 12 44 92 85 0 93 93 38 83 79 95 20 58 98 95 17 39 54 70 60 89 63 90 90 50 31 38 97 41 80 30 55 4 65 48 46 75 72 100 64 86 48 51 25 1 87 57 79 6 48 38 96 1 30 18 30 96 30 40 18 84 46 67 80 20 85 19 26 40 26 30 92 33 31 20 9 99 60 11 27 63 68 46 71 14 9 66 26 78 49 57 51 52 59 66 55 46 59 99 0 26 52 22 34 3 14 40 44 62 69 33 90 75 9 20 62 21 25 85 23 85 43 88 32 12 72 62 93 99 57 91 50 22 31 90 21 46 84 98 56 56 32 97 97 13 43 34 53 50 2 3 41 69 20 86 57 7 47 49 72 65 62 38 53 35 91 40 16 39 53 84 14 94 57 3 83 78 8 21 85 54 34 27 5 15 5 89 16 33 43 22 54 33 41 13 7 77 52 97 75 35 51 20 19 47 64 51 82 97 78 72 4 47 14 93 58 1 54 25 86 91 38 33 48 35 13 36 56 37 18 13 12 32 21 77 92 40 80 76 95 37 44 32 21 22 95 22 17 19 14 75 55 45 37 17 96 8 40 51 72 6 68 17 100 37 84 12 77 8 84 78 64 34 59 56 87 70 65 47 73 24 15 67 53 95 10 97 67 31 56 8 58 26 20 33 37 8 1 67 83 42 83 33 61 21 41 58 43 67 49 75 24 50 82 15 91 1 63 84 6 64 71 92 38 78 29 40 84 1 71 37 17 0 54 26 89
54 14 84 97 12 38 23 22 67 15 66 17 62 66 57 34 79 58 18 28 60 41 68 59 73 59 38 78 80 71 8 34 7 34 6 55 84 9 69 31 23 22 96 42 25 82 43 83 75 7 46 47 73 6 48 88 63 81 85 62 96 39 21 27 36 100 38 79 5 70 88 84 18 3 29 74 89 20 70 25 41 43 32 83 77 43 44 9 64 15 49 66 11 54 49 87 50 52 35 13 68 86 93 34 35 71 34 49 65 28 85 45 100 17 98 82 41 67 94 41 14 100 80 2 62 1 88 61 10 35 84 12 74 33 96 34 76 54 74 28 93 26 58 7 3 59 44 77 64 1 49 10 50 71 25 15 61 65 63 59 52 47 29 100 96 13 25 61 92 66 30 87 16 48 40 53 93 31 9 83 36 100 33 90 56 4 35 56 19 41 90 49 72 100 0 89 97 11 59 46 45 48 55 55 49 28 45 84 65 59 62 73 52 16 13 44 40 7 2 99 75 11 66 43 23 51 85 92 87 86 9 85 89 75 78 13 76 68 15 97 66 83 58 90 37 42 44 3 0 8 43 92 17 27 37 17 79 21 78 93 74 63 82 14 86 81 14 20 30 92 99 16 68 97 13 43 34 38 38 49 14 7 83 66 20 27 92 13 54 4 91 75 75 67 92 79 77 68 51 23 89 33 16 78 13 51 85 67 98 78 46 84 36 56 25 48 46 89 6 94 95 80 100 71 78 48 24 58 13 85 10 84 75 15 83 51 5 13 48 48 54 39 99 16 22 85 98 3 3 50 33 33 36 98 3 88 64 13 1 8 14 22 77 83 10 41 4 92 55 83 81 23 8 20 47 51 76 96 36 40 63 4 1 75 90 17 50 24 46 64 12 87 45 86 66 47 26 13 81 76
27 24 96 84 7 23 22 38 43 89 6 97 19 37 49 57 50 1 23 53 89 79 57 38 64 72 21 63 76 41 98 21 41 2 9 60 31 34 97 80 6 48 13 77 76 68 11 89 62 88 29 34 81 90 88 32 96 78 20 56 84 50 70 100 21 75 80 14 26 42 48 47 21 51 77 71 2 22 36 3 49 20 27 40 51 18 7 66 3 27 74 94 73 94 94 27 35 2 30 88 40 84 47 51 72 40 50 88 36 57 100 1 32 16 88 25 66 58 87 74 0 40 8 95 6 65 30 72 73 62 44 78 65 19 82 39 4 82 33 62 10 11 74 3 51 8 24 73 43 26 71 84 93 16 3 47 65 28 29 19 54 84 43 62 83 69 19 55 98 25 45 68 21 75 23 28 32 78 20 18 93 49 6 58 81 73 75 23 74 86 37 11 55 48 32 25 57 86 9 36 85 78 25 24 80 62 62 32 47 80 12 62 36 57 59 62 85 62 17 91 29 24 48 60 33 87 49 77 52 67 47 76 85 75 24 92 8 76 78 80 34 51 51 88 67 92 65 67 40 76 81 74 49 64 4 65 77 95 27 83 65 31 77 81 100 80 60 86 83 12 41 42 80 95 67 38 48 74 98 24 4 76 15 55 61 29 21 57 88 7 72 62 29 8 64 24 38 94 64 33 70 98 56 80 10 92 56 11 60 62 85 91 78 79 32 20 30 27 75 57 79 45 69 13 38 88 67 60 67 49 46 2 96 37 56 80 27 17 1 19 47 92 5 86 14 56 51 52 22 55 7 70 91 58 59 49 22 50 29 44 90 8 17 42 26 23 60 1 42 89 73 6 3 63 95 76 36 15 39 69 43 91 42 88 53 61 72 26 52 25 74 93 71 56 52 20 84 19 87 59
76 50 11 56 86 29 51 36 59 55 6 95 39 74 49 100 52 66 63 92 95 66 87 33 58 58 38 21 13 87 16 38 79 53 86 61 94 93 91 1 59 91 22 42 13 92 26 48 85 24 38 67 4 23 19 18 4 53 22 58 76 87 93 71 83 5 48 61 94 42 2 44 45 68 91 56 63 55 20 47 12 68 83 19 41 85 95 50 89 99 39 40 74 35 10 77 7 75 81 72 36 56 45 33 63 10 15 13 32 59 44 59 52 66 5 93 18 3 65 45 4 86 21 93 63 26 9 57 63 72 85 46 4 91 52 35 40 92 13 15 39 17 61 63 45 41 91 6 67 66 6 84 40 42 38 93 85 66 94 88 86 9 73 85 88 15 95 43 18 14 25 61 20 71 35 1 74 30 30 4 35 93 5 71 10 8 87 78 17 20 3 42 4 80 52 43 19 31 32 4 65 37 13 64 83 14 9 0 66 93 35 18 48 74 75 52 8 37 14 100 17 93 70 65 57 95 4 25 0 24 42 100 38 68 51 50 71 65 73 91 24 55 82 75 76 70 78 65 39 45 35 16 40 33 43 6 66 71 88 41 63 40 50 33 85 85 15 32 14 30 56 50 10 40 90 56 17 67 17 39 83 41 24 0 60 61 10 70 31 97 57 23 25 63 80 74 28 67 65 25 62 38 83 46 59 77 68 1 32 76 40 91 72 38 16 0 98 84 73 70 47 52 30 69 33 61 9 68 10 11 90 94 80 49 83 60 68 49 63 37 93 75 83 2 95 11 17 72 60 29 38 80 10 66 41 41 27 58 9 94 79 38 37 60 10 32 84 90 69 23 99 67 61 87 69 14 87 80 45 88 67 24 88 57 71 29 81 20 39 38 29 61 94 80 41 6 72 48 92 43
29 48 74 92 100 63 52 70 88 37 36 93 64 33 61 24 97 89 73 68 11 87 55 27 83 62 37 89 8 78 30 70 17 37 54 62 44 52 89 97 25 99 15 55 18 94 61 59 70 24 2 26 57 70 18 73 32 84 31 31 95 96 70 97 3 0 100 94 44 29 84 24 89 81 67 23 65 53 15 20 10 67 57 31 24 17 76 7 8 64 83 47 66 55 53 42 2 42 67 33 38 100 20 72 15 83 20 31 65 92 88 62 6 61 32 83 63 96 12 89 41 59 0 70 89 42 50 87 48 27 47 38 31 68 13 86 57 4 80 44 11 90 8 2 42 93 30 43 76 65 60 91 5 78 43 16 90 66 30 13 48 72 20 95 82 68 56 57 83 70 49 18 3 82 46 65 35 50 10 99 10 38 0 61 24 23 24 45 32 48 5 15 2 31 14 70 24 11 67 91 65 94 97 15 63 7 18 97 33 39 27 80 71 77 87 22 3 93 20 24 57 4 76 13 72 83 3 90 28 74 22 47 76 0 43 41 26 60 13 68 16 75 65 97 75 1 38 32 85 75 35 61 37 87 29 45 7 10 17 96 10 33 77 81 55 57 96 12 13 58 38 9 43 19 29 71 75 69 43 48 79 66 0 0 87 8 27 76 61 47 81 95 25 28 71 45 86 94 45 78 21 40 42 67 80 90 1 55 64 22 28 65 1 44 84 48 66 26 95 28 7 33 38 13 29 31 44 72 64 48 97 74 47 49 43 93 7 28 45 40 96 31 47 22 10 89 34 57 18 93 1 56 29 2 66 43 11 93 43 80 57 89 84 43 69 93 97 26 21 98 12 97 25 59 70 21 9 12 35 10 12 62 93 63 7 33 95 11 60 67 7 64 13 15 54 38 51 35 89 87
82 40 76 12 78 9 45 38 99 56 61 16 50 82 35 95 1 89 34 58 40 97 38 93 4 89 5 64 0 19 97 24 56 27 19 85 34 0 37 18 75 24 63 48 26 99 28 78 85 20 71 96 70 51 85 39 70 88 37 61 72 13 84 54 56 55 33 64 3 36 67 89 15 98 48 13 70 40 43 36 88 75 73 88 0 77 37 61 81 48 20 54 95 7 41 44 18 11 43 70 47 42 19 98 52 46 5 36 3 27 42 81 80 36 42 22 81 49 56 76 34 45 28 72 98 40 22 25 28 51 19 3 37 29 95 89 26 76 99 94 29 78 67 2 15 49 1 76 20 5 83 90 28 0 1 4 49 81 38 32 5 29 69 46 84 19 13 26 95 76 59 61 85 87 1 50 72 1 90 19 46 54 16 4 83 40 40 14 81 66 26 66 7 23 76 31 90 21 29 52 35 37 47 14 24 37 39 38 14 43 51 18 92 2 95 45 87 33 22 2 5 24 85 35 35 61 87 78 7 23 15 41 38 47 69 35 52 42 49 49 22 72 22 89 83 87 93 54 94 65 75 65 14 9 19 7 20 8 60 84 30 59 47 65 62 75 35 85 10 60 72 69 79 44 43 73 31 38 94 44 33 17 94 3 58 19 92 65 5 83 6 11 19 51 45 18 80 58 43 46 4 98 85 22 22 38 5 22 89 72 5 64 87 1 71 58 56 24 25 98 30 65 77 71 24 49 78 97 33 74 32 57 96 12 72 54 78 6 7 29 61 79 57 66 45 41 60 76 69 67 16 0 28 45 25 36 98 95 70 65 26 37 29 30 13 87 34 54 47 54 9 49 99 72 40 40 73 90 59 43 39 3 10 100 28 6 98 98 64 74 75 89 22 93 69 57 64 36 91 81
8 12 33 93 44 74 68 58 94 66 29 51 19 32 83 67 7 70 53 35 1 93 83 65 2 17 97 76 50 42 30 39 74 28 64 42 17 14 100 11 91 92 19 1 59 99 34 11 12 73 54 8 88 89 28 13 27 79 15 68 25 90 71 96 73 65 56 65 70 80 69 24 69 23 46 24 27 73 18 74 15 89 27 82 67 95 6 30 17 8 39 73 21 35 41 80 42 87 79 60 39 1 48 30 56 72 24 95 43 11 77 27 6 63 38 27 72 46 36 77 86 74 98 23 24 17 36 50 8 55 12 26 36 98 17 93 82 66 98 80 40 82 95 77 61 99 6 4 49 49 19 14 13 15 81 24 86 83 23 30 80 76 68 17 67 60 22 47 65 24 73 24 77 90 100 31 16 80 4 35 19 39 14 3 5 30 30 93 7 18 30 53 64 63 23 55 100 30 68 91 20 92 78 56 25 5 78 26 71 35 58 4 32 48 83 23 81 49 44 16 44 10 31 29 24 46 4 27 43 57 36 6 14 55 51 73 62 15 51 45 6 98 37 64 10 49 6 13 60 19 81 59 57 31 67 96 65 69 71 43 80 10 41 40 65 90 14 85 98 22 17 29 68 38 61 4 5 70 41 5 19 49 81 96 25 47 100 94 63 13 97 64 40 25 48 84 56 31 33 84 80 15 46 20 9 96 70 17 31 30 30 66 46 70 71 19 58 61 17 97 5 77 77 62 75 87 51 50 61 89 40 7 7 6 70 35 87 7 49 73 81 28 58 7 19 89 14 53 57 41 87 86 61 35 33 78 61 29 21 73 2 97 84 88 57 43 41 47 96 2 12 23 14 67 44 73 86 40 72 2 45 77 76 55 95 95 5 77 67 63 13 32 44 12 2 28 43 9 40 50
74 6 87 89 80 15 48 98 14 13 5 67 20 5 27 31 28 65 88 99 9 60 88 10 36 97 50 44 31 26 67 97 4 78 10 89 24 96 84 71 32 80 0 5 10 90 21 42 21 38 68 83 29 78 27 56 39 15 64 72 39 69 58 17 9 90 53 86 28 30 15 87 10 66 47 9 65 99 61 83 49 81 26 0 15 97 52 13 99 66 83 68 37 10 90 13 4 26 38 11 85 0 81 12 45 64 42 92 21 12 79 78 42 11 63 68 49 96 82 36 13 24 17 19 34 21 65 26 81 6 91 89 35 51 6 10 22 73 20 36 38 73 95 30 7 36 37 31 87 29 6 5 88 26 87 90 39 12 92 70 7 65 23 24 48 78 77 14 22 83 29 1 48 62 48 43 60 19 91 87 97 90 84 81 10 13 68 90 15 89 79 71 3 85 75 1 3 0 83 42 0 28 43 34 100 62 100 65 51 97 31 70 30 34 52 7 51 34 95 94 2 75 68 37 16 64 43 46 66 11 84 23 34 26 30 63 99 15 97 93 56 18 71 45 80 9 16 76 63 33 75 74 28 1 37 58 18 12 0 41 51 84 99 100 75 63 93 70 51 16 65 81 20 5 44 6 34 72 42 20 98 58 36 28 16 33 62 1 54 5 18 41 51 25 25 69 33 79 53 92 34 32 89 72 70 31 53 97 78 67 48 49 30 95 63 16 78 17 87 52 63 60 25 32 17 32 25 6 13 44 23 31 14 18 41 28 15 83 7 2 45 56 21 76 32 15 10 22 76 54 0 19 13 9 43 86 48 84 56 39 72 2 24 65 61 59 58 4 36 61 34 42 37 72 19 85 70 42 43 15 4 0 0 32 3 75 20 71 2 66 19 39 39 55 50 43 91 40 40 14
11 23 68 33 23 1 5 77 47 47 59 70 64 94 36 98 28 79 23 68 30 54 46 29 47 96 76 23 69 63 25 32 81 68 84 96 3 24 52 17 83 48 27 73 25 43 8 33 66 59 94 39 86 25 61 90 4 56 97 14 31 32 88 52 65 98 68 76 68 86 60 91 63 76 18 82 35 21 33 6 34 11 66 1 90 15 18 47 9 74 89 85 34 91 37 42 16 63 54 59 15 13 51 0 20 77 1 89 81 4 60 12 25 88 55 45 75 86 99 36 12 80 98 67 11 45 97 34 65 14 52 62 85 48 96 61 4 40 85 34 11 87 88 40 18 21 46 31 13 32 73 68 98 91 15 52 10 23 79 27 69 50 34 88 96 30 12 21 10 44 51 72 51 24 11 6 32 51 7 75 97 82 17 18 75 23 36 1 54 5 77 6 77 90 13 84 67 79 2 32 31 28 30 77 71 66 10 80 51 27 93 33 85 47 94 79 50 23 98 48 72 69 97 11 21 70 71 48 90 12 92 34 34 53 50 65 44 17 59 24 11 74 90 81 28 42 87 46 39 68 74 36 64 71 45 79 1 14 2 0 86 36 69 60 96 84 6 75 64 55 51 78 15 52 45 1 62 44 4 51 87 4 99 83 41 19 2 89 97 94 53 23 87 4 67 59 70 81 98 8 47 81 53 98 57 14 97 40 68 48 86 36 32 26 75 54 57 89 46 47 59 11 13 97 64 57 12 17 31 9 79 84 92 51 56 99 31 28 52 39 88 27 74 96 37 30 78 56 45 76 13 10 78 33 71 20 23 74 94 41 25 59 95 14 60 36 74 66 7 81 49 49 35 37 14 89 58 65 74 5 57 77 62 13 55 9 50 20 36 33 30 53 27 70 72 28 43 76 38 48
90 75 99 80 97 76 84 39 1 67 69 51 30 82 15 44 89 9 26 98 38 26 49 43 10 93 15 27 78 50 73 26 6 99 18 3 15 64 22 98 35 97 84 27 3 10 51 88 0 86 15 57 65 2 27 15 82 41 37 98 51 93 85 22 72 3 26 92 18 3 18 63 77 14 48 98 29 90 41 18 65 28 81 36 56 6 36 16 31 0 7 66 3 64 81 58 100 7 86 81 46 85 19 7 21 51 74 58 66 71 95 69 38 87 94 14 56 2 49 62 76 94 83 57 80 51 98 65 5 44 50 77 61 69 59 75 46 14 90 86 21 21 25 73 29 37 76 53 94 71 94 44 100 27 72 100 58 95 29 9 78 43 0 83 89 27 13 44 92 32 64 70 76 64 69 22 36 88 49 97 55 8 23 18 78 21 13 53 48 60 76 45 84 73 27 80 27 83 85 23 39 21 61 34 36 92 100 7 38 58 23 1 24 54 46 7 38 64 14 99 47 89 86 55 72 9 90 21 50 13 89 67 64 45 32 13 3 20 94 77 5 50 37 36 48 26 51 14 2 20 24 69 3 80 90 32 5 41 91 42 79 85 41 18 84 36 4 55 83 8 9 29 93 46 10 73 69 11 29 53 42 91 74 43 11 100 91 83 44 58 20 22 67 67 90 45 39 81 66 59 96 72 8 0 9 34 54 77 33 52 88 19 48 24 39 95 6 86 50 30 26 57 66 82 27 86 43 26 14 6 81 62 68 13 99 46 45 18 57 94 49 23 30 58 18 63 37 65 35 57 18 34 90 82 75 42 5 56 61 92 60 82 54 22 71 8 13 58 26 30 35 29 85 38 38 12 75 19 1 25 95 58 94 66 86 46 34 95 25 41 38 22 41 78 73 39 80 16 46 96
86 52 64 27 42 58 3 93 76 74 87 86 51 92 30 35 28 11 33 2 30 47 92 96 15 49 22 54 81 56 21 0 9 1 54 7 56 38 6 57 70 53 95 94 99 92 42 21 78 7 98 78 1 11 23 71 80 77 7 99 70 23 6 73 8 26 80 32 81 89 13 37 70 96 47 77 81 5 66 33 18 24 95 68 17 90 16 27 40 89 14 97 79 36 4 87 57 3 12 11 18 99 78 44 31 10 90 12 58 42 47 8 77 1 100 34 6 54 4 10 33 6 50 27 14 88 63 19 31 68 93 38 82 70 92 19 49 12 72 46 2 74 3 0 72 67 79 89 7 89 23 17 73 86 29 66 51 0 86 10 97 68 70 93 19 96 94 33 34 44 1 14 73 42 4 15 58 67 76 60 96 73 44 31 36 42 26 33 97 80 16 88 59 48 63 26 57 78 38 48 58 8 29 56 87 25 31 94 9 75 8 34 64 47 85 79 29 34 29 27 84 61 76 54 32 74 30 96 99 35 90 30 42 48 18 15 79 62 18 79 14 28 99 54 22 35 25 40 87 14 77 49 72 37 8 93 88 76 6 75 50 48 36 68 26 39 89 80 64 4 3 46 46 4 97 80 43 13 47 22 48 33 25 38 65 2 94 8 62 31 91 6 59 11 22 25 11 4 89 38 57 68 45 73 37 61 88 76 43 45 65 55 93 46 15 94 91 64 91 22 46 63 24 76 61 59 19 94 92 52 45 2 93 91 95 16 26 41 63 50 62 5 56 49 62 86 1 95 42 18 73 54 72 97 100 15 2 91 70 21 58 9 65 90 20 14 35 91 80 7 36 68 88 70 54 72 84 8 61 58 69 70 57 75 28 93 33 60 42 36 95 9 23 53 86 57 54 22 49 13
100 84 58 74 80 58 69 95 31 99 21 68 7 28 72 48 9 96 73 51 96 69 80 12 0 25 72 60 93 77 14 26 24 69 30 0 11 84 16 82 96 78 56 69 24 85 12 7 74 42 84 95 93 71 85 91 3 73 56 6 77 37 0 65 93 96 73 66 88 26 53 69 22 41 64 1 60 34 90 5 78 66 13 54 48 94 40 72 58 37 22 49 75 3 83 56 80 14 61 23 61 30 53 98 32 39 90 76 63 94 64 24 67 86 53 90 37 86 60 78 61 47 44 58 79 71 66 18 65 8 29 60 11 13 17 100 5 93 6 54 36 2 23 95 82 98 77 83 100 28 24 49 49 33 86 62 41 30 42 8 89 26 5 94 98 51 59 40 85 45 92 28 95 16 16 100 2 85 85 10 22 80 66 46 66 31 18 44 0 85 38 47 65 5 93 38 11 7 8 89 50 31 19 11 71 94 57 17 47 0 82 98 97 85 20 59 32 65 51 33 97 14 58 4 77 100 80 60 4 96 100 74 74 70 66 25 33 8 95 7 79 45 5 73 0 70 66 83 48 56 28 80 17 53 23 83 87 78 34 41 41 26 100 24 46 43 90 47 96 82 97 52 69 62 78 85 44 69 43 79 40 32 77 88 77 69 25 37 52 63 89 16 38 43 17 61 17 8 79 22 96 17 41 1 7 86 11 86 97 58 77 18 73 80 52 48 91 60 96 37 6 40 68 97 59 76 71 6 51 99 82 71 98 14 17 41 99 19 86 48 93 43 48 73 100 46 70 44 51 50 9 70 66 88 30 54 32 37 4 26 46 48 42 17 93 4 17 35 41 62 23 40 2 36 17 43 58 66 0 78 59 74 77 27 48 10 48 75 69 98 21 3 4 75 13 87 18 5 63 30
26 20 14 16 24 64 98 12 84 41 96 10 87 23 13 4 60 84 87 1 96 4 21 35 97 22 0 27 99 19 67 26 20 61 94 18 73 20 36 13 64 81 93 82 94 30 97 88 44 12 82 1 3 34 11 43 80 53 80 12 58 5 7 49 15 9 34 82 73 9 76 100 91 68 94 28 15 95 84 4 54 42 55 53 89 99 83 81 31 67 77 100 4 68 40 2 42 74 12 59 62 37 96 69 42 16 65 83 30 87 70 68 37 47 17 27 74 70 83 55 67 12 63 33 70 18 77 26 1 2 42 68 14 47 40 47 32 91 99 15 77 43 78 67 39 53 23 67 57 52 55 10 29 57 28 59 9 56 60 77 26 45 33 49 50 0 68 74 99 41 89 75 74 73 77 92 53 71 86 4 8 92 57 36 15 96 0 2 69 2 91 91 27 93 36 26 7 53 93 86 88 59 2 42 49 5 44 71 14 68 67 12 90 84 48 80 73 74 74 37 18 84 79 26 65 82 87 36 56 56 57 56 79 12 63 11 35 57 18 100 78 89 60 22 86 18 27 22 48 26 55 50 1 58 54 17 46 52 79 63 9 70 6 37 29 68 71 1 62 39 94 82 85 93 0 75 58 90 2 18 15 15 57 14 27 67 42 100 10 33 41 77 66 44 74 95 2 21 8 84 20 95 99 32 17 54 32 7 61 79 62 61 62 10 97 76 55 29 87 14 45 93 10 93 0 67 12 95 15 80 61 69 2 31 14 55 16 9 89 7 42 81 68 46 11 76 14 70 94 52 89 65 69 82 37 81 76 99 92 63 80 68 19 63 87 12 90 52 88 9 63 80 41 100 52 66 24 9 2 48 95 59 72 78 6 59 1 42 59 42 8 37 12 28 10 11 52 88 69 41
52 68 49 58 11 22 30 80 27 61 4 24 94 27 73 49 25 9 27 16 72 49 45 32 24 46 25 17 95 63 46 63 63 36 67 75 17 46 75 81 17 16 8 69 34 65 57 73 29 28 53 91 44 67 48 78 46 87 58 57 95 1 19 77 5 39 42 65 87 90 24 16 91 63 73 74 83 24 3 69 100 83 43 64 86 80 18 66 84 25 79 56 84 8 90 51 43 81 37 87 48 25 47 96 3 24 48 43 11 4 6 11 41 34 14 38 7 38 2 24 53 93 65 44 90 93 99 17 87 43 92 74 85 89 47 34 25 15 65 20 79 6 39 72 58 45 71 100 41 76 97 57 1 18 25 12 37 98 100 42 89 38 79 39 16 97 34 5 29 12 93 96 87 64 19 99 22 65 65 79 23 21 37 49 65 30 76 87 63 88 48 73 61 47 11 12 56 1 93 80 18 91 96 84 26 27 95 36 12 57 60 80 38 12 82 8 28 37 83 94 18 40 96 31 21 3 57 41 18 86 73 39 4 95 26 52 92 50 0 52 36 79 41 55 67 18 64 31 20 51 36 91 9 62 78 53 13 56 23 100 48 7 17 47 58 74 100 18 72 80 28 100 51 53 60 1 55 0 71 71 97 53 74 77 46 26 13 94 32 47 48 11 27 7 63 9 37 98 46 71 16 47 53 71 26 94 90 54 60 53 52 14 60 21 51 96 64 98 97 91 20 63 3 62 38 52 88 91 59 43 12 57 32 91 86 88 35 51 88 84 79 90 96 44 2 92 21 23 60 88 22 18 86 32 87 45 93 93 50 37 57 45 31 76 55 82 70 38 68 19 73 73 55 100 19 98 44 48 18 62 76 48 37 7 30 9 11 86 61 22 8 96 37 54 8 84 41 83 50 32
0 32 92 98 5 31 71 86 68 10 26 35 36 69 72 1 62 26 89 28 0 96 92 37 11 20 11 20 100 13 69 37 73 3 88 98 33 38 19 39 55 54 28 41 79 54 17 46 38 2 77 2 86 36 80 73 66 78 61 95 89 21 49 72 27 20 11 89 36 19 13 3 49 44 40 1 85 88 30 8 31 62 9 48 22 77 67 40 2 61 41 52 46 66 25 27 74 9 23 100 24 80 27 42 89 89 96 66 39 73 35 17 71 0 69 10 52 96 56 54 80 69 40 40 23 55 93 56 59 71 37 57 90 81 47 22 76 89 58 35 5 6 9 66 41 63 53 3 29 76 37 100 48 48 47 56 29 20 38 52 64 76 25 84 76 94 72 65 24 73 83 33 0 49 13 32 26 24 30 27 18 87 14 24 7 48 12 25 27 85 55 14 58 62 2 18 71 38 1 61 43 12 41 31 11 6 84 63 16 6 59 18 46 63 86 5 93 68 100 53 55 97 13 94 69 81 3 84 38 91 46 62 11 4 20 100 65 90 45 86 6 28 84 68 38 22 0 97 99 35 24 6 43 75 49 15 84 60 6 62 28 77 57 44 56 53 3 61 66 74 99 44 30 93 40 76 43 41 27 91 47 59 27 17 71 47 49 9 69 93 48 30 9 37 56 27 30 33 98 93 40 18 50 95 47 42 53 19 87 94 92 6 98 18 100 57 87 1 83 93 18 13 49 59 39 46 50 11 1 4 48 90 12 99 26 39 13 98 44 13 54 2 6 50 97 81 62 61 24 15 86 87 66 62 15 24 11 99 48 88 8 33 6 68 91 53 46 36 61 89 36 4 20 83 81 18 14 22 47 81 7 19 23 89 12 65 64 84 69 57 35 73 8 67 90 36 34 59 52 76
10 2 94 13 37 6 81 14 17 22 33 6 90 70 47 3 40 47 52 67 99 72 70 94 55 88 57 48 31 53 73 53 93 46 4 64 61 16 67 73 46 67 88 66 67 39 24 74 14 100 74 28 18 66 16 6 93 22 25 7 33 36 58 7 4 20 87 76 37 90 6 100 44 15 44 5 55 12 13 26 45 84 19 36 1 76 94 50 67 44 86 84 30 23 59 1 49 60 20 88 52 45 86 89 93 23 64 96 24 84 49 76 64 17 69 77 3 24 66 32 81 72 62 45 1 61 84 76 82 38 70 74 14 15 57 10 18 68 88 24 6 95 97 58 99 27 6 73 58 35 97 59 27 70 23 43 42 96 37 85 79 35 80 40 45 49 73 42 37 53 19 39 60 8 1 87 61 79 85 81 24 0 2 59 67 6 13 63 82 30 95 31 91 100 70 56 39 91 17 61 14 87 95 37 85 29 74 8 92 39 5 32 31 45 60 17 80 76 71 100 26 35 32 27 58 82 84 54 26 83 34 93 34 42 94 71 17 71 50 34 8 13 14 61 33 26 35 41 13 91 73 38 96 68 51 22 64 33 100 39 53 11 14 80 61 84 51 94 13 71 24 64 96 17 50 68 90 76 64 14 61 89 36 18 23 65 37 84 64 22 32 17 50 0 61 15 97 43 73 66 37 10 16 30 93 73 16 39 3 67 31 20 27 96 58 13 36 92 95 30 3 22 15 90 18 47 46 29 13 79 20 56 67 57 0 29 3 88 35 72 55 24 57 78 75 7 68 79 30 54 27 74 72 90 79 38 7 90 63 16 43 96 86 13 98 69 69 96 1 1 69 7 40 86 96 66 46 49 30 91 40 9 29 33 80 0 78 0 58 92 48 63 64 55 91 54 2 56 24 78
54 4 75 5 95 95 22 69 74 4 58 82 63 83 98 18 55 72 4 47 49 87 76 3 95 93 12 55 36 97 11 65 70 18 30 44 45 38 95 62 62 4 53 18 76 78 23 74 23 29 36 51 23 51 16 7 43 47 51 35 5 99 13 37 29 24 5 63 73 60 77 19 100 10 82 0 95 37 1 66 60 98 28 28 82 71 62 3 11 53 86 59 78 50 29 2 81 79 18 20 96 100 22 14 85 9 41 3 100 96 17 24 51 46 40 28 74 81 10 4 85 46 96 70 15 25 92 18 73 55 81 2 58 13 78 32 7 9 55 72 5 45 83 53 47 31 54 1 80 0 48 65 69 63 5 72 98 38 7 42 33 31 91 38 65 97 80 94 2 89 13 20 61 71 7 80 80 67 16 7 22 83 94 3 64 81 68 62 83 58 60 62 7 1 49 44 5 76 99 28 58 20 87 45 5 16 17 62 67 88 25 36 91 73 1 9 91 49 60 72 81 49 24 94 62 53 13 28 67 41 99 51 4 85 97 68 59 10 47 40 92 85 74 81 96 65 7 29 7 43 26 93 93 43 89 34 57 53 62 22 83 47 90 27 53 91 57 97 9 65 19 34 86 27 18 7 91 15 6 15 87 92 75 4 16 49 67 48 67 32 66 78 44 6 74 88 87 44 57 73 57 32 64 92 29 19 73 55 39 24 80 80 14 62 5 66 95 22 69 100 19 20 65 14 30 28 57 15 22 0 83 47 48 8 42 44 41 96 6 98 91 55 31 64 38 5 98 68 34 25 59 19 78 86 33 71 17 74 100 28 96 15 51 47 93 86 75 63 8 59 31 48 56 38 74 66 90 94 54 61 10 0 61 88 49 51 41 88 35 81 21 17 4 84 69 65 86 72 73 3
72 18 77 39 5 32 51 37 66 68 75 75 44 20 72 92 28 62 48 43 43 98 94 29 90 82 89 23 38 24 59 31 97 59 36 51 64 88 36 14 31 39 1 44 70 8 61 12 57 4 22 45 82 45 61 70 86 34 13 78 57 18 68 71 6 47 60 71 100 7 93 71 21 74 83 86 51 29 51 65 54 80 24 67 32 54 42 86 30 58 42 14 13 10 89 56 12 75 19 11 82 6 0 99 0 83 35 47 65 35 18 34 32 7 59 36 14 29 14 57 89 92 73 76 79 8 58 58 15 21 40 26 81 6 50 95 59 62 24 39 30 85 96 36 29 71 95 83 70 29 89 29 9 1 81 81 53 11 62 95 78 97 14 76 46 89 35 64 87 77 32 26 49 41 92 64 52 17 51 26 3 40 10 63 38 73 42 36 12 57 100 93 66 45 89 71 65 58 72 98 49 31 25 78 33 5 25 48 34 17 52 85 69 60 15 78 91 32 92 100 88 22 44 61 46 55 29 74 62 29 8 7 76 6 88 55 53 92 92 7 9 100 99 96 60 6 27 83 93 65 33 84 25 8 42 0 91 11 73 82 73 48 47 46 66 27 25 11 84 49 3 98 66 69 64 61 20 3 49 52 66 24 93 79 24 60 79 60 52 26 95 91 22 59 27 58 24 92 75 81 72 11 84 100 46 76 15 23 39 12 21 11 67 93 61 28 16 0 46 64 43 52 22 62 90 67 45 85 41 9 40 91 78 30 80 14 48 35 20 47 54 40 15 96 78 8 10 5 5 39 4 73 41 51 84 18 39 59 36 45 60 25 3 98 56 28 75 16 12 86 38 42 56 86 30 26 27 24 80 26 83 60 9 73 15 81 92 83 51 43 13 40 84 5 96 23 78 89 14 96
39 3 88 63 57 93 68 5 51 79 1 13 76 9 93 16 62 11 22 14 14 98 30 71 50 58 31 93 3 89 63 49 43 33 22 89 91 40 60 51 86 68 10 8 37 10 21 97 39 53 40 1 29 44 95 63 20 79 35 68 55 35 81 53 59 50 45 14 83 25 87 69 9 35 31 31 37 94 28 38 92 98 96 96 6 69 84 74 57 99 80 95 1 11 46 37 71 70 85 86 82 11 66 61 76 42 65 21 56 76 80 24 70 65 30 16 17 86 40 53 53 74 59 50 55 92 68 76 25 47 14 45 24 75 70 22 98 7 86 37 17 75 78 63 6 51 71 81 30 9 45 29 4 25 62 6 73 85 57 98 100 71 57 43 8 88 87 32 28 21 14 70 86 68 74 62 32 10 100 81 88 16 84 83 52 59 14 45 19 22 52 32 29 74 67 74 37 3 31 44 99 72 55 29 21 81 83 58 18 36 92 24 36 34 45 75 32 79 39 99 61 19 55 44 90 60 11 71 30 58 39 11 99 31 75 78 40 40 53 96 91 49 41 78 76 48 38 26 81 96 75 0 19 96 33 54 92 38 14 87 15 84 100 72 91 97 57 64 1 79 94 53 77 53 84 97 58 3 26 46 98 86 30 86 42 77 49 75 43 82 76 40 59 6 8 89 66 42 78 82 93 45 77 66 29 71 79 41 99 25 98 98 66 56 72 77 96 56 52 66 83 94 85 58 92 1 38 11 78 57 28 14 48 100 35 43 38 11 33 63 12 89 75 83 25 68 64 27 10 99 71 48 59 24 29 84 3 47 86 76 62 30 64 35 67 38 2 90 51 96 12 25 100 50 27 94 81 52 59 72 2 83 98 54 83 60 64 36 80 29 3 85 46 100 20 87 38 67 73 9
26 64 88 61 66 64 78 34 4 17 99 94 83 54 34 39 57 44 48 100 22 62 24 16 31 16 91 64 43 87 76 2 20 84 54 44 71 58 7 56 63 4 97 11 33 87 46 34 5 36 88 65 94 60 40 100 13 47 42 16 64 74 74 19 39 25 20 28 26 68 94 50 18 23 12 70 53 35 92 33 89 60 28 72 92 33 31 14 4 52 71 5 100 54 43 73 40 81 27 56 81 49 78 96 44 71 68 91 92 6 58 20 65 29 61 80 92 26 86 30 73 54 9 60 75 32 12 14 6 42 66 77 55 86 55 29 32 79 70 63 73 31 21 5 78 47 63 51 83 5 37 23 21 93 47 48 89 91 71 28 90 39 15 96 77 65 72 56 42 92 29 13 80 8 16 98 46 88 62 7 2 53 29 100 28 11 3 45 38 72 33 78 91 9 53 26 74 82 22 85 27 72 95 8 15 80 19 4 47 72 31 95 96 69 27 92 58 44 60 71 62 99 69 58 98 85 14 62 12 12 73 86 52 3 43 66 90 80 66 24 6 87 36 1 100 71 29 43 78 82 17 69 0 10 37 92 92 61 18 83 84 99 61 90 21 38 16 45 66 15 43 75 62 69 84 28 53 3 94 11 29 47 82 64 58 78 3 53 14 92 20 21 6 40 62 46 64 70 4 37 24 84 26 90 77 83 18 100 19 96 0 12 48 60 78 65 0 49 16 93 100 48 77 23 75 10 64 60 100 36 64 10 5 73 10 85 51 19 13 77 63 35 93 23 80 5 59 31 24 56 79 23 84 67 48 7 16 35 96 31 27 55 22 4 23 30 96 46 79 26 7 36 74 41 7 24 86 22 36 79 87 21 95 24 16 32 58 60 83 44 59 42 54 72 3 89 100 56 34 93
10 90 42 21 100 4 52 38 32 98 99 25 35 37 86 8 70 59 16 7 31 19 27 32 20 13 72 70 78 27 21 94 8 77 0 66 51 17 88 64 80 8 32 23 46 48 20 69 98 22 85 43 48 50 43 10 38 17 34 66 17 69 7 48 59 76 45 30 53 48 28 42 11 67 36 16 44 9 34 94 45 54 32 55 19 2 12 53 93 70 39 9 26 48 51 48 89 11 63 86 34 82 17 90 0 65 85 45 11 16 11 84 21 50 34 35 71 1 4 71 81 37 34 67 70 6 18 64 83 70 36 45 37 99 22 80 7 35 0 35 0 52 41 40 36 79 76 50 41 45 41 19 56 77 25 29 13 52 69 73 4 7 41 47 95 4 12 62 9 75 93 56 47 15 40 77 20 14 28 9 17 88 11 23 64 42 7 45 74 30 22 81 25 96 14 1 37 97 53 93 16 2 99 62 60 83 0 41 42 4 42 21 100 24 12 57 86 42 79 12 40 79 92 42 82 91 21 42 85 33 29 40 20 45 56 69 5 34 9 67 53 88 70 11 40 7 65 93 62 15 6 79 24 97 9 91 30 67 28 22 85 79 33 82 58 99 57 72 47 30 51 39 3 55 29 64 70 25 96 12 39 43 23 27 12 23 86 76 40 12 3 97 19 35 82 31 87 83 29 54 33 74 74 95 89 94 59 47 70 19 41 99 97 63 88 92 9 0 9 73 21 54 74 3 24 80 100 24 63 10 39 97 11 29 90 3 76 92 97 75 59 36 34 40 68 83 61 33 13 66 57 17 64 7 96 18 60 49 83 37 2 39 5 12 57 60 33 6 93 9 82 8 43 33 1 30 45 51 2 12 99 53 19 97 23 51 51 12 67 51 92 57 46 85 69 82 1 83 76 0
85 65 91 22 65 18 76 61 50 72 78 82 58 6 47 42 72 53 23 10 33 42 50 60 11 39 40 27 3 34 56 17 67 40 58 8 75 50 50 100 20 38 96 100 59 5 29 93 9 14 72 31 47 32 85 37 90 87 5 44 43 11 52 23 11 51 56 14 98 37 53 91 23 67 90 5 35 9 10 4 90 77 89 7 13 88 69 48 10 28 72 13 16 48 80 61 87 58 55 48 39 70 54 81 5 24 44 67 90 31 71 83 98 8 69 92 6 35 17 23 28 83 82 7 86 74 13 38 93 61 54 60 71 27 15 23 18 94 37 80 79 6 0 93 50 90 82 24 59 37 41 0 15 46 90 96 18 64 41 30 83 94 17 11 13 71 27 74 89 88 57 59 91 25 59 93 43 1 96 84 22 53 87 6 84 22 72 95 81 38 10 0 25 53 16 69 51 11 95 45 49 78 53 2 18 12 65 93 29 64 70 43 53 0 30 48 92 28 14 36 8 20 22 79 55 21 76 31 52 97 84 64 28 60 0 34 75 75 9 53 12 60 4 20 55 56 25 74 68 0 33 25 46 82 56 83 40 23 13 83 37 62 60 19 45 99 59 8 66 23 69 38 86 98 20 37 46 12 81 75 94 1 98 3 78 84 43 10 46 21 47 14 15 22 90 49 50 87 62 95 36 36 59 80 88 90 11 38 79 82 91 27 73 98 51 14 80 82 65 5 1 97 39 57 20 65 58 56 45 61 97 5 23 8 36 85 98 56 13 44 15 9 63 23 28 51 52 80 58 58 27 53 51 68 96 4 21 84 94 57 97 18 48 92 28 52 48 61 64 63 74 87 63 49 39 11 10 67 28 16 47 37 95 77 78 9 59 48 80 35 31 19 93 24 23 81 26 25 68 70
68 55 62 82 49 97 24 21 80 15 71 57 71 13 75 97 77 8 80 71 41 47 77 12 86 45 46 62 38 62 79 73 81 79 47 71 24 13 55 12 56 21 10 89 61 16 81 24 80 30 14 76 48 25 90 83 81 51 65 63 65 72 31 36 45 97 8 82 43 77 12 83 5 73 93 80 41 78 81 81 20 31 88 14 64 69 11 18 72 4 55 56 11 39 28 44 71 64 30 71 51 9 65 31 93 26 94 18 2 40 63 46 28 32 1 76 74 90 57 5 57 71 39 30 28 47 12 98 45 57 70 78 72 42 70 37 60 56 9 52 74 34 61 2 96 88 40 48 42 82 74 16 42 73 85 11 52 22 71 5 43 95 43 29 94 76 74 97 50 66 70 2 84 64 61 62 19 97 75 0 81 63 61 79 68 1 36 96 47 46 20 67 19 3 51 76 80 69 43 92 92 51 58 14 94 48 42 29 25 53 13 87 13 91 67 23 1 15 17 13 27 31 49 56 78 12 39 5 70 74 100 8 31 78 70 75 18 8 42 77 36 69 0 69 16 23 24 38 87 77 1 18 21 68 5 85 85 3 9 50 16 92 33 66 29 83 70 57 93 100 14 29 37 63 76 35 35 70 41 4 13 76 57 54 60 53 74 90 47 75 20 66 100 73 45 8 4 1 55 3 34 69 26 2 78 37 56 73 28 17 68 31 10 89 88 10 54 45 48 22 96 66 14 1 65 33 98 70 59 37 51 2 2 78 16 76 81 32 19 2 24 3 53 55 100 17 21 32 46 19 61 30 43 12 19 68 16 50 81 84 44 95 81 66 4 48 89 48 81 43 26 19 99 12 50 88 18 6 16 80 85 48 37 60 26 6 36 75 31 33 37 18 4 24 23 67 15 26 2 91
15 51 64 71 21 34 55 99 84 9 49 14 55 83 32 21 97 88 88 74 85 11 36 19 100 31 14 84 34 100 83 92 56 19 44 27 47 33 85 76 70 9 65 6 48 40 14 6 33 81 93 81 17 31 32 91 82 71 98 3 29 45 41 94 58 20 45 24 17 87 3 53 3 66 56 94 12 2 72 66 26 60 67 71 95 11 65 4 31 0 59 43 99 1 67 14 48 45 38 26 71 41 11 64 15 86 58 45 96 85 35 10 81 18 1 4 91 63 56 52 47 62 60 100 46 92 82 52 66 42 53 95 26 59 62 4 36 59 60 72 96 21 3 15 95 53 75 44 17 62 67 92 24 90 38 59 67 61 67 48 96 96 66 40 88 70 35 25 16 30 15 22 89 17 43 36 90 27 79 51 87 94 14 48 92 58 12 52 11 27 38 28 40 97 2 86 71 50 63 3 30 95 86 86 45 59 1 16 41 52 19 24 19 78 45 40 25 56 8 95 15 95 68 88 92 26 73 14 15 57 24 87 92 87 67 98 95 23 0 86 93 49 10 35 90 15 81 66 76 99 11 75 29 10 72 71 60 67 50 81 38 69 3 88 48 13 87 26 85 21 98 95 83 89 23 49 57 42 26 33 4 70 66 38 97 68 79 23 89 99 32 100 3 44 19 85 68 68 37 7 98 75 31 57 80 63 88 52 8 66 52 37 58 72 15 97 69 4 4 7 83 80 60 93 31 27 24 70 5 31 28 80 84 52 45 88 97 34 40 29 1 9 24 74 29 58 9 59 26 61 57 33 85 48 4 94 96 54 16 35 85 78 66 59 21 5 36 17 28 23 32 71 12 38 31 94 44 29 61 27 36 37 65 39 91 34 41 73 58 30 21 22 37 10 82 39 31 27 12 32
80 2 73 10 8 14 7 94 96 67 17 3 5 23 37 31 95 22 20 27 75 78 62 21 32 90 41 66 92 83 80 69 93 32 18 48 83 22 45 21 85 15 24 17 28 80 21 100 51 38 45 59 26 71 70 15 59 9 63 48 38 7 31 92 52 75 88 56 24 74 28 11 54 15 34 64 12 1 99 13 17 74 27 37 2 92 61 58 98 14 42 27 21 47 47 77 100 86 68 61 53 87 21 13 84 74 71 63 11 86 99 56 1 88 81 76 41 42 31 60 98 71 34 42 5 21 41 71 53 7 83 68 25 9 80 64 92 64 58 75 29 41 55 67 42 87 7 72 65 46 25 2 22 74 20 64 20 11 64 73 33 0 52 67 65 95 93 46 41 61 87 93 84 27 7 51 67 1 84 19 24 65 34 61 30 87 52 88 34 22 66 38 91 27 94 68 36 90 37 25 49 65 28 75 71 42 92 80 52 14 51 71 48 96 5 33 77 77 14 28 94 23 37 36 51 14 94 46 11 80 27 41 42 52 100 11 57 43 19 75 68 12 50 70 31 65 97 36 85 43 54 53 5 75 57 7 41 78 93 90 84 64 53 57 66 3 21 20 63 31 67 56 3 13 27 72 48 52 89 78 94 2 66 30 45 16 18 64 50 36 5 43 48 46 16 97 51 80 71 27 38 74 70 29 89 60 4 12 29 23 5 77 51 70 47 50 62 63 14 90 38 15 98 42 19 90 42 1 59 81 36 88 19 50 25 93 72 36 49 64 90 11 78 65 3 79 36 26 7 86 74 9 73 20 21 75 54 44 1 3 98 70 0 81 43 56 92 35 54 2 42 3 38 58 70 41 74 87 76 62 81 98 66 62 35 51 66 70 70 62 5 19 74 5 68 96 47 94 40 78
23 91 28 11 65 4 53 69 87 63 7 90 56 10 55 77 0 17 22 64 71 54 34 48 69 75 45 6 41 17 89 94 50 42 63 97 58 99 42 6 47 30 32 33 75 41 11 13 69 96 60 4 63 6 82 50 15 69 4 84 77 68 3 55 51 10 91 28 29 75 1 7 57 80 45 79 95 31 33 80 4 26 38 64 75 7 65 3 82 27 69 11 36 45 89 93 11 33 4 95 34 18 46 19 67 66 90 13 14 90 93 93 67 23 57 19 80 0 40 15 3 53 18 86 86 55 16 38 49 95 18 38 39 47 87 100 87 40 88 36 79 69 19 6 8 33 61 28 26 25 4 31 33 78 30 43 82 17 88 50 37 49 86 9 35 15 38 58 28 29 68 99 83 20 36 92 90 33 14 16 11 33 85 55 55 86 32 39 5 36 70 21 0 52 10 12 56 48 29 97 64 37 91 10 45 20 29 29 33 56 94 87 7 44 56 68 16 33 99 80 75 69 82 15 73 93 95 11 39 33 48 53 32 23 4 91 34 25 83 21 80 67 86 17 57 35 90 33 76 2 52 25 13 86 98 93 23 94 23 82 18 15 2 61 57 31 48 99 39 64 71 46 43 36 52 81 2 62 83 59 94 59 76 43 49 4 0 10 49 89 59 54 67 69 25 57 91 3 94 32 70 57 98 14 9 44 95 93 9 67 22 68 63 58 5 84 82 23 60 97 5 58 11 58 11 82 73 87 68 9 33 8 42 92 78 86 93 50 70 21 3 27 100 47 4 14 9 21 91 20 59 36 64 77 54 23 68 92 90 53 92 35 42 38 99 12 37 63 67 23 53 86 49 64 89 5 92 58 3 2 89 46 21 87 29 41 30 90 63 33 74 6 99 97 47 59 76 0 59 20
66 52 75 35 75 59 32 6 55 98 22 88 74 6 27 92 4 10 51 49 79 30 49 49 57 58 67 95 82 98 17 55 45 12 86 52 45 87 36 40 77 80 29 51 57 85 63 38 31 17 54 55 78 2 20 45 31 14 73 74 82 15 76 53 70 35 46 59 30 80 30 93 100 13 8 80 6 41 58 29 24 17 80 35 56 38 41 12 61 0 88 37 43 51 36 19 0 67 92 69 63 51 62 99 81 26 36 57 67 58 38 30 24 15 24 28 77 2 72 36 67 20 11 68 25 67 15 17 11 96 28 15 59 14 37 56 71 14 3 51 2 21 74 6 3 25 43 85 6 73 39 66 25 2 75 56 44 93 42 83 54 35 80 77 32 57 32 24 18 22 89 7 36 67 64 5 40 45 9 28 40 8 21 21 28 95 28 33 39 48 42 58 54 89 88 60 59 15 12 51 70 48 62 72 96 9 1 57 79 86 68 44 12 78 30 62 83 72 7 14 55 8 4 41 20 45 47 56 30 22 4 66 95 41 82 63 51 16 44 75 97 93 16 43 5 34 85 36 12 75 85 69 10 20 60 63 60 41 75 88 83 74 7 98 58 41 69 44 73 33 42 78 3 80 4 51 81 56 86 55 18 6 21 23 10 63 9 10 43 82 42 9 17 66 50 25 72 42 41 78 43 83 100 9 47 86 91 66 38 89 34 4 71 77 28 73 65 82 71 23 60 90 84 96 77 62 73 9 80 8 87 81 33 74 22 5 44 99 68 49 6 66 2 88 62 93 65 28 85 36 19 89 43 15 33 53 77 11 25 63 50 65 59 46 92 31 52 8 6 93 36 99 31 9 51 76 27 3 39 78 86 21 96 33 55 7 80 25 91 26 79 53 24 72 68 3 80 37 47 92
38 1 37 70 62 50 94 64 44 17 72 35 4 46 95 10 48 83 54 71 54 14 68 98 66 66 91 44 98 46 18 51 39 33 34 54 48 26 14 34 1 82 96 79 43 59 95 86 50 94 93 15 45 87 60 13 33 89 56 53 12 43 98 88 56 43 68 20 81 21 25 36 84 77 46 53 28 48 13 97 64 55 8 47 39 27 95 89 9 22 56 71 28 92 98 6 37 22 10 34 39 95 87 51 56 67 6 99 32 59 93 49 93 35 60 44 76 2 67 84 40 70 39 85 33 4 40 16 78 11 30 34 26 56 66 31 70 92 96 64 48 35 18 97 46 14 12 98 76 14 92 55 12 66 34 40 95 86 28 87 98 10 96 88 43 16 83 53 9 26 85 86 27 22 18 21 96 100 26 29 8 44 15 96 24 88 63 19 5 97 57 74 33 76 44 60 49 38 85 97 98 66 76 43 13 7 46 18 99 64 11 18 39 89 56 98 5 23 94 37 80 49 75 44 7 3 82 3 38 1 37 92 28 49 31 92 72 68 100 70 93 45 15 18 2 60 11 92 70 90 3 21 48 31 3 31 31 38 92 65 94 44 51 11 79 58 32 62 61 86 63 44 0 74 7 10 52 46 30 24 46 71 39 73 0 75 82 48 3 6 74 35 21 58 19 24 33 48 86 38 64 83 28 56 66 57 6 66 86 79 94 32 99 70 35 63 31 63 78 42 89 94 44 9 58 35 8 87 72 8 88 29 61 20 83 90 69 54 89 18 40 31 33 2 91 83 90 18 23 21 50 48 87 55 4 93 71 8 59 82 91 75 93 78 62 72 62 98 69 77 29 47 89 92 79 62 58 83 11 82 11 84 5 38 39 11 47 77 15 58 5 68 7 49 58 56 59 89 16 82
14 70 55 23 73 20 77 43 32 86 70 8 46 26 68 22 83 58 1 0 71 42 29 80 55 23 47 43 13 95 6 82 27 68 63 97 83 89 29 49 54 60 27 29 15 48 15 76 9 50 15 52 30 1 84 88 76 53 8 75 67 38 40 37 9 55 89 76 19 10 38 24 51 25 24 32 99 36 0 12 78 60 29 18 36 46 7 67 86 30 93 14 32 62 93 2 20 89 62 73 84 98 92 14 48 12 41 17 93 62 23 69 28 8 100 78 76 31 68 97 34 36 44 58 89 49 78 51 57 93 93 29 31 39 100 90 68 37 39 26 8 78 81 62 88 22 46 30 14 44 0 29 70 28 60 27 90 0 19 43 60 70 17 34 59 33 21 32 86 41 29 49 49 36 65 70 35 73 40 27 29 100 60 98 13 63 66 18 28 72 58 56 8 1 80 97 74 0 89 59 11 3 38 55 48 4 99 24 94 37 7 37 30 6 16 8 46 24 81 95 99 99 79 74 100 10 31 25 29 77 21 21 42 30 73 33 89 81 24 74 8 13 70 28 14 89 49 20 17 96 43 34 64 77 10 10 76 56 58 93 16 20 24 84 2 15 60 49 60 94 75 71 25 81 69 42 25 22 83 25 86 33 15 97 60 82 89 59 55 28 80 18 70 78 53 40 9 92 8 18 85 40 33 3 62 5 52 93 96 96 86 31 80 1 43 30 4 85 63 88 21 46 99 28 58 23 98 63 54 5 90 19 12 39 19 23 14 80 24 43 96 33 14 68 33 39 26 62 39 88 1 58 41 46 71 32 70 73 82 76 8 79 68 25 66 50 20 94 47 80 28 41 13 92 48 85 19 45 62 81 8 13 26 22 67 4 69 96 21 57 59 45 94 29 92 85 26 10 0 63
52 91 71 80 42 51 86 92 99 92 57 11 54 49 74 77 50 90 57 64 95 55 62 84 61 27 1 80 28 44 71 6 78 76 1 51 71 18 67 8 5 33 98 88 54 12 33 11 23 65 66 64 34 6 91 24 11 35 91 39 91 86 94 94 79 79 75 55 68 57 36 26 32 97 66 68 14 34 24 70 89 61 72 33 51 23 62 19 99 17 20 62 93 17 48 43 94 25 74 33 81 60 95 28 16 76 82 66 59 75 81 88 88 28 9 76 41 68 63 23 59 49 22 71 80 31 67 67 66 91 69 26 3 78 68 28 28 26 42 26 77 8 100 17 93 63 98 12 20 77 76 2 88 22 87 67 29 41 26 72 65 28 16 18 11 51 88 86 46 56 84 43 90 28 30 36 90 1 56 38 72 63 21 23 81 21 27 67 98 68 17 24 55 46 96 68 48 73 58 19 5 85 95 2 33 52 95 66 38 23 7 75 27 86 62 44 67 69 26 80 31 15 31 6 78 67 14 53 19 5 91 93 20 4 9 17 79 74 91 35 73 47 80 94 80 58 9 84 44 36 52 15 67 90 72 81 86 37 21 88 74 63 97 0 11 86 65 69 82 73 36 7 72 59 17 38 13 36 42 1 78 28 24 15 87 100 80 66 57 2 28 44 4 72 93 8 22 50 57 27 19 45 59 42 66 43 90 82 68 75 99 20 68 39 7 17 51 47 60 45 75 49 51 1 58 48 3 24 58 58 45 85 44 96 99 50 37 91 82 20 19 91 34 15 62 54 0 62 9 82 25 70 44 80 27 78 31 4 29 17 84 45 24 46 58 38 7 91 22 27 21 49 90 28 27 60 77 49 0 0 44 71 59 99 56 51 37 11 83 64 96 56 63 12 7 7 95 41 95 23
12 31 36 58 30 25 78 23 32 47 48 44 82 40 35 0 54 83 36 20 56 56 25 12 63 63 11 51 31 3 33 74 75 69 75 78 46 62 52 29 83 58 31 18 84 62 68 38 47 88 6 62 5 56 34 33 4 38 69 20 28 50 26 50 73 20 100 58 80 98 72 57 41 15 17 80 39 74 33 28 81 90 77 49 21 21 54 86 100 12 65 48 42 64 25 42 10 28 92 19 68 70 67 83 80 29 4 14 94 86 81 98 84 23 64 42 26 93 33 80 60 65 52 76 19 88 45 33 46 38 88 25 23 91 94 27 13 97 58 73 97 80 5 86 97 47 58 84 98 78 80 81 66 48 40 34 58 84 29 28 81 73 82 64 40 25 47 79 62 84 86 92 53 80 45 5 52 59 92 15 0 57 74 94 59 74 82 48 50 21 77 50 69 72 60 56 7 15 9 7 0 55 74 72 29 55 99 4 27 34 89 96 1 2 1 33 22 19 75 61 15 76 3 57 32 81 88 14 67 53 50 93 72 61 42 72 97 74 90 83 52 82 19 66 55 62 51 6 91 100 30 25 96 33 34 53 46 89 99 16 30 36 3 72 44 68 69 16 57 77 79 58 33 48 26 24 1 100 1 9 11 99 63 31 85 98 96 35 93 74 72 27 0 0 76 65 35 93 39 65 69 26 17 0 27 59 14 50 35 57 68 43 76 30 8 83 72 97 47 40 55 31 74 38 8 73 30 77 26 65 97 38 45 81 11 6 98 88 38 96 15 58 57 89 31 93 24 53 24 12 71 71 48 5 70 2 16 9 36 23 30 0 53 38 86 6 14 73 7 12 72 95 57 69 54 23 60 84 72 61 90 28 2 29 9 80 33 57 76 10 38 79 75 87 91 22 57 66 37 0
10 84 1 42 59 39 10 50 55 19 28 78 67 21 86 3 9 26 32 87 90 3 15 29 15 30 39 51 9 93 11 13 70 93 24 69 79 35 13 60 5 20 79 71 99 18 50 45 91 99 91 99 58 63 77 62 58 44 32 50 99 65 24 25 51 58 85 46 14 96 8 29 2 28 21 80 3 59 65 89 18 52 26 98 26 6 29 41 86 77 35 14 11 29 53 78 6 8 42 79 100 15 67 49 45 16 45 63 81 29 19 98 15 91 95 35 81 56 33 98 53 21 71 76 69 9 63 67 20 21 25 70 52 49 43 22 95 32 89 49 89 52 45 90 27 1 80 2 3 35 60 21 62 7 5 22 56 81 44 45 56 84 72 56 73 36 66 84 1 65 18 82 11 5 39 2 27 25 92 6 75 2 22 54 18 97 89 84 12 71 80 60 85 44 23 31 25 83 54 55 97 27 70 63 95 8 75 28 5 31 7 30 20 91 80 88 98 23 78 79 100 60 8 7 28 79 49 36 92 30 56 76 47 68 56 92 82 30 1 34 25 23 62 49 83 23 4 12 17 44 30 56 54 18 17 73 53 47 1 7 93 60 86 34 78 72 42 86 49 90 79 53 49 17 90 52 10 78 97 19 73 43 88 94 56 40 17 56 64 9 48 48 65 58 47 51 31 26 68 51 27 15 40 1 85 14 98 49 43 16 14 35 9 13 84 22 0 49 84 26 18 32 84 53 14 47 24 58 90 28 57 3 15 73 80 65 66 2 91 100 50 85 62 23 36 2 32 15 91 97 85 78 95 32 59 91 76 19 83 10 7 0 88 74 4 60 37 55 5 46 76 19 29 74 52 93 8 28 88 75 76 49 64 100 68 64 27 98 25 45 63 34 89 37 46 57 64 68 28 64
100 73 68 49 92 66 54 0 89 36 79 2 13 79 33 87 69 67 71 85 25 53 98 34 11 26 42 18 2 37 27 99 10 10 39 86 57 52 12 2 53 58 13 41 75 67 50 75 100 61 32 45 67 11 33 3 29 40 33 87 36 50 43 11 54 48 36 28 46 76 44 10 60 6 77 57 16 49 79 68 59 81 22 88 87 95 7 91 77 14 9 65 42 91 77 61 9 53 51 82 38 19 18 58 42 51 70 34 61 60 87 4 52 71 89 91 7 57 22 52 78 40 66 31 91 0 50 56 24 26 92 60 36 20 82 60 35 80 29 46 74 51 72 90 58 79 93 70 31 54 70 90 73 75 51 91 0 80 1 54 3 15 25 61 70 23 42 4 47 50 0 62 69 2 87 13 27 11 75 65 42 5 90 56 12 44 28 40 39 9 44 88 3 77 54 74 34 86 46 28 21 34 56 57 30 57 35 0 62 3 75 31 62 39 36 59 14 18 35 40 16 62 4 67 78 91 16 99 81 90 3 45 3 1 42 25 86 51 68 0 23 34 72 83 100 58 27 48 93 67 51 67 87 55 73 0 23 42 4 15 60 63 59 1 35 20 100 86 94 21 72 95 70 10 26 31 93 3 15 92 56 36 91 1 83 46 78 10 48 64 98 8 46 22 4 14 63 53 94 41 19 69 86 35 21 29 62 54 20 43 85 94 9 45 14 62 70 60 9 79 27 95 58 56 20 45 64 77 14 30 81 23 50 19 4 85 80 41 20 67 43 31 91 88 14 8 74 33 84 24 15 86 91 43 14 23 77 61 66 38 63 60 72 50 39 54 45 78 47 96 9 81 14 73 44 91 29 61 28 80 9 94 83 52 71 25 88 0 81 40 99 87 22 85 69 16 98 55 77 1
14 51 53 10 14 8 52 4 29 99 41 2 13 66 97 90 29 69 48 37 43 98 27 39 78 5 32 0 76 66 53 30 60 72 57 18 39 46 23 79 38 0 82 10 94 80 38 7 25 51 99 58 64 30 67 83 95 70 83 11 71 12 99 25 43 94 88 42 60 73 60 15 55 12 21 52 22 85 5 37 14 88 4 21 37 100 87 37 76 78 9 50 55 54 70 90 37 40 52 70 9 86 64 37 86 51 91 96 50 86 99 90 78 98 77 37 61 18 96 37 34 11 95 39 87 1 46 58 17 75 64 18 31 49 13 74 96 25 67 21 51 46 97 26 67 49 42 39 3 77 28 87 38 24 47 79 71 49 41 21 54 73 97 16 97 75 63 3 0 42 97 32 15 77 61 10 59 13 78 44 1 72 88 36 94 93 72 47 48 93 70 31 46 82 22 5 14 60 15 0 42 95 96 33 58 76 58 93 61 86 33 87 36 96 96 41 93 51 43 65 93 25 14 41 79 76 10 11 65 74 12 0 21 95 9 87 43 2 74 67 62 10 1 38 85 13 64 48 8 26 27 1 31 34 82 54 44 95 95 10 34 97 9 41 47 89 37 73 13 12 38 59 39 17 51 31 4 83 2 89 36 82 87 34 30 41 22 28 13 31 23 16 3 20 58 84 71 75 45 8 83 4 73 52 82 58 90 99 21 44 0 1 57 67 67 34 58 100 11 43 46 9 94 89 93 4 96 33 39 41 89 80 79 83 48 2 92 81 66 48 65 5 68 5 22 67 51 23 11 82 70 46 59 37 88 86 69 92 79 73 12 70 29 58 42 28 36 66 25 0 39 46 19 52 97 40 47 25 87 12 34 59 29 48 18 73 80 58 30 13 52 84 48 91 22 24 11 53 33 66
43 34 56 45 22 57 69 73 46 6 82 87 10 18 81 67 26 52 53 28 60 97 37 9 59 83 16 27 0 9 22 95 68 37 56 48 78 71 14 49 75 83 59 12 77 90 36 52 47 95 26 62 74 3 56 98 66 59 68 85 72 56 94 95 0 2 60 21 15 52 19 81 43 14 26 82 29 46 19 96 13 21 43 6 67 68 88 73 35 12 100 40 47 81 77 81 97 57 56 19 2 79 7 20 79 91 54 12 70 75 64 37 49 73 38 67 29 48 36 70 31 59 68 17 56 0 69 13 59 25 32 1 89 33 50 94 87 100 86 54 19 55 24 86 60 59 35 33 63 98 10 11 1 17 87 73 97 43 77 38 25 74 31 36 96 53 70 76 16 51 67 65 12 51 38 83 43 12 92 10 98 66 65 87 82 80 3 55 24 41 67 55 5 87 95 9 51 17 84 12 92 89 20 97 74 56 9 92 21 100 14 66 17 70 41 21 71 4 88 45 70 57 82 57 86 10 55 70 96 24 93 26 96 46 17 87 13 25 59 25 38 25 34 34 42 52 85 82 11 68 79 2 4 39 88 73 33 87 53 52 34 99 23 26 18 55 47 26 93 76 30 77 34 67 4 94 85 21 91 74 52 23 45 35 13 15 10 56 2 18 52 31 50 66 91 42 14 97 100 40 61 19 28 20 0 32 19 57 47 52 7 1 91 31 99 23 8 32 73 65 6 70 54 28 88 61 92 58 83 2 27 21 17 41 66 82 7 8 64 40 83 18 22 12 43 43 19 96 97 83 3 72 57 3 66 46 41 89 65 70 17 2 52 41 20 35 40 94 46 49 14 59 83 67 63 67 39 59 11 78 42 54 48 83 96 88 6 85 29 96 70 49 27 29 43 0 76 95 45 73
67 88 0 52 70 78 17 21 65 93 0 90 37 63 35 15 52 76 87 88 59 38 48 11 67 79 58 26 35 43 23 27 65 17 4 58 69 69 91 2 26 38 54 26 100 36 34 24 96 1 9 76 13 12 36 37 51 39 74 46 56 21 22 79 46 31 1 86 21 63 89 75 8 62 52 74 30 30 38 38 2 78 26 9 100 91 75 88 40 1 11 66 63 92 78 94 41 50 55 80 93 68 70 64 40 52 36 86 87 27 54 6 17 19 15 35 72 43 51 50 71 15 50 53 75 61 83 41 70 54 29 47 87 58 79 26 14 36 2 78 93 35 50 46 18 91 12 70 27 34 71 29 17 96 95 39 45 59 35 41 98 46 40 48 79 92 55 82 10 48 79 72 21 99 2 36 98 1 54 47 72 14 47 38 90 73 50 61 24 71 7 13 3 42 77 11 56 64 0 34 85 93 25 97 41 40 25 81 90 2 53 55 20 31 80 85 83 13 3 83 47 32 10 59 38 95 27 25 26 53 31 97 81 43 74 22 29 59 76 79 2 58 37 62 93 11 81 28 40 23 60 2 84 31 53 87 66 25 29 97 96 7 14 99 64 87 54 22 18 79 41 64 93 94 56 43 54 45 86 27 14 44 17 18 92 36 37 86 10 38 32 68 2 55 82 42 77 26 18 72 64 85 71 88 41 94 43 27 40 86 70 92 9 9 89 16 29 66 93 50 45 100 32 74 65 28 32 0 1 85 86 60 76 16 24 15 30 90 5 52 17 34 25 69 75 72 64 82 10 31 80 74 10 84 68 3 68 41 31 54 1 78 10 47 61 7 92 32 83 25 88 23 12 96 40 14 93 97 80 6 34 66 85 64 98 87 100 39 9 87 6 69 79 80 89 27 1 55 20 95
24 11 84 27 12 44 40 19 61 94 76 90 69 76 53 77 27 78 99 73 45 50 22 5 36 79 92 63 9 4 76 5 26 17 34 33 77 45 99 21 70 77 23 50 8 10 26 69 29 53 44 60 97 18 6 62 60 15 16 14 35 42 71 53 2 85 61 10 27 32 20 100 79 42 98 14 39 31 20 17 18 80 14 44 31 37 63 91 84 22 32 34 97 92 89 86 99 8 74 30 11 11 52 81 20 50 24 78 50 74 20 71 84 4 96 94 37 16 77 59 38 79 41 55 56 44 34 20 86 67 8 69 43 19 10 85 87 3 14 27 73 6 59 48 67 26 33 72 60 70 70 62 91 29 9 8 10 30 39 31 4 74 63 39 55 43 15 47 46 96 29 97 57 65 50 99 76 51 22 30 64 87 4 36 72 14 19 59 2 79 92 83 31 48 70 18 25 71 57 88 0 7 99 94 62 4 21 95 41 96 47 73 99 77 4 7 96 42 5 90 49 72 80 56 98 71 3 5 30 43 77 33 40 7 98 2 53 88 74 92 19 5 51 31 98 27 95 5 45 22 92 80 27 44 72 34 49 30 32 48 7 78 50 31 24 93 7 93 73 58 65 89 76 1 8 50 25 65 83 81 25 2 21 72 13 10 14 99 86 93 92 90 56 78 89 64 79 16 22 75 73 10 17 55 78 37 32 58 82 93 41 80 52 60 71 7 14 35 32 46 63 95 75 94 70 65 27 46 23 3 76 43 14 82 31 71 80 13 46 98 62 20 50 90 21 65 81 34 40 1 28 1 13 55 16 18 41 48 76 13 30 17 4 23 84 2 14 29 53 78 63 17 53 52 71 71 50 32 4 94 17 61 58 46 19 16 33 82 22 58 24 16 79 28 54 76 85 98 64 80
65 11 80 13 72 39 49 32 60 87 47 89 41 93 73 56 20 39 94 94 8 39 54 63 83 81 78 52 22 99 41 34 32 97 11 6 76 85 58 82 10 22 37 30 95 87 37 47 18 32 26 24 18 33 57 86 92 5 90 7 12 73 10 53 86 4 11 6 13 65 78 80 58 13 73 7 12 30 73 83 85 54 27 47 43 22 68 94 64 31 45 20 2 87 54 57 69 36 81 44 5 4 96 91 39 88 43 77 44 23 24 99 19 45 82 53 32 31 45 57 72 83 97 89 54 25 33 40 14 43 66 12 99 92 86 75 91 21 22 56 51 57 39 91 77 67 70 38 63 59 94 28 61 63 97 40 84 90 19 19 34 7 80 29 85 38 35 23 90 51 67 64 44 34 84 66 25 9 36 80 14 23 19 15 33 90 53 49 27 49 94 51 25 75 96 28 16 62 1 78 28 33 57 50 2 70 50 10 7 100 58 44 3 15 64 19 65 70 67 75 58 59 83 83 21 28 40 66 89 24 60 73 87 62 28 94 1 29 7 97 67 81 81 14 86 32 41 29 72 58 100 36 29 27 29 70 56 40 64 20 58 95 80 23 25 31 61 90 97 44 43 47 51 99 66 88 13 20 14 39 40 17 9 5 82 17 13 12 64 75 35 32 66 90 27 63 37 58 16 21 100 16 89 73 43 37 92 73 88 20 51 83 25 61 51 8 25 75 57 62 92 79 73 34 4 57 6 12 10 24 16 24 69 76 15 68 87 33 91 0 58 78 86 52 88 31 54 10 81 27 81 78 40 15 54 13 5 35 98 100 48 5 61 74 71 95 8 80 96 38 6 95 73 34 93 63 98 75 46 98 81 14 72 56 2 81 30 34 98 56 66 44 45 40 3 83 92 92 69 86
21 73 77 19 18 12 77 81 86 12 76 3 35 46 2 36 19 23 23 48 50 26 45 1 9 95 0 38 48 80 12 18 23 73 16 67 35 20 90 76 24 60 51 72 9 54 79 93 79 11 20 41 49 59 25 56 94 20 88 36 8 79 86 73 51 71 66 98 7 26 23 16 62 16 56 32 54 68 66 93 88 8 48 39 98 73 29 52 83 63 88 14 70 69 62 79 96 37 66 64 65 22 89 76 13 47 1 97 65 0 20 41 30 74 92 31 64 33 98 47 85 35 84 30 64 100 20 52 83 10 43 29 12 29 57 8 53 35 25 42 2 4 42 75 67 55 54 43 70 67 47 55 78 3 27 10 17 74 65 42 95 85 48 73 80 65 56 51 95 57 42 72 29 76 37 94 84 47 66 77 77 47 23 72 44 17 96 100 44 91 0 42 43 59 57 82 91 99 38 34 78 9 0 1 94 51 56 95 19 16 73 85 66 21 23 32 97 49 55 83 56 85 25 25 68 36 39 30 31 61 89 78 5 9 90 34 48 66 91 58 53 69 64 25 53 83 71 97 44 27 58 76 62 70 74 0 92 24 58 82 27 22 71 55 50 17 92 79 13 59 17 24 50 53 58 76 61 57 61 77 42 10 86 48 16 62 88 13 56 74 82 38 54 71 23 76 30 8 25 84 81 91 79 48 25 0 30 17 28 13 2 54 31 59 29 97 8 41 87 54 78 34 16 91 86 4 64 43 76 50 85 92 72 35 27 58 94 94 5 58 22 43 80 42 38 17 54 36 5 90 84 26 2 47 34 34 11 21 64 34 98 61 55 46 85 39 16 67 92 31 14 100 64 96 50 83 6 69 68 12 98 86 14 85 97 25 60 68 45 47 17 55 55 45 62 81 58 14 45 17
17 71 95 74 8 21 7 25 3 97 98 5 48 29 7 79 92 31 97 0 18 56 57 67 63 19 70 17 37 14 67 60 96 63 0 77 26 42 64 36 84 3 73 56 31 52 1 79 32 58 94 65 82 79 8 7 28 13 50 85 53 97 56 32 4 43 84 10 36 30 11 94 2 39 39 59 98 6 24 10 25 37 13 41 37 78 14 52 25 68 28 35 35 99 16 61 60 13 87 6 33 25 87 42 67 6 13 42 37 72 22 45 21 1 99 36 9 79 98 97 96 12 83 70 89 42 37 2 72 8 37 88 1 53 73 44 75 31 37 28 99 17 87 31 49 43 16 35 79 59 4 98 28 29 14 58 48 23 74 78 78 38 81 52 62 25 99 58 62 3 17 85 87 86 3 16 84 17 91 84 54 77 16 70 65 43 19 85 40 2 35 13 66 50 78 10 84 6 31 72 43 32 18 9 28 20 12 36 8 11 94 98 72 81 32 78 28 50 13 77 73 4 56 53 53 73 87 56 66 96 78 28 62 55 22 93 76 98 69 43 87 64 47 89 37 10 89 58 87 63 54 33 20 4 4 47 82 46 60 26 30 42 36 91 85 100 78 37 57 50 2 71 89 41 78 25 30 53 25 29 6 78 73 45 44 61 13 0 43 58 37 50 57 41 42 40 28 51 28 67 49 74 51 23 80 50 20 48 18 86 49 92 33 90 5 33 80 37 48 69 6 6 45 3 78 72 81 19 10 33 66 50 11 72 21 71 61 80 63 53 18 80 9 60 51 43 90 24 100 26 37 47 15 36 59 19 23 9 39 91 27 90 94 9 59 3 52 89 32 82 14 56 2 92 79 88 60 15 20 75 51 86 30 7 94 5 32 45 22 1 17 4 36 78 39 96 64 73 50 12
51 5 31 27 2 86 29 98 35 67 75 59 88 84 43 94 25 75 75 75 36 14 78 92 68 47 0 15 64 27 70 35 36 94 17 76 10 6 28 11 63 4 91 35 50 8 75 74 25 64 28 93 7 59 15 57 89 77 40 1 25 9 63 66 75 6 41 29 4 75 2 87 98 94 12 61 62 92 91 94 56 54 25 46 87 81 57 43 3 91 82 41 73 57 28 20 98 67 33 31 67 72 41 10 95 6 70 74 58 34 73 4 51 56 97 70 52 65 65 20 41 93 71 7 82 28 87 10 64 68 61 31 88 19 5 4 12 44 21 5 87 94 74 10 86 93 50 49 57 91 68 11 98 33 52 9 54 31 57 71 42 27 30 13 58 49 85 83 12 43 70 84 20 7 74 29 82 25 96 80 93 59 55 77 18 51 32 85 76 42 42 76 74 34 49 100 68 32 45 55 31 29 57 81 31 63 1 84 8 5 54 98 39 70 52 6 27 75 42 13 53 97 100 41 81 66 10 53 7 91 78 98 47 62 88 62 78 51 90 78 75 81 51 88 66 23 17 81 10 33 68 2 95 37 52 15 89 70 34 48 29 14 19 70 26 36 74 40 7 53 73 51 31 100 61 74 79 59 65 59 12 97 50 53 34 10 97 24 60 12 10 99 25 43 27 91 2 78 36 91 41 2 67 9 44 60 60 66 32 56 20 38 84 72 63 2 64 30 10 3 5 7 55 25 37 28 89 54 34 85 75 72 89 55 20 3 48 33 68 1 20 16 58 82 73 94 91 59 68 20 80 14 93 54 88 58 82 36 100 38 38 75 51 94 80 67 36 94 66 57 38 32 19 40 83 26 82 96 57 73 75 56 56 49 65 51 40 27 64 42 92 40 9 89 63 52 28 100 92 78
44 72 73 4 42 3 98 21 46 46 16 12 99 19 30 10 39 51 70 2 15 77 51 67 61 88 47 20 0 43 59 17 7 35 7 98 1 23 24 15 72 91 23 85 1 12 8 31 50 70 6 77 66 51 32 88 7 4 74 59 62 23 53 70 99 45 72 54 28 66 67 67 25 71 88 94 47 70 72 19 79 86 89 77 34 90 55 38 94 11 50 10 91 33 72 85 40 6 74 3 94 98 59 0 19 68 45 31 29 27 78 94 81 62 21 61 18 10 71 23 1 7 43 82 81 46 89 75 80 27 71 83 94 23 37 33 18 36 45 14 57 88 54 1 60 51 27 72 49 85 54 95 81 13 17 14 74 72 96 34 64 19 90 21 21 71 93 26 21 67 52 47 90 10 49 71 38 10 23 96 33 82 61 71 59 13 22 4 10 59 82 23 19 78 46 72 46 80 0 74 16 41 3 95 49 49 17 16 44 69 87 89 17 85 83 79 57 9 43 19 97 62 67 62 50 88 58 70 99 27 26 51 88 79 82 23 30 20 72 43 60 77 44 72 5 59 3 84 5 55 77 25 85 45 94 68 50 25 11 40 1 62 86 84 29 55 7 68 89 66 96 80 62 53 29 81 0 73 37 91 67 48 76 66 59 61 40 99 75 89 0 0 70 2 55 11 72 80 24 11 44 57 89 54 81 15 1 39 12 18 41 22 88 75 98 17 34 22 17 25 21 19 1 39 74 28 68 65 96 36 16 84 84 25 56 41 34 13 1 38 48 11 36 52 98 95 92 99 46 63 90 99 37 28 98 29 88 9 15 46 74 25 61 32 20 40 9 78 48 58 85 87 30 12 9 32 7 34 61 35 45 12 81 44 25 25 24 50 27 47 83 27 49 32 80 59 20 8 45 69
57 67 45 53 73 34 33 93 31 27 11 71 17 65 48 39 20 46 34 76 17 59 47 71 62 31 69 1 16 79 94 43 95 4 32 53 2 77 100 96 11 78 4 84 36 67 28 56 41 66 87 19 2 22 29 47 73 75 9 67 6 67 82 84 9 90 7 67 83 2 36 66 96 58 42 61 7 12 6 1 60 8 52 68 34 27 99 38 46 79 12 61 14 86 82 1 2 18 27 34 64 14 77 100 95 45 4 15 24 32 88 79 57 37 37 59 59 2 75 65 25 1 79 5 31 4 2 95 13 58 6 94 98 14 35 82 93 59 3 70 45 91 97 28 52 28 47 92 3 24 36 83 95 4 93 75 78 36 44 70 26 14 7 59 88 24 83 74 100 90 19 28 48 11 27 33 90 9 41 16 12 71 28 53 93 93 83 8 68 85 30 39 88 41 46 73 94 27 74 13 59 21 14 44 78 50 38 61 74 90 76 90 46 84 99 67 61 18 16 22 56 2 45 58 80 30 31 62 4 86 28 28 36 16 51 40 66 97 52 66 37 82 94 81 4 74 92 62 42 32 59 76 51 76 4 40 12 26 11 47 44 28 35 72 23 2 34 61 81 92 16 65 66 20 98 72 25 6 81 18 61 35 13 75 26 70 48 21 2 8 82 86 5 64 58 47 58 66 51 86 85 36 87 80 49 96 2 39 93 73 47 4 39 75 35 61 40 57 84 74 14 2 54 67 52 45 9 7 63 9 29 75 37 0 29 18 28 53 50 63 99 87 82 65 1 88 29 24 53 77 69 22 0 20 46 97 28 36 54 11 92 7 16 89 99 85 45 52 69 21 11 88 86 96 100 51 91 52 17 6 89 8 5 63 12 56 15 54 38 70 100 52 31 1 23 54 7 29 78 33
64 90 72 33 64 78 23 99 43 20 52 72 75 80 37 31 19 52 59 5 26 9 9 61 38 29 56 46 88 48 0 79 43 17 75 17 54 20 64 46 49 48 25 3 82 75 72 22 16 64 68 87 81 3 85 50 74 51 56 12 74 3 91 14 23 77 31 72 45 62 99 44 26 43 24 97 93 13 99 52 85 87 40 69 85 75 80 79 71 27 0 65 43 54 91 44 97 27 85 42 92 47 73 74 35 55 89 36 29 7 48 31 0 10 39 76 12 99 38 58 28 33 20 97 5 16 80 59 18 96 63 43 34 0 89 17 93 67 91 36 34 59 9 19 55 75 6 85 25 65 31 0 87 48 43 67 70 9 16 27 17 71 97 91 71 95 92 74 20 75 20 81 44 13 69 12 99 32 58 12 92 37 72 95 81 71 71 40 33 61 24 85 67 1 73 28 0 83 39 39 51 3 59 47 56 14 100 9 85 96 4 64 95 46 56 21 76 9 58 27 42 77 82 87 65 41 90 93 16 99 87 90 12 37 85 40 100 3 88 96 57 69 73 71 51 87 62 43 86 64 81 32 99 10 56 97 73 88 17 22 4 44 34 7 91 78 43 23 44 52 88 42 95 46 93 50 41 49 66 11 65 9 15 81 11 89 55 84 25 6 44 76 43 97 52 39 71 4 78 76 57 72 72 91 25 92 15 25 93 45 59 29 29 99 5 11 90 41 33 91 50 52 69 87 13 10 11 11 69 78 84 99 22 6 11 32 28 86 32 24 88 74 53 75 14 18 63 22 30 67 28 11 73 83 13 2 63 74 60 34 17 84 86 15 89 76 90 74 11 72 43 76 90 9 65 24 51 59 76 44 33 32 72 43 11 29 53 39 47 80 57 12 56 91 33 54 66 31 22 49
98 71 46 46 55 100 27 3 0 46 49 40 53 7 97 30 17 88 31 24 68 64 89 68 95 36 67 44 14 43 63 35 66 40 14 12 1 57 12 7 96 7 52 71 9 88 19 1 50 33 12 19 75 0 7 69 12 9 70 45 39 24 67 75 94 42 57 86 59 23 88 89 58 38 45 41 97 37 91 9 11 63 44 9 31 16 25 55 57 44 22 71 94 59 99 99 91 47 87 81 76 60 86 7 61 43 47 1 11 83 45 46 26 34 66 95 60 70 52 88 26 66 12 37 36 41 48 54 72 39 72 88 54 14 0 58 46 97 28 68 61 82 45 12 36 29 29 81 16 34 37 83 81 60 36 29 54 98 88 11 83 78 78 6 20 26 11 67 5 78 90 4 47 55 1 58 91 21 68 39 63 64 6 94 13 28 10 52 0 28 46 25 88 18 27 95 34 32 58 11 48 60 65 46 43 12 55 78 16 31 57 71 82 36 1 61 10 60 11 83 29 94 45 92 54 31 50 72 80 13 48 10 58 50 64 74 99 78 96 42 73 21 99 24 0 34 97 40 41 4 13 73 54 51 84 93 33 92 90 91 52 7 67 26 39 16 59 63 42 83 18 61 52 56 62 94 11 5 99 86 87 34 58 52 7 71 5 88 62 94 13 62 78 43 16 8 9 6 25 76 19 23 83 80 43 97 59 87 42 71 63 48 79 44 83 40 5 87 22 14 80 30 19 98 97 98 31 22 91 51 62 81 31 13 65 12 2 99 28 32 43 58 2 93 7 70 20 90 97 49 89 98 7 97 20 54 81 95 44 93 54 55 13 41 50 75 27 89 4 6 6 54 4 97 39 83 40 72 73 64 38 64 35 7 61 72 57 32 2 31 52 81 98 84 17 66 22 32 24 71
20 1 32 16 95 12 25 82 5 21 3 19 41 58 91 68 51 67 40 32 86 97 39 53 66 55 70 86 14 35 86 57 70 80 44 1 24 8 62 55 17 18 89 50 95 50 50 32 43 21 6 28 11 66 5 6 22 43 52 14 95 24 96 65 91 25 20 1 59 2 59 12 56 16 66 6 47 58 72 71 97 25 16 26 26 9 3 58 19 23 93 83 43 5 48 12 28 40 6 18 93 93 46 81 86 21 64 37 3 54 57 37 73 2 82 54 81 81 69 97 78 77 0 77 76 55 38 77 20 58 45 100 58 78 18 80 15 92 0 92 8 38 49 95 56 60 69 31 95 21 95 8 85 33 39 35 63 24 57 39 4 52 6 58 41 36 11 33 16 81 87 56 97 62 41 69 52 8 91 20 84 79 20 22 17 24 66 65 80 1 98 18 97 92 3 97 77 42 52 44 63 99 6 86 15 44 9 42 25 39 76 42 92 90 82 29 15 83 33 87 78 27 48 23 70 68 47 83 0 51 69 31 70 70 25 42 6 91 69 5 3 43 93 16 7 90 38 47 11 79 80 30 16 60 88 6 8 24 6 61 29 37 33 14 77 72 13 70 92 40 6 77 57 86 62 32 72 47 8 17 65 84 17 100 45 35 6 94 14 77 39 62 55 93 48 3 12 41 69 48 48 15 32 22 100 62 53 76 64 33 36 93 44 6 52 24 59 54 30 82 14 23 79 72 50 95 98 67 89 96 24 69 60 99 85 35 76 68 22 76 0 27 70 1 78 27 100 96 18 57 58 39 34 25 38 94 79 68 17 14 82 21 3 19 99 8 88 95 9 86 45 38 0 60 71 53 7 19 55 98 88 37 6 91 29 41 43 66 36 21 7 58 81 84 66 12 56 55 20 73
69 89 40 70 75 17 11 95 83 75 8 11 44 2 81 95 80 100 8 55 61 23 20 42 6 38 92 19 75 30 36 36 74 69 85 68 33 79 84 61 85 9 67 41 60 87 30 16 27 95 38 91 97 99 48 50 100 14 47 21 28 56 77 83 64 100 49 91 88 60 68 99 14 53 55 38 6 51 78 86 63 78 88 32 78 27 58 28 27 95 75 33 24 26 72 87 36 67 25 86 60 66 2 50 36 46 80 36 22 40 1 33 94 19 100 34 48 98 87 59 41 67 80 6 0 95 7 84 63 61 53 85 72 92 11 47 38 52 83 48 60 27 29 73 56 55 8 20 26 29 83 15 56 72 15 60 25 53 54 13 65 51 90 68 51 16 60 1 83 21 30 44 4 27 79 10 36 15 87 43 32 67 11 9 13 57 56 56 66 94 63 25 64 74 94 80 71 85 60 32 90 63 91 85 30 86 55 27 86 50 59 12 78 58 78 9 0 70 0 6 74 53 65 1 28 94 71 86 94 94 30 12 90 72 47 47 17 57 14 49 99 32 63 64 63 7 31 45 17 79 0 20 80 94 89 94 14 22 25 18 68 34 55 73 9 34 88 82 45 62 49 20 86 9 71 87 69 6 87 6 28 71 17 85 38 72 42 76 41 92 72 18 29 82 65 89 94 15 83 79 99 43 11 69 25 48 1 100 70 53 78 66 93 62 23 1 91 94 57 85 33 84 16 31 34 2 99 94 74 40 40 11 99 95 0 10 34 18 27 50 71 69 58 36 12 72 56 55 10 100 64 17 95 24 82 3 30 64 29 52 50 98 16 3 94 31 4 36 90 75 54 83 97 65 4 61 50 8 67 64 7 4 69 61 65 48 92 48 56 7 80 32 60 1 95 70 78 85 12 86
96 36 1 88 3 89 70 60 100 9 55 64 88 91 17 4 41 99 60 55 66 9 66 48 20 5 62 5 23 69 28 21 14 27 7 59 9 6 75 32 52 76 74 50 9 5 7 60 90 57 86 86 44 4 11 85 81 42 89 78 79 96 60 36 72 80 79 13 59 54 95 92 8 98 17 96 63 77 88 59 52 40 82 59 80 50 34 3 93 80 80 8 70 12 97 72 70 33 17 77 6 24 24 82 60 86 76 68 99 40 16 88 41 58 91 70 50 72 94 23 77 31 25 85 3 97 69 74 17 7 11 62 46 80 25 36 29 22 95 90 95 34 68 40 2 37 8 6 47 50 20 77 16 98 85 52 12 38 55 60 81 65 86 5 92 27 79 54 82 40 31 15 4 3 11 41 38 99 26 11 96 82 80 32 4 61 99 89 17 95 63 37 54 57 64 3 52 22 0 13 14 19 100 24 60 72 54 74 64 44 82 11 19 59 11 84 77 36 67 97 69 47 91 27 80 93 21 95 9 64 98 52 56 58 0 52 81 13 18 76 56 49 21 7 12 57 80 1 9 51 16 53 96 68 80 34 30 91 53 6 52 1 32 25 81 72 19 92 13 60 49 51 28 97 86 24 91 78 53 32 39 57 30 53 79 35 17 87 47 25 36 8 84 4 28 60 32 41 49 7 74 86 100 31 36 79 39 26 57 86 79 38 83 92 86 88 79 72 96 11 56 81 51 29 58 91 69 37 45 27 34 50 71 13 95 74 37 78 0 78 48 68 44 98 45 91 90 84 79 5 46 77 73 60 46 83 29 8 98 51 88 94 93 30 2 68 3 12 94 14 33 34 47 39 21 5 100 87 35 53 74 22 96 19 90 25 50 51 42 73 41 5 42 30 4 21 43 42 14 65
56 61 68 89 58 88 61 65 24 8 49 83 13 13 27 99 30 80 6 24 4 70 60 33 89 2 19 96 47 13 40 71 35 12 44 83 9 37 15 68 99 11 3 34 85 41 3 23 60 70 57 59 84 94 42 4 61 12 52 4 37 32 4 29 93 19 56 70 81 82 39 94 55 49 84 79 96 89 37 42 74 36 9 35 12 3 35 7 40 54 29 75 26 93 42 2 96 72 7 73 21 39 99 41 42 17 47 31 77 89 70 23 11 49 67 4 29 90 78 82 88 83 10 93 24 55 1 90 56 67 98 75 11 5 73 89 38 71 55 60 96 72 30 40 16 5 61 82 18 54 79 44 82 50 83 19 12 39 10 97 83 86 14 53 66 37 4 73 5 76 88 29 75 77 63 57 27 17 80 14 72 43 95 88 86 58 77 94 74 54 74 77 2 25 97 10 66 94 29 84 29 45 54 25 23 37 3 26 85 36 5 44 89 9 89 79 63 74 60 63 97 6 73 16 30 47 9 48 58 23 59 85 98 61 97 100 1 92 60 86 94 33 2 75 8 87 47 13 30 37 10 90 28 35 46 89 94 79 82 2 80 50 35 25 24 39 89 68 47 3 8 42 74 90 61 4 21 59 74 33 43 9 8 55 99 16 50 71 63 66 69 2 34 76 79 76 15 83 92 60 68 77 55 76 17 95 24 34 1 51 86 48 93 56 67 5 32 24 78 73 48 57 42 0 22 69 82 42 18 27 28 17 17 40 29 86 2 96 33 35 83 20 66 69 27 60 70 24 93 13 10 64 54 51 66 97 77 21 32 84 37 94 42 48 55 4 98 32 21 3 0 52 28 63 45 49 13 30 30 4 66 58 98 66 4 97 17 65 72 52 77 92 81 11 3 89 26 8 8 58
72 19 92 88 56 42 69 57 100 85 53 9 16 53 65 98 81 81 37 0 25 65 97 46 48 38 2 74 28 86 0 52 82 65 61 80 35 66 60 54 78 17 88 26 31 25 56 91 32 15 40 27 82 82 91 81 5 97 82 93 26 72 22 8 28 61 84 35 39 34 61 52 83 42 62 95 4 54 63 5 30 21 66 62 4 81 70 69 47 85 40 32 40 39 73 34 40 26 70 97 73 24 8 84 53 60 100 0 65 18 44 80 10 30 77 8 56 22 56 15 73 56 76 48 33 50 5 61 29 11 30 27 78 73 41 18 48 1 12 4 61 4 38 22 61 62 26 95 61 36 73 1 88 66 26 46 72 3 33 37 67 14 0 100 7 66 60 8 18 24 58 60 48 47 80 57 54 15 60 85 24 39 47 83 76 18 40 53 2 40 46 44 2 42 22 17 23 20 43 21 26 41 45 42 79 46 99 80 18 24 32 87 79 69 26 65 23 5 95 1 52 27 79 10 8 99 7 91 33 29 34 8 17 4 65 39 37 55 81 36 16 96 7 48 4 86 60 66 17 51 36 10 66 9 41 31 100 77 45 39 59 29 55 6 12 21 61 19 38 17 93 65 68 37 80 51 37 85 73 0 22 36 95 28 92 46 43 84 71 87 32 14 72 75 58 20 30 57 33 68 9 39 76 29 98 44 46 73 51 80 53 15 58 31 16 91 2 5 85 56 17 10 89 4 43 89 92 61 13 28 20 24 51 91 26 75 62 37 48 65 72 73 39 80 79 73 92 52 5 51 34 33 9 70 73 16 5 82 66 90 46 94 12 18 1 43 32 0 36 0 85 10 11 71 81 66 60 50 43 14 20 20 23 57 53 67 87 55 59 37 5 5 57 22 74 82 30 83 100 34
88 82 23 13 24 92 67 8 18 35 76 87 8 78 83 31 52 100 96 54 14 95 36 7 96 33 22 70 87 79 3 73 64 77 65 39 89 1 46 81 95 68 89 46 81 81 64 72 46 11 59 93 37 63 13 73 28 73 41 33 7 92 17 41 56 84 3 75 78 33 8 87 87 21 29 78 47 39 69 70 60 85 44 5 42 87 72 47 86 86 34 92 81 81 25 11 48 35 46 48 61 19 35 20 60 36 89 6 68 36 29 19 49 92 100 8 45 18 51 24 26 72 49 61 31 26 89 82 15 14 2 100 75 96 52 29 87 21 39 67 69 2 12 39 10 81 30 50 98 83 22 58 54 52 35 14 84 20 89 27 90 16 25 81 64 95 92 90 90 43 36 25 18 69 12 35 7 100 84 59 78 87 80 88 96 24 61 89 69 95 67 90 39 87 82 66 51 38 57 87 94 70 23 57 36 31 74 75 78 43 41 77 45 77 47 13 4 85 84 40 29 48 17 50 18 19 79 11 83 11 88 16 97 11 0 12 20 5 18 30 55 51 27 55 56 17 51 36 45 2 15 5 84 72 62 38 88 26 12 86 52 81 64 83 85 48 80 8 74 22 9 8 98 79 80 16 19 76 86 14 99 53 85 31 74 80 57 59 98 8 1 2 77 76 90 92 48 66 66 84 16 9 87 56 0 70 74 30 40 47 16 66 32 21 50 80 4 92 99 75 7 53 95 23 36 4 16 66 14 98 22 4 34 38 58 43 81 91 19 7 0 30 53 5 54 13 50 35 92 8 52 6 25 12 19 61 71 69 17 29 6 87 75 74 89 97 89 72 98 46 87 39 29 56 75 65 87 79 74 65 55 86 47 99 57 53 25 60 83 62 7 58 57 79 77 64 46 69 58 87
90 68 72 59 61 14 95 68 43 62 64 0 11 29 0 81 63 1 69 10 58 42 98 42 5 2 91 19 54 65 51 17 52 40 72 93 89 46 94 47 69 25 81 32 40 79 37 8 37 12 43 66 52 79 19 82 10 12 22 40 78 12 97 57 85 96 12 18 75 81 18 60 37 38 28 53 0 58 86 83 84 15 15 9 51 27 21 29 30 17 1 93 21 63 75 11 0 18 30 27 31 29 11 22 13 75 37 89 67 35 61 29 41 98 17 50 23 9 41 49 91 81 64 32 90 34 35 79 85 4 76 95 3 85 58 74 98 56 57 75 21 65 73 77 57 56 2 63 21 18 38 52 19 73 1 90 1 7 97 79 3 67 97 8 40 17 61 59 14 59 39 43 78 74 63 73 92 21 62 12 84 39 100 83 60 18 13 33 87 79 70 4 18 97 56 79 73 35 28 11 43 76 83 80 85 11 90 66 28 96 82 57 98 94 27 58 57 12 20 22 14 34 88 12 83 79 97 13 41 99 48 79 37 60 74 63 50 31 19 44 92 28 100 82 52 33 90 3 62 92 9 17 26 58 96 81 24 93 95 82 92 43 72 95 0 22 56 86 69 99 68 6 97 18 50 44 89 20 70 79 88 50 2 16 83 9 5 73 21 59 1 7 99 11 37 47 34 64 91 5 22 18 19 5 100 47 57 28 76 67 27 52 23 90 0 65 62 43 99 59 93 9 30 89 83 15 72 95 90 77 53 11 34 43 82 47 64 48 70 100 96 13 75 78 9 54 53 65 75 87 70 54 83 86 48 7 10 89 36 19 96 21 28 92 82 6 40 56 27 54 75 99 32 1 54 45 16 9 84 72 62 76 60 81 95 15 70 17 12 77 74 3 79 83 51 22 56 32 19 61
47 59 33 69 39 33 7 77 83 19 32 32 65 90 21 22 96 37 5 36 90 82 0 31 12 27 32 92 53 99 79 66 87 65 9 96 18 39 68 66 25 59 27 44 89 56 30 100 24 38 0 14 38 50 41 66 89 21 65 73 70 56 5 27 63 93 29 32 67 33 28 46 91 40 83 19 92 70 30 40 10 49 1 38 14 19 7 81 11 2 84 10 41 10 0 42 19 62 93 52 48 52 66 29 86 89 24 86 18 83 76 76 61 28 58 23 43 48 84 64 39 66 43 41 23 58 64 5 22 27 97 70 13 92 63 85 67 4 69 29 54 57 81 55 27 41 49 33 31 62 19 76 85 4 46 7 43 89 70 1 12 71 4 28 60 19 79 38 99 100 87 78 73 2 20 36 48 87 6 91 49 51 4 21 67 33 71 74 68 3 83 88 5 55 75 83 62 63 26 63 84 2 19 40 69 57 94 57 28 54 38 66 23 32 58 38 58 78 32 13 31 60 7 82 62 71 17 35 15 87 24 2 70 5 62 40 55 57 81 29 78 80 98 86 12 78 87 65 61 30 66 78 31 43 66 16 96 44 47 38 64 91 55 39 64 93 39 73 0 96 59 37 15 15 66 89 43 53 66 21 85 15 69 10 83 79 54 34 5 17 26 53 50 32 72 60 45 11 72 14 26 69 80 20 12 30 88 92 29 63 25 52 21 68 28 73 68 11 78 99 82 71 67 67 3 19 91 68 16 71 97 8 89 79 16 82 13 100 45 43 11 67 44 27 83 86 63 59 3 36 59 44 90 35 63 38 11 66 19 27 67 66 99 52 6 11 50 21 66 34 72 82 31 15 40 29 58 28 15 8 32 79 90 20 48 7 97 76 58 28 1 36 48 15 43 11 98 85 30 71
77 66 0 55 27 3 93 45 22 99 65 56 56 61 4 83 2 1 82 35 48 21 43 3 51 31 78 100 63 77 20 46 59 37 23 51 73 96 9 72 41 82 54 72 34 29 82 11 65 82 100 67 0 0 92 23 74 53 1 59 15 3 67 46 79 27 29 41 81 81 22 0 100 12 30 59 28 13 45 15 10 75 26 56 52 32 25 20 7 45 82 35 78 42 29 88 63 13 32 2 78 49 45 89 86 89 78 59 51 75 58 44 5 19 43 0 1 15 32 95 47 95 55 15 34 23 75 86 74 28 53 33 42 98 90 40 58 34 60 68 74 53 71 21 84 81 54 21 75 76 77 73 42 32 68 20 90 41 43 87 78 8 75 17 74 18 39 25 79 32 78 83 4 29 69 98 95 25 15 22 81 10 87 64 87 3 25 19 37 60 10 81 81 100 79 90 70 87 49 24 5 38 46 30 51 39 13 46 96 29 19 100 48 47 64 80 55 4 76 66 13 30 59 48 24 97 57 17 11 14 7 37 60 95 80 84 9 78 2 84 98 94 85 50 49 64 87 8 49 51 94 38 54 64 57 53 25 51 66 44 60 8 28 67 71 20 1 68 10 2 42 41 14 68 38 42 86 80 79 42 54 28 45 58 4 69 69 37 86 9 84 62 91 26 89 12 87 40 58 9 57 60 38 10 6 46 34 66 46 58 44 53 3 85 63 34 3 7 44 65 42 6 88 37 18 31 37 21 24 71 34 69 98 91 30 91 6 76 39 3 80 99 56 3 76 8 7 37 43 59 77 67 81 41 38 32 37 60 46 37 49 6 10 47 50 9 91 19 41 54 77 56 57 67 29 4 72 41 92 39 44 26 68 86 14 85 76 54 76 22 4 32 45 27 73 2 36 100 40 61
65 16 12 24 16 85 34 53 7 88 63 19 8 98 32 26 21 75 59 72 17 16 3 95 31 54 45 90 59 47 0 67 30 7 6 11 52 57 16 65 33 96 91 64 18 35 32 9 13 23 5 6 100 7 27 88 71 6 44 73 10 84 54 11 44 12 100 27 71 82 34 86 14 20 11 37 56 3 6 46 87 82 94 84 44 28 92 63 2 81 52 88 68 69 42 75 89 80 51 94 12 5 63 14 14 31 6 98 21 50 91 42 67 97 42 61 30 55 15 3 71 92 40 45 84 6 62 75 6 86 5 88 59 95 55 94 19 44 93 94 1 89 6 74 89 78 62 7 74 2 44 81 34 3 100 45 98 95 90 73 33 50 89 76 91 84 53 69 48 2 27 22 33 68 65 63 12 2 64 72 28 9 80 19 76 7 21 14 69 65 43 46 68 61 70 98 61 17 51 28 17 75 87 75 49 59 60 45 26 10 25 68 65 11 76 71 37 7 49 96 81 80 30 62 47 10 68 94 81 32 55 62 51 79 78 26 98 29 15 57 48 87 74 7 65 42 43 2 78 24 1 34 55 67 49 34 9 2 43 83 37 17 26 61 85 68 70 94 40 66 56 2 19 44 24 28 32 47 59 84 12 82 5 2 49 97 43 18 63 88 1 98 24 40 40 18 21 84 89 95 16 16 75 74 51 44 76 12 21 54 29 39 78 48 17 61 73 78 1 0 57 96 12 48 32 3 54 68 60 74 97 71 10 100 59 26 23 32 44 1 18 55 0 25 83 37 25 28 88 79 82 34 53 67 75 85 92 82 46 85 95 8 68 17 18 78 12 92 85 72 59 22 77 35 16 96 29 2 87 88 71 24 82 40 37 7 48 82 13 26 50 18 38 71 71 38 66 49 85 14
58 76 68 31 57 42 33 34 83 76 54 62 44 0 43 70 88 41 71 26 29 80 63 74 74 36 85 4 45 6 63 85 94 56 7 65 50 97 47 38 35 14 16 41 66 93 94 44 65 20 36 54 26 88 89 75 100 69 9 48 23 87 92 70 98 65 17 38 75 73 76 28 1 84 89 8 47 10 33 23 71 38 59 38 71 80 66 35 27 50 25 80 21 6 95 48 76 1 86 37 14 24 85 75 81 16 50 52 99 83 52 3 99 16 87 100 51 30 44 76 90 29 74 41 1 49 65 46 0 10 10 60 42 73 73 90 71 66 98 63 98 8 0 15 97 64 51 33 49 74 49 58 36 68 72 43 41 85 34 53 76 43 34 11 2 12 7 25 47 10 1 54 50 49 4 25 65 38 5 11 74 99 42 71 95 65 65 1 76 26 5 34 10 42 19 23 61 67 67 100 50 10 5 30 20 41 100 9 57 65 23 91 16 64 67 4 76 12 44 37 59 22 31 58 50 71 35 79 4 19 13 97 75 93 66 30 52 5 0 4 93 96 2 47 61 100 71 12 4 32 38 8 85 68 37 89 0 2 50 59 22 74 60 63 19 54 0 61 64 34 36 56 86 39 82 88 26 8 97 79 9 90 55 53 82 44 52 92 24 64 6 95 57 8 50 40 93 78 61 14 7 15 95 74 56 57 100 92 7 25 93 91 9 100 27 15 84 3 11 81 93 37 80 73 46 12 58 31 39 69 52 13 53 90 69 1 69 23 98 60 33 30 97 23 66 64 12 68 69 25 73 13 75 2 20 14 50 67 53 33 3 1 63 44 19 91 41 23 72 80 63 23 64 28 62 78 57 87 5 46 92 6 10 17 38 55 30 78 69 85 44 73 75 84 69 19 62 64 62 61
22 74 36 34 10 24 22 7 55 36 75 42 32 21 19 59 34 24 30 49 48 56 91 39 94 67 87 29 3 83 77 27 94 72 62 85 51 87 70 40 55 2 69 69 70 63 29 37 15 22 86 37 83 33 18 45 67 57 13 39 25 27 99 78 77 48 7 37 37 97 100 41 90 56 0 6 51 55 10 20 81 84 45 70 6 77 100 40 3 7 90 9 63 99 52 33 52 36 13 57 25 4 97 12 38 30 47 17 99 86 51 57 90 17 0 65 70 2 27 61 76 45 61 63 3 34 89 65 51 87 36 6 96 30 0 0 71 66 92 42 67 11 75 97 97 26 79 75 89 70 44 51 23 74 51 100 28 41 4 40 47 0 33 91 33 0 36 13 2 46 42 61 21 63 98 60 12 14 0 4 62 80 15 45 34 32 79 49 0 77 27 45 29 26 13 74 98 70 74 35 98 75 35 55 4 30 50 30 92 4 75 72 0 87 69 6 78 68 89 66 99 16 92 83 96 69 60 28 37 90 6 5 42 37 89 36 37 49 45 16 95 82 78 86 19 51 41 3 83 57 2 32 33 13 31 21 29 90 70 18 10 42 85 14 94 22 62 4 90 66 74 53 27 38 49 71 50 35 83 73 71 59 96 76 69 98 94 64 87 27 86 76 67 90 77 49 99 48 9 80 0 20 7 80 69 14 78 73 38 67 89 82 3 73 73 75 50 63 6 82 67 38 23 43 31 2 8 72 12 68 88 88 69 14 19 66 13 60 25 17 100 10 66 16 76 47 61 7 43 91 95 30 2 54 60 58 99 62 27 36 8 38 63 66 37 96 1 17 58 68 40 90 62 29 28 29 52 83 66 67 67 61 70 45 74 94 40 37 32 84 67 25 56 28 34 34 58 95 89 28
20 24 95 62 61 53 53 44 26 6 17 97 72 84 21 75 4 8 98 90 43 59 88 21 52 39 5 4 17 15 10 72 66 78 80 47 96 5 45 38 85 44 38 78 99 26 20 74 18 23 58 66 60 72 21 90 7 16 48 66 74 69 98 87 44 3 12 97 45 34 79 1 91 82 46 49 72 34 98 83 59 82 89 56 5 84 50 86 51 31 22 81 36 46 16 48 9 15 91 77 100 56 13 26 44 29 43 73 49 33 87 13 32 10 13 23 60 7 13 39 48 83 27 62 73 23 79 77 1 27 13 94 95 78 38 26 36 48 82 21 13 37 5 61 70 72 81 2 98 44 6 34 27 39 63 72 11 67 89 62 30 50 77 70 61 14 39 79 67 59 50 95 21 45 18 76 63 21 21 90 7 70 36 54 76 89 21 23 98 68 57 92 32 70 29 13 14 29 54 87 6 16 92 52 63 39 50 0 1 1 58 20 81 89 66 8 9 51 68 83 100 23 7 72 86 57 99 4 72 57 9 12 72 6 29 52 98 35 47 87 48 53 60 63 30 85 75 82 52 36 95 74 90 76 21 20 63 21 5 31 3 29 54 3 73 9 59 17 0 81 49 58 23 22 44 26 30 25 33 89 59 38 67 52 86 42 39 25 56 36 52 67 31 2 56 5 77 0 40 64 50 41 16 41 57 67 80 80 53 27 91 3 98 83 62 57 3 10 26 99 8 79 94 7 77 48 68 93 95 57 82 19 82 64 96 42 75 65 18 78 87 82 41 18 34 23 11 81 30 29 70 65 41 15 3 47 77 51 64 93 48 10 47 41 23 24 95 73 92 55 96 10 5 77 7 46 8 25 94 37 66 50 70 46 59 8 90 77 93 5 61 55 8 13 1 87 48 79 36 23
80 52 21 9 70 21 79 21 19 53 3 91 48 71 10 22 73 16 96 57 25 98 32 27 15 63 5 6 96 32 78 2 33 26 9 93 11 74 20 89 91 4 76 76 55 48 11 47 87 19 46 51 35 92 62 69 54 49 73 75 64 31 85 32 63 30 92 57 83 27 48 19 63 12 62 24 88 32 80 31 19 72 10 59 6 42 67 50 58 41 61 12 46 16 80 85 9 0 95 50 10 41 14 30 94 96 54 1 24 41 71 49 8 44 100 57 37 61 83 86 79 60 46 91 34 25 56 13 99 94 35 16 65 59 21 39 25 48 44 59 21 11 68 3 31 0 17 42 65 7 35 12 42 52 22 44 55 43 52 69 73 0 75 12 42 49 73 65 71 61 97 80 15 29 87 43 32 41 30 3 8 36 27 45 80 41 81 96 66 96 66 73 94 25 48 41 45 97 74 3 77 95 46 1 35 61 8 23 41 36 59 65 8 49 83 84 40 2 9 89 24 60 39 83 65 95 48 81 82 39 87 1 25 81 61 58 11 41 90 87 76 66 65 78 91 32 45 88 88 79 77 96 30 22 67 25 33 95 100 16 90 72 79 1 64 64 75 32 73 49 23 53 41 86 11 93 96 25 90 82 14 90 36 90 85 74 16 77 12 37 99 46 62 44 6 18 98 84 74 95 10 39 9 21 12 86 82 16 41 93 28 17 45 93 12 90 4 95 87 89 65 62 12 35 84 56 90 14 42 34 39 96 84 55 10 46 73 93 59 3 15 100 1 42 35 79 36 65 63 66 74 6 27 9 37 71 70 71 1 18 72 18 61 29 75 28 18 50 47 13 59 37 95 10 28 92 96 58 46 94 52 35 42 75 2 27 14 7 76 29 17 26 27 43 72 17 85 95 40 18
73 66 9 19 41 93 77 75 63 69 60 46 27 83 39 29 47 31 97 4 89 62 87 84 72 61 81 8 98 78 80 33 70 100 76 24 60 82 73 6 1 61 30 99 87 23 12 96 15 58 21 31 69 21 9 59 35 17 75 7 15 53 12 85 70 62 28 12 56 57 84 26 99 39 29 49 70 78 81 12 6 74 28 95 0 66 94 11 46 36 13 12 86 15 17 73 8 37 61 10 65 2 85 53 76 79 88 13 22 41 94 31 72 8 63 54 19 39 26 2 32 53 37 72 48 49 45 53 87 31 68 58 14 43 24 92 84 83 73 62 56 40 26 69 52 36 29 15 22 92 21 10 69 10 75 9 3 33 49 16 72 100 79 23 74 100 40 86 96 4 45 53 77 65 36 8 98 73 33 53 31 98 20 74 4 3 64 49 69 89 13 0 43 78 45 77 13 95 42 61 21 24 23 16 39 23 57 40 87 83 0 0 78 44 23 38 99 66 97 93 8 74 90 96 10 21 1 9 30 35 2 84 66 58 0 54 25 76 72 25 94 89 23 30 74 6 75 49 21 14 97 73 56 53 16 97 77 89 95 33 22 12 50 32 69 23 13 99 40 56 41 58 60 40 51 13 91 31 52 87 59 47 61 67 33 87 19 84 52 5 60 28 22 47 22 38 82 8 14 66 96 1 82 38 62 40 89 34 48 15 0 82 90 89 14 52 46 12 6 30 4 83 19 39 100 50 95 84 48 89 85 46 26 72 73 55 32 93 61 38 22 45 16 30 86 90 21 65 61 53 8 90 10 90 36 68 60 9 85 73 85 13 46 31 58 68 18 56 21 42 8 44 1 96 50 55 21 1 10 54 99 92 81 20 14 19 33 46 97 86 68 71 25 18 92 31 48 44 60 78
18 14 0 54 48 31 2 72 64 46 97 26 90 38 31 79 49 63 97 78 75 94 17 68 31 76 38 28 13 99 81 74 22 61 21 32 86 1 75 58 13 25 33 55 23 15 50 8 89 13 7 51 46 96 14 49 77 55 98 73 78 48 27 84 92 52 63 18 73 96 100 14 24 73 69 31 22 55 16 7 55 4 81 39 25 36 26 20 95 45 51 100 14 91 46 92 38 65 33 13 20 56 60 32 2 21 38 2 19 53 27 67 9 70 14 58 15 5 55 17 3 38 47 51 10 45 79 24 38 15 94 50 72 0 75 69 72 90 84 11 82 98 66 95 74 94 73 64 71 14 97 77 27 18 15 70 55 88 19 89 15 19 23 99 99 44 80 53 18 80 21 61 45 90 26 45 5 64 85 72 35 67 24 49 1 91 53 34 47 36 48 64 3 99 86 7 92 98 81 88 24 59 24 21 42 67 41 43 42 73 22 53 20 33 89 85 46 98 55 85 59 26 96 29 70 0 2 91 96 45 69 7 51 48 50 83 33 36 25 92 19 59 63 45 37 0 18 64 16 26 78 82 57 20 31 51 62 2 29 56 54 94 100 64 55 22 80 88 61 91 61 37 12 91 79 47 92 43 66 24 13 63 95 84 22 10 96 91 15 48 67 76 60 49 41 31 94 36 14 82 32 17 4 47 89 37 21 46 99 53 36 70 33 35 60 41 17 22 7 67 63 94 10 19 68 51 79 4 64 17 39 45 41 34 22 67 45 24 72 99 50 82 54 18 57 57 68 95 24 7 49 70 73 50 58 47 35 3 31 34 83 14 10 5 78 53 76 92 88 89 71 38 11 65 64 84 87 45 78 86 86 71 19 68 90 62 55 98 65 38 95 79 96 69 59 41 92 11 70 48
94 23 32 38 27 61 57 33 62 5 97 72 23 21 51 95 56 43 20 73 34 33 41 57 15 56 10 79 44 31 5 43 11 89 95 97 42 85 79 68 99 87 90 68 1 23 44 9 83 68 76 25 73 18 95 59 15 35 90 52 80 65 60 6 95 25 98 80 45 71 77 98 25 44 31 54 74 77 47 28 92 38 92 57 81 25 35 83 41 25 26 67 89 0 55 69 89 69 98 20 32 27 51 42 16 30 2 31 53 91 84 84 99 19 66 17 67 58 91 34 51 70 26 1 100 1 81 62 67 65 43 36 25 29 13 10 76 60 72 54 44 10 31 60 63 79 16 24 23 61 97 2 9 92 44 22 77 20 76 85 77 87 39 80 73 48 11 73 64 3 3 63 95 85 29 46 27 88 44 31 15 91 99 7 42 2 28 98 71 3 67 8 49 37 45 37 83 26 37 74 80 23 94 10 46 70 62 18 50 27 11 5 11 29 58 6 21 47 30 17 70 60 88 26 27 94 37 59 39 74 43 20 22 14 35 59 1 3 71 12 83 20 89 68 47 72 78 85 30 68 33 70 1 17 79 36 2 24 21 8 98 61 81 87 7 43 4 51 76 95 32 61 53 67 42 92 0 43 29 24 64 27 64 70 85 47 83 71 90 40 68 3 20 41 31 20 80 66 41 55 80 18 38 57 69 23 25 41 55 90 11 40 16 84 76 66 3 67 16 45 85 17 18 63 13 73 25 93 11 55 87 78 66 26 13 1 43 71 36 81 43 27 13 9 10 37 44 4 53 36 27 3 30 66 6 11 11 57 77 19 31 83 13 11 16 100 69 16 61 6 95 11 96 47 7 49 77 11 13 71 66 67 15 90 54 11 59 100 48 68 100 100 9 88 76 80 25 11 48 88
93 12 32 99 35 44 95 61 11 56 91 22 80 88 33 25 43 56 41 66 94 74 2 28 65 33 1 65 60 68 70 64 53 54 50 91 80 38 5 61 25 62 91 96 43 75 0 73 83 65 2 81 13 40 40 98 84 8 93 51 98 97 9 23 16 0 13 88 70 91 48 0 77 83 23 17 48 18 11 47 83 84 62 15 51 48 40 94 35 98 81 68 97 19 5 69 68 50 80 70 4 33 32 78 55 13 40 49 14 9 71 77 4 8 14 52 79 20 53 37 35 92 29 75 55 21 3 54 84 33 29 13 47 79 34 66 63 61 40 91 68 60 99 85 19 4 13 13 96 66 36 99 45 51 48 37 41 21 66 7 47 43 69 41 27 98 95 45 16 44 79 90 28 74 77 20 50 56 100 39 79 88 19 19 46 0 35 30 90 89 5 79 82 13 91 2 77 69 96 94 50 15 40 74 76 77 50 28 53 87 27 48 99 73 76 93 71 59 73 40 28 80 90 42 99 15 0 60 79 10 88 96 27 75 44 53 48 64 61 70 46 85 48 6 52 20 29 43 53 36 28 5 35 43 34 75 62 45 65 10 92 48 39 59 90 59 83 1 45 37 64 7 33 73 27 1 99 84 64 98 35 9 32 54 4 67 74 33 83 69 27 38 14 25 56 58 49 5 97 23 79 88 83 96 33 57 89 20 81 61 16 88 29 44 6 84 3 35 36 50 52 89 7 37 11 12 73 85 90 39 84 5 10 33 51 40 52 70 69 58 23 67 9 54 92 59 32 61 65 95 39 93 36 49 81 89 18 62 35 5 24 24 94 80 91 18 71 63 100 89 49 82 88 55 78 18 28 69 74 13 83 10 89 63 71 28 48 42 98 3 89 28 37 13 94 46 37 32 63 1
85 46 53 1 61 29 47 60 8 6 0 9 90 57 68 5 96 36 21 55 26 21 82 11 54 74 97 26 68 0 90 86 40 17 11 76 18 35 73 83 48 63 10 50 89 80 52 31 66 95 76 91 5 15 89 40 38 73 22 16 66 26 74 76 12 55 92 80 45 36 72 72 40 11 42 47 72 25 18 42 78 58 68 9 80 45 32 5 4 52 89 56 21 62 66 35 69 75 60 79 8 40 48 58 98 30 95 56 81 92 86 62 77 42 54 64 60 66 91 26 83 100 28 94 61 79 90 88 72 4 33 58 89 58 43 57 55 17 1 48 33 37 1 80 80 39 78 6 27 19 85 14 62 75 14 41 93 20 88 35 24 63 70 4 45 56 66 3 85 78 25 93 100 30 85 4 56 89 26 96 81 24 18 36 91 58 15 81 56 99 24 42 46 33 25 55 81 84 78 19 83 89 5 18 1 93 54 82 92 70 30 0 86 74 54 32 66 10 46 35 8 3 33 2 52 63 29 11 45 42 19 82 27 91 65 54 78 51 63 86 92 35 45 4 53 57 91 34 36 92 3 54 24 63 1 5 64 57 5 91 12 0 60 37 52 57 71 21 57 26 87 4 85 71 97 3 16 51 6 55 16 12 67 24 83 46 43 69 44 77 12 12 11 71 11 99 29 13 34 83 83 73 46 34 55 18 38 56 94 53 52 17 25 59 99 55 37 63 93 62 54 46 69 67 77 6 34 46 38 61 1 11 45 87 14 36 20 27 66 41 15 14 34 51 20 9 97 35 42 26 10 33 70 49 38 61 26 62 6 97 50 46 97 98 44 48 67 48 31 53 15 14 47 5 7 85 25 40 43 2 82 80 78 22 37 90 94 23 73 88 2 63 4 74 21 57 94 84 75 59
49 22 24 45 88 6 53 77 36 78 97 86 22 49 43 49 91 39 83 97 98 30 85 100 32 66 86 12 48 45 49 36 45 43 51 99 1 80 93 96 77 54 37 47 73 61 91 18 92 97 7 50 76 70 41 45 81 69 44 49 62 34 43 65 62 85 59 81 79 32 40 86 45 3 81 86 41 50 6 17 30 13 14 78 31 12 24 25 32 13 9 89 73 70 22 69 93 89 88 46 30 92 1 46 44 33 31 84 31 24 68 64 13 80 15 87 96 94 13 37 60 78 90 65 35 30 60 13 88 28 100 15 37 74 71 12 100 20 51 64 15 42 88 84 18 53 52 3 24 80 36 30 61 21 38 85 26 72 40 4 17 44 98 71 20 52 76 63 1 13 52 49 49 79 60 13 29 13 49 99 93 29 9 13 3 18 26 49 39 73 8 78 6 92 31 67 62 28 86 28 52 95 75 50 78 19 67 26 12 18 7 80 6 96 95 22 36 58 5 4 14 21 44 39 27 66 18 14 62 27 92 75 23 22 22 38 66 37 47 51 72 19 8 12 30 26 31 5 27 67 64 54 56 96 93 25 95 12 42 72 47 41 80 59 72 64 63 36 6 5 17 43 89 77 43 8 47 0 75 24 3 30 47 1 39 65 61 75 83 83 94 16 74 80 36 71 94 58 5 71 20 70 81 98 23 47 86 73 16 53 99 23 27 12 68 33 15 68 60 57 100 13 58 66 7 61 29 11 54 12 100 67 11 12 18 3 66 35 93 34 59 77 69 0 60 84 73 63 19 8 68 13 17 52 87 75 73 12 6 77 78 44 51 4 92 57 80 0 53 21 99 25 6 83 50 42 26 32 43 21 61 34 3 47 14 6 34 18 83 75 34 73 25 2 11 80 99 100 86 100
80 66 49 23 41 46 38 39 65 49 88 42 2 9 54 76 63 24 75 31 11 27 37 51 73 19 92 13 22 42 79 28 88 71 40 1 28 66 32 12 35 11 58 91 19 97 35 53 81 96 6 10 84 35 76 65 94 72 83 40 84 68 57 97 58 43 14 25 53 50 16 73 14 79 20 80 95 93 93 9 80 52 85 89 7 68 37 45 18 65 12 36 75 54 67 60 77 2 91 51 38 8 43 9 18 99 7 82 96 99 12 29 21 56 0 10 81 95 48 53 18 93 37 83 56 3 12 80 19 59 26 18 25 64 78 7 28 64 9 11 100 77 42 78 66 0 40 52 29 80 39 29 33 2 78 30 15 18 62 60 98 15 0 0 33 49 65 8 49 76 13 37 11 24 2 52 43 28 72 75 37 94 30 31 90 59 53 99 89 63 54 40 74 49 99 0 52 81 79 13 83 82 53 99 69 64 40 0 10 11 88 72 5 87 79 72 76 59 56 62 89 68 28 5 82 37 36 84 49 94 85 91 78 0 41 7 86 3 66 100 58 18 70 80 45 85 40 58 31 3 89 36 99 57 83 76 12 5 2 76 55 31 1 12 42 46 4 72 48 58 60 5 26 36 24 95 58 5 17 5 59 4 62 70 61 13 13 79 71 57 61 28 53 32 3 69 42 30 76 59 43 26 60 74 49 67 6 58 68 84 92 24 69 91 76 40 1 34 81 46 28 52 24 38 14 30 43 25 37 22 74 98 55 69 9 42 64 25 43 49 54 11 8 18 82 4 47 90 87 35 60 21 76 18 78 42 56 73 92 58 15 62 87 19 79 42 2 15 88 33 96 78 46 41 29 47 84 29 42 19 57 77 69 13 11 32 23 81 40 29 48 85 4 32 49 50 57 45 19 2
98 48 11 39 80 66 58 9 0 34 44 70 37 59 45 71 20 31 65 45 51 18 59 45 42 26 67 6 33 41 55 14 92 87 39 2 40 69 77 42 80 19 7 63 33 79 60 25 64 79 77 80 2 23 16 81 70 72 36 64 74 12 81 49 39 2 87 69 71 16 88 74 86 88 77 52 75 93 15 30 65 80 75 71 93 43 66 68 25 5 94 71 45 13 100 10 65 56 15 99 71 35 26 1 85 88 32 87 88 92 60 35 50 75 93 28 94 32 99 62 42 44 82 32 24 15 92 38 31 35 68 32 46 25 85 27 17 50 85 42 56 97 15 45 1 66 7 64 88 34 90 24 65 9 6 45 38 73 33 17 51 60 98 28 7 20 6 99 19 38 53 48 49 89 76 53 78 88 8 62 72 91 93 50 40 27 35 54 83 56 24 47 3 96 81 86 48 41 8 23 11 16 53 26 97 61 13 99 36 48 26 86 62 12 8 8 68 29 74 10 76 97 98 18 12 6 21 47 31 96 74 37 69 71 50 23 79 32 25 68 23 41 86 10 82 15 38 74 54 77 63 59 98 40 88 12 11 29 29 82 31 12 91 91 60 25 23 11 92 80 99 47 36 79 49 16 9 34 51 47 87 23 55 53 25 19 12 58 85 34 47 19 95 54 55 82 30 11 9 8 35 10 90 26 49 12 49 49 35 52 66 36 99 72 3 58 72 13 45 70 77 57 83 55 64 50 14 35 90 54 50 22 76 53 50 60 95 53 3 39 17 49 69 32 57 18 67 62 68 75 93 82 51 81 18 72 48 64 53 99 60 67 11 56 76 21 35 18 11 52 96 79 73 70 87 95 29 89 30 7 19 79 88 86 18 41 85 33 17 29 65 23 74 18 81 20 45 36 18 40
17 97 46 51 24 9 64 16 8 2 74 75 64 21 42 46 14 29 62 2 73 60 92 7 49 97 40 30 97 77 48 53 5 40 100 62 35 48 99 89 6 55 87 19 53 59 36 36 58 60 44 3 87 82 88 74 72 40 4 46 34 100 57 38 29 20 91 33 20 99 66 92 99 10 14 82 26 14 44 49 18 37 95 16 86 92 22 14 82 29 38 51 9 41 77 86 11 14 12 80 92 21 93 52 23 86 76 54 14 18 18 51 34 91 100 97 48 82 43 49 62 57 48 79 19 81 65 30 15 2 58 38 15 61 40 100 3 19 82 51 57 12 69 88 20 3 16 2 38 93 52 74 72 0 22 44 77 37 62 21 7 46 7 38 44 9 95 16 82 71 24 11 48 29 57 96 0 53 57 70 63 41 76 2 62 98 38 3 21 92 61 11 70 77 34 85 91 27 82 63 2 40 3 14 9 9 37 93 88 17 16 37 50 49 89 14 44 79 7 29 7 56 57 16 51 75 47 19 75 71 59 37 85 95 88 26 6 68 16 47 24 98 6 78 58 26 12 0 23 86 57 50 27 22 79 85 21 68 20 46 10 25 3 10 82 72 52 18 79 77 52 3 92 11 22 90 16 75 75 85 21 78 77 32 35 9 12 80 92 0 62 81 72 44 96 93 75 16 88 2 83 7 67 5 60 11 98 29 0 46 14 33 62 16 23 64 55 9 42 30 20 84 23 67 87 11 96 65 56 95 89 56 72 79 25 34 13 66 51 8 55 31 60 0 53 34 87 59 5 3 69 38 16 80 32 84 73 63 63 1 48 80 70 21 68 65 63 38 56 76 79 6 59 12 91 60 98 13 64 50 99 18 96 47 84 59 100 29 21 96 20 85 69 31 100 13 30 76 26 7
10 65 41 11 36 86 47 69 80 65 17 53 60 75 65 0 79 24 43 23 6 44 51 26 22 8 38 16 94 8 93 92 55 33 78 40 84 22 20 53 70 34 13 56 49 12 78 50 99 76 92 52 72 34 26 45 32 46 71 84 27 51 92 39 5 69 9 4 78 60 35 38 25 83 42 42 11 34 59 55 7 94 86 61 43 39 41 13 27 84 48 26 58 3 20 88 47 66 66 25 33 53 39 64 77 35 19 75 36 20 55 58 23 23 34 48 72 90 79 24 32 18 37 98 100 53 35 59 93 38 70 97 77 83 99 18 4 50 36 59 22 81 68 69 0 95 3 69 6 54 56 92 22 16 15 27 12 16 32 94 36 65 5 10 86 46 87 68 96 56 45 48 16 89 58 62 69 19 95 64 90 88 0 57 0 85 97 28 36 45 43 24 63 78 74 71 74 13 3 88 59 22 35 77 11 37 53 76 36 33 54 10 52 77 4 38 39 72 1 86 39 95 27 100 38 64 84 17 75 16 81 22 28 17 65 23 0 25 55 69 73 0 65 38 37 61 28 56 19 88 24 64 94 50 89 95 53 19 98 79 95 21 53 19 100 31 89 49 84 90 48 76 97 59 88 72 45 83 6 44 50 70 50 59 39 46 91 78 20 97 60 69 66 80 67 48 64 26 100 42 97 87 50 33 97 59 80 81 63 28 19 57 70 85 39 60 13 74 34 68 51 75 62 79 21 47 8 16 18 43 70 28 49 81 63 41 99 9 35 39 82 36 79 33 76 69 90 86 45 26 84 59 75 67 83 0 38 57 76 3 87 31 66 69 74 91 99 52 8 84 20 30 46 27 86 76 86 90 16 79 84 84 78 60 25 12 70 98 73 67 94 86 25 99 10 51 84 61 33 91
70 51 21 90 15 29 86 39 22 69 97 73 31 81 29 17 77 70 23 53 46 87 27 8 99 25 74 95 27 66 78 0 7 95 86 3 11 51 69 93 1 27 38 46 88 23 94 30 97 73 44 27 92 8 41 46 47 92 89 70 71 54 78 55 47 94 21 30 46 21 98 78 19 19 50 30 84 1 23 39 56 21 3 85 100 19 1 79 58 12 34 65 62 48 83 93 4 0 69 39 96 90 83 92 38 88 21 96 19 21 96 79 25 67 36 22 25 66 10 74 21 77 53 93 52 90 63 10 52 53 61 23 7 20 21 78 38 66 96 60 17 89 20 57 61 9 39 77 60 3 48 46 92 21 94 46 63 53 1 92 72 76 17 43 42 76 26 59 35 69 33 76 14 73 61 56 96 8 87 12 98 84 58 49 49 19 41 92 80 32 97 53 95 26 75 39 45 29 69 94 49 90 66 44 57 31 25 52 50 81 50 23 35 57 0 23 31 4 40 19 23 67 63 20 79 48 43 38 12 89 85 90 64 75 17 93 24 50 46 96 45 72 70 53 50 23 24 50 93 24 3 77 41 32 21 95 22 93 29 100 30 29 82 41 35 6 51 56 61 55 16 70 60 81 0 79 76 48 68 64 32 17 93 43 8 27 42 8 25 46 9 19 80 80 53 71 64 5 20 95 98 18 94 81 93 100 33 14 93 99 52 71 95 37 14 14 72 99 94 68 55 80 4 68 63 56 35 60 3 33 35 39 89 38 89 64 91 83 9 54 7 10 76 66 36 74 77 81 94 57 83 95 4 53 60 41 37 69 82 12 52 52 75 99 11 34 73 66 52 42 56 81 95 40 48 10 9 71 55 82 22 39 15 69 79 84 38 64 76 45 87 28 13 29 23 65 30 35 47 30
33 17 13 41 44 23 40 54 60 3 18 41 76 27 12 59 92 15 39 22 40 26 91 93 73 20 90 8 48 89 16 71 62 76 84 21 44 91 73 28 85 86 84 17 60 9 63 26 8 82 88 49 90 16 30 82 67 91 1 86 96 6 41 39 13 47 33 23 65 48 0 40 40 94 3 83 23 90 22 24 75 2 83 76 51 17 57 65 16 13 16 56 75 65 17 1 95 33 62 70 18 62 67 36 57 64 87 16 47 10 98 60 68 29 71 31 69 22 37 45 91 38 39 43 62 67 74 13 57 12 67 13 97 23 54 32 43 48 91 50 18 38 83 23 66 29 77 93 58 35 94 63 65 8 79 96 22 83 27 2 57 69 58 77 15 62 75 25 78 93 32 75 51 56 72 31 50 83 39 90 45 18 54 98 0 65 70 98 75 66 87 40 1 22 89 96 44 32 83 12 17 11 95 91 45 34 14 48 65 34 51 46 62 92 89 67 75 25 49 53 73 80 92 1 42 76 20 68 79 88 40 58 56 60 78 90 27 68 42 48 15 13 60 66 45 32 12 60 89 36 98 1 11 59 58 8 38 50 23 0 13 67 85 57 14 1 57 47 6 85 75 43 77 29 90 62 76 48 25 9 88 48 58 73 31 19 85 9 60 49 13 17 31 38 96 9 4 30 69 49 36 39 64 98 22 17 71 9 89 87 90 83 90 57 79 16 41 56 38 36 51 75 89 45 21 14 99 68 56 82 46 64 74 88 44 53 30 23 93 25 77 93 42 76 42 73 79 73 62 29 45 61 83 49 67 54 28 35 91 9 41 24 50 41 17 50 87 22 13 89 9 77 67 8 81 16 58 13 75 34 34 100 94 77 30 87 15 64 0 44 34 54 26 8 60 81 21 15 3 88
83 94 58 30 12 15 65 17 47 100 25 32 89 42 10 17 60 25 36 42 5 76 67 90 67 11 63 18 11 11 94 11 10 29 76 7 29 64 32 100 19 87 84 80 40 90 62 25 34 79 26 56 18 7 40 100 61 14 4 21 98 44 68 64 20 96 28 11 16 96 92 82 19 20 29 73 14 39 34 64 28 37 59 53 22 13 84 89 27 62 32 3 83 38 7 78 84 20 9 6 79 51 84 48 10 66 39 54 45 49 38 7 81 60 76 75 7 59 47 73 41 36 12 34 0 66 33 68 54 90 29 54 90 62 16 20 14 40 83 58 18 75 15 11 94 21 78 27 5 72 52 90 8 94 67 69 63 91 52 64 11 88 7 17 63 90 29 6 27 38 65 96 54 1 10 53 88 78 64 72 84 61 78 49 100 77 80 63 20 46 97 23 37 29 20 14 72 69 14 65 70 95 16 13 52 15 66 63 22 45 48 84 92 66 67 66 39 29 17 44 51 47 48 53 23 23 40 24 21 13 4 10 73 49 17 0 18 38 37 63 52 13 21 29 10 73 20 49 22 32 54 30 67 1 48 13 39 69 60 8 21 71 90 54 70 52 27 36 28 90 80 54 90 29 48 99 82 52 7 87 16 48 57 24 21 47 19 67 61 92 50 21 45 34 92 83 100 64 26 9 0 94 49 94 2 14 48 39 54 68 6 28 66 83 21 45 0 60 47 25 90 99 44 90 24 30 43 92 87 50 47 49 72 62 67 86 57 45 70 80 62 61 60 84 64 19 99 98 74 11 89 19 61 18 75 32 93 6 98 92 10 57 39 16 4 18 59 56 53 98 37 45 72 77 93 29 99 58 97 76 51 13 27 60 4 53 90 4 28 100 95 12 84 94 58 18 59 88 74 14
23 88 5 100 25 33 26 42 18 38 89 92 69 98 69 92 97 55 74 30 75 26 36 10 56 72 95 57 61 86 2 40 97 45 55 30 36 26 61 44 71 95 86 10 87 68 17 97 86 13 74 38 92 6 4 3 75 33 44 43 31 90 90 43 87 68 61 73 44 62 33 0 80 54 26 50 14 66 72 70 16 80 57 89 88 95 61 13 84 60 90 13 29 23 20 100 62 49 72 31 23 88 42 80 71 17 33 98 16 47 10 11 66 80 76 34 9 58 31 57 14 3 24 66 82 96 83 15 41 74 38 87 82 71 18 32 14 9 26 77 14 35 95 68 7 4 17 98 72 56 77 49 24 5 18 89 45 71 61 3 3 74 95 47 59 62 28 96 21 33 71 40 62 22 14 96 4 7 26 92 11 78 8 38 42 30 14 16 47 33 3 35 59 71 73 62 5 60 2 41 92 30 67 60 26 10 93 4 91 52 32 72 3 45 95 32 28 62 18 17 92 0 5 38 23 80 52 8 85 95 91 92 69 100 80 61 63 44 4 4 43 30 99 14 53 67 60 23 9 44 54 3 11 5 67 30 4 14 50 21 99 64 67 42 30 65 75 58 9 51 66 56 55 14 82 64 36 68 49 14 95 84 86 87 51 91 6 51 42 58 15 48 35 36 42 81 26 96 21 79 25 7 97 90 35 12 81 69 33 77 98 10 65 12 14 97 42 33 70 59 63 49 98 36 52 27 55 60 46 65 82 87 34 57 78 4 65 1 96 11 37 6 33 21 52 97 45 75 92 23 45 16 86 38 87 51 9 23 37 60 35 55 75 7 100 22 46 85 47 27 9 70 38 82 28 8 0 60 98 95 9 98 79 80 8 65 49 82 35 33 100 49 19 47 28 75 58 83 58 35
55 91 51 31 43 65 38 60 7 11 84 28 4 46 26 70 9 76 64 50 99 95 80 80 71 8 63 35 71 10 10 96 17 3 39 74 10 3 85 42 38 43 95 39 33 19 81 24 78 71 77 14 34 99 77 100 61 19 78 60 68 85 10 51 27 6 87 94 28 50 43 42 83 97 55 87 37 47 63 2 31 67 63 46 81 43 40 17 35 87 74 60 10 48 49 79 71 57 47 2 91 63 57 85 92 14 59 14 66 73 9 42 45 81 7 67 6 14 74 37 81 82 16 55 8 96 30 58 40 21 70 26 65 28 28 69 90 75 44 76 5 41 84 51 16 54 6 36 99 3 67 96 75 29 60 41 85 49 25 5 7 11 11 93 23 58 67 18 65 31 50 81 4 41 63 22 90 8 30 37 72 53 81 80 0 77 38 90 48 74 67 20 86 79 27 14 89 11 88 11 55 96 1 2 91 16 23 50 16 35 76 9 2 92 83 85 86 82 13 60 2 36 19 33 17 49 31 32 59 28 10 22 26 42 97 26 9 25 68 10 59 30 21 0 100 27 81 57 0 74 77 39 99 98 56 75 70 13 64 48 28 96 88 2 47 27 100 37 31 92 37 52 57 96 70 6 82 79 56 77 34 41 29 94 69 57 32 100 78 7 5 14 59 8 81 9 77 74 24 23 14 74 51 76 30 1 28 70 65 74 22 78 9 63 26 54 69 27 98 72 44 54 36 29 12 59 25 89 10 77 6 44 42 27 29 7 64 60 56 13 58 52 99 31 49 22 92 30 69 38 87 42 1 26 73 28 24 2 26 4 75 97 61 20 94 88 29 19 35 41 12 90 96 54 89 76 77 0 9 24 79 0 22 26 65 78 69 57 46 95 94 88 8 3 50 81 96 54 79 73
26 83 21 9 74 87 46 49 2 67 95 91 99 43 8 53 91 2 33 98 53 11 61 39 33 36 26 98 4 2 86 58 64 23 75 38 40 51 56 81 82 16 54 9 67 34 56 88 54 88 78 51 13 9 29 55 86 51 17 35 14 17 92 83 59 25 40 96 90 1 87 61 37 42 68 81 55 24 62 32 74 73 95 74 84 12 42 79 26 19 44 29 19 39 55 94 88 16 91 24 84 9 47 46 55 46 83 61 22 15 5 60 7 78 5 89 91 10 54 89 98 1 66 23 10 39 97 15 56 15 53 89 49 30 55 38 47 19 90 89 50 43 54 87 7 34 48 45 4 61 77 39 87 21 80 60 67 44 9 29 3 46 69 84 64 92 55 39 97 69 56 21 34 5 54 79 24 66 83 90 46 39 10 11 79 81 25 0 35 46 88 76 65 46 46 26 89 87 12 53 2 39 95 86 95 65 44 60 90 52 12 43 63 57 49 26 93 75 5 12 90 40 22 75 76 50 8 48 48 70 87 31 14 92 29 9 9 15 1 24 53 56 96 63 56 78 58 1 26 51 30 34 25 3 73 91 57 67 6 8 69 93 0 9 83 74 74 96 77 47 8 11 57 69 51 5 61 52 70 59 12 87 86 5 5 18 80 83 10 45 74 84 7 7 83 70 81 50 38 49 54 80 39 57 45 37 38 85 16 17 54 14 14 97 30 4 61 70 88 54 4 62 59 73 26 56 42 12 47 16 35 55 83 31 40 26 7 43 28 61 39 32 40 2 49 89 72 17 69 63 73 14 74 21 14 79 79 61 15 14 80 29 94 99 19 3 97 38 15 13 90 73 79 50 45 57 11 62 91 65 7 83 7 14 94 15 89 94 51 3 74 68 87 54 16 69 16 5 60 28
42 13 85 20 39 78 83 35 33 48 92 87 44 22 99 92 18 67 9 98 60 1 72 9 93 41 40 50 9 73 40 37 23 68 57 85 92 83 53 4 99 65 75 37 15 54 37 7 54 33 47 52 40 30 66 61 64 84 66 74 21 57 10 79 74 34 1 74 35 4 32 4 73 82 64 12 43 19 41 68 41 43 25 8 43 23 34 48 4 88 77 24 1 11 40 53 16 79 9 27 4 36 32 34 52 39 61 62 2 61 60 77 100 32 64 12 18 94 58 86 95 33 30 11 23 72 99 20 26 71 85 89 23 20 73 23 11 75 50 2 31 94 90 98 58 70 26 5 62 2 41 59 49 38 21 15 76 37 10 88 49 15 36 29 48 65 54 19 35 43 30 81 67 14 76 38 61 25 15 97 18 11 30 3 31 55 90 23 77 39 15 14 51 47 81 72 34 90 86 62 80 93 21 61 22 38 83 84 78 80 33 46 68 62 23 57 9 59 75 43 95 18 92 32 60 14 41 19 23 8 60 99 14 87 46 28 31 63 22 6 46 68 95 3 84 14 52 92 61 49 48 60 68 98 62 62 61 46 29 65 59 41 79 17 84 67 31 53 37 44 35 80 55 73 29 59 50 27 92 86 15 95 97 42 98 99 29 80 42 81 99 85 24 52 43 78 54 96 36 99 74 85 60 55 90 83 98 38 36 52 0 82 100 48 49 63 34 44 81 94 0 58 82 77 61 45 45 61 29 41 44 8 33 42 36 46 48 65 2 26 5 98 39 4 8 47 65 7 21 31 32 64 19 70 79 44 84 94 56 99 89 51 25 87 29 62 99 63 83 65 29 67 60 89 97 73 39 23 15 62 79 7 66 22 60 12 65 82 100 47 6 42 80 40 81 82 43 80 53 15
40 1 33 24 62 56 26 83 27 41 68 38 58 21 60 79 91 36 56 84 3 68 71 64 69 61 14 24 50 79 24 44 54 21 96 48 71 47 30 8 15 60 79 59 13 40 18 39 19 78 12 96 97 52 34 7 41 82 1 56 52 24 2 17 92 22 71 91 59 7 17 12 9 29 42 25 45 62 29 10 19 92 1 76 58 53 37 81 87 73 12 18 95 11 37 30 51 80 80 91 42 60 64 18 6 92 30 86 17 81 80 19 0 58 15 45 3 2 46 85 50 5 65 88 79 13 84 25 19 88 44 52 93 7 67 80 1 95 0 34 6 91 64 17 22 47 75 15 16 32 44 78 60 9 90 33 98 20 93 96 70 91 2 99 15 19 77 61 2 32 43 34 87 83 40 95 60 7 52 55 11 20 65 66 60 85 77 15 47 30 88 14 28 46 77 46 56 61 46 94 72 87 15 13 68 31 50 11 49 72 5 94 56 58 73 63 51 88 34 93 81 80 54 59 37 57 7 61 50 43 6 3 62 92 24 67 21 38 58 59 45 66 31 52 4 78 38 100 30 40 84 17 35 95 87 72 59 17 41 27 80 26 74 41 23 45 100 82 54 22 80 51 37 23 59 23 81 61 76 63 18 24 19 96 41 57 89 68 36 15 8 9 26 2 78 45 37 26 73 78 97 81 72 53 100 99 34 19 96 70 82 23 52 34 5 7 37 92 20 25 70 31 16 8 90 36 50 55 1 55 6 39 59 47 85 32 85 38 87 55 11 24 48 45 41 34 92 10 77 68 50 91 85 21 12 53 56 68 57 20 82 88 16 74 78 34 77 38 47 55 44 51 30 23 0 57 44 22 17 28 6 53 30 22 83 90 91 20 42 83 20 98 25 93 30 72 25 61 12 2
18 86 1 23 96 73 41 22 95 52 30 23 80 75 0 23 14 78 50 58 39 12 3 75 83 65 56 68 15 10 5 35 0 79 15 21 26 23 75 66 9 41 64 2 33 21 91 62 66 90 55 97 19 0 85 84 4 41 54 42 97 68 94 88 41 97 12 35 4 81 29 70 42 27 90 59 31 53 9 12 48 73 38 23 0 51 71 12 25 15 23 68 30 10 98 16 77 89 43 7 56 78 54 2 32 48 66 96 82 59 97 28 59 13 33 19 100 94 34 1 46 41 22 78 35 89 73 54 51 51 21 1 88 27 100 38 2 81 95 25 4 67 77 10 75 92 25 35 42 67 55 96 75 94 20 69 27 43 20 73 84 0 38 20 83 17 68 12 81 21 68 88 13 99 82 57 53 77 43 32 14 26 53 87 13 10 76 7 42 33 90 63 4 75 87 79 29 5 52 48 13 87 58 97 58 73 98 69 5 49 1 10 91 81 47 37 98 93 55 69 59 90 95 81 92 35 84 51 4 29 2 34 18 50 23 80 37 66 82 83 78 90 86 93 95 79 50 40 39 28 17 13 5 84 27 7 10 50 45 7 98 98 75 60 57 91 50 80 78 7 46 75 15 55 17 29 66 69 73 49 73 37 73 78 66 7 68 89 68 50 28 76 88 33 27 12 72 10 69 60 25 84 3 92 41 68 48 54 38 0 0 65 40 82 95 66 96 3 43 4 37 75 79 29 21 17 54 44 28 16 5 21 21 4 37 36 28 77 75 30 28 21 10 100 63 88 82 32 79 89 36 94 91 32 5 90 34 95 62 82 82 14 2 64 26 16 98 15 50 82 94 21 28 8 94 16 66 35 100 41 91 7 71 15 45 5 40 82 87 97 57 12 35 3 17 75 84 45 96 31
10 60 90 6 96 10 29 20 64 9 46 88 69 69 27 73 43 38 23 45 36 47 44 26 68 100 97 50 85 64 0 87 87 30 33 95 7 60 92 44 53 43 36 6 97 60 60 38 27 44 97 39 53 84 35 63 80 80 90 13 77 97 22 72 17 70 6 17 57 13 74 67 30 77 43 19 47 95 30 66 30 37 8 29 81 9 23 20 100 73 97 33 33 33 3 49 4 30 25 78 17 18 14 16 86 93 35 32 52 34 100 29 47 5 68 59 57 62 53 23 0 76 9 58 90 2 7 63 70 55 29 91 21 60 68 13 52 98 2 41 47 70 19 91 63 91 37 44 31 99 67 30 70 65 63 41 56 39 35 28 73 22 22 77 27 54 41 49 8 16 76 84 4 21 38 3 66 39 96 13 81 34 32 85 70 12 95 21 36 76 97 15 3 30 24 83 51 35 67 74 81 22 69 58 72 0 72 14 57 37 73 71 40 98 61 58 66 52 12 83 60 80 93 85 43 82 39 66 54 87 45 66 51 44 47 83 9 27 0 70 0 99 10 3 67 57 35 48 57 10 5 22 45 98 54 75 2 84 69 52 58 85 84 96 94 3 35 84 37 48 35 77 39 72 18 28 60 97 39 50 1 79 70 34 73 24 39 28 19 33 40 52 40 52 55 85 17 58 21 82 74 80 59 51 54 54 40 25 97 37 97 43 61 12 96 47 69 12 0 36 64 97 6 16 59 45 46 97 78 67 88 31 47 96 0 49 50 93 83 85 50 48 77 87 76 23 99 24 1 86 28 80 42 6 76 44 64 46 77 75 56 37 66 26 29 51 91 41 96 19 74 50 71 20 81 7 61 41 85 65 16 36 35 85 58 5 56 57 10 7 95 50 62 51 40 5 85 47 87 35
92 40 79 18 64 79 55 25 2 2 63 97 80 6 5 100 80 93 94 22 37 68 55 33 81 0 64 83 53 41 55 69 21 6 13 94 20 38 44 68 90 75 93 16 3 24 22 18 51 64 78 35 62 90 85 35 46 96 63 21 73 23 73 88 2 11 3 7 60 15 5 42 34 68 99 85 4 75 20 92 79 31 1 22 75 97 33 58 32 6 72 52 27 34 52 84 41 7 24 86 77 60 79 62 42 63 10 15 9 3 45 76 13 10 70 44 98 71 1 17 0 58 3 57 12 22 63 65 23 22 80 33 70 41 94 37 16 12 85 99 15 9 2 47 71 83 31 80 22 34 68 61 63 92 59 56 30 19 31 40 9 34 81 24 34 28 54 73 51 56 77 4 32 21 98 34 72 57 33 41 1 15 23 43 82 55 68 12 78 4 88 84 88 27 90 61 24 25 97 63 78 70 69 0 79 10 23 58 43 99 65 39 71 39 85 48 29 79 45 72 42 64 32 73 63 51 34 13 99 82 57 95 32 48 30 33 33 77 43 43 28 88 29 23 81 24 20 4 34 85 91 21 42 51 32 50 52 19 34 18 68 25 25 22 87 66 10 14 98 52 94 52 75 79 1 74 1 86 92 3 46 25 65 88 20 49 26 57 34 14 92 24 47 21 23 10 90 84 37 96 32 76 44 26 99 40 45 44 78 58 94 97 24 42 48 59 99 70 80 26 55 68 30 67 8 99 40 44 56 68 92 71 71 46 52 63 46 48 36 15 97 57 52 7 45 4 60 9 48 13 73 28 15 98 0 54 85 46 35 29 88 14 59 87 89 88 91 74 91 49 61 84 26 56 25 81 24 32 10 13 4 81 29 3 65 41 62 5 63 27 10 1 81 47 89 70 61 53 43 82
50 99 98 29 1 9 58 53 44 28 29 6 56 23 32 17 34 46 47 24 90 94 25 92 78 90 100 61 82 10 91 20 84 91 5 9 6 24 76 83 34 60 59 20 31 76 4 80 6 44 45 72 36 5 8 86 49 61 23 21 49 12 8 24 2 43 88 12 86 37 29 44 86 83 21 34 37 5 39 84 94 70 63 80 94 23 12 89 86 55 26 14 42 23 87 87 48 1 55 76 100 56 77 14 35 53 77 20 72 26 47 21 65 8 59 20 50 56 55 19 7 89 15 8 53 83 58 29 52 67 91 69 87 38 54 32 22 47 26 39 54 86 21 14 45 92 84 60 81 56 50 68 47 92 96 12 50 43 16 19 51 71 39 71 7 78 21 96 44 22 4 85 53 14 75 64 60 62 36 16 27 58 78 54 13 79 3 60 47 47 49 32 29 35 14 53 0 99 98 65 51 84 25 51 95 40 22 11 6 59 72 35 22 46 35 38 61 100 2 79 47 98 68 77 88 18 76 76 88 2 84 71 52 51 97 3 35 66 84 86 72 43 50 77 35 87 67 15 28 59 48 8 61 30 58 71 5 29 89 98 15 94 60 41 36 11 75 68 2 26 71 67 5 39 63 93 87 27 30 90 68 68 19 65 52 5 91 58 84 1 53 16 43 5 88 1 87 50 87 43 3 87 84 24 83 30 30 97 23 8 68 50 83 96 51 91 34 38 20 66 40 50 20 38 56 28 47 57 74 86 96 16 85 76 21 73 74 58 78 40 51 53 77 10 71 59 91 81 83 90 75 66 32 78 21 75 52 81 19 32 46 85 56 21 95 19 21 62 38 69 38 80 73 34 90 55 84 36 21 2 37 24 10 37 61 5 76 78 32 24 86 65 81 32 11 28 28 90 62 15
66 26 79 10 80 36 85 19 13 62 50 3 69 56 28 74 33 84 55 71 64 45 39 11 95 71 32 56 17 51 0 51 65 37 30 71 65 91 97 60 37 3 48 51 56 36 22 48 99 26 44 67 48 2 21 22 48 73 86 59 93 50 54 62 41 7 47 33 73 56 72 91 84 65 16 56 98 18 10 69 66 47 68 93 32 68 10 77 87 8 24 88 24 56 69 62 76 75 61 80 48 76 40 54 39 32 45 36 70 72 44 43 53 17 27 88 98 80 14 82 88 58 83 1 23 85 35 89 44 35 74 10 31 98 57 78 95 75 56 83 44 44 82 68 79 34 23 44 55 54 36 100 36 32 50 81 3 43 78 55 40 91 79 67 87 95 19 47 39 71 75 18 25 64 2 82 89 23 28 7 98 43 77 82 52 44 18 86 93 88 90 22 80 60 97 82 89 8 88 78 37 40 19 40 87 16 92 10 10 48 66 70 63 16 80 39 34 48 36 71 30 73 23 27 29 76 45 97 76 70 74 63 52 15 64 45 5 12 32 13 26 70 20 24 6 55 31 19 37 61 37 56 61 42 24 45 44 13 73 69 76 75 64 36 8 10 64 37 71 16 4 74 81 2 98 35 66 93 99 97 90 56 72 98 8 32 93 56 11 15 76 69 20 38 9 60 64 5 10 21 40 27 89 21 77 65 7 64 56 61 38 13 22 42 88 38 38 0 39 95 40 99 86 63 51 39 69 70 96 77 52 9 2 31 7 72 68 100 26 18 55 87 74 11 58 73 28 73 22 27 22 41 66 62 13 84 52 39 86 97 34 64 35 98 40 8 55 13 22 74 29 61 60 81 18 98 9 73 8 93 6 42 97 31 32 46 50 13 29 6 5 0 3 9 76 79 6 63 5 80
29 49 58 53 18 69 6 74 14 16 73 100 0 22 91 86 78 7 25 42 30 26 87 19 90 89 44 18 25 40 77 33 8 99 11 57 2 32 1 6 99 65 32 34 42 10 10 39 60 91 24 89 94 34 90 3 84 54 38 19 2 49 20 79 67 64 24 68 29 59 16 68 97 66 59 9 86 23 85 37 99 76 80 100 42 60 48 33 60 27 75 45 15 93 58 39 66 48 83 7 22 21 25 32 34 34 29 25 53 51 61 0 31 60 8 47 37 19 36 50 47 15 40 5 4 100 74 6 76 18 34 89 31 4 16 50 17 37 93 86 15 47 71 17 45 27 58 95 48 85 80 20 34 60 92 16 78 18 59 49 17 22 2 18 92 13 69 73 68 49 2 92 96 19 92 14 27 59 15 25 83 55 59 22 6 24 95 80 36 97 66 43 39 81 35 97 45 90 4 53 89 53 38 21 7 95 24 64 11 40 47 0 61 12 89 63 41 49 14 73 6 58 90 18 96 69 90 98 26 73 65 60 23 99 24 4 37 76 12 20 66 19 93 74 29 20 70 63 82 90 61 94 9 40 53 98 88 13 83 84 40 77 100 47 98 24 44 69 12 12 90 45 87 68 86 40 55 80 89 45 11 50 39 58 94 87 70 91 90 20 73 13 77 100 95 66 19 38 44 2 81 99 34 45 90 71 84 86 36 91 85 78 68 38 55 26 39 54 25 63 4 31 61 78 59 62 21 62 17 29 100 64 85 21 23 32 21 52 44 41 44 49 16 29 26 21 86 52 81 43 77 47 39 45 65 36 92 92 42 98 17 68 93 87 100 27 86 98 5 73 92 69 65 10 73 11 94 85 10 99 91 24 2 61 57 74 94 64 17 70 78 44 21 100 90 15 92 69 81 66
17 82 61 63 14 60 4 64 1 98 90 51 31 98 99 43 6 53 67 16 35 73 2 27 82 68 60 74 65 24 31 66 41 91 50 39 100 91 83 1 16 21 26 16 57 53 64 90 47 73 91 71 42 21 61 26 79 19 94 67 29 77 22 86 1 68 91 0 78 69 2 63 66 91 98 74 17 1 89 51 46 52 1 58 19 4 10 17 13 77 53 52 0 97 96 90 3 27 83 43 43 98 61 22 2 66 66 97 50 70 25 59 44 11 3 71 80 72 59 44 18 23 81 80 8 38 43 61 15 95 28 48 43 66 30 30 36 67 78 42 100 34 69 1 94 81 38 95 98 42 7 82 91 20 79 71 36 0 20 7 64 47 45 17 11 10 77 57 3 13 13 56 2 91 57 26 97 74 26 82 65 42 61 1 12 97 4 83 88 0 21 1 91 24 69 59 45 55 30 57 47 52 98 87 26 15 24 57 42 100 70 59 38 66 86 87 98 95 34 74 34 29 31 30 12 40 94 67 56 28 45 16 73 90 48 19 21 41 71 89 50 35 94 48 84 2 22 48 36 2 18 14 19 40 61 11 97 41 46 2 39 82 1 62 46 37 93 43 49 34 21 78 23 47 38 27 20 57 16 73 4 55 7 99 81 90 82 3 1 34 78 61 28 45 24 58 24 36 24 55 62 20 15 80 60 45 27 20 9 80 51 41 35 95 31 90 86 37 54 78 59 74 62 8 87 21 93 19 67 25 88 59 91 18 3 55 91 64 18 56 91 44 31 85 64 42 87 37 15 70 74 36 98 29 38 85 16 28 4 56 12 8 51 74 34 48 87 48 97 22 0 90 68 44 60 20 78 14 44 64 90 70 68 40 74 73 28 84 14 71 33 46 68 75 16 5 98 33 61 42
38 33 33 40 66 50 53 87 58 55 33 82 91 14 83 76 33 95 85 31 26 68 11 83 30 7 55 80 31 7 56 74 7 8 45 90 81 43 67 43 83 90 66 57 67 65 67 77 41 76 64 79 70 17 87 16 50 97 85 76 88 24 28 45 70 99 9 64 32 96 67 17 84 2 30 58 17 76 48 43 42 48 12 38 44 48 43 8 25 11 8 99 72 71 23 33 30 8 22 12 33 14 55 67 33 42 94 93 94 95 36 11 82 82 94 59 21 5 40 60 54 72 85 87 59 38 53 65 63 74 28 26 76 22 56 0 58 28 99 20 10 81 66 89 77 57 53 73 58 99 7 61 57 13 44 50 50 59 45 86 20 70 87 58 8 59 21 36 40 65 33 51 86 43 5 24 24 52 11 91 78 28 39 19 72 98 95 20 43 52 51 45 20 80 51 52 84 58 36 97 40 56 82 100 3 7 50 13 34 26 8 38 20 51 49 26 29 74 92 59 65 15 7 41 97 0 35 75 27 71 79 65 12 7 46 33 73 34 37 58 77 69 3 81 49 90 47 47 89 22 55 67 36 93 50 20 32 47 69 30 31 58 51 12 13 58 31 87 92 73 64 31 8 40 62 100 84 14 92 67 90 58 41 23 92 96 59 45 79 88 42 87 39 4 18 29 79 17 87 61 63 98 87 33 77 37 58 77 12 32 60 98 87 0 56 36 92 22 38 65 77 83 93 62 29 64 14 92 30 100 1 26 24 84 26 57 89 9 67 84 0 2 90 29 41 73 41 77 90 93 17 2 40 96 91 62 33 22 11 13 0 45 73 92 51 55 42 48 14 29 57 59 70 91 61 38 14 56 65 53 91 16 90 51 10 99 8 15 46 9 60 29 46 72 93 3 74 6 89 32
26 5 41 8 2 94 41 68 25 85 93 33 40 42 0 65 88 14 26 76 9 71 59 6 98 26 57 24 62 5 81 30 16 50 63 61 6 82 65 10 93 45 92 88 59 58 57 85 11 22 17 0 66 11 16 65 52 99 15 24 60 35 87 66 62 45 3 8 37 53 56 30 14 2 66 93 98 26 83 85 17 15 29 31 54 38 83 68 80 34 46 0 83 53 26 55 91 12 86 28 70 23 76 61 41 84 69 77 51 29 60 35 44 77 75 36 78 54 97 97 59 62 35 37 58 76 10 53 26 96 59 78 87 34 23 4 61 77 42 47 46 61 31 91 61 17 1 96 2 5 59 84 99 82 56 26 62 41 84 91 37 25 75 83 100 41 85 51 42 23 79 42 10 74 57 51 52 51 72 18 38 96 0 79 2 26 36 84 27 85 9 2 30 27 46 97 74 0 23 58 70 99 26 78 65 96 14 46 40 40 32 62 30 83 1 29 80 33 32 80 80 80 36 93 53 6 36 83 22 2 8 70 21 76 95 23 85 74 56 14 30 87 66 100 96 54 33 11 36 19 82 98 23 29 71 75 16 95 23 68 1 100 89 50 78 65 63 78 37 70 29 92 3 14 74 71 26 31 82 59 92 94 70 0 57 54 11 50 3 81 97 31 44 81 64 4 36 21 18 31 27 81 56 13 95 73 22 86 85 25 49 92 68 54 44 7 81 49 74 1 39 21 15 84 78 32 95 59 95 71 33 47 97 35 32 68 11 14 64 70 97 23 35 68 87 0 23 76 28 36 46 41 79 63 22 1 4 4 21 85 53 24 41 47 93 10 1 40 59 76 15 24 83 14 82 87 77 26 58 4 59 36 26 9 77 63 63 25 83 18 34 0 41 78 98 92 75 30 2 10
47 86 80 7 99 54 20 65 68 6 83 35 87 8 84 93 22 49 18 17 35 62 17 10 28 73 88 51 31 8 59 53 62 46 87 4 39 82 10 59 73 10 19 53 37 82 30 37 99 73 48 69 61 18 4 37 58 93 25 6 91 60 84 49 53 91 30 22 47 75 53 4 98 42 81 39 24 84 66 39 99 100 65 5 6 22 23 89 77 72 100 4 33 46 41 8 39 57 94 78 15 34 75 73 43 91 55 25 38 64 30 54 86 71 82 53 13 4 89 98 98 98 45 97 50 54 13 1 94 9 40 19 28 75 56 0 10 11 3 46 50 58 1 15 26 6 85 66 8 31 84 5 48 34 48 79 60 13 82 1 59 59 36 96 51 52 67 81 41 37 8 86 33 6 66 98 81 34 54 47 100 8 63 38 49 66 93 51 75 69 84 17 93 20 55 19 17 60 92 44 74 64 0 83 19 59 96 22 17 100 53 18 58 62 52 57 75 22 27 100 1 87 83 9 19 74 58 51 52 79 44 38 98 66 10 6 14 75 4 52 33 7 23 66 30 8 80 95 78 11 32 43 11 48 72 18 0 39 84 65 56 93 69 17 1 100 20 10 91 33 52 12 82 47 16 54 62 0 35 38 32 34 41 22 15 79 99 60 80 66 46 0 10 16 27 20 64 6 69 12 53 90 72 14 61 43 64 37 18 91 60 12 29 64 28 100 72 72 37 25 24 6 87 86 47 68 55 7 15 33 8 58 76 55 73 9 92 76 33 100 32 32 1 22 56 85 36 16 29 55 40 86 77 99 100 63 84 53 12 42 30 31 8 50 3 87 9 82 67 6 3 82 25 62 19 83 11 66 49 27 39 41 95 49 15 26 41 40 23 26 80 44 30 50 14 44 6 72 89 29
100 37 24 80 33 58 7 37 81 20 41 12 72 39 1 73 89 36 71 59 48 56 86 36 42 76 31 58 64 91 67 29 73 95 0 76 22 88 50 47 50 50 95 63 6 96 20 48 44 7 23 70 73 38 49 94 36 42 79 43 38 19 71 67 2 36 70 21 89 8 68 94 35 86 34 9 45 33 74 54 27 91 38 46 56 35 49 70 68 14 74 36 33 79 25 73 34 92 68 3 23 14 86 99 86 78 19 86 32 0 62 79 84 32 58 88 40 97 4 0 45 80 57 21 2 33 80 67 14 7 5 44 18 29 1 11 89 28 5 12 93 86 100 70 90 98 56 26 51 93 83 10 37 92 47 84 88 70 33 84 24 43 20 55 38 86 19 57 1 73 41 8 70 49 75 20 25 50 18 19 86 0 19 66 75 73 23 48 73 84 54 85 43 100 74 98 50 35 56 34 88 59 25 30 26 77 88 53 86 90 24 35 48 47 99 71 60 76 62 52 23 38 48 28 88 27 93 21 18 74 81 56 57 10 34 54 2 76 4 83 10 67 53 41 95 71 83 11 34 72 85 96 96 30 59 17 89 54 21 42 72 15 23 41 61 26 3 95 52 59 67 15 78 82 1 17 47 51 8 22 42 12 13 84 54 30 13 20 51 95 31 3 68 0 20 84 0 65 42 14 49 90 25 58 35 43 92 67 36 85 1 47 29 53 8 37 20 51 21 26 28 34 11 80 28 47 78 40 40 20 68 65 62 88 44 12 46 7 28 100 34 35 39 25 70 64 69 12 83 74 3 59 17 13 73 43 77 82 5 13 53 43 90 59 31 45 60 14 5 15 35 25 6 90 37 39 21 23 51 53 47 14 46 87 49 63 64 100 25 34 19 18 79 43 93 83 16 15 84 16
18 10 91 73 98 65 67 93 10 10 53 86 96 70 100 93 3 79 61 52 43 19 100 1 60 83 42 79 48 21 89 2 65 29 64 17 7 12 8 20 37 61 61 88 69 61 80 70 99 44 27 81 89 29 80 88 28 71 82 47 70 25 59 94 41 36 61 17 73 28 63 35 28 84 33 85 76 62 57 64 33 77 92 58 21 25 15 61 83 40 52 11 69 88 50 79 100 54 9 20 38 82 24 46 84 65 4 55 91 25 8 46 60 68 80 15 46 82 61 99 56 84 89 55 26 64 92 33 19 59 80 94 78 89 15 15 88 54 93 87 30 67 80 10 69 43 69 38 97 30 83 50 56 34 34 51 20 6 40 59 43 77 50 27 89 81 14 5 83 0 23 99 0 28 11 88 23 81 57 85 10 20 12 60 36 79 30 47 91 73 53 10 42 7 66 14 42 39 35 91 60 17 27 13 8 37 1 97 88 67 65 2 46 76 28 87 10 65 36 63 77 40 95 56 15 78 69 71 32 0 0 88 43 51 63 86 18 51 21 16 10 46 2 96 48 37 79 75 34 1 4 6 62 53 4 77 59 35 34 75 57 75 100 0 56 81 39 28 59 80 64 32 91 26 73 60 77 60 1 40 64 67 49 77 30 90 64 10 51 83 15 43 10 15 85 33 38 79 41 78 99 77 77 10 54 41 93 60 42 68 88 25 36 80 70 94 96 58 14 68 43 49 76 99 13 22 25 35 9 95 71 88 86 32 19 41 1 58 26 33 73 92 39 62 1 44 82 9 41 37 11 67 60 89 77 26 41 0 94 0 27 91 22 43 42 76 54 54 77 24 32 70 78 40 40 92 10 99 12 16 74 32 12 72 81 5 33 71 97 97 9 40 96 57 67 88 9 47 28 16
64 65 100 64 68 57 0 31 88 33 87 59 15 48 37 94 61 98 16 67 7 45 86 19 5 32 83 6 55 93 29 26 13 79 60 0 82 66 11 94 48 15 32 92 73 2 13 56 64 76 16 92 96 50 39 6 72 88 49 6 63 78 20 66 23 92 44 18 70 34 77 28 10 95 37 94 72 61 79 18 77 13 38 87 18 14 76 43 29 47 8 65 73 63 86 90 23 31 4 1 95 93 5 34 65 95 17 58 34 67 95 56 37 62 18 78 20 80 54 44 73 78 4 75 30 6 1 30 98 57 17 53 30 55 31 87 95 1 13 77 54 43 72 28 18 88 97 36 75 27 94 45 70 30 91 32 30 46 32 84 13 28 85 8 25 76 38 92 26 95 72 62 49 39 38 24 13 6 27 77 32 71 5 20 48 10 24 19 34 82 9 5 72 54 93 64 4 97 1 17 87 27 84 17 66 9 35 10 44 16 8 68 54 57 97 33 79 18 18 35 17 74 91 35 72 87 7 96 72 88 38 63 95 40 53 13 23 65 80 3 19 26 31 16 85 78 99 81 30 98 78 46 58 93 37 60 29 23 81 31 71 7 71 37 100 76 23 67 6 94 19 50 12 71 94 24 81 10 38 19 22 87 5 7 95 61 82 16 67 1 64 98 51 6 59 18 14 49 82 88 11 47 78 27 61 9 34 93 8 31 32 78 41 79 50 93 5 40 70 33 9 3 83 96 96 43 13 15 57 5 97 58 47 13 24 71 2 39 61 17 20 69 26 3 80 97 2 44 61 81 49 60 23 33 75 43 39 98 19 2 44 40 64 35 76 78 75 88 30 88 9 15 55 65 81 11 23 1 58 0 5 79 20 19 32 97 25 58 28 65 28 75 76 42 33 43 63 26 96 33
72 85 11 64 2 27 98 60 13 45 38 26 66 29 22 8 6 11 91 2 54 40 56 57 13 38 21 91 7 5 2 56 24 99 61 49 36 62 14 46 57 60 82 72 82 18 32 46 90 23 51 56 76 41 15 54 70 9 34 43 80 31 1 8 65 65 17 28 90 0 21 98 52 17 19 12 100 44 12 59 25 54 39 42 50 83 81 93 85 83 33 79 25 100 98 55 7 71 85 79 38 59 92 57 8 61 28 26 88 23 42 100 84 4 77 28 15 60 47 86 32 56 73 24 3 12 38 83 70 37 42 30 57 81 99 72 23 89 12 99 20 31 20 44 1 60 37 66 12 33 61 42 45 94 13 21 71 28 79 91 75 25 52 77 76 48 59 99 79 91 5 99 34 46 2 37 12 60 64 24 49 36 34 64 12 15 92 99 3 95 91 62 17 49 17 14 93 15 64 66 47 60 31 73 97 2 83 25 70 24 69 81 28 44 53 8 83 82 22 92 24 63 53 98 36 49 61 29 64 98 73 18 11 65 92 62 41 11 93 96 16 88 44 91 15 6 33 52 74 81 66 72 1 93 15 64 41 46 92 14 66 77 20 69 54 41 67 31 39 61 80 7 3 41 36 37 62 90 60 47 71 14 28 11 53 7 60 4 70 73 36 23 47 89 38 61 26 44 25 27 98 74 63 44 93 99 55 63 5 1 32 67 15 54 91 36 6 68 10 45 72 15 88 87 54 7 70 42 59 20 97 67 68 20 36 79 38 90 32 29 63 66 39 69 76 20 100 78 39 51 62 48 71 61 52 67 23 87 47 53 13 58 68 4 61 84 91 16 83 100 12 16 40 59 82 9 88 100 12 88 35 93 27 72 17 85 70 2 41 75 98 8 26 62 51 36 7 23 38 81
41 46 50 12 6 67 29 29 54 66 15 50 35 76 90 38 64 19 86 56 22 18 85 62 16 95 25 71 1 42 62 49 35 34 44 22 93 70 99 78 95 38 99 17 65 62 54 38 95 4 54 34 18 37 89 63 38 34 7 48 38 23 93 94 26 32 81 50 52 10 4 37 92 18 27 58 49 38 8 33 43 54 72 45 89 89 77 16 6 34 41 85 60 33 32 43 77 94 35 87 0 41 89 9 97 76 97 94 46 5 71 39 31 87 54 48 5 79 51 46 97 98 45 86 85 12 98 92 3 49 75 47 67 13 87 93 33 28 23 41 32 29 43 61 43 71 87 53 28 52 56 46 82 11 33 15 93 45 100 60 43 75 89 23 32 43 33 11 7 71 96 46 94 72 2 32 87 23 66 37 19 9 68 10 23 18 79 14 86 59 11 13 32 2 8 46 40 100 82 11 97 86 89 31 11 24 1 42 43 48 48 49 56 88 4 26 72 54 59 17 28 42 72 66 67 1 1 26 38 59 68 54 79 47 36 39 78 7 48 81 19 32 35 34 15 26 61 11 1 81 89 50 10 94 10 58 15 15 9 12 47 17 44 96 40 48 100 60 79 90 95 5 35 83 28 55 72 18 40 45 54 37 85 2 55 24 15 77 40 36 88 94 10 0 12 51 24 17 5 41 30 14 24 81 58 17 56 60 90 87 75 51 28 40 49 16 69 23 88 100 60 91 81 36 2 58 58 12 52 72 30 17 98 42 85 40 9 85 39 27 96 5 42 67 94 73 98 60 3 45 57 39 48 18 55 71 22 94 35 82 85 21 35 78 25 13 43 37 79 8 44 74 91 62 59 45 93 40 24 97 73 12 3 61 43 50 10 55 99 30 38 70 46 9 94 26 98 9 63 32
83 98 21 95 71 44 20 52 65 63 25 54 8 90 11 51 65 38 48 34 25 21 49 61 53 31 22 19 6 51 29 86 79 39 19 55 36 93 68 78 83 84 19 73 68 35 74 9 86 89 30 4 90 42 82 26 81 48 43 70 59 89 48 84 61 38 32 5 31 86 26 51 65 8 14 92 85 57 30 94 49 67 70 2 77 6 35 73 5 10 74 72 72 25 28 73 66 55 96 0 84 99 63 76 23 92 35 0 6 36 76 46 76 28 27 49 23 2 26 94 74 50 45 1 35 66 61 16 6 41 37 34 51 25 94 64 66 27 86 72 38 26 27 70 49 27 36 44 90 25 12 76 42 16 42 34 85 40 67 83 24 69 74 55 39 34 66 66 17 41 33 1 75 82 85 47 63 63 68 70 73 17 37 23 50 78 61 25 86 14 6 34 87 15 90 66 79 57 96 31 59 56 63 36 30 40 8 70 63 71 31 99 33 76 90 84 3 12 38 58 92 55 93 61 78 24 79 26 5 15 37 45 87 97 11 42 20 36 24 98 89 23 35 89 55 37 99 34 0 54 29 59 5 16 92 79 23 41 31 4 94 91 21 70 5 58 9 7 100 83 63 22 87 63 9 71 66 2 16 34 85 53 38 55 89 40 17 77 48 89 78 63 39 94 58 98 43 42 53 60 95 93 66 7 99 88 77 20 47 85 80 15 81 75 84 44 1 14 49 5 88 53 16 37 62 23 97 53 80 35 86 20 67 11 11 35 74 52 67 8 51 96 59 100 70 23 46 7 64 96 50 60 87 76 64 18 29 48 69 9 56 42 87 78 51 45 22 17 98 1 18 73 9 30 21 94 12 76 86 41 70 68 8 89 90 84 81 49 23 8 59 62 92 5 41 52 94 3 75 24
93 13 78 14 90 21 48 68 27 58 87 74 45 66 72 80 29 24 22 45 15 82 4 33 32 75 29 9 87 99 51 55 27 92 71 23 83 63 60 26 17 96 70 39 66 72 26 15 58 15 8 79 12 21 92 67 90 57 36 95 30 84 9 100 92 45 62 49 47 94 20 3 75 93 62 8 44 83 80 2 23 10 26 23 54 100 90 50 40 76 8 91 92 9 31 87 35 30 36 30 38 70 42 15 25 18 26 5 29 91 50 24 36 87 52 16 63 34 0 97 43 78 0 60 76 38 33 72 50 45 47 2 30 53 43 15 76 82 20 81 46 50 54 65 55 66 12 73 26 21 72 98 12 53 88 67 21 18 85 20 73 87 98 9 36 75 72 67 11 54 11 28 33 49 37 32 4 5 67 65 53 69 1 58 33 31 56 13 72 5 78 43 51 51 45 8 10 33 68 49 36 67 54 84 49 41 33 12 30 24 29 24 29 56 80 73 75 1 54 88 48 95 53 58 59 16 6 25 82 5 29 55 66 33 86 15 77 70 37 44 19 35 91 41 66 6 13 78 44 11 88 41 74 9 29 59 28 43 40 81 93 74 54 77 63 98 77 88 18 88 93 50 19 21 55 55 24 57 81 92 89 59 14 25 54 12 72 28 68 10 35 10 63 14 35 44 82 37 32 6 68 41 13 92 21 85 21 53 86 32 24 64 62 97 37 11 73 43 73 87 49 4 17 40 99 59 100 56 34 34 97 31 100 91 6 100 22 12 39 41 58 11 91 48 72 7 97 53 61 85 67 93 83 66 75 65 99 20 27 82 61 57 34 51 95 79 13 28 2 38 12 16 29 100 4 94 100 63 65 72 91 93 85 72 77 26 3 39 79 32 69 82 98 12 100 9 88 58 97 13
74 68 0 80 64 69 35 78 99 87 0 20 37 49 38 78 34 24 79 7 80 91 70 48 61 50 91 79 38 42 31 43 88 69 44 41 40 86 13 60 99 71 71 56 87 22 87 39 73 46 85 24 31 14 92 30 52 66 38 77 87 67 34 53 100 78 31 55 62 40 30 19 35 94 19 55 74 33 3 78 35 31 35 58 6 73 48 87 5 48 51 82 48 65 56 94 49 45 63 61 67 97 99 68 46 20 44 93 94 59 95 45 44 39 51 40 25 18 85 62 46 10 39 90 94 5 60 74 69 65 100 76 22 35 24 93 87 24 50 38 7 67 3 87 43 63 64 95 81 43 74 15 15 84 53 13 82 53 88 84 18 99 100 63 3 15 51 4 73 36 67 6 59 39 3 17 13 59 73 80 79 2 17 5 96 30 83 33 26 95 60 94 86 35 29 26 80 82 41 12 6 27 84 13 35 54 29 74 56 41 96 43 23 39 94 37 83 4 85 5 65 12 84 26 80 83 8 33 60 7 44 2 21 87 76 31 87 44 13 76 46 80 72 47 52 64 41 69 95 97 30 17 50 75 88 60 31 56 17 17 96 52 83 1 48 72 98 5 81 56 35 66 94 75 31 4 55 50 63 5 92 1 40 28 39 58 66 3 65 3 62 51 55 99 12 46 18 92 18 58 21 47 36 77 96 50 84 49 5 76 70 30 76 21 1 16 26 73 21 24 96 21 19 52 90 47 85 5 76 50 57 35 100 14 30 59 86 28 56 94 13 81 56 67 28 56 31 69 7 25 36 59 53 12 1 33 19 88 80 88 55 11 4 50 93 48 66 97 40 84 91 76 16 55 19 76 42 37 92 75 13 70 10 51 16 91 57 17 47 30 5 8 97 0 62 80 26 5 100 28
39 39 88 80 27 40 93 94 93 19 32 11 77 71 48 5 17 65 15 85 60 20 66 43 45 73 31 67 34 93 14 73 11 29 13 57 24 7 33 20 100 81 19 78 80 99 93 48 88 97 77 83 2 8 15 99 92 74 4 11 8 58 37 20 2 79 92 89 42 61 75 11 27 45 87 82 14 13 5 95 17 19 51 15 55 12 10 68 41 61 93 72 65 67 36 65 42 85 16 36 91 43 68 19 35 66 49 0 8 14 69 90 66 72 74 75 62 80 24 29 88 22 99 95 38 37 10 41 36 58 13 97 61 16 33 11 30 38 47 78 35 91 10 41 25 8 33 14 99 58 49 14 77 85 24 36 26 47 0 95 30 77 14 90 1 59 16 25 11 8 81 33 27 56 18 53 42 7 5 20 80 39 13 88 70 73 26 100 19 14 75 80 20 8 29 49 96 78 39 41 7 3 15 11 42 43 79 73 0 11 91 83 58 3 98 77 33 54 46 16 50 62 42 16 73 13 56 22 50 94 32 95 84 22 41 100 96 81 69 52 67 70 42 14 93 60 27 80 31 20 55 18 5 63 81 5 22 28 61 48 76 3 79 55 96 46 46 19 27 11 18 24 17 25 26 22 61 7 87 89 42 17 4 60 1 31 5 56 84 29 21 85 43 84 82 27 85 60 53 89 80 79 12 78 84 86 98 54 35 48 75 52 8 95 84 90 14 98 39 21 19 86 73 2 98 24 25 64 74 91 30 1 100 42 40 26 91 62 16 49 5 99 18 85 53 42 84 4 13 73 25 97 33 26 69 24 5 1 69 41 2 3 97 20 56 81 78 74 77 77 40 69 71 39 84 53 51 79 27 5 55 89 65 30 86 98 0 69 40 85 51 0 28 68 80 2 41 41 30 17
12 6 27 1 65 69 65 8 35 85 43 81 51 24 67 90 68 74 24 93 52 38 28 24 33 70 78 80 45 98 96 74 79 53 9 47 43 65 24 86 18 9 99 10 15 76 17 38 13 73 96 11 51 72 26 55 69 52 74 67 33 26 61 16 99 42 24 37 67 92 13 28 25 86 12 66 36 32 55 100 86 50 12 3 28 54 64 2 22 29 41 47 37 26 83 80 84 80 35 13 47 28 50 99 24 34 78 91 33 6 90 87 69 37 33 91 35 3 60 61 74 84 77 19 55 14 62 90 61 49 35 31 27 37 8 24 51 56 36 19 54 42 34 73 17 85 77 81 100 55 40 35 78 37 27 91 91 88 60 79 36 89 78 49 60 54 35 80 36 62 5 66 21 1 19 57 43 79 67 81 63 89 54 28 29 52 81 62 7 60 35 35 33 98 50 82 83 48 89 38 8 70 63 84 54 31 32 100 53 70 90 88 54 56 83 72 31 18 58 18 82 74 38 15 17 94 31 55 47 64 84 82 10 51 8 26 98 65 65 11 79 47 76 49 87 71 31 37 80 27 76 71 42 18 34 92 66 97 84 33 25 66 3 30 76 90 78 38 38 61 86 99 58 71 60 21 84 11 3 36 50 14 78 21 25 99 17 7 48 63 100 85 30 43 62 2 48 70 6 66 91 48 50 54 59 82 45 22 54 44 28 86 4 63 59 69 61 91 20 40 88 86 79 45 2 100 5 87 68 42 27 22 21 15 52 24 32 2 79 78 62 92 40 35 82 88 78 86 10 66 15 69 59 95 96 53 43 33 68 47 16 51 15 80 91 12 32 23 33 99 89 1 22 73 33 18 90 65 54 91 85 7 94 36 87 8 18 89 7 24 63 95 64 18 83 70 84 91 46 14
82 46 14 92 8 17 69 74 28 67 16 59 6 6 6 62 29 53 46 46 62 62 15 28 32 6 47 15 53 47 89 98 68 52 16 34 30 6 1 59 84 57 15 47 74 36 93 38 54 69 82 50 31 47 39 3 90 78 61 92 49 92 45 91 68 63 45 21 71 57 72 75 79 14 29 60 41 95 80 8 98 20 50 82 57 11 72 68 98 37 81 91 100 19 6 7 35 100 25 34 38 71 27 57 26 98 31 92 72 27 64 24 38 24 29 44 73 61 28 87 33 41 31 41 73 27 74 18 62 28 39 2 60 47 30 50 25 78 43 77 71 61 21 60 70 63 45 73 61 4 22 66 93 78 58 50 73 72 54 25 81 40 20 9 76 38 26 15 73 81 27 38 45 96 8 1 42 89 79 61 36 57 80 53 42 13 55 74 48 31 9 46 3 90 52 100 28 7 11 74 27 18 53 12 56 91 73 82 25 81 70 23 82 10 11 63 92 73 1 75 3 8 33 68 22 65 62 66 48 87 54 38 37 80 53 81 70 13 17 24 95 86 10 14 67 39 97 39 26 99 24 96 22 88 6 27 62 66 36 89 97 4 39 33 62 91 22 75 31 58 37 88 1 57 8 55 71 89 17 17 4 4 9 57 7 37 91 84 8 88 35 76 65 46 55 83 15 90 67 26 6 89 96 24 13 27 2 13 95 40 9 90 0 41 56 20 55 88 37 61 48 91 58 82 41 4 16 1 78 9 68 97 66 3 64 23 17 42 5 23 82 77 11 93 89 17 10 43 8 1 48 7 37 79 52 11 26 54 23 76 19 64 88 83 55 38 6 87 20 65 29 4 73 39 43 17 98 88 8 72 93 19 80 49 14 13 69 38 57 94 6 72 89 64 98 37 71 71 28 22
38 23 2 79 95 27 44 19 99 91 61 10 100 81 75 1 68 13 70 16 46 90 1 41 82 45 72 10 88 22 7 71 66 90 23 83 56 62 12 15 58 100 76 62 33 86 87 97 58 9 85 16 20 89 69 93 53 38 70 89 47 17 4 21 67 44 56 69 76 84 85 18 7 56 69 88 73 73 52 47 13 36 63 25 56 58 33 89 96 99 16 96 63 45 67 95 52 42 40 27 88 30 23 94 26 49 30 54 93 27 31 71 5 14 68 92 86 80 35 21 26 51 36 63 53 27 23 15 4 91 1 20 33 42 39 15 54 33 26 4 25 29 0 82 47 46 59 90 8 36 37 51 54 92 96 6 48 19 98 76 75 70 35 95 9 78 77 55 47 53 77 20 54 39 25 35 5 98 89 13 17 65 87 72 92 38 94 19 60 10 48 93 67 100 49 53 54 53 45 30 1 4 97 10 22 52 84 21 21 79 20 17 64 38 48 85 20 47 82 14 75 85 22 64 29 56 52 63 92 64 26 99 94 87 3 22 79 37 90 0 96 10 63 49 98 64 43 73 25 31 65 6 88 45 61 74 51 33 94 60 12 83 66 87 66 14 76 1 11 77 37 24 21 98 43 77 83 74 55 10 4 57 22 100 92 50 2 35 35 71 64 42 13 61 17 5 77 50 52 4 42 66 68 30 77 59 64 98 24 29 8 34 59 61 78 15 72 97 48 87 1 43 100 39 54 81 52 92 23 89 15 77 62 66 40 69 16 72 87 71 27 86 15 13 40 29 12 1 15 31 46 9 78 40 94 99 58 50 87 10 8 25 5 51 71 17 65 19 0 59 6 27 82 30 73 46 28 54 48 39 81 36 77 64 26 28 51 63 63 100 4 74 58 32 69 65 47 85 92 72
71 79 40 21 28 99 3 71 89 15 8 71 13 60 27 36 54 6 97 17 28 70 88 36 89 34 48 55 20 63 20 14 35 84 82 67 21 6 2 41 90 61 52 87 87 50 42 31 4 72 19 75 72 94 14 83 9 63 79 3 88 51 31 36 0 78 36 30 99 21 85 38 1 78 80 84 42 60 53 68 77 18 100 20 100 75 88 87 58 67 76 8 13 61 36 46 47 68 50 2 2 72 58 58 52 8 15 88 20 39 81 59 53 30 75 81 28 22 63 60 5 59 38 62 74 38 68 97 91 88 53 49 69 14 28 0 94 58 81 35 21 50 36 2 9 60 51 82 16 74 36 78 65 20 21 24 76 51 61 57 59 99 89 92 40 22 20 95 84 73 8 30 26 0 42 1 70 72 15 76 80 61 26 89 44 55 53 82 61 14 1 45 56 0 13 39 96 90 100 83 8 24 5 76 94 71 74 16 45 21 81 58 52 27 93 4 28 18 3 90 63 89 98 48 18 79 98 84 30 82 61 45 31 17 12 84 43 0 98 68 13 11 78 84 99 70 91 86 52 38 6 13 70 36 36 17 65 9 83 35 1 20 54 71 41 49 97 27 52 53 71 77 77 51 90 37 41 40 48 40 72 12 52 57 91 37 62 14 59 38 24 86 66 85 23 31 67 48 21 56 73 91 35 53 23 79 97 86 48 4 5 11 49 7 48 45 24 32 78 79 2 49 69 46 100 62 25 80 14 78 35 68 60 9 82 13 5 10 59 89 49 93 17 100 99 28 99 4 98 29 85 15 92 95 71 10 92 94 22 83 62 1 47 71 85 2 84 75 98 50 20 2 17 52 61 92 41 15 9 67 34 25 35 40 2 66 55 21 95 92 4 84 29 92 78 50 66 39 46 22
27 10 98 0 18 19 59 38 25 14 74 99 36 36 89 16 32 27 97 20 71 22 51 34 75 52 100 45 56 75 25 73 12 54 76 71 57 25 38 51 83 38 92 92 42 18 80 70 80 40 0 48 77 37 26 63 80 87 87 70 35 1 40 85 82 62 34 30 4 4 34 91 80 33 30 55 40 57 91 3 8 11 25 11 16 71 70 7 48 61 58 77 5 91 57 89 81 78 23 98 37 9 33 4 71 81 12 28 62 43 23 4 25 25 90 33 82 9 99 66 23 58 1 16 26 22 58 70 66 37 26 61 6 100 6 33 6 89 77 4 29 12 67 55 71 38 92 21 88 95 27 72 27 83 30 70 48 34 62 46 58 3 11 38 49 61 8 48 84 73 93 59 28 92 42 75 43 55 31 16 13 61 79 98 60 8 42 55 80 60 91 66 68 22 33 99 3 17 84 83 76 60 66 15 81 1 14 22 13 98 44 15 1 27 92 24 14 68 33 1 46 48 24 26 45 79 38 66 13 71 33 100 69 18 23 32 45 15 58 89 13 95 44 92 30 25 41 58 99 1 86 58 71 3 88 32 7 70 87 50 28 10 44 56 41 92 72 10 71 93 40 1 11 15 19 43 70 73 84 31 42 29 94 93 38 29 53 21 10 62 22 31 13 41 59 55 18 18 61 38 80 56 55 7 83 20 76 45 53 93 88 46 83 79 53 69 13 9 62 4 76 84 49 16 47 97 38 6 75 77 5 64 21 87 6 93 25 41 17 13 96 58 78 89 80 5 37 89 94 86 43 58 52 52 12 58 2 37 13 48 28 86 85 24 37 71 83 31 62 48 48 67 8 45 8 23 61 48 72 34 80 78 54 65 74 27 28 24 71 62 90 19 15 8 71 84 6 55 32 78
8 67 67 93 49 15 70 80 82 38 48 94 29 100 57 85 86 72 80 37 22 75 3 30 94 13 92 33 56 30 56 3 28 44 99 39 86 31 85 1 55 9 35 40 86 23 42 13 94 68 70 58 63 86 50 22 38 18 12 91 91 84 44 13 13 0 31 22 61 50 55 45 24 70 34 73 90 92 89 90 62 17 48 84 81 57 99 9 26 15 10 83 12 72 45 96 37 7 44 74 62 87 56 32 88 2 49 72 58 80 57 75 38 79 54 99 100 4 85 89 75 66 55 16 26 54 83 85 86 81 74 43 71 57 8 94 41 30 86 91 28 1 31 70 71 37 39 7 87 24 94 88 16 80 94 37 44 17 46 75 77 80 61 73 16 24 65 50 66 31 80 97 78 47 60 90 59 60 87 88 63 33 57 50 24 71 85 34 47 54 70 28 6 19 30 5 66 18 14 32 39 57 30 100 86 42 68 93 51 96 69 75 27 7 77 64 93 54 72 9 65 85 65 26 72 19 18 88 62 80 91 20 39 7 24 39 52 36 25 15 26 71 65 48 98 44 57 23 61 6 56 95 59 68 71 22 14 81 83 18 79 14 75 15 89 47 48 86 98 45 18 53 19 59 73 51 36 42 29 94 47 27 43 25 59 96 81 46 17 64 70 81 11 36 93 55 16 83 12 60 62 29 35 49 52 15 43 65 56 32 7 51 75 80 46 31 51 30 76 43 35 66 95 79 64 73 52 29 56 73 92 33 24 32 84 88 27 9 86 80 76 0 74 64 55 80 9 90 51 88 99 33 2 61 40 46 79 48 84 25 34 66 77 12 4 7 73 40 50 13 28 98 15 45 18 88 76 61 39 49 55 23 14 23 63 95 58 32 75 19 46 82 67 30 61 27 41 97 91 10
45 48 81 66 55 49 91 16 51 72 81 52 76 85 12 43 79 85 14 75 10 97 12 73 96 46 38 44 56 88 66 92 95 43 16 53 51 43 66 23 12 7 1 10 72 40 88 89 44 14 35 9 95 46 93 86 23 83 19 89 98 66 86 78 91 62 96 78 93 83 68 91 97 38 18 83 87 100 61 34 97 62 33 57 15 13 48 4 89 95 71 62 70 43 21 27 92 53 10 7 95 81 75 98 77 92 4 9 59 11 92 16 49 26 14 53 93 69 70 54 47 28 89 70 100 78 41 36 12 10 48 75 29 60 83 68 68 10 57 20 12 76 75 56 70 43 9 13 12 47 96 21 67 66 24 31 33 97 75 86 62 55 85 40 75 50 82 11 27 97 58 78 13 28 57 5 41 31 45 53 50 47 72 95 65 69 38 70 90 64 59 17 62 30 45 25 5 7 80 98 83 66 79 59 47 97 20 97 64 62 95 79 86 5 8 97 15 33 90 73 3 99 43 69 60 92 53 92 11 81 98 55 22 28 62 38 46 60 99 49 21 40 43 69 8 56 15 91 55 54 1 91 16 29 84 17 21 26 11 86 22 78 72 3 6 58 36 4 67 20 83 64 9 93 67 99 35 67 43 6 53 12 12 3 64 93 43 10 71 88 34 64 70 50 45 85 32 4 61 2 79 89 67 87 70 38 56 11 15 84 56 8 11 26 19 93 70 50 67 89 59 37 27 66 94 10 78 5 93 2 43 54 63 20 71 95 67 49 100 93 53 24 58 11 12 98 8 53 54 1 18 25 81 18 5 75 8 39 78 95 80 89 12 89 25 37 70 43 54 42 55 61 18 100 8 56 80 14 94 34 52 22 29 48 66 18 59 85 31 49 40 21 58 17 53 89 86 52 11 60
60 21 16 55 95 64 97 44 38 43 55 93 28 40 8 28 65 84 28 28 31 39 29 76 80 95 73 63 21 83 89 11 26 57 66 69 5 92 96 45 26 34 100 8 72 96 56 76 31 71 8 93 31 16 85 1 69 2 18 74 47 60 18 63 14 55 78 80 1 94 56 3 29 73 53 15 76 3 86 72 45 24 20 72 36 34 69 27 41 100 27 37 57 11 64 10 14 55 10 17 44 54 1 0 93 82 26 97 31 13 3 87 2 58 45 48 82 63 24 23 38 92 93 21 55 91 52 37 22 96 75 17 56 73 88 45 16 45 91 3 55 4 89 95 47 24 52 36 40 47 9 43 83 81 54 60 65 50 91 6 29 8 19 51 78 28 64 7 9 39 56 61 58 40 71 77 71 47 77 97 41 30 48 13 45 7 1 9 37 45 6 31 96 91 5 87 78 49 24 24 67 95 9 4 85 95 4 4 73 4 86 17 76 50 7 4 23 66 45 79 93 25 97 62 14 53 89 49 27 43 16 82 47 28 46 88 75 10 6 49 87 45 51 94 12 29 86 14 63 92 93 3 95 29 86 20 27 12 46 13 40 57 46 44 92 48 64 0 48 53 2 36 37 9 91 88 78 54 97 49 40 44 73 54 0 56 30 57 33 82 24 93 68 48 9 73 6 8 48 59 55 48 64 9 7 31 21 78 46 62 55 13 41 5 12 24 4 2 14 83 89 50 44 87 55 16 16 86 40 11 43 32 94 72 86 18 30 54 59 49 13 64 33 31 20 15 96 32 51 84 81 40 44 46 55 79 71 95 98 65 48 49 21 30 60 55 69 72 41 100 88 95 52 17 33 46 65 2 65 33 69 69 46 78 86 97 98 70 96 53 64 24 77 33 60 35 79 77 33 7
32 60 9 2 35 36 47 74 88 67 96 81 87 24 46 52 74 5 40 7 58 34 38 59 3 91 43 35 55 35 38 56 67 19 7 0 93 63 77 25 69 48 54 69 3 2 57 28 89 59 88 34 57 12 1 68 77 64 72 27 31 31 69 86 88 32 66 12 75 49 60 35 54 2 35 18 70 62 27 55 27 92 62 38 21 62 84 79 59 31 92 29 8 88 21 89 66 89 36 31 0 94 89 45 97 99 16 13 30 24 59 41 58 87 86 8 52 21 20 37 1 74 53 61 79 61 59 81 53 82 59 58 34 89 81 63 11 99 61 94 39 48 96 3 17 73 89 12 41 3 51 64 65 6 32 75 64 89 46 45 85 83 33 24 16 85 50 33 63 98 57 36 75 14 10 56 31 77 51 62 31 37 59 93 60 69 10 24 11 56 86 10 22 28 91 78 17 73 96 43 98 87 83 92 26 48 11 88 25 34 36 41 59 57 22 28 8 74 28 26 12 40 7 84 26 69 25 48 81 53 96 50 75 96 87 6 50 68 32 28 15 42 50 94 50 79 100 76 86 94 20 79 28 31 85 28 59 86 82 7 56 63 56 78 53 50 44 65 10 7 38 52 77 31 68 40 67 91 39 69 5 81 40 83 5 93 2 23 20 96 81 32 100 18 65 71 23 55 93 41 6 59 21 34 94 35 66 73 48 50 93 66 48 31 50 34 73 19 78 49 100 48 48 50 4 81 63 65 3 8 31 65 11 60 50 9 80 57 96 80 52 6 8 94 68 79 84 53 2 81 31 26 62 51 60 14 1 9 27 11 24 79 73 26 81 27 8 35 24 12 43 9 64 46 78 25 18 51 25 71 34 72 96 12 37 85 86 44 75 86 91 16 7 47 56 45 92 51 35 84
83 12 96 54 99 62 91 56 62 47 10 57 76 6 19 44 25 91 19 63 58 52 13 99 73 31 37 14 16 33 27 73 86 75 73 46 58 91 98 53 13 2 44 40 42 17 24 41 40 41 85 33 66 12 44 11 45 1 12 23 82 4 79 38 27 12 56 66 49 96 63 6 76 38 79 17 29 31 78 25 80 45 28 51 32 90 21 56 43 42 42 54 22 62 20 94 0 16 25 33 95 39 47 100 47 57 16 67 29 2 94 48 19 90 59 10 55 10 47 7 27 33 1 53 64 78 77 25 86 30 92 68 78 13 85 48 36 97 10 28 4 50 92 20 5 95 41 25 47 66 19 74 67 21 48 100 28 68 29 49 80 2 5 21 22 97 82 27 29 38 66 70 87 94 99 22 74 29 52 84 79 40 62 66 28 47 35 49 55 43 52 21 36 64 9 92 12 63 8 68 45 21 20 80 93 36 8 44 7 58 6 59 14 25 28 3 100 85 16 0 20 96 77 86 93 65 87 19 30 79 10 68 3 55 61 73 28 93 76 47 44 28 1 90 11 74 58 71 92 10 59 70 39 41 86 75 47 88 69 69 56 2 8 48 21 62 36 90 61 54 70 12 11 32 95 27 20 72 4 25 8 6 7 76 85 89 18 77 31 3 35 70 100 50 26 25 8 60 94 90 70 22 84 33 66 83 54 64 9 63 29 35 98 90 27 72 26 71 85 6 12 54 20 40 22 67 12 71 63 56 67 95 80 41 97 9 74 38 32 30 23 8 36 41 37 46 4 91 75 54 20 21 42 70 6 23 32 55 26 58 56 21 81 47 73 95 26 50 98 99 61 33 7 52 93 45 27 74 43 49 62 38 41 39 42 22 30 77 56 60 65 14 19 57 32 65 1 72 91 17
36 99 13 24 85 37 11 30 54 45 59 58 47 49 0 17 18 3 70 93 11 28 91 88 11 66 78 8 40 34 79 51 82 32 24 71 73 56 25 23 73 81 4 74 35 91 25 47 61 1 18 94 94 42 34 99 55 43 34 83 85 69 36 19 67 92 66 63 36 58 97 42 84 78 34 41 75 8 71 50 4 2 44 74 62 90 3 32 78 38 61 0 23 59 85 2 61 44 21 7 4 33 11 13 96 55 44 64 42 24 15 57 98 31 15 31 80 54 21 61 96 56 87 49 65 98 58 99 12 5 11 85 34 18 49 85 1 75 16 0 78 58 89 16 55 49 42 37 91 89 57 67 33 88 34 80 14 87 85 22 38 42 85 34 93 86 40 87 95 91 16 74 78 40 83 5 83 62 73 24 43 69 1 69 18 89 83 84 40 6 69 20 86 7 33 41 53 37 4 74 7 75 67 4 79 29 92 95 91 30 24 49 11 49 50 50 96 68 19 98 60 89 68 90 87 91 71 95 9 15 58 80 23 89 20 28 38 78 50 76 88 52 60 59 9 2 8 56 13 94 49 80 24 95 30 69 45 8 13 87 10 9 98 62 69 85 11 28 98 17 61 12 4 48 64 6 88 63 30 76 73 54 68 32 15 2 75 10 10 61 58 46 84 71 34 32 95 84 4 75 38 41 78 15 3 100 4 30 70 23 96 30 3 87 98 24 54 79 51 77 62 4 32 41 78 19 35 10 52 7 91 45 100 34 12 66 57 96 63 16 13 95 11 38 42 69 21 74 39 22 98 86 51 60 50 67 57 50 1 83 44 9 24 19 2 5 99 47 51 86 21 44 48 27 90 64 73 100 50 92 23 71 100 16 12 51 94 76 2 53 96 86 0 76 14 27 79 41 45 0
77 3 58 53 29 12 37 70 23 20 22 11 69 18 20 75 31 60 18 83 16 7 97 21 17 10 15 63 63 94 67 79 23 100 26 35 17 79 57 21 50 46 43 93 65 92 26 54 79 26 6 12 95 16 81 36 35 53 88 46 36 59 91 59 63 15 32 5 60 41 91 78 14 72 14 64 41 72 0 32 90 32 94 30 91 30 6 42 23 90 23 14 22 82 49 80 77 12 69 16 91 29 44 62 71 4 84 63 68 43 59 70 26 62 98 24 49 97 69 57 78 89 38 67 64 12 49 69 61 26 61 86 72 19 62 11 44 16 54 37 23 51 32 34 5 10 87 35 21 75 81 20 44 60 5 75 65 50 66 28 69 80 60 62 56 83 25 54 22 76 3 16 95 12 30 23 0 44 36 93 76 37 86 56 56 54 48 50 98 39 38 63 30 51 43 79 14 4 43 11 79 45 85 25 40 68 41 32 33 6 95 90 91 81 45 67 37 50 69 98 29 68 90 56 26 75 96 94 28 67 18 50 47 10 9 27 19 17 22 16 67 91 60 98 0 69 36 40 9 75 18 1 16 13 45 46 17 26 9 77 48 100 18 27 86 34 67 2 40 3 40 31 84 55 16 95 22 67 88 32 42 91 28 64 54 91 27 70 41 66 63 2 57 23 93 26 32 64 0 16 47 6 31 79 81 11 58 41 74 27 38 36 14 62 68 34 40 33 18 41 68 58 59 63 56 64 82 50 69 57 43 23 65 74 7 37 44 76 91 7 11 11 81 92 35 3 9 51 70 24 40 42 80 47 46 58 95 38 95 14 12 63 82 91 64 83 8 60 63 21 67 83 16 14 41 17 50 13 62 13 74 72 60 86 87 20 30 58 75 37 53 38 22 26 66 28 28 100 70 13
93 5 98 18 81 98 41 92 18 7 71 41 15 18 35 31 49 7 64 54 91 30 71 93 52 10 89 38 19 55 13 37 81 59 65 55 81 86 19 81 98 75 52 35 19 42 0 89 39 25 94 84 52 74 84 40 13 73 43 72 13 63 25 57 82 49 0 98 39 72 75 66 72 37 20 88 33 15 61 72 70 32 68 1 75 100 52 87 64 35 98 83 74 58 93 45 24 37 66 27 96 49 25 70 33 21 93 38 66 97 35 19 55 56 42 33 27 78 48 65 83 54 80 31 97 98 81 17 11 38 53 28 32 63 74 18 72 43 23 81 9 80 41 51 25 68 66 38 46 25 46 87 94 90 78 19 25 99 13 55 98 34 37 60 45 3 46 9 92 94 73 72 18 53 27 64 82 35 76 72 67 28 83 26 37 39 60 31 52 91 28 87 25 97 73 16 12 96 30 87 51 77 14 40 42 20 92 60 82 47 9 90 11 80 76 88 1 49 60 14 87 27 64 89 98 5 33 13 75 75 44 11 27 61 45 86 57 8 6 89 16 75 57 1 76 66 5 6 49 13 68 16 57 78 70 55 0 91 26 80 49 67 72 34 5 58 26 96 59 9 96 26 28 52 52 81 32 28 67 3 40 34 88 2 1 69 83 26 38 86 64 83 28 10 37 24 3 65 2 17 21 9 41 32 14 85 65 76 65 32 37 56 8 42 16 78 11 63 90 57 70 49 84 70 18 66 80 83 29 11 21 6 8 86 86 36 3 68 45 92 93 61 50 18 19 7 26 44 88 22 47 12 18 94 85 87 58 25 96 77 32 65 52 78 78 24 64 7 20 51 74 39 85 96 32 15 7 76 100 87 18 79 13 47 40 81 66 7 31 24 12 21 33 60 71 88 11 68 24 6
67 4 54 2 6 90 43 61 29 60 47 62 30 13 100 7 56 69 68 95 69 54 96 24 45 82 3 15 42 42 18 52 28 48 83 19 16 20 49 60 51 33 6 77 83 96 44 13 85 90 21 65 49 61 45 40 72 83 17 99 65 56 44 53 88 92 82 43 23 74 98 70 43 55 45 36 83 86 61 7 8 5 25 29 0 68 45 12 30 99 91 92 68 15 19 8 79 56 60 26 39 87 5 32 25 84 25 46 16 61 13 36 47 65 71 40 7 6 48 59 84 33 14 98 87 73 38 72 17 99 97 75 99 84 37 98 45 56 14 41 21 96 23 98 36 49 44 78 92 29 96 34 19 24 22 51 99 3 54 74 77 46 11 30 80 70 72 93 65 98 88 54 67 43 88 70 6 46 27 36 92 55 84 59 46 21 73 14 33 57 14 4 42 48 28 27 3 83 23 27 97 82 98 21 92 71 5 73 54 94 58 19 11 58 6 35 59 10 28 76 97 95 84 11 48 37 28 70 11 38 90 0 75 75 25 39 26 71 49 94 18 2 36 34 52 36 49 78 50 54 90 36 94 11 64 42 74 87 64 98 51 3 79 12 25 27 3 72 72 53 31 58 65 1 27 87 65 83 1 41 88 50 38 36 90 22 17 74 86 19 1 56 47 52 79 48 23 7 68 99 82 16 67 56 5 86 24 59 19 1 82 50 55 28 27 25 56 10 58 18 20 3 53 41 51 12 74 89 7 78 87 61 73 11 83 56 5 14 54 65 43 79 34 23 18 63 33 77 55 32 91 42 46 70 99 24 42 33 85 10 8 2 6 93 77 22 94 48 68 35 49 64 0 11 25 21 21 6 29 42 89 0 66 87 89 64 90 58 92 4 34 7 97 48 95 61 92 80 95 7
8 2 72 50 1 72 43 46 70 35 33 10 67 54 39 32 23 84 96 75 76 5 36 59 73 92 92 23 42 29 98 15 42 15 6 33 40 65 81 69 47 83 25 69 74 79 69 93 44 79 71 67 2 8 81 8 98 41 10 24 19 75 34 0 51 19 3 26 74 18 15 69 22 75 3 7 98 10 0 66 50 89 80 13 80 42 52 9 20 85 21 13 11 53 71 71 57 49 71 31 41 9 4 14 83 75 4 53 14 35 46 1 43 70 96 68 85 43 61 11 91 86 78 63 26 26 66 39 71 92 49 20 10 49 74 53 22 91 38 32 93 20 77 29 45 85 81 85 20 30 100 100 46 55 30 68 79 23 96 60 34 29 99 57 89 86 1 46 57 42 98 61 90 53 26 31 13 54 79 21 26 72 24 67 18 5 88 91 32 64 49 37 17 77 35 1 47 13 70 14 5 76 93 18 11 49 1 79 32 29 26 94 10 80 20 35 70 85 81 17 20 65 91 67 88 67 72 65 6 52 66 18 94 100 14 6 81 11 9 17 55 59 97 9 53 12 38 29 65 81 9 62 23 41 90 57 64 22 4 16 5 44 98 38 3 45 55 10 89 18 74 82 37 24 89 44 69 90 71 58 90 95 68 7 61 93 43 12 37 67 12 3 10 67 1 39 50 15 68 6 77 37 40 94 34 77 72 33 65 38 79 77 27 34 75 58 48 87 18 47 37 81 36 12 90 95 14 87 21 62 10 42 30 84 63 52 100 63 57 100 49 99 16 91 20 75 24 100 37 14 98 30 41 54 63 56 61 68 92 72 53 74 73 18 61 11 86 5 41 45 68 8 34 29 29 55 95 60 47 12 40 19 11 10 25 83 48 53 87 28 81 24 80 71 82 83 70 77 11 50
12 66 29 73 37 40 66 91 38 33 85 33 76 49 29 67 59 89 50 73 16 48 47 93 5 16 40 42 76 41 43 43 55 79 99 84 27 46 23 14 25 6 11 40 39 18 42 35 12 61 44 8 4 66 84 8 40 87 33 85 65 56 18 36 68 2 40 45 68 68 35 44 80 92 13 56 46 35 24 78 40 21 96 51 86 22 37 40 4 89 3 99 25 66 57 25 57 12 45 70 84 30 66 4 5 100 72 33 26 100 51 22 21 56 59 71 5 2 99 54 98 68 37 45 16 78 9 7 37 100 0 41 63 66 31 67 86 9 57 59 1 5 44 30 80 88 22 48 34 99 37 5 3 19 23 66 36 50 83 80 16 49 0 66 75 64 45 7 20 50 60 30 59 53 67 36 66 73 92 96 16 68 26 85 34 17 40 90 14 57 45 38 3 56 19 56 6 18 58 8 99 39 33 31 18 39 84 82 76 4 37 76 13 61 10 94 93 13 88 92 7 100 4 48 55 54 84 81 42 68 72 18 34 54 72 23 64 43 20 82 60 30 81 57 75 70 85 1 14 61 59 27 5 84 41 89 73 8 43 66 99 13 47 70 58 93 38 4 31 49 69 35 79 47 71 52 37 36 60 30 51 0 31 31 15 1 59 77 87 44 74 14 59 33 6 77 22 85 85 38 69 8 43 45 72 75 33 80 57 61 2 28 28 15 36 67 4 81 46 86 27 16 57 13 4 24 55 6 29 44 20 36 91 1 12 0 36 93 4 94 35 40 38 1 75 67 74 76 79 75 88 37 55 72 25 50 89 20 100 33 90 39 27 88 64 47 18 6 37 16 10 69 0 43 40 57 49 86 10 31 69 7 69 12 47 37 61 7 3 34 48 99 98 6 51 81 12 71 3 97
97 9 15 100 33 4 87 47 75 0 86 45 75 13 100 24 88 79 65 69 15 85 75 68 43 63 39 98 7 42 97 59 38 60 17 87 51 19 56 14 9 11 60 94 65 36 20 1 5 10 77 43 28 85 86 94 18 98 92 82 14 0 54 48 85 36 91 82 64 29 76 15 60 73 50 48 10 89 79 25 74 1 23 7 27 46 54 68 26 50 80 28 36 21 95 89 19 99 10 66 79 52 30 60 71 16 78 100 42 79 42 27 46 63 10 46 43 62 61 14 15 55 14 20 28 0 20 9 62 35 51 78 14 46 19 32 81 13 54 64 17 34 80 50 5 98 3 90 100 35 82 44 64 84 97 27 56 2 68 56 64 52 23 61 84 42 8 67 14 88 55 8 17 85 86 100 22 91 92 34 83 13 74 26 84 18 57 26 97 91 45 11 32 67 21 25 90 79 98 32 35 50 40 31 61 80 78 44 55 76 71 93 76 57 18 4 5 73 3 56 42 99 13 98 97 14 9 46 19 12 35 42 4 47 40 70 36 72 62 40 88 60 94 32 0 97 72 66 0 9 16 64 13 2 99 55 27 81 61 55 82 29 46 76 98 90 19 92 40 9 65 49 65 82 72 85 64 50 7 97 90 35 53 32 42 75 98 67 23 9 69 54 90 2 8 48 18 9 8 39 61 70 69 50 35 16 29 86 48 71 61 70 88 11 56 56 94 49 12 65 54 66 99 36 34 12 48 4 22 55 29 98 40 94 98 87 53 61 63 45 52 47 56 3 84 5 56 99 63 56 44 8 93 23 56 88 80 17 99 41 38 30 85 78 71 39 3 88 27 57 87 37 66 92 69 46 69 24 97 58 44 72 65 50 73 61 72 88 24 4 95 43 74 62 77 50 28 99 100 8
27 0 1 25 58 12 89 72 45 7 59 29 92 97 74 8 21 97 39 2 6 24 90 68 1 90 42 49 44 49 24 38 26 78 95 61 78 57 72 25 11 32 34 1 60 88 33 54 43 65 4 100 35 49 45 33 99 75 86 93 88 22 88 20 38 47 24 47 24 97 30 10 98 2 26 30 84 94 89 17 31 72 99 58 85 42 73 46 46 71 7 11 87 52 91 52 37 97 53 87 3 67 37 17 28 54 85 85 12 53 24 78 45 28 52 12 34 94 21 91 52 18 69 56 49 6 85 36 60 95 2 29 1 1 15 96 44 82 43 2 93 72 32 24 100 81 79 59 41 30 58 75 50 97 63 48 11 95 70 31 70 77 62 76 16 84 85 31 34 100 21 44 1 62 15 7 34 11 83 70 43 57 53 82 53 53 69 69 75 69 92 39 0 32 5 80 24 72 82 22 74 99 13 15 93 52 93 36 88 61 45 83 62 7 8 97 61 89 9 74 67 90 15 93 38 26 91 18 8 49 17 70 90 85 54 90 82 78 97 26 42 22 33 30 31 2 53 94 75 21 59 74 52 38 32 54 17 83 20 17 70 42 23 41 36 14 34 23 5 11 56 53 60 92 83 18 1 79 72 81 58 64 5 44 87 51 76 28 10 100 42 70 9 74 51 83 89 59 97 25 22 34 25 86 45 78 50 62 94 22 94 38 9 7 93 63 29 37 99 3 54 8 64 36 78 49 40 74 92 56 31 43 28 38 70 69 54 94 2 87 30 71 83 30 91 37 100 75 88 85 23 93 33 62 86 53 100 32 68 23 69 86 20 97 9 94 40 21 54 70 34 24 65 70 88 1 15 81 96 5 99 56 74 45 9 27 82 32 77 91 94 92 55 68 91 70 93 58 16 30
27 8 28 32 81 83 16 55 62 91 51 65 8 93 88 45 14 85 22 58 100 40 63 66 6 32 56 7 44 23 96 3 80 15 74 98 52 91 50 96 26 2 42 16 34 69 59 17 37 72 51 22 48 88 22 21 29 19 59 71 55 74 58 2 15 50 56 63 98 36 74 50 71 15 49 7 23 80 38 93 94 24 1 23 37 7 14 76 85 91 48 18 92 46 55 58 63 53 98 92 25 41 31 34 81 73 13 65 3 95 76 14 34 86 65 40 37 69 84 28 28 75 61 38 11 95 24 81 2 30 4 55 80 64 3 24 94 90 70 37 48 6 36 91 57 31 14 44 56 19 81 16 56 1 51 49 58 33 90 4 46 33 43 55 80 26 92 35 99 19 84 26 28 35 76 16 57 58 61 70 72 7 37 36 64 34 63 26 96 66 4 58 68 29 43 95 27 73 21 54 75 14 23 79 94 85 66 87 73 83 1 85 93 97 20 39 34 88 63 87 9 21 42 60 65 28 79 23 86 3 23 82 86 93 63 58 43 60 96 1 85 32 88 69 25 13 18 68 6 13 19 41 12 13 10 56 85 72 98 35 19 77 33 97 74 14 40 4 95 19 24 68 98 43 92 52 83 3 60 90 80 42 24 13 42 35 47 62 92 34 11 94 99 93 87 3 21 37 29 30 76 51 96 100 97 31 40 72 63 17 62 35 18 25 40 21 84 10 94 86 90 9 49 11 36 64 17 97 3 19 97 53 71 54 49 89 45 84 38 49 18 27 54 17 65 97 49 82 57 53 40 69 6 72 57 81 51 5 53 29 47 25 48 49 26 18 11 82 75 29 82 66 64 46 91 72 47 43 32 8 42 62 17 81 65 94 56 63 66 70 63 46 40 89 64 70 41 12 83 38
94 96 45 24 14 37 79 57 52 61 40 54 40 11 87 66 41 71 95 7 42 95 8 43 33 70 69 71 94 93 4 86 19 26 3 8 51 70 99 21 26 55 76 60 69 51 92 71 38 77 21 16 83 48 91 18 94 4 88 73 42 33 66 86 48 60 47 31 80 65 52 78 92 8 29 98 44 33 9 89 23 60 95 27 99 8 32 17 88 48 59 1 36 87 94 8 85 18 35 72 64 9 38 68 12 70 27 75 20 27 29 81 86 36 0 64 55 65 32 0 64 26 84 34 65 40 59 26 46 53 91 40 85 98 22 61 84 61 81 86 62 47 49 39 98 0 46 23 35 66 45 18 53 23 24 90 88 7 15 58 57 98 45 20 31 69 93 97 20 10 46 89 71 79 99 35 32 62 48 17 1 69 51 85 55 97 28 51 20 84 92 18 75 13 7 38 19 30 83 24 41 10 51 95 95 65 29 94 58 72 92 12 40 54 59 84 19 57 72 23 44 51 17 65 89 44 90 21 47 73 14 0 33 96 9 49 8 74 65 77 93 23 52 12 34 34 76 77 62 20 15 42 88 53 47 67 12 24 99 24 85 45 53 14 23 15 3 33 91 98 11 41 15 14 54 19 60 70 28 17 40 60 67 52 75 77 76 97 11 11 87 54 40 18 44 19 25 67 45 60 33 42 19 78 63 6 30 5 35 49 57 96 94 61 53 19 68 14 92 77 43 5 61 58 96 40 83 42 24 81 40 84 47 0 13 2 45 44 28 19 28 97 28 76 52 93 57 65 63 77 29 18 9 68 95 35 1 67 34 35 43 68 73 95 61 23 9 55 90 86 64 68 54 40 14 86 75 10 85 11 32 15 31 46 3 6 72 69 12 1 2 91 37 18 54 77 78 6 13 17
65 57 27 11 46 84 6 25 48 7 25 59 16 65 100 90 11 58 94 47 37 71 8 3 7 11 43 51 25 78 52 11 83 78 33 90 44 55 50 53 64 60 93 26 59 67 32 36 7 55 81 96 19 58 91 26 85 25 2 23 14 100 92 8 76 65 66 7 89 36 6 29 12 90 37 9 66 38 94 29 87 54 8 100 33 54 26 55 5 41 90 67 96 62 60 23 15 30 14 97 0 67 37 52 96 82 50 22 50 99 73 40 85 98 80 11 28 77 22 56 27 47 32 58 12 86 22 98 42 19 74 32 100 45 20 28 31 27 15 44 68 2 79 31 64 87 81 64 23 0 38 62 67 48 70 88 63 63 42 39 70 68 9 51 98 74 62 13 42 25 18 75 71 82 62 68 82 15 41 41 80 7 99 83 20 47 94 16 19 45 87 91 23 61 10 27 18 53 78 9 94 83 29 93 68 5 78 70 0 92 96 81 80 64 9 56 100 74 17 19 92 9 8 96 48 88 0 37 18 45 5 15 82 48 95 51 92 56 62 30 67 94 38 89 9 22 39 23 77 3 29 29 37 0 95 2 35 19 71 92 30 60 99 25 87 34 24 71 36 88 22 54 17 7 34 62 86 92 35 30 95 14 61 68 63 46 90 82 7 100 43 47 17 46 38 36 23 53 64 52 34 79 94 70 100 40 78 43 47 45 77 87 50 60 22 0 80 4 94 62 57 61 32 19 66 59 20 39 84 21 87 83 35 44 96 36 68 73 79 2 73 92 89 93 27 76 4 100 32 72 62 20 10 65 62 14 5 79 56 67 25 47 33 91 92 99 26 7 61 97 81 44 66 48 17 19 37 83 55 14 35 13 48 65 73 60 92 46 39 60 6 38 22 73 39 9 20 41 25 49
92 100 86 87 14 19 83 63 78 14 81 69 77 56 26 13 76 24 78 23 73 88 94 8 7 73 30 30 89 70 85 38 58 98 40 65 70 10 17 54 49 30 82 29 96 52 20 80 5 51 59 74 19 35 16 1 64 22 50 84 9 45 26 86 99 37 93 20 38 64 96 12 73 89 75 37 6 86 100 3 42 93 66 90 48 26 85 54 60 87 53 98 21 79 95 22 44 83 56 75 19 50 23 51 33 31 98 85 91 9 36 66 20 85 49 74 86 81 60 77 36 44 18 10 2 65 96 4 88 60 8 50 32 16 87 48 69 66 49 51 81 15 84 34 31 20 26 10 13 14 65 70 80 73 100 63 63 28 59 23 44 29 0 27 78 68 7 51 38 41 99 67 10 86 59 72 67 81 84 29 13 19 92 63 7 86 75 70 94 38 47 92 2 55 32 98 96 19 96 25 15 86 66 32 32 11 70 22 97 33 21 72 42 54 15 24 18 87 6 25 30 38 76 59 23 9 38 66 85 53 71 89 58 62 23 80 15 12 94 76 84 77 98 21 90 31 91 46 18 17 93 12 26 79 49 0 9 38 62 23 75 56 31 45 77 14 32 22 36 45 73 93 90 94 78 39 74 62 43 42 75 12 28 79 52 15 53 81 72 33 62 5 46 43 9 57 55 88 32 11 100 75 30 11 46 78 38 70 85 87 31 97 75 35 11 78 72 52 65 27 85 97 59 75 74 30 98 98 14 60 70 30 71 21 65 45 51 79 84 39 73 98 81 98 19 44 84 67 51 61 46 32 49 94 71 91 35 27 74 18 86 15 19 33 41 12 88 26 61 64 82 54 70 69 53 80 9 55 46 100 71 85 54 88 99 70 19 80 88 41 98 32 23 92 25 84 96 11 73 14
31 0 31 44 10 20 47 9 57 47 8 43 92 91 1 58 11 51 96 86 96 92 27 14 48 91 40 38 71 44 46 18 4 77 50 37 57 25 12 92 11 52 34 2 2 41 49 36 92 70 43 37 72 5 56 91 54 59 96 2 23 98 3 42 62 21 8 56 98 57 55 82 62 88 68 22 30 79 10 67 10 40 63 83 24 43 32 93 70 8 65 36 82 74 19 93 85 32 90 4 82 5 95 95 100 57 11 74 20 98 89 22 86 85 36 82 32 87 17 6 74 26 23 93 81 89 9 15 8 96 68 59 11 48 20 68 54 43 7 43 6 58 71 43 53 27 68 75 38 92 45 54 75 21 9 57 69 4 69 40 99 29 8 36 7 43 24 11 66 76 88 65 68 37 56 51 66 13 48 33 60 61 18 89 3 7 100 46 86 33 69 26 17 92 87 68 64 37 70 31 36 1 27 17 59 77 4 60 20 99 47 82 41 93 38 12 4 1 92 81 47 91 2 10 62 42 68 41 86 11 77 47 68 79 31 31 84 53 45 76 4 21 11 30 81 81 36 67 67 70 15 3 18 92 28 15 12 39 100 19 1 100 4 63 79 86 85 15 53 40 73 7 57 16 8 16 29 77 66 28 52 84 30 56 7 90 79 57 56 82 8 85 98 8 44 98 23 28 17 12 64 97 0 30 29 95 100 93 78 33 43 11 39 21 63 83 100 29 75 55 42 70 87 75 48 87 84 92 0 43 90 0 65 100 24 74 63 47 56 100 81 22 30 47 79 68 30 65 1 6 2 78 11 86 2 2 98 89 74 26 54 29 37 10 56 38 1 44 65 71 45 99 38 51 14 31 59 97 89 93 41 26 66 10 17 64 71 47 41 98 87 9 61 49 96 38 73 68 54 53
25 78 25 90 75 74 4 92 25 3 9 71 90 76 44 81 48 44 5 64 42 27 64 0 1 73 64 26 2 98 60 75 70 86 82 4 52 96 55 78 53 16 11 44 27 24 11 40 61 91 42 59 42 63 11 78 77 6 79 35 99 73 8 17 9 21 17 44 42 99 42 68 61 69 39 53 20 86 100 0 65 98 36 33 5 5 79 63 23 63 36 76 60 90 80 6 44 38 35 22 61 28 69 3 87 69 34 22 34 32 27 28 12 16 8 34 47 35 10 34 0 90 92 72 24 15 13 100 12 1 58 89 86 99 65 9 91 32 58 39 24 34 40 59 21 46 31 19 56 77 90 40 71 12 54 74 66 49 24 30 66 45 63 1 52 14 91 53 31 44 29 11 24 39 41 60 42 93 78 50 30 10 83 41 2 13 84 34 80 15 36 75 6 40 64 66 55 46 33 79 53 28 76 99 0 75 51 47 47 5 18 21 43 63 60 35 0 0 34 26 12 43 8 100 24 0 71 64 94 37 24 6 61 55 13 2 44 68 42 34 2 56 32 84 64 80 72 3 67 40 84 59 67 93 52 81 55 79 55 89 52 91 72 88 48 51 12 58 0 86 94 63 40 37 96 62 69 16 27 0 57 17 33 56 2 96 75 95 3 98 82 23 25 26 40 23 49 67 50 54 67 47 25 94 38 28 2 45 26 27 45 85 99 87 80 16 64 77 6 34 100 27 82 67 63 65 52 19 92 50 36 48 81 87 11 29 42 92 94 45 66 4 95 24 65 35 63 72 70 67 4 90 33 11 0 40 60 99 35 90 81 96 57 59 75 82 20 10 15 70 99 88 79 98 13 24 90 62 94 71 18 24 6 11 54 7 21 40 91 11 66 8 44 74 2 57 87 70 32 88
85 41 78 41 98 78 67 71 60 15 79 58 64 92 36 94 29 57 75 41 96 39 56 71 24 84 95 85 45 88 54 89 91 40 83 23 2 1 80 10 42 8 63 59 25 23 64 77 93 73 15 81 62 20 37 89 79 12 96 77 58 58 19 39 65 12 48 88 75 64 42 81 75 11 91 93 92 88 0 40 10 60 67 49 61 95 69 36 59 49 83 23 68 50 7 78 41 43 25 45 28 48 85 96 55 33 38 83 15 37 80 96 78 59 94 83 84 97 67 36 58 49 17 77 81 26 13 21 54 11 63 62 13 27 31 59 50 72 89 6 5 25 51 76 94 14 3 30 60 22 70 92 26 53 25 9 13 69 96 20 38 57 64 70 15 76 25 44 46 30 15 34 70 35 16 59 57 23 3 15 74 60 35 29 24 19 11 63 55 43 55 17 1 39 80 0 95 34 57 46 76 16 1 31 96 0 96 35 11 29 11 57 32 77 48 55 42 89 96 52 69 13 15 58 26 37 87 97 38 60 100 35 1 70 16 63 25 78 39 57 32 54 62 25 37 56 34 18 50 61 23 45 86 97 68 75 17 21 45 74 33 30 28 8 66 12 62 39 98 45 30 10 27 38 6 72 15 4 93 49 1 15 12 5 43 59 32 98 17 9 10 81 12 29 33 64 72 2 47 84 7 78 76 87 88 22 49 38 26 47 12 49 65 60 7 59 97 11 47 90 33 97 70 31 12 22 31 13 23 30 47 98 61 32 4 87 72 80 80 13 84 26 56 9 97 70 12 6 96 51 95 35 4 90 34 27 51 39 10 29 48 39 56 48 67 54 81 12 65 81 35 1 75 11 40 30 66 21 22 73 81 80 70 8 31 86 88 5 68 3 69 34 71 75 37 39 75 66 36 49
62 24 49 22 83 20 64 60 50 48 83 33 64 28 49 64 20 42 57 81 95 38 63 4 98 44 21 40 0 22 40 30 3 85 50 27 43 71 84 56 100 24 36 4 15 39 12 36 72 37 70 69 30 46 8 14 94 92 18 65 64 74 86 47 23 14 41 28 28 98 59 72 84 11 11 6 70 25 28 46 82 33 25 13 66 59 92 58 96 54 0 37 45 16 25 26 97 48 94 74 39 88 30 92 95 39 78 67 84 77 28 45 27 45 89 97 74 41 67 73 89 39 59 31 88 81 67 13 84 97 39 82 94 96 63 56 87 31 59 48 15 29 79 23 53 1 32 24 47 57 36 63 25 24 37 47 38 6 86 78 39 18 61 90 94 77 79 4 69 24 54 58 81 2 82 62 65 48 82 25 26 80 61 64 46 47 74 74 52 8 14 78 55 13 57 49 86 28 8 63 49 77 21 3 27 80 38 5 32 23 27 88 35 81 23 81 44 80 9 24 8 76 13 55 33 79 60 59 34 8 2 93 40 17 29 4 80 35 11 17 82 13 94 63 18 60 9 48 8 24 46 5 0 74 7 54 93 75 46 74 35 95 86 89 82 5 43 49 22 6 79 46 28 33 71 51 80 73 28 4 85 16 61 39 62 30 6 45 4 43 65 25 18 91 48 2 77 65 62 12 10 3 0 3 6 88 22 99 46 50 50 13 93 89 70 95 48 3 49 40 45 78 93 79 79 52 93 28 78 89 65 22 32 18 72 83 52 36 82 43 92 60 78 61 10 22 62 92 39 36 71 51 28 57 61 94 6 50 86 97 58 28 71 38 11 15 1 97 43 36 45 32 29 63 56 18 43 27 19 20 28 71 38 73 5 73 86 60 19 76 27 93 88 56 61 34 86 57 47 82
69 98 61 16 24 87 10 69 80 20 47 53 54 65 26 62 81 50 81 17 16 26 77 26 50 78 52 85 66 99 44 66 55 39 21 30 20 53 12 6 43 94 85 70 26 18 32 50 43 96 72 19 22 16 69 85 25 54 77 66 30 64 3 37 68 24 34 42 87 36 98 6 1 63 36 28 96 35 38 95 60 65 97 54 80 97 93 34 61 96 12 14 42 77 62 9 12 46 7 23 85 63 7 98 57 0 13 48 43 64 49 82 27 75 39 100 28 39 46 70 16 58 55 27 98 44 29 76 57 45 5 28 76 95 66 13 69 50 14 49 96 46 91 33 44 15 47 28 94 78 68 85 95 42 61 10 80 15 26 11 85 75 80 85 7 5 42 92 28 74 18 37 86 2 55 37 51 54 90 65 96 2 71 68 27 27 85 58 44 41 87 41 21 61 25 30 36 96 78 10 87 68 57 4 81 24 97 17 33 4 85 19 71 70 93 22 84 96 4 8 13 80 19 95 12 64 87 67 94 56 71 65 40 43 11 68 57 77 62 1 68 19 69 99 89 33 6 95 76 80 3 71 100 64 96 34 29 19 23 27 43 17 71 40 39 18 50 51 25 71 15 10 66 17 96 9 7 3 6 86 58 18 89 1 39 91 39 19 94 34 59 48 25 34 26 25 12 76 17 47 64 28 29 8 89 40 50 31 58 8 42 51 44 100 37 59 30 5 74 2 6 77 72 64 60 58 30 17 88 0 74 83 72 12 30 28 7 21 71 41 55 15 34 47 18 24 79 50 91 4 2 95 100 65 96 4 71 48 91 6 87 75 40 25 59 67 91 41 24 59 36 19 44 76 14 78 26 64 93 42 47 90 84 55 91 86 67 16 97 71 68 95 22 7 89 85 82 92 85 74
63 15 17 17 79 83 46 91 63 64 70 10 45 50 74 83 49 37 85 18 74 85 16 87 88 11 99 58 16 39 49 65 49 30 85 6 47 67 65 20 2 96 5 77 95 66 62 80 16 75 77 50 54 30 91 68 50 53 92 25 78 98 45 70 11 3 12 76 96 34 0 32 66 40 8 76 29 49 37 38 29 48 35 32 67 34 43 65 23 23 42 48 13 33 8 12 83 94 51 89 65 50 8 38 81 79 78 13 60 74 55 21 12 31 23 17 63 71 72 71 68 34 75 83 43 37 81 53 84 81 4 19 8 76 84 48 24 34 24 15 70 94 72 34 54 98 22 65 47 53 90 69 98 85 21 62 82 19 88 33 97 18 35 64 34 17 49 68 75 71 90 44 29 5 52 51 74 5 100 3 44 36 96 37 32 57 47 58 100 21 93 3 97 96 60 30 72 31 46 15 78 8 34 60 70 43 73 49 5 33 59 82 47 57 79 30 7 33 64 20 58 19 47 11 46 41 21 59 76 7 74 66 9 65 16 39 21 79 83 40 43 72 71 94 95 67 75 93 28 40 87 42 22 94 85 40 26 25 8 71 90 30 39 73 65 89 2 4 59 59 21 63 97 69 33 16 84 77 12 42 33 31 96 90 82 86 37 52 43 40 62 28 73 3 12 80 91 21 7 81 57 48 5 13 94 39 67 0 11 81 87 29 12 67 85 33 99 92 89 18 65 37 66 21 87 82 91 6 44 61 79 63 14 27 33 50 30 72 39 34 35 19 62 38 57 5 34 96 29 56 51 89 64 53 14 28 43 32 67 53 86 33 76 68 34 50 29 88 85 7 26 90 7 31 43 48 31 45 67 43 85 68 83 1 1 93 84 7 64 72 7 45 2 55 68 30 13 93 86 45
33 19 73 74 44 43 31 23 80 28 96 23 82 29 42 96 67 87 48 20 22 77 97 96 39 7 25 62 41 65 11 34 37 48 94 100 46 35 5 75 10 25 78 91 45 88 83 49 89 82 80 9 47 95 78 74 12 19 88 24 51 5 63 41 7 44 56 66 25 92 0 43 30 12 9 98 53 14 23 60 73 49 17 47 73 80 75 87 76 22 23 34 78 24 74 60 3 3 32 84 24 96 75 90 22 13 94 48 39 22 66 61 61 73 4 79 63 31 15 30 20 86 68 81 27 8 45 69 69 73 47 89 84 51 50 41 26 66 62 65 31 100 87 16 61 39 0 23 50 70 51 11 15 34 13 31 14 94 68 57 98 58 37 19 9 94 73 32 63 68 2 8 88 11 78 78 34 66 87 88 40 69 59 52 12 50 2 5 82 45 73 1 34 22 26 24 78 96 26 51 26 45 84 83 95 55 22 27 57 92 94 10 8 76 21 76 21 60 86 86 97 32 76 31 25 99 36 8 56 87 94 95 42 100 96 60 54 32 90 24 56 96 32 94 94 49 18 99 9 28 82 29 73 71 76 29 61 75 45 96 30 91 36 58 12 42 20 99 99 99 15 25 20 72 28 42 39 81 16 13 8 97 88 95 46 12 51 22 27 75 23 57 68 11 88 28 90 45 56 40 69 92 42 21 84 6 81 44 55 38 36 97 55 42 43 53 16 19 97 65 4 87 57 91 43 96 62 62 50 97 82 6 3 72 5 1 76 91 21 73 43 39 82 33 19 66 3 44 44 25 92 21 97 87 39 20 51 21 92 1 56 98 71 70 25 2 51 54 22 55 41 2 57 69 85 52 30 37 64 99 71 13 21 69 67 36 70 26 66 47 0 83 4 85 64 60 91 30 55 44
61 34 25 42 46 5 75 83 45 67 70 18 96 74 40 73 91 47 79 86 31 38 45 10 75 20 48 28 72 91 34 65 23 68 17 11 76 67 29 88 94 28 95 10 67 60 39 38 48 73 96 10 27 32 72 67 1 43 21 12 17 13 6 98 57 14 15 29 87 60 74 8 31 35 39 35 53 6 20 15 35 7 50 42 83 87 7 81 85 22 66 90 47 35 91 45 55 1 12 64 71 10 10 77 98 98 68 88 17 23 64 43 80 59 88 5 3 49 25 10 85 52 80 85 87 20 31 63 49 64 99 8 75 82 32 42 25 25 94 26 56 26 95 45 60 12 47 13 98 89 28 61 64 76 65 44 66 84 77 32 19 90 43 21 30 65 50 27 65 62 50 95 26 1 72 78 80 41 0 0 6 55 20 3 93 90 27 5 55 48 90 63 27 11 73 83 0 76 97 78 59 67 24 48 83 2 16 15 1 76 41 50 88 98 87 31 56 27 23 50 27 90 47 57 4 86 24 77 92 88 4 51 4 14 87 34 11 84 71 35 6 90 76 24 9 8 43 39 23 66 37 58 98 86 100 83 82 15 20 39 68 37 44 97 32 95 46 32 72 61 34 52 76 68 25 49 87 74 64 77 7 19 14 68 63 4 32 31 13 51 9 11 92 66 8 92 31 58 15 81 83 68 19 98 88 66 10 60 36 31 9 62 44 40 44 20 0 39 99 80 24 49 95 67 8 27 72 19 12 49 49 99 10 89 23 78 17 4 59 51 53 21 4 96 87 89 25 77 7 32 3 26 80 90 65 28 54 15 37 1 70 26 68 17 45 10 81 65 93 79 94 55 96 12 40 52 13 9 36 23 37 34 85 24 75 63 54 19 90 42 49 55 67 44 40 15 91 73 17 56
50 60 28 32 35 34 43 64 58 99 4 33 13 85 62 79 17 88 40 80 28 15 59 49 51 81 11 86 4 40 12 97 69 9 14 23 90 89 82 83 92 85 72 83 37 86 30 99 47 83 25 26 96 12 98 21 95 68 53 73 13 13 84 56 76 5 24 14 23 90 72 85 74 32 62 62 29 39 20 48 36 55 84 83 34 37 55 41 18 76 19 100 49 55 72 8 56 83 44 52 77 65 59 33 46 31 84 45 2 13 90 61 68 49 0 9 30 11 97 21 42 87 32 17 26 42 12 33 82 12 61 45 9 88 64 16 5 97 93 87 57 43 37 73 88 5 15 21 49 19 11 24 61 16 11 61 31 23 65 56 34 2 38 20 87 57 98 20 0 90 39 4 32 52 6 51 99 50 61 68 58 51 90 52 51 63 11 4 97 86 86 93 99 57 48 27 76 1 79 28 73 16 83 25 49 67 85 38 48 39 90 23 42 69 53 10 8 91 68 89 16 56 65 72 33 19 85 80 52 35 92 70 55 96 27 84 65 23 43 21 46 20 93 55 93 75 31 27 66 92 6 62 97 61 80 55 70 91 56 82 41 1 31 57 85 75 45 35 74 84 28 57 55 87 2 45 35 62 64 64 92 86 72 1 69 72 6 34 35 97 47 84 17 48 13 53 54 98 38 56 94 30 75 62 18 85 31 32 3 86 52 56 36 24 13 31 91 35 98 44 95 95 0 78 20 83 1 56 42 16 97 42 2 7 23 2 2 98 42 74 9 88 10 6 59 8 50 38 59 15 57 3 56 55 61 33 75 85 5 83 75 3 21 82 43 8 90 64 66 65 2 34 32 66 55 72 39 86 2 98 18 63 72 22 15 20 8 50 72 63 54 40 100 15 41 89 100 54 29 92
68 26 26 58 56 93 51 34 75 62 75 8 44 83 40 100 18 81 60 39 0 71 58 74 38 82 70 48 3 86 42 31 52 28 9 40 93 4 81 0 79 73 19 84 47 65 0 85 21 45 41 66 43 56 68 96 88 52 60 18 3 95 88 36 67 30 54 89 12 64 65 34 48 0 15 53 85 36 95 58 80 69 73 75 85 91 19 48 23 93 68 25 44 38 0 3 61 5 76 21 37 18 65 69 18 9 34 88 87 76 71 17 48 83 53 67 65 99 51 50 86 81 50 47 81 10 21 60 42 75 81 64 52 86 98 99 52 13 19 67 83 21 78 90 83 95 61 75 35 64 81 73 16 72 74 7 81 89 32 36 62 6 22 47 98 2 76 52 79 5 56 17 21 97 30 4 40 100 19 58 60 28 99 26 9 52 68 39 4 67 48 82 42 88 75 17 97 40 24 25 67 7 85 65 71 58 99 100 99 32 13 82 68 18 12 39 92 12 45 98 31 85 47 81 38 23 79 97 25 26 57 35 85 76 6 4 98 61 49 33 92 35 42 36 92 41 79 5 46 64 71 89 60 33 70 75 7 89 56 34 72 71 80 57 75 36 48 3 36 47 92 48 89 95 18 90 75 9 69 72 86 40 74 75 58 22 17 18 72 16 42 12 76 62 5 81 100 31 14 73 46 43 41 31 96 99 45 39 23 6 68 64 51 90 37 27 19 15 40 68 7 0 83 51 20 93 28 95 73 24 29 98 45 11 35 46 10 56 57 17 78 85 54 10 37 99 68 12 14 1 78 58 35 78 16 61 2 74 16 79 52 32 52 30 29 21 96 87 59 79 66 54 28 66 52 33 30 28 25 81 88 71 63 62 93 86 44 38 78 24 90 78 38 84 28 88 71 30 33 89
55 0 40 6 39 13 32 48 22 22 38 77 60 45 91 97 74 59 83 100 99 0 33 21 77 4 69 55 76 14 12 17 60 70 94 98 95 4 38 67 81 17 2 19 73 88 88 24 45 84 36 16 50 28 24 44 29 3 16 48 44 79 56 22 17 7 31 15 50 67 8 86 23 26 88 36 13 39 3 57 1 82 39 27 55 47 60 74 50 36 64 49 48 8 17 35 0 26 45 83 66 49 85 72 60 50 19 7 47 97 62 89 24 83 43 38 43 58 39 79 76 40 42 88 77 71 49 62 46 22 51 88 2 56 91 72 100 66 32 23 83 71 30 29 19 1 33 26 3 53 6 97 84 37 11 55 74 97 58 49 72 98 23 30 4 68 17 45 33 83 24 10 76 30 17 89 99 2 84 73 59 66 43 30 33 50 86 64 31 89 17 66 59 100 3 36 20 38 33 57 86 42 20 17 40 75 13 56 50 46 40 5 68 19 89 38 15 98 34 64 21 72 3 8 64 26 81 91 33 57 55 99 71 56 89 62 64 51 100 35 80 48 36 34 11 30 85 18 81 56 2 91 86 67 43 31 33 33 27 21 62 1 53 77 15 65 10 94 47 32 15 59 76 52 15 63 92 52 28 90 57 29 9 29 85 5 72 4 48 18 95 95 48 60 32 51 26 87 12 25 49 39 98 6 86 35 23 13 72 83 50 58 40 5 61 47 77 17 38 67 29 68 89 6 53 94 23 89 2 13 72 73 37 34 41 65 43 9 38 84 17 65 47 78 85 1 17 77 86 9 20 28 91 48 51 96 0 12 30 20 19 59 79 68 5 11 3 3 17 91 44 94 98 8 96 93 66 52 27 42 86 88 28 21 65 5 7 68 82 6 93 85 69 41 52 14 87 45 12 54
69 16 95 23 66 25 73 16 66 8 35 55 38 29 46 69 78 34 5 10 90 68 63 48 2 78 56 5 24 60 85 79 74 46 39 79 64 69 52 28 81 6 19 49 49 92 95 50 66 19 69 48 93 87 8 66 3 22 98 0 63 98 11 73 12 57 33 90 52 69 47 71 98 18 23 74 97 61 67 10 100 34 10 27 68 60 35 80 54 36 19 16 3 24 82 12 87 62 66 69 100 69 80 94 30 55 9 52 30 94 86 9 10 80 8 27 66 99 69 16 6 4 81 98 75 11 13 27 39 34 13 13 36 3 94 77 65 94 86 1 5 99 31 95 53 36 97 95 16 34 15 23 95 26 37 60 98 74 53 6 100 13 1 4 35 9 71 77 97 47 67 99 75 39 0 82 92 91 84 10 27 43 22 53 46 49 38 88 23 100 84 90 7 15 74 43 50 29 31 91 84 32 58 18 90 51 60 50 20 56 64 17 83 92 7 84 58 31 87 88 14 57 57 4 64 31 14 50 18 39 30 85 26 10 89 51 80 30 94 63 61 35 13 1 1 32 67 95 16 97 53 66 78 88 59 35 78 19 73 40 32 79 63 48 89 21 37 77 40 50 3 89 35 12 83 0 56 46 1 47 38 40 32 57 77 90 85 24 75 56 20 77 53 64 97 34 96 19 66 58 17 38 15 94 37 66 38 78 11 71 61 18 10 64 18 59 77 83 69 32 58 88 8 53 89 3 26 8 5 8 61 70 96 62 2 99 9 75 58 41 73 58 23 70 3 51 52 44 3 4 60 92 1 2 58 23 26 87 62 71 15 88 28 87 85 80 79 94 63 43 13 84 36 84 46 6 92 96 36 82 100 53 59 40 70 84 61 91 36 26 66 19 90 85 41 87 98 62 83 6
51 77 27 34 28 14 81 59 46 100 54 21 31 74 92 13 12 32 87 32 25 2 23 96 31 37 25 60 60 6 31 63 30 63 70 8 71 52 11 56 27 96 22 54 65 67 8 38 68 9 31 93 67 54 9 4 84 98 100 99 6 4 62 26 69 85 83 79 51 9 34 93 4 0 7 87 11 26 27 26 35 41 66 9 45 60 16 84 46 33 42 42 73 7 55 55 6 95 37 42 33 43 56 30 37 59 82 53 69 40 79 43 59 94 60 22 33 79 80 77 62 1 78 65 49 36 99 74 48 31 84 68 77 0 0 57 74 49 91 95 81 97 40 36 41 60 21 97 2 86 65 62 44 60 71 90 82 63 65 96 36 83 7 91 1 16 19 87 35 93 12 14 97 4 63 98 37 43 56 35 44 0 65 31 19 91 73 83 79 69 14 83 44 44 11 75 72 71 2 18 4 72 21 99 8 45 25 84 62 43 72 5 87 34 71 87 5 26 14 16 67 67 54 83 9 24 86 87 83 51 15 57 48 20 15 68 19 48 77 53 38 15 35 26 20 20 38 98 41 21 7 38 12 0 63 95 61 29 12 75 97 86 42 53 4 18 76 1 83 44 85 99 38 45 86 61 60 55 38 91 19 23 50 56 90 47 20 96 15 49 97 55 38 47 55 70 71 31 96 71 81 13 88 16 66 69 81 97 90 97 29 45 96 44 98 26 49 74 66 60 47 94 26 71 40 32 41 89 69 31 19 82 50 52 84 50 85 64 94 23 42 18 98 64 87 4 43 61 25 84 42 67 17 50 43 98 97 74 69 1 16 22 98 76 12 49 82 61 23 41 9 74 76 38 45 69 78 99 90 61 22 28 36 68 97 88 8 67 9 93 76 1 91 97 96 40 57 66 5 73
20 49 43 46 92 82 44 74 26 92 44 37 84 33 30 20 14 6 20 48 74 14 7 15 96 73 60 84 33 75 93 31 43 33 13 37 99 48 13 56 85 19 58 60 42 28 7 73 15 92 64 11 8 11 18 59 35 87 33 21 80 41 28 41 7 11 41 32 36 8 0 37 6 1 93 71 11 28 35 54 87 36 57 5 71 21 5 75 81 51 67 57 48 2 67 94 12 71 3 76 42 63 12 8 7 4 95 22 32 24 85 75 83 87 66 9 25 4 93 47 27 77 0 82 32 37 76 25 92 36 96 90 52 33 26 100 55 61 35 90 64 68 99 7 7 9 14 8 32 94 58 47 10 8 14 92 77 3 41 60 23 62 53 57 73 62 31 91 47 72 59 57 32 25 56 68 88 59 95 36 73 27 71 94 64 47 82 76 49 46 75 1 91 66 5 21 99 5 3 52 15 32 98 13 35 10 74 49 87 19 63 90 21 67 56 70 59 58 61 69 10 46 0 16 38 44 10 84 17 7 1 59 35 44 53 26 44 72 93 97 7 6 68 67 3 84 50 35 87 5 100 33 48 55 60 32 98 95 79 12 88 35 5 75 85 88 80 43 89 35 45 48 11 16 62 100 43 60 88 19 48 39 52 61 67 76 18 30 69 43 83 93 8 90 92 32 0 45 55 27 72 71 37 3 89 88 34 10 48 99 71 97 82 79 56 77 36 97 88 82 70 62 33 10 28 100 76 2 33 45 17 76 47 35 41 76 37 53 27 29 54 88 41 84 82 7 22 98 56 21 70 27 67 22 64 74 7 11 6 22 67 59 68 100 92 69 53 67 35 56 70 78 28 91 85 80 94 19 4 92 30 45 30 93 40 29 87 89 33 47 87 76 59 73 57 4 39 35 80 60
89 43 18 86 100 7 60 51 81 50 29 35 52 70 80 50 75 75 29 80 78 84 53 9 39 61 36 90 47 47 98 22 16 64 42 68 31 17 3 2 48 35 7 40 6 4 87 35 61 3 99 17 42 63 72 29 22 83 10 22 68 4 52 71 100 94 86 6 61 39 20 20 95 78 15 99 90 38 77 41 95 0 67 94 85 53 37 42 5 11 49 37 67 67 43 99 13 33 87 89 40 43 58 25 0 25 85 33 37 93 92 36 29 88 15 11 66 49 84 95 1 67 59 45 88 21 51 72 28 45 100 14 30 85 91 43 10 70 58 56 86 60 64 29 11 80 47 74 90 42 61 56 11 9 50 41 82 27 16 31 18 6 100 29 53 79 87 24 84 93 34 91 10 73 96 12 22 9 35 5 63 98 63 79 94 81 78 48 4 40 44 5 93 54 47 54 67 93 29 58 56 4 97 46 35 54 15 40 32 96 96 72 65 74 85 73 67 3 27 43 54 62 77 58 54 52 47 12 52 29 3 20 37 36 17 88 9 24 92 35 96 24 98 100 36 54 33 74 23 95 87 51 57 67 36 32 99 72 84 50 25 37 72 32 77 48 39 79 43 92 15 93 29 66 59 62 7 82 100 65 81 63 42 87 18 42 92 87 82 36 73 39 85 40 95 61 33 8 36 43 7 31 52 55 0 72 4 60 10 39 52 87 36 20 35 84 67 87 10 21 83 0 13 87 49 83 28 40 1 54 54 28 9 6 45 27 89 76 70 91 99 49 71 42 94 41 70 58 41 2 3 91 75 89 69 19 50 67 6 9 27 52 3 16 30 83 65 53 41 25 25 69 58 39 79 64 45 90 58 89 29 55 80 72 75 28 86 66 93 51 84 95 15 43 13 44 100 87 9 61
33 6 93 31 32 54 57 0 52 20 27 38 27 63 46 90 88 2 83 21 6 36 43 96 35 56 38 61 42 61 29 58 72 0 22 51 92 3 35 15 80 40 7 6 59 11 32 79 12 49 40 3 48 24 19 71 65 74 78 5 76 35 93 19 32 15 90 91 27 1 66 42 67 78 99 51 23 90 51 67 44 100 81 43 64 21 13 12 22 31 16 75 42 93 38 6 97 71 56 8 47 3 14 39 53 89 15 50 66 75 21 62 64 30 24 22 32 52 12 73 30 2 5 48 86 78 17 100 10 49 5 68 16 33 100 71 46 14 30 39 22 43 64 67 26 32 24 37 41 9 83 50 73 20 82 85 85 88 88 95 36 72 68 15 15 72 4 39 38 79 38 58 88 4 45 52 14 62 48 79 24 67 13 11 95 22 60 69 10 34 75 71 84 55 85 44 32 28 74 66 8 71 43 29 48 43 17 95 43 13 64 73 36 57 86 0 5 33 16 66 47 85 31 60 64 26 10 2 5 87 52 32 26 83 70 92 82 33 18 71 86 69 55 90 30 37 53 93 75 60 68 98 76 79 21 81 62 100 24 87 46 85 27 4 63 64 6 98 60 32 61 9 93 53 69 31 17 88 59 93 42 62 40 87 90 53 67 43 24 5 11 77 73 67 16 39 98 12 60 40 43 82 3 10 38 9 54 64 58 76 39 32 96 32 86 48 9 1 18 70 90 78 96 97 66 28 14 68 30 12 95 100 65 56 18 64 89 75 85 41 41 97 2 0 74 12 38 85 74 25 13 0 100 95 87 62 77 90 8 16 21 44 57 42 85 36 90 89 43 19 73 14 6 13 28 84 26 26 4 32 7 53 84 8 89 97 94 26 53 15 1 17 11 59 13 85 70 79 20 78
7 57 84 52 13 38 81 19 78 34 63 39 86 23 38 74 42 27 60 51 24 38 76 36 24 1 29 61 55 32 45 44 84 80 7 10 62 84 63 46 92 60 0 80 91 39 59 30 16 80 96 25 66 99 75 61 84 62 84 20 56 66 72 20 58 44 50 65 97 84 2 79 58 14 97 76 55 81 23 43 67 61 27 65 57 12 56 8 70 84 89 52 55 77 88 45 94 85 51 94 52 51 68 52 16 25 17 86 36 89 18 85 41 70 21 78 78 20 48 43 35 47 76 94 27 95 52 32 88 82 10 93 60 88 0 28 26 34 27 36 67 69 37 97 12 50 79 71 89 68 87 59 2 11 70 49 3 94 41 6 70 91 94 83 72 19 20 84 54 21 42 61 87 3 53 22 11 13 60 68 7 55 75 33 49 51 22 48 62 100 45 2 7 15 65 20 82 13 23 15 22 5 29 71 21 90 23 98 56 81 31 83 13 49 38 45 36 60 20 65 58 89 93 74 18 17 17 52 34 89 49 92 2 78 72 49 62 84 90 69 3 56 60 8 66 14 59 57 1 8 62 34 96 72 41 92 100 20 13 18 40 8 44 90 13 98 52 40 13 25 43 3 64 63 27 5 86 8 94 91 0 22 75 80 90 60 31 33 99 37 83 47 73 54 74 80 8 16 3 81 93 73 93 29 60 72 11 33 81 3 81 9 40 14 18 70 42 58 83 44 8 97 14 28 60 80 55 57 60 81 8 98 72 93 57 19 58 43 99 45 38 51 46 32 24 0 28 59 83 61 76 26 100 32 36 65 21 85 80 53 52 7 70 51 7 92 96 81 85 3 15 41 11 44 14 65 34 89 59 67 75 30 77 36 33 57 11 11 39 85 41 56 12 40 10 26 74 94 98 100
43 81 37 91 13 32 79 97 58 9 65 47 46 15 13 14 88 90 28 20 69 83 51 38 66 99 2 87 70 32 46 11 61 53 8 98 59 8 23 76 78 13 8 25 51 37 58 6 76 63 48 95 45 25 59 97 82 70 65 30 43 26 81 16 12 95 47 11 14 24 88 24 59 60 39 2 100 53 33 20 78 76 67 25 42 90 93 55 81 82 53 93 74 14 34 6 88 97 47 80 37 87 19 17 21 57 89 80 83 33 90 16 25 1 68 25 52 76 28 41 3 76 34 33 3 12 24 52 23 68 98 32 43 22 15 61 0 66 42 38 27 67 33 97 10 83 78 58 60 52 66 48 68 28 66 84 89 18 98 16 74 43 78 7 36 63 77 15 71 37 53 33 44 34 98 40 5 44 3 76 100 36 25 99 82 34 36 0 13 2 98 90 80 99 25 2 93 85 69 80 10 44 1 69 89 40 36 96 2 28 83 35 14 53 51 29 2 9 66 32 23 12 93 1 96 72 46 78 27 2 9 17 42 47 55 9 87 31 20 29 56 78 69 95 67 88 26 62 95 86 71 43 48 62 63 23 81 23 18 38 44 30 39 23 33 22 69 28 0 4 57 13 48 80 11 0 4 48 93 75 36 72 22 43 79 27 18 45 88 53 56 53 97 62 4 18 94 16 65 26 3 67 89 19 6 77 15 68 97 1 28 2 21 13 17 6 72 45 42 63 15 39 39 24 98 42 24 42 83 73 69 11 26 29 26 11 8 31 13 99 58 25 40 12 0 60 4 56 19 28 50 62 58 87 87 31 68 92 60 33 47 33 99 44 44 33 23 72 66 90 8 38 59 29 2 2 89 58 82 24 93 58 31 67 15 49 12 39 58 30 71 29 5 82 17 44 49 91 74 20
56 85 89 30 8 93 6 42 48 55 26 71 93 65 64 11 84 53 77 30 9 87 79 58 62 12 43 82 22 59 0 83 4 5 45 42 45 6 34 8 9 35 35 86 77 85 3 43 3 0 41 77 78 69 8 41 45 11 37 21 55 94 9 61 90 89 18 92 77 20 95 100 77 69 98 2 41 48 39 49 42 19 44 12 74 32 69 72 85 8 72 19 76 53 4 51 73 82 68 15 77 66 67 16 47 14 35 27 99 2 12 66 41 3 72 56 39 4 12 39 12 98 94 13 57 51 76 2 45 64 43 89 43 4 37 16 38 66 63 11 90 96 13 48 55 96 24 30 40 11 33 57 35 48 53 89 30 16 9 3 52 56 31 21 52 78 59 70 77 38 75 56 89 24 3 39 66 47 72 58 4 15 97 2 76 35 12 73 90 7 85 49 5 64 75 28 42 26 44 3 86 28 54 89 27 64 9 97 97 35 90 55 57 2 21 90 24 7 64 29 51 75 26 63 53 30 3 39 7 30 27 34 71 9 6 77 68 82 8 3 0 75 40 59 91 27 67 94 25 87 51 22 66 32 1 0 75 63 77 95 76 84 39 80 95 54 29 40 53 30 65 11 97 65 62 10 7 48 45 35 42 55 11 2 24 44 94 43 77 51 92 15 35 99 66 94 11 59 21 46 40 32 30 19 89 34 16 68 49 0 7 61 8 14 20 58 48 41 93 37 96 100 60 41 66 0 11 49 46 33 55 43 73 100 48 14 84 16 90 93 72 92 45 69 86 77 47 31 22 54 6 28 50 48 79 87 100 87 84 26 7 55 54 23 95 33 55 20 49 44 7 34 67 73 18 31 16 85 22 9 71 41 89 7 97 49 63 80 87 16 40 35 67 76 70 94 32 51 39 91
86 93 88 34 68 34 16 55 82 79 8 52 54 18 53 37 47 23 49 51 20 65 33 82 18 85 72 67 96 11 60 29 84 9 77 66 51 100 31 61 71 64 88 41 40 44 94 91 75 27 24 79 6 4 77 12 18 80 78 24 37 13 93 91 57 46 99 61 64 7 19 34 99 3 12 56 35 63 74 3 33 82 56 46 99 68 85 55 56 51 16 18 69 3 4 16 6 89 85 75 78 5 7 76 11 40 46 25 54 15 34 38 53 64 23 72 86 8 40 64 59 40 36 10 36 9 6 7 36 48 26 86 59 85 63 64 38 2 5 16 17 89 10 12 48 44 78 44 23 55 20 56 50 11 36 13 37 66 57 73 51 57 10 15 83 6 30 6 64 94 37 10 65 24 77 35 20 48 58 73 66 89 72 39 73 95 6 2 68 22 47 88 38 78 9 83 90 25 62 22 32 30 42 26 62 70 84 95 7 77 30 26 49 9 4 95 51 79 51 72 93 26 38 26 57 46 86 22 45 9 58 79 72 1 3 79 64 21 89 28 71 0 35 87 21 6 40 83 31 67 22 54 74 93 76 55 91 68 73 14 90 25 4 31 29 51 5 74 47 19 15 66 30 32 14 16 88 70 70 39 57 91 72 6 17 40 52 68 91 90 14 6 94 61 58 35 52 84 80 98 40 36 25 89 98 23 78 4 92 24 11 27 39 26 83 57 6 9 75 70 77 24 20 57 96 20 93 60 84 55 60 32 36 6 23 34 79 76 38 55 19 63 66 61 41 6 48 9 9 31 84 50 20 88 89 33 73 22 47 61 79 98 80 86 53 44 37 58 61 22 71 34 75 71 59 23 62 44 76 75 26 17 80 87 21 51 47 34 31 7 58 74 57 39 83 33 20 28 78 6
83 78 89 45 98 22 37 23 46 17 40 4 80 41 67 6 87 58 95 21 1 62 76 80 25 85 37 97 34 96 98 55 74 25 24 5 38 76 58 61 60 94 43 54 92 4 61 69 86 10 15 47 79 20 34 22 5 74 82 86 67 61 88 11 23 7 12 21 3 71 61 8 49 68 80 29 65 9 13 28 48 74 66 62 30 10 1 15 25 79 12 54 69 60 78 77 84 84 66 39 25 49 89 45 55 37 81 77 49 28 36 43 90 8 30 35 70 41 4 25 75 67 56 21 21 85 14 41 18 1 63 47 64 22 91 44 73 28 93 5 37 59 9 49 77 96 27 75 24 58 55 60 5 66 54 16 62 47 51 57 100 42 3 14 15 69 55 17 6 97 12 16 99 78 32 33 72 16 56 55 54 51 84 7 80 17 1 28 88 100 67 72 8 19 24 5 34 67 13 4 56 52 71 53 4 39 12 13 61 36 19 9 61 85 69 58 59 6 15 85 10 100 86 56 28 37 96 28 33 66 4 38 90 9 49 87 45 14 62 11 80 3 81 42 25 49 27 18 37 35 51 9 45 41 81 15 67 94 92 88 8 42 12 84 93 56 73 71 80 60 32 85 93 39 13 1 93 10 13 52 78 1 42 71 87 95 92 62 79 41 81 79 34 76 34 5 55 31 66 95 1 64 93 53 46 92 49 60 67 87 83 84 50 75 47 74 26 7 33 57 86 32 4 24 34 63 8 51 83 4 45 78 86 55 51 79 52 60 94 63 27 13 95 76 94 72 44 27 91 2 1 82 86 73 90 84 92 0 46 29 44 36 86 56 34 31 32 96 93 10 67 5 98 67 7 10 96 14 24 61 4 79 2 97 62 41 95 85 80 9 12 30 5 62 37 11 50 93 35 29
20 19 75 65 83 90 20 15 17 31 19 85 15 59 11 8 90 89 59 65 13 47 1 94 9 25 38 73 26 21 44 7 99 48 39 57 93 65 34 61 45 80 9 36 47 15 55 72 63 10 95 93 64 92 67 95 22 51 33 79 2 16 51 60 34 39 34 62 60 88 58 40 54 12 79 47 75 53 73 78 39 99 5 75 64 51 94 84 53 97 8 95 1 61 45 25 98 94 19 34 65 75 32 40 22 72 79 70 32 87 34 31 26 38 46 26 56 53 54 36 89 65 89 84 86 88 62 25 77 100 47 76 84 39 29 5 81 27 11 93 50 59 76 52 99 50 1 84 36 11 9 10 88 66 46 86 49 37 16 72 84 76 20 23 19 74 91 19 66 85 78 9 90 88 55 48 95 57 95 50 30 71 70 94 81 61 54 86 19 80 19 26 93 72 22 15 79 7 59 74 86 35 48 99 93 15 45 17 26 36 73 72 33 36 45 40 21 100 25 21 22 100 75 95 95 53 16 47 14 72 91 11 36 96 25 66 23 12 88 61 66 70 81 46 97 15 91 89 29 35 34 37 59 21 60 50 21 35 65 16 25 60 25 96 29 97 95 63 49 37 0 42 85 88 5 30 76 69 35 12 22 50 0 89 30 14 91 48 90 23 83 49 93 91 63 48 68 72 20 72 26 75 96 23 74 69 45 56 17 51 67 19 49 11 91 33 7 89 9 50 14 37 27 45 86 73 33 66 90 40 2 86 91 50 81 3 72 91 14 76 59 17 73 16 89 39 35 58 93 0 97 31 19 32 47 54 85 87 75 59 32 85 5 89 14 48 49 60 78 71 10 0 79 85 56 13 17 95 48 16 11 78 38 24 50 78 1 50 78 2 12 36 58 81 7 16 91 26 87 60
