36 72 38 0 49 4 77 52 82 18 55 48 73 14 73 8 35 12 44 41 30 65 79 34 69 4 31 21 58 64 40 67 19 49 8 61 91 39 36 29 83 95 80 26 94 67 14 90 40 92 60 6 30 96 23 27 71 85 46 42 33 93 67 57 15 65 70 95 100 63 64 8 57 39 39 35 84 94 92 73 52 93 73 19 87 7 19 2 19 1 66 72 93 77 58 26 83 53 42 72 48 66 33 5 87 77 44 22 61 85 57 5 16 79 5 98 58 42 3 94 15 98 65 17 33 93 100 73 28 89 15 54 88 79 56 88 69 86 80 11 64 38 42 8 17 50 6 45 70 54 42 97 23 79 5 23 8 20 5 85 30 53 88 13 32 36 8 80 94 64 42 60 95 22 29 81 100 24 57 1 12 14 52 14 26 36 7 61 71 36 29 98 47 73 38 53 84 59 78 74 20 10 13 14 11 55 65 79 11 13 74 14 36 13 15 54 71 30 62 20 0 11 88 44 20 43 17 95 37 68 38 66 37 18 87 34 27 19 99 20 22 64 45 49 17 94 50 75 27 75 49 35 35 50 59 67 28 5 52 67 60 82 67 81 22 66 50 77 81 8 97 67 86 9 29 77 97 45 46 5 56 62 28 66 63 71 13 66 42 90 55 17 83 92 10 52 37 63 83 88 63 83 66 60 91 4 53 62 48 57 62 13 77 43 2 44 22 52 47 96 18 43 54 20 38 19 52 89 78 93 40 3 97 49 95 65 98 63 44 78 42 41 22 20 79 45 99 64 17 0 66 17 7 72 7 6 6 13 78 93 33 64 34 83 33 68 2 25 60 80 95 67 40 42 5 83 27 55 60 3 61 71 13 95 63 5 69 50 21 67 59 85 12 21 12 52 90 14 94 64
44 40 76 75 98 53 8 45 7 23 20 66 57 100 47 45 11 55 41 40 31 51 80 46 91 74 62 82 26 66 1 54 59 19 67 23 67 32 12 37 47 27 56 34 9 46 91 27 43 53 10 32 49 81 79 60 41 6 11 97 24 60 54 1 67 17 85 51 17 17 52 26 27 89 25 1 20 52 70 2 80 43 45 0 41 59 50 27 62 30 58 35 94 60 39 39 2 92 7 93 68 28 66 6 51 52 5 65 18 73 97 77 28 45 76 0 44 64 97 51 34 83 27 91 20 57 2 68 26 58 91 26 35 83 20 62 36 49 59 59 15 51 33 99 29 67 71 14 35 87 30 58 5 0 63 18 23 45 45 19 75 77 29 3 64 48 16 78 17 50 4 84 56 38 62 37 35 2 66 16 31 14 89 25 14 6 83 97 58 81 71 91 28 40 85 41 38 46 66 36 63 4 75 91 19 76 37 85 3 93 51 67 53 6 24 57 95 84 54 51 31 97 6 90 51 11 99 5 48 49 97 24 87 38 6 30 91 78 89 38 50 53 42 58 27 31 96 85 59 93 1 37 73 70 6 43 27 76 39 40 17 18 45 34 0 15 57 86 97 95 77 26 7 30 99 32 78 58 47 56 1 86 2 39 69 90 66 32 83 77 41 63 5 83 52 12 84 59 96 34 13 10 87 20 97 46 74 84 46 11 84 64 10 97 90 6 73 86 76 32 70 40 25 68 84 88 89 53 91 2 93 12 12 5 74 68 84 49 93 26 26 100 82 5 79 39 99 20 34 57 11 31 87 27 55 63 4 36 67 89 49 78 98 1 50 71 58 13 16 74 4 19 93 45 44 35 80 43 12 92 77 75 92 77 0 42 92 70 51 99 70 98 31 67 54 56 34 23 78 90
77 100 24 21 84 21 56 85 93 9 83 59 11 43 19 7 58 27 36 2 1 38 36 76 54 16 82 37 56 33 14 49 97 98 33 10 45 16 84 63 100 18 54 41 43 45 17 1 38 13 83 76 58 19 90 95 82 90 83 89 11 57 25 82 11 62 92 65 85 84 25 33 52 9 95 75 13 84 65 99 1 35 84 44 50 9 51 54 30 53 89 75 48 31 86 38 76 51 59 11 23 15 13 64 4 75 44 35 93 69 98 47 97 43 20 55 36 93 24 71 16 28 15 77 24 20 59 9 83 64 20 83 86 64 34 61 60 28 11 0 30 31 33 15 19 23 77 24 90 34 10 41 56 87 16 21 5 61 14 86 83 26 9 32 65 3 6 42 74 0 49 20 79 97 17 74 73 78 71 79 56 100 30 90 57 97 48 27 27 18 36 63 71 70 62 67 99 94 15 63 68 80 90 77 85 76 92 5 81 4 80 54 76 78 83 100 37 54 22 50 31 99 26 24 73 92 18 25 10 54 50 36 6 73 83 26 98 89 42 31 24 96 86 56 8 16 60 30 65 93 32 28 27 98 98 5 71 51 37 94 23 43 28 34 90 95 71 51 51 22 14 99 9 33 15 10 83 48 49 27 96 50 2 48 7 95 3 73 16 88 42 56 4 54 33 85 13 52 83 56 69 35 93 20 88 41 0 29 37 55 32 79 6 69 54 64 70 51 62 89 24 38 53 18 63 19 94 16 75 76 75 53 97 53 58 1 87 12 42 88 70 0 98 35 33 16 89 78 19 76 10 62 22 71 81 23 18 29 99 21 33 81 71 1 39 31 4 42 95 81 86 13 30 82 92 3 21 33 58 19 58 81 97 13 2 34 33 23 64 10 15 31 81 79 91 19 61 4 82 73
52 32 4 33 84 18 87 100 40 64 79 88 28 27 67 68 84 87 100 85 88 44 75 23 57 98 7 62 19 10 5 28 72 33 58 97 84 37 12 70 29 17 66 38 33 81 67 56 1 31 20 41 18 42 80 1 31 57 5 69 83 59 77 74 100 22 22 10 13 17 46 55 24 91 88 14 73 81 50 6 0 61 56 11 68 94 53 0 9 31 69 39 62 62 23 65 52 31 52 94 34 48 83 54 43 54 87 58 96 5 36 46 89 60 62 55 8 63 100 63 16 72 89 69 11 58 3 36 78 18 45 85 80 9 99 51 76 99 44 69 1 0 2 90 2 31 9 62 4 89 28 1 91 69 78 49 86 79 39 30 42 89 16 78 88 69 44 24 97 98 4 25 11 34 25 31 47 62 64 73 66 7 7 65 80 59 1 29 81 21 11 47 98 73 8 76 95 50 93 6 89 93 51 71 55 97 34 10 99 32 76 96 22 37 54 28 87 10 37 1 20 28 10 62 32 14 52 8 95 86 12 44 93 10 45 31 78 10 59 18 7 64 50 88 20 44 44 79 89 5 2 49 14 35 23 84 59 49 48 44 3 82 98 43 11 95 29 72 13 89 59 0 7 72 57 28 26 20 89 63 59 83 80 49 56 48 85 20 23 0 23 79 77 1 15 84 29 32 61 20 0 44 91 27 57 41 72 21 23 34 4 40 55 63 51 80 90 13 89 73 68 62 61 17 63 38 86 17 64 73 72 31 81 23 63 88 64 93 100 100 67 16 11 38 93 79 55 78 67 47 83 40 25 69 2 59 9 51 37 23 85 94 92 72 36 31 25 73 84 0 35 74 67 88 77 100 69 87 14 17 90 43 54 56 4 77 28 70 97 17 64 32 98 78 63 28 94 48 29 3
71 81 18 36 61 21 100 36 98 94 95 54 93 30 46 65 65 10 48 70 16 7 50 1 71 58 5 43 8 78 86 53 99 12 99 14 74 77 82 33 25 52 55 40 72 1 61 70 56 74 25 37 62 56 62 88 60 44 84 35 35 11 4 94 18 69 54 65 67 32 56 21 85 81 9 33 8 81 29 45 100 94 62 25 73 42 74 63 16 83 24 9 64 55 12 22 97 49 40 59 82 13 84 62 69 52 94 1 90 62 42 50 14 44 20 44 98 29 66 70 67 84 21 0 32 79 64 40 2 22 23 93 98 9 29 27 94 80 11 47 84 72 82 58 51 76 8 44 49 75 10 29 48 35 51 37 9 65 4 57 91 56 37 22 6 94 66 72 6 72 29 64 75 6 33 15 99 39 71 91 37 67 67 51 2 86 34 72 92 58 33 59 69 96 93 38 92 87 24 19 32 96 43 46 6 11 5 20 26 88 31 99 26 36 64 87 32 85 70 53 21 30 39 43 16 77 90 78 96 57 57 85 92 40 34 90 31 37 62 95 97 31 6 38 21 34 81 89 70 28 24 96 90 72 33 46 88 14 71 33 99 28 22 13 94 61 87 84 15 36 15 18 34 32 15 90 66 18 100 31 31 26 38 75 46 7 15 11 54 84 90 55 10 95 95 93 26 31 42 51 6 24 52 38 8 8 80 51 25 10 44 72 24 97 54 59 47 84 12 79 99 82 97 61 22 5 81 4 72 82 93 56 25 37 40 53 61 19 50 25 13 86 94 58 42 37 39 75 25 32 14 30 99 67 57 39 7 51 43 37 35 50 33 46 23 53 44 96 14 97 100 47 2 74 51 66 80 18 1 14 52 15 62 29 68 52 64 45 73 3 95 96 15 69 97 29 85 19 19 77
98 28 40 49 79 57 9 0 76 32 79 30 0 74 96 90 43 80 14 4 72 40 77 96 10 13 9 11 95 54 96 17 22 86 0 33 93 90 100 48 87 78 28 30 54 57 15 6 34 19 23 30 92 60 19 64 4 27 24 19 3 84 36 74 5 62 43 68 38 86 58 45 100 65 15 22 79 61 90 30 80 38 79 24 25 99 99 2 88 45 21 16 62 39 4 98 9 99 59 0 77 91 30 85 92 87 86 80 90 93 43 23 94 90 100 28 69 29 76 11 20 40 57 69 90 20 61 4 55 72 27 99 50 36 61 47 7 54 92 40 0 48 61 24 8 57 96 14 70 87 89 9 33 80 78 69 97 26 22 7 11 16 22 6 27 72 0 91 60 9 20 18 48 76 84 70 58 97 14 73 3 65 16 41 56 69 30 37 81 5 52 80 82 49 28 93 12 64 48 18 6 58 47 10 97 63 37 0 21 87 81 48 44 48 78 31 0 30 5 90 86 28 40 89 45 96 80 1 52 69 79 46 45 90 78 53 33 72 14 79 32 52 13 80 34 66 74 32 77 49 17 67 37 64 25 37 7 66 24 90 46 24 0 59 16 58 34 25 100 32 5 6 54 59 73 44 65 12 7 40 16 7 49 52 19 77 8 79 71 1 62 1 41 58 65 67 91 23 98 32 82 0 20 66 20 86 1 70 79 29 96 39 50 79 45 11 70 11 25 7 49 96 47 58 24 40 6 11 95 69 99 93 41 61 24 44 53 77 58 95 1 1 38 45 45 58 75 9 48 48 9 48 3 97 24 25 45 71 73 54 22 7 26 3 89 33 99 94 25 16 61 87 7 50 98 18 1 80 3 15 63 32 34 52 91 54 0 10 36 83 7 90 94 97 59 6 85 35 42 52
58 69 64 55 8 33 60 13 13 32 10 89 1 56 63 27 52 16 44 98 98 40 82 51 35 80 60 53 23 82 96 79 67 45 85 64 38 54 49 7 53 49 72 97 66 48 39 17 10 62 52 79 27 20 97 65 15 27 77 83 68 28 70 32 48 55 79 34 95 95 23 26 34 66 76 54 75 33 64 24 88 52 19 8 9 34 12 58 91 43 71 34 12 38 10 78 37 17 19 24 37 33 51 43 87 34 90 13 92 72 41 91 1 30 32 49 98 7 2 63 64 35 3 81 8 74 30 73 49 68 71 67 90 93 99 9 33 49 84 49 79 86 32 86 12 12 12 20 41 73 59 33 32 1 65 29 70 94 67 55 13 31 64 95 32 90 10 33 7 98 42 46 65 92 71 69 62 71 52 9 91 96 35 48 99 58 22 4 42 87 83 61 4 43 61 18 24 46 82 96 17 63 70 29 29 80 98 43 67 57 32 66 87 73 97 58 43 89 1 78 25 75 99 79 36 77 5 78 47 72 20 32 57 20 40 8 41 60 67 41 39 23 69 35 62 48 98 56 58 50 6 31 29 14 53 14 94 47 58 27 37 33 53 38 31 55 65 85 56 76 35 93 74 12 41 45 79 38 3 92 15 53 16 71 71 60 54 42 89 26 77 89 16 33 72 53 32 6 17 72 6 20 69 63 45 96 10 11 77 45 3 57 16 28 26 85 12 8 85 57 93 40 0 23 22 85 77 72 20 47 27 20 64 93 73 36 17 28 41 48 48 99 42 51 97 90 96 73 23 47 10 33 61 97 53 95 85 23 44 92 18 76 6 70 59 36 86 7 26 23 69 45 1 97 29 7 86 91 9 69 70 58 7 43 27 30 5 76 100 20 18 1 46 15 44 90 61 78 68 69
0 13 46 2 15 93 5 7 0 88 31 31 2 69 21 9 20 7 73 65 45 97 60 88 36 100 86 16 60 22 93 59 79 0 6 0 33 10 89 71 28 37 18 80 14 51 11 45 29 11 8 70 68 90 92 39 78 66 1 72 66 67 5 55 37 65 80 67 18 5 20 34 72 44 91 23 25 50 85 16 62 32 24 61 23 11 76 5 21 5 63 75 93 71 76 46 35 28 45 35 68 64 29 61 84 100 15 5 16 78 65 69 79 77 31 68 71 69 37 70 20 14 83 69 3 87 33 58 38 77 96 60 5 61 53 9 69 21 80 64 75 75 46 52 1 78 83 18 77 79 14 81 8 53 28 31 97 9 21 49 17 65 6 77 78 75 54 0 61 39 59 9 34 1 18 21 98 84 48 27 41 72 75 23 78 60 62 95 41 32 40 37 18 78 64 61 23 48 37 97 59 6 53 73 54 46 50 76 86 76 67 82 8 23 87 57 20 21 50 58 20 31 23 50 74 39 9 63 13 95 25 32 25 92 51 46 81 5 8 85 17 38 67 2 59 50 18 88 44 72 78 19 41 54 1 58 15 82 5 91 12 74 45 3 2 53 31 100 45 79 43 45 42 6 13 86 87 31 25 45 26 10 24 1 24 52 86 88 26 58 74 60 26 99 0 16 26 3 99 8 24 97 51 24 10 59 79 97 44 51 62 16 73 45 48 4 13 89 86 64 95 81 68 57 63 25 66 93 50 67 54 31 48 51 18 58 67 51 19 34 17 81 79 2 70 88 27 79 7 93 47 96 9 82 82 6 23 62 6 14 28 69 37 95 92 93 100 48 66 14 57 68 30 28 93 12 50 18 46 9 56 17 24 25 56 16 9 98 55 60 28 75 54 51 29 57 10 21 73 58
6 33 20 54 64 16 99 50 96 46 49 76 52 22 99 53 57 70 41 88 52 38 11 41 80 18 60 96 43 43 37 46 38 45 52 47 32 43 48 85 1 24 10 8 36 19 0 21 66 50 41 34 68 97 10 10 10 81 86 5 48 98 52 75 13 45 82 41 85 74 54 64 14 44 64 84 87 65 53 62 29 36 90 48 82 99 65 63 30 78 97 97 9 45 75 17 64 61 72 34 51 56 19 100 49 78 36 93 98 40 50 93 33 93 6 48 25 16 29 69 19 39 5 71 66 67 59 43 21 8 43 69 77 92 91 7 60 11 70 71 42 60 2 18 0 34 94 82 22 20 23 75 62 21 72 48 28 85 31 69 46 18 71 62 72 75 67 33 87 83 67 58 94 21 69 63 56 30 83 69 87 97 98 56 32 87 20 36 63 22 88 21 9 39 80 31 8 11 56 20 3 14 60 89 37 91 17 77 24 10 7 94 98 87 47 58 51 73 73 44 40 63 50 79 94 7 6 14 59 73 41 86 96 51 71 78 50 88 51 36 33 55 22 66 88 59 91 99 61 37 9 27 27 11 80 69 50 4 43 94 48 75 80 45 92 55 20 44 60 84 27 50 24 60 37 72 16 16 69 4 41 43 33 85 32 29 87 53 16 63 75 24 4 68 44 80 10 67 50 87 6 32 54 1 55 47 48 48 56 38 100 29 35 63 5 89 33 43 92 6 80 12 26 14 89 3 85 2 0 35 67 91 76 67 32 66 88 14 77 51 13 76 84 64 84 75 46 88 76 88 39 8 59 97 13 92 4 85 90 87 64 39 71 21 54 88 26 72 55 93 17 70 37 92 73 43 49 98 8 98 42 3 16 26 75 74 75 83 55 96 50 35 85 87 0 19 29 87 71 22
63 81 18 1 24 19 90 54 21 77 91 96 80 38 16 87 85 80 79 43 3 87 83 52 25 36 38 7 97 11 21 60 93 53 44 18 67 43 78 31 13 10 13 13 61 57 13 94 48 35 46 66 87 84 75 9 18 44 53 96 45 10 53 29 37 57 89 60 70 5 100 96 61 99 17 50 84 7 14 91 56 85 11 91 76 86 59 100 99 98 91 13 52 22 34 55 44 91 90 95 83 56 8 22 76 65 3 15 15 63 9 73 25 86 35 30 39 44 90 72 32 27 80 29 13 43 90 92 65 94 74 96 76 9 10 4 51 79 84 80 28 93 40 61 84 39 77 80 33 28 15 11 1 98 42 18 19 59 86 6 29 30 86 74 4 88 70 29 23 65 83 90 93 76 38 59 37 30 72 12 36 79 87 62 87 41 41 49 11 21 54 49 9 53 95 27 60 54 79 27 70 44 89 45 1 74 1 13 36 94 31 99 66 76 68 49 66 29 100 32 23 97 62 56 76 36 8 37 91 59 63 100 31 58 34 1 18 74 77 65 14 30 27 26 99 18 47 71 63 77 12 80 39 6 99 83 91 73 40 63 90 41 71 38 48 33 82 46 37 1 52 13 85 33 28 53 81 80 35 25 5 62 32 8 87 34 7 2 83 75 53 28 66 62 54 52 25 94 89 57 56 70 96 48 56 70 52 3 78 81 31 27 95 89 41 3 48 83 31 20 36 89 9 84 48 93 73 82 72 12 24 99 68 86 42 11 62 12 52 61 6 96 77 30 77 82 15 71 1 47 28 78 66 68 76 23 11 32 56 27 14 82 40 16 31 9 47 30 42 19 43 30 49 54 3 13 21 60 66 75 96 38 6 90 52 90 57 69 66 73 94 98 61 30 87 46 66 16 84 56
98 94 85 63 22 99 24 55 48 48 78 74 91 14 27 52 52 62 35 14 82 87 94 15 4 53 45 60 25 84 33 40 86 57 59 80 25 4 74 52 60 6 56 11 32 62 92 0 59 16 41 76 37 27 70 70 5 96 89 79 1 10 81 15 36 76 91 45 34 0 7 44 67 89 65 19 14 23 16 67 59 43 70 84 97 18 10 8 2 12 41 0 55 82 70 58 49 20 58 11 9 52 57 67 70 71 77 13 100 82 71 65 33 51 68 61 95 49 23 6 73 47 22 22 34 79 53 27 74 35 43 25 93 5 17 41 66 0 93 3 17 3 41 97 69 12 56 31 51 14 38 58 7 11 100 73 12 10 71 68 7 91 35 33 96 40 77 34 93 80 24 22 90 76 4 46 55 66 90 24 92 20 71 60 99 99 59 7 53 27 15 87 27 80 13 68 74 7 22 79 48 63 67 88 29 87 87 95 8 79 49 37 100 95 88 35 3 91 85 25 100 44 69 20 44 57 2 91 72 60 15 36 61 45 29 53 76 44 92 54 65 27 92 86 20 32 46 11 26 72 13 48 14 83 45 77 12 93 67 67 96 42 44 2 71 75 12 42 80 69 68 97 89 75 8 27 34 18 59 82 93 45 31 50 59 38 71 96 12 62 64 97 21 27 71 75 26 64 57 23 55 90 17 8 97 99 20 57 32 97 35 94 3 85 38 1 76 81 7 34 30 96 53 13 90 41 32 55 20 14 63 0 35 12 31 90 94 42 75 38 51 1 18 18 8 97 43 38 3 47 6 33 23 91 95 6 76 30 96 42 71 91 72 62 37 96 3 56 84 83 70 65 21 46 79 22 90 68 49 71 13 2 23 88 82 86 99 3 97 31 97 93 95 68 38 98 96 83 18 4
54 14 25 22 18 2 53 88 36 70 42 81 55 51 46 21 76 85 78 83 51 74 67 57 71 63 54 88 88 83 77 54 99 81 21 25 17 2 24 29 46 51 10 51 69 3 70 90 41 43 67 89 37 41 60 37 28 40 5 92 70 42 95 91 98 1 91 96 15 68 41 27 6 1 14 62 15 45 86 30 23 69 69 99 97 44 71 10 22 67 2 49 75 26 43 53 4 52 66 41 22 49 87 18 98 67 55 21 39 53 45 59 77 9 7 17 26 30 82 7 22 10 99 29 100 63 28 93 75 40 85 77 28 81 12 86 45 46 9 23 44 27 96 47 95 15 96 22 42 4 75 9 17 53 15 55 2 16 61 33 33 61 87 97 33 24 51 4 57 28 38 83 66 8 77 33 47 4 11 58 23 2 78 63 3 2 90 13 14 86 98 33 44 86 96 77 29 34 59 51 18 81 33 13 41 44 51 49 49 65 98 90 68 29 29 90 31 95 4 83 63 26 88 54 34 76 27 45 18 40 96 92 47 5 85 76 67 95 34 68 71 36 59 67 64 47 9 45 12 36 57 49 36 27 94 79 6 75 69 7 78 0 89 56 52 16 99 96 78 89 0 33 92 77 17 23 67 81 8 17 15 30 2 18 15 96 32 86 25 84 10 43 72 69 53 71 3 44 91 23 38 79 86 89 46 46 90 73 91 73 60 21 45 8 80 94 1 63 58 17 45 96 2 63 32 40 25 54 50 63 1 57 33 67 23 40 31 25 47 15 42 26 14 70 93 64 60 45 43 91 49 34 28 52 54 6 44 43 80 27 69 23 74 96 32 44 7 89 11 11 8 18 59 49 88 1 63 69 47 0 78 88 24 29 35 25 5 76 63 68 53 39 49 40 56 79 6 91 52 3
22 21 10 90 35 4 77 6 38 46 98 19 67 59 56 56 91 99 67 91 1 76 54 7 22 45 70 82 91 63 62 52 32 93 41 65 64 35 49 96 54 49 30 55 12 91 46 72 61 19 64 31 16 99 97 39 11 73 76 12 55 53 10 22 24 96 68 53 28 29 16 40 75 29 85 30 44 86 48 23 46 7 36 38 48 17 10 65 85 20 78 87 78 9 76 24 38 28 18 77 43 26 8 44 59 42 86 45 84 17 59 58 71 4 79 51 93 18 5 28 63 47 64 51 34 53 94 7 72 14 60 97 32 92 8 4 25 55 23 56 68 20 29 37 47 2 86 70 27 41 60 21 12 86 43 78 100 89 89 63 16 44 98 59 21 39 13 49 9 22 54 3 18 36 63 2 69 7 69 92 20 76 29 86 40 83 95 84 99 88 30 89 49 69 44 59 70 40 10 19 71 6 82 65 21 35 20 68 47 53 5 36 33 63 90 20 70 47 48 3 77 87 51 28 46 95 14 22 53 55 0 75 28 24 12 31 53 35 23 35 89 62 25 83 65 42 75 77 30 45 48 22 79 27 40 19 84 94 69 69 83 37 60 100 62 92 2 44 15 48 31 39 14 94 91 42 88 71 2 86 61 38 29 61 46 84 67 48 10 44 60 77 100 20 23 79 26 56 81 55 79 79 81 10 93 96 67 100 46 49 45 66 9 5 95 24 48 3 62 25 84 38 12 23 23 75 65 43 38 8 22 91 83 83 89 68 93 89 64 93 56 20 62 27 56 8 23 39 35 9 82 43 70 93 11 94 52 39 31 93 83 17 56 25 19 22 1 78 100 0 9 45 4 81 81 23 89 28 71 88 82 31 20 70 36 8 83 10 42 40 78 21 35 32 81 24 10 15 39 87
45 42 68 3 29 56 37 11 54 1 63 96 4 91 65 5 7 18 26 70 89 51 69 23 84 22 77 53 41 49 76 65 22 13 36 70 1 63 19 36 100 37 56 96 12 71 3 62 0 82 74 85 94 60 73 41 57 4 99 85 48 29 98 5 22 99 46 16 29 1 86 45 91 69 25 21 33 53 68 33 75 73 3 28 50 27 25 68 90 56 76 34 40 66 21 18 26 33 1 21 23 81 13 60 66 39 49 84 86 0 59 40 79 45 20 20 25 23 65 30 16 53 10 72 89 70 52 61 40 62 1 92 79 82 41 57 82 65 43 0 24 13 40 98 53 8 52 7 5 44 68 42 71 3 28 89 7 2 44 9 29 1 96 90 92 11 10 32 72 28 43 88 39 32 28 94 55 37 30 39 52 32 75 42 62 78 45 1 27 100 32 25 38 39 50 44 86 84 41 8 61 69 1 65 50 53 68 78 80 30 29 39 81 75 79 85 63 18 3 4 16 34 18 12 68 72 43 39 18 77 28 0 77 77 23 22 96 11 64 66 44 46 76 97 28 80 42 17 54 96 80 8 99 88 43 18 49 31 77 54 59 49 26 3 56 75 59 10 58 91 4 28 34 45 29 5 94 75 66 93 47 7 19 60 28 90 78 26 97 71 46 95 56 7 76 46 60 40 8 53 97 65 74 74 95 33 84 100 55 8 29 99 88 14 77 13 5 19 67 98 76 93 18 25 36 92 24 81 59 89 81 35 73 44 23 29 72 76 58 54 42 38 49 74 66 82 19 87 53 67 26 26 41 85 30 88 19 85 100 64 60 40 70 98 57 24 43 40 62 19 25 16 27 51 14 34 85 94 23 95 52 15 58 89 44 81 87 85 8 79 79 45 23 94 99 92 26 64 32 91
11 31 1 7 88 88 75 39 23 88 34 50 30 36 76 59 57 71 89 70 24 37 78 68 92 53 40 71 41 41 9 77 62 47 18 41 94 58 22 96 39 78 11 97 57 90 6 83 56 15 89 68 70 87 55 51 14 63 76 28 10 74 4 30 7 7 0 81 71 69 18 97 45 78 92 52 1 56 34 1 54 78 77 6 1 10 53 3 52 30 27 92 75 96 13 47 47 64 5 21 5 88 74 2 76 47 98 55 1 18 38 9 6 21 25 20 99 70 67 37 12 26 39 20 91 64 47 93 41 88 57 90 60 49 3 46 35 90 25 15 37 44 58 90 10 80 29 92 76 12 21 91 59 28 67 59 13 34 36 77 56 37 94 58 2 50 19 34 37 62 67 14 40 78 15 2 62 10 74 14 62 28 70 12 42 87 51 8 55 31 71 10 33 60 39 87 56 71 70 75 75 46 7 13 93 94 29 99 47 2 21 30 46 50 58 60 41 89 15 65 72 35 76 46 39 70 30 45 36 60 5 40 87 19 0 31 52 60 49 74 29 79 75 62 46 15 12 53 9 42 36 63 84 43 33 74 99 63 51 12 70 55 27 44 0 92 56 54 37 50 32 65 22 5 73 42 15 7 2 37 12 31 67 49 16 52 78 27 91 73 35 97 64 94 92 8 16 31 77 54 62 45 40 71 65 90 71 75 70 45 99 83 83 73 16 18 98 62 37 85 40 66 58 11 2 25 52 70 64 32 32 79 85 22 3 92 13 42 73 100 11 96 11 52 4 51 44 46 28 26 43 42 3 98 17 23 83 28 35 70 43 67 95 97 1 9 45 75 36 96 30 82 47 63 51 5 72 2 32 81 29 81 83 53 27 10 0 83 57 81 62 81 10 74 39 67 47 9 20 53
80 46 71 36 93 22 91 37 64 4 67 30 80 10 94 67 88 91 14 87 40 16 89 22 87 12 4 94 84 65 64 59 43 85 70 52 46 48 53 59 67 92 87 60 13 97 86 5 92 9 91 46 14 44 76 90 53 8 60 53 19 47 99 89 97 21 68 45 97 16 16 10 56 56 88 84 92 61 41 37 19 25 12 79 48 21 91 41 46 35 78 45 11 17 18 72 17 12 48 2 77 4 18 47 71 61 19 7 22 99 16 57 24 44 15 22 44 77 76 68 86 93 76 60 85 65 50 53 32 48 94 13 84 11 79 3 35 62 37 42 41 85 15 38 94 94 65 53 99 63 36 31 19 31 71 44 54 95 74 28 30 13 89 48 61 58 8 15 90 6 71 77 51 27 41 88 24 28 39 2 71 73 92 65 80 55 89 91 6 1 88 87 70 41 40 88 85 34 0 3 68 62 53 72 86 62 43 76 93 60 38 43 11 28 86 46 27 35 10 69 0 52 63 79 17 43 26 7 24 0 26 31 69 38 20 55 43 77 2 5 54 51 19 62 48 79 0 55 82 55 14 74 20 88 42 73 94 59 16 100 45 28 12 95 17 71 81 36 34 10 76 85 56 26 51 28 99 0 82 56 26 12 59 16 99 65 54 8 61 52 83 9 27 81 88 11 79 98 29 73 29 16 77 9 59 47 9 33 52 97 36 41 39 41 91 55 32 0 75 52 47 7 93 26 75 97 53 19 40 9 28 79 98 42 69 56 57 7 92 50 80 100 90 71 8 56 4 33 46 80 66 34 49 5 45 77 3 21 84 90 70 47 77 73 2 53 64 90 79 27 62 36 100 84 82 30 64 98 49 14 45 80 59 35 80 25 34 50 3 71 73 77 68 70 5 77 67 74 13 18
52 3 2 85 51 62 55 10 42 84 84 98 81 76 54 75 39 64 64 65 7 73 45 89 21 23 34 95 68 60 3 65 99 45 68 73 42 18 28 19 87 12 88 4 7 44 50 76 30 76 29 56 95 19 12 90 69 6 10 18 60 6 79 94 87 59 38 12 31 71 0 42 2 43 78 18 45 94 84 61 30 4 50 44 36 33 5 0 100 82 32 20 1 36 31 40 49 76 31 99 5 88 13 36 87 12 26 84 25 12 44 20 99 44 45 48 46 27 74 71 90 16 57 27 100 22 40 49 94 58 21 99 78 11 60 37 67 3 85 49 92 15 81 34 30 48 11 86 88 15 46 28 35 47 43 89 72 6 44 95 88 75 22 13 66 8 42 99 53 49 83 35 84 21 38 80 38 6 84 29 65 100 29 30 49 44 37 98 20 11 86 44 74 45 5 38 99 29 23 34 100 7 87 65 100 54 9 7 51 22 65 93 93 94 53 14 79 99 6 54 31 81 60 29 75 94 29 20 63 0 33 40 71 98 5 22 91 50 51 1 19 77 96 81 40 84 45 88 99 12 18 67 13 29 73 67 27 75 71 45 11 49 65 4 33 45 41 25 100 89 18 31 86 40 34 34 6 41 86 26 62 31 92 87 7 62 67 17 12 63 76 78 83 70 94 53 51 54 83 88 61 21 83 3 91 73 13 67 37 50 38 65 86 19 61 14 24 9 79 79 12 60 63 58 40 55 35 39 17 65 78 35 7 14 0 69 26 57 21 27 6 87 79 75 9 92 11 39 50 23 65 69 52 90 16 56 44 7 25 65 50 44 22 82 29 87 88 95 88 86 45 70 100 70 51 91 65 14 54 58 61 100 43 30 31 26 13 7 4 10 40 95 10 97 96 85 41 26 58 89
82 31 26 68 39 67 85 7 3 14 50 12 61 8 22 21 83 75 32 46 21 11 88 35 56 24 91 71 59 41 47 36 33 75 39 50 35 75 82 66 26 91 28 7 46 83 14 32 86 15 42 44 32 74 28 29 57 58 56 71 50 93 55 35 75 74 37 75 6 75 92 65 21 81 10 22 18 71 91 2 48 85 70 67 81 32 40 33 68 27 83 30 50 38 85 96 76 97 39 67 8 11 79 12 45 98 12 53 63 22 22 12 84 35 85 46 69 24 78 84 1 67 61 52 69 4 92 7 45 52 95 30 71 15 48 41 45 67 48 95 11 22 82 78 100 60 58 3 3 22 35 43 37 96 62 78 20 99 3 7 78 1 90 83 85 70 65 97 41 89 17 31 89 52 44 56 69 61 44 59 62 17 27 80 20 69 90 81 78 56 19 45 74 63 52 93 63 35 80 93 21 77 70 3 86 2 29 70 60 6 29 39 17 52 94 96 79 100 82 14 92 92 25 11 4 95 48 18 11 21 36 54 45 29 15 91 56 42 78 29 91 15 76 60 61 39 90 12 1 17 66 78 93 39 32 66 18 33 63 23 9 17 70 83 45 11 81 84 47 22 30 78 7 36 53 82 6 17 45 13 87 24 60 21 1 10 82 55 49 76 7 44 69 46 93 99 24 91 78 56 7 12 94 74 54 88 79 0 72 12 14 96 3 85 23 69 49 90 14 16 3 56 44 100 62 43 51 18 12 73 71 40 76 39 18 15 36 9 13 44 12 100 50 20 97 26 77 74 76 10 42 38 66 67 26 37 69 71 43 55 19 82 38 44 44 46 33 24 32 22 35 7 98 94 38 49 54 89 31 26 52 46 9 31 41 72 97 95 61 100 95 14 21 56 52 12 99 17 31 71
51 88 1 76 63 14 65 27 35 3 46 86 72 82 91 17 80 0 76 72 19 91 49 38 70 90 74 38 67 58 38 13 18 56 16 67 15 44 90 0 79 6 21 34 89 89 74 22 62 89 47 54 78 7 85 1 53 79 41 20 66 4 73 51 61 96 5 31 44 44 98 47 78 5 70 38 62 16 42 98 60 34 1 72 14 92 54 64 62 99 24 99 17 70 16 100 46 35 62 29 62 91 20 60 45 5 9 51 63 43 81 100 50 95 70 11 82 19 6 20 3 94 84 13 82 92 12 97 38 68 26 75 99 10 51 1 65 70 56 62 56 97 59 54 2 79 48 89 100 67 48 69 68 23 36 87 35 49 73 76 34 68 15 67 33 50 48 59 41 32 6 20 73 80 47 17 18 26 55 85 85 39 15 56 70 4 39 98 17 73 7 36 94 99 83 79 50 28 62 41 3 77 68 12 83 73 99 100 2 20 14 32 67 69 41 80 95 29 61 2 92 49 48 95 32 4 84 70 67 82 8 7 28 52 31 20 10 15 16 90 39 87 83 45 38 46 100 85 29 81 95 84 18 98 85 59 89 57 9 69 79 38 18 97 12 68 2 46 28 64 34 32 20 60 40 27 25 37 13 2 61 5 50 25 17 12 74 41 23 14 79 42 29 97 94 47 26 6 84 0 63 10 57 41 73 37 63 7 13 9 47 87 80 29 10 77 79 14 70 70 10 46 79 14 90 0 82 15 95 59 95 35 29 75 95 80 81 88 74 91 30 51 79 9 45 38 48 0 68 23 82 95 9 36 63 32 36 80 74 52 41 74 7 36 58 67 82 80 85 78 92 29 38 94 32 17 1 61 15 15 32 67 96 67 47 7 30 44 20 1 60 38 31 97 31 90 95 25 55 25
12 53 30 77 76 81 60 25 42 50 86 66 16 79 66 83 78 48 64 94 100 5 86 67 79 22 88 48 79 20 73 67 62 36 38 21 47 28 82 33 25 54 64 11 16 14 37 43 10 69 48 92 84 17 84 20 49 2 31 17 73 28 70 21 60 44 94 70 1 1 56 77 32 67 15 1 63 97 33 68 38 34 84 30 59 33 11 60 67 67 87 43 28 72 4 63 92 73 25 9 13 52 77 54 38 87 6 60 61 34 94 28 22 18 5 36 90 41 45 73 65 54 35 55 17 82 52 18 79 82 76 78 35 81 8 92 70 26 60 5 59 58 89 51 93 69 56 13 97 10 41 22 100 9 63 62 93 22 88 15 77 37 68 51 3 2 77 75 38 66 70 68 41 4 85 54 49 45 28 67 1 83 18 42 22 83 78 2 30 43 45 26 37 83 90 66 92 63 54 73 2 16 51 57 98 41 28 33 27 15 32 52 54 18 5 79 89 81 25 90 96 7 70 81 36 50 7 39 31 26 2 76 85 84 64 50 39 88 95 53 5 66 36 70 13 23 34 54 65 5 45 16 27 16 63 83 66 58 84 35 21 36 80 88 23 69 18 40 39 48 81 6 14 99 9 41 75 15 64 25 8 3 8 51 97 60 38 73 20 68 98 93 0 41 79 73 17 16 88 42 12 20 93 54 78 47 26 51 29 83 28 22 82 83 59 41 92 98 79 93 10 95 56 32 35 2 81 63 5 3 98 86 4 81 88 61 7 66 2 19 68 88 85 41 47 38 60 16 96 58 71 1 95 0 1 55 59 77 40 81 6 67 43 91 61 79 84 88 32 66 69 9 11 43 59 26 71 95 39 38 25 30 90 41 99 34 26 93 85 43 77 28 77 71 9 20 78 16 24 25
61 25 90 34 72 19 97 29 92 70 56 27 37 84 12 62 20 93 32 94 56 18 42 47 95 64 30 40 86 76 74 100 51 30 82 49 15 40 77 2 86 65 13 23 84 21 1 72 100 19 80 2 3 95 42 60 74 92 66 69 84 87 10 39 3 76 11 31 49 66 95 47 29 44 57 9 75 30 39 6 83 55 82 53 73 46 91 74 94 55 87 78 56 49 68 93 0 7 34 54 85 14 57 36 98 52 26 33 67 11 80 36 56 50 39 92 26 83 49 26 65 87 59 16 87 52 19 93 74 14 63 65 68 29 14 17 100 33 46 35 5 77 64 99 51 1 83 90 58 68 36 85 86 49 13 71 57 89 57 80 26 90 37 3 3 62 8 57 15 6 6 52 50 9 13 99 21 97 13 75 98 92 7 15 61 60 52 95 80 58 71 86 93 19 42 90 31 69 28 55 40 63 22 8 88 28 56 0 39 35 70 6 83 7 61 13 46 1 73 85 61 35 87 17 73 81 45 87 24 74 25 53 3 25 77 3 95 45 1 23 16 96 9 5 62 10 23 87 31 45 53 24 27 54 87 33 61 89 79 58 19 62 68 39 55 37 14 59 60 57 89 62 93 29 1 37 60 71 29 9 62 94 74 68 15 82 33 87 82 38 59 99 58 82 14 90 19 9 11 67 87 37 60 79 66 79 37 35 39 86 82 2 4 82 42 26 51 60 85 87 40 74 18 4 68 93 86 23 70 5 0 6 90 17 37 66 6 12 14 15 69 91 65 31 33 82 10 79 52 4 90 40 51 64 6 46 100 59 38 12 12 5 51 59 69 9 17 81 21 97 69 99 9 69 84 92 34 18 31 41 24 43 7 99 83 82 58 5 75 60 41 64 6 31 24 27 72 3 80 68
48 84 82 43 35 64 23 98 43 96 71 56 14 11 45 56 59 88 23 6 80 52 35 91 32 30 74 89 29 93 35 50 32 6 94 32 43 5 30 9 72 11 75 76 66 97 94 57 5 52 68 78 68 1 85 69 18 30 49 59 91 79 95 76 61 60 6 62 76 9 3 69 1 47 91 5 12 97 5 64 52 98 9 24 37 44 79 93 91 98 84 38 77 40 8 46 47 92 13 33 65 43 10 40 17 71 92 16 83 16 2 40 0 65 71 0 47 84 17 26 23 67 62 7 93 47 1 93 82 87 13 90 12 74 52 16 39 12 35 88 68 61 23 16 45 97 86 85 87 58 79 18 34 6 19 15 86 3 52 56 69 51 43 42 17 46 28 46 96 21 83 10 4 68 55 2 81 7 37 67 94 24 70 64 20 58 98 21 49 95 99 38 56 84 82 81 50 62 79 41 24 23 19 75 43 94 61 17 6 54 96 57 60 44 54 57 25 36 93 29 59 40 29 0 93 94 44 54 84 52 12 41 46 74 0 52 24 99 36 74 51 55 73 32 14 42 29 34 51 27 78 50 47 72 38 83 26 69 83 75 33 77 76 51 30 32 59 15 27 64 12 41 93 15 45 42 6 85 98 19 62 55 80 42 92 9 26 100 12 17 98 85 2 93 38 83 3 35 69 48 79 78 4 59 1 58 9 14 49 50 76 10 74 55 89 26 19 41 74 96 79 2 87 77 55 14 77 31 21 57 47 68 79 62 41 7 59 82 59 63 58 12 85 100 57 76 87 56 39 5 61 43 71 26 85 12 25 85 49 93 8 99 25 81 89 10 45 34 19 44 14 42 19 9 13 56 40 80 99 52 88 100 45 23 50 0 50 93 31 8 74 59 80 86 16 34 2 60 34 32
73 89 97 11 88 22 71 90 95 87 4 36 15 11 33 75 12 95 6 25 45 52 10 38 38 27 21 67 95 4 49 97 42 15 75 96 74 19 93 47 48 49 12 88 1 4 72 29 59 18 20 12 32 19 93 42 91 34 79 89 47 39 4 40 44 36 6 0 55 72 95 37 4 35 93 15 75 84 37 26 34 40 40 8 35 79 10 24 73 1 12 41 55 76 76 97 57 70 80 68 78 33 2 76 42 81 14 21 24 82 37 33 82 34 36 44 59 27 59 35 22 71 98 44 36 23 67 77 28 42 41 64 81 28 70 52 9 25 88 26 49 82 0 72 3 51 36 22 57 100 32 91 94 42 62 5 53 100 29 65 80 83 97 59 87 53 4 61 26 25 77 47 28 37 47 86 84 58 87 49 71 11 17 40 21 59 79 12 24 73 51 53 41 10 79 100 41 67 62 43 65 35 85 84 58 61 17 57 87 83 46 94 38 59 55 33 33 55 25 66 82 45 81 90 46 88 96 64 35 81 13 20 37 55 19 72 82 25 72 22 55 54 95 92 5 98 8 80 8 42 1 63 30 86 28 74 46 20 71 97 18 88 44 16 48 17 19 28 16 82 77 16 37 22 28 96 99 87 48 1 66 82 61 84 10 57 52 98 30 83 84 78 37 18 85 37 68 90 51 0 46 60 70 52 89 45 94 56 1 51 48 52 11 8 2 5 63 33 35 99 50 48 74 5 57 0 24 100 14 86 73 73 57 93 79 12 25 27 54 28 18 88 48 85 22 74 53 20 86 84 49 36 3 22 77 76 25 27 26 13 99 25 78 2 54 8 12 88 95 51 18 86 22 84 43 100 94 46 8 47 90 11 6 52 83 83 84 21 39 11 75 29 6 12 29 55 81 8 84 62
16 76 34 3 38 85 84 72 48 16 93 64 23 9 30 76 61 72 8 19 70 25 90 64 64 74 73 53 70 14 86 34 71 25 97 55 75 63 83 83 61 70 77 28 32 6 46 92 24 46 13 59 29 73 94 92 2 32 30 21 85 27 36 18 42 56 96 51 86 23 15 72 53 15 72 83 31 83 83 43 5 16 56 87 45 2 11 85 3 13 19 11 48 23 88 92 33 18 15 52 45 91 77 59 54 19 15 6 55 71 18 22 53 10 65 92 2 44 8 69 85 3 42 26 42 69 13 51 89 58 68 45 38 54 63 100 29 70 64 57 68 55 72 14 59 27 0 22 68 47 33 31 35 24 69 75 8 66 64 73 12 30 61 64 77 11 14 23 35 85 26 33 76 69 97 94 74 2 66 79 91 87 40 49 32 75 78 45 83 47 18 97 12 43 77 49 34 92 3 31 76 85 78 41 4 63 29 91 7 12 62 48 81 45 86 32 19 9 47 64 81 12 64 21 50 13 21 33 75 89 50 99 15 34 77 26 27 42 40 63 16 39 39 13 85 26 24 59 97 35 27 64 97 32 15 55 13 37 56 17 94 60 39 96 10 63 21 16 93 9 79 14 64 97 56 55 87 91 21 14 22 73 7 66 86 24 3 67 34 69 79 41 76 2 68 28 50 26 34 26 45 61 12 12 95 7 41 20 49 25 59 31 68 47 57 69 0 81 50 28 84 98 2 95 80 25 31 47 12 56 68 9 21 52 71 20 88 80 15 45 100 8 27 37 91 7 21 20 32 97 34 81 94 91 37 6 21 93 21 92 26 31 34 51 70 18 86 26 45 37 34 13 46 55 3 91 49 79 27 49 10 79 14 65 86 65 33 99 73 54 14 55 9 37 47 47 88 61 26 74
74 25 76 28 95 10 85 10 6 62 7 87 7 69 53 28 65 24 1 25 97 4 79 52 65 36 84 76 19 53 16 25 74 76 38 88 69 68 23 6 19 78 26 57 47 93 44 95 21 80 18 59 66 65 89 40 55 41 0 30 94 24 79 6 0 42 73 20 99 23 74 66 31 70 66 45 12 33 45 57 15 62 80 99 49 92 91 32 84 57 59 68 54 81 42 68 36 8 94 3 87 94 23 83 95 76 57 30 46 81 81 5 72 75 12 46 83 6 27 76 21 11 50 95 57 65 42 67 91 10 76 62 23 99 68 45 40 66 62 74 41 87 67 4 28 53 7 33 62 80 58 67 18 48 11 4 28 10 27 57 73 40 96 97 31 47 87 58 25 81 62 81 88 48 52 65 79 83 87 73 98 11 53 69 82 99 23 73 54 99 23 25 58 15 48 67 16 48 36 50 40 56 70 3 14 26 12 28 67 29 69 65 67 38 48 97 32 35 83 81 4 33 28 56 25 6 87 15 0 14 0 19 43 76 28 83 12 72 11 23 86 4 64 5 31 28 49 13 38 82 18 8 41 76 82 11 3 96 90 18 87 90 41 8 70 96 92 97 92 76 88 95 9 18 29 33 13 17 52 62 92 78 11 57 16 6 61 27 8 12 58 28 65 10 15 26 88 67 56 61 15 60 66 13 92 49 41 70 77 62 55 1 50 42 89 49 89 35 67 10 65 38 25 94 30 34 52 73 12 100 26 18 97 52 100 10 81 93 63 82 84 58 43 18 11 86 84 25 58 96 83 22 64 11 29 80 42 76 89 99 80 76 15 89 42 17 100 27 40 15 38 90 26 87 79 98 71 83 90 21 88 6 9 38 3 25 17 33 40 16 54 25 31 48 27 74 94 38 66 52
57 26 99 100 78 26 6 40 100 2 90 12 74 32 28 54 49 85 76 54 62 84 52 31 73 75 54 51 66 10 65 81 2 48 48 2 64 69 53 65 37 12 35 95 37 88 61 41 99 14 61 55 34 6 93 53 83 19 25 6 9 65 92 86 29 71 0 7 72 43 39 55 63 99 12 16 99 24 76 50 10 6 85 79 57 12 17 19 12 81 94 22 73 91 54 38 25 76 33 93 29 48 39 11 21 71 85 47 35 58 45 31 35 68 84 25 53 49 99 70 95 53 97 65 95 2 11 22 34 77 41 30 57 81 70 18 59 32 99 82 76 98 85 61 18 23 70 25 79 32 23 96 52 59 22 25 46 10 99 27 67 95 28 11 28 22 98 45 94 17 9 50 96 66 54 99 0 21 21 66 1 7 39 48 27 88 74 65 92 13 24 80 91 100 54 4 52 27 62 70 38 3 27 52 97 44 90 73 23 13 88 84 64 52 43 45 14 22 0 6 1 63 66 62 13 39 54 68 76 82 91 70 19 98 61 26 43 50 48 80 79 3 99 9 25 3 59 81 36 74 71 71 51 88 13 89 14 50 26 44 9 46 76 70 95 7 30 38 88 57 42 72 54 59 28 60 17 85 82 42 85 14 53 68 46 58 61 73 74 77 66 22 95 96 26 72 45 70 72 56 27 34 77 59 77 75 15 31 67 62 57 14 81 88 28 18 24 93 38 19 60 31 39 26 91 5 8 24 49 71 73 10 16 96 49 51 86 11 23 52 26 70 25 12 28 0 82 57 36 45 36 26 23 53 19 31 62 12 58 60 97 46 74 40 73 65 34 50 28 20 68 36 32 64 60 77 95 57 26 0 87 6 97 52 26 61 20 61 80 68 22 38 59 79 60 99 40 75 70 13
8 54 100 37 81 63 51 70 41 93 18 35 92 35 0 71 56 37 50 40 23 53 18 49 94 64 27 25 97 81 5 3 59 45 64 98 66 87 11 89 89 72 66 55 87 72 96 19 74 13 23 22 30 61 25 64 78 56 24 38 93 65 53 6 54 18 63 98 76 10 8 5 9 11 29 23 6 61 16 24 40 36 37 89 14 20 90 41 12 29 16 75 37 34 15 0 66 0 99 26 59 46 34 42 56 4 98 14 35 74 82 79 71 51 92 17 19 71 60 99 1 70 82 45 82 90 63 99 74 23 36 6 35 98 84 7 85 73 58 89 76 82 20 15 79 95 73 60 86 27 77 69 4 66 39 67 7 47 56 64 78 15 86 69 46 71 8 14 1 39 92 63 32 61 98 33 33 8 1 87 83 58 5 69 63 97 30 55 31 45 84 73 49 63 86 61 31 59 70 6 58 59 68 50 65 92 10 5 1 39 80 94 69 22 11 51 47 68 94 9 30 23 43 68 91 31 94 23 57 21 76 48 67 14 22 43 45 19 58 67 97 44 88 46 27 87 52 22 97 34 90 46 26 40 3 10 91 67 93 59 27 91 90 2 23 72 56 97 30 42 60 45 95 81 82 72 95 38 81 95 86 4 81 29 30 89 94 63 65 68 20 73 58 65 94 69 97 2 58 64 0 96 89 7 12 71 5 2 72 16 97 44 57 58 47 97 26 5 78 5 40 0 37 6 35 79 46 98 35 65 36 8 87 5 29 55 50 62 19 10 97 11 95 90 58 17 37 34 14 97 99 6 68 79 8 89 46 10 89 6 81 71 55 85 49 99 52 25 25 72 13 24 5 18 98 10 45 0 85 88 88 14 37 72 66 81 20 5 30 38 93 78 45 29 21 30 54 57 49 46
2 29 9 6 13 41 96 2 26 83 90 47 43 43 20 36 35 1 13 14 15 39 77 65 55 53 81 80 27 49 54 38 78 63 72 33 63 22 96 66 40 44 23 93 75 27 7 49 63 80 79 38 71 82 29 58 29 54 25 55 16 30 29 87 28 3 48 62 84 55 80 97 2 24 45 34 78 51 64 51 42 74 97 16 28 69 28 91 82 84 90 82 50 80 27 31 100 34 89 61 37 42 68 17 65 34 31 93 3 39 20 85 2 96 62 91 29 34 35 47 27 11 18 21 45 14 56 33 76 32 90 5 37 34 13 35 58 44 62 9 11 25 38 73 51 47 23 91 98 42 44 7 57 80 89 1 4 96 81 0 9 81 61 59 83 30 98 76 79 37 10 31 25 97 20 96 11 5 48 17 94 63 38 57 1 38 54 4 95 49 69 68 3 42 20 24 75 76 79 70 24 98 32 67 78 75 50 56 51 14 82 80 43 82 67 59 57 83 50 32 18 33 69 84 97 49 22 13 0 82 61 99 73 2 32 80 93 47 23 9 90 82 62 2 94 48 44 12 87 74 25 26 80 52 86 79 75 27 88 94 40 34 73 75 57 43 22 96 2 40 40 46 59 65 97 31 79 72 62 74 48 33 51 56 71 42 5 4 74 93 30 31 86 64 70 10 96 98 51 84 35 16 1 81 48 8 100 92 43 38 95 22 30 61 95 90 92 77 41 31 6 33 6 36 97 37 89 91 65 23 60 33 41 70 64 73 87 35 24 51 25 14 37 38 96 35 29 52 85 71 64 85 50 82 63 68 16 92 35 50 85 90 12 16 38 86 8 77 49 6 0 28 82 3 18 22 52 17 65 15 43 6 10 32 89 44 33 51 75 98 56 76 56 60 93 56 48 26 54 25
38 81 96 1 44 75 43 34 38 68 61 38 88 20 13 27 46 32 74 1 68 2 85 89 84 78 38 62 66 33 8 65 51 32 90 28 10 18 98 42 82 28 9 89 59 91 0 44 16 91 88 100 42 53 32 51 63 42 88 6 67 21 87 47 38 93 41 48 86 73 9 64 19 12 0 47 74 43 74 88 18 83 54 85 67 33 86 46 74 38 78 47 9 45 41 100 65 63 93 64 82 62 90 93 8 88 43 67 94 1 29 99 74 28 49 26 55 97 57 34 34 7 61 53 6 61 61 36 0 10 54 7 32 15 28 32 14 92 98 14 33 55 71 61 78 15 7 18 98 0 43 78 55 47 21 47 6 10 63 8 100 1 0 8 70 91 88 26 81 40 95 14 69 35 77 51 68 17 0 80 5 20 0 26 76 32 63 12 67 25 53 28 12 64 64 75 24 90 53 50 37 84 92 64 75 65 100 77 7 7 29 83 36 77 85 69 42 72 98 72 28 89 45 37 100 17 41 32 52 32 100 46 62 30 44 57 75 10 95 17 51 5 18 26 83 83 67 52 92 14 97 6 96 92 93 20 59 87 39 47 42 28 8 14 58 3 0 92 69 53 8 85 98 32 92 61 23 95 80 49 21 33 57 87 47 91 60 83 50 5 90 83 8 40 37 90 21 28 9 53 49 2 62 13 74 92 91 82 58 70 1 92 37 98 11 92 71 80 1 36 80 55 48 52 81 99 11 13 92 79 87 52 8 99 84 58 43 76 74 83 37 20 56 33 83 76 9 94 61 26 65 62 25 34 92 30 95 35 81 2 36 14 85 85 7 7 7 77 34 80 92 99 62 8 57 50 91 20 97 2 11 93 67 69 4 93 100 66 52 8 63 91 15 26 59 77 31 51 33 59
18 1 51 51 9 96 59 56 97 47 88 5 10 82 57 22 41 43 3 21 38 55 37 45 47 13 19 15 15 98 43 0 22 77 11 12 3 36 12 41 68 40 89 3 5 22 34 95 83 90 83 95 19 47 13 37 100 26 28 17 61 81 62 73 28 90 67 15 51 7 22 83 12 91 2 26 27 69 15 83 44 51 63 43 89 61 36 10 72 23 56 93 3 41 54 82 26 42 2 81 91 58 82 40 88 34 39 17 100 65 78 75 51 84 92 13 89 97 39 91 60 1 66 56 63 41 59 34 26 60 57 70 18 26 61 68 92 96 34 14 85 4 6 28 52 81 60 3 17 92 29 33 10 20 67 2 57 59 48 44 71 21 4 55 41 26 33 27 50 100 81 55 11 60 10 20 89 5 92 24 28 38 81 82 25 16 63 62 69 83 43 77 28 79 28 71 16 49 5 66 71 24 19 55 31 93 73 66 32 58 84 66 31 69 64 56 94 64 30 70 21 25 43 1 76 100 4 29 92 76 87 79 80 76 26 74 47 71 75 45 94 4 30 27 39 97 16 48 71 82 93 18 47 6 82 65 70 93 69 86 79 47 17 26 49 2 73 53 38 33 38 42 11 28 13 89 22 42 56 28 58 66 33 87 68 87 28 57 16 77 84 50 2 42 22 10 19 14 34 70 60 83 76 59 88 31 14 44 45 89 94 19 55 23 11 42 19 41 83 83 35 28 24 81 71 67 30 53 14 33 3 69 81 13 26 59 25 20 67 62 85 88 40 50 40 25 63 16 60 83 28 19 48 26 60 9 95 91 25 54 63 6 50 42 83 61 79 87 52 96 54 81 57 91 8 75 77 72 88 22 16 93 92 55 79 63 95 99 22 22 73 74 37 80 29 12 47 82 72 52
24 43 49 59 34 75 75 11 86 89 48 31 88 15 85 18 23 98 81 81 73 42 29 42 12 2 27 50 13 42 15 82 69 73 11 43 75 89 86 58 79 16 22 41 26 85 97 90 95 78 100 37 88 53 60 80 8 78 17 53 72 41 26 91 26 1 5 25 95 46 79 72 59 13 17 56 55 92 68 26 60 95 98 54 25 84 71 16 93 11 96 7 74 41 91 46 45 60 29 6 7 92 79 69 56 47 5 26 46 93 5 91 16 94 79 81 19 56 96 63 16 72 97 100 59 16 18 64 53 40 17 67 85 61 96 3 82 43 78 13 31 17 63 29 77 60 27 68 37 81 49 59 59 15 43 94 73 14 12 23 8 93 86 83 86 76 56 93 50 75 7 11 11 91 95 69 81 35 91 20 57 91 50 70 72 9 87 45 11 87 73 1 28 70 27 53 1 87 65 78 46 44 65 18 8 3 0 83 72 44 43 34 32 66 63 67 91 29 53 48 24 47 34 95 41 24 67 87 100 34 71 23 72 26 74 100 96 14 18 1 7 58 67 7 14 78 30 33 54 17 28 89 76 63 6 63 76 96 8 10 30 96 39 99 36 85 12 80 36 50 33 77 38 19 63 62 78 2 75 44 82 51 95 11 49 19 39 66 61 95 98 53 43 22 9 70 90 42 56 84 49 64 58 84 25 69 19 0 70 95 25 30 47 80 45 61 2 60 2 65 1 8 88 20 56 3 67 93 85 29 4 26 89 90 23 7 24 43 31 11 53 67 64 70 64 43 56 43 31 88 24 95 29 52 75 47 68 0 63 99 52 20 24 58 7 10 83 100 87 55 96 54 25 60 22 45 88 29 47 55 74 9 24 93 75 42 8 35 81 6 49 10 15 44 7 35 45 83 85 1
52 43 61 30 30 13 5 49 5 6 79 79 58 89 32 48 16 54 64 46 80 89 92 36 44 30 77 74 17 72 21 35 87 3 77 76 95 16 95 54 64 35 23 54 22 27 96 71 47 77 23 29 88 3 23 43 95 34 84 42 55 71 91 30 2 65 47 63 72 0 48 86 50 62 57 33 56 86 96 81 21 59 72 62 31 29 99 77 45 50 71 29 8 41 4 45 99 63 56 18 3 26 23 4 26 78 73 99 37 28 53 52 11 5 32 29 80 21 42 100 78 67 15 81 16 92 34 80 39 24 59 94 82 16 43 99 93 60 47 14 44 42 19 58 8 0 46 41 2 12 42 78 36 3 24 19 21 41 16 8 71 56 64 55 29 81 34 65 62 100 35 98 95 56 100 100 95 11 99 58 28 16 31 11 65 80 72 53 78 41 46 81 63 78 96 66 29 5 61 35 53 6 90 56 8 67 4 23 8 44 46 73 31 76 44 69 61 88 82 3 87 23 43 1 7 100 3 71 43 76 60 64 74 56 62 28 32 4 35 18 27 98 10 86 25 65 41 73 100 80 84 57 21 78 40 62 43 60 96 59 57 50 75 71 47 30 44 76 32 91 4 41 40 45 6 9 11 19 73 44 98 64 52 49 51 16 37 74 31 69 66 72 16 49 61 82 12 82 58 53 85 41 11 40 89 7 53 19 4 1 66 51 52 21 49 77 84 73 69 48 56 65 1 79 100 13 74 28 26 25 15 60 82 87 21 42 11 21 3 3 91 3 95 72 39 91 78 28 39 56 52 94 51 12 58 86 79 70 97 12 36 31 90 18 6 3 85 55 26 48 19 70 49 43 58 5 17 19 62 31 47 4 56 4 33 72 90 75 0 83 25 86 61 52 17 4 3 33 34 14
7 93 13 8 18 33 13 3 53 18 75 37 9 62 9 89 23 50 22 64 15 36 96 80 19 41 54 94 57 20 22 85 99 70 92 45 26 49 30 53 18 64 45 7 97 19 92 11 28 39 3 94 56 64 42 64 81 95 2 90 3 92 14 77 2 64 89 18 95 3 53 21 20 50 8 49 25 20 6 35 42 5 26 64 21 24 27 47 90 32 53 76 84 94 82 82 68 64 86 33 33 60 41 42 56 84 21 17 34 15 44 23 76 43 16 61 51 55 34 38 28 58 56 73 94 50 32 63 7 93 43 39 51 19 85 83 86 41 49 31 73 92 83 71 84 9 30 58 12 24 3 90 62 7 52 15 40 2 62 64 94 27 67 1 52 49 23 67 60 12 2 13 78 81 92 19 31 95 25 67 40 91 70 79 44 5 45 61 66 28 75 42 53 78 90 100 87 28 19 10 3 24 89 17 30 75 60 8 10 31 26 75 24 75 52 7 69 14 75 33 58 1 94 0 29 100 35 57 66 94 81 82 24 60 8 93 99 25 100 50 100 70 7 34 58 99 21 39 51 7 60 58 95 37 20 8 0 26 38 2 5 6 15 32 92 54 39 50 47 2 77 86 75 3 70 26 78 36 26 39 40 95 38 80 0 8 63 57 78 37 53 31 56 57 70 17 62 52 13 34 21 83 79 16 76 100 29 34 91 97 3 46 9 7 6 33 49 22 6 57 36 40 50 68 5 29 40 50 99 27 94 56 13 60 98 12 54 73 17 33 14 31 75 65 55 39 73 67 33 58 68 25 70 30 52 1 93 22 61 75 14 63 27 51 0 99 89 86 83 25 69 48 25 84 32 21 41 7 12 74 54 34 23 57 34 73 49 25 80 27 83 89 34 56 25 57 20 87 97 42
44 36 45 71 99 6 90 64 47 51 78 28 14 15 61 1 86 72 96 17 28 77 81 88 27 8 80 79 7 81 97 87 69 73 35 58 87 66 17 19 91 73 17 6 67 84 100 55 73 75 57 48 90 13 15 44 0 56 78 87 86 55 98 69 86 45 36 21 38 15 97 31 76 39 65 55 38 76 8 89 31 86 53 24 69 76 46 41 28 90 94 62 77 15 57 42 93 34 55 3 19 31 9 76 73 26 84 17 67 95 41 93 38 74 84 16 14 28 55 98 3 2 71 88 12 80 84 36 64 5 67 55 23 63 65 29 91 83 7 19 48 37 52 25 25 5 60 82 29 54 92 6 84 97 83 23 3 41 94 97 0 81 57 64 0 50 36 27 87 12 65 69 97 88 10 60 90 72 10 79 48 94 46 9 14 78 42 86 62 43 16 98 48 60 72 32 12 35 68 98 85 22 42 96 83 34 22 52 69 58 18 1 66 12 49 10 56 42 3 8 49 19 44 9 27 85 35 38 3 34 18 20 3 25 100 19 6 54 26 66 70 80 92 33 17 83 22 26 66 33 90 17 43 97 64 48 66 10 73 50 34 95 16 17 3 29 93 11 93 75 56 41 36 41 82 76 48 46 24 35 99 87 34 24 19 81 53 21 80 33 9 3 11 20 81 58 39 85 85 15 91 18 5 55 48 21 12 40 89 11 19 93 11 7 29 83 88 54 90 42 100 73 22 47 52 67 96 86 78 48 77 56 94 88 5 72 34 86 43 78 22 49 77 73 95 59 70 50 19 26 70 36 66 87 91 40 12 19 9 29 44 48 38 19 63 83 67 11 48 47 5 38 27 72 11 81 81 86 90 11 49 0 53 73 3 68 14 21 64 35 90 7 46 100 81 78 30 93 36 13
15 98 34 1 79 18 99 80 70 42 87 71 40 24 36 14 56 72 18 39 86 54 45 30 23 39 74 80 38 95 60 59 48 67 33 22 25 22 54 99 34 3 76 4 76 76 50 9 5 47 44 92 64 53 15 46 17 50 87 89 39 91 80 2 3 0 88 68 30 99 10 57 39 59 3 42 46 4 93 74 52 42 51 55 67 8 70 71 30 89 59 49 59 79 94 9 69 90 38 73 4 75 63 30 0 42 27 20 47 52 66 4 67 67 23 93 100 96 47 50 62 31 44 87 27 53 38 59 36 82 24 64 8 92 0 91 92 29 82 97 34 97 78 1 41 49 31 40 16 8 50 75 64 16 1 71 29 32 40 57 5 3 19 49 45 78 31 95 62 78 67 56 7 78 15 19 27 2 50 39 12 88 67 0 21 61 1 68 78 85 45 84 98 93 2 61 8 72 43 97 99 64 90 57 50 27 94 81 49 97 80 9 24 55 64 96 92 90 70 88 59 80 83 54 75 33 30 14 58 16 83 25 81 84 14 55 53 56 20 96 51 60 33 52 47 98 82 7 18 27 99 52 63 63 69 94 14 20 36 33 31 60 91 57 90 11 92 95 34 57 77 76 61 22 76 75 0 90 69 63 65 97 16 93 29 55 71 63 72 35 79 65 0 10 88 24 78 73 62 64 21 69 76 79 6 55 44 50 92 76 80 88 75 44 21 78 55 53 8 84 35 80 65 51 50 44 40 75 29 32 94 22 88 61 28 67 38 62 89 39 96 34 85 35 11 97 68 66 73 50 54 8 19 60 94 29 23 38 52 31 36 36 17 86 48 100 78 53 10 46 70 6 22 81 13 0 35 59 92 42 36 31 84 42 57 13 63 91 90 8 88 50 32 60 64 68 78 1 41 32
70 57 49 1 51 9 100 49 92 67 70 66 26 7 73 47 41 25 87 21 72 99 0 21 36 3 38 41 12 83 82 40 17 29 62 19 44 52 45 70 37 81 46 12 60 18 69 4 98 66 8 83 56 67 56 80 11 82 5 32 22 12 88 34 79 4 45 75 51 71 7 65 45 52 64 61 12 83 11 85 46 42 15 33 9 84 43 80 22 96 34 87 38 91 60 83 11 56 76 77 86 80 38 2 62 16 36 13 57 56 45 62 46 85 88 63 50 48 63 39 23 52 10 90 87 91 59 63 36 62 100 14 69 45 39 93 87 4 96 99 58 44 72 55 10 75 26 28 61 27 75 52 19 74 34 27 53 49 43 83 64 36 88 14 41 70 96 34 37 93 8 54 38 56 50 42 35 26 70 52 41 57 47 96 64 10 95 19 16 10 13 67 90 34 28 78 10 9 5 8 83 80 61 46 78 14 16 36 32 43 29 55 53 76 2 9 80 11 62 8 91 63 43 58 26 82 4 18 85 35 76 48 71 86 21 68 35 95 70 5 57 60 8 93 60 31 0 54 61 13 29 47 59 92 51 48 4 93 99 1 9 9 15 49 48 66 50 95 82 88 22 75 38 0 76 15 95 32 93 3 74 55 77 67 68 34 97 39 91 32 0 28 47 66 97 44 19 3 71 39 37 18 59 48 20 45 15 45 8 15 35 12 57 75 86 69 31 75 48 62 45 64 30 92 96 97 74 59 32 44 90 18 94 92 88 54 14 65 10 70 44 86 63 33 92 77 1 30 90 54 21 88 46 9 79 17 8 58 100 79 16 60 84 31 86 47 47 100 12 73 36 3 84 94 86 84 64 46 100 77 10 60 47 11 34 59 66 42 4 52 62 36 21 45 14 4 13 85 81 35
16 13 96 57 6 99 55 9 55 33 19 74 90 44 40 81 36 89 13 53 79 13 40 94 27 22 77 71 20 33 73 54 83 86 67 10 47 94 15 3 42 53 37 25 56 0 71 78 32 69 98 49 87 73 77 89 21 87 71 12 61 79 17 40 88 73 88 83 21 88 36 42 18 19 65 83 0 62 62 15 100 81 42 23 21 70 67 14 79 25 75 47 40 61 45 56 42 2 90 88 63 93 94 84 66 41 19 65 15 15 6 79 14 31 11 41 38 29 16 34 71 53 60 96 43 50 84 23 85 60 71 1 40 39 75 4 71 83 100 12 65 0 18 2 100 27 29 39 62 48 86 27 98 81 9 97 73 52 50 14 33 41 12 47 29 30 41 47 8 96 16 86 24 94 89 89 79 83 13 60 63 57 100 0 78 51 99 39 53 18 44 51 11 70 90 4 92 82 97 33 60 61 89 55 60 100 1 27 68 20 25 97 52 41 31 78 51 38 13 15 72 35 13 38 31 36 74 62 1 82 61 12 54 17 22 86 94 90 58 50 2 72 82 60 41 27 81 98 48 31 67 83 46 90 23 42 74 88 34 80 34 45 43 29 23 64 25 68 69 66 55 69 97 40 34 90 91 25 90 34 64 62 28 80 95 42 51 93 49 57 47 78 37 45 58 2 47 3 53 8 73 20 11 54 42 29 56 31 22 80 52 47 53 8 44 49 79 58 9 10 15 5 29 26 70 34 96 74 60 91 25 30 38 81 62 78 23 65 71 2 8 5 58 22 1 75 30 89 87 83 43 28 58 51 32 16 36 41 30 11 17 57 70 50 21 8 46 60 91 24 7 57 68 25 91 7 31 24 96 83 17 74 86 56 72 54 80 4 78 14 39 74 85 28 76 53 14 39 39 45
99 77 25 10 83 39 11 75 8 49 16 15 39 99 90 3 3 70 69 2 13 45 91 78 0 90 20 72 38 29 0 6 53 13 99 29 86 44 51 96 43 44 40 77 37 79 71 22 47 2 32 75 29 6 42 73 45 65 61 89 18 44 75 76 9 87 90 41 44 86 18 62 11 24 58 32 39 11 78 51 75 35 77 8 79 49 46 54 35 47 72 31 30 81 16 36 77 34 84 37 79 18 32 24 72 48 60 94 28 75 85 53 44 92 69 56 69 17 49 52 45 43 0 59 68 30 48 49 76 79 37 30 47 7 55 87 23 42 62 24 96 59 99 37 59 78 52 69 93 64 84 15 72 29 85 39 93 59 23 39 43 7 16 97 53 39 89 31 26 78 69 91 28 20 59 7 18 55 98 38 57 96 70 68 40 63 81 7 9 6 0 30 94 14 30 89 42 11 34 97 5 78 47 59 54 22 93 14 93 58 86 76 20 87 56 32 84 91 5 51 83 37 47 63 45 27 86 88 74 17 6 25 97 36 7 19 63 3 57 3 24 89 91 52 69 30 13 32 61 39 0 18 61 72 31 99 68 50 85 19 70 99 13 28 91 45 64 12 43 8 56 30 86 91 64 80 1 21 44 68 2 42 1 25 62 99 64 45 3 76 88 32 88 8 20 20 15 21 83 94 54 12 90 50 26 61 28 20 1 63 58 94 51 85 17 84 46 75 33 10 13 20 86 88 10 67 40 33 40 75 68 58 50 14 31 85 100 24 79 85 75 52 81 94 34 73 42 15 26 74 84 58 48 67 35 40 0 36 82 42 57 9 78 10 34 62 29 56 45 56 45 15 10 47 99 87 88 16 11 35 82 15 64 90 58 19 30 32 33 97 22 43 83 82 78 70 16 79 5 42
92 44 26 77 67 42 56 9 47 93 37 38 74 68 36 11 71 88 39 22 82 58 35 94 34 100 59 72 43 50 26 16 86 18 88 21 75 28 75 24 50 27 91 59 0 88 39 25 21 37 70 3 10 58 10 0 94 82 82 30 31 61 78 99 99 20 75 37 20 30 73 36 92 92 68 3 41 71 8 91 31 82 77 82 1 15 30 84 0 31 59 25 93 18 81 18 44 10 77 23 57 17 87 90 70 60 83 23 73 62 61 41 68 64 37 72 4 100 41 97 4 69 44 77 19 32 99 40 33 14 98 4 37 52 17 88 37 37 55 36 38 36 27 60 75 61 9 0 82 5 26 0 76 40 50 50 18 41 10 12 51 18 25 62 16 97 4 86 48 23 12 67 70 72 95 15 23 35 35 48 33 99 94 60 44 10 50 23 85 38 62 21 20 93 34 18 37 32 63 70 83 17 51 89 7 82 16 7 82 67 9 51 0 99 68 19 64 38 90 94 17 58 82 65 72 41 88 100 20 98 1 92 55 85 69 77 96 2 96 87 7 23 89 37 30 98 13 24 96 62 9 96 24 93 45 54 18 21 6 83 11 45 38 51 22 42 85 76 85 92 93 33 3 49 64 78 76 68 75 82 7 78 78 46 50 86 59 53 80 97 19 26 34 9 41 3 71 21 22 68 38 76 76 63 76 82 43 86 90 40 4 56 77 37 65 79 90 42 71 13 80 8 74 26 44 87 27 66 40 51 57 77 88 14 16 18 87 42 82 85 88 50 88 65 45 66 37 54 23 20 41 96 46 32 52 2 28 5 28 49 0 13 2 83 31 83 74 61 13 66 40 79 7 35 12 8 26 53 37 50 30 73 98 43 70 55 46 23 37 42 39 78 77 99 61 14 11 28 10 89
27 4 15 27 36 96 73 22 10 64 21 78 77 21 51 4 89 83 12 86 40 66 28 57 94 34 13 50 57 93 69 80 59 98 92 70 73 7 5 53 61 65 73 25 37 77 44 93 90 93 39 82 15 0 8 24 78 32 8 49 32 70 19 38 67 75 100 56 43 27 23 8 29 64 46 65 43 52 74 65 68 80 52 49 32 9 75 25 46 25 25 60 61 75 10 44 78 83 26 97 28 36 59 46 73 99 70 45 70 1 96 77 34 91 25 63 15 8 67 90 46 9 39 98 24 0 98 43 53 40 99 71 60 47 19 54 61 22 38 33 52 41 37 9 18 11 7 44 66 77 77 66 45 26 51 3 97 28 39 51 24 31 96 33 34 51 30 52 52 65 99 88 0 24 58 91 77 62 4 43 86 62 70 89 24 88 44 47 5 42 76 8 50 64 62 7 74 52 37 10 100 93 63 97 74 94 9 13 48 29 23 69 19 17 14 83 22 25 43 93 38 56 81 79 86 96 46 76 84 95 11 36 51 30 63 5 71 45 78 40 34 54 77 72 49 55 53 64 43 35 58 51 77 91 6 19 64 34 3 74 2 90 22 90 32 19 37 30 45 33 65 20 87 63 41 66 19 33 70 19 53 19 47 23 9 78 72 34 24 30 90 89 7 66 59 92 41 42 33 74 64 32 92 58 82 88 68 84 99 82 24 41 26 51 37 53 62 48 70 41 32 28 13 57 78 64 24 6 49 14 8 63 73 70 36 13 30 65 34 92 48 17 73 18 21 42 9 27 62 36 23 35 6 28 65 39 63 17 75 5 56 57 20 20 9 75 21 59 69 18 84 35 45 67 91 89 45 84 38 96 38 87 92 66 77 3 75 0 62 9 28 44 62 36 49 73 79 24 54 41
3 85 73 65 76 29 65 16 8 36 23 5 9 23 6 84 52 34 78 9 71 45 5 62 39 63 85 41 60 65 61 97 7 13 65 22 3 98 80 86 99 47 14 7 47 94 28 1 71 90 56 41 42 15 34 75 62 86 65 58 33 58 82 30 53 93 19 72 81 53 12 83 25 42 96 5 76 50 25 35 84 50 28 22 1 93 52 44 45 82 93 29 83 6 19 39 73 83 37 3 3 51 59 28 92 95 87 13 31 72 46 99 29 78 1 76 46 37 7 27 68 12 45 51 36 17 28 90 71 23 29 69 30 39 33 92 56 38 90 14 73 15 92 5 84 58 19 18 65 22 1 47 26 31 19 97 19 26 39 72 18 14 68 17 87 78 98 23 27 10 60 72 21 91 69 100 60 24 64 21 10 94 45 47 13 19 49 40 26 9 82 8 87 33 95 0 26 2 53 15 7 65 9 58 73 50 94 28 57 79 79 79 7 55 59 3 54 78 88 66 17 91 77 65 41 53 46 58 42 96 66 69 32 80 12 83 58 36 60 22 75 6 5 4 50 81 50 76 20 13 62 34 47 100 39 46 64 26 70 70 2 92 77 70 92 20 89 63 35 50 82 42 93 65 81 2 15 53 28 14 58 29 61 20 55 11 90 72 46 90 51 47 82 18 72 88 28 10 42 21 15 74 91 90 19 54 0 15 47 29 46 75 44 52 91 81 71 92 13 74 97 46 59 4 38 7 49 16 98 49 76 39 88 37 49 86 82 84 48 0 97 48 80 40 54 10 66 82 62 21 62 21 57 16 99 4 99 94 33 39 16 75 35 41 29 46 75 57 90 43 47 30 39 1 66 46 57 85 61 19 17 94 52 88 14 1 7 5 64 38 2 3 4 78 35 98 13 21 31 78
90 76 43 27 63 87 87 47 97 37 5 88 57 29 27 37 67 47 90 92 55 63 28 17 90 62 51 40 40 52 100 66 28 79 30 6 95 81 36 66 91 88 77 18 75 30 43 48 75 77 16 20 60 80 60 4 17 29 58 8 64 51 76 59 70 34 31 52 50 66 99 18 56 76 32 82 36 51 68 15 42 94 23 81 36 22 53 37 17 97 49 96 25 45 87 81 37 64 100 62 66 71 8 31 26 65 37 93 75 21 100 64 5 34 3 28 65 25 11 38 18 2 34 31 6 46 81 20 12 40 15 43 69 1 92 34 39 52 40 19 40 3 61 86 18 20 77 8 51 14 74 2 7 50 65 45 57 46 91 5 16 63 75 51 35 37 80 45 17 10 98 19 36 15 67 0 36 24 34 56 25 48 45 51 36 91 20 55 37 35 16 80 13 1 92 15 100 91 62 93 22 20 100 66 14 57 47 6 50 80 26 74 7 64 15 35 9 56 26 82 29 13 74 49 51 17 33 100 22 40 76 54 28 99 13 48 72 8 3 86 76 18 89 0 36 80 76 5 26 61 12 41 26 11 3 66 18 86 3 27 45 96 12 19 53 43 32 96 52 93 99 71 40 25 17 51 55 24 72 26 6 49 28 88 7 58 45 65 54 6 13 17 24 1 58 10 64 16 76 82 85 67 74 39 63 20 85 96 98 3 72 82 19 55 59 8 48 67 48 39 92 78 60 19 77 69 15 17 72 81 63 56 43 78 5 29 29 85 73 69 68 33 78 60 47 44 76 61 28 53 59 21 9 30 79 40 58 4 43 93 1 87 85 68 16 67 8 12 19 40 69 27 63 25 31 96 42 3 11 19 40 87 3 81 96 24 80 81 81 51 22 13 22 61 77 49 92 80 55 93
8 86 1 81 92 55 52 88 56 70 10 94 33 97 29 29 67 52 13 53 38 35 70 58 10 9 23 31 42 23 66 12 12 52 31 38 55 76 56 68 4 51 95 84 63 32 27 20 16 71 83 23 94 18 23 46 31 50 100 44 39 52 26 34 29 10 44 67 77 32 92 60 72 15 86 67 74 35 14 7 80 7 33 60 24 18 59 65 52 43 38 46 37 71 62 80 66 16 82 3 2 68 52 45 85 66 75 59 88 65 16 80 21 55 2 29 53 12 40 51 55 41 48 34 22 36 34 39 51 8 41 80 6 84 76 82 12 100 39 22 89 40 93 62 53 64 56 95 93 35 34 24 74 44 19 73 68 67 96 58 13 0 22 3 53 4 43 94 70 30 68 32 34 15 94 100 85 5 38 31 2 10 32 12 43 38 33 8 67 66 49 7 77 38 33 27 28 30 22 94 97 72 43 14 63 60 72 2 93 4 89 4 45 35 43 0 97 52 61 48 9 4 44 63 93 72 50 48 63 59 34 45 34 88 14 83 13 64 47 12 15 29 32 14 59 13 61 63 93 88 79 35 90 83 86 80 87 33 71 79 93 38 72 10 47 8 4 21 11 43 47 17 94 28 49 83 81 67 38 67 47 6 76 13 40 49 0 8 1 25 30 60 32 67 21 6 56 55 84 46 51 31 6 47 45 40 70 97 35 25 3 19 49 87 50 7 10 0 63 23 31 71 41 27 14 28 68 45 26 9 20 43 43 41 43 4 95 45 26 81 7 73 98 87 84 73 63 24 85 39 79 10 79 91 63 55 83 83 19 41 24 26 4 53 56 65 17 68 84 16 40 65 31 60 33 85 84 96 77 64 39 74 75 65 70 6 56 56 8 93 76 67 92 77 78 5 24 98 18 10
86 49 24 19 100 87 71 14 22 28 71 31 7 81 71 40 89 8 2 80 5 57 52 46 56 64 30 78 77 16 6 24 25 45 40 81 61 12 34 30 33 74 41 73 60 41 1 95 10 56 52 68 2 28 29 1 53 0 25 15 33 41 41 64 18 75 12 27 8 8 78 15 55 11 47 49 52 54 76 51 31 66 48 88 86 34 21 4 89 38 51 16 7 44 62 57 71 24 82 69 89 58 85 84 26 94 61 64 40 69 44 47 83 54 96 76 54 39 88 64 22 8 15 46 10 92 85 92 46 35 0 77 13 65 35 17 11 78 12 63 54 90 97 32 79 26 38 21 26 58 33 100 31 40 12 79 57 52 100 10 50 0 18 58 76 60 74 97 94 6 24 60 75 9 85 65 95 38 81 32 96 73 41 41 16 98 91 8 20 92 49 86 81 32 0 44 75 89 7 57 28 59 14 63 57 90 43 96 32 97 13 89 21 76 75 51 66 13 43 80 49 98 96 19 21 40 98 42 63 86 78 40 36 6 80 66 81 43 51 91 31 51 20 3 76 49 72 89 85 95 35 87 65 95 79 53 67 14 42 12 87 53 40 28 26 64 16 44 75 92 36 28 92 30 40 53 72 99 6 37 85 85 53 83 66 1 31 41 0 70 17 39 50 37 29 90 43 8 67 19 39 33 26 39 88 30 64 80 75 44 84 21 19 66 9 13 18 77 59 0 69 25 39 77 5 84 17 31 76 50 43 57 77 91 47 40 91 35 64 62 96 1 68 88 15 9 76 91 63 79 37 74 53 72 20 32 45 45 46 51 20 88 66 18 10 7 16 48 10 60 78 53 4 34 12 30 51 98 83 53 71 56 20 78 11 47 92 48 43 10 87 69 48 92 29 8 26 13 76 88
45 21 0 51 52 94 5 93 16 25 78 81 12 4 53 37 63 88 72 9 55 52 30 14 96 75 8 87 89 94 46 89 28 23 62 40 61 33 20 36 6 1 50 19 98 46 92 96 77 13 13 59 7 76 5 59 22 76 25 73 14 85 73 93 86 55 67 10 85 98 52 75 41 79 75 80 19 9 25 80 0 49 66 58 6 0 70 58 24 70 23 30 21 89 41 27 57 24 69 58 26 92 60 97 43 35 53 0 11 45 62 71 81 57 40 97 41 4 92 0 38 45 91 0 27 93 96 15 67 36 21 79 16 18 6 46 6 0 91 82 40 59 74 2 88 94 46 36 5 91 82 63 24 30 21 8 21 25 74 74 77 66 18 33 3 14 69 0 46 62 87 83 84 48 11 30 12 79 6 4 45 8 10 5 82 92 80 45 98 44 43 4 63 70 30 5 37 3 69 79 36 74 89 9 19 40 60 28 57 51 85 81 5 55 14 7 85 91 40 42 84 7 73 1 6 9 66 55 25 29 19 85 64 98 94 93 79 30 35 94 52 73 70 94 43 83 85 30 89 80 65 71 61 26 99 51 45 93 28 8 79 90 83 80 77 29 30 65 94 17 95 34 71 9 91 40 50 5 44 9 29 92 55 64 92 7 75 69 8 2 23 36 42 72 88 20 99 50 40 53 98 11 54 8 83 55 6 27 50 17 99 87 90 30 81 54 45 12 75 3 42 74 77 40 91 3 81 96 40 29 45 21 28 43 85 11 54 25 10 65 58 60 37 77 71 14 52 55 90 22 89 0 18 32 39 87 90 46 96 31 62 90 50 65 9 50 45 92 94 57 35 11 71 25 54 17 26 61 80 10 90 32 18 84 48 59 100 93 48 79 11 53 49 26 45 28 36 96 67 95
74 76 67 9 0 71 7 20 0 94 50 96 10 12 41 83 47 65 66 57 88 74 63 13 18 56 18 100 57 1 13 90 81 75 11 9 29 26 87 98 41 70 43 96 38 16 9 60 14 30 51 51 73 52 60 86 69 9 52 94 1 61 69 43 2 14 10 1 20 35 86 2 86 96 12 83 12 85 89 38 29 46 11 74 99 41 71 12 50 91 26 83 21 57 52 11 69 32 5 66 43 29 51 72 42 0 9 12 3 30 99 53 63 61 9 79 23 5 26 65 58 1 17 8 73 8 27 47 84 54 30 66 37 92 66 92 19 50 23 18 65 33 27 53 58 23 7 92 94 39 12 6 43 63 59 74 57 20 64 30 10 61 28 87 21 58 83 18 13 39 36 51 99 92 76 46 10 55 28 31 52 95 19 83 62 28 32 82 10 65 13 42 0 28 54 43 24 89 27 19 37 75 6 89 85 39 99 69 40 99 96 1 16 10 89 64 31 86 77 9 97 12 52 83 49 63 96 26 97 84 99 54 59 57 75 28 58 49 71 77 89 7 0 13 96 28 86 39 86 40 84 40 97 27 78 62 85 43 17 14 91 70 22 70 30 51 56 35 40 7 97 10 70 83 41 17 98 60 11 64 41 67 86 72 5 6 46 40 24 7 45 19 82 69 9 44 31 29 41 95 21 46 46 85 7 10 63 0 96 88 44 94 90 24 41 24 34 4 70 8 13 63 77 36 89 96 16 60 50 62 32 50 70 19 25 51 14 59 80 73 33 57 17 7 42 4 64 2 8 76 72 59 56 49 53 67 79 73 51 43 3 16 2 73 22 49 91 21 91 4 37 46 38 24 18 93 5 46 20 90 81 90 54 52 24 28 66 65 88 54 93 73 7 20 61 5 91 39 69 73
85 35 45 83 52 89 46 25 21 53 55 4 68 94 58 19 71 62 32 99 71 70 73 59 68 93 50 83 83 27 65 31 53 80 20 65 0 34 26 62 34 5 79 89 52 75 73 18 32 79 60 64 1 47 22 31 39 8 51 84 59 75 50 81 63 87 78 0 89 82 42 23 12 14 23 94 73 68 4 61 59 28 88 71 25 22 78 5 93 56 38 18 65 24 47 82 42 8 29 97 26 57 66 95 31 14 21 74 44 32 43 72 66 12 82 42 8 11 72 14 79 72 49 36 58 51 97 50 70 89 90 77 17 49 82 53 90 79 41 52 56 87 50 48 78 85 41 3 94 79 17 62 85 68 16 28 24 28 33 77 32 71 91 97 65 31 63 65 21 36 9 0 19 2 2 93 34 4 68 23 74 26 71 33 63 27 12 26 67 80 85 39 27 95 44 73 8 97 9 91 19 47 9 29 64 67 93 82 48 69 21 47 69 92 68 51 41 35 52 8 96 85 7 44 37 1 44 27 82 23 41 100 51 74 64 27 90 20 85 13 12 14 62 38 14 14 46 11 37 44 85 57 31 27 18 14 8 33 66 60 40 50 0 19 55 15 31 59 23 46 31 27 100 43 77 82 84 80 23 35 65 78 56 80 17 4 49 82 69 55 11 89 89 97 2 90 88 92 44 3 49 92 41 0 4 0 26 91 64 34 35 73 46 94 87 73 51 18 89 67 11 17 62 86 44 10 31 80 34 32 70 15 88 46 20 13 48 37 49 90 22 72 36 90 32 63 7 5 74 18 2 90 94 18 81 81 59 68 66 76 1 24 97 71 16 74 57 52 58 52 33 86 97 94 1 59 16 24 9 84 3 77 31 69 69 36 99 97 30 91 93 82 89 98 17 35 19 98 7 11
79 87 24 14 69 41 69 77 46 44 36 64 65 59 40 95 7 97 98 54 33 2 62 7 35 62 41 2 84 31 39 86 27 7 73 33 1 77 59 82 76 76 50 13 28 46 52 2 23 23 93 33 11 87 81 38 84 46 79 23 59 53 71 40 26 36 62 80 70 0 13 24 99 61 62 7 43 45 49 63 87 43 53 67 46 44 17 7 84 22 9 12 88 62 14 71 49 35 79 81 88 38 38 2 84 47 23 44 96 22 13 75 20 85 32 80 77 83 80 4 16 83 61 62 3 45 100 67 98 54 78 35 45 68 63 36 61 94 61 46 52 72 57 14 76 45 14 63 50 3 52 20 76 52 71 89 67 75 13 16 9 87 23 22 74 50 25 55 80 100 43 25 53 39 25 56 96 78 68 55 66 98 25 25 62 66 42 99 47 84 45 96 87 41 62 81 20 4 22 30 69 100 48 43 79 33 31 42 99 96 60 7 0 98 55 43 67 56 17 77 94 33 15 56 13 21 43 27 89 68 77 34 93 52 1 72 16 18 93 92 32 66 94 19 0 19 79 48 8 73 31 12 49 45 4 34 30 65 16 29 97 14 100 3 2 8 53 79 30 62 63 86 67 53 24 88 77 89 79 8 12 74 42 66 89 12 15 24 27 23 7 48 84 96 43 6 37 84 28 68 6 35 26 84 23 94 48 65 50 25 51 20 88 92 93 65 6 61 38 8 14 21 60 20 29 63 62 54 65 28 83 20 33 90 92 56 23 64 54 28 76 43 34 41 18 12 42 81 77 51 23 33 86 36 9 52 19 94 61 57 25 97 32 10 64 87 64 42 48 48 28 100 24 77 77 77 99 11 39 32 22 58 86 14 25 78 67 32 98 84 79 19 93 39 69 87 81 14 23 91
37 77 63 29 41 74 2 92 33 34 100 24 65 69 94 75 1 97 39 34 70 28 22 46 25 89 18 99 78 72 45 5 41 91 81 100 54 7 49 97 84 71 66 99 47 98 63 69 91 27 16 49 34 29 99 31 16 72 9 60 74 19 72 89 79 78 55 90 56 97 1 48 5 98 56 24 10 34 11 54 1 76 64 77 60 53 19 25 79 85 63 44 86 94 55 95 64 40 14 59 48 94 98 75 10 36 2 38 97 60 77 4 15 44 99 2 49 45 69 22 52 70 21 34 67 74 67 19 81 95 8 74 4 99 77 19 26 90 95 74 36 66 18 75 34 31 59 43 1 76 39 85 54 90 31 95 63 37 51 20 35 86 75 58 92 58 25 7 49 58 69 80 28 19 51 48 67 16 30 95 17 66 23 15 59 14 9 27 80 72 50 26 88 46 29 26 37 7 61 93 97 16 82 92 11 18 9 43 82 28 37 5 70 24 10 54 86 53 67 12 87 49 98 68 18 60 89 29 88 85 36 72 67 88 11 44 40 18 62 46 76 19 30 25 47 21 1 80 70 73 47 23 64 13 27 13 51 91 93 72 26 31 81 23 52 66 56 88 34 58 23 40 88 84 87 24 39 68 70 35 93 8 99 47 59 89 8 6 84 76 43 25 93 30 84 2 19 15 21 5 3 67 45 25 7 62 98 27 13 55 91 1 25 24 41 55 6 94 40 78 88 8 94 51 2 8 63 85 22 34 5 61 45 26 2 100 80 34 11 81 41 28 81 40 10 92 0 27 27 11 87 90 78 64 0 0 81 33 86 64 39 41 29 81 39 67 59 64 14 16 80 33 17 86 92 57 13 78 55 42 84 92 81 68 27 39 19 87 57 69 72 18 25 89 12 51 14 69 63 62
85 49 36 48 77 99 62 37 94 84 31 64 58 91 89 80 61 72 40 12 52 97 37 53 56 10 97 3 91 9 60 81 10 0 16 88 31 80 68 3 38 39 83 36 8 23 11 73 87 84 89 62 61 59 6 16 1 14 11 41 2 64 84 92 53 3 73 14 58 54 87 91 64 97 54 40 67 30 54 38 66 23 6 53 92 92 91 18 46 100 30 61 94 29 71 67 22 89 56 19 20 64 22 57 64 39 38 59 88 3 6 59 63 41 89 51 59 38 18 64 66 99 49 33 94 4 30 7 78 33 85 60 25 56 1 32 14 58 54 52 42 17 31 48 99 0 15 18 42 95 0 7 8 14 37 51 96 9 52 15 19 93 46 73 33 17 80 67 29 35 10 73 73 3 34 94 3 7 21 3 77 25 8 18 76 48 63 33 92 75 56 95 61 50 49 54 80 6 97 10 90 36 5 80 18 76 65 93 55 91 32 96 41 42 72 15 24 19 92 22 6 17 100 91 74 11 14 1 5 36 92 39 41 79 93 63 93 36 43 86 90 57 73 0 31 99 61 82 37 39 74 93 42 33 86 6 81 57 46 9 57 99 74 39 31 6 30 47 30 30 13 70 17 30 2 1 33 37 75 75 31 49 56 93 98 96 1 47 92 5 72 68 90 74 53 48 97 55 14 18 89 80 47 53 0 0 59 96 36 6 1 82 31 31 9 19 88 94 15 13 20 52 2 31 29 62 23 2 29 84 89 81 27 22 67 34 1 74 93 76 82 84 33 64 53 28 27 78 67 17 31 66 68 94 45 12 31 25 25 46 83 36 92 9 99 77 46 44 4 23 51 20 39 83 67 42 30 77 37 27 19 18 81 42 68 46 37 24 68 61 18 20 68 45 79 61 11 56 81 83
10 73 77 41 92 62 80 57 23 34 86 30 45 42 53 65 97 93 50 62 49 37 82 96 10 21 12 31 9 86 39 30 54 81 87 48 30 8 89 76 34 55 19 28 57 30 22 54 31 81 51 49 13 23 79 27 39 17 18 43 23 73 30 7 9 12 54 36 100 24 76 18 67 10 85 88 65 46 28 60 92 50 64 31 64 7 94 87 98 51 14 39 70 59 59 51 22 30 25 96 85 19 85 83 12 79 27 19 97 98 27 46 36 100 59 80 16 70 45 24 25 86 68 7 3 59 58 9 2 71 8 84 66 31 48 90 80 59 72 99 61 68 40 46 62 16 15 22 70 81 43 29 25 79 28 100 11 88 53 27 37 58 1 83 85 17 49 20 90 25 22 87 33 23 73 14 40 48 18 37 20 74 91 0 87 6 93 34 41 56 0 71 71 7 76 42 56 13 20 38 8 82 59 68 73 79 65 51 97 29 82 33 29 42 61 37 18 96 0 16 20 35 88 34 70 45 69 1 6 99 88 100 57 10 63 39 82 87 76 72 60 100 49 59 46 72 33 40 14 33 1 14 84 84 84 90 61 33 87 43 48 32 87 60 73 5 26 97 89 65 40 4 94 68 50 13 77 38 2 7 13 78 66 38 71 20 23 24 15 28 62 87 61 34 24 80 45 2 28 34 0 85 50 96 57 49 58 4 38 62 54 56 76 69 34 72 61 40 48 4 54 88 99 61 85 26 21 58 14 31 11 78 98 98 23 97 38 29 55 58 100 97 98 10 56 14 72 51 57 82 20 30 56 16 19 98 50 10 7 45 36 59 13 28 1 28 92 5 69 43 52 5 28 6 89 44 21 72 91 69 9 74 44 58 11 56 45 16 69 62 82 74 36 76 49 26 0 79 89 100
79 96 33 95 7 30 16 31 95 81 82 25 10 77 15 6 84 88 15 40 71 65 96 89 49 6 13 85 27 32 28 85 98 47 24 9 4 32 21 29 87 18 73 81 91 52 37 7 52 47 39 18 97 21 32 26 45 100 62 14 91 96 50 32 34 67 93 75 48 94 31 13 16 65 30 4 31 7 10 75 71 6 93 74 34 62 14 13 5 35 24 43 39 22 86 92 76 22 28 31 10 19 67 93 74 82 12 88 47 1 54 65 76 88 80 52 58 95 25 76 3 87 51 22 6 14 29 93 41 72 17 43 41 70 88 7 86 4 50 12 42 72 33 81 97 35 16 42 57 45 81 89 64 48 96 52 16 16 32 14 0 23 30 22 62 12 9 51 53 28 28 27 8 53 41 6 10 55 83 56 83 34 77 31 68 39 55 67 80 60 24 71 97 2 93 20 84 5 38 60 16 72 67 51 87 52 27 69 18 16 63 72 82 11 81 50 19 74 36 99 95 40 80 14 73 50 21 87 53 92 80 99 37 79 18 58 73 97 39 45 79 2 20 96 94 12 55 15 17 65 69 43 96 41 80 79 38 29 9 59 72 68 94 90 28 64 19 11 63 29 39 97 23 32 38 83 28 91 38 80 8 38 69 37 31 0 30 8 33 22 1 90 46 44 89 28 56 38 14 90 60 68 75 59 54 11 88 3 33 75 67 0 16 43 83 77 97 82 61 24 5 56 11 42 57 38 63 60 39 29 60 25 36 49 10 78 81 7 5 6 99 70 0 96 46 85 3 63 2 93 90 16 71 52 76 83 46 55 65 59 36 85 2 95 1 19 97 28 32 89 60 73 33 25 40 36 74 89 43 0 3 18 34 28 49 83 32 72 12 22 27 51 51 20 20 59 58 5 35 77
4 23 67 59 54 78 64 64 96 90 5 83 87 76 86 83 56 97 8 28 53 70 92 25 77 31 34 51 36 64 47 92 88 22 25 29 63 83 80 47 76 54 38 69 21 3 36 8 66 8 45 64 43 2 8 85 87 29 41 48 72 70 71 47 13 94 70 45 90 78 45 33 70 60 63 96 11 28 28 44 44 70 90 0 96 27 36 86 45 81 59 21 33 68 10 21 73 37 74 77 100 1 85 3 76 49 45 73 57 79 15 65 8 41 32 4 67 48 10 50 73 30 28 75 77 47 32 32 92 88 7 93 5 77 94 42 96 19 85 64 82 23 57 27 32 13 22 61 87 100 43 97 8 32 45 73 43 70 33 47 74 96 90 94 62 82 99 67 28 84 34 9 67 8 96 28 80 18 59 41 66 26 30 64 0 6 55 91 11 43 80 48 99 28 58 27 12 92 86 90 36 48 78 48 48 98 27 69 11 94 69 78 73 45 39 1 64 45 61 61 1 39 68 38 68 56 32 92 95 69 36 51 59 71 37 89 15 35 44 95 10 32 12 15 22 65 34 44 13 98 89 69 57 4 42 76 1 90 11 17 96 62 37 1 44 62 66 17 16 71 38 24 48 49 19 27 45 4 10 16 0 87 45 59 37 17 96 74 36 81 17 7 96 73 91 29 6 96 72 41 70 74 19 20 13 75 91 61 98 32 52 22 78 52 36 20 55 70 75 19 49 84 47 25 48 78 9 91 74 78 9 11 61 83 99 27 98 24 37 40 63 16 12 10 28 53 76 74 98 28 25 16 29 3 67 26 77 10 72 1 72 30 11 70 29 91 51 52 55 31 72 70 5 29 94 2 64 45 49 34 53 13 79 39 19 71 18 32 96 4 17 4 34 92 61 2 15 44 91 42
60 12 100 22 54 41 71 4 57 84 18 20 75 0 80 71 20 17 85 15 9 13 58 11 49 33 44 34 13 68 93 15 76 3 87 43 0 91 93 28 69 5 48 4 97 92 91 46 100 27 61 60 15 92 96 98 58 74 28 81 61 81 17 46 27 79 77 42 98 73 41 44 91 37 48 55 73 88 4 93 63 81 5 35 68 62 10 98 86 84 42 43 1 31 50 48 35 66 27 79 9 56 11 86 20 16 62 53 12 33 70 35 75 46 76 31 59 47 50 87 20 69 46 53 74 4 49 99 54 54 10 51 68 92 51 35 37 7 17 15 50 59 50 14 30 42 99 88 93 11 0 89 27 68 84 93 56 56 62 6 81 35 88 0 78 67 24 75 18 30 32 72 21 79 18 34 98 7 74 2 50 47 10 25 78 52 90 47 37 11 56 47 67 23 39 33 92 2 34 42 34 86 100 35 9 56 47 83 34 54 40 43 58 19 62 68 91 65 68 82 32 10 12 2 51 100 39 38 24 68 63 59 79 12 33 70 18 13 61 18 61 47 100 75 37 59 21 10 83 59 13 41 13 56 32 26 32 45 73 11 17 30 85 44 63 45 0 86 9 18 47 80 94 71 52 69 71 83 1 97 39 93 25 36 11 93 61 99 56 9 18 84 64 48 4 93 71 24 25 23 73 8 64 17 26 79 34 7 23 23 50 7 15 51 64 69 87 10 79 53 89 86 69 98 74 93 79 91 92 52 60 39 65 29 85 93 49 90 41 74 58 86 87 47 43 6 83 50 36 86 36 2 59 54 73 45 14 81 79 62 50 25 40 27 97 34 87 88 12 16 27 64 11 34 87 27 45 44 63 40 91 70 100 99 79 6 25 48 98 43 76 49 80 45 89 80 52 96 42 47
37 16 77 93 58 7 18 81 67 18 43 88 33 70 59 7 40 98 53 88 66 24 86 60 27 43 18 76 96 11 38 85 53 73 91 40 57 34 93 91 86 95 52 13 10 0 36 21 64 42 20 50 98 19 83 92 2 35 38 58 78 14 81 86 71 40 74 6 33 31 73 43 9 8 33 32 29 59 57 13 43 66 88 92 20 76 97 39 19 36 82 97 40 51 86 86 9 29 19 17 70 73 27 56 80 10 97 39 46 96 94 3 28 88 62 14 19 93 53 74 31 55 47 73 9 98 83 51 79 7 55 32 7 81 93 81 86 31 7 9 85 64 79 83 22 52 32 46 56 93 39 20 37 87 88 66 68 5 92 77 4 9 94 75 52 78 20 100 3 19 10 18 5 65 28 56 10 17 60 96 75 16 10 86 9 86 71 84 53 59 0 54 90 93 74 32 33 36 54 84 15 86 13 27 89 51 55 67 79 52 4 80 24 39 91 91 32 88 95 53 76 6 71 78 18 29 97 8 72 21 85 57 0 55 30 35 92 80 29 12 39 59 29 16 30 6 82 42 73 94 96 85 64 91 82 69 80 90 79 12 92 49 64 37 64 75 97 67 3 37 43 71 8 22 12 65 13 64 68 10 8 38 80 52 18 12 98 29 53 84 96 13 8 2 32 9 40 87 45 91 8 14 79 18 49 69 73 74 91 2 20 7 12 10 78 45 4 35 96 56 55 28 20 64 25 50 26 70 46 83 93 64 25 85 19 83 27 63 61 0 32 100 93 75 77 79 7 60 43 50 74 63 46 2 58 35 3 74 64 39 33 53 46 49 26 44 71 21 69 88 85 33 50 89 28 61 68 13 60 99 100 0 67 85 22 58 1 0 43 66 8 38 2 98 55 8 94 52 56 49
20 66 80 63 93 32 94 48 73 63 74 99 23 86 90 80 52 19 24 40 29 82 41 73 44 56 69 26 14 98 51 64 40 10 96 35 81 43 60 70 18 43 42 76 35 34 60 31 74 23 40 53 32 98 14 26 91 0 81 72 43 49 45 21 99 76 46 52 58 76 46 75 7 66 63 69 9 9 22 1 24 42 8 13 31 45 19 3 47 41 57 59 8 81 80 36 53 2 87 33 7 93 41 25 36 29 18 91 44 38 65 45 60 96 54 72 26 19 30 9 45 9 85 52 79 80 53 63 26 98 99 33 26 86 25 7 44 31 82 67 84 30 50 5 2 48 90 10 65 67 41 91 92 46 87 26 82 98 3 35 78 56 97 50 92 29 49 45 97 40 6 74 76 99 44 7 100 47 91 11 21 71 49 17 53 91 58 55 88 54 95 75 23 37 88 45 91 81 43 26 99 90 48 35 91 69 89 19 33 30 84 23 28 34 15 36 71 60 27 33 38 0 69 87 0 32 79 24 76 26 100 89 29 19 76 42 38 26 98 21 53 85 70 32 48 71 21 70 85 25 77 84 87 28 18 99 36 100 4 67 22 96 16 88 57 65 12 68 32 11 34 56 26 49 43 6 68 15 22 6 70 72 40 57 98 14 65 96 88 94 52 74 16 64 69 14 80 91 9 70 91 11 96 59 27 35 98 78 21 80 3 66 66 44 15 62 96 11 79 48 75 21 42 45 36 79 74 67 85 68 4 72 66 93 3 2 93 49 58 36 95 3 26 97 45 100 69 96 50 38 92 11 31 58 4 67 26 32 46 66 54 39 90 87 52 34 33 49 64 12 63 79 13 32 82 82 69 82 79 57 34 20 24 44 75 12 9 51 78 89 32 27 21 48 87 42 91 55 94 80
45 55 60 81 63 42 72 91 24 99 31 81 44 73 68 37 39 16 7 55 31 44 0 61 53 6 29 89 10 19 46 70 57 89 85 63 69 41 37 7 6 1 34 2 42 13 64 33 45 3 71 15 38 27 30 59 64 56 69 61 4 89 98 75 41 56 81 98 88 43 42 66 50 89 65 97 71 7 86 33 81 12 5 6 66 12 34 64 5 20 24 99 24 60 83 42 56 59 65 27 30 43 57 80 26 55 17 98 39 39 66 68 64 81 1 98 72 89 81 60 89 62 61 25 19 4 92 73 16 16 2 40 30 74 31 6 41 43 92 54 43 48 49 22 49 42 17 89 27 46 29 18 76 6 45 3 59 37 23 77 87 86 26 27 64 12 97 10 36 11 21 68 67 45 92 1 56 48 82 21 31 85 66 38 63 10 17 62 44 53 100 27 8 63 95 51 78 39 2 24 9 85 39 75 8 84 72 45 58 45 77 99 11 39 75 2 9 39 58 23 78 69 40 88 55 91 3 58 27 97 75 3 59 1 86 29 78 34 13 16 15 61 80 77 10 13 2 74 5 28 61 4 67 93 26 11 22 30 97 60 53 51 64 55 85 34 56 88 5 4 41 66 0 65 33 51 90 54 44 33 75 12 54 93 88 81 3 56 32 76 31 39 84 47 61 88 100 74 33 87 53 10 40 34 77 84 99 43 72 58 1 63 89 59 35 78 42 28 11 6 31 94 19 66 61 65 1 94 8 80 47 87 99 88 38 11 34 59 20 71 46 88 18 1 38 3 0 54 99 72 42 4 49 1 66 77 55 57 38 23 25 3 69 82 42 81 9 46 42 93 30 86 20 10 80 51 39 67 35 11 9 77 59 54 3 2 4 9 16 92 33 79 54 93 8 62 60 46 38 46
86 56 79 61 55 33 87 15 3 12 96 18 54 58 21 40 45 100 58 42 89 44 26 53 47 55 76 8 34 92 47 37 42 63 44 38 1 19 58 6 54 81 88 47 35 24 89 18 40 51 13 4 26 80 49 5 83 100 71 7 66 85 82 31 48 57 67 10 36 84 23 34 12 9 68 99 36 76 38 21 88 40 64 99 53 64 19 41 92 30 28 33 89 88 1 15 5 35 23 68 10 29 100 65 14 83 100 7 43 100 21 7 66 96 47 92 29 27 78 87 17 88 39 41 80 47 58 19 25 16 15 54 3 0 46 8 97 25 67 27 25 92 41 2 59 91 30 11 86 3 57 76 88 32 32 19 47 89 30 9 88 46 53 65 21 19 33 86 99 85 19 32 1 35 32 60 0 12 1 62 1 69 56 98 48 85 94 31 28 12 34 97 55 38 46 22 54 28 99 70 17 88 68 25 7 71 97 58 84 14 68 70 31 94 0 1 37 78 76 23 77 66 99 5 23 6 58 66 27 38 2 17 11 95 15 21 3 1 21 19 12 7 24 84 99 72 82 34 69 85 32 24 33 64 17 18 3 66 91 85 97 74 75 1 8 77 60 20 92 63 21 19 61 78 96 91 90 79 99 14 87 72 10 3 43 40 24 34 78 58 74 6 64 1 14 86 79 23 31 93 13 14 15 19 64 60 77 19 96 58 95 84 94 12 98 82 7 28 54 6 81 58 5 81 75 39 94 41 100 87 35 57 18 90 11 90 69 100 65 26 78 51 43 57 57 3 79 79 92 73 66 20 62 79 88 33 33 16 66 12 17 20 36 55 98 88 93 16 32 80 0 68 2 94 51 39 40 86 38 45 44 57 31 55 0 40 44 17 87 65 95 65 53 1 5 79 46 92 4 72
15 10 40 93 7 73 85 14 34 95 70 32 9 81 64 30 32 39 36 60 51 2 1 57 54 80 3 18 86 11 2 64 33 22 13 11 90 15 72 48 81 81 83 11 59 50 31 47 17 48 11 6 86 18 5 30 76 29 1 52 61 83 41 87 47 96 94 18 58 99 41 56 87 22 88 38 64 84 50 58 91 42 9 19 74 31 8 42 26 94 52 45 57 7 9 55 26 65 15 29 52 21 48 43 91 14 64 19 3 47 89 46 57 53 63 90 14 32 39 34 15 68 58 22 25 82 92 94 79 42 40 40 25 64 57 92 9 5 53 59 8 40 27 66 17 37 79 37 92 75 68 61 54 35 51 79 93 77 54 85 45 9 100 9 43 94 4 10 18 70 30 56 64 71 58 36 100 98 40 62 92 13 60 16 67 53 19 92 23 88 24 20 98 62 82 25 63 24 88 24 33 45 2 32 89 48 8 59 72 24 76 54 32 81 91 68 80 31 27 0 33 46 86 34 18 92 25 94 64 72 68 52 35 82 15 16 60 40 57 72 99 90 60 11 15 20 39 22 3 38 35 90 31 1 98 79 83 56 17 75 40 93 82 53 88 22 2 91 15 99 29 52 90 46 4 99 63 28 14 97 9 16 93 35 35 36 27 56 30 27 26 42 65 2 53 67 50 9 72 58 54 86 77 44 5 47 71 0 2 43 85 93 62 1 90 22 56 56 23 16 35 82 62 14 14 28 72 35 33 6 85 36 7 83 75 2 44 44 65 73 56 61 67 56 22 1 8 14 53 21 37 86 63 63 10 42 16 77 96 39 92 71 9 71 94 88 24 43 78 97 64 73 53 20 94 95 27 28 68 33 52 80 100 5 70 94 35 92 39 11 60 71 52 52 37 83 64 95 14 28
83 21 13 39 73 75 76 73 88 44 7 58 85 43 100 83 75 93 98 34 2 99 51 84 27 81 70 65 98 29 83 46 50 70 70 62 79 86 14 24 34 67 30 6 80 37 9 85 60 26 95 95 87 90 30 1 94 67 5 59 31 69 100 51 23 67 26 97 88 11 17 86 33 23 6 54 68 19 17 27 90 82 8 78 50 0 20 38 91 93 72 24 19 88 93 53 74 16 91 4 29 39 17 77 92 33 19 46 40 56 9 85 53 27 30 44 43 35 58 61 77 33 30 32 79 70 25 21 63 45 75 46 34 30 4 53 19 62 51 45 60 40 60 56 43 94 86 3 91 60 32 99 88 63 49 56 96 46 18 5 11 55 23 70 22 56 82 75 14 27 86 83 92 76 3 88 41 79 66 47 42 92 23 26 53 44 84 11 82 60 25 16 38 86 48 97 9 70 71 99 49 53 61 99 92 82 17 93 12 41 3 33 19 69 57 84 76 15 52 17 83 0 97 56 9 20 78 0 14 0 77 53 55 59 79 46 80 93 2 65 89 20 99 94 65 4 84 73 14 3 38 95 15 62 79 64 98 90 87 88 77 66 71 2 44 98 63 88 55 100 67 19 8 1 51 59 78 33 17 56 89 6 23 58 25 5 76 50 44 49 27 6 63 83 75 7 74 55 47 89 40 76 3 96 99 7 40 90 91 0 48 18 18 80 62 89 79 36 41 67 36 81 87 82 29 6 27 11 27 43 47 68 98 83 85 74 90 76 1 30 91 42 87 16 65 51 21 54 95 16 39 8 33 34 39 90 99 91 9 50 85 11 92 29 70 76 66 95 40 73 11 7 82 24 40 82 79 10 84 17 93 63 15 53 31 40 75 21 35 87 76 82 33 53 4 36 100 9 78 0
18 27 32 29 57 16 85 6 82 39 13 36 79 13 22 3 4 92 59 96 20 37 53 23 85 24 29 73 79 82 33 51 62 66 46 9 37 5 1 22 35 45 29 57 23 14 15 21 97 29 60 78 21 82 81 53 67 2 52 3 20 12 2 61 22 37 19 32 8 50 13 78 93 93 44 54 15 64 84 10 23 21 45 47 63 46 64 54 18 30 78 90 40 93 49 89 10 81 60 24 98 85 62 17 35 75 29 40 32 54 70 57 21 46 22 28 37 46 31 62 97 5 9 89 0 20 9 92 44 6 91 40 41 17 53 38 4 90 59 87 3 91 15 56 57 77 22 45 33 67 86 16 71 27 8 41 37 25 13 69 89 26 17 45 93 31 90 69 91 35 94 81 10 33 41 80 49 62 2 77 88 17 19 94 97 89 17 46 22 19 15 93 63 84 97 13 13 6 91 15 81 43 70 56 41 27 66 39 14 99 84 90 78 14 65 78 97 44 86 100 65 51 31 54 100 98 7 100 100 71 92 17 96 98 95 23 88 99 53 15 75 49 80 41 62 7 77 18 40 27 60 55 21 12 98 81 71 84 57 92 80 50 61 15 13 88 38 32 25 57 84 28 15 26 83 86 85 30 70 28 18 89 19 32 76 98 71 28 39 31 61 75 37 48 24 82 70 45 90 40 28 79 7 39 98 65 13 30 87 50 10 8 52 57 50 79 65 21 19 52 65 29 47 3 20 49 63 97 43 50 29 95 46 80 97 39 50 98 87 27 74 46 0 16 77 6 28 74 38 97 47 30 5 8 55 86 17 44 52 84 17 89 92 27 73 74 76 15 4 17 97 30 87 22 54 9 50 43 49 21 76 23 24 46 67 31 45 65 26 52 98 43 10 56 26 68 44 93 1 19
49 91 95 26 34 4 63 7 27 9 25 71 13 22 12 42 6 94 95 51 100 51 69 1 79 37 75 0 22 21 11 27 16 35 25 48 40 30 46 38 96 40 39 18 12 34 59 6 91 66 59 40 96 81 58 87 95 13 36 24 73 58 42 51 60 77 64 71 84 9 82 37 31 26 17 28 4 30 98 54 49 4 0 9 54 53 40 91 93 11 47 67 70 21 69 8 86 81 95 78 76 87 84 23 24 32 8 94 84 29 0 63 72 21 20 28 97 8 59 71 7 88 79 59 35 37 88 21 22 89 98 36 18 81 18 76 1 28 15 67 63 69 28 88 25 0 86 7 7 21 100 53 82 56 100 35 6 66 82 67 28 42 57 35 72 74 34 79 42 38 89 83 84 29 14 10 58 86 88 92 64 21 51 5 73 81 95 43 38 67 67 36 98 87 47 17 7 52 100 75 78 45 76 82 70 97 84 40 21 81 74 31 78 64 39 37 42 44 35 11 64 11 9 15 93 73 2 64 84 55 23 85 51 30 73 72 27 39 10 89 61 33 65 9 51 80 3 93 21 6 68 56 9 47 47 9 38 99 72 23 12 98 83 51 28 75 42 44 26 42 87 12 80 56 29 21 78 83 11 47 30 22 38 66 68 33 54 50 70 42 66 59 85 17 17 74 93 97 20 64 90 2 17 43 96 35 83 61 3 41 94 43 48 77 44 10 84 38 100 69 11 99 79 87 67 76 60 43 10 49 84 54 2 6 91 22 96 65 15 44 35 9 45 37 85 89 58 24 78 7 46 0 94 19 51 79 58 3 56 42 73 90 27 67 56 24 2 40 76 7 22 71 85 64 26 34 30 77 49 82 71 67 99 66 70 56 59 66 76 65 79 100 78 57 59 90 44 31 89 51
92 37 32 94 57 50 35 45 82 7 35 36 74 68 54 53 15 77 88 65 100 90 41 12 92 98 3 16 52 95 13 41 22 8 12 35 51 63 22 24 39 40 8 28 41 22 34 32 34 4 96 81 48 96 81 85 3 1 60 65 77 79 51 50 31 45 68 18 92 8 10 5 56 11 5 85 58 43 26 38 62 54 62 90 38 20 0 47 66 69 71 27 66 5 41 12 43 53 1 83 68 25 18 91 22 9 10 30 30 92 43 12 57 45 96 73 40 20 41 0 86 48 24 89 99 82 28 80 88 50 3 60 0 95 39 75 21 76 8 29 95 34 86 41 82 60 24 21 6 81 87 28 87 15 55 63 12 59 59 49 45 54 83 0 42 5 95 52 68 73 100 84 67 33 42 7 46 78 25 67 68 49 41 71 90 49 38 43 9 95 0 99 29 86 42 92 5 11 32 20 37 66 3 74 8 48 52 46 28 58 51 8 48 4 53 49 69 65 95 78 27 0 67 22 67 42 29 74 95 89 49 90 68 40 67 15 23 94 36 64 14 67 55 68 5 12 73 98 68 99 13 24 42 22 91 59 2 18 52 47 81 25 56 54 50 44 48 6 40 20 28 90 41 57 78 72 73 50 20 40 43 59 12 20 46 77 47 80 1 38 59 80 69 69 55 56 5 74 84 83 58 53 88 89 2 62 61 4 78 2 43 42 83 43 29 89 11 49 91 48 54 88 1 43 24 87 8 88 5 94 50 82 27 6 90 72 96 28 89 16 98 74 88 77 51 79 90 57 0 40 15 68 83 77 67 6 62 63 19 18 87 63 19 22 72 18 81 52 5 28 1 2 50 80 39 15 47 37 46 0 66 15 42 94 78 21 9 70 100 67 8 29 42 85 16 78 23 80 54 48
13 22 72 8 63 26 43 89 57 93 50 65 81 82 0 34 79 12 44 83 19 60 77 11 93 64 99 58 27 37 36 1 60 45 99 75 75 20 46 34 96 89 73 60 87 1 100 18 4 29 85 50 10 79 65 67 82 6 6 40 29 44 24 70 80 84 85 31 31 9 6 54 0 68 39 99 6 99 41 14 26 94 33 62 90 55 16 47 80 60 38 34 17 99 51 71 7 28 95 99 31 77 32 5 14 27 28 3 77 77 56 98 81 73 77 21 82 71 43 40 83 68 80 46 46 19 7 73 68 24 55 60 83 37 11 55 19 83 14 24 37 8 87 7 85 18 74 51 33 6 43 72 63 55 73 85 3 30 82 26 33 100 36 52 10 11 15 97 23 24 78 15 69 68 61 92 40 77 66 29 26 11 30 55 26 19 62 47 5 99 95 49 97 53 88 62 45 37 98 8 64 37 3 32 69 96 44 25 16 4 10 23 36 54 38 63 0 94 83 31 97 24 84 73 12 81 28 66 44 57 28 46 71 14 95 35 60 10 91 13 72 7 45 53 5 1 6 82 60 22 36 87 61 56 69 67 42 84 45 8 37 95 68 59 8 27 54 73 25 97 73 94 93 74 44 86 23 89 25 35 80 12 31 87 84 34 32 60 38 10 68 11 57 64 15 56 50 25 19 22 67 7 7 11 44 16 4 43 0 53 35 15 11 64 14 45 2 82 99 73 80 100 50 82 52 98 25 48 56 16 100 7 71 49 41 83 69 78 15 2 92 65 28 62 78 20 28 100 7 11 88 20 1 55 89 12 89 99 80 37 99 64 29 26 73 71 43 2 94 10 1 37 70 44 86 31 55 25 69 53 21 69 73 85 33 35 71 91 80 91 82 90 63 32 10 34 11 13 44 26
36 46 2 56 90 12 54 34 63 83 39 72 39 100 100 53 42 9 62 81 53 95 69 93 83 72 51 4 99 19 97 12 30 96 64 99 38 70 43 34 99 37 100 70 82 51 10 76 52 91 75 96 52 70 80 18 52 19 6 70 74 52 31 30 32 0 67 21 13 48 72 81 8 15 76 5 48 98 89 31 39 32 35 51 13 52 97 31 73 20 24 24 63 37 15 53 0 8 12 50 15 91 8 80 7 61 66 16 55 25 46 28 71 48 47 51 25 40 70 14 59 24 81 25 14 54 13 0 49 81 48 78 6 1 4 96 55 100 48 15 19 84 10 53 50 99 49 5 45 35 5 1 53 43 29 23 37 97 63 98 24 58 4 11 63 68 49 58 69 62 22 44 57 21 1 55 26 5 5 20 76 54 97 29 44 93 71 24 42 67 18 65 2 12 86 32 12 91 3 77 77 55 74 52 83 5 58 56 72 51 68 16 59 38 86 82 10 38 64 23 93 43 25 13 26 18 32 13 30 18 56 65 87 20 40 51 4 77 47 44 50 12 40 18 9 62 77 81 65 31 62 11 83 83 32 81 37 17 85 44 59 22 74 42 56 89 81 98 35 22 34 3 29 8 3 85 12 7 68 99 71 53 10 87 73 93 86 16 34 11 29 77 34 65 15 73 91 46 8 2 40 30 69 15 63 48 39 99 42 18 82 7 51 75 58 18 62 82 56 15 81 58 19 21 44 29 63 62 6 63 88 9 37 48 84 20 20 95 94 29 58 8 54 21 64 91 71 51 68 12 22 61 55 42 3 93 98 79 11 16 28 94 92 10 81 66 3 99 46 22 58 81 80 12 97 7 17 20 14 32 21 88 65 65 83 63 20 39 11 45 93 30 18 14 53 56 42 96 13 48
61 13 67 64 67 8 75 82 39 2 68 1 94 64 13 31 10 100 12 61 59 12 72 1 36 19 54 14 58 30 47 72 34 18 83 76 19 45 3 29 52 90 74 40 40 73 5 11 23 32 54 30 99 23 7 94 12 72 97 87 75 54 3 26 29 37 30 23 14 45 23 3 41 1 56 79 76 80 100 21 95 97 53 79 25 70 3 23 34 28 60 63 57 80 67 94 42 33 40 86 25 54 11 41 2 62 33 84 35 69 94 64 55 67 61 99 100 12 2 96 77 39 98 37 28 54 25 4 27 45 47 13 19 51 74 76 83 35 9 6 55 78 73 2 16 28 19 70 4 6 100 17 28 52 65 39 18 60 25 18 95 98 3 34 42 98 25 40 31 92 28 58 33 21 15 80 46 21 69 43 50 45 57 87 63 36 63 40 67 35 64 15 3 27 38 76 81 51 86 88 57 81 12 25 27 38 30 79 19 17 58 19 79 45 9 86 47 58 39 6 46 15 98 49 71 38 64 94 15 18 50 17 43 53 26 58 61 86 5 27 40 54 52 81 44 100 51 33 8 14 5 42 22 100 16 20 42 87 68 58 74 45 77 74 20 71 28 48 52 81 4 71 47 50 90 59 96 33 39 88 59 55 53 59 37 49 23 46 81 44 98 16 31 99 55 57 63 24 52 62 7 40 44 95 81 14 19 25 14 76 98 60 18 47 15 71 31 95 74 27 69 77 64 35 13 62 88 90 78 50 21 11 48 80 44 88 75 0 97 74 30 61 2 86 22 93 76 54 61 57 71 13 52 71 97 20 0 69 0 97 45 8 96 80 88 88 49 65 21 31 6 84 40 34 92 26 19 95 85 25 56 87 91 63 51 28 34 14 26 4 77 13 8 18 95 25 7 56 3 41
7 92 36 19 67 95 61 7 78 85 75 23 97 49 39 6 34 36 46 78 24 42 82 75 100 84 69 76 26 7 23 49 3 6 11 45 68 49 63 81 14 60 77 3 86 84 98 50 64 51 72 62 60 33 73 30 34 82 74 11 60 86 7 22 57 94 56 25 2 84 90 32 45 100 15 33 23 62 65 38 97 50 76 83 94 29 94 79 8 38 31 71 57 83 24 32 72 14 95 72 54 18 56 9 83 41 53 4 41 36 68 4 8 67 25 1 21 1 22 59 50 56 59 32 5 55 12 91 60 66 84 95 69 16 34 60 28 25 87 49 85 58 87 39 53 35 100 20 57 73 4 94 2 89 4 95 54 64 78 20 81 20 56 27 11 45 41 23 78 53 1 12 23 31 75 77 17 90 22 16 26 53 50 25 55 24 47 71 18 9 100 6 17 23 66 83 75 42 96 49 44 89 70 30 34 62 73 12 97 74 80 35 93 29 37 54 69 2 23 45 70 22 30 0 10 84 10 83 42 51 73 98 14 95 14 9 9 44 53 52 34 62 3 42 74 41 78 37 22 45 45 67 39 68 72 22 19 31 14 74 32 100 60 59 84 21 57 29 74 2 80 37 81 25 5 87 10 40 13 96 72 32 84 52 79 67 47 3 28 52 56 49 62 69 0 20 24 92 88 0 16 46 42 74 29 61 15 94 43 43 93 46 93 33 64 53 42 84 15 77 46 3 49 48 78 61 63 87 23 100 72 29 92 70 54 85 59 46 59 51 47 17 70 32 9 5 1 90 69 82 31 2 26 11 49 75 23 38 47 87 94 71 25 79 91 66 95 62 61 27 22 29 61 65 61 29 10 56 60 60 31 51 22 26 46 71 85 11 6 76 31 55 84 47 32 90 67 73 98 79
28 82 35 64 27 14 52 66 3 24 32 28 68 99 7 99 71 56 86 19 66 80 4 80 46 84 39 52 89 87 77 59 40 72 74 18 78 36 1 56 65 81 61 86 47 55 40 59 44 56 58 59 52 97 60 38 68 38 72 91 85 44 93 87 50 5 97 82 25 9 94 35 53 5 15 52 13 47 60 69 87 71 31 100 88 28 63 60 47 25 70 11 84 29 31 95 66 67 18 1 12 24 10 13 29 66 38 64 90 19 85 51 57 19 57 24 96 62 82 3 81 97 89 56 45 77 93 10 11 53 83 84 70 51 48 14 25 58 65 78 45 49 12 46 36 94 9 46 87 20 7 43 15 27 39 10 57 45 43 38 91 64 84 93 45 17 29 17 40 95 3 35 23 9 24 37 8 19 74 0 6 58 6 51 75 24 43 1 28 27 87 4 60 96 28 1 48 32 57 80 82 42 49 80 54 4 83 15 53 80 39 39 70 22 7 83 35 7 76 67 85 60 30 62 35 21 25 9 59 87 56 79 36 83 67 96 25 76 41 83 12 68 91 29 18 91 72 97 92 13 73 34 71 54 94 65 74 0 56 54 1 27 61 58 45 1 74 14 89 9 17 59 42 24 52 27 11 70 83 18 26 47 59 45 24 27 77 58 21 2 45 27 62 60 60 31 38 76 69 60 93 66 62 43 85 98 86 31 16 17 96 24 58 71 1 56 90 70 48 57 95 42 96 38 47 64 79 78 84 7 55 27 41 55 39 69 55 75 65 86 70 57 39 0 61 1 75 20 63 95 57 75 43 46 12 65 2 100 60 61 84 33 85 86 93 92 23 32 59 68 63 43 0 98 5 13 48 7 94 29 61 64 27 7 44 24 63 0 85 86 49 11 33 86 8 37 97 18 8 77
78 59 53 11 51 48 49 79 83 84 26 2 66 84 23 69 74 26 96 4 75 72 100 66 9 35 79 39 71 96 14 63 20 8 69 99 29 97 66 60 49 4 72 9 27 16 82 86 28 13 13 33 6 66 4 58 77 71 4 64 97 64 63 91 55 14 20 74 63 92 5 42 52 47 89 33 19 16 54 11 51 84 17 77 23 27 44 67 37 19 76 57 36 94 42 71 48 46 15 27 37 94 43 17 90 79 74 54 86 22 17 22 86 39 35 44 2 83 36 21 7 22 20 61 13 91 10 56 78 33 86 67 63 23 71 56 30 69 72 96 41 20 11 79 77 60 88 66 75 20 16 66 51 48 98 95 27 40 53 60 61 5 32 48 8 60 16 7 85 41 94 48 46 16 75 48 70 79 61 82 29 80 48 88 93 54 23 12 53 4 55 88 63 54 72 27 76 18 20 67 46 93 44 60 15 68 58 72 67 86 50 95 87 63 43 5 70 39 52 48 65 92 30 54 63 84 30 85 94 45 18 43 84 26 60 32 5 66 21 19 62 61 61 89 83 42 51 68 83 78 79 26 76 85 99 15 77 24 11 86 79 30 57 86 95 40 15 65 75 92 43 99 57 81 85 18 60 76 72 23 6 39 21 61 42 6 39 36 12 0 11 47 22 81 52 28 6 83 70 37 27 0 89 83 5 20 68 44 87 83 72 46 79 12 39 92 2 24 54 39 63 94 58 33 92 38 38 96 83 47 46 3 29 51 63 36 57 21 33 25 99 56 33 68 42 96 13 37 9 49 29 6 22 29 63 71 62 15 80 85 65 94 89 64 22 25 16 4 14 63 19 31 49 15 20 61 20 42 42 75 97 44 79 68 100 57 18 42 27 80 4 82 54 67 99 81 61 66 36 14
27 39 56 76 76 4 43 59 68 11 81 35 72 11 58 30 70 30 28 41 58 38 35 69 6 52 52 95 57 12 40 83 56 76 23 21 63 6 32 30 46 30 83 100 58 31 35 14 31 30 75 29 71 30 81 83 45 28 50 32 76 67 20 34 38 74 88 97 17 83 31 100 63 22 60 98 33 25 90 59 44 60 65 15 11 84 48 53 31 59 35 43 67 33 85 9 24 42 46 75 34 50 69 42 73 40 54 42 38 17 37 23 71 95 52 42 64 37 38 54 53 13 29 30 66 82 22 73 4 25 10 71 94 53 92 39 7 99 0 50 69 71 0 35 21 77 32 57 80 30 82 40 84 36 16 60 85 85 93 90 88 59 11 61 41 34 3 56 98 70 33 51 72 71 54 58 38 81 0 96 36 57 8 65 64 52 64 25 14 69 74 44 36 87 42 15 80 2 11 7 29 58 71 45 76 53 39 86 40 39 100 31 17 13 44 17 42 65 53 58 72 27 26 18 41 24 69 10 21 2 73 14 65 6 36 53 95 35 35 84 93 78 17 90 95 66 30 90 4 77 77 15 62 48 38 39 91 77 13 38 76 14 41 64 60 78 13 94 67 44 10 40 65 60 54 78 0 35 74 73 68 7 54 49 35 19 23 7 81 76 56 4 48 81 16 84 3 18 41 3 9 19 21 43 0 56 84 37 28 71 45 40 77 87 61 35 21 60 21 42 17 32 32 84 23 56 67 27 1 9 2 95 51 35 19 42 22 46 15 44 76 16 42 48 78 55 33 44 9 76 65 87 43 9 85 78 94 87 55 76 37 48 31 33 28 64 71 10 88 90 12 29 29 70 94 18 99 51 48 54 46 58 48 41 34 13 14 2 17 12 2 31 8 85 88 53 86 77 26 77
45 46 56 41 40 5 94 6 33 28 76 30 37 89 51 40 44 25 51 3 99 7 38 12 72 28 11 13 93 48 79 93 96 43 23 35 57 32 3 29 41 100 28 16 57 38 82 48 64 2 16 6 38 4 24 10 7 25 18 33 21 10 62 81 70 0 70 89 61 47 67 67 91 21 77 43 55 77 34 45 74 80 66 73 55 44 6 7 33 60 78 67 55 46 33 80 47 52 56 8 74 0 56 40 18 46 58 14 25 36 63 0 4 37 4 45 81 18 99 71 62 68 82 54 72 22 75 22 43 54 15 70 44 5 66 96 3 83 41 0 88 100 50 17 67 45 2 34 25 87 86 38 36 40 35 100 2 58 41 69 69 80 35 38 28 52 81 78 75 81 34 1 38 98 32 0 73 66 33 99 5 67 2 89 1 34 33 14 4 100 72 26 80 92 100 4 85 96 64 99 78 77 80 12 21 90 62 14 10 96 46 14 40 89 75 34 57 72 10 23 14 40 45 79 64 31 96 51 12 65 80 20 81 49 7 49 100 39 67 7 61 48 6 29 43 6 45 42 26 39 100 90 40 49 24 90 76 67 73 34 7 100 60 95 91 55 76 28 22 23 91 4 64 74 77 56 42 39 47 48 89 87 84 68 50 85 88 54 96 33 15 15 12 22 51 95 27 31 78 98 76 24 80 66 52 20 30 87 40 34 7 3 14 97 11 20 88 13 95 54 49 67 82 75 75 7 81 34 14 85 34 13 55 79 20 67 33 19 53 67 34 34 65 26 16 65 37 66 22 90 11 10 4 25 33 70 61 43 21 38 51 13 79 47 92 8 34 63 22 51 97 5 22 65 77 26 17 72 2 50 91 17 58 28 47 34 33 69 79 5 43 73 45 76 37 37 20 61 28 85
56 27 71 27 65 52 7 12 96 73 11 91 100 80 93 22 38 100 12 3 70 80 45 86 93 65 60 56 96 63 2 29 67 39 23 35 45 67 62 39 20 56 54 62 18 93 64 41 0 81 56 43 22 70 89 16 91 46 93 57 43 72 22 6 53 78 42 29 71 1 37 97 79 62 44 84 35 34 15 96 85 3 16 56 25 40 11 47 16 98 90 22 73 39 19 43 77 6 63 71 97 99 25 45 61 87 42 88 73 37 31 37 56 11 60 7 99 19 93 13 98 23 33 21 39 37 8 28 81 51 28 41 25 71 63 17 78 58 30 35 31 41 82 41 86 65 19 85 80 89 79 57 45 64 0 75 87 92 98 95 18 86 18 1 37 43 32 74 24 1 31 14 55 95 36 81 65 14 26 49 71 38 89 3 20 12 51 36 93 20 11 64 11 48 37 81 74 1 18 23 45 31 8 19 90 4 71 26 50 84 93 94 62 94 84 26 67 85 55 52 85 83 57 21 85 51 92 63 64 47 44 7 17 78 32 23 97 86 44 80 41 15 65 68 85 70 62 64 56 36 2 62 50 70 90 27 2 15 93 65 52 55 63 65 74 1 43 75 45 96 14 97 21 10 49 2 74 23 96 92 18 77 37 97 6 17 43 75 4 71 37 27 57 24 60 93 30 99 65 52 23 98 26 64 17 32 35 17 82 99 19 77 36 29 94 35 52 14 95 13 12 51 72 59 57 46 88 2 49 75 67 0 55 97 20 72 14 4 65 4 47 77 37 45 4 32 61 64 72 19 57 14 26 13 59 61 62 12 82 95 69 40 6 99 5 0 22 75 14 72 83 73 37 32 26 86 35 63 93 78 3 3 36 95 31 38 48 96 11 8 21 60 36 96 77 41 54 34 30 29
47 70 90 26 72 86 13 82 10 93 53 48 48 22 36 81 11 79 72 72 61 31 1 24 1 16 76 47 64 69 32 53 65 67 94 35 24 18 60 5 0 91 96 87 86 37 28 52 50 3 87 55 22 47 80 89 50 66 23 85 52 29 80 83 71 75 0 0 91 80 1 65 44 73 77 11 44 43 95 91 16 28 96 83 38 92 21 81 50 0 87 94 23 16 69 97 28 70 24 99 1 88 43 64 97 45 15 15 20 7 4 26 71 35 7 65 39 41 8 25 40 51 78 43 20 0 55 72 100 64 8 23 31 58 65 62 49 97 6 43 92 59 63 6 51 21 92 98 8 19 37 68 67 85 58 60 30 23 29 79 93 38 59 83 32 20 6 14 18 38 71 72 31 15 23 92 38 6 10 14 49 70 100 15 26 73 18 11 93 10 1 96 67 91 49 22 33 28 46 21 69 62 78 12 84 31 21 85 38 63 39 19 30 39 12 34 63 28 92 42 38 35 92 57 51 3 11 78 66 77 90 83 56 73 38 13 57 94 46 20 10 8 46 99 40 5 58 52 66 69 10 70 54 76 15 8 61 20 10 76 61 28 92 96 26 10 1 17 55 24 52 62 85 20 27 3 81 57 60 45 3 32 86 40 31 7 68 2 78 20 0 52 87 100 33 79 28 74 11 39 67 28 57 18 56 33 40 29 57 26 13 17 90 5 52 86 16 85 44 58 60 94 90 92 76 80 10 52 36 98 74 73 41 79 27 5 73 49 84 5 89 7 29 66 42 62 56 88 33 84 68 98 67 14 25 59 49 12 63 0 34 81 27 90 32 57 67 72 76 100 89 0 80 26 30 57 33 43 63 76 12 78 27 83 82 83 0 38 2 15 13 84 38 5 90 90 47 2 91 57
39 73 53 43 58 40 36 81 32 68 70 67 87 57 40 92 4 85 3 95 85 71 60 36 12 99 60 92 65 6 84 73 41 43 35 56 2 90 100 0 71 58 12 14 74 15 12 16 7 82 20 36 67 36 29 85 22 28 19 75 40 94 42 24 35 64 94 47 90 22 48 59 26 22 37 32 93 95 29 49 66 27 49 91 25 26 21 36 55 59 69 68 17 43 38 13 0 73 52 72 38 50 32 30 95 37 90 67 57 7 5 55 92 93 13 67 15 29 52 74 11 59 44 60 72 23 4 57 29 67 48 85 2 96 49 10 50 99 88 68 86 87 48 3 81 6 37 70 30 32 33 39 52 90 30 56 81 13 89 0 33 40 88 45 62 62 95 98 41 83 82 46 32 30 69 94 36 49 28 45 18 45 65 32 75 60 6 89 12 1 27 12 19 47 85 46 100 9 15 97 41 16 58 54 13 37 52 90 35 95 100 50 34 18 24 73 13 2 100 16 23 8 49 16 3 53 20 99 20 95 2 54 1 93 55 44 46 61 8 55 28 22 24 78 62 36 4 6 50 31 37 35 38 87 4 73 46 14 55 37 70 21 100 17 28 73 48 95 47 48 31 31 48 47 93 2 17 65 18 13 93 30 42 15 33 27 95 69 18 67 85 85 34 62 99 16 76 86 36 48 85 57 35 4 41 80 35 29 3 27 5 54 82 93 59 32 11 96 10 58 61 85 37 63 35 36 67 53 5 35 0 82 53 13 88 42 7 64 89 1 95 37 37 64 87 87 44 74 47 83 51 43 5 16 90 8 14 35 15 13 10 39 52 36 79 67 95 91 17 19 8 88 95 28 31 69 13 6 22 3 82 65 38 97 43 95 44 70 44 66 70 61 62 23 6 83 15 56 42 79
71 25 70 18 34 44 81 0 85 49 81 74 75 38 94 20 55 21 92 75 94 68 62 77 66 85 62 36 27 74 68 40 96 88 35 7 55 36 47 97 20 44 73 73 4 96 22 42 95 26 35 31 15 31 16 6 11 8 54 96 44 7 88 76 72 51 66 47 6 17 23 85 90 15 38 25 66 31 36 39 0 18 52 59 53 83 87 73 45 16 73 2 85 8 61 60 96 100 74 20 59 12 35 35 91 14 53 30 93 88 89 39 84 96 82 96 59 23 42 16 92 15 34 25 62 25 32 33 85 82 60 12 28 70 11 36 92 49 22 13 4 51 51 87 41 26 50 79 43 9 25 73 73 53 51 23 78 41 62 4 12 0 14 52 63 19 29 27 1 32 47 42 10 89 6 43 51 20 10 4 39 50 48 17 28 64 32 47 29 55 35 100 92 72 57 36 66 22 5 88 49 54 72 6 60 42 38 67 84 57 50 17 34 91 77 27 39 57 10 65 10 10 41 35 21 75 65 0 68 32 8 58 43 54 12 68 55 85 21 80 11 71 76 10 22 10 60 16 67 36 46 42 56 22 89 2 13 94 0 82 100 24 93 9 24 8 12 24 43 54 77 77 90 86 4 76 19 75 42 62 33 35 13 48 43 70 19 78 60 93 80 76 65 6 41 46 72 13 18 92 0 63 2 14 82 6 72 69 7 91 65 4 17 92 29 21 97 64 22 7 33 80 84 62 19 42 81 58 42 40 98 43 41 76 12 60 72 8 29 77 99 15 16 17 68 68 38 90 99 37 91 88 45 27 73 72 0 28 63 17 6 52 23 27 78 50 20 88 85 18 13 85 54 38 95 45 71 31 96 27 78 80 57 45 23 64 99 59 67 80 15 28 6 82 4 85 75 3 67 28
82 9 82 72 88 95 65 25 29 61 18 32 63 0 17 53 31 88 98 25 20 68 96 93 77 24 7 63 99 15 92 10 88 50 6 65 25 10 45 95 37 35 46 13 27 66 35 94 58 23 24 89 100 90 6 51 100 27 2 32 16 85 26 48 21 75 7 22 81 30 34 64 86 97 69 5 24 95 27 51 60 79 2 37 70 28 74 17 72 51 90 21 6 14 81 13 44 19 21 69 25 93 3 56 57 89 49 17 89 66 32 89 17 26 55 4 31 59 81 3 66 90 61 54 42 6 14 63 32 44 56 58 57 23 28 9 4 97 22 88 0 95 83 75 99 41 100 81 58 30 8 68 11 29 87 52 22 91 21 46 88 74 95 67 88 44 20 86 65 97 48 88 68 75 67 74 33 1 11 4 48 84 92 88 59 88 61 91 83 59 49 68 11 57 15 70 37 36 16 37 61 48 51 8 29 54 100 96 0 49 45 88 25 66 65 8 84 73 12 71 61 82 38 36 62 98 62 8 53 92 96 97 45 100 97 34 65 88 52 61 3 95 72 38 86 59 35 54 92 5 6 34 65 68 72 72 52 79 41 99 47 1 29 69 62 91 50 89 47 27 70 3 16 34 99 88 14 47 29 72 45 82 40 76 49 44 17 27 9 39 32 82 15 100 83 99 93 2 21 46 26 38 92 89 33 7 43 37 91 5 8 47 42 80 93 67 27 77 50 27 40 75 87 70 78 50 24 3 43 43 25 97 29 12 25 49 4 67 51 26 92 79 36 33 68 78 94 39 37 58 54 42 76 6 72 62 69 22 82 66 24 1 46 51 16 25 77 61 87 89 76 38 13 75 36 95 93 2 84 12 84 20 93 90 18 31 4 15 11 81 12 61 81 17 55 68 33 44 59 100
64 39 64 25 68 37 43 97 100 58 34 2 14 39 98 34 21 100 20 43 51 23 80 34 0 26 32 31 25 78 23 54 98 17 36 74 52 61 30 66 81 57 57 0 79 84 20 89 82 59 22 27 88 38 76 87 14 70 69 32 52 8 0 72 98 65 60 5 13 85 75 63 26 92 8 65 29 87 11 67 75 85 17 91 10 65 68 23 36 88 34 98 20 5 45 54 97 3 17 16 26 30 33 45 40 58 91 3 81 37 36 26 56 83 10 43 83 83 6 27 94 19 84 58 67 46 63 41 85 40 27 40 11 66 48 89 20 45 6 29 92 31 7 79 48 42 23 20 80 79 13 92 65 57 70 93 9 35 16 77 88 69 98 41 76 79 29 51 13 100 70 53 64 97 59 71 37 84 30 96 54 35 87 27 97 17 56 80 14 11 78 33 39 76 12 82 2 50 76 9 100 26 81 5 79 5 30 14 77 48 35 70 55 81 5 79 41 21 45 27 73 74 21 27 33 46 22 18 4 9 28 93 72 18 3 70 20 46 32 11 99 54 57 55 29 90 65 85 28 13 14 57 83 49 75 20 94 15 50 77 18 54 63 8 37 100 4 36 23 42 93 75 95 95 91 15 11 8 48 66 11 47 71 68 62 86 99 7 24 77 59 28 37 89 71 86 78 50 86 100 32 34 38 82 26 81 49 16 94 10 2 5 79 86 40 37 90 47 5 81 7 41 13 13 94 60 9 85 96 59 5 61 23 72 43 8 52 28 73 3 94 25 18 60 61 67 58 96 18 3 53 51 90 15 53 73 76 35 74 30 63 69 70 4 28 81 54 26 4 7 3 45 44 53 9 35 9 65 36 37 84 32 98 80 0 43 50 72 20 98 81 33 83 37 20 100 98 94 82 74
51 85 62 58 86 78 17 27 80 86 40 37 88 31 78 35 37 73 96 22 20 32 7 52 45 69 33 92 25 84 7 2 14 77 78 54 70 7 45 16 48 8 37 94 65 94 54 11 91 16 7 9 51 16 62 73 99 4 62 14 83 59 68 73 9 28 42 53 49 50 33 74 37 38 94 65 26 42 42 27 28 29 84 27 42 9 56 96 96 7 43 22 87 46 75 24 26 59 58 6 93 85 14 5 85 67 43 97 16 66 20 82 19 17 55 71 48 57 30 13 97 14 33 58 67 64 47 66 0 1 43 48 12 35 87 49 8 5 60 55 39 54 92 5 80 6 95 88 82 70 59 38 93 61 61 29 53 14 56 56 97 88 44 4 29 80 5 17 31 35 0 11 74 72 43 56 44 95 5 3 92 17 38 99 40 17 4 69 23 71 82 64 60 55 86 53 94 68 64 19 78 52 78 46 32 87 15 23 81 89 17 38 70 50 65 6 6 82 48 89 27 17 69 7 80 14 14 63 6 52 71 86 85 37 25 93 22 25 47 41 26 60 92 24 42 59 88 34 92 60 4 93 64 29 84 72 85 97 74 42 57 66 82 64 1 38 43 91 40 57 1 41 74 68 46 5 19 6 93 36 47 34 13 49 53 98 55 10 70 59 6 9 78 94 64 54 33 59 86 84 33 79 59 91 72 43 5 75 5 84 95 16 12 11 47 97 33 67 30 47 5 59 2 49 4 88 20 35 31 90 23 70 65 36 26 75 37 20 54 86 7 19 56 65 14 58 25 7 58 1 98 74 26 75 88 49 15 21 88 25 32 37 48 8 63 91 9 47 23 85 12 54 21 76 88 18 18 39 13 30 59 44 71 29 55 17 23 63 67 46 40 18 84 7 37 95 51 59 17 62
89 23 75 47 85 49 33 53 11 74 95 46 100 35 62 44 92 21 76 60 9 59 52 11 93 3 45 1 96 39 98 23 73 3 14 58 75 51 20 70 8 42 27 16 65 14 14 52 24 25 77 46 5 5 64 84 3 82 21 77 84 99 35 89 14 79 29 39 49 80 97 96 30 25 18 96 67 89 3 31 61 30 8 66 36 74 9 55 80 56 76 75 24 83 1 28 91 17 81 70 30 72 25 31 100 29 40 48 20 28 53 1 26 2 5 88 97 99 47 29 23 17 39 4 77 89 37 41 95 35 51 79 79 70 44 80 85 51 65 26 75 94 22 63 0 44 63 64 6 93 67 52 5 64 10 6 76 48 71 62 47 40 32 14 14 5 93 69 67 7 53 98 9 73 74 95 38 61 42 82 42 9 26 76 10 72 8 71 71 29 57 29 33 23 45 35 60 83 66 71 47 99 79 71 32 33 78 62 47 92 81 41 97 9 15 46 50 67 55 10 42 0 5 48 49 51 1 70 60 35 70 42 73 29 31 38 44 89 73 68 1 96 45 68 10 95 7 72 60 8 45 43 72 35 1 35 41 69 46 97 97 86 4 89 44 77 72 40 74 100 80 78 64 89 27 78 39 73 2 10 61 40 55 100 92 95 53 69 1 64 33 63 81 49 65 66 70 91 77 12 67 3 6 35 47 25 27 63 36 25 29 70 2 27 91 24 69 0 27 39 68 82 38 65 6 7 85 92 74 58 12 83 16 22 48 19 2 5 35 89 4 68 19 69 52 40 22 91 87 66 28 68 89 68 68 89 88 52 10 25 91 27 24 40 42 74 73 44 11 87 46 11 1 3 30 67 36 60 28 48 76 94 2 69 48 4 10 86 20 96 64 77 23 85 58 92 1 46 19 31
38 66 85 17 7 49 43 81 23 2 93 19 35 12 56 50 24 32 94 52 47 21 62 90 8 50 61 81 13 1 9 84 92 19 18 49 4 33 51 45 84 43 16 88 49 26 0 10 25 62 61 21 80 97 40 69 100 26 21 19 61 37 57 75 40 86 69 69 82 28 81 77 94 90 74 33 60 93 49 17 49 41 66 24 84 52 11 17 42 80 10 53 89 89 91 85 91 69 30 78 1 8 20 35 96 28 85 51 99 98 19 16 87 5 82 87 22 75 29 57 25 3 52 10 58 70 77 93 90 92 73 13 7 60 84 90 90 85 2 53 26 78 24 45 39 47 73 32 69 78 38 100 90 33 55 53 15 63 44 25 89 96 25 99 51 18 78 28 18 46 81 43 53 8 52 21 8 3 21 66 19 28 22 21 82 87 83 43 36 63 32 11 27 71 72 18 11 98 48 19 76 60 71 1 71 1 81 5 46 54 78 14 38 50 28 63 52 23 64 58 65 45 55 50 17 36 42 6 75 49 26 30 15 41 29 59 12 13 88 84 4 42 42 53 85 22 80 93 14 21 16 29 28 91 100 38 67 59 4 81 63 42 13 71 89 13 100 34 56 33 54 0 58 97 68 37 92 93 37 97 94 0 57 88 23 23 96 60 3 64 56 10 47 20 58 3 89 41 1 54 46 9 63 93 21 13 94 85 15 92 22 6 95 23 68 46 74 80 84 57 16 85 66 37 0 71 28 69 6 23 97 32 94 40 85 19 55 83 87 14 61 23 19 21 79 19 93 12 75 25 43 18 83 51 14 21 100 32 20 66 0 3 44 35 80 78 50 79 94 91 76 54 13 43 5 85 55 99 94 69 52 47 69 26 1 19 70 93 10 44 11 52 84 74 19 54 93 94 68 62
16 85 50 54 43 5 25 70 83 38 38 93 17 37 92 41 41 39 61 71 79 27 93 17 87 66 23 37 77 94 34 89 97 6 91 75 17 97 4 22 29 53 39 91 74 76 76 25 9 39 53 51 68 88 38 22 10 95 26 28 46 55 31 70 90 21 66 6 76 15 47 26 42 8 44 39 72 40 16 13 100 41 70 77 75 87 99 40 11 37 7 89 56 24 68 19 50 7 97 15 30 11 6 97 81 29 67 15 32 10 95 10 60 92 68 96 39 38 3 63 94 59 95 85 49 68 35 19 13 13 30 92 52 83 90 68 82 51 88 76 42 35 55 81 41 33 79 100 86 11 39 92 30 100 68 98 34 90 54 62 71 52 57 72 60 38 14 30 97 4 29 52 100 85 65 68 57 87 58 83 48 57 11 56 33 44 94 79 0 37 57 56 51 28 76 18 65 14 81 69 86 11 40 94 48 84 22 11 67 81 95 49 43 24 0 4 20 47 98 95 20 47 76 92 85 23 86 29 70 96 72 28 97 17 7 38 21 43 61 80 48 66 41 1 30 22 81 64 45 0 7 36 98 27 100 4 59 71 40 23 47 30 40 69 17 70 29 16 26 18 19 29 59 72 69 83 82 38 75 61 31 38 89 76 63 7 20 69 97 58 53 75 2 44 77 74 56 66 23 84 60 34 73 0 89 49 77 97 60 80 83 95 65 66 93 88 62 59 68 22 63 50 5 45 95 87 3 83 37 17 21 10 26 64 58 72 47 51 48 93 13 10 89 73 95 7 76 97 97 8 17 53 42 89 20 17 53 90 80 14 56 84 32 24 23 17 39 88 16 71 81 50 29 86 15 87 72 23 71 25 27 17 98 79 99 61 100 71 26 62 2 76 44 69 96 94 56 51 11 82
11 85 100 30 6 20 61 19 1 53 14 15 73 66 1 86 83 1 48 9 21 31 66 77 58 0 85 84 88 17 34 99 49 11 51 75 63 96 86 82 73 61 0 34 22 72 34 65 32 1 97 92 15 98 5 51 46 8 27 73 62 3 44 91 41 60 17 83 58 81 96 89 27 56 46 0 19 72 81 21 100 57 49 84 99 73 74 15 73 92 53 79 74 24 83 85 38 25 12 85 42 96 26 55 15 52 70 34 26 94 80 60 26 84 25 15 14 27 89 62 98 3 77 49 82 93 48 68 86 76 40 67 69 19 68 69 83 75 17 41 75 53 28 72 54 71 69 10 83 43 86 24 39 29 82 77 93 68 28 3 10 76 10 35 10 49 6 91 36 99 66 1 72 31 29 48 5 63 16 4 43 28 3 86 92 54 87 100 99 67 31 89 95 10 69 76 88 95 90 94 40 52 45 4 78 39 22 45 80 34 33 33 20 63 7 42 99 75 5 19 21 87 60 25 36 0 92 47 33 72 47 40 69 10 21 14 80 15 58 59 0 66 67 48 26 75 49 78 9 75 35 51 33 40 10 78 22 87 66 57 89 42 98 13 43 96 48 48 93 37 67 97 94 37 69 33 4 47 83 48 33 72 56 89 96 91 43 56 8 24 16 16 72 7 8 45 79 25 82 76 39 44 60 55 38 40 73 20 98 66 35 64 47 44 77 58 74 50 87 89 66 30 71 38 19 61 52 63 61 12 7 43 21 100 96 100 60 38 9 9 34 80 2 31 49 37 37 97 31 43 46 42 3 99 94 64 35 42 62 64 83 64 81 55 13 68 77 94 2 55 23 35 35 50 11 17 55 54 12 32 40 27 46 0 95 57 64 5 77 17 31 81 47 43 87 67 33 11 3 27
74 16 27 51 17 35 74 51 91 3 93 44 74 23 52 67 44 11 100 23 91 57 3 79 96 4 26 55 84 22 27 32 63 49 33 25 25 51 30 87 9 60 43 62 60 7 24 11 79 55 34 53 25 26 89 79 18 10 51 98 78 58 91 53 89 74 88 84 4 22 22 90 40 31 72 37 11 41 58 91 31 65 3 65 75 4 11 38 3 67 22 86 48 68 98 66 10 58 2 9 99 33 91 4 63 75 58 76 23 8 29 74 68 65 82 26 72 71 25 64 34 7 46 99 10 83 48 91 76 52 7 5 72 100 99 88 93 84 62 22 86 38 100 81 3 77 89 44 57 82 84 100 93 52 34 73 17 42 61 53 71 74 32 20 25 93 62 70 77 28 76 60 46 65 77 66 56 87 75 80 76 46 43 8 98 88 91 77 12 58 63 85 2 47 75 8 54 36 59 90 21 5 14 14 40 98 52 32 2 12 38 84 20 96 45 5 51 14 49 41 45 90 51 15 89 50 84 8 25 66 69 99 76 8 52 25 14 9 59 41 42 39 8 51 53 24 83 86 0 4 100 13 80 10 59 34 5 58 29 44 53 0 73 82 35 24 31 29 32 55 86 87 58 96 44 79 35 90 41 94 62 9 17 52 50 45 80 52 69 11 86 36 32 68 46 3 83 50 87 67 27 80 13 71 87 27 92 42 5 26 88 1 67 24 84 90 6 52 100 43 23 72 98 64 46 14 57 100 37 43 26 87 46 70 73 7 60 83 10 39 13 29 68 47 4 52 82 4 57 97 14 76 56 31 81 63 57 43 46 40 65 77 56 44 34 97 12 23 73 35 43 29 20 93 76 49 13 8 41 19 35 29 56 71 82 8 67 35 51 96 10 66 26 47 85 16 35 5 98 13
12 17 71 94 24 43 82 68 99 99 38 35 85 83 12 78 100 80 96 59 68 36 40 56 69 99 46 1 4 40 55 4 45 6 86 78 96 98 1 98 64 12 40 38 18 87 100 31 5 70 54 74 69 33 37 1 64 39 99 100 10 74 91 3 42 85 54 84 14 12 33 62 34 59 92 67 82 39 59 94 22 25 97 100 52 44 15 100 86 79 71 49 69 31 2 8 65 68 82 45 74 8 97 82 62 91 99 95 95 24 82 7 81 88 85 3 17 5 20 69 5 45 27 6 10 14 92 30 14 61 3 49 85 6 71 22 16 65 64 13 8 38 2 74 82 9 21 71 32 14 83 98 37 16 85 6 78 47 21 89 26 63 15 11 85 49 92 20 48 100 87 14 85 39 58 86 26 57 1 71 22 56 7 48 21 77 99 85 46 69 99 47 59 69 57 85 20 98 75 93 94 15 3 29 50 10 80 7 35 63 37 81 25 27 62 46 84 76 90 2 87 37 53 36 93 50 76 8 9 96 73 5 68 78 37 28 85 14 7 47 11 40 10 93 53 5 63 76 63 47 0 20 37 49 53 26 78 49 44 84 46 36 46 61 65 9 43 17 77 67 32 78 79 76 17 89 80 97 40 67 100 41 17 44 11 28 18 80 100 38 38 24 29 68 68 33 15 25 94 47 15 83 13 8 78 78 52 100 38 66 73 82 59 94 39 26 71 93 88 92 68 85 83 5 78 15 38 55 95 84 78 74 15 81 11 23 39 100 13 27 31 78 68 2 69 85 7 50 35 21 53 14 31 68 65 95 3 62 35 87 19 67 5 4 30 60 47 38 20 0 16 64 27 3 17 82 34 7 84 98 24 34 5 72 86 19 51 49 63 82 98 94 72 68 96 4 42 83 49 42
85 47 37 52 28 51 90 43 67 33 79 92 85 77 37 52 69 7 94 80 89 33 74 65 92 86 35 98 60 22 76 65 40 73 22 16 55 75 79 74 35 96 76 60 4 18 40 8 14 74 89 41 10 77 87 87 75 64 14 11 86 25 98 26 49 12 68 5 90 35 19 68 19 61 83 91 15 9 4 27 52 65 27 95 60 68 90 75 23 91 87 16 17 14 26 32 33 69 5 69 5 80 96 51 23 77 84 66 93 30 99 33 60 71 95 87 58 65 29 61 22 34 37 44 48 78 57 75 0 82 68 65 58 5 4 68 66 1 48 80 37 36 58 10 75 91 97 5 58 4 69 36 91 82 17 94 75 58 36 80 76 44 89 35 82 27 69 44 83 44 62 55 65 26 56 30 25 39 3 56 19 36 98 6 0 98 43 71 54 39 43 8 69 48 57 41 75 59 33 73 70 30 58 58 46 9 64 87 74 27 20 24 86 53 99 2 30 99 80 19 60 88 2 96 89 87 59 54 15 16 61 50 73 75 74 87 27 73 22 34 84 81 55 37 86 85 94 61 20 97 71 26 79 73 44 2 95 42 75 17 16 43 49 83 21 37 1 26 25 32 30 41 70 30 59 51 6 11 87 77 28 55 19 52 65 36 69 93 87 92 79 74 84 54 80 34 62 40 58 40 16 24 49 87 16 7 7 61 2 31 88 93 58 98 29 29 27 48 22 53 79 97 31 25 40 17 35 83 85 54 19 58 17 47 51 86 42 96 39 58 33 89 46 42 42 89 8 82 40 81 39 4 31 4 7 32 29 9 27 42 9 71 47 35 36 38 47 19 87 30 38 66 12 47 33 61 96 1 39 85 100 71 96 84 71 47 38 7 33 89 61 98 18 10 92 98 13 18 30 73
53 41 30 21 52 8 79 83 13 46 99 71 15 55 58 43 56 78 89 81 33 47 24 68 17 55 68 54 21 58 50 49 16 52 25 38 56 48 95 78 33 73 32 42 51 17 47 1 64 49 35 31 42 93 23 37 14 33 50 83 94 3 82 94 21 89 12 18 99 18 99 61 84 71 48 47 94 81 92 96 4 54 81 66 66 10 51 72 79 28 48 31 86 51 0 31 93 39 57 3 88 72 62 16 22 60 61 19 23 27 27 24 9 25 59 88 47 34 69 45 33 69 84 83 7 63 26 80 81 91 78 4 9 32 74 52 96 87 7 46 36 43 58 63 84 95 39 89 15 35 22 46 76 31 12 81 17 24 95 41 46 74 13 47 59 21 22 13 23 14 54 11 31 49 61 12 2 7 83 90 94 18 79 3 16 84 14 17 78 92 69 99 4 46 1 24 79 11 76 23 83 82 84 53 92 94 59 81 57 57 48 49 94 2 68 26 50 83 35 42 52 50 64 77 37 3 12 45 39 69 87 12 33 75 43 58 45 36 18 98 39 88 66 6 38 46 57 78 56 53 80 16 76 42 9 14 45 11 32 83 76 40 19 24 71 85 48 27 100 38 74 0 5 13 30 91 26 31 65 5 53 14 74 5 43 80 59 44 5 5 55 38 35 96 47 41 54 98 32 52 11 89 84 42 75 18 26 97 11 29 52 52 26 27 73 45 61 54 7 18 24 95 35 27 18 54 97 51 39 53 64 15 59 62 50 97 14 45 83 66 15 77 7 34 50 82 31 47 70 99 5 20 82 54 40 75 22 35 60 14 32 58 57 21 98 78 58 31 12 12 46 6 90 36 24 14 82 27 92 92 21 64 30 78 48 94 98 2 93 60 5 87 30 3 85 28 58 43 29 7
7 15 76 47 63 73 10 69 87 84 86 30 92 62 1 82 34 79 78 35 54 96 24 14 62 65 92 57 25 99 56 45 100 33 8 13 24 99 19 39 97 11 23 80 81 2 5 23 43 77 21 90 24 42 62 69 88 52 84 10 71 29 47 53 63 61 56 55 15 70 27 80 14 61 79 53 26 11 82 61 52 19 8 61 42 71 34 94 78 55 26 33 31 1 82 32 89 90 90 67 15 100 77 81 28 35 74 77 57 53 16 24 73 86 45 88 65 80 61 40 41 57 30 57 62 63 18 82 88 16 96 43 67 90 98 64 90 27 38 70 87 85 91 29 24 17 74 54 4 94 26 21 53 33 54 38 56 62 18 37 50 92 5 1 52 54 42 67 9 19 41 98 37 58 7 95 15 60 54 37 9 64 26 37 3 83 52 65 29 76 35 95 25 96 34 57 3 13 35 94 41 30 0 32 73 88 20 68 57 36 66 36 69 81 74 97 35 24 78 23 83 2 20 71 94 11 4 55 93 65 71 90 27 57 75 8 24 62 70 20 12 90 41 43 31 1 69 96 4 76 49 41 100 47 22 74 45 98 22 35 100 73 56 47 75 56 45 19 20 37 32 54 21 40 39 92 91 5 38 70 53 57 67 3 94 69 9 55 23 65 12 96 75 33 69 99 6 66 5 59 89 98 98 51 71 89 55 42 66 19 53 80 80 8 66 2 28 21 38 49 40 45 57 24 51 7 51 78 29 19 32 38 63 64 99 28 33 21 47 22 92 67 12 21 93 22 1 87 26 35 84 13 64 58 88 70 77 20 25 31 81 10 95 8 87 68 82 48 12 70 45 71 46 100 90 93 6 33 31 32 18 29 91 32 17 17 58 82 16 87 10 3 6 65 16 88 43 26 33 78
44 6 62 17 97 99 95 57 3 40 33 48 37 18 19 26 45 56 49 26 25 90 51 96 48 40 35 91 80 30 42 73 41 90 92 60 91 4 65 67 87 30 100 32 6 31 66 27 82 26 71 48 55 50 83 79 83 49 35 13 27 74 56 43 65 30 39 14 43 61 40 79 65 97 29 56 98 57 45 26 10 1 52 65 90 18 63 78 49 47 94 13 5 37 7 15 79 59 60 64 77 65 4 41 29 35 30 67 61 70 62 78 26 55 46 20 84 54 67 87 61 16 75 59 14 49 95 89 88 65 22 10 24 91 60 95 43 10 80 52 20 86 95 41 77 12 30 50 2 14 38 21 0 22 88 60 66 59 64 30 41 5 15 21 82 16 94 51 16 36 38 19 25 86 68 74 50 84 54 85 46 98 48 50 80 96 60 64 97 79 96 41 72 94 19 71 85 49 8 68 1 82 80 63 13 2 27 34 55 33 79 38 74 40 18 99 37 84 57 69 68 17 99 17 27 23 73 42 97 12 7 5 36 46 73 97 11 78 69 99 9 99 86 8 96 3 74 62 12 79 19 35 85 80 0 49 54 93 95 29 28 87 11 62 64 56 74 25 2 91 68 97 75 100 12 88 15 15 71 54 66 33 91 41 94 34 75 30 50 28 44 87 17 96 9 7 8 11 58 98 43 15 84 38 33 79 74 93 77 96 60 22 71 14 4 33 77 60 14 43 7 46 96 62 37 12 61 37 36 81 85 21 12 4 28 1 2 82 55 72 11 90 73 81 93 7 57 3 82 77 45 21 22 52 77 46 76 96 68 72 46 62 20 1 27 84 100 54 47 60 4 29 88 23 41 85 80 44 38 81 75 69 80 93 73 85 66 58 94 19 87 84 90 93 81 70 25 18 5 67
96 52 68 30 29 38 83 10 13 18 14 97 20 95 94 20 27 59 45 50 49 25 60 7 81 9 59 95 76 55 18 94 39 64 57 26 48 26 42 56 28 97 66 79 11 67 59 86 1 54 32 10 25 18 6 82 3 70 39 42 59 4 41 46 94 20 94 17 79 31 31 70 62 47 67 69 27 9 76 53 96 84 43 41 92 1 63 15 45 71 32 14 78 29 29 32 1 89 3 81 85 59 6 39 69 52 86 31 28 18 97 4 27 60 12 82 50 1 54 12 68 32 87 27 57 42 84 88 87 28 34 64 48 27 62 52 73 26 72 17 3 0 59 18 76 69 63 16 7 61 9 15 2 50 20 60 25 28 74 19 62 62 12 1 9 47 71 28 36 41 65 86 9 62 30 44 85 59 23 61 35 21 66 16 59 39 79 89 79 52 95 0 29 85 21 58 28 11 67 33 47 66 95 1 57 9 67 68 39 67 64 58 91 1 48 20 32 19 0 92 70 27 2 24 37 60 61 44 67 74 42 32 19 79 84 79 66 38 86 5 39 83 16 99 83 48 45 2 62 53 59 44 84 56 32 87 96 7 17 65 22 96 36 87 63 12 68 34 39 75 0 57 17 95 1 69 29 4 30 99 87 20 2 67 35 47 45 80 57 99 77 47 97 90 88 60 59 9 2 82 3 20 18 89 87 71 59 56 8 63 8 42 78 68 80 52 61 21 83 87 53 62 73 40 8 88 23 88 3 89 24 36 16 12 71 73 100 44 0 73 72 32 43 74 0 25 73 40 63 9 73 49 86 11 19 33 42 67 81 16 35 21 68 35 79 50 79 93 49 99 89 86 2 83 24 15 34 61 70 27 72 50 28 66 76 83 52 82 87 73 21 50 74 51 53 4 58 2 36 99
4 63 75 58 83 77 32 68 11 8 91 80 63 43 19 50 4 22 5 94 8 37 59 15 96 31 72 53 68 72 69 34 94 40 81 87 30 99 41 31 81 59 84 64 10 75 17 84 63 53 47 66 64 59 43 2 80 59 33 34 68 78 60 69 89 40 0 87 72 79 53 60 22 78 88 80 23 44 60 86 35 52 13 39 48 48 52 9 69 74 7 96 7 84 98 57 56 75 97 36 11 39 7 86 51 45 48 47 52 96 77 34 66 35 86 51 6 79 85 35 24 65 36 49 24 81 27 89 61 8 40 2 67 94 77 88 53 84 23 40 34 77 51 42 94 4 19 3 59 79 67 33 87 65 5 92 51 37 83 38 35 97 88 74 54 52 69 78 58 64 49 23 21 31 70 86 25 27 21 18 50 29 49 30 39 26 83 14 68 87 6 69 21 52 27 36 98 75 51 88 48 44 92 81 21 51 91 30 51 1 2 62 66 62 51 15 9 85 62 93 42 27 48 30 100 87 27 83 52 78 37 29 45 73 60 73 4 24 67 68 11 64 23 67 72 39 19 77 86 57 46 11 6 59 18 15 51 15 14 27 28 16 72 4 38 87 13 41 65 74 71 75 57 71 75 49 25 26 66 45 33 43 1 35 97 45 12 55 93 22 55 33 83 58 81 75 8 29 100 95 7 80 63 67 3 2 88 35 88 64 98 14 51 15 15 37 36 30 44 48 78 95 95 66 30 68 46 78 96 5 12 16 95 94 44 14 78 3 42 69 7 21 83 31 10 89 63 37 34 57 88 93 84 100 6 42 52 62 5 6 80 43 92 38 95 17 27 45 59 81 9 71 56 74 25 45 42 19 7 47 75 74 84 62 85 57 17 1 3 11 82 64 5 20 84 39 21 98 30 8
26 77 75 0 67 25 35 40 77 67 44 76 70 62 47 76 0 69 4 86 78 98 81 69 88 10 97 100 94 21 48 46 21 37 23 54 54 87 20 50 16 85 26 39 62 35 48 24 19 42 23 28 62 97 49 40 7 14 25 35 46 82 99 29 28 56 88 71 88 13 97 45 19 42 59 0 65 41 56 21 2 40 78 17 24 30 4 52 80 0 77 34 85 0 1 16 42 79 95 63 31 23 28 33 36 5 31 68 18 81 57 41 18 40 8 55 26 0 71 8 30 12 36 48 64 74 58 32 76 26 49 64 66 51 12 13 25 97 55 80 55 19 10 98 85 90 51 39 26 26 42 98 46 39 17 23 71 56 6 88 22 61 22 32 13 28 28 76 9 2 47 100 77 64 72 68 55 64 86 93 31 70 15 54 77 0 52 5 76 13 5 90 23 19 55 91 27 55 69 48 35 25 79 6 16 55 12 78 55 46 20 54 71 44 68 60 56 97 83 52 10 71 27 78 10 11 99 28 15 16 91 80 85 65 46 13 51 86 89 35 65 40 15 40 50 30 47 87 57 58 51 27 5 26 87 62 78 24 48 46 33 48 36 44 42 79 77 66 17 11 43 58 32 91 75 74 65 3 30 54 89 81 56 100 57 89 47 91 44 8 80 80 20 18 0 9 61 48 62 29 21 16 84 17 85 72 21 60 96 70 0 39 94 78 44 67 79 86 80 75 83 78 66 65 100 18 97 64 6 29 90 88 5 54 12 16 1 1 78 21 8 88 21 67 42 13 38 29 33 54 39 51 15 33 90 59 25 97 18 68 3 59 66 48 97 55 3 18 28 24 51 29 30 52 74 62 86 13 4 21 44 42 89 32 40 61 71 64 30 20 38 41 82 63 25 78 9 15 8 92
65 22 99 27 52 64 78 35 78 4 38 78 10 55 11 12 70 72 6 10 10 14 52 82 9 47 85 88 90 59 42 5 77 90 5 4 93 12 17 39 91 99 33 18 18 64 54 52 77 57 41 55 64 45 93 56 50 9 5 3 9 56 8 19 2 76 69 63 35 33 96 66 42 41 73 28 34 55 68 40 31 10 85 87 11 93 78 87 18 22 16 99 100 7 41 14 13 12 51 31 66 22 72 11 39 50 87 91 37 13 41 86 68 47 91 94 7 28 39 67 78 93 2 18 1 58 13 37 51 75 40 40 70 28 50 2 47 5 92 31 61 45 50 50 18 91 53 25 27 62 49 89 9 5 68 67 97 84 2 17 62 83 67 47 9 12 30 34 11 25 1 0 50 71 72 80 38 20 86 4 83 71 93 84 80 58 41 40 83 93 49 65 44 97 51 84 75 25 91 59 14 56 36 26 68 13 14 48 93 33 31 19 92 55 35 91 21 42 4 98 3 53 28 36 19 60 37 29 78 99 63 56 57 0 79 19 12 0 34 11 2 69 56 12 83 8 30 76 43 44 55 59 12 66 31 78 73 33 83 41 39 95 67 68 98 31 67 14 41 3 42 11 97 51 69 12 2 85 56 87 2 34 61 89 88 73 41 9 40 71 39 78 20 68 20 8 50 74 96 24 73 82 50 96 8 65 19 69 51 51 1 41 48 0 79 35 65 25 34 54 72 13 5 86 26 62 67 16 22 89 58 48 83 80 14 18 60 51 23 59 14 85 22 33 79 92 50 28 46 45 71 87 12 1 15 50 2 10 58 91 82 52 75 1 53 24 57 72 67 99 43 45 22 92 20 26 57 20 74 78 33 98 21 86 10 62 55 40 74 83 73 88 18 83 57 33 92 23 90 93
81 36 52 82 65 31 71 59 8 2 19 57 39 96 59 34 14 4 87 33 80 41 37 61 80 94 87 63 37 12 82 7 82 69 72 75 13 91 80 19 19 5 10 69 95 52 71 95 99 79 26 90 65 31 46 84 88 85 79 44 90 2 91 14 60 95 19 16 25 59 29 29 13 5 56 14 1 80 42 54 30 88 29 26 13 80 62 84 10 90 57 76 72 54 35 65 98 62 77 37 12 79 21 69 12 4 23 23 40 64 18 15 65 27 7 13 95 64 5 78 58 41 62 8 26 100 76 48 0 44 47 29 38 2 59 74 43 46 72 33 95 79 92 52 33 6 27 59 20 47 76 7 29 3 3 88 6 48 43 27 48 45 58 66 82 35 6 64 52 56 62 70 78 82 79 45 2 8 31 87 57 95 33 53 11 62 90 52 4 52 15 58 96 30 22 4 88 47 84 5 91 62 75 45 70 74 51 99 78 55 26 75 93 86 13 10 54 93 79 61 87 35 63 77 78 76 45 16 9 13 75 97 63 18 45 50 6 28 29 10 25 49 20 95 44 5 68 81 3 63 15 44 92 59 80 64 18 15 54 98 92 84 93 14 22 75 57 10 54 37 96 10 97 64 55 57 45 27 63 64 66 33 41 97 33 19 45 70 80 98 30 37 70 100 94 17 74 68 38 3 64 70 27 67 70 94 58 80 84 92 78 68 3 83 78 63 12 85 89 7 8 36 19 16 84 44 67 68 78 8 98 74 31 78 92 12 77 100 82 61 2 9 47 36 32 17 13 57 41 60 44 7 38 74 61 3 50 95 1 96 88 87 25 40 64 65 89 85 0 43 3 90 51 14 35 88 53 30 34 34 81 38 91 58 28 71 18 80 77 24 46 52 12 46 41 3 32 30 12 4
26 25 24 10 26 58 34 17 43 68 76 9 89 7 25 10 99 77 2 96 65 90 3 87 42 94 16 79 56 97 60 97 85 36 40 58 5 50 21 0 31 98 90 41 47 3 96 59 14 38 72 0 99 38 81 72 85 69 78 71 79 74 70 97 51 62 49 13 5 97 61 14 43 18 44 95 23 43 32 56 64 72 100 12 69 50 65 95 89 2 30 82 21 4 48 7 19 92 41 54 11 77 66 84 36 4 97 26 30 3 77 83 37 49 28 69 68 11 97 99 26 41 22 88 62 31 34 26 63 74 28 6 64 68 19 98 31 53 1 89 56 88 86 36 84 0 48 11 83 88 53 37 56 21 12 99 59 14 3 22 95 94 31 98 74 42 49 22 94 43 56 66 52 82 35 32 11 32 69 100 92 38 39 66 98 66 54 73 68 75 7 57 66 63 27 55 63 75 49 51 13 82 15 19 88 87 48 13 99 92 23 62 52 40 19 17 67 11 92 50 13 81 47 80 26 94 36 69 81 96 38 28 10 35 96 45 73 8 31 99 15 56 56 65 47 6 56 17 18 48 67 10 58 12 83 72 90 77 74 100 12 60 40 62 26 47 44 51 10 36 23 19 44 78 1 10 38 40 26 37 56 60 95 30 63 50 88 79 94 1 38 71 84 18 97 58 84 48 62 100 9 50 54 44 34 46 39 39 74 47 42 62 84 16 78 23 41 73 54 13 0 71 54 99 43 21 67 62 84 11 71 99 66 49 15 23 58 20 84 49 61 90 0 85 62 34 37 23 16 60 17 74 57 96 12 77 68 75 51 82 22 20 7 78 76 33 4 37 29 16 35 66 24 43 68 90 65 42 13 16 77 59 63 58 89 64 40 67 31 21 77 36 31 36 14 98 75 25 39 36
46 59 89 85 47 63 63 67 10 14 25 8 6 89 59 84 42 33 44 77 88 5 65 93 59 28 70 67 67 97 94 27 2 96 58 26 5 43 80 27 99 95 82 1 42 45 32 89 53 12 17 90 29 0 79 58 100 64 79 72 97 24 75 73 82 99 29 76 98 37 63 32 60 78 55 35 59 58 16 23 43 10 89 23 81 38 94 40 60 39 35 94 50 71 54 38 70 46 11 72 70 54 4 85 41 4 77 41 98 58 91 82 91 36 98 58 17 4 86 4 14 42 84 52 42 47 79 41 36 42 40 87 92 32 74 77 27 91 45 93 32 39 27 84 62 61 53 34 71 82 8 10 26 48 67 87 64 13 83 59 51 90 71 99 59 62 12 94 97 64 30 39 15 87 93 97 33 72 54 82 53 44 41 59 12 44 88 88 17 88 70 18 30 4 55 16 55 54 78 49 35 91 79 33 91 25 66 45 90 83 24 95 0 14 45 9 87 1 0 19 96 21 33 10 72 23 36 25 67 63 14 83 10 76 59 72 13 91 84 37 50 73 62 68 90 41 24 21 100 53 58 36 46 65 100 16 81 38 9 92 83 23 34 92 20 91 30 57 24 92 71 21 100 45 4 86 34 99 18 86 26 59 70 85 12 94 76 87 75 42 68 89 86 40 1 67 78 79 94 26 66 58 46 5 26 55 12 81 75 89 83 55 35 44 82 41 48 46 51 54 96 68 48 81 64 55 80 78 62 5 29 72 11 18 22 18 70 90 12 52 48 74 33 1 75 1 75 22 36 34 86 69 30 67 61 84 32 14 82 13 5 63 66 10 95 41 89 0 36 58 90 9 19 9 4 50 6 87 99 68 50 98 48 44 80 0 11 36 54 7 68 62 59 81 31 83 13 30 52 4
11 2 74 78 14 61 25 33 73 8 9 60 77 54 32 68 81 1 65 36 74 78 48 85 84 89 89 5 5 9 34 44 53 2 55 86 50 79 79 39 73 20 0 26 75 29 37 65 21 71 63 95 12 48 53 50 31 82 81 45 71 11 82 95 33 58 3 3 36 70 83 15 34 38 71 73 38 27 31 65 31 3 16 100 13 97 83 76 14 89 96 57 57 41 62 50 85 0 51 14 31 6 14 79 72 93 68 13 16 69 0 0 96 89 84 97 69 35 68 49 98 22 14 46 95 59 66 94 53 92 3 15 86 84 49 5 17 93 39 39 24 89 6 12 49 67 24 67 73 31 90 79 41 4 28 5 59 56 16 33 39 81 16 60 45 91 85 91 33 67 53 31 56 14 21 50 65 14 62 99 88 93 98 32 60 16 6 17 18 13 57 80 72 55 60 71 15 24 81 50 22 86 69 59 27 27 26 87 9 5 0 57 56 15 8 32 14 37 11 31 22 45 65 42 95 89 48 29 66 10 52 85 30 55 88 99 92 46 60 31 52 61 29 33 99 17 82 28 5 93 90 18 19 13 66 94 65 36 50 22 76 28 97 78 23 44 69 41 0 72 100 85 5 17 6 16 57 79 25 46 10 14 72 66 57 13 55 66 81 79 9 95 72 97 1 30 36 44 44 12 58 15 99 65 31 87 61 12 69 35 97 42 42 41 27 90 4 66 67 49 20 86 86 80 11 8 61 75 8 43 80 15 79 10 39 9 19 82 97 40 26 20 78 48 56 100 100 49 45 11 65 66 100 8 0 62 38 29 74 26 18 82 49 21 79 97 17 6 96 13 50 49 97 61 67 4 44 47 3 66 36 58 73 28 62 27 93 87 89 64 74 26 67 77 78 92 29 40 9 0
16 11 15 49 87 86 23 10 13 24 73 37 30 71 90 82 84 89 98 42 26 80 46 98 36 6 50 47 76 86 71 64 68 46 71 93 29 53 61 2 88 69 44 36 46 42 52 1 94 10 48 51 80 61 82 12 46 60 73 66 93 70 30 64 97 11 99 94 6 71 0 83 62 10 75 100 67 5 94 33 52 60 24 45 45 42 32 45 8 7 3 31 79 20 59 37 52 96 2 20 84 31 48 91 75 72 92 68 73 13 30 37 41 73 58 35 33 87 39 42 87 44 0 68 30 75 82 70 64 98 82 27 99 84 14 21 26 93 15 11 4 27 18 90 72 36 53 71 1 41 33 30 27 26 31 40 73 59 33 86 1 60 96 17 19 57 63 87 31 14 92 54 16 13 39 52 75 65 8 55 40 2 65 67 67 27 74 80 95 32 93 36 73 15 19 71 19 78 46 24 38 44 3 61 87 20 33 94 30 75 72 4 88 82 53 21 92 71 64 41 85 56 22 80 1 79 70 94 90 20 9 48 16 61 71 66 67 97 60 67 72 94 3 42 35 93 8 50 82 51 9 76 60 98 54 21 39 92 3 24 45 44 19 77 48 52 75 94 87 0 60 6 61 80 63 44 13 13 83 18 100 53 23 47 2 73 98 32 37 74 79 39 72 52 81 30 60 91 33 82 75 5 89 73 76 31 34 100 100 9 52 6 23 23 94 19 14 20 52 3 78 68 86 10 19 0 86 75 100 81 87 0 19 46 31 88 59 51 2 42 91 42 35 56 30 64 55 52 1 74 2 32 1 41 51 80 50 21 17 23 9 64 67 84 83 76 89 91 40 30 7 40 90 32 38 75 51 32 18 50 17 25 83 19 75 87 30 42 32 75 15 74 63 10 26 30 17 13 20 33
41 88 84 98 41 37 32 9 97 56 47 6 43 6 95 71 6 78 28 59 5 63 0 10 49 4 94 27 34 70 63 30 34 75 14 22 65 78 78 91 73 50 30 50 4 94 85 99 72 65 36 52 43 78 52 4 25 62 51 54 4 68 95 20 49 36 38 22 81 90 2 82 70 2 31 27 62 0 43 92 88 8 54 95 7 67 12 7 59 40 72 62 93 17 52 63 3 40 11 19 75 23 28 24 47 0 81 94 13 43 10 82 36 94 30 36 31 45 18 27 33 31 93 13 95 23 37 73 13 81 83 96 76 23 61 87 15 65 80 78 81 55 9 90 83 91 50 17 9 71 59 54 41 2 50 60 76 75 39 83 50 6 16 69 86 28 85 85 0 45 58 60 71 61 1 91 69 31 51 53 59 47 63 38 92 99 49 88 88 65 76 39 52 84 51 55 38 18 48 9 100 36 38 60 71 34 7 82 90 70 42 40 47 24 61 51 69 39 26 37 93 10 65 13 60 89 27 35 91 21 6 35 18 46 31 60 61 65 25 9 67 36 69 63 12 63 87 67 70 21 54 87 85 84 50 52 25 64 29 10 79 35 75 92 3 48 42 60 85 5 76 13 89 84 92 56 25 58 89 96 34 41 54 99 42 90 19 14 1 6 79 1 55 72 89 68 68 74 62 38 84 62 73 91 46 18 7 13 65 91 60 56 90 6 13 64 7 64 82 43 62 17 96 65 12 61 92 97 89 91 46 96 95 23 41 44 24 21 98 27 1 26 24 48 3 89 7 75 77 86 67 91 65 3 88 24 47 61 64 35 71 10 83 84 100 60 36 51 29 60 94 25 1 60 8 10 98 22 87 73 23 48 59 44 92 32 28 93 88 65 21 70 95 42 67 98 37 0 24 4
68 9 12 35 34 3 43 90 50 77 94 100 93 11 16 8 29 58 85 58 29 33 56 10 26 86 79 83 14 67 39 94 43 77 16 65 0 52 3 29 50 18 78 16 83 92 10 77 20 93 56 83 97 82 31 94 89 38 19 43 85 55 96 17 71 24 69 99 95 4 30 73 0 37 59 14 100 51 61 15 42 33 22 42 46 72 80 25 48 5 44 42 56 95 25 73 37 58 12 77 51 17 91 41 22 39 7 29 34 52 37 19 89 91 87 78 97 83 10 46 91 53 78 94 16 94 18 16 94 60 7 53 47 28 94 17 2 94 65 72 40 0 93 45 80 65 21 64 27 35 52 47 83 17 81 94 2 83 80 29 31 92 64 96 55 75 34 79 57 50 4 82 5 81 63 83 54 61 31 2 69 14 56 15 20 27 34 8 80 81 43 50 2 70 60 71 28 10 44 2 63 23 69 42 55 6 64 99 25 91 83 94 39 85 13 97 36 83 77 47 52 30 0 94 78 88 34 32 23 78 39 31 68 43 76 15 89 39 91 95 86 89 53 43 62 41 51 28 60 9 72 24 33 18 60 75 1 39 63 53 64 23 35 40 56 94 78 89 1 9 72 82 64 30 24 40 35 68 66 3 87 68 75 79 90 61 53 51 50 48 49 49 94 32 30 81 72 65 2 81 44 71 68 49 94 83 24 19 0 24 96 61 74 9 36 98 32 95 38 20 5 89 39 48 79 87 14 72 54 25 16 13 66 75 13 45 97 45 27 66 85 23 10 97 67 95 63 85 93 90 62 44 84 91 88 15 17 16 96 51 74 33 19 44 31 100 85 75 58 100 50 71 18 94 96 0 30 26 87 77 95 22 52 49 0 32 36 82 50 85 16 68 83 95 13 80 23 32 6 80
82 72 84 6 68 19 24 21 21 98 26 87 55 51 57 39 69 13 61 33 23 7 52 50 49 73 87 100 86 30 61 94 18 33 34 78 47 36 92 13 27 76 81 17 28 29 48 78 73 34 14 48 11 80 88 41 59 54 79 60 75 78 38 57 76 95 45 30 24 0 66 52 3 54 40 25 46 17 78 34 34 23 41 91 94 63 78 17 81 24 85 23 19 50 69 37 26 33 24 64 89 1 3 74 84 26 67 69 47 98 48 34 84 25 19 97 20 70 98 13 18 81 90 35 24 9 30 7 48 36 37 6 53 59 70 34 18 35 18 56 99 93 58 26 52 59 65 1 92 16 42 28 91 2 57 95 1 52 91 71 53 29 76 19 63 50 11 31 59 40 74 15 8 26 27 33 33 1 42 54 76 24 28 39 25 74 64 62 94 70 68 23 85 78 67 32 65 14 9 60 12 79 16 4 44 30 42 90 64 16 21 83 50 6 23 2 42 10 12 34 26 91 28 86 25 60 41 72 30 31 7 68 49 55 73 31 38 72 100 69 6 46 6 87 43 14 53 19 78 35 40 59 19 17 24 10 74 13 42 28 86 36 76 73 1 48 16 18 88 55 1 6 39 68 6 26 13 38 1 74 9 66 40 51 67 97 20 88 25 87 24 88 33 100 66 34 52 55 72 49 42 63 21 8 82 63 15 88 46 27 26 70 78 87 72 87 99 13 52 4 84 64 71 18 96 46 44 85 47 9 23 54 63 82 5 39 43 46 41 90 53 27 79 86 42 42 31 91 37 18 58 29 41 18 52 36 10 21 22 96 65 19 74 70 35 27 94 49 3 88 55 43 97 93 11 57 0 51 33 48 0 69 51 7 3 40 21 27 46 73 95 84 29 89 20 93 18 41 100 53
68 18 84 82 96 46 5 60 53 80 98 4 60 50 3 33 72 27 43 98 95 27 56 96 49 80 71 72 16 50 56 33 87 65 35 88 71 79 86 23 12 96 20 65 10 51 59 10 86 22 93 52 89 38 27 31 57 41 21 96 92 49 82 2 78 38 96 7 60 0 33 82 7 85 73 16 50 54 34 92 20 92 61 85 91 47 76 18 42 3 32 26 72 17 92 97 2 15 88 68 94 35 14 27 28 2 59 19 51 27 48 64 36 72 83 28 45 87 58 76 79 79 56 62 33 86 48 28 96 41 80 54 6 69 74 68 17 27 42 12 23 66 81 85 25 44 20 39 64 34 76 39 27 84 63 16 72 27 21 25 43 16 43 84 50 99 67 36 1 56 96 30 7 74 94 29 79 55 33 56 5 94 96 53 46 65 47 7 55 73 55 99 94 37 79 32 62 38 56 11 22 69 27 94 53 56 26 96 9 82 100 74 0 5 85 21 61 52 71 77 56 9 63 41 52 50 59 44 88 19 43 25 87 83 85 92 99 15 81 57 35 14 71 26 23 80 71 2 90 77 3 10 50 37 50 36 60 76 9 59 42 64 92 59 87 53 68 72 5 78 100 49 59 50 40 15 32 28 28 57 41 31 40 23 65 7 22 70 48 47 29 65 33 43 47 63 16 37 25 33 51 19 61 18 73 6 38 90 94 98 38 15 13 15 37 83 42 47 89 15 50 25 68 5 45 74 95 90 16 60 14 7 24 63 63 32 56 90 67 60 40 89 80 27 2 92 97 6 9 3 60 69 53 100 0 66 64 93 9 72 70 39 23 7 25 96 70 91 78 7 97 94 29 33 91 74 26 78 42 50 62 97 71 99 21 1 18 18 37 80 66 52 39 3 8 88 17 87 77 25
7 87 0 83 10 53 1 5 20 43 51 38 29 9 33 70 38 42 39 38 15 98 36 43 44 64 11 8 49 57 13 42 36 48 47 68 36 85 59 39 80 80 78 29 9 30 91 70 69 97 92 11 23 50 44 11 62 95 40 34 25 92 20 59 22 61 21 17 79 32 68 65 34 65 94 92 20 16 89 5 1 15 19 98 34 83 64 8 51 92 87 19 16 79 51 61 24 12 82 96 17 19 17 100 66 2 36 67 52 88 34 95 47 53 35 76 34 56 54 46 18 56 47 36 76 92 43 18 57 70 33 73 71 62 90 41 82 46 78 61 7 93 53 15 95 62 85 94 61 12 99 80 93 53 79 99 95 59 72 57 50 59 72 62 13 60 8 67 35 2 18 64 72 77 75 29 100 9 15 43 7 52 94 91 45 13 79 12 0 62 44 90 93 63 23 45 58 69 83 77 53 8 30 86 8 46 74 80 6 23 33 40 31 8 47 17 47 81 17 93 96 31 91 77 82 76 0 24 55 53 83 9 36 73 39 91 7 66 54 56 8 75 92 21 6 24 76 2 75 48 5 57 54 51 36 54 80 95 24 52 54 73 29 48 45 51 99 75 43 66 38 15 65 53 6 62 76 93 34 18 46 83 63 22 55 35 67 42 76 16 27 41 37 42 95 90 84 82 32 24 95 90 12 46 97 26 9 69 49 80 86 93 36 94 36 11 31 17 33 44 20 47 55 70 40 75 61 90 52 24 63 79 15 92 18 66 0 92 15 39 68 28 17 34 74 46 40 48 56 55 59 57 79 6 63 64 90 43 86 41 52 65 89 60 93 55 3 90 20 22 13 9 5 62 43 4 55 65 14 40 30 73 40 14 57 53 99 25 79 71 62 19 12 1 74 71 70 85 41 92
21 86 36 18 30 1 62 40 58 82 35 34 12 79 22 25 76 62 14 81 76 48 20 92 2 81 2 35 1 30 51 47 77 23 91 32 67 34 62 37 67 60 85 63 46 46 69 29 92 98 29 21 3 77 76 2 19 27 58 14 59 52 59 71 8 88 27 75 85 29 9 72 71 23 49 87 37 17 44 26 21 12 93 0 6 93 85 75 46 75 5 18 71 6 75 39 42 16 32 68 37 59 80 58 87 20 53 42 85 56 64 7 52 97 27 78 63 96 96 78 27 13 92 57 25 66 69 50 79 64 16 34 95 31 98 11 96 74 27 43 11 83 84 100 69 82 38 3 97 26 94 57 44 13 92 81 83 2 60 62 74 79 75 43 75 87 77 12 86 3 79 37 80 96 96 20 83 51 15 92 85 19 58 79 61 54 81 36 67 4 76 3 53 74 5 3 94 16 48 79 1 51 44 2 86 67 0 57 98 21 43 52 92 8 79 65 19 99 61 50 52 44 28 43 36 36 9 19 53 16 29 16 14 84 93 94 74 29 26 97 90 56 31 49 96 4 11 31 69 14 3 61 28 95 19 73 3 56 56 84 14 95 79 9 12 88 51 15 68 15 89 68 9 88 4 10 84 65 100 9 46 49 45 88 73 51 87 27 51 32 92 83 20 94 63 62 14 56 78 86 64 95 8 20 89 57 77 90 62 20 12 34 15 29 12 1 51 86 47 14 94 21 51 87 4 31 48 56 94 65 57 24 86 88 96 4 48 19 91 100 92 85 78 91 36 82 26 57 52 74 89 44 95 35 70 45 24 96 63 28 79 46 44 54 50 65 92 25 67 11 76 80 88 31 78 37 52 91 43 70 85 43 31 35 60 47 80 67 99 46 4 73 95 21 22 92 65 90 4 4
40 88 68 19 70 98 3 85 72 96 12 45 61 60 72 100 33 32 62 9 76 54 18 70 76 78 90 35 19 6 28 98 34 79 74 100 73 7 6 48 8 20 1 98 51 25 55 98 31 5 33 23 62 74 99 3 69 11 88 5 66 8 20 72 99 1 70 74 52 71 85 46 38 6 99 13 66 40 49 43 27 3 67 24 29 49 19 8 74 34 55 64 73 57 34 57 28 5 45 34 97 15 74 19 34 27 2 3 94 39 13 75 10 87 89 67 48 58 78 92 16 21 99 49 6 21 82 31 45 87 69 68 91 87 31 63 61 60 94 38 3 34 22 71 22 31 82 86 15 18 58 65 89 21 31 92 9 98 1 26 31 4 48 88 100 9 2 77 77 95 97 96 22 65 72 87 21 92 23 24 78 67 91 56 36 46 77 30 22 67 33 16 26 9 26 89 90 5 11 1 25 49 1 1 72 12 17 16 5 20 74 62 48 93 7 4 92 10 90 97 67 9 77 57 76 91 75 62 35 81 30 11 85 10 5 74 53 69 34 100 59 71 13 51 32 74 61 41 86 95 8 83 48 87 66 85 76 6 100 92 58 95 49 5 22 99 80 51 19 80 31 78 10 60 8 8 56 17 45 6 15 93 46 96 76 53 12 9 34 53 49 44 31 11 21 52 0 5 60 60 53 33 76 1 82 15 31 52 52 43 19 29 72 40 99 49 25 12 18 36 94 43 38 93 51 26 53 4 64 60 95 29 13 4 8 90 2 51 81 13 34 49 87 30 79 69 18 61 3 58 2 48 6 23 59 79 9 68 58 3 48 55 63 68 23 45 37 8 22 74 63 7 13 78 31 28 96 19 99 48 38 63 15 52 89 66 6 68 21 65 93 7 31 34 92 90 100 42 99 56
76 70 38 17 16 66 0 32 50 46 9 80 37 60 67 72 92 1 97 64 95 90 63 11 0 51 16 75 14 93 15 14 61 3 21 79 26 12 38 36 31 87 58 79 0 87 83 38 34 3 53 47 40 60 68 78 49 68 57 72 20 83 17 60 29 26 62 45 40 55 98 4 16 88 86 8 17 75 78 65 70 69 9 60 78 83 60 8 99 96 60 36 65 77 38 20 4 100 67 43 54 9 85 84 2 34 87 18 88 95 58 32 14 91 39 38 19 58 21 42 65 40 86 80 4 18 96 87 48 32 43 57 46 67 34 37 38 22 41 73 83 32 47 45 53 7 38 44 69 76 19 78 35 28 22 53 50 5 79 55 94 4 18 80 91 41 70 38 10 96 87 32 83 0 6 71 29 23 16 54 51 77 29 71 5 67 32 55 3 52 81 81 66 26 26 69 94 23 71 60 26 20 4 37 45 10 57 88 78 91 48 47 40 34 48 19 53 76 16 25 56 27 7 73 78 94 97 42 58 14 50 62 95 62 72 1 32 65 72 5 42 18 85 38 47 72 10 29 98 34 34 61 45 59 18 53 2 83 39 1 10 20 22 91 76 82 62 51 81 85 58 56 26 10 30 40 50 56 96 6 88 23 3 87 83 93 64 39 63 35 70 48 45 3 88 81 5 72 4 88 100 72 94 24 96 73 75 48 13 53 63 91 12 59 92 75 5 79 87 68 87 32 75 37 4 38 9 78 62 58 99 5 4 2 85 89 58 41 60 70 7 49 35 16 55 26 90 2 66 34 57 64 29 35 31 90 27 25 4 77 4 18 44 36 91 92 21 26 41 95 12 12 18 83 49 47 67 59 93 22 44 55 39 88 17 76 94 67 6 70 63 27 70 18 86 25 91 90 54 19
40 35 84 94 80 54 94 88 4 68 72 24 13 0 37 55 66 31 97 73 39 72 14 88 96 64 48 57 28 77 95 60 76 87 58 1 34 59 12 47 72 17 47 36 52 80 22 68 14 85 82 7 26 77 72 34 20 24 15 84 19 94 86 88 0 76 8 91 82 58 38 69 57 68 79 48 4 32 22 66 61 41 4 92 0 81 32 65 59 16 95 74 58 88 90 14 3 49 19 82 51 90 10 94 14 76 63 19 86 80 75 96 92 65 3 56 47 26 98 30 4 74 75 7 51 99 70 52 51 8 92 62 73 97 95 19 9 42 71 59 40 8 40 12 73 66 63 64 14 82 10 64 49 27 78 18 50 50 85 17 58 3 66 49 27 6 93 60 42 84 68 76 96 39 24 91 0 75 39 38 68 44 95 6 11 86 75 98 56 19 78 91 100 98 27 41 57 85 74 66 5 72 44 29 80 80 66 88 36 33 97 18 74 82 6 51 66 27 66 71 9 98 20 51 84 55 24 55 60 45 48 72 31 98 88 88 80 70 45 35 6 4 97 91 67 80 30 15 85 79 17 32 19 80 4 11 5 93 87 75 75 68 92 5 16 42 97 31 64 38 79 25 34 52 10 22 60 12 7 83 92 95 11 59 23 5 93 59 84 6 41 82 91 9 61 25 34 5 0 82 30 43 17 23 72 67 83 13 6 86 11 73 82 39 10 50 37 63 52 72 25 7 73 3 29 100 69 66 18 11 52 40 63 79 70 1 68 14 97 32 60 11 53 15 18 83 78 38 100 24 100 79 91 78 55 56 83 35 23 86 100 86 78 31 20 85 71 86 90 92 6 16 33 21 2 44 9 9 79 39 45 23 31 81 29 86 24 86 28 69 25 3 68 71 53 3 55 35 67 47
4 64 47 66 39 71 87 41 71 59 68 79 86 64 79 50 66 30 48 2 63 27 81 49 64 81 95 100 77 4 62 7 38 13 68 14 91 88 24 22 56 100 83 100 16 17 97 48 22 22 21 52 90 17 63 35 59 19 13 23 49 29 5 78 44 63 26 5 40 14 11 17 86 80 10 80 19 16 95 16 41 45 14 82 64 61 55 87 40 16 33 82 33 42 94 21 100 66 33 87 88 5 72 39 98 5 79 100 79 7 60 44 100 39 22 22 95 15 68 91 9 30 51 24 90 4 89 22 35 25 45 16 72 15 10 15 1 77 89 5 61 46 76 11 65 77 47 49 15 5 3 73 75 34 87 7 92 87 62 84 51 100 93 56 6 30 12 89 5 99 72 30 88 41 23 29 34 55 85 24 63 91 95 81 54 23 71 7 13 11 83 70 53 11 45 70 1 79 89 94 79 89 10 69 97 11 27 33 56 42 60 17 95 54 24 54 3 32 40 21 80 17 55 75 15 8 54 76 81 19 50 29 33 36 33 99 70 57 41 94 94 12 89 36 66 85 39 92 26 56 66 62 15 45 82 38 100 64 19 91 98 17 65 74 46 91 54 27 14 59 48 73 43 36 43 80 10 11 27 25 89 20 86 95 75 21 88 61 90 32 79 78 36 67 21 74 31 69 61 32 19 71 59 75 72 9 80 57 22 73 5 13 42 32 85 74 99 59 67 14 90 25 8 91 25 19 26 81 21 34 93 61 35 23 65 27 22 37 51 90 7 49 82 78 97 18 24 90 3 62 91 53 82 30 97 100 10 65 13 3 44 44 79 41 27 3 84 63 100 74 32 9 91 13 30 30 94 51 38 29 91 7 29 27 87 64 46 10 33 50 36 39 72 69 77 37 20 1 39 58
14 8 42 30 50 39 72 33 26 3 3 54 94 14 31 100 44 85 58 21 46 15 59 17 1 66 17 44 75 64 7 18 28 65 28 36 34 32 24 59 23 1 79 82 11 99 8 36 74 72 42 93 29 5 97 71 75 50 74 91 21 0 64 11 33 94 66 13 27 73 58 76 56 58 36 16 93 20 45 92 26 42 39 42 85 75 88 13 74 2 98 99 18 0 13 70 60 17 0 44 58 45 88 90 77 63 77 37 39 80 92 49 71 58 85 39 24 34 76 98 99 73 51 10 32 79 86 38 64 8 29 13 23 38 37 93 8 90 53 91 79 42 12 57 97 71 25 81 31 48 59 67 44 53 48 38 75 12 39 19 80 5 51 33 82 16 79 95 40 13 23 23 46 82 68 14 92 4 58 8 31 9 57 18 46 89 12 41 57 46 33 5 5 77 11 49 21 6 54 47 38 66 0 72 57 38 80 51 54 1 72 86 8 13 65 92 65 0 13 70 70 39 15 97 81 54 25 83 54 58 41 62 46 18 57 49 54 22 69 29 5 39 71 1 15 63 13 98 9 29 13 48 81 8 100 79 50 63 26 20 46 42 57 66 1 4 59 78 13 87 72 8 21 54 21 4 10 97 74 15 75 80 45 25 90 30 12 91 98 16 74 33 35 95 77 28 5 92 91 68 94 71 35 53 37 76 11 48 31 54 44 45 44 57 99 100 48 78 56 26 43 97 56 17 13 35 31 39 97 52 10 65 39 4 71 68 4 60 87 39 48 88 99 89 13 7 64 50 1 26 3 9 2 28 72 98 55 77 25 12 78 34 19 64 89 29 95 18 63 14 91 46 81 96 44 74 77 5 13 14 96 34 56 53 71 99 24 60 49 27 100 1 9 73 69 16 33 64 7 67
11 99 42 49 82 79 34 86 10 54 34 45 4 56 58 5 97 71 23 75 64 64 86 22 84 32 57 87 58 91 4 58 6 87 40 17 80 13 55 17 76 33 90 77 18 18 49 2 23 59 73 92 68 22 29 6 65 43 93 57 26 44 50 77 84 93 66 19 56 60 64 19 12 97 58 67 71 90 97 2 65 81 95 52 22 74 80 49 96 63 49 76 100 33 35 34 20 75 45 16 74 71 1 39 58 43 30 87 11 85 14 51 75 43 52 29 77 70 81 3 30 71 0 63 15 62 6 26 83 24 2 67 65 71 5 53 80 41 7 1 74 30 97 86 94 7 97 40 90 97 32 51 45 100 99 28 10 9 92 33 49 73 54 23 19 48 55 60 28 50 16 21 42 48 7 92 28 79 52 92 36 51 84 10 6 4 19 70 12 65 51 95 98 26 47 24 19 52 8 16 72 77 66 88 76 62 69 1 44 17 83 29 71 71 21 71 10 56 32 44 87 30 25 67 5 7 54 71 37 81 89 95 22 26 28 46 0 11 35 0 66 40 1 83 72 37 56 2 43 33 13 32 77 81 95 2 71 70 59 69 22 29 62 1 98 41 84 68 39 51 12 36 47 74 7 42 16 64 95 86 22 48 17 53 54 1 25 35 3 18 97 8 59 77 13 78 59 30 62 34 65 11 20 80 36 84 37 16 48 83 28 70 6 19 12 13 3 55 19 51 42 75 92 27 6 10 68 73 94 93 31 70 24 27 32 69 77 16 32 2 42 45 73 36 33 68 71 18 89 97 77 99 36 30 59 3 45 5 36 50 53 25 16 57 32 21 38 82 33 78 46 44 53 88 46 61 57 25 52 22 17 28 95 56 32 17 42 13 54 93 70 96 10 97 46 94 12 100 61 28
81 31 35 45 80 38 65 41 47 23 59 37 32 19 18 6 59 90 43 38 36 38 83 41 9 78 54 99 31 67 5 100 1 11 30 81 85 68 58 49 84 12 95 27 65 40 62 55 13 98 37 100 36 2 64 71 89 18 58 8 32 99 40 96 63 91 14 68 60 63 5 53 94 35 88 66 46 100 95 59 3 17 17 43 63 62 63 12 51 71 0 51 39 50 62 95 96 77 100 21 91 24 51 4 21 100 73 96 77 27 31 83 86 30 73 68 69 8 73 41 27 29 7 60 79 35 61 95 33 13 50 28 2 73 24 36 9 91 2 46 57 97 99 14 97 91 4 90 7 17 20 67 16 81 38 9 14 57 0 92 37 30 44 30 67 85 29 10 31 42 96 87 18 85 67 96 37 25 94 43 15 29 88 44 5 93 83 45 33 65 85 41 88 58 55 87 26 2 42 82 16 19 44 4 89 64 78 23 10 21 39 77 40 44 31 2 65 4 60 59 16 28 99 32 46 43 26 29 32 44 87 70 24 94 7 39 2 8 1 60 70 22 19 47 54 68 50 13 90 53 58 41 36 37 35 53 0 5 30 83 46 37 13 75 43 28 89 95 56 36 53 62 42 14 41 14 68 59 47 76 27 31 40 29 33 71 80 28 7 42 37 58 39 28 71 12 75 81 43 75 39 26 81 55 3 5 36 27 72 12 90 24 89 5 3 0 30 48 34 4 67 70 27 94 91 57 12 74 60 96 26 13 53 31 38 49 85 66 12 2 100 54 37 33 6 70 86 27 0 65 74 82 35 97 42 83 21 6 38 83 11 53 60 9 56 71 84 46 51 73 33 87 84 97 35 82 54 8 31 48 46 7 3 6 64 82 37 6 96 56 14 90 67 34 21 17 59 53 18 76
58 87 87 10 81 39 12 4 62 81 31 25 47 4 2 53 62 43 40 80 62 94 15 35 31 7 7 80 35 80 26 80 98 88 17 42 25 62 90 4 25 90 27 17 37 77 69 15 62 59 16 39 33 36 61 44 17 78 18 97 15 32 27 18 94 100 46 80 18 4 25 37 21 9 17 81 46 65 61 20 96 68 41 61 29 60 34 42 3 53 96 64 48 42 25 27 40 90 76 49 88 51 4 6 12 41 11 42 13 57 56 5 2 38 84 75 30 98 77 21 61 52 63 70 64 10 74 2 31 16 100 81 17 61 87 6 40 58 18 98 32 39 12 40 83 80 76 21 79 25 64 21 79 88 36 99 98 94 14 79 77 39 50 49 42 62 74 20 41 19 8 22 21 96 49 69 38 28 25 1 19 86 93 74 65 62 72 13 58 42 35 43 43 12 84 21 1 19 69 1 39 97 59 98 19 87 88 25 99 3 33 85 82 73 77 2 56 37 5 88 40 64 26 58 57 59 21 77 28 27 97 35 93 55 28 70 19 100 84 66 85 54 44 50 34 56 51 19 31 62 18 7 27 22 80 25 41 8 61 12 18 8 40 45 88 85 21 52 52 60 7 6 51 72 87 85 80 52 75 88 28 90 65 58 86 76 19 81 6 93 34 74 1 85 75 42 84 36 32 96 71 90 57 76 46 63 34 57 31 44 6 15 58 21 99 8 95 85 61 12 5 49 68 39 87 1 61 72 80 66 25 11 74 49 84 66 28 47 94 20 10 10 82 15 60 7 12 84 59 7 19 0 79 60 73 87 45 100 63 10 30 74 43 100 15 31 70 81 73 20 52 36 39 29 48 97 19 95 74 2 22 28 80 68 79 79 26 64 83 2 96 15 29 35 95 58 82 51 52 25
67 25 92 18 37 40 100 99 27 86 82 9 27 35 35 98 35 25 85 12 3 50 17 11 55 67 79 16 81 25 64 78 69 90 20 22 69 16 2 9 63 91 95 47 4 29 5 25 2 55 35 38 6 22 13 88 7 86 13 86 77 81 75 36 36 41 43 67 37 82 78 0 82 31 45 34 27 27 96 57 5 63 37 7 52 15 56 85 31 42 46 60 12 23 82 40 16 33 93 67 75 49 46 62 39 63 88 89 6 94 49 13 6 21 27 28 4 13 54 69 77 96 36 27 38 19 71 79 13 48 72 85 30 50 31 76 29 76 56 19 28 39 27 72 99 46 80 37 17 36 17 72 10 28 39 51 97 92 10 28 19 22 0 52 81 61 1 49 53 13 21 41 34 50 48 83 82 58 99 98 27 48 97 25 46 48 99 29 35 78 32 53 61 93 57 69 39 91 90 32 42 51 15 3 5 73 41 3 44 24 72 82 90 82 74 9 66 96 49 95 81 68 24 5 85 75 34 18 19 74 68 72 69 58 78 24 31 95 74 74 38 96 1 36 40 2 68 65 51 60 60 66 6 91 62 41 25 86 35 30 60 98 87 17 73 65 8 51 49 95 83 73 17 95 38 67 10 8 14 31 79 39 92 59 22 55 2 7 51 70 66 35 82 77 30 5 86 44 2 87 62 21 44 5 93 19 81 7 22 79 89 87 50 21 18 91 89 44 94 72 82 57 45 8 65 69 54 51 96 63 10 23 39 63 74 34 100 78 4 71 88 76 95 44 77 57 88 75 61 85 39 26 4 25 65 91 95 45 32 15 97 75 28 77 98 83 4 55 94 95 57 45 97 27 75 98 72 87 86 66 9 5 26 29 85 52 80 75 7 70 49 19 10 10 76 41 62 0 83 33
61 68 55 98 53 14 87 100 25 7 21 79 23 80 7 90 9 41 46 62 7 39 97 30 57 35 84 41 35 80 47 47 66 80 27 93 32 97 7 90 95 2 51 33 44 68 94 24 25 52 98 31 56 7 23 55 30 79 55 63 79 96 56 96 43 8 86 62 85 31 13 99 37 28 42 99 65 61 22 90 58 49 27 86 24 23 93 35 95 43 78 60 55 22 18 4 73 70 32 12 82 15 89 35 2 38 68 84 7 86 87 13 77 22 97 24 56 83 19 39 2 21 26 43 17 47 35 78 75 85 38 82 16 54 52 82 17 42 55 36 2 85 77 34 60 19 46 37 42 98 59 39 42 59 5 53 8 59 96 13 6 86 67 93 48 18 93 21 50 12 6 6 92 17 88 47 41 19 75 71 98 78 76 76 35 96 6 47 59 97 66 44 17 34 2 66 59 11 10 4 86 54 46 61 53 74 38 20 87 85 31 82 43 88 64 79 44 52 34 71 52 8 32 2 86 40 41 59 74 49 77 70 95 97 38 8 98 100 9 25 34 93 92 90 37 37 90 65 79 26 10 11 99 43 8 48 67 60 71 78 63 73 56 45 80 96 49 4 32 1 62 59 97 11 55 4 49 38 54 1 51 9 43 1 9 78 8 29 32 43 41 63 67 88 45 37 5 93 47 42 73 51 72 52 94 88 46 22 9 48 63 51 0 31 64 3 93 21 24 51 100 29 43 78 27 48 97 69 56 62 54 50 21 83 49 76 27 17 68 45 12 80 43 13 74 48 97 39 74 77 26 76 27 49 50 4 77 80 42 35 78 54 91 1 62 69 95 90 47 93 18 88 17 9 25 54 42 62 93 51 86 64 23 27 44 94 94 57 34 40 51 41 18 89 99 2 1 83 94 94
77 78 54 56 14 52 69 45 6 68 21 1 62 74 90 36 45 90 2 8 22 83 96 39 0 49 91 18 60 1 13 35 61 34 24 70 72 97 47 95 78 76 63 18 80 8 1 94 55 58 97 71 46 77 36 41 26 4 93 77 34 52 84 68 57 88 1 94 76 52 3 37 97 35 48 33 27 49 73 15 80 78 24 9 2 35 58 88 4 22 92 32 23 24 15 83 4 58 25 41 36 65 26 59 76 26 75 12 9 63 18 88 77 61 96 32 94 23 99 67 12 78 28 86 31 58 31 31 29 47 92 15 43 34 44 9 3 69 60 53 60 32 27 9 82 48 8 83 88 35 94 95 62 84 96 93 63 80 79 26 14 59 85 43 41 18 13 6 1 55 85 39 62 76 69 4 66 57 85 40 15 77 38 42 27 12 27 4 14 4 26 62 38 70 91 35 22 73 86 44 0 72 90 36 93 67 38 82 13 23 33 33 51 19 70 48 25 83 66 61 58 79 57 34 76 73 15 17 100 7 68 66 81 67 54 91 81 96 31 3 46 67 39 29 25 66 82 45 20 51 42 83 58 37 42 8 7 20 43 22 16 56 10 100 13 77 31 99 5 3 94 92 69 44 68 38 57 65 3 99 96 93 40 93 64 73 99 11 76 71 61 97 36 11 30 45 71 94 60 78 57 76 99 97 3 56 29 78 43 6 16 22 2 23 32 36 100 55 70 91 54 65 29 29 83 91 7 35 59 71 7 0 33 93 43 45 46 34 25 53 97 39 23 51 95 58 77 19 64 40 67 30 60 30 1 82 80 83 45 48 74 44 77 57 8 24 72 47 19 56 99 90 42 56 44 2 7 85 34 30 84 93 93 7 62 88 32 86 44 38 22 13 21 64 41 22 80 92 67 90
83 24 36 55 96 42 63 3 4 97 11 51 50 60 66 63 89 69 55 59 62 39 89 68 62 93 46 20 93 17 47 84 84 92 97 23 53 78 50 1 88 50 69 29 3 82 72 7 99 62 45 23 35 12 33 90 15 20 51 43 3 45 86 54 53 84 53 39 44 67 66 31 1 74 47 70 67 48 86 83 52 1 81 47 8 2 96 27 11 27 4 77 70 80 72 63 45 20 32 78 6 31 46 61 43 90 75 48 74 54 95 71 60 36 46 39 48 51 7 5 22 76 42 94 32 13 16 64 6 83 93 77 21 6 58 91 28 8 20 54 81 45 83 26 96 84 84 17 40 14 23 63 87 78 100 1 49 21 35 42 48 21 30 99 13 57 0 7 22 53 50 21 77 13 25 39 93 27 75 48 88 8 30 73 28 64 94 36 56 67 82 70 94 99 79 27 24 56 54 95 82 7 18 65 96 24 59 100 4 97 79 23 6 16 5 25 29 27 40 82 82 38 6 17 48 2 2 40 28 45 0 97 58 19 63 54 14 39 54 40 22 32 3 62 33 91 100 74 99 88 68 59 55 47 29 88 74 35 63 94 41 37 24 54 93 61 2 63 12 5 12 66 25 47 14 19 38 65 73 34 38 86 61 60 87 60 18 100 93 59 35 50 60 12 29 82 73 76 16 50 40 55 65 60 33 58 46 75 90 51 29 21 69 76 25 17 49 75 41 26 46 16 51 3 58 90 65 23 10 28 35 61 59 63 51 100 52 50 82 66 87 48 98 41 3 29 35 54 98 18 62 36 34 95 23 62 86 37 62 81 14 25 24 8 22 22 33 67 53 89 29 91 44 85 59 56 17 6 71 40 89 35 57 44 59 80 20 37 7 94 61 13 90 66 52 77 1 9 54 7
35 69 1 79 2 74 7 57 72 62 64 64 73 41 15 30 54 61 24 20 20 84 10 42 27 19 24 45 65 97 47 71 85 94 63 68 89 97 12 47 25 74 51 26 42 99 37 52 0 73 70 75 25 59 22 6 83 0 59 70 82 3 42 4 67 15 35 27 18 69 95 64 10 61 51 72 100 36 86 91 70 22 8 91 86 37 99 8 80 51 73 15 30 8 36 87 68 50 78 65 93 3 0 42 34 2 37 3 75 7 45 4 81 38 3 57 82 6 95 14 54 65 82 91 38 19 51 69 94 38 88 8 17 60 55 97 47 43 10 92 46 75 78 40 47 58 64 6 45 94 60 52 41 59 45 60 61 45 100 10 10 15 52 27 12 86 94 31 96 4 22 69 40 97 38 81 36 80 81 99 67 57 8 38 74 12 99 60 37 91 74 90 32 18 16 3 92 84 25 62 13 85 49 58 34 83 91 78 50 16 57 65 61 53 47 67 38 17 83 33 0 23 77 92 69 0 31 71 10 66 67 76 3 17 43 14 98 31 25 30 68 7 34 6 65 33 4 48 48 80 11 54 37 70 21 17 14 52 87 50 1 54 90 0 92 45 98 30 75 65 72 70 12 98 40 36 12 53 54 26 93 100 8 74 50 57 50 96 35 20 38 50 91 88 33 52 87 14 29 78 46 94 91 13 49 41 29 91 57 72 3 63 87 3 100 14 15 19 84 91 2 62 99 13 90 76 41 17 48 21 65 15 87 61 40 21 85 23 14 42 87 95 93 63 70 40 21 91 52 53 68 34 69 22 36 99 31 58 51 54 82 48 4 95 93 20 99 93 53 14 72 72 46 10 49 60 70 50 46 49 35 96 24 46 24 23 99 22 81 76 27 71 62 84 56 46 38 33 38 7
69 7 24 16 52 27 66 27 62 24 65 33 6 11 7 42 30 37 60 6 0 78 89 82 84 85 43 23 33 40 72 50 2 28 35 83 99 32 94 24 64 24 41 56 68 32 60 56 64 84 81 49 44 20 88 94 62 54 22 4 51 20 21 97 0 49 62 63 5 63 70 61 42 44 54 96 63 87 74 17 32 44 65 52 16 79 88 8 2 19 60 41 6 25 97 78 41 74 54 60 17 21 2 20 20 84 87 76 23 53 77 7 91 79 83 52 29 11 62 31 17 73 23 86 53 40 26 96 82 43 63 87 27 32 74 92 61 1 96 84 49 79 38 8 57 14 39 71 89 37 44 22 99 74 96 93 7 4 57 54 76 54 5 76 8 95 27 27 8 98 33 95 72 37 17 61 84 73 100 94 69 65 36 56 80 22 90 11 10 82 99 54 90 98 82 65 46 4 37 61 29 97 56 91 34 7 83 8 95 29 40 63 41 83 40 79 66 16 35 12 72 73 75 1 33 91 42 11 72 91 47 23 96 32 93 83 97 69 73 51 73 44 56 72 88 4 80 27 2 95 81 97 46 95 36 60 86 58 55 3 84 77 6 47 39 13 45 83 75 68 75 57 25 6 76 52 10 56 95 30 96 51 72 11 35 99 53 37 11 15 59 53 65 63 74 45 49 91 92 33 40 38 26 30 4 63 91 33 2 27 66 9 46 82 2 91 51 47 22 56 91 81 62 98 42 52 45 28 46 95 53 44 36 32 24 76 78 33 27 5 59 14 57 12 49 5 33 81 72 40 83 19 76 70 48 70 48 82 21 77 81 44 90 29 7 27 91 88 4 19 63 83 62 76 11 42 32 30 85 66 81 100 1 98 49 0 16 26 51 99 12 91 6 18 14 18 21 11 78 57
24 44 11 99 21 49 25 60 100 44 98 53 39 91 7 39 35 83 60 40 38 97 67 0 67 49 25 81 71 100 33 37 58 14 51 47 65 54 99 22 80 39 83 49 47 79 85 87 47 12 31 48 85 57 70 100 92 16 73 91 3 5 46 20 33 25 65 43 7 62 99 35 68 16 18 39 35 41 46 67 41 26 15 14 15 70 52 48 11 40 32 57 22 49 34 39 37 22 17 59 88 79 30 2 44 66 32 27 79 17 36 95 70 14 33 5 23 35 58 29 17 87 99 5 53 59 28 88 39 47 26 14 0 20 75 76 24 70 9 74 1 12 21 11 7 3 58 74 88 6 58 32 62 11 15 82 38 31 49 59 78 32 29 62 10 25 37 10 21 89 59 56 87 92 17 84 9 41 15 5 15 66 90 38 9 73 65 62 9 97 73 31 61 6 41 81 83 82 89 44 71 52 55 63 38 21 54 6 35 11 46 31 65 75 99 0 98 25 4 72 15 20 28 73 48 7 16 82 9 34 3 27 3 45 24 96 46 63 36 87 91 53 54 76 17 85 55 18 10 61 37 5 49 84 23 59 0 96 26 69 88 22 69 58 55 97 83 22 71 90 62 79 68 19 45 5 50 55 9 58 70 12 30 75 32 5 62 93 44 98 39 87 45 79 92 28 15 37 43 41 50 69 98 10 41 63 46 59 23 3 57 21 10 60 58 40 80 81 81 81 88 67 82 86 53 74 56 77 49 66 93 15 52 45 82 66 26 89 89 48 46 81 88 12 85 63 47 69 2 29 48 37 71 59 19 68 82 8 40 53 79 16 44 27 1 43 87 8 16 53 50 8 41 59 60 76 47 8 97 93 94 51 48 37 100 61 55 34 10 57 25 31 56 65 11 90 73 6 88 9
26 55 91 29 94 81 0 72 77 19 38 29 76 36 4 54 86 57 69 13 21 65 90 21 79 89 56 40 53 11 34 26 48 74 95 98 6 28 38 96 90 38 92 15 25 44 36 81 44 98 13 90 68 22 53 35 22 58 92 82 96 58 77 57 64 7 53 53 89 21 78 57 74 74 80 42 76 86 49 74 14 67 81 65 99 2 11 95 19 28 73 53 34 60 14 4 65 62 71 65 49 99 92 28 89 24 14 36 20 27 50 32 17 81 2 53 49 91 57 69 46 66 9 20 49 34 95 16 67 78 8 19 38 23 52 30 92 12 60 4 2 85 71 82 91 77 2 36 32 51 1 73 92 12 6 75 17 95 20 43 60 14 30 34 95 54 45 43 50 18 53 37 78 92 87 77 54 99 95 52 99 53 57 37 21 7 85 90 14 36 83 45 53 79 46 53 45 42 18 51 53 82 78 58 46 63 90 28 58 45 74 46 85 76 32 57 1 50 67 12 45 46 56 96 30 8 52 44 48 98 95 86 6 12 90 39 14 52 76 45 47 89 91 55 23 39 29 17 68 46 75 14 88 56 65 31 98 29 11 69 39 95 41 34 50 20 65 88 93 57 31 82 79 38 76 56 17 43 78 74 1 51 30 42 19 61 84 66 45 88 1 37 86 67 90 69 19 29 39 29 68 60 98 45 94 55 16 81 27 64 97 26 51 7 72 46 6 58 87 34 92 22 1 90 67 8 99 5 24 12 91 25 89 62 15 70 0 11 90 97 52 42 29 6 8 97 60 39 48 77 50 78 1 20 90 77 13 26 18 25 91 46 35 13 34 27 72 97 89 17 44 71 63 55 22 44 64 12 45 55 67 60 64 48 52 25 77 52 38 10 69 27 22 87 39 9 0 33 26 7
21 18 48 25 76 30 63 60 79 50 87 58 90 61 96 25 52 22 46 66 37 63 7 73 90 56 0 2 21 54 86 94 54 1 70 70 52 50 20 55 45 34 47 65 23 55 98 65 47 22 14 78 0 1 79 35 61 77 80 91 37 26 58 46 88 15 32 61 47 10 59 25 49 97 88 79 4 59 23 93 53 33 24 71 67 10 75 56 98 96 18 53 83 1 15 22 99 63 98 79 5 61 46 89 18 10 22 76 26 28 91 92 33 55 74 84 39 83 65 44 3 14 27 14 94 94 0 27 87 34 30 97 6 68 43 41 54 15 69 57 10 80 5 3 51 90 16 75 48 60 75 2 97 11 92 89 14 59 9 89 38 78 8 57 62 100 4 24 89 45 65 86 92 70 54 71 73 90 20 61 91 36 33 9 0 71 52 28 48 35 48 48 78 65 56 91 3 73 80 92 36 88 60 27 77 69 71 44 74 42 46 47 74 89 46 46 28 96 87 9 7 89 15 30 70 57 27 17 38 54 51 65 15 56 85 66 85 69 69 4 31 82 44 96 85 81 16 3 58 80 62 3 21 82 10 85 96 13 0 100 89 19 35 38 86 45 85 66 4 96 37 63 77 92 79 44 52 64 51 88 19 38 15 77 64 31 23 86 25 63 39 47 54 2 35 97 38 11 30 29 80 82 12 65 32 10 76 21 51 30 0 39 62 67 61 82 23 77 62 47 38 14 87 97 44 5 72 22 10 43 52 4 17 3 76 91 8 67 53 52 85 74 12 29 50 77 36 2 93 9 39 99 56 78 10 86 81 86 19 68 65 25 91 49 99 92 76 31 8 63 83 69 79 66 16 33 75 66 64 6 52 51 11 87 79 71 69 70 41 22 69 62 32 13 36 52 28 79 75 77
5 59 9 54 26 10 45 40 1 28 29 3 83 20 23 45 77 90 93 23 9 23 68 95 22 36 13 60 18 34 21 50 70 88 73 29 83 42 24 6 54 63 78 78 63 86 72 0 5 100 64 95 99 28 86 100 52 6 44 13 79 3 13 23 91 49 13 51 44 40 3 37 24 10 61 54 29 80 13 97 68 48 11 53 76 94 54 84 28 36 72 93 71 66 41 18 51 35 53 29 33 29 4 36 93 96 36 10 41 66 80 100 24 67 47 49 23 64 4 74 92 8 92 30 48 95 70 21 68 13 41 43 0 36 50 57 35 19 45 32 85 46 100 64 43 14 97 57 30 57 42 47 89 61 58 1 12 10 5 4 13 2 12 95 47 65 8 38 80 95 77 0 16 54 72 48 96 50 8 38 23 78 22 67 42 0 60 97 56 11 18 9 57 93 75 24 29 72 88 15 27 21 26 22 9 98 39 6 75 26 44 35 73 5 58 15 39 93 59 52 20 10 33 65 17 94 35 80 43 93 25 81 45 46 85 47 96 52 68 86 96 62 23 82 75 79 10 35 22 78 84 50 28 38 88 32 97 59 91 7 93 19 3 44 89 29 68 58 70 8 58 24 56 75 51 25 8 5 52 0 52 82 57 57 50 93 49 41 48 0 80 98 46 30 13 78 80 24 55 68 42 36 38 6 52 67 82 11 15 67 45 6 15 43 56 66 52 82 48 14 40 11 58 97 15 33 72 49 3 59 98 79 99 89 30 27 21 57 22 1 46 57 39 14 58 39 33 93 58 29 36 42 84 79 9 32 78 17 55 67 75 93 45 6 36 79 69 88 2 93 54 5 52 77 66 5 23 9 76 43 5 94 64 32 69 69 63 14 16 53 72 93 65 10 68 84 68 74 21 11
61 77 28 66 60 22 9 71 11 34 73 100 5 79 56 98 93 79 3 51 80 100 93 51 8 29 86 60 75 68 40 91 79 100 37 15 64 84 42 86 38 95 40 78 41 93 65 76 14 36 22 47 34 22 40 99 74 21 63 93 66 2 21 12 4 38 85 100 30 96 79 26 98 12 62 93 87 73 1 45 65 34 54 52 31 1 95 80 94 20 68 23 81 54 70 45 3 57 66 51 94 38 46 71 12 64 15 40 30 72 14 85 39 97 97 41 85 94 14 22 30 1 93 21 99 25 65 44 34 94 88 94 57 48 38 47 35 98 4 0 57 67 83 16 71 33 81 24 86 77 88 87 76 69 4 48 74 16 0 100 22 96 43 27 65 79 21 48 62 27 28 29 44 74 81 33 60 36 42 45 76 64 99 98 100 40 67 86 46 71 35 81 12 83 73 91 3 100 7 62 100 52 87 40 57 95 10 59 93 85 85 12 23 29 66 4 85 41 1 84 14 75 59 62 26 44 55 44 44 51 47 73 11 92 23 41 58 43 44 36 0 52 35 83 49 93 77 10 23 18 76 25 11 64 91 75 4 28 1 62 22 69 31 36 79 83 89 76 20 33 0 8 89 30 82 92 80 14 86 89 26 77 90 72 94 44 7 36 67 68 12 26 29 86 4 69 85 90 0 52 56 56 93 92 17 42 51 90 73 43 74 16 41 38 88 94 100 40 59 18 41 89 32 20 51 48 92 7 99 63 98 7 85 34 88 81 81 93 8 83 50 77 26 9 93 46 98 81 94 74 63 5 63 9 38 46 20 52 65 74 4 22 98 53 31 82 66 89 81 82 57 89 49 48 4 31 38 42 24 13 98 29 11 22 53 2 1 4 75 26 87 39 92 84 8 8 65 24 34 97
95 25 25 46 64 5 91 75 49 41 2 92 56 65 10 71 18 79 56 78 25 55 33 19 27 74 13 41 72 36 56 83 44 44 98 61 8 72 46 37 50 95 51 88 85 66 85 19 69 43 0 41 46 44 25 33 36 96 81 67 45 98 38 33 70 66 52 62 56 60 71 30 90 79 55 0 94 31 90 40 39 88 78 62 35 70 67 44 100 89 26 77 26 25 95 9 86 17 84 3 39 28 93 10 28 80 58 97 26 59 95 44 57 89 45 57 88 84 0 56 57 83 47 84 30 66 60 51 65 94 74 9 75 41 89 97 93 72 100 91 24 16 61 84 80 69 90 28 67 97 68 9 72 4 69 16 38 57 29 25 19 23 100 27 96 41 43 78 12 98 33 84 53 16 25 87 75 32 80 95 42 100 100 45 82 18 31 19 81 16 59 51 71 89 78 45 78 47 86 25 96 1 44 83 68 50 78 1 71 8 8 34 48 77 99 60 53 79 99 8 86 14 29 41 4 73 24 59 31 74 76 96 94 25 16 92 90 52 50 16 49 52 68 38 61 15 15 11 23 91 44 9 88 96 59 90 74 36 52 37 69 23 4 65 94 39 59 75 41 66 97 51 39 96 98 34 5 3 22 94 15 29 65 55 3 79 37 88 3 39 22 85 99 45 87 98 41 67 72 52 96 7 40 1 2 11 12 94 90 50 66 99 95 56 62 94 36 94 8 74 43 76 63 16 43 99 94 26 92 47 24 77 47 76 96 37 89 7 70 84 12 39 52 10 50 93 1 75 79 4 45 71 49 47 89 19 56 3 57 24 70 11 25 61 40 82 54 37 87 43 100 56 42 3 80 61 6 16 47 30 61 24 87 79 5 74 99 62 36 25 82 99 65 71 40 8 85 80 48 24
58 46 97 39 17 11 45 42 73 40 22 93 39 54 11 97 19 48 62 9 31 15 67 86 97 35 17 1 25 66 7 24 30 49 31 98 53 5 24 70 45 14 22 6 6 62 64 67 41 72 14 94 51 65 46 45 82 55 59 27 2 90 84 81 2 50 70 37 2 33 3 0 21 25 77 23 39 47 40 10 64 50 91 21 8 97 31 80 79 88 90 98 55 69 61 3 20 62 18 68 61 57 52 82 95 33 48 7 81 55 67 27 26 85 36 0 55 23 54 91 42 95 35 19 37 36 93 54 36 94 60 53 93 2 76 47 84 82 64 42 73 33 97 73 89 18 46 12 89 87 10 16 80 62 21 96 4 38 99 12 24 3 57 67 22 68 39 45 77 79 84 61 88 92 67 82 79 68 33 7 85 66 4 17 80 55 93 35 99 100 78 85 16 87 53 76 26 3 46 30 26 81 83 38 48 60 58 38 0 95 85 97 48 40 33 24 67 44 64 26 12 29 50 4 11 92 2 41 93 93 69 54 13 53 5 98 37 13 4 90 32 66 81 28 41 14 4 72 93 38 73 50 92 10 24 73 64 59 7 35 44 13 9 88 2 32 25 50 22 15 17 74 15 54 74 94 96 49 5 58 94 93 96 54 83 100 35 40 69 34 90 99 0 16 25 96 97 28 17 23 50 83 14 35 96 94 75 57 96 32 78 45 82 55 43 37 89 58 75 19 68 58 15 64 82 37 82 31 21 50 21 93 67 18 88 58 13 47 19 12 11 81 36 74 64 31 47 13 48 56 66 47 45 75 43 34 12 59 15 59 63 66 80 52 16 67 43 43 5 43 72 82 95 76 2 62 50 81 60 66 51 54 95 87 49 72 86 58 4 82 15 23 32 93 52 1 65 78 74 28
44 9 46 14 2 79 18 80 50 32 31 75 91 100 38 38 95 12 29 55 78 100 91 37 84 76 96 36 90 56 60 39 70 74 46 39 59 28 14 38 83 12 55 15 99 23 82 25 11 70 80 24 88 75 95 45 63 21 4 97 78 96 95 38 11 48 71 31 70 51 90 26 3 52 73 93 42 59 21 23 79 33 41 51 4 39 2 31 73 13 95 21 10 44 100 11 74 37 19 69 72 32 68 13 69 13 60 89 85 59 19 74 89 43 93 60 70 60 18 43 36 71 54 2 25 79 36 42 67 79 32 12 57 26 72 57 17 96 31 9 60 4 33 24 10 55 86 9 86 62 46 30 10 41 21 20 71 49 97 9 10 16 68 91 92 30 90 40 49 75 73 86 22 37 45 37 51 14 86 48 63 75 21 97 19 24 39 56 7 24 63 84 94 11 85 46 74 50 5 97 3 35 90 29 15 24 82 62 7 62 92 8 78 36 84 47 96 73 69 79 10 36 57 76 77 71 28 64 74 67 41 88 70 30 25 8 48 100 41 36 69 76 92 7 54 25 41 76 80 39 46 75 87 17 43 54 92 94 89 49 17 44 30 55 36 70 41 34 39 60 2 19 41 12 56 86 18 82 33 67 80 53 43 51 83 56 23 29 34 75 83 86 11 74 80 25 29 47 24 58 49 42 73 29 32 28 34 76 10 0 79 30 58 4 48 63 76 81 61 86 28 85 65 91 3 11 27 20 56 90 30 12 73 7 78 75 49 3 98 56 62 37 11 92 81 99 77 95 17 62 85 88 50 25 3 6 22 48 19 23 84 19 9 91 74 14 31 86 61 78 79 6 69 85 79 90 30 3 91 92 97 83 43 61 87 0 50 61 20 23 85 59 11 82 58 27 15 78 79 66
37 34 90 13 67 75 22 82 83 5 76 28 40 56 73 98 63 56 14 34 80 31 97 20 42 48 25 13 57 29 40 38 36 16 64 40 62 45 42 81 97 97 36 45 54 45 30 85 99 0 55 83 5 21 21 56 61 68 52 65 39 47 73 34 56 3 66 94 70 34 63 4 61 23 43 27 28 75 67 7 24 9 58 47 90 21 100 29 67 2 45 30 21 75 3 72 67 61 39 99 74 76 85 19 11 49 54 100 19 50 6 81 46 32 5 83 57 72 66 42 39 61 56 49 28 24 19 34 74 90 42 0 15 77 81 31 22 60 45 39 48 99 4 26 4 84 96 90 92 28 22 4 78 41 19 78 80 81 92 76 36 16 54 73 4 85 98 69 89 81 81 28 51 100 80 2 49 19 92 81 12 44 36 98 73 7 61 61 50 87 3 76 78 71 67 78 89 46 66 56 53 55 66 70 87 63 52 43 90 4 62 11 9 1 12 60 73 30 59 81 24 60 68 37 75 84 92 52 100 8 40 47 96 54 32 45 21 91 27 94 67 22 82 84 41 7 81 81 23 62 3 4 2 43 47 39 50 41 61 94 91 19 7 58 51 24 85 21 11 34 44 50 80 31 73 29 77 85 73 98 76 28 47 56 21 83 47 13 15 26 32 26 1 98 40 98 20 2 13 67 93 22 45 47 88 0 60 1 66 41 37 59 86 14 99 1 79 92 77 23 16 93 88 38 64 34 76 26 42 53 33 84 76 5 47 13 46 26 76 72 2 40 69 17 17 97 52 21 83 45 40 71 41 52 100 3 44 69 12 27 33 19 16 93 82 79 79 25 60 86 80 67 81 72 89 21 53 84 83 64 24 84 24 34 71 31 85 3 35 89 78 21 70 76 92 26 84 20 73 7
65 60 52 84 98 6 56 38 18 19 100 4 38 58 17 57 92 7 31 47 98 90 10 54 65 9 92 2 66 8 26 68 86 0 71 30 29 89 94 70 66 12 33 33 45 46 100 59 47 38 13 92 48 74 51 45 38 92 73 98 19 53 10 0 51 54 7 1 54 10 89 26 41 99 37 86 69 12 91 81 38 60 87 91 35 13 55 29 82 23 3 17 56 34 78 19 3 50 57 94 3 65 40 38 94 35 1 1 9 68 68 45 84 18 53 59 4 98 79 81 77 95 61 53 44 47 47 38 77 73 24 93 47 50 4 94 38 100 77 71 58 83 8 93 50 80 81 44 84 64 61 59 80 56 33 2 42 80 40 78 77 95 56 21 38 94 3 31 94 44 89 3 31 93 27 14 95 4 81 99 82 9 62 52 62 3 2 18 57 63 71 84 82 1 52 65 26 11 59 49 93 60 59 7 8 72 13 69 49 12 94 67 58 97 56 64 76 35 24 97 21 99 8 37 28 75 87 15 98 1 97 65 28 90 7 80 47 3 74 83 52 70 14 76 7 53 90 42 7 59 25 62 88 69 3 36 60 20 25 14 34 49 22 94 20 73 21 47 100 74 82 86 24 99 43 74 92 59 17 14 53 44 26 30 47 88 43 4 96 88 20 85 61 36 25 70 71 17 12 90 36 17 28 36 32 31 35 71 12 61 57 48 75 83 89 88 78 69 53 60 31 98 91 56 88 57 75 49 42 0 53 26 89 65 68 27 52 94 31 98 5 6 73 26 15 66 54 8 87 97 91 31 67 11 80 98 83 96 36 38 10 53 42 50 7 11 31 19 35 53 71 43 59 61 49 69 65 95 11 0 22 80 60 34 63 88 21 20 31 78 72 52 11 99 34 15 16 32 21 58
77 31 5 76 17 45 54 26 94 46 16 19 93 16 89 16 91 64 7 80 2 20 52 61 32 3 99 98 73 42 83 32 0 69 17 12 91 76 14 48 4 20 87 55 91 88 66 21 66 55 19 1 37 14 73 5 30 52 9 99 99 6 14 3 7 42 43 56 98 76 19 79 74 68 69 35 86 79 1 63 58 86 35 21 84 85 83 51 68 64 3 44 43 33 53 77 70 61 77 56 65 23 24 9 4 41 50 37 14 82 2 10 75 77 53 64 75 53 71 52 51 25 92 58 8 59 50 16 23 71 84 49 76 49 31 50 81 87 52 67 55 95 86 10 50 1 71 36 0 2 57 8 34 16 81 3 84 24 68 45 46 27 13 59 62 18 96 85 48 59 9 2 72 39 18 31 53 78 4 31 86 55 2 65 33 77 93 38 60 97 39 81 5 27 52 60 30 24 88 38 54 68 7 27 41 43 62 36 70 59 35 26 63 73 47 76 10 0 42 25 90 52 57 38 36 43 54 92 2 40 19 77 94 30 10 97 94 61 22 29 36 48 81 53 47 38 83 46 16 94 28 75 62 69 20 92 2 55 45 13 59 63 44 37 44 6 8 75 62 27 25 51 1 51 80 77 32 65 8 52 28 57 83 17 90 28 8 8 19 40 25 26 41 62 97 74 73 87 49 39 0 20 24 76 100 53 7 9 92 66 45 12 3 69 52 14 55 38 30 27 80 72 27 89 70 23 20 50 27 10 67 52 62 47 68 82 72 89 79 96 84 73 31 85 32 100 68 91 70 33 0 79 63 9 70 12 35 89 13 85 17 76 90 8 36 21 80 69 76 64 7 74 71 88 18 40 45 83 81 100 12 87 38 29 18 67 72 0 96 24 10 25 0 45 78 21 20 24 43 24
51 32 47 17 2 77 34 82 96 48 51 14 28 26 35 62 37 60 58 52 48 5 92 21 80 90 47 3 22 46 52 89 21 13 44 81 72 24 69 3 51 95 79 63 6 85 97 54 78 73 83 20 48 34 68 97 60 90 81 72 25 28 56 40 30 42 76 46 14 13 52 15 4 43 25 99 21 57 57 95 11 99 4 16 31 97 13 95 18 35 13 90 100 43 12 65 48 80 53 32 21 14 26 5 10 69 20 91 37 64 37 47 93 93 26 44 46 17 87 43 14 64 82 29 68 39 24 96 51 17 0 78 4 27 50 62 57 47 7 97 17 49 6 64 16 82 0 100 87 30 21 56 2 75 66 10 69 73 41 2 53 90 66 35 11 3 63 38 68 9 20 49 29 83 21 44 99 69 13 13 2 9 37 7 4 1 50 55 63 4 74 82 96 32 85 64 1 69 99 42 16 35 52 1 72 96 29 40 43 62 25 3 39 86 1 24 5 98 45 98 29 39 89 86 56 32 66 98 56 51 49 81 26 58 10 75 28 78 18 31 55 96 94 20 39 64 72 25 45 76 100 79 84 1 61 77 54 51 86 31 57 71 5 34 100 78 73 27 16 41 77 17 29 36 52 74 90 50 30 56 16 18 87 44 95 65 42 16 88 14 46 29 4 11 71 24 93 31 56 36 85 86 89 30 90 55 68 76 57 2 57 34 59 23 2 31 75 47 60 91 48 39 45 6 79 69 1 33 84 71 40 93 74 51 51 6 20 53 48 40 51 40 60 60 68 98 67 25 18 99 74 62 28 93 47 83 47 96 1 69 79 20 59 56 47 40 89 36 82 57 33 0 30 94 21 92 88 21 46 66 32 29 49 87 52 83 41 62 29 74 67 1 89 16 25 18 14 15 76 31
98 87 82 88 29 39 90 74 42 17 38 88 91 37 85 57 55 21 38 10 28 90 40 66 99 80 33 3 93 67 16 1 46 70 59 10 31 11 30 47 75 65 50 10 89 18 91 17 64 70 37 59 63 9 77 21 27 64 11 1 69 67 91 79 87 48 33 52 86 20 73 95 25 64 85 56 23 86 83 17 51 13 10 70 80 99 40 68 96 71 79 34 75 70 3 92 85 44 28 58 81 58 69 69 21 49 78 31 29 36 73 35 48 78 86 74 65 49 76 22 23 88 53 61 57 46 3 47 46 81 10 31 70 70 57 95 83 89 1 6 80 79 73 70 98 0 53 9 39 77 24 20 66 21 29 18 90 19 0 13 28 40 70 14 74 18 28 97 5 63 59 70 88 50 11 58 13 22 15 100 16 61 42 40 62 78 16 63 58 13 78 96 93 50 62 14 85 88 45 28 93 25 35 16 39 26 62 31 97 9 35 94 23 55 52 61 40 40 83 33 41 85 40 77 57 4 71 19 12 13 69 89 5 66 75 48 13 85 60 56 87 72 25 62 88 75 25 100 76 63 54 40 62 52 95 46 61 96 56 13 4 94 60 13 57 5 88 4 54 16 23 15 21 81 68 95 8 69 73 57 18 50 54 50 84 28 73 52 11 98 97 84 28 6 55 73 37 8 4 5 33 76 97 4 9 79 78 30 40 22 36 15 2 29 53 8 76 7 22 48 80 57 24 11 74 71 85 62 12 42 90 21 10 30 66 73 2 59 21 87 11 20 97 80 47 65 31 65 19 57 34 35 68 60 43 46 78 22 11 98 10 26 53 71 81 19 79 75 23 97 83 6 61 25 63 14 37 27 6 71 54 19 19 55 6 26 96 62 17 18 31 45 73 62 35 8 46 91 99 59
40 24 8 66 36 35 13 37 40 46 69 66 71 52 17 94 76 50 63 58 66 62 26 85 86 12 25 53 98 72 57 1 61 26 21 7 63 84 47 96 87 47 100 98 22 21 30 75 78 15 12 30 91 61 70 57 87 59 13 62 27 29 76 39 85 69 82 65 68 44 35 68 27 17 49 86 61 83 92 40 36 91 51 65 68 94 84 84 22 31 80 26 62 83 76 2 7 16 62 92 88 27 45 62 77 52 47 6 61 34 90 34 76 40 100 8 29 87 94 13 60 67 93 9 9 77 5 19 45 63 57 50 100 42 86 75 99 0 69 41 41 8 59 67 76 92 91 82 72 78 61 31 74 90 97 69 16 86 56 100 12 51 3 100 94 43 86 54 23 83 15 37 9 54 98 15 68 76 74 14 20 19 82 100 93 31 55 14 8 6 42 87 51 41 77 18 43 51 55 7 23 97 95 33 100 64 81 29 40 19 70 37 82 63 78 16 3 76 77 80 96 8 81 34 18 93 60 21 19 51 94 12 52 11 82 40 15 45 73 25 67 12 95 39 54 63 83 19 82 55 70 86 73 55 50 15 56 37 83 80 11 22 8 96 42 90 81 53 80 87 19 99 15 17 81 83 99 16 100 40 44 48 62 82 22 90 98 94 77 26 17 48 45 66 97 86 5 10 10 50 74 75 2 60 23 27 93 60 74 92 97 17 91 92 92 44 32 26 21 58 98 86 97 56 53 100 25 85 39 99 72 77 67 24 1 82 15 13 70 79 30 6 64 47 48 73 35 91 14 39 48 22 88 62 77 13 81 80 23 66 17 81 27 95 14 65 27 14 37 81 81 13 94 87 24 17 62 95 99 23 4 60 50 79 69 91 93 12 28 45 88 1 96 18 18 41 49 29 43 4
43 23 99 26 96 14 65 27 61 73 55 85 11 49 10 25 37 27 18 1 51 4 35 8 46 49 44 1 8 32 19 39 36 97 39 49 63 53 39 86 71 83 79 31 95 36 17 48 80 5 62 94 91 53 91 89 84 42 22 28 71 60 1 2 66 18 87 83 2 99 88 56 15 68 52 16 20 4 76 55 48 44 22 60 7 69 28 86 31 22 51 40 77 52 94 62 94 7 54 93 52 94 30 25 59 46 75 7 66 91 86 51 30 76 40 56 99 4 7 22 98 11 14 34 24 68 81 16 16 45 13 81 61 85 86 4 71 84 14 27 37 59 55 20 54 38 53 5 87 44 99 57 71 77 44 58 63 43 39 33 61 11 43 22 47 36 12 100 55 83 6 60 77 7 12 38 62 64 38 71 38 61 94 9 95 27 81 81 58 65 14 68 62 58 52 69 47 2 44 27 11 63 47 42 32 30 4 16 85 63 31 14 72 100 25 60 67 57 4 72 73 93 97 99 78 60 31 3 80 74 12 28 33 99 75 67 63 47 13 51 0 44 7 15 96 50 82 10 64 85 53 100 76 72 63 81 27 49 96 56 38 61 53 43 47 70 34 50 82 18 28 14 11 93 49 96 28 55 39 9 58 1 77 72 42 70 64 54 28 26 73 50 70 73 14 90 35 60 49 51 5 49 8 67 27 10 10 97 83 67 81 30 92 52 8 43 70 15 3 24 38 84 15 65 12 51 27 35 15 43 23 19 64 38 65 1 22 71 1 72 87 67 21 56 88 9 2 39 56 37 20 43 16 86 75 44 79 97 66 65 92 15 17 88 76 33 89 21 80 20 37 84 62 50 74 79 9 77 11 90 76 5 2 76 58 74 31 41 88 0 94 83 45 18 32 71 68 28 53 46
82 54 23 40 58 100 20 80 36 91 60 60 40 4 78 68 29 46 28 78 14 48 35 39 99 55 34 6 17 6 20 43 7 1 22 61 88 6 16 70 13 73 45 86 19 44 53 34 34 95 91 93 33 30 13 0 93 75 61 41 70 2 42 73 51 35 20 70 41 32 59 25 94 95 24 2 9 23 16 61 25 59 70 38 8 91 57 30 73 31 50 1 42 5 53 79 15 72 51 60 86 62 40 64 62 79 51 47 56 94 41 21 59 54 80 32 5 14 1 48 75 28 57 36 70 1 87 50 90 56 80 84 96 22 62 4 29 96 48 7 37 49 46 97 19 22 61 32 18 63 61 21 61 99 44 49 18 6 73 68 94 66 12 56 57 78 14 28 38 96 16 3 52 52 87 51 9 48 46 88 59 0 51 8 5 88 73 33 91 45 52 87 79 15 1 63 68 43 100 84 17 5 23 46 22 79 48 18 26 15 45 94 11 25 32 64 58 67 28 59 89 36 79 33 100 12 65 40 26 43 69 19 53 56 24 30 54 67 0 74 10 95 11 46 28 73 97 32 34 29 88 66 9 47 3 28 33 26 16 22 0 2 20 1 80 94 63 30 27 69 97 81 94 71 80 3 22 51 84 13 11 59 60 61 91 65 49 100 43 37 13 22 74 4 40 82 15 23 61 54 39 85 75 8 60 5 19 64 90 83 35 54 61 32 40 23 99 70 63 50 20 7 64 78 27 47 39 31 54 82 33 91 42 21 48 59 87 38 22 92 45 85 82 28 8 44 54 38 12 95 52 16 51 34 33 80 1 4 16 67 50 100 70 8 88 44 36 5 58 86 18 49 33 73 90 75 91 37 35 36 53 96 81 25 4 39 55 11 35 83 45 81 69 38 27 93 9 2 11 6
97 16 48 82 15 15 26 87 92 15 97 39 60 57 10 32 35 70 48 51 48 81 76 46 3 63 14 21 20 29 97 12 46 99 30 100 4 37 77 20 93 47 56 95 2 38 47 34 43 16 15 37 49 91 2 5 58 30 70 53 73 29 62 88 1 70 56 84 14 26 16 46 25 34 80 26 4 9 12 34 86 10 60 25 76 28 40 18 78 63 52 85 12 63 94 45 51 52 88 85 49 88 17 73 12 69 93 7 46 74 100 81 16 75 36 86 12 60 85 8 34 59 67 99 43 29 61 74 26 43 88 75 69 3 13 89 11 96 37 66 66 67 5 28 75 32 44 91 68 68 74 44 77 63 83 40 22 24 61 75 71 65 18 29 27 78 14 71 14 78 81 59 23 58 67 48 35 26 77 10 88 69 92 57 64 89 89 14 87 61 20 56 81 3 80 97 43 96 24 68 13 49 22 51 70 24 53 44 33 51 91 25 88 35 15 48 51 34 63 64 20 73 7 0 30 67 7 57 100 60 76 66 5 56 99 83 27 51 67 97 91 13 74 48 19 39 63 8 13 57 85 89 29 86 57 86 1 25 14 17 88 100 10 64 77 43 86 46 26 20 47 26 64 98 4 66 38 20 51 32 32 61 85 67 1 75 8 22 87 75 74 95 10 29 43 78 51 38 32 12 32 48 28 20 99 43 82 4 33 77 84 72 16 57 68 76 86 97 42 23 39 66 85 43 6 38 5 29 11 65 95 21 16 43 4 63 66 100 0 52 93 70 53 11 11 28 20 91 43 77 62 29 70 56 1 32 50 30 14 63 91 78 71 69 66 25 53 52 24 32 77 86 92 74 23 90 2 15 93 83 48 2 32 20 12 31 1 99 21 81 51 50 44 29 48 41 85 70 64 78
68 21 94 61 92 32 33 58 90 23 63 14 16 81 26 54 67 69 20 84 90 77 60 92 42 42 26 58 62 17 41 23 22 82 3 84 20 80 22 18 51 87 30 71 43 99 70 13 21 53 80 94 35 98 12 83 91 7 20 40 42 74 64 22 98 32 28 94 39 75 28 24 100 32 97 97 14 81 8 43 34 63 60 99 65 25 4 57 39 46 85 77 40 61 29 86 93 21 84 85 67 24 62 4 33 27 95 27 66 20 78 8 79 42 22 51 52 18 65 77 35 51 84 41 56 79 80 70 62 15 72 32 50 23 22 82 41 36 89 6 76 12 19 52 31 11 66 55 76 85 94 72 97 90 17 15 74 78 42 75 7 28 55 46 7 81 67 7 75 57 79 82 39 12 50 38 64 100 68 80 89 45 96 70 80 17 7 9 29 83 85 3 18 68 38 2 10 79 90 18 25 18 51 57 74 2 78 74 66 99 0 48 25 75 29 3 64 59 65 48 91 65 33 58 100 39 82 11 95 73 49 22 40 11 52 94 2 45 63 9 42 6 66 36 35 64 35 26 85 31 3 84 74 59 72 17 39 85 95 63 18 65 2 53 17 11 13 44 82 85 72 93 46 79 11 35 65 85 0 18 9 91 22 82 55 78 59 91 59 1 38 38 0 66 71 61 5 55 66 64 37 6 100 41 14 49 28 76 23 32 7 33 23 50 18 87 92 91 50 6 85 58 51 9 70 82 39 43 27 93 31 26 51 66 38 77 19 84 88 94 53 13 4 95 13 78 42 86 90 100 82 44 45 0 73 48 26 51 82 11 63 70 46 17 48 42 1 99 31 60 95 77 94 4 5 89 96 74 30 55 76 3 91 48 99 54 53 18 8 28 83 37 88 15 21 80 61 20 44 81
16 42 78 14 56 35 4 72 6 21 76 53 60 76 57 91 37 6 29 76 22 48 83 48 84 46 14 77 33 27 20 14 57 55 71 23 45 40 20 29 60 23 4 0 55 30 60 7 10 0 23 55 85 62 93 87 77 39 76 9 26 78 95 34 89 31 100 11 30 56 53 7 35 19 12 64 35 5 67 100 33 69 43 91 51 57 30 80 89 71 93 23 3 48 70 27 87 29 32 88 9 2 61 57 25 50 74 24 84 5 95 22 100 86 35 76 44 46 2 24 59 64 40 43 23 12 38 56 5 54 55 56 98 8 13 21 75 20 85 99 80 1 45 96 21 80 0 35 37 8 25 12 53 26 96 2 61 54 66 27 10 72 67 73 39 31 57 34 61 81 82 59 7 66 27 31 38 69 34 87 83 4 89 90 92 45 97 31 20 10 11 11 69 92 95 18 49 79 69 83 10 34 49 75 93 24 81 17 58 65 82 54 51 77 84 22 41 46 90 26 71 14 20 92 83 88 82 86 13 58 72 45 90 72 54 60 99 37 99 66 8 34 45 44 88 47 78 45 5 99 9 34 21 61 14 43 73 83 90 86 34 66 16 86 83 68 70 95 17 11 95 23 70 32 3 37 85 70 73 4 9 8 77 96 30 58 40 31 61 76 21 68 46 0 86 91 49 71 81 100 96 76 67 65 70 50 62 79 57 94 27 44 38 69 50 54 7 97 29 39 65 97 81 97 17 15 23 61 100 26 64 47 15 75 76 48 43 84 26 65 14 38 35 73 19 12 48 86 78 86 51 60 87 94 30 77 25 26 100 54 50 33 79 70 86 39 26 91 99 91 54 46 24 13 1 28 89 28 68 7 86 38 25 44 52 97 20 22 21 91 14 29 70 35 77 2 58 23 74 7
62 36 44 33 75 25 4 23 99 4 31 93 4 7 64 98 36 28 52 28 34 23 1 72 95 38 89 62 35 9 91 44 7 10 11 59 51 8 29 61 35 91 64 70 84 28 0 67 21 96 56 70 10 31 28 58 30 38 49 90 21 42 90 9 33 68 76 71 93 68 64 36 32 59 8 11 74 92 3 95 83 1 59 28 15 0 54 31 11 37 0 21 38 2 47 1 46 56 14 33 27 19 95 27 0 69 32 81 4 80 26 98 34 80 21 96 36 29 32 77 39 62 43 15 40 31 90 15 54 91 3 91 6 91 31 96 38 80 79 43 25 27 85 10 19 13 19 92 67 14 61 2 33 98 77 69 28 15 14 61 21 75 42 96 22 16 3 12 66 31 16 71 34 95 72 34 30 97 87 96 97 100 7 27 47 59 59 41 65 73 88 22 17 52 38 38 89 98 6 84 94 52 19 56 40 76 36 87 100 8 46 41 82 27 51 99 55 66 15 34 52 22 38 28 5 54 90 8 3 77 81 1 96 47 86 88 32 40 4 26 48 57 34 3 94 12 16 23 90 26 1 70 79 5 22 65 47 79 84 17 72 10 13 91 90 48 85 32 80 5 94 65 71 88 13 79 31 93 68 79 62 14 34 69 31 68 72 63 100 6 43 97 35 56 51 40 12 29 95 77 93 89 20 61 82 57 94 56 20 27 20 66 42 86 80 79 27 59 38 14 35 33 32 42 15 5 36 57 10 51 30 97 25 36 18 70 21 15 48 31 1 13 41 54 56 48 40 13 83 64 32 37 63 43 35 80 14 66 67 25 65 73 18 67 35 83 6 94 52 54 23 63 81 19 57 29 9 39 24 31 49 46 6 74 0 54 79 35 67 3 46 5 79 58 37 39 56 86 74 19
48 82 46 34 13 38 79 68 88 42 21 3 39 92 68 30 96 84 34 59 54 35 3 42 4 36 82 15 60 48 25 98 36 35 64 68 33 31 63 15 51 96 49 11 76 17 18 79 94 74 50 28 77 43 97 30 67 6 52 84 20 92 76 30 21 52 74 44 50 72 50 20 32 72 73 68 46 28 93 10 11 2 1 73 45 90 83 51 43 24 99 80 27 89 47 75 74 70 85 21 96 79 64 100 19 43 57 9 93 76 26 14 9 30 53 81 81 78 6 81 33 8 78 71 25 75 53 55 66 86 65 84 33 20 83 50 13 72 0 71 86 2 2 40 57 87 40 47 50 22 49 24 75 61 72 11 59 20 65 43 79 17 80 34 51 89 21 29 56 7 10 62 51 82 13 25 96 64 29 61 27 47 45 15 9 95 42 40 89 50 91 56 11 96 89 95 64 75 18 57 39 74 85 38 24 89 37 39 40 45 27 0 78 55 44 7 52 45 13 45 82 6 76 98 99 99 64 22 36 12 12 22 76 99 28 3 57 51 72 59 55 98 71 79 35 76 66 62 2 17 43 54 58 90 65 67 85 29 100 9 75 61 79 65 43 21 3 55 24 31 38 7 86 11 30 43 57 63 29 9 2 67 10 54 97 5 91 93 67 78 43 51 95 95 33 0 23 84 78 8 20 100 45 100 79 14 85 34 3 52 39 95 74 77 67 31 96 33 97 48 39 23 0 11 74 19 78 2 38 65 3 51 55 74 38 35 8 32 96 82 61 29 40 41 6 69 55 8 33 60 74 45 61 86 25 18 43 60 62 28 42 90 36 83 84 75 15 83 100 9 39 14 34 50 80 0 24 51 72 0 68 65 44 53 58 53 25 21 100 53 44 3 62 69 37 99 45 89 34 7
4 28 37 59 0 42 17 85 78 59 36 81 6 27 21 28 29 7 93 17 41 100 81 6 56 74 84 86 77 93 99 53 98 70 8 26 14 55 70 72 96 62 24 97 48 27 31 82 32 40 64 69 33 16 64 80 48 61 30 43 28 69 3 11 27 46 54 58 18 70 18 50 58 3 88 38 60 2 2 37 8 14 8 85 18 76 57 78 62 86 39 26 81 48 29 70 61 54 95 4 87 35 77 75 84 30 48 43 7 70 25 99 18 83 93 58 99 57 10 48 41 92 12 97 37 72 71 82 65 62 12 10 46 1 93 16 45 42 77 96 92 27 81 63 85 64 36 76 77 97 11 47 84 86 42 7 50 4 96 10 9 35 100 17 86 4 29 21 77 32 15 55 78 37 97 55 8 87 64 73 20 97 72 15 54 28 55 64 53 86 27 75 42 49 66 12 59 31 92 73 17 20 16 59 22 42 42 38 32 37 14 64 27 59 57 78 48 45 46 96 33 32 32 75 22 11 45 23 61 17 12 8 5 85 75 75 53 58 55 15 22 54 91 62 89 55 83 47 87 44 74 94 2 39 82 62 32 18 90 97 40 27 17 38 48 10 83 76 45 36 10 15 37 30 49 12 44 8 19 82 50 10 93 53 16 43 19 71 72 24 89 51 72 82 76 54 13 67 68 12 9 4 78 64 47 76 12 89 54 45 63 13 62 9 85 60 27 4 28 38 46 1 91 48 16 59 80 53 37 4 92 96 87 18 98 30 95 95 43 49 15 14 58 66 93 70 9 80 7 3 9 4 95 79 71 90 16 11 6 58 41 10 59 65 27 85 80 35 94 88 42 93 74 32 55 43 72 28 41 28 5 22 91 39 51 57 77 50 9 8 64 91 38 52 42 88 94 91 73 17
29 40 75 47 57 91 47 73 65 14 47 15 13 18 41 3 64 23 62 34 15 76 96 60 96 36 13 99 43 58 11 60 17 18 72 53 1 5 26 26 46 10 55 1 76 12 13 46 5 23 36 36 10 9 50 86 13 5 0 22 30 47 67 4 42 83 0 46 87 48 71 86 82 55 69 54 6 36 21 91 97 92 62 43 28 70 33 20 53 40 89 92 28 72 59 6 6 4 7 39 64 58 96 78 100 88 75 13 95 2 79 85 39 36 5 93 61 47 75 57 69 52 76 64 60 71 50 13 51 44 87 50 71 39 0 51 57 6 2 41 30 90 79 75 8 52 86 47 64 23 78 24 37 75 13 69 0 71 46 70 1 59 29 91 21 23 26 77 55 77 47 46 3 26 25 91 55 70 30 43 81 43 51 62 40 100 68 10 84 16 41 8 45 57 54 83 51 83 63 67 63 80 49 2 71 45 64 20 88 90 91 3 76 32 39 82 91 38 52 64 40 67 73 59 11 60 52 78 87 74 69 38 84 90 75 60 26 77 18 69 66 40 24 2 19 86 45 49 52 29 43 7 21 51 23 62 99 26 30 71 78 19 47 55 19 30 30 75 67 73 27 8 8 73 43 46 34 36 94 50 26 4 11 32 32 25 30 8 99 10 23 65 69 94 66 23 43 62 72 32 20 73 51 61 98 93 37 54 5 63 84 95 12 13 34 53 44 54 63 95 4 95 8 19 65 46 6 95 2 48 38 47 35 28 91 88 87 15 39 21 81 42 3 41 66 3 94 72 73 87 7 0 66 88 12 33 67 67 15 29 97 75 2 77 32 56 40 50 9 2 7 79 61 71 23 41 39 26 24 4 39 1 65 45 42 49 90 69 10 53 59 12 31 64 25 53 39 80 78 40
45 99 90 8 38 54 39 26 74 21 42 88 60 50 53 33 96 43 50 8 28 24 65 21 19 80 43 18 14 62 29 31 73 30 37 93 59 98 72 54 14 94 58 79 20 46 41 75 46 19 86 61 90 16 58 28 34 30 32 70 66 6 81 78 11 49 16 62 94 58 8 49 55 31 23 82 19 41 9 94 84 19 67 36 81 50 0 79 0 3 31 51 22 71 98 61 87 0 55 6 63 72 69 52 18 70 92 3 33 27 23 68 34 50 56 95 27 38 19 99 21 29 24 87 88 0 20 84 43 69 18 19 77 4 93 2 13 45 50 59 27 14 18 22 66 36 37 46 32 45 55 51 22 14 0 55 48 96 66 21 60 62 0 31 100 90 34 27 71 56 40 40 28 56 94 48 4 40 34 91 29 74 76 42 70 39 69 4 41 70 54 11 69 90 38 10 11 14 62 45 23 60 82 7 2 58 30 77 57 44 84 41 91 37 32 84 33 73 87 89 0 34 13 8 13 24 93 50 33 27 65 80 60 45 100 19 9 17 91 37 73 76 51 81 73 74 94 66 99 9 62 98 27 78 50 57 25 15 94 13 37 90 72 99 80 20 67 78 88 47 1 64 79 86 93 10 28 92 22 14 60 41 47 58 90 2 40 69 88 83 63 99 54 34 97 76 7 18 78 81 17 97 6 51 64 100 8 18 28 5 60 28 73 62 83 87 1 98 1 23 78 9 26 60 79 98 33 14 27 31 97 95 17 46 89 99 73 69 64 53 59 79 81 45 76 32 72 4 57 87 0 83 24 25 53 56 2 31 99 99 80 84 30 21 92 12 13 34 15 69 18 17 12 78 57 45 80 41 83 2 35 48 90 20 9 24 63 8 79 71 44 48 46 44 59 91 22 35 11 85
33 71 19 63 7 61 65 22 89 59 41 83 1 98 91 40 27 6 51 82 69 26 38 16 30 15 96 64 57 3 98 25 70 70 60 12 1 97 16 71 55 62 38 78 66 62 43 43 45 58 38 15 45 8 4 44 19 71 5 34 40 34 50 84 92 64 96 22 8 76 96 78 27 51 40 71 31 83 25 4 64 45 73 79 60 0 65 58 13 40 92 19 31 13 67 95 28 24 93 25 24 2 97 99 98 92 14 6 35 44 95 96 9 9 81 28 49 10 18 81 0 14 62 73 66 3 65 98 67 45 78 5 57 50 80 61 8 99 3 62 62 86 100 36 70 14 4 98 68 65 42 91 82 70 20 5 59 37 47 69 53 18 73 22 72 19 95 62 52 94 9 70 64 59 41 82 26 62 18 100 61 97 90 26 80 16 46 78 71 87 87 91 46 62 96 17 11 5 84 100 94 12 45 7 77 93 34 71 6 32 10 19 8 18 16 69 29 11 58 94 61 44 39 93 86 19 100 44 90 50 58 53 55 36 25 19 3 59 26 22 29 67 45 97 90 17 72 34 32 46 60 93 0 23 15 51 50 15 98 31 17 68 92 65 62 74 73 6 19 49 57 42 38 91 21 43 0 48 90 15 64 6 74 59 26 43 65 92 43 51 36 60 37 23 83 44 9 92 28 100 91 3 95 83 46 3 8 38 95 56 5 62 0 99 27 23 68 23 93 39 34 46 96 62 18 89 75 75 64 61 21 76 79 55 61 80 3 38 26 84 92 60 8 85 8 7 5 62 44 87 80 65 34 56 44 69 52 84 49 72 11 80 47 51 17 73 42 78 50 17 9 27 41 86 29 64 91 73 53 57 49 47 13 73 1 12 68 33 16 13 72 20 75 37 71 40 90 75 0 3
95 57 42 77 10 76 26 55 50 81 41 84 43 26 63 7 19 10 55 64 78 72 100 43 68 79 31 41 82 54 7 24 1 91 100 77 97 84 86 63 19 6 52 2 45 75 45 72 74 28 31 16 86 49 54 71 98 97 4 41 32 15 37 38 23 39 20 29 31 73 5 81 58 6 58 70 95 22 18 22 98 38 72 34 32 72 73 9 6 87 53 9 62 0 18 76 31 19 52 72 54 13 24 16 40 97 14 24 24 69 99 51 35 62 46 37 85 43 51 0 51 92 22 34 86 41 20 35 36 22 9 94 88 65 54 55 92 94 82 46 0 95 90 52 1 98 28 52 18 98 31 13 71 73 21 67 63 85 55 89 75 53 70 83 27 0 20 44 94 22 14 1 31 95 28 20 60 64 75 61 92 46 98 60 98 99 67 46 55 75 39 52 5 39 66 1 11 49 32 12 79 44 12 42 90 40 58 84 21 41 72 49 52 58 87 35 51 80 44 89 7 18 8 8 99 87 25 86 51 93 12 5 82 88 44 12 97 68 37 98 20 84 93 44 74 36 27 27 57 60 40 11 65 65 47 98 61 51 27 94 44 65 22 56 71 18 31 29 14 49 83 62 74 31 25 72 64 15 0 85 10 3 62 38 86 68 12 85 27 70 20 79 81 79 60 15 41 65 93 10 72 84 86 62 5 53 9 20 66 34 98 2 12 1 42 80 38 73 41 99 15 60 12 98 23 66 96 57 0 82 83 86 86 13 37 45 5 100 72 16 15 70 58 68 62 26 19 23 34 52 69 69 60 15 54 39 50 76 70 2 58 57 3 72 81 96 27 24 94 11 85 84 100 41 6 97 9 27 28 99 64 99 74 36 86 93 86 8 31 70 6 85 34 23 5 70 35 18 92 96
23 78 69 70 77 26 68 22 49 30 38 61 68 93 5 87 73 61 100 77 76 88 15 55 4 7 66 76 68 9 84 95 46 67 77 88 24 49 1 16 63 30 42 99 21 1 8 79 0 68 88 49 64 49 1 63 10 54 41 9 3 13 100 3 40 69 23 96 11 56 26 77 42 27 16 59 48 80 26 47 76 25 97 60 36 94 56 3 81 35 14 21 71 94 53 91 62 25 45 29 38 95 8 97 62 5 41 85 1 28 2 29 62 50 80 44 98 12 87 98 38 20 2 32 79 0 57 3 93 83 42 62 97 30 86 72 37 3 9 23 61 31 15 95 14 50 11 97 1 33 90 56 95 89 96 16 31 21 29 2 51 69 16 7 78 4 63 57 61 61 13 52 92 2 74 45 1 38 4 3 21 98 63 3 41 6 8 54 93 29 65 11 37 47 88 69 59 22 75 26 70 40 96 44 1 53 83 96 77 44 60 80 43 57 87 69 38 65 28 48 9 17 45 80 59 42 73 53 40 28 50 89 15 93 75 74 94 0 43 85 45 45 4 10 23 49 4 62 49 78 49 81 90 48 62 50 54 40 43 62 61 32 84 99 36 71 81 94 54 82 99 79 65 29 26 6 53 26 94 64 68 6 57 18 18 91 55 59 98 92 66 20 33 31 27 89 14 98 65 73 70 22 100 53 31 24 64 7 48 66 66 89 23 13 40 62 49 64 42 11 34 28 85 62 6 24 60 76 57 25 79 16 23 60 36 79 38 69 32 80 4 8 69 30 61 2 65 96 17 41 39 80 57 53 79 92 14 33 41 84 32 5 50 20 9 13 24 11 77 77 41 99 2 6 57 27 3 25 15 81 61 88 93 0 0 44 11 83 27 24 5 55 47 70 11 18 36 9 73 14
16 75 17 18 68 64 22 64 39 18 97 74 11 83 89 72 40 90 100 31 12 38 27 6 2 14 80 62 44 92 89 62 46 100 3 54 77 46 19 5 83 7 48 69 28 64 89 96 40 58 90 95 99 5 17 44 92 94 33 63 79 92 6 69 97 79 64 83 98 40 75 4 54 33 57 83 13 73 3 35 67 8 96 59 55 70 0 41 94 44 51 100 32 72 73 91 42 31 30 45 54 61 80 8 18 68 89 25 32 89 86 77 11 61 63 2 52 86 13 13 15 23 35 75 91 76 58 58 66 56 12 98 90 100 88 54 65 65 24 83 95 18 92 60 47 24 28 0 97 69 82 18 23 98 90 17 87 94 50 52 24 100 53 63 40 10 39 24 88 15 35 83 80 96 82 90 89 67 61 82 18 33 18 45 33 63 89 44 80 86 72 79 6 55 0 16 83 65 36 91 7 5 15 94 92 48 52 42 20 79 2 50 50 15 84 97 98 47 46 75 36 14 71 11 55 54 22 88 89 46 31 27 11 13 14 71 11 85 73 11 61 89 60 74 97 75 26 95 85 25 87 38 61 33 43 18 30 7 61 27 68 3 92 67 59 37 19 76 46 4 76 16 10 52 85 66 8 86 26 11 9 68 51 39 67 58 80 43 80 55 36 7 68 19 83 40 96 54 24 6 2 78 56 67 92 85 95 13 94 0 16 30 39 36 41 41 48 92 59 19 11 33 3 96 87 35 50 49 27 11 30 91 44 15 58 67 48 76 30 0 91 76 10 19 6 16 0 61 21 3 74 37 45 57 51 72 26 43 22 25 16 99 98 30 30 12 74 39 67 65 53 26 75 96 79 11 85 34 26 89 12 57 57 23 38 9 28 17 22 90 77 32 77 38 0 72 64 52 80 71
73 94 38 16 6 21 69 77 20 76 45 36 87 20 27 68 64 99 78 8 72 64 22 15 25 6 86 44 36 12 78 15 70 2 66 19 24 7 68 23 10 30 2 46 5 70 59 20 3 87 45 80 63 80 90 42 23 90 83 51 15 59 31 40 40 19 10 9 68 9 34 16 49 15 70 48 86 32 38 37 87 38 80 2 20 68 38 88 11 75 52 59 70 47 6 92 63 58 90 23 85 23 35 66 19 93 14 75 54 89 92 0 60 87 14 9 78 85 37 97 100 59 34 21 47 44 37 23 86 26 19 75 56 24 25 92 68 50 25 35 34 64 4 31 20 99 5 53 14 70 70 6 29 0 9 64 47 88 0 72 60 64 31 42 98 7 6 47 62 67 16 40 52 76 69 42 44 1 46 95 76 22 42 45 26 100 72 2 95 94 61 98 77 50 73 12 45 87 34 70 15 58 1 37 20 28 77 69 39 3 55 34 86 14 32 36 66 73 54 53 23 25 37 30 73 53 58 27 44 61 91 23 8 28 43 31 64 32 18 88 93 71 95 69 22 14 58 41 64 20 18 95 12 82 66 96 95 63 23 87 45 58 95 70 48 54 37 2 77 9 80 96 80 7 12 94 53 8 1 17 36 58 58 40 20 27 28 32 78 21 15 74 79 19 57 17 3 28 40 71 60 38 23 51 4 9 18 44 50 28 80 30 35 20 26 42 75 27 52 76 33 2 6 15 27 57 81 9 62 12 70 62 38 36 13 87 74 37 34 94 4 20 72 34 6 1 29 27 75 74 61 92 31 44 40 12 20 45 10 81 100 5 39 76 43 3 41 33 57 80 15 11 97 96 95 32 66 69 75 44 2 43 50 31 12 58 51 42 79 13 31 84 87 19 51 36 74 8 21 25
39 6 33 0 32 55 59 15 92 82 40 65 62 49 78 45 49 73 19 33 58 62 79 36 48 72 49 57 86 87 79 92 95 83 88 92 64 85 14 6 65 51 9 58 21 69 80 46 38 63 27 17 17 90 38 31 23 12 71 5 73 16 21 86 55 36 50 74 92 19 72 96 13 78 68 21 83 49 78 17 2 43 3 57 91 26 43 57 19 28 28 68 90 24 71 91 32 62 57 46 90 61 31 67 63 65 88 60 36 59 60 92 24 53 65 62 90 44 93 90 45 10 34 72 65 29 16 47 41 21 69 58 84 1 17 23 85 38 42 87 99 59 90 18 90 90 83 88 84 95 3 49 15 99 12 61 62 97 83 82 5 54 46 1 3 76 35 92 30 51 67 66 49 46 37 49 9 30 12 6 51 51 85 69 86 16 85 26 11 100 13 58 59 67 62 5 59 99 40 67 27 95 5 94 64 63 92 22 3 55 51 17 99 48 98 32 96 62 20 2 47 77 72 52 55 54 12 46 10 80 18 6 96 58 91 48 0 21 18 37 22 18 35 31 10 95 19 93 48 12 56 2 41 78 27 63 88 37 60 43 62 63 18 65 66 44 57 78 72 73 54 45 70 97 53 65 82 67 43 43 33 49 91 75 40 64 35 49 38 81 86 45 68 15 98 20 8 65 97 58 65 34 36 95 58 74 43 79 90 69 38 86 42 93 21 47 61 94 38 65 51 2 39 99 58 42 10 3 65 25 69 55 31 75 54 27 81 72 91 23 80 21 31 93 58 97 82 49 20 88 22 81 16 44 27 63 64 11 55 36 66 14 93 71 33 38 56 44 51 16 64 59 6 60 12 56 38 84 78 7 100 33 47 22 65 47 61 90 50 68 45 78 4 7 49 64 72 43 69 96
75 49 37 32 56 35 53 66 3 63 71 92 68 99 29 60 63 51 84 30 15 39 42 90 56 60 34 31 47 77 76 0 32 74 6 34 3 43 59 6 97 38 34 15 33 24 63 9 62 47 89 99 77 69 84 68 71 2 24 15 40 18 8 39 75 72 30 8 83 76 2 38 97 63 41 35 16 98 81 78 1 94 40 69 14 61 47 88 96 61 12 80 13 89 30 91 33 49 12 1 66 96 99 79 79 18 81 89 21 47 59 47 90 37 48 13 76 15 37 82 99 15 53 4 95 81 38 24 66 86 36 80 20 34 5 53 18 45 21 31 30 3 92 72 4 46 5 74 27 51 91 52 98 90 16 68 62 19 72 96 84 97 11 59 19 46 46 56 82 84 96 33 89 4 71 95 74 48 49 73 20 71 12 48 79 68 15 9 64 81 98 47 6 1 81 3 79 9 49 33 100 95 15 8 45 66 53 91 36 15 37 86 86 23 93 32 31 57 60 41 95 81 85 16 41 35 59 59 81 73 53 98 69 19 86 46 20 45 14 55 82 60 64 44 47 16 73 74 48 38 63 39 53 97 16 61 100 22 71 84 22 81 29 26 57 37 98 2 34 9 3 4 1 33 46 49 56 27 45 97 47 94 5 47 61 42 15 76 43 75 85 89 70 94 71 6 34 32 24 27 45 89 39 18 34 2 34 48 90 69 64 50 96 49 8 99 64 63 30 44 7 5 32 15 39 41 54 69 62 41 64 44 73 89 22 17 61 70 75 8 53 92 17 24 92 99 43 38 62 59 57 26 30 18 28 35 70 12 7 2 36 52 74 23 80 22 87 48 0 31 91 29 16 99 67 11 85 44 61 4 8 56 37 51 26 88 60 73 66 46 21 48 42 100 84 47 79 46 79 23
39 41 33 84 98 100 44 82 23 46 33 79 16 65 82 90 97 97 12 0 17 46 63 29 81 16 33 30 21 16 43 83 53 88 11 81 63 46 73 24 28 13 33 30 20 77 8 63 0 31 84 3 66 52 3 63 99 55 72 83 37 50 34 88 12 68 66 56 10 43 55 90 49 64 44 32 15 22 23 85 56 52 69 27 56 20 6 88 5 61 23 12 7 69 36 30 69 25 62 74 64 45 5 94 23 70 29 48 20 66 19 69 19 28 24 94 85 49 91 19 6 31 5 45 79 29 32 99 98 78 61 56 90 95 36 21 15 74 46 27 6 79 80 96 83 78 41 42 60 47 40 26 91 15 30 20 71 20 96 45 8 20 46 61 44 96 93 94 29 27 19 13 50 4 3 54 33 78 87 88 2 95 27 62 79 75 77 58 83 74 63 76 95 100 93 20 53 25 71 50 34 19 81 92 12 83 30 98 65 42 49 43 93 74 51 66 87 1 30 13 7 7 64 15 43 1 64 19 82 1 90 95 13 49 61 2 90 24 19 43 45 23 87 24 35 68 36 60 24 37 0 94 42 63 22 74 74 8 90 89 93 43 14 90 4 84 68 87 4 85 26 29 44 24 27 10 64 11 43 44 6 44 43 71 85 93 3 87 75 83 54 40 59 22 45 56 42 83 6 1 9 83 48 90 3 72 91 20 38 14 62 52 55 77 59 42 13 36 74 82 13 28 8 73 77 57 81 7 14 32 94 9 90 87 68 75 14 83 51 36 43 48 82 45 85 77 45 14 86 54 32 61 77 58 89 78 54 9 68 62 2 74 3 35 9 6 19 54 95 35 26 87 31 62 73 65 27 25 43 66 63 58 8 91 9 5 25 18 66 27 5 38 67 74 31 51 34 34 33 76
70 35 93 86 49 98 55 40 75 63 0 70 36 81 69 10 3 12 33 86 97 5 20 27 74 82 33 100 19 52 90 43 12 68 85 23 20 40 64 11 64 9 87 41 46 77 63 65 71 71 21 82 96 12 75 28 54 39 18 20 97 62 99 30 91 67 87 55 68 67 59 70 65 97 20 80 77 83 73 58 46 15 0 82 57 35 15 65 24 82 88 7 61 77 88 36 65 3 97 97 91 23 76 84 90 38 4 40 53 15 23 16 86 45 83 74 32 1 46 36 66 92 58 4 34 83 3 7 25 19 85 50 95 66 38 7 44 65 93 75 98 57 75 71 65 76 38 23 91 25 75 63 20 74 58 18 90 41 39 42 57 48 2 46 10 76 55 64 58 45 34 88 74 53 49 41 15 1 12 30 14 73 67 55 97 24 34 51 52 58 57 52 69 73 56 41 30 29 99 14 90 16 92 65 33 31 0 70 3 49 5 80 65 29 55 31 80 28 60 20 57 41 75 73 42 72 53 16 90 82 54 51 58 74 64 6 83 81 90 24 34 30 45 36 40 90 35 33 71 0 73 53 71 16 86 70 95 17 18 9 84 13 63 60 86 51 0 63 61 30 71 64 66 24 5 65 78 70 72 22 92 62 36 1 92 86 1 48 17 62 52 26 17 16 58 30 73 62 88 62 35 0 3 92 43 45 63 67 4 72 65 13 63 13 1 4 38 60 26 41 43 49 87 26 82 10 3 7 2 7 16 16 9 42 68 35 75 0 80 100 94 84 6 90 8 60 92 10 12 2 33 76 21 55 53 92 42 72 76 71 45 21 26 71 79 24 77 27 50 31 43 16 68 88 90 58 23 15 60 35 91 91 5 90 55 37 61 19 4 86 98 93 19 6 18 85 61 76 82 76
1 40 41 58 81 66 35 51 98 47 29 81 78 14 84 17 71 1 40 89 65 9 78 69 83 85 29 5 61 22 91 52 17 99 22 47 25 58 85 64 85 14 64 37 29 56 34 85 52 74 27 21 49 89 73 84 82 69 16 3 90 80 0 92 5 87 75 41 98 50 82 69 99 54 100 82 23 29 92 6 16 5 60 94 38 39 88 10 57 71 2 79 57 69 7 47 36 99 85 89 38 21 67 70 41 92 37 60 91 7 26 24 45 73 78 19 88 44 15 100 44 86 29 8 65 8 57 31 18 40 60 66 51 79 68 27 29 8 32 92 3 73 24 63 91 44 40 17 91 60 30 54 96 60 79 61 26 85 76 25 98 41 9 50 90 9 90 24 34 37 36 66 78 54 64 9 33 66 76 79 96 20 35 46 51 15 18 64 9 22 99 42 62 93 20 46 8 13 63 1 97 44 60 5 64 17 44 70 47 81 7 84 23 7 89 91 82 74 41 70 66 58 28 84 44 73 6 41 35 47 80 11 20 69 0 71 71 43 16 7 56 9 91 68 46 49 40 18 31 14 63 41 30 75 34 34 37 100 8 15 83 75 21 22 61 19 16 35 4 46 82 64 97 80 41 30 27 14 44 51 57 43 23 36 39 34 98 37 10 56 42 1 56 91 31 66 68 100 77 89 67 22 95 33 35 91 61 45 49 31 6 59 76 88 45 73 67 18 57 32 78 94 18 41 70 90 74 89 82 48 99 83 55 10 38 68 86 44 69 33 27 6 67 83 13 65 28 21 10 80 38 31 60 15 16 38 84 45 16 71 17 78 44 72 76 17 65 83 93 58 63 57 44 34 33 16 43 68 6 98 41 49 8 53 57 23 47 39 72 4 63 23 8 15 67 81 24 87 20 41
25 96 40 62 96 99 5 84 26 1 69 87 37 88 46 17 64 7 15 16 52 85 63 45 35 79 55 24 15 79 95 14 25 27 62 55 10 25 71 54 64 10 32 18 8 18 52 22 33 32 81 78 72 27 91 75 37 59 51 49 74 75 96 62 22 0 58 27 79 25 33 26 10 49 90 62 8 95 100 5 100 65 94 62 46 21 98 51 62 73 81 100 48 33 82 79 80 4 2 16 89 45 65 14 71 41 51 7 29 62 71 16 83 25 60 91 77 74 77 11 73 74 85 86 7 41 5 70 56 11 9 32 6 41 21 28 19 76 64 58 13 73 9 26 18 62 16 35 25 61 5 90 88 90 16 27 46 97 35 8 65 79 82 97 89 93 8 24 41 77 57 72 98 41 65 25 0 43 55 27 66 57 39 72 66 0 18 98 42 57 20 86 90 32 95 24 42 10 26 13 92 43 26 94 24 14 85 45 68 83 70 67 43 87 48 20 7 4 36 76 44 48 16 9 32 54 12 23 1 59 7 18 12 71 94 79 77 35 0 65 93 74 99 33 82 23 52 71 45 42 21 52 84 97 88 79 23 66 52 91 79 36 51 33 97 87 99 89 7 30 44 79 49 42 55 47 62 95 77 100 44 52 66 44 35 33 26 26 1 28 24 29 87 55 58 47 100 96 75 2 40 12 67 56 79 94 49 16 80 5 73 92 40 64 21 46 75 47 5 15 32 1 77 26 18 76 84 23 87 7 78 57 6 11 34 14 3 87 72 22 29 54 66 88 25 7 99 58 45 10 65 19 87 28 2 54 4 95 90 8 18 72 32 45 99 48 52 33 89 84 95 36 98 33 13 29 99 36 6 45 42 53 87 27 97 50 26 83 29 65 0 8 9 8 49 82 13 12 17 34
20 95 63 99 26 63 62 73 73 78 12 99 2 17 13 32 79 79 14 12 48 62 64 64 42 24 68 83 88 3 80 12 38 8 25 44 71 87 93 46 95 83 46 32 31 36 33 11 94 13 34 82 54 33 58 44 69 10 68 8 11 41 10 69 45 46 17 28 11 45 50 1 55 89 17 63 93 24 94 56 84 56 32 72 68 96 77 84 28 29 67 78 29 11 96 94 25 91 39 5 61 81 18 50 7 76 59 9 25 30 52 90 90 67 35 13 40 100 79 15 92 92 49 75 21 56 4 32 25 100 62 70 10 66 75 96 87 14 39 58 15 38 60 77 19 27 93 18 14 100 17 22 22 94 0 4 99 34 23 60 63 62 26 32 56 46 68 22 37 87 39 67 83 4 99 63 37 73 2 36 51 99 39 79 0 80 13 25 70 74 59 1 2 20 55 66 28 6 31 94 6 85 20 18 42 53 10 13 42 95 15 26 80 54 65 86 97 32 50 17 96 38 76 77 30 55 11 62 39 16 78 51 12 44 74 83 14 4 41 48 100 25 57 97 27 18 42 0 92 26 15 18 100 22 33 5 36 96 97 83 44 96 6 50 73 25 55 31 64 83 82 63 2 50 41 37 93 10 100 98 50 32 63 73 40 20 73 28 58 95 79 91 1 1 100 63 47 68 68 69 87 52 2 1 39 96 73 51 30 93 35 100 34 33 63 60 81 70 66 61 74 2 8 22 75 94 0 32 34 55 4 6 55 85 84 1 7 55 62 4 15 57 65 48 63 31 94 43 9 88 55 30 80 6 52 55 100 0 77 98 6 22 21 35 80 65 87 28 16 36 12 37 74 14 13 95 41 19 36 34 80 91 23 26 49 69 12 80 11 48 5 67 71 84 92 86 74 4 30 76
78 87 70 96 7 93 13 34 86 47 98 45 82 93 21 27 71 44 32 44 40 86 93 27 41 34 39 93 12 17 84 48 46 16 6 11 83 19 0 44 64 70 4 0 69 70 37 45 71 38 15 6 47 22 69 73 14 85 60 30 83 82 37 51 54 99 78 74 53 32 70 2 64 1 1 20 83 62 91 7 13 52 65 53 43 83 50 55 87 18 66 44 52 24 40 38 37 25 17 89 96 57 79 5 0 87 0 8 69 52 69 70 77 46 81 99 69 12 20 34 24 30 66 79 5 1 88 77 22 44 78 16 45 10 83 73 89 61 29 52 16 81 74 64 69 62 43 0 3 5 23 66 55 36 13 31 65 42 17 50 7 18 19 85 42 22 80 8 22 85 58 44 100 97 93 18 70 87 37 70 42 94 13 54 47 79 51 24 5 94 40 34 25 75 56 22 35 10 77 8 5 32 90 1 39 94 36 19 76 66 63 69 97 3 78 57 51 21 0 84 29 63 95 83 19 50 76 71 70 37 54 64 11 81 51 83 31 22 60 86 6 18 11 55 13 74 23 58 53 2 84 79 92 91 22 38 12 23 71 51 89 4 91 34 40 78 76 47 79 25 59 49 91 35 22 40 95 22 3 84 7 66 67 4 65 76 23 81 24 55 65 39 0 66 62 83 27 32 48 95 48 52 48 80 3 72 68 52 7 43 70 26 93 70 22 19 70 43 48 70 53 38 64 39 44 49 21 20 26 32 89 27 88 66 7 42 3 12 12 79 58 47 95 48 52 36 65 100 52 55 67 54 25 98 48 92 88 26 24 16 62 48 6 78 75 19 20 51 52 7 42 48 34 39 77 35 39 20 5 47 39 34 52 59 65 61 15 97 26 8 39 68 95 22 21 1 52 28 28 37
42 7 67 75 61 92 81 23 11 80 96 1 24 60 67 48 31 72 0 0 13 21 2 59 47 18 92 82 52 45 42 10 9 38 75 42 64 75 50 87 64 94 42 52 40 58 32 77 24 62 11 98 5 85 76 28 41 57 99 98 33 50 69 12 3 98 62 9 58 1 9 67 26 60 46 90 61 25 15 65 74 87 73 55 1 54 13 36 51 94 41 17 50 0 85 94 47 42 4 88 75 35 87 42 34 41 66 22 26 45 73 18 99 92 92 93 28 82 70 72 71 82 88 58 2 54 58 91 20 71 63 42 40 67 64 54 86 50 3 47 41 60 87 81 91 71 71 6 40 28 97 66 71 81 49 34 37 4 52 65 25 27 81 1 2 56 60 33 75 34 14 26 52 58 79 54 87 40 28 3 91 50 28 43 6 42 86 8 66 63 95 44 17 9 21 60 3 90 6 9 60 95 71 80 22 24 13 61 75 36 83 91 10 18 58 21 32 58 59 37 66 82 52 44 14 74 4 77 63 27 4 43 22 100 70 82 52 10 67 21 10 51 36 7 3 62 83 61 30 49 86 28 81 73 14 96 97 71 83 60 84 46 90 32 75 13 22 14 31 38 51 97 75 39 55 36 18 43 93 63 63 77 6 47 42 38 48 77 80 98 44 62 32 33 82 44 61 12 0 69 67 45 17 9 2 52 99 20 6 22 65 14 0 82 93 22 99 56 51 28 35 78 53 55 43 83 55 92 70 59 89 13 21 43 80 54 5 37 8 22 81 20 86 23 68 67 32 72 55 21 75 95 50 91 63 94 96 69 29 80 75 53 13 64 67 20 77 7 94 57 6 4 99 46 86 71 4 57 61 100 44 13 2 74 36 96 84 2 33 20 30 48 85 18 95 2 1 62 35 69
96 95 24 17 40 57 95 50 5 27 65 30 74 54 20 89 42 15 39 57 33 21 16 84 79 34 73 23 22 38 86 22 73 86 93 19 88 21 43 19 82 50 47 49 39 70 59 99 31 93 66 3 51 95 42 84 18 47 84 3 50 31 8 47 99 26 70 9 3 69 71 73 99 22 4 97 85 44 68 41 58 15 31 42 57 32 10 92 55 30 88 73 55 8 95 19 13 82 96 95 86 2 39 68 72 14 13 16 17 73 84 76 75 17 65 79 11 67 47 84 43 87 41 13 72 5 52 61 73 19 65 26 95 26 27 52 92 4 35 12 56 37 61 85 98 36 29 31 87 71 29 12 1 94 97 41 72 0 41 28 77 51 60 36 82 11 59 0 43 36 63 36 53 69 46 21 71 25 35 25 64 45 93 76 25 94 8 79 29 43 8 69 7 27 14 28 33 0 60 74 90 29 82 76 98 81 8 94 89 35 53 12 19 0 77 70 83 98 27 74 60 6 35 94 15 38 73 29 96 51 73 27 30 7 71 64 10 73 79 14 67 63 43 49 10 39 38 51 55 32 53 76 98 79 28 27 86 62 86 25 27 70 4 17 39 69 80 2 67 16 90 7 28 79 1 61 93 28 25 53 24 56 22 46 71 4 16 69 56 31 31 45 0 83 53 8 48 67 98 38 19 84 24 42 79 17 70 33 89 2 7 56 63 34 91 25 65 1 57 91 77 26 76 8 33 75 87 39 26 51 51 26 13 93 81 29 50 84 51 0 76 59 28 18 24 84 17 58 2 88 83 88 34 9 17 95 62 50 65 78 12 26 23 54 38 44 57 62 86 59 83 35 8 50 51 61 79 49 74 20 96 22 7 74 80 55 18 26 56 34 45 75 23 59 53 5 66 25 80 90
33 89 68 5 70 82 41 71 21 99 71 99 60 64 55 85 33 10 21 88 11 8 70 51 54 30 74 73 55 78 19 40 68 59 18 86 88 18 89 93 26 85 19 70 45 12 1 54 40 71 60 22 30 92 42 78 25 93 82 79 30 46 39 18 79 6 38 60 44 9 63 46 3 59 79 68 70 9 33 60 41 45 9 55 3 64 87 85 15 36 1 89 31 46 4 74 28 97 47 88 72 50 100 37 2 46 33 0 17 69 57 45 25 60 81 89 56 20 74 87 54 85 92 66 87 76 30 83 57 42 30 33 98 87 30 66 11 9 97 70 77 24 3 47 34 75 36 1 42 96 97 5 27 56 75 93 80 93 79 69 74 73 33 28 65 22 66 58 13 47 72 94 13 15 1 18 10 41 4 46 63 7 8 70 44 87 47 31 75 99 29 46 77 2 55 83 71 50 13 100 27 84 89 91 47 89 24 24 61 90 22 58 42 76 46 42 27 95 95 88 14 77 37 71 40 49 27 48 54 80 78 36 35 76 58 31 54 5 50 85 41 63 23 95 44 46 98 15 41 93 48 30 57 27 96 50 56 10 37 93 68 95 22 60 99 90 72 55 18 85 16 59 40 78 97 64 42 3 84 92 11 27 60 68 13 70 27 39 8 86 34 56 73 96 36 15 76 68 88 96 89 79 67 89 80 38 24 100 15 21 1 46 6 22 51 7 79 18 66 76 72 48 61 95 73 9 31 97 31 82 7 8 73 4 80 46 22 33 95 87 65 87 34 99 91 66 52 93 13 30 74 10 16 74 17 61 58 70 39 88 9 91 88 26 62 86 23 49 70 7 93 10 12 96 3 15 20 98 88 25 69 87 60 64 96 60 92 67 63 98 4 45 58 49 56 16 50 64 4 36
32 25 68 14 50 66 7 53 41 58 60 73 98 92 65 37 23 42 66 57 17 75 9 84 0 53 28 18 32 16 10 16 7 95 66 45 100 89 100 61 61 38 89 54 4 90 55 74 26 12 66 57 62 34 73 85 90 18 87 15 12 71 21 32 82 76 16 55 4 1 44 60 16 100 20 91 90 21 15 45 50 35 12 16 95 17 34 46 11 76 42 98 76 73 3 16 11 53 38 20 27 79 61 43 36 99 89 26 52 12 7 49 42 100 70 45 71 5 86 92 74 40 26 31 22 99 90 32 66 62 36 35 17 77 64 100 14 100 13 52 86 38 27 35 83 98 95 68 65 2 31 24 97 69 98 47 9 80 26 96 89 62 65 87 88 20 74 38 32 75 50 14 33 21 1 21 70 97 99 33 20 62 11 55 95 40 14 87 0 33 56 42 84 49 78 38 44 16 53 40 57 86 98 68 98 67 41 30 91 82 79 98 97 42 92 12 92 29 9 77 84 46 36 65 37 38 56 49 29 62 47 32 13 91 20 80 59 83 28 70 51 7 97 2 54 12 38 69 25 86 30 45 81 70 63 28 81 76 80 22 57 81 59 91 50 44 93 93 87 2 0 47 29 15 46 15 30 26 45 32 26 0 47 86 42 22 96 22 50 21 93 36 42 59 18 76 31 7 10 0 77 15 99 3 20 68 94 46 60 24 73 80 9 45 89 61 76 5 46 89 0 30 20 84 68 67 28 55 66 63 98 59 59 22 68 42 95 81 41 54 74 37 44 46 89 19 82 31 52 31 38 53 32 50 98 68 36 39 93 52 22 88 43 86 75 44 6 19 94 56 42 54 13 71 69 0 1 89 62 31 96 100 11 27 70 18 2 3 33 71 25 85 85 92 4 75 30 2 3 29
6 0 94 7 73 37 66 98 81 57 62 79 75 35 57 54 70 52 68 28 31 12 95 93 87 27 23 45 51 39 27 26 49 91 35 42 96 93 53 29 100 38 61 56 65 22 74 33 40 40 82 51 37 54 72 29 74 84 100 22 32 87 24 57 55 27 59 25 80 79 8 42 66 67 87 95 87 52 42 65 46 48 48 54 51 75 95 37 51 22 18 18 27 26 41 89 37 90 26 97 25 32 88 71 14 10 62 49 13 62 16 82 19 85 17 28 62 1 23 54 66 77 12 99 55 87 77 29 85 76 14 54 30 67 15 21 46 72 26 4 0 73 47 31 2 26 15 0 65 79 4 89 98 71 11 49 49 37 14 0 35 72 19 37 44 9 78 67 28 47 75 71 14 29 75 18 47 92 11 63 80 94 3 62 32 26 65 82 9 17 40 40 16 73 43 96 99 59 83 68 66 14 3 44 26 13 68 91 51 46 50 75 24 62 0 53 69 57 48 51 1 18 98 34 80 66 40 25 87 50 26 26 87 97 70 83 6 8 28 1 2 9 18 22 60 76 8 57 51 59 80 96 28 58 31 52 95 85 73 40 79 85 0 74 33 75 59 84 48 22 10 40 25 22 55 85 58 98 79 37 62 96 17 91 79 39 16 99 7 26 48 69 47 51 73 81 46 34 51 99 45 71 40 54 14 76 41 14 97 39 19 19 27 70 69 32 92 84 49 84 98 45 23 24 5 51 26 61 79 3 45 13 34 66 2 44 1 36 44 57 36 50 80 93 55 3 20 53 88 48 48 42 22 42 95 67 69 88 91 16 84 91 87 98 4 26 69 94 38 95 76 54 93 86 11 65 70 7 54 95 59 71 48 33 27 69 32 98 62 46 53 75 0 60 13 18 17 25 9 41
23 47 88 16 100 38 46 16 54 43 82 20 80 98 19 88 65 32 0 60 22 39 64 23 29 18 45 7 92 63 93 55 80 42 5 56 43 65 91 6 47 25 59 58 84 48 43 30 44 28 100 57 85 66 79 66 40 98 99 8 0 69 74 77 33 92 28 77 55 15 35 47 35 22 82 29 68 60 85 94 25 28 91 68 80 49 6 90 46 36 19 54 25 34 60 46 88 57 46 0 84 65 74 41 11 29 24 23 20 91 41 10 93 19 69 97 95 42 26 29 79 7 84 2 54 25 78 73 16 28 0 88 0 70 31 15 7 73 34 85 17 50 92 64 10 61 68 36 89 54 4 92 9 18 80 48 91 52 56 41 82 86 68 79 26 17 93 26 25 31 50 89 98 89 42 56 75 56 14 42 11 97 36 3 27 27 31 47 92 46 39 46 66 49 95 27 66 59 44 70 21 75 31 85 94 36 47 54 87 61 91 40 11 56 58 26 48 77 63 58 61 19 89 100 39 99 33 62 31 38 88 44 53 51 23 75 68 25 1 15 27 68 49 35 82 38 53 74 60 34 72 58 25 29 48 46 19 39 46 21 13 21 39 18 1 87 35 94 55 80 42 11 41 92 56 65 54 80 1 43 75 7 6 91 39 65 57 83 53 90 50 51 40 35 84 71 33 13 95 58 75 59 9 3 76 75 5 44 39 6 59 15 40 57 75 49 44 90 41 58 8 30 44 11 87 79 72 94 49 66 80 12 22 24 21 53 27 53 11 99 90 70 57 74 53 42 66 9 27 67 27 47 78 28 19 81 68 21 5 85 66 38 44 71 99 62 46 27 30 61 72 46 46 75 25 27 4 16 33 36 7 88 41 40 4 84 72 12 95 35 67 93 0 87 19 28 85 4 39 0
31 47 53 36 84 33 45 76 42 77 23 31 18 43 73 52 93 96 89 64 97 28 92 42 0 97 6 48 86 47 20 23 92 47 76 48 26 45 84 2 48 41 65 57 2 19 50 17 63 87 71 38 37 21 25 94 68 26 33 83 19 39 33 99 88 63 72 95 22 18 30 41 91 65 82 50 34 28 96 2 86 8 37 47 84 35 3 9 33 91 3 98 36 66 64 45 91 28 10 86 97 67 41 70 6 27 70 73 84 32 68 12 42 55 32 63 81 47 57 9 71 25 15 62 79 69 21 67 89 16 28 91 34 90 27 5 95 19 11 85 23 49 8 15 43 65 62 42 1 40 99 65 80 3 77 46 10 88 91 45 70 47 7 40 30 19 22 5 43 34 9 77 35 93 64 11 74 93 95 39 57 23 36 67 36 39 26 95 65 64 54 44 25 20 47 89 11 85 61 90 86 93 35 93 85 45 59 79 53 38 63 99 39 64 30 60 72 82 87 50 5 31 33 54 75 39 80 32 75 6 5 98 72 26 18 36 90 15 44 23 17 88 95 81 13 35 31 40 42 43 40 4 57 5 68 78 55 40 63 14 32 13 23 47 11 89 84 42 8 74 47 10 41 8 27 81 89 81 77 55 33 28 4 7 82 92 10 94 66 22 68 50 46 36 93 75 23 27 50 43 12 54 83 37 30 48 19 12 54 86 63 99 85 59 56 65 82 85 62 31 23 54 84 83 38 97 23 37 59 68 86 86 41 96 55 94 22 45 81 46 74 47 30 99 99 34 16 0 99 49 46 6 21 28 11 90 90 40 38 82 19 59 93 88 98 42 66 38 22 0 100 27 30 72 7 2 50 39 73 96 31 60 93 63 83 47 6 76 82 33 10 0 97 10 100 16 13 71 5 12
72 67 5 55 87 82 29 36 68 50 46 72 0 1 88 42 32 75 73 37 98 83 51 73 70 72 43 36 69 7 35 32 36 94 82 73 28 44 34 28 43 4 74 18 26 96 72 72 47 39 9 43 19 39 14 96 22 6 16 80 63 63 39 69 89 60 69 39 81 84 77 70 17 39 50 7 62 6 20 27 12 25 92 12 90 12 0 69 85 60 34 49 53 43 26 19 86 40 16 34 84 69 73 11 22 63 96 25 43 71 74 19 91 94 90 3 21 0 32 25 34 86 59 87 76 39 80 72 96 89 16 13 28 59 89 39 33 92 84 79 98 53 16 94 47 94 27 18 56 73 44 13 38 76 98 18 0 77 16 45 89 15 87 67 40 87 28 26 41 74 95 26 80 52 42 26 95 72 51 5 49 23 13 81 52 99 72 71 13 57 88 9 14 92 30 54 73 40 43 61 70 29 1 31 49 11 77 7 71 59 85 27 80 96 79 12 100 58 40 94 26 52 94 53 88 66 23 17 94 23 60 67 18 23 47 86 83 76 11 60 29 89 68 62 10 67 7 79 50 30 34 81 36 23 31 50 70 13 56 99 61 29 12 42 88 37 19 15 99 95 71 70 48 68 70 26 6 41 76 90 47 54 67 53 62 23 54 43 49 49 41 79 12 61 55 59 27 99 31 32 24 28 87 7 62 73 36 63 47 54 36 86 87 8 25 94 8 35 94 15 18 33 45 67 17 73 13 71 12 31 73 95 97 99 64 99 18 43 52 86 35 65 77 3 75 19 71 0 27 80 6 67 88 56 70 35 36 70 38 29 64 40 75 8 93 85 64 1 94 58 68 9 55 52 13 16 48 69 50 100 87 57 49 29 72 28 33 84 97 1 37 99 0 100 60 76 20 54 88 37
43 80 83 100 87 94 6 67 42 80 94 36 100 32 44 68 70 36 45 97 79 77 95 88 49 89 7 11 36 53 67 99 16 55 12 81 57 6 56 40 64 74 81 78 16 80 47 48 73 46 68 62 23 66 90 100 13 46 72 99 97 43 37 41 32 77 9 7 60 67 35 69 32 7 92 87 93 29 10 69 85 80 29 88 99 38 73 0 93 41 51 94 1 99 73 8 67 79 43 30 9 51 15 11 83 15 39 6 47 98 89 72 10 68 3 2 50 59 89 9 5 79 38 100 16 94 7 24 5 26 94 36 50 31 13 39 45 41 16 8 65 4 10 55 75 78 84 65 47 32 49 52 59 60 48 1 40 82 18 60 72 89 99 22 89 75 37 39 7 65 24 40 19 78 73 63 17 3 68 40 36 71 64 5 86 43 70 3 96 69 97 99 0 69 36 44 62 51 54 25 32 80 47 38 31 88 97 36 15 72 70 85 91 37 84 52 66 20 6 43 46 51 49 95 81 12 52 30 46 1 36 8 11 84 25 17 13 16 15 1 86 54 62 84 16 64 76 85 95 29 89 83 77 31 42 40 93 17 84 68 34 95 29 26 83 17 54 42 66 88 89 64 3 85 80 40 31 55 80 3 11 80 89 48 27 4 11 3 51 33 80 74 56 79 47 37 56 96 38 73 97 91 99 26 31 17 6 71 60 21 91 1 18 70 0 66 76 81 48 92 13 18 28 65 88 100 31 1 8 20 58 94 51 72 15 57 54 27 3 76 0 7 28 24 73 6 53 22 46 67 49 28 56 19 80 43 96 23 83 93 30 65 3 31 27 15 91 32 40 85 10 42 58 18 60 50 78 68 61 20 97 77 59 40 72 20 24 12 88 11 29 45 64 0 8 12 85 99 53 39
46 6 7 9 26 57 11 57 20 97 63 64 81 37 92 43 90 45 54 10 67 43 49 43 15 72 92 62 23 68 24 71 2 67 85 84 30 78 42 45 95 2 33 93 85 90 2 91 36 27 35 74 14 59 9 71 18 5 91 61 84 85 18 94 69 53 89 0 32 35 71 6 66 92 26 94 39 27 26 5 8 98 10 92 90 25 32 72 7 55 84 33 86 28 51 94 85 12 21 93 7 58 6 36 37 1 83 71 65 39 84 66 29 57 93 54 72 69 71 45 61 39 56 7 0 47 64 6 84 52 32 81 68 82 81 30 35 10 82 71 5 48 3 91 70 89 6 36 46 91 66 7 22 44 6 32 7 67 9 59 6 92 57 92 40 26 46 93 17 9 3 77 77 60 29 47 11 9 11 28 66 39 37 14 1 39 11 79 32 56 20 89 23 43 65 65 28 3 73 1 36 6 55 82 29 96 27 57 73 46 88 83 0 36 10 35 32 73 99 11 10 85 30 69 18 46 69 79 47 89 70 25 14 78 91 56 99 21 79 27 55 38 85 10 100 60 11 61 97 18 24 30 56 63 35 99 56 19 12 28 70 7 84 61 19 89 93 30 71 55 81 30 61 1 73 73 7 43 7 61 77 49 25 3 4 30 21 73 58 58 36 75 61 68 31 10 97 93 24 6 39 50 57 36 43 44 49 62 26 98 27 0 15 32 22 66 33 11 41 40 45 21 48 59 43 47 99 45 22 0 40 57 99 67 22 38 72 31 37 61 20 61 38 28 60 25 74 44 46 32 40 60 75 39 71 9 47 86 67 10 76 46 98 90 62 3 83 29 60 94 34 6 85 4 70 68 11 96 80 57 40 9 27 60 61 97 84 100 64 54 83 50 30 29 31 48 17 100 82 31
13 94 98 34 0 10 15 45 94 10 38 75 17 54 45 69 42 63 78 24 26 13 10 80 81 72 42 2 55 1 34 1 68 71 50 59 31 34 7 37 67 85 52 21 33 19 11 40 31 16 94 14 63 20 49 99 68 33 56 61 33 61 53 2 46 96 65 46 51 67 35 42 71 71 12 35 32 55 71 54 24 86 64 23 33 12 89 8 74 79 77 80 52 62 10 97 81 12 68 80 83 28 42 45 72 75 49 87 74 97 2 32 16 93 75 70 7 1 37 18 62 71 0 87 95 61 81 3 38 3 58 60 40 81 83 100 12 88 63 53 42 81 42 87 84 3 56 46 87 51 62 35 44 62 47 50 67 7 29 11 29 75 79 93 48 89 59 15 90 11 50 72 82 91 29 60 70 91 18 35 77 59 57 76 11 32 35 4 80 21 71 0 36 59 94 94 44 77 94 13 66 87 59 94 41 18 98 97 43 74 54 23 25 43 42 23 74 34 7 9 57 13 30 99 68 90 30 1 15 86 44 77 87 57 97 5 61 77 29 9 24 5 28 74 10 25 30 47 97 92 99 9 28 59 86 65 84 59 69 65 60 46 44 87 96 12 76 67 58 92 70 52 100 57 36 12 74 52 80 60 15 14 76 61 31 82 12 27 13 91 11 96 77 57 51 6 67 91 48 6 83 96 21 95 17 33 42 91 36 83 5 13 26 72 48 77 50 32 51 60 64 0 65 22 82 41 53 9 99 25 67 86 44 39 21 98 10 1 88 35 5 20 45 73 6 72 22 70 70 98 66 92 44 28 38 25 93 52 82 63 52 38 11 52 75 59 17 21 62 54 66 98 58 16 72 99 13 76 63 92 32 49 2 56 18 7 14 46 8 81 78 15 26 90 31 61 55 29 100 91
75 61 88 61 33 81 8 12 51 32 11 100 36 2 67 93 87 72 92 52 21 34 15 95 29 38 18 53 33 37 81 58 50 64 18 33 18 45 38 13 46 37 85 68 35 52 70 90 46 82 74 79 38 77 40 63 17 9 71 71 47 12 62 7 55 29 11 11 30 16 66 1 78 34 29 76 59 79 45 27 16 81 38 79 5 84 22 29 21 19 6 95 62 97 58 15 71 34 42 84 82 46 69 65 96 31 74 21 95 92 65 88 23 18 41 48 65 17 4 85 32 32 66 94 46 41 92 3 88 58 24 55 22 51 62 35 93 45 99 17 64 64 42 97 85 53 43 99 94 81 3 58 31 88 10 9 30 67 54 18 92 8 82 94 9 87 65 80 65 86 77 62 50 28 62 52 84 67 4 29 72 82 57 22 0 33 39 6 30 62 23 74 35 96 38 39 4 16 78 16 90 78 35 98 90 87 52 46 79 9 17 21 19 41 96 70 10 49 99 28 81 44 40 10 35 81 58 3 47 80 3 92 73 0 70 8 4 28 25 70 37 96 0 68 67 58 8 89 96 88 96 93 51 38 28 3 22 32 96 76 74 57 61 49 94 29 49 26 46 72 31 51 13 30 88 17 95 0 75 47 69 91 43 15 61 15 70 50 55 26 5 17 9 90 15 55 55 73 89 42 68 6 93 22 59 73 16 87 35 14 17 95 74 58 43 73 59 68 85 79 69 62 77 13 19 53 24 94 27 57 93 93 13 9 86 6 34 74 74 4 20 46 47 43 27 74 44 42 91 30 61 26 36 83 52 4 69 10 9 7 3 98 26 21 51 84 81 69 39 6 49 92 99 68 59 2 39 78 57 40 55 76 37 100 75 97 91 58 33 49 73 69 34 2 26 96 61 11 88 30
34 69 32 21 52 86 37 93 9 57 83 46 87 70 58 5 82 13 95 55 83 20 94 24 48 65 96 44 26 33 56 89 36 37 54 81 78 47 44 44 5 75 82 75 93 35 48 72 77 81 8 80 91 53 33 86 91 31 39 61 70 29 2 96 35 89 23 96 42 68 53 9 77 36 74 99 40 18 91 31 69 72 95 66 53 19 12 86 21 95 67 64 11 24 26 99 63 89 86 93 35 53 80 65 71 75 69 57 48 31 31 80 16 24 86 79 5 0 51 26 68 57 16 9 13 12 87 93 68 35 61 45 71 25 30 40 63 6 56 32 74 54 26 62 45 31 70 26 42 99 17 52 99 21 54 47 27 92 17 88 28 39 4 24 4 100 30 13 8 85 84 37 90 70 9 95 48 87 98 0 58 0 62 97 24 27 85 7 94 59 75 15 29 30 10 38 87 87 20 45 13 83 11 41 76 58 63 2 96 32 64 96 46 48 83 50 71 3 40 62 15 27 24 65 96 16 1 49 47 54 12 7 26 80 8 96 26 20 93 80 43 25 53 53 42 43 69 97 10 74 10 23 17 20 75 24 46 58 91 42 15 45 86 69 29 38 11 20 44 92 89 78 19 28 31 74 83 66 48 16 52 32 26 23 41 35 96 78 8 1 43 71 55 16 49 97 25 64 25 73 19 44 7 54 58 33 75 66 54 73 9 40 23 94 13 0 78 6 29 95 56 72 31 96 81 51 14 23 90 83 80 48 83 86 39 71 80 56 49 46 21 74 78 16 7 93 67 66 44 96 3 33 51 99 47 2 20 81 67 82 25 6 31 64 65 98 11 69 42 33 52 79 5 28 89 22 27 43 3 33 42 37 93 20 60 73 26 9 32 78 46 12 11 19 70 50 70 25 8 29
51 73 84 25 75 18 1 10 73 51 39 30 46 13 87 25 35 16 5 66 50 22 5 5 37 41 69 78 47 96 44 60 53 24 15 73 5 9 89 9 97 95 12 83 14 25 55 42 76 97 16 4 91 26 72 56 32 34 42 41 17 14 83 12 79 9 61 70 70 25 70 98 29 78 61 56 13 68 5 1 95 78 6 39 56 6 60 79 15 67 49 37 39 93 57 92 72 56 28 90 44 72 53 4 69 66 86 64 92 3 73 14 78 98 18 74 30 38 16 70 44 0 42 30 91 52 72 39 2 27 45 50 0 27 51 65 80 5 47 55 0 24 79 72 81 83 31 78 76 7 51 40 97 18 1 61 48 34 37 84 25 40 79 83 6 30 33 11 96 13 62 21 70 92 93 77 32 84 87 97 66 19 24 81 1 39 92 41 95 38 81 15 76 38 13 78 59 35 0 48 5 66 17 100 90 37 38 20 12 18 54 7 22 34 60 83 86 40 19 67 70 9 34 68 31 65 7 12 61 72 64 26 88 48 17 81 59 94 6 76 81 60 88 81 26 15 42 20 72 54 100 70 71 54 81 7 72 18 84 67 2 92 33 72 58 6 3 78 8 63 61 26 49 69 83 41 64 49 73 70 90 55 2 55 20 37 88 94 88 47 49 28 39 77 76 83 63 62 52 80 58 68 50 65 58 14 51 51 42 37 76 24 69 91 41 34 51 31 13 64 64 26 26 7 24 6 35 78 4 80 18 47 50 73 70 19 77 82 63 16 87 19 66 3 15 59 92 1 30 97 40 53 77 82 66 89 56 100 18 78 6 57 88 94 4 48 53 86 32 67 42 33 30 34 22 100 91 22 52 89 68 73 19 57 84 53 2 89 4 63 2 7 79 0 9 29 94 20 53 79
45 2 52 86 37 73 100 47 15 86 72 78 36 40 27 28 50 72 11 30 6 42 8 51 44 61 13 95 92 33 8 9 20 14 82 68 33 18 24 61 7 60 46 41 32 79 93 93 83 100 58 96 65 47 16 47 84 7 38 55 22 49 37 43 15 86 23 40 94 76 44 50 95 86 61 6 57 72 27 47 62 79 71 34 67 52 46 19 17 70 80 32 0 61 60 49 39 52 68 18 10 83 41 12 85 68 29 34 6 25 75 8 18 39 79 74 50 26 44 77 94 100 36 84 54 31 7 12 30 5 34 10 70 41 8 95 68 40 8 58 81 89 2 14 48 68 94 81 56 97 46 66 20 33 90 61 72 17 81 91 95 7 89 52 84 83 34 24 68 72 29 15 15 100 62 86 54 81 76 90 40 87 67 62 94 13 34 90 81 76 91 19 59 23 21 37 22 33 22 90 66 60 17 45 48 41 8 43 19 29 50 35 45 0 0 84 69 65 9 65 79 9 49 67 67 73 27 36 1 69 45 50 53 72 37 20 90 47 73 93 15 23 26 67 24 85 41 50 21 77 7 99 24 31 83 54 71 64 74 29 85 22 90 10 0 48 97 62 45 7 86 74 82 23 52 2 55 45 64 14 34 35 19 33 84 71 75 96 92 59 54 4 88 40 95 59 87 20 64 26 20 74 71 53 4 13 92 65 100 54 21 74 11 69 91 52 31 70 83 47 18 40 22 87 12 30 68 66 17 43 90 12 80 70 50 99 80 100 76 46 4 58 65 35 33 74 2 2 67 61 66 23 48 97 19 31 84 51 59 7 73 59 16 67 4 30 18 66 37 66 6 16 92 54 23 94 26 86 60 4 89 86 64 87 38 20 90 99 76 82 8 15 99 50 68 56 69 86 17 45
54 72 61 6 32 26 32 15 43 85 22 23 6 58 53 92 4 18 82 94 95 95 19 50 31 11 34 15 92 47 18 7 84 57 26 43 34 18 18 13 61 95 3 88 100 65 24 58 13 78 81 33 67 20 40 34 93 96 36 19 46 30 11 65 42 42 49 88 71 74 16 11 37 72 81 70 59 73 43 19 90 10 73 3 67 43 59 67 88 74 65 69 80 99 69 16 75 63 34 85 50 82 96 72 8 88 40 7 6 80 53 78 99 75 68 8 2 66 89 71 37 18 43 65 90 95 4 2 83 19 41 61 32 78 93 69 44 24 3 51 86 60 13 74 62 38 55 56 37 65 52 47 100 9 29 53 13 62 35 37 47 33 88 35 88 64 48 33 77 26 46 37 16 34 9 63 8 78 49 11 18 78 18 69 13 2 64 29 66 91 73 4 78 64 4 3 37 10 8 47 21 72 48 68 86 93 17 98 26 78 74 15 54 57 44 79 47 86 78 21 31 1 82 87 13 15 67 89 76 40 93 27 4 34 61 31 64 45 16 85 25 31 1 8 65 48 9 96 16 52 77 45 78 67 26 99 11 90 20 11 82 15 99 0 67 0 27 17 93 26 97 3 91 81 11 5 94 40 57 21 24 8 26 84 45 55 19 23 22 28 80 20 55 82 70 67 23 11 35 33 22 65 4 97 71 30 84 24 83 32 51 22 28 7 91 19 51 11 44 29 68 43 38 82 35 11 13 44 14 2 87 5 46 0 81 11 81 99 42 24 80 24 71 83 31 41 2 9 24 49 18 90 62 30 78 67 98 55 44 48 58 62 8 22 36 10 33 60 26 44 0 14 74 57 27 28 48 68 63 53 28 4 81 36 90 22 24 63 85 4 39 68 6 30 15 44 93 100 30 25
10 70 36 1 16 69 70 47 84 60 95 40 7 71 44 82 57 29 91 46 93 22 62 95 88 87 84 100 29 93 19 36 46 34 22 87 62 63 100 2 14 93 67 13 6 65 74 75 40 57 28 58 99 69 20 58 55 76 19 17 53 50 55 16 41 2 22 98 27 29 15 100 17 66 68 62 12 80 80 95 46 64 51 49 8 35 52 1 72 92 12 57 47 76 80 97 100 44 89 56 52 21 17 41 67 24 7 64 27 95 62 23 24 35 89 45 23 46 46 57 62 4 85 39 26 71 59 25 7 6 14 65 68 16 59 30 73 87 81 10 38 61 45 64 64 97 78 89 21 37 38 9 74 71 96 13 38 73 86 45 23 10 99 53 90 28 72 5 57 54 7 38 18 59 1 88 15 29 51 15 32 9 85 57 92 94 89 78 82 92 86 46 72 66 76 0 36 39 45 99 4 3 37 55 16 66 51 46 43 84 62 70 90 8 30 89 57 40 18 23 18 17 72 91 34 10 8 61 58 21 73 90 82 61 23 75 53 5 39 43 67 29 81 63 33 32 22 87 45 70 91 2 55 100 82 30 4 59 62 45 95 43 8 2 37 6 35 43 91 81 50 67 73 86 16 49 90 60 20 23 84 54 68 68 8 15 25 72 78 80 51 90 23 44 84 61 91 37 38 7 73 66 65 60 4 6 48 56 98 13 75 29 19 38 58 55 16 11 77 75 93 43 20 94 30 25 100 2 9 52 26 9 5 79 4 75 21 15 29 15 84 72 99 30 54 73 85 55 39 81 34 89 36 24 75 75 34 93 19 65 82 9 47 27 25 45 54 9 93 22 18 17 40 86 70 55 34 45 8 57 9 22 80 4 39 35 2 98 5 74 80 87 33 65 9 86 16 73 18 14
86 2 54 71 67 98 38 67 79 37 49 3 82 90 0 94 27 82 76 63 98 41 12 17 5 30 28 29 45 84 80 19 29 17 59 67 33 45 54 47 11 13 61 79 6 86 75 56 61 14 69 29 67 85 52 48 65 49 12 15 57 73 10 71 51 87 65 18 64 100 44 73 87 60 4 31 61 99 60 21 57 69 84 2 73 87 8 66 16 6 37 15 46 19 69 86 73 59 62 45 94 55 84 55 81 99 52 22 23 57 68 39 42 19 96 25 70 66 2 52 44 70 22 44 33 7 45 83 85 33 3 60 7 74 26 70 81 8 48 53 69 66 46 75 80 1 26 89 74 98 53 90 59 80 45 65 34 71 34 10 79 44 27 4 76 93 37 90 13 5 97 43 46 40 8 90 20 68 53 65 65 78 84 3 100 15 36 99 90 43 99 57 26 8 54 34 38 7 51 65 2 94 81 42 63 30 82 81 50 8 36 79 31 33 59 95 45 100 16 68 96 4 32 25 37 18 60 51 75 99 94 67 84 10 12 40 100 59 47 44 28 46 1 85 24 41 88 82 10 38 33 56 2 6 35 31 11 26 59 40 34 52 9 78 86 9 8 64 2 91 98 50 53 84 94 10 100 10 49 48 47 36 16 0 30 59 57 41 76 29 27 42 22 90 76 5 25 56 83 26 28 53 99 3 73 24 100 77 92 96 57 34 35 91 66 27 68 60 83 3 99 96 48 10 86 30 60 46 20 23 16 0 94 9 76 3 42 16 70 84 65 61 1 9 29 49 24 44 56 78 81 10 75 79 12 51 64 19 61 96 88 64 41 14 80 56 79 65 3 46 49 22 17 85 76 31 95 55 10 67 49 8 11 47 23 72 78 67 56 41 35 1 89 95 0 99 70 27 49 30
89 46 23 66 22 40 24 3 52 14 88 15 14 86 25 20 60 74 98 53 31 99 25 7 24 77 81 7 43 85 85 13 71 90 67 46 14 53 90 47 85 24 35 80 63 8 8 29 49 11 53 16 61 55 99 67 34 95 52 72 83 38 28 31 63 45 35 38 48 89 24 74 24 61 89 63 17 82 71 5 74 72 77 21 69 92 86 72 89 66 2 85 97 56 14 21 45 67 58 77 92 46 46 50 48 91 15 26 33 31 30 53 26 36 53 44 76 4 33 91 87 91 10 0 35 3 86 2 7 87 36 61 34 15 24 89 22 6 26 17 12 64 44 2 25 93 21 57 74 98 59 75 37 12 15 72 99 25 81 29 63 17 14 84 56 57 15 98 38 30 52 95 66 36 11 18 21 26 5 5 71 67 0 70 80 89 33 8 77 85 45 64 70 93 34 9 48 21 60 30 46 24 86 20 93 16 38 61 10 4 67 97 53 54 49 89 100 82 7 48 20 90 47 45 82 34 7 23 56 83 92 94 13 74 26 45 66 96 95 1 22 86 93 81 47 78 37 24 33 96 10 43 88 53 100 47 71 33 57 0 47 15 74 71 85 37 64 8 10 21 74 98 45 44 14 41 4 22 84 34 18 25 31 46 47 70 4 49 21 31 27 59 47 77 70 98 96 53 87 33 19 5 95 94 86 23 91 69 82 99 3 31 27 15 68 46 4 70 43 64 21 29 54 24 89 70 37 34 100 18 99 37 71 87 36 51 95 18 11 87 62 64 98 59 84 9 50 15 19 45 79 51 91 1 16 46 32 69 22 83 54 32 35 41 15 53 59 29 79 57 33 56 41 50 69 1 52 75 8 69 59 1 83 15 47 84 22 58 99 83 45 61 34 68 11 51 29 70 7 73
93 61 21 26 96 92 14 32 26 57 73 62 64 28 9 75 10 75 43 11 69 41 91 11 54 100 73 2 59 72 96 72 3 96 64 14 35 9 23 9 43 34 34 1 97 65 29 19 69 13 33 86 55 29 35 24 76 14 41 78 21 11 61 16 10 93 100 93 20 68 10 48 60 15 56 29 41 73 16 88 99 24 64 27 63 76 61 2 58 61 30 24 75 100 20 94 54 37 74 80 0 20 87 71 39 71 44 81 85 47 5 63 32 2 74 49 44 37 64 6 67 24 3 84 15 62 45 47 78 46 6 12 62 36 39 99 48 83 47 29 44 91 89 78 55 63 24 32 19 11 92 89 43 97 93 60 4 99 84 74 85 11 16 29 31 46 18 41 89 5 84 64 17 27 39 62 40 62 90 20 21 87 36 64 80 14 40 59 77 69 80 3 25 43 66 77 40 11 24 62 63 98 70 94 17 81 1 22 83 50 32 99 44 40 48 55 3 44 72 37 44 86 12 32 84 67 78 65 26 15 68 31 81 74 86 88 61 21 99 6 4 100 5 8 100 47 1 61 51 41 68 37 89 13 58 81 58 10 57 28 25 47 85 49 81 57 13 21 48 58 24 20 42 100 88 61 71 17 47 95 20 15 59 48 95 26 69 55 52 24 25 95 88 7 97 52 96 31 87 86 53 98 74 39 69 36 71 76 4 86 81 89 35 36 41 58 86 8 53 45 31 43 47 32 18 67 96 14 18 82 59 63 6 1 89 81 88 2 16 59 81 86 2 66 45 11 20 71 16 55 5 48 77 75 43 70 59 50 88 99 43 26 49 78 15 8 65 6 88 22 5 5 39 73 17 37 45 41 15 25 6 13 5 4 57 40 53 62 1 27 47 12 23 91 70 37 96 15 55 46
51 71 93 59 13 90 70 34 7 9 1 82 74 97 15 88 46 28 55 42 8 0 6 95 26 16 41 27 74 85 81 14 41 15 26 29 51 22 0 50 27 60 0 68 28 95 75 77 80 34 12 8 90 50 87 60 43 80 59 61 29 81 55 56 17 22 87 67 13 9 94 59 58 78 79 22 97 49 77 88 84 58 95 28 11 45 92 86 65 49 80 14 96 16 79 57 3 94 92 72 65 91 77 92 86 60 84 100 84 46 55 57 86 11 2 18 20 92 90 3 88 82 70 64 16 80 26 50 86 23 10 49 58 96 93 8 80 80 49 63 53 28 71 18 15 20 37 3 30 22 37 96 99 21 54 33 1 10 89 76 3 22 69 37 41 47 24 3 5 66 14 90 43 42 34 65 28 5 46 20 76 87 10 82 25 89 78 35 24 4 85 71 81 12 65 94 49 64 81 61 21 71 27 13 54 16 72 1 37 83 75 81 83 51 20 43 86 59 11 52 11 68 32 9 64 77 10 66 97 41 75 50 0 82 16 80 20 8 7 67 69 69 74 88 47 1 95 50 74 39 15 78 43 46 80 91 84 48 17 20 20 97 9 11 99 78 26 83 96 39 91 53 61 60 91 53 79 68 15 61 73 93 51 37 26 86 70 71 32 1 93 87 63 33 93 2 90 39 70 15 81 68 2 41 45 57 62 57 31 62 45 44 41 14 45 7 50 94 42 27 59 33 30 92 92 28 5 22 37 5 78 5 25 39 7 50 32 10 84 94 9 58 98 75 4 51 92 24 54 1 13 5 62 49 89 66 90 99 2 10 88 55 42 36 11 13 23 78 42 7 27 72 33 1 35 34 4 72 68 36 90 89 60 96 91 15 29 42 87 92 68 99 9 52 55 78 45 15 45 55
56 5 24 14 100 87 12 84 90 90 25 49 59 29 75 22 57 71 43 5 48 62 89 56 40 28 6 0 32 47 46 17 53 71 58 21 7 25 87 14 2 44 14 2 72 40 100 80 4 11 37 29 13 35 37 39 26 87 39 43 85 53 72 39 44 71 39 99 73 57 4 95 89 96 57 41 3 63 68 36 86 83 90 95 70 59 90 71 25 57 60 27 47 50 73 97 56 76 7 13 21 91 52 93 51 4 42 57 96 28 61 19 42 45 44 70 16 60 82 61 11 34 53 40 83 74 80 42 96 73 55 92 53 52 46 46 61 6 95 6 92 25 70 43 92 0 10 100 73 26 3 87 94 78 8 11 46 57 19 49 78 100 26 65 21 15 15 55 44 93 38 30 86 87 99 52 7 28 93 90 38 36 21 23 19 78 38 52 43 87 95 62 9 15 20 91 26 42 57 34 30 72 1 27 47 22 100 96 74 3 39 41 30 77 34 100 57 16 89 31 60 24 44 87 60 68 62 9 60 2 45 93 17 49 47 47 91 63 33 29 61 56 63 89 14 31 84 30 93 44 98 75 61 29 47 20 1 3 76 43 33 46 62 95 22 77 38 21 62 61 35 51 28 21 31 1 48 9 31 40 48 89 21 22 76 90 98 90 1 38 65 73 0 75 76 98 74 6 64 78 47 62 45 63 78 50 96 46 31 81 4 82 35 92 41 42 28 53 2 67 43 30 39 49 25 13 78 93 36 90 86 96 32 77 30 68 19 37 14 26 84 29 97 80 84 26 46 54 81 66 7 9 88 13 59 71 80 59 26 87 55 9 30 55 51 1 70 64 30 80 68 86 99 79 43 4 53 12 12 6 56 16 36 82 42 4 70 47 66 37 1 20 67 86 45 70 93 50 6 32
3 51 4 77 36 30 98 94 26 81 36 62 62 41 50 47 72 89 49 72 17 2 42 81 76 38 61 99 32 11 2 79 64 77 56 92 31 89 29 31 35 3 59 74 32 81 83 6 20 51 0 84 23 9 98 22 33 59 46 15 97 48 60 60 17 86 56 52 41 92 5 26 26 40 69 91 56 50 99 64 88 24 27 98 84 80 6 87 88 75 97 74 60 91 41 33 2 33 13 54 1 5 85 100 85 93 47 72 34 1 11 6 0 7 62 49 67 72 95 79 82 29 47 48 18 84 79 22 58 41 9 65 33 74 100 67 77 35 11 51 68 87 66 16 64 2 84 67 8 80 76 57 22 69 4 0 43 84 31 9 73 70 12 32 35 51 28 14 22 84 64 52 70 83 40 53 5 48 33 78 46 83 14 90 25 1 100 38 56 99 61 67 58 34 71 20 4 70 98 81 95 12 52 56 10 96 89 32 84 33 66 25 79 97 76 95 27 54 8 33 28 88 31 74 60 90 80 65 41 57 79 11 79 1 27 29 21 100 46 41 3 32 69 58 94 48 5 28 48 1 46 33 4 15 75 39 21 27 40 55 66 92 80 56 74 72 40 65 96 51 36 45 20 30 54 34 15 27 51 38 64 15 1 76 45 91 56 67 5 65 5 63 13 99 62 96 22 61 99 42 30 11 45 94 96 27 98 33 33 88 91 28 89 36 32 37 49 5 57 48 93 51 69 15 38 36 92 40 43 77 38 73 64 60 95 95 6 52 53 70 1 8 5 54 56 47 75 76 21 63 73 83 58 86 62 55 64 51 71 93 97 14 36 76 28 94 48 93 76 1 40 90 28 100 99 88 16 21 68 31 24 55 49 51 12 82 98 68 6 76 28 19 60 69 63 16 95 14 92 24
95 21 17 84 52 50 86 82 44 9 63 48 28 10 14 11 98 63 32 23 13 69 7 13 23 43 94 80 43 73 44 34 99 73 94 23 91 86 23 70 32 23 16 36 44 90 90 56 63 24 7 58 87 4 40 60 32 49 99 3 46 73 7 98 94 39 19 34 3 27 45 1 61 47 34 69 41 93 64 12 96 13 29 73 0 48 47 57 91 66 80 29 30 94 68 5 38 72 50 87 100 28 48 80 88 50 73 9 91 12 63 61 50 62 28 46 19 89 95 71 51 63 65 89 56 49 83 9 34 2 53 42 44 96 82 13 37 17 82 1 63 96 87 86 67 96 63 50 5 20 71 59 7 39 81 61 85 45 89 51 66 80 92 61 65 90 14 76 17 67 50 15 18 57 35 96 85 65 42 32 10 32 70 84 20 11 45 59 94 59 22 50 100 3 6 35 35 22 59 35 18 28 96 57 68 59 38 54 79 28 42 40 80 75 58 45 32 47 27 68 90 93 70 66 50 95 11 89 43 54 62 76 85 12 93 29 15 96 40 0 29 69 84 48 30 22 46 80 43 34 50 67 29 14 67 38 45 73 35 14 58 41 7 78 35 7 54 34 91 20 77 9 39 83 13 43 1 32 64 85 58 69 49 71 34 86 38 94 40 82 8 76 52 44 57 11 85 34 93 7 41 29 84 47 4 13 59 34 31 76 78 31 93 28 32 1 100 20 76 8 17 91 95 58 97 68 18 44 74 35 6 96 17 91 47 95 13 22 64 23 55 82 52 22 98 100 58 14 93 92 22 87 38 64 89 88 86 42 0 35 98 58 64 32 43 91 84 3 67 11 23 27 52 42 62 31 1 3 66 66 71 79 44 28 87 35 57 98 79 94 18 31 51 88 68 25 33 16 30 87
55 55 89 69 95 20 67 66 60 76 34 21 41 52 77 51 37 52 7 86 52 50 55 55 65 23 43 18 75 39 76 26 62 22 92 58 27 84 44 62 89 69 39 11 62 32 66 76 39 68 50 89 23 100 54 16 49 8 19 68 77 74 79 81 9 57 36 60 100 73 67 9 93 47 29 88 0 58 53 58 7 47 18 63 52 96 35 53 68 76 0 34 37 35 52 97 66 23 89 95 69 84 79 74 89 2 40 60 22 3 91 21 86 43 8 87 91 23 98 79 64 72 37 60 11 86 100 48 84 6 12 38 52 52 8 55 12 56 43 72 73 90 44 43 33 52 88 0 43 53 70 21 67 67 11 69 4 59 49 70 91 56 11 26 13 58 43 17 64 90 80 54 3 15 80 24 86 31 9 36 52 62 44 2 0 45 51 76 63 57 61 59 51 69 96 15 12 64 95 74 58 85 6 75 93 23 94 79 13 39 25 37 57 6 46 61 30 85 2 29 7 57 4 65 88 92 10 61 97 87 67 50 4 33 35 80 10 99 70 1 80 47 73 95 44 31 68 32 12 27 13 5 68 27 51 30 28 83 75 40 16 7 27 58 20 76 74 89 74 14 82 3 1 87 37 42 54 38 39 45 62 80 38 87 45 23 89 10 89 14 86 67 71 84 79 85 0 62 84 59 4 1 5 2 35 52 34 11 79 85 83 36 36 15 34 15 54 23 73 92 12 54 72 86 100 88 71 5 27 27 2 86 60 1 44 35 90 52 71 89 77 46 80 48 65 17 59 80 97 32 75 81 10 71 9 75 42 34 0 75 63 52 36 58 25 63 75 60 4 80 49 94 0 26 85 6 39 53 44 28 19 20 9 95 94 34 18 72 30 93 62 45 94 37 90 94 35 41 20 74
84 73 58 71 20 19 31 27 71 84 38 92 59 44 89 79 9 25 62 18 84 39 14 32 77 84 12 95 38 56 36 56 81 70 61 52 25 85 0 15 27 74 79 68 82 39 33 70 22 67 37 30 38 89 9 68 72 57 87 81 23 30 77 99 66 52 9 51 89 51 61 57 93 91 50 91 76 38 33 30 97 2 25 41 97 31 2 8 86 80 89 46 14 90 10 87 55 76 22 83 70 73 11 72 21 45 73 12 32 97 100 70 20 66 62 85 19 79 59 47 3 78 38 84 33 80 23 94 1 32 18 4 79 21 23 35 39 32 61 43 92 20 14 18 77 17 58 60 77 40 15 52 25 64 55 74 17 12 48 91 37 0 84 98 15 95 97 16 78 59 69 71 29 38 98 63 79 70 53 41 79 14 22 85 42 48 24 83 92 74 21 11 33 80 0 71 29 39 31 19 30 74 49 65 80 56 64 47 57 56 15 39 15 81 38 57 41 75 10 76 5 88 1 11 99 80 78 0 54 11 54 22 36 13 41 47 85 80 66 59 8 39 96 0 85 63 17 66 5 57 36 85 36 73 1 31 17 96 38 59 17 25 34 91 14 91 55 80 88 39 26 48 28 45 89 95 56 57 37 82 9 86 54 29 50 62 8 48 54 95 73 29 22 30 70 91 51 35 5 84 21 30 32 55 30 85 91 53 31 53 15 12 49 22 23 11 49 48 32 81 20 46 35 59 89 82 1 28 31 19 69 81 31 8 82 23 94 22 75 97 10 22 40 86 70 81 90 7 87 42 30 41 43 47 33 11 74 11 89 23 37 54 55 44 37 4 37 30 35 43 3 41 32 58 36 89 38 90 93 66 70 87 37 97 35 77 89 83 32 51 53 43 76 52 18 35 91 14 45 69
2 18 30 89 17 56 23 37 66 67 21 96 90 66 92 81 97 47 31 7 68 7 86 99 59 70 51 21 100 61 27 73 98 82 91 90 12 68 84 91 0 94 43 34 33 56 23 31 56 39 65 7 52 86 21 61 79 45 87 95 5 66 1 99 53 13 100 69 96 80 22 37 41 84 81 95 95 58 86 60 89 17 62 61 56 15 14 60 31 61 6 47 69 33 71 87 8 6 55 61 96 40 0 79 91 47 1 45 13 26 59 97 77 64 2 49 8 14 70 70 76 64 46 18 19 63 82 68 88 76 30 73 37 78 30 47 90 8 28 52 10 29 33 6 49 39 75 62 99 26 97 26 61 97 3 86 64 21 60 24 64 7 47 18 68 41 70 32 30 26 50 96 21 51 47 7 8 46 77 7 62 6 75 96 70 13 4 80 50 81 9 21 87 57 36 4 57 100 17 37 31 44 67 94 21 4 42 28 70 75 51 53 75 30 52 89 23 75 47 76 11 87 71 82 68 17 62 74 35 68 19 13 39 19 35 91 77 66 11 40 26 67 22 49 95 96 45 69 12 48 98 35 49 42 35 73 71 59 37 17 33 55 98 20 50 90 17 66 34 40 12 12 71 88 100 60 20 74 49 22 64 12 52 69 38 72 7 56 72 46 74 80 45 38 48 60 81 40 94 92 91 66 6 30 59 26 49 33 15 83 29 13 52 90 74 7 0 55 22 45 52 80 95 5 30 76 28 56 88 27 75 54 100 75 78 24 2 22 92 46 11 73 21 44 97 62 41 66 35 70 85 17 11 46 6 13 21 74 15 58 59 10 98 19 62 25 83 69 66 48 20 22 14 85 79 91 44 63 39 9 70 28 86 76 41 84 8 68 60 84 88 24 98 75 25 52 87 34 21 7
60 71 86 3 77 53 85 53 96 76 41 27 93 37 21 85 23 14 73 0 77 44 79 8 12 12 23 42 52 62 28 61 40 72 92 21 30 38 7 21 75 92 12 92 78 39 99 71 87 96 73 64 74 20 38 74 36 23 17 3 50 26 32 2 7 8 22 44 98 26 73 88 67 20 64 47 41 21 65 59 59 75 77 80 4 60 50 80 68 66 81 54 95 26 85 32 98 87 66 63 60 77 1 97 98 34 2 70 38 32 55 16 100 39 29 2 99 96 40 81 25 96 45 13 29 87 35 52 98 2 42 19 42 71 37 58 89 40 37 47 28 64 54 7 23 20 7 56 22 54 47 90 32 20 9 35 63 34 53 52 12 31 33 29 34 91 64 78 63 100 54 76 74 2 83 46 70 68 66 18 65 58 55 84 55 70 99 5 29 19 35 1 38 39 69 21 61 49 45 68 64 95 78 0 77 3 46 49 45 80 36 36 14 48 89 12 44 5 53 26 12 6 54 44 76 86 79 10 26 41 62 18 31 58 34 37 58 89 19 61 27 59 75 26 60 41 66 99 45 92 13 5 94 59 89 3 62 81 19 29 19 37 14 59 19 91 58 90 67 32 21 79 77 51 80 20 24 63 33 91 89 86 98 86 5 56 21 49 69 32 5 26 65 31 26 83 92 30 59 78 84 27 81 80 32 46 36 43 20 89 7 10 71 11 43 62 26 41 75 9 61 34 70 45 91 9 55 49 28 67 39 47 18 46 47 30 32 93 72 67 54 51 72 41 83 34 18 19 65 64 55 33 86 73 47 95 38 19 55 1 36 77 72 71 78 37 83 10 19 27 98 97 5 86 51 80 89 46 6 45 95 32 80 55 56 87 22 96 52 63 27 55 99 37 40 63 83 70 46 76
56 46 2 8 99 75 72 34 96 57 69 62 94 21 94 54 4 36 29 84 55 10 1 60 47 29 36 77 24 27 24 26 32 63 59 38 81 72 67 69 99 88 90 94 52 24 68 53 30 2 41 59 34 56 13 52 38 18 6 61 70 58 54 25 51 58 85 57 27 74 72 34 84 90 42 3 91 63 41 2 41 18 56 41 65 61 82 67 3 32 49 25 94 26 68 81 57 70 63 6 47 47 94 14 90 9 0 87 6 12 67 63 98 73 93 94 15 89 42 93 7 96 59 17 79 21 10 2 44 88 39 74 50 75 25 95 74 14 5 91 74 43 2 88 49 96 35 85 40 100 86 52 100 47 50 77 68 64 9 77 55 53 92 66 66 85 70 66 42 52 67 14 63 17 90 32 21 44 25 83 34 49 46 87 71 49 73 99 2 53 45 78 9 90 33 0 93 59 5 73 34 39 27 34 15 80 47 44 44 92 29 57 14 59 83 14 16 2 77 58 67 38 3 85 84 38 52 17 37 53 23 98 94 7 10 95 87 62 56 22 38 96 33 31 69 61 38 86 35 1 75 38 63 19 94 12 21 50 77 45 61 66 48 35 39 100 32 37 99 3 64 13 39 86 78 50 3 46 84 98 98 32 69 57 0 2 85 92 82 62 88 17 14 40 6 90 3 85 68 75 6 45 24 20 96 62 41 38 25 78 27 47 86 17 12 68 64 74 18 25 85 45 59 62 72 46 4 0 81 92 37 10 73 83 91 76 57 19 61 37 98 6 97 84 45 0 20 8 65 21 75 16 92 57 35 64 49 81 4 40 36 66 42 90 61 1 30 63 71 40 36 70 9 17 9 53 41 93 61 31 49 32 17 12 29 21 35 4 64 70 49 86 6 98 18 91 20 25 39 8
98 74 82 41 0 89 52 82 29 22 13 60 97 32 10 57 92 43 48 73 53 22 34 1 50 29 77 68 75 100 72 56 7 88 74 0 62 1 92 36 72 42 48 41 81 91 43 98 90 22 91 40 95 10 62 42 19 65 33 68 35 39 20 41 15 3 65 21 21 79 41 87 6 56 19 10 69 43 27 82 44 87 59 42 76 41 96 95 93 70 40 9 62 87 8 77 82 39 46 13 72 42 90 0 27 86 70 82 23 70 76 63 54 12 58 69 52 96 66 50 12 99 32 9 58 70 2 31 2 35 13 82 46 81 53 60 86 65 33 77 56 37 86 8 53 51 27 87 81 53 16 69 42 54 2 67 17 80 20 72 39 84 90 55 75 48 18 28 98 48 7 64 13 45 52 89 24 71 3 74 22 91 66 3 80 78 85 64 73 2 31 69 15 22 19 13 37 47 72 87 82 6 23 30 42 86 66 34 20 57 90 85 34 32 75 93 9 19 86 73 82 21 19 94 65 64 56 64 59 80 70 31 22 91 69 8 57 48 99 56 54 15 54 79 1 44 54 5 99 78 81 76 37 4 100 46 31 67 60 10 81 93 71 16 87 13 80 74 28 51 24 65 79 51 66 21 55 9 85 48 77 23 10 19 31 77 10 58 95 98 74 18 88 24 0 31 35 94 43 41 54 51 5 32 2 38 48 42 24 65 35 30 88 97 24 81 62 18 28 13 77 26 77 53 34 73 9 11 99 76 86 69 48 0 54 87 24 59 1 22 20 38 29 71 3 57 28 1 88 61 11 56 63 31 77 15 17 61 79 26 17 59 17 65 95 5 99 21 86 78 51 29 45 41 23 34 55 67 63 24 6 31 67 88 42 97 29 56 46 90 89 26 2 1 47 92 56 94 63 50
73 18 40 84 37 34 14 52 99 30 43 10 16 47 99 81 76 7 100 74 26 31 47 28 39 31 24 15 57 14 89 2 91 36 99 44 23 51 48 60 73 84 95 53 54 23 39 90 21 76 33 16 69 9 47 22 6 54 0 78 91 47 79 76 69 10 73 84 43 37 46 62 55 57 32 48 96 25 56 81 63 54 3 10 10 4 42 73 87 13 55 35 87 77 84 46 65 76 63 5 18 48 83 30 0 41 66 91 0 21 58 79 66 92 85 11 100 83 56 54 53 87 5 75 42 39 85 82 43 46 53 23 30 13 45 83 96 3 3 54 94 29 36 90 85 41 18 33 45 98 25 56 52 9 49 97 10 38 21 10 30 59 63 98 88 99 7 47 100 33 5 78 11 70 26 0 55 98 17 71 24 65 14 78 68 10 16 66 75 36 1 16 32 14 43 0 5 13 82 92 88 94 69 65 73 36 16 36 100 22 0 8 8 25 77 39 61 77 43 44 59 56 73 73 42 98 85 28 57 45 1 9 37 76 94 74 24 84 8 14 22 40 68 76 33 25 85 28 34 36 23 35 64 85 3 90 53 18 9 45 36 59 37 75 49 5 3 58 23 37 22 37 66 92 44 4 35 17 35 73 32 29 23 71 54 51 4 52 68 21 12 93 33 60 66 71 34 55 66 43 30 0 41 72 82 23 18 15 66 83 65 90 96 72 99 38 31 37 32 40 98 18 50 92 82 68 48 12 8 96 51 42 72 23 60 75 37 13 40 11 42 64 0 2 38 85 17 96 62 91 6 33 20 3 60 45 40 66 10 60 82 71 92 20 88 38 45 93 82 23 64 10 84 35 9 6 29 89 8 96 59 11 78 45 51 94 80 28 87 4 39 0 75 81 45 39 43 0 63 92
86 60 6 47 46 55 53 33 9 70 78 27 64 83 59 100 5 97 99 66 12 18 60 48 99 6 100 37 2 52 44 6 30 79 71 97 66 75 10 46 53 46 52 57 56 64 51 11 79 44 83 23 92 10 16 46 85 36 89 69 5 28 99 25 51 75 55 99 58 13 26 87 94 0 27 19 58 54 82 44 26 100 81 50 29 41 32 7 62 5 21 86 42 27 38 54 86 15 49 87 82 1 8 37 10 91 84 8 18 73 31 51 22 39 68 2 23 52 42 40 38 86 23 76 62 83 97 12 6 90 31 69 10 48 80 47 81 84 24 2 45 43 10 81 3 8 97 77 29 89 84 85 6 59 72 38 28 85 73 41 21 84 99 42 37 76 96 61 69 81 43 72 43 74 15 52 63 91 54 44 18 26 66 61 6 68 82 6 86 33 15 24 47 70 78 57 52 60 91 57 93 33 91 73 22 20 27 69 27 48 71 59 65 54 54 58 81 25 86 70 51 26 78 18 38 63 16 72 52 76 45 86 66 62 80 77 7 95 34 100 37 8 22 32 56 31 79 42 57 25 14 57 28 58 95 39 15 6 66 43 15 56 68 48 7 24 21 78 31 52 74 42 33 57 63 70 50 22 53 87 50 92 56 63 12 11 8 32 65 40 12 10 83 8 7 66 94 51 10 68 50 50 3 76 36 77 86 20 48 66 40 12 72 9 28 69 0 46 32 93 91 78 50 64 98 79 58 31 72 33 18 15 52 78 82 88 50 49 80 46 25 92 68 7 54 24 7 79 15 90 63 26 43 1 40 63 59 80 79 35 17 41 23 69 83 11 23 52 3 52 37 66 51 32 29 27 8 6 50 93 95 26 41 41 2 80 23 38 35 46 7 9 3 99 35 46 74 17 37 34
9 62 56 86 11 7 23 92 39 87 69 58 61 39 15 12 39 87 5 6 21 73 50 30 54 94 27 88 34 31 67 69 59 21 32 46 6 40 25 53 62 95 55 86 13 89 18 54 78 49 63 70 22 32 53 46 17 96 24 57 100 81 11 82 54 29 74 40 41 90 37 81 59 44 46 17 16 48 52 51 100 18 57 34 16 39 8 80 62 48 70 50 54 93 2 97 49 76 6 1 68 35 13 1 14 65 87 11 2 67 71 44 6 72 88 35 31 93 89 63 18 1 61 19 71 31 54 31 7 48 2 39 6 14 53 18 82 22 1 75 94 40 43 56 64 51 33 27 0 16 93 56 62 63 27 25 0 51 32 66 82 13 29 54 51 39 49 100 15 43 30 43 78 9 78 10 92 59 77 87 22 2 41 64 94 44 73 16 69 31 46 61 99 69 10 78 46 76 64 44 60 76 89 45 89 23 90 37 23 27 25 95 14 99 24 81 96 46 37 85 9 32 23 15 44 49 65 52 45 69 5 23 85 43 29 73 70 24 98 33 96 45 83 61 34 16 36 37 45 99 91 98 11 21 22 92 1 48 80 5 69 49 63 64 0 55 28 77 70 85 85 87 63 23 65 53 9 12 8 4 68 51 9 18 11 10 1 26 38 60 46 98 66 66 85 60 37 23 57 10 36 98 2 94 31 14 2 67 37 16 62 17 83 20 8 33 45 42 75 99 0 45 62 43 38 20 94 22 34 64 60 90 41 30 41 18 46 22 88 5 96 87 75 11 10 25 100 86 93 81 56 22 30 75 56 9 11 71 87 15 42 10 16 83 25 77 97 35 82 73 26 0 38 9 7 70 53 92 18 47 55 10 45 79 19 38 63 16 41 63 51 26 63 17 51 13 57 7 50 13
15 93 64 83 56 21 38 79 60 15 80 89 73 16 81 23 97 60 97 67 31 65 94 4 56 25 10 50 19 83 6 58 57 86 79 15 49 60 71 54 16 89 82 28 38 42 29 20 46 58 18 55 20 37 54 56 58 8 100 85 8 98 55 92 67 56 38 84 46 14 100 99 61 53 93 46 85 10 22 10 51 47 5 82 81 74 46 41 24 94 70 0 78 27 26 97 85 70 69 67 97 58 94 57 20 87 41 17 50 73 18 24 90 45 83 82 7 3 26 79 68 43 92 37 90 0 44 91 97 28 55 15 74 42 92 59 65 12 17 14 49 44 11 33 73 92 100 98 44 90 13 19 9 78 15 2 17 32 92 25 44 34 21 15 88 93 19 88 59 41 79 88 56 15 37 42 5 34 62 5 47 27 9 46 28 21 28 27 90 80 66 15 47 89 50 63 41 46 34 16 10 9 61 81 17 43 28 70 73 56 22 51 98 95 35 62 7 65 25 7 1 72 7 95 88 88 78 43 90 40 42 12 36 78 75 82 57 29 43 12 25 42 3 2 65 8 61 88 13 29 79 24 45 59 14 41 60 85 85 67 59 14 24 96 49 84 4 33 49 59 72 83 39 70 78 60 29 62 5 82 64 55 69 94 42 5 91 9 35 24 81 32 80 50 31 99 84 94 95 81 88 0 78 59 22 54 52 85 63 24 83 49 48 24 91 78 12 67 12 45 78 31 0 11 49 73 17 81 13 73 90 0 31 3 20 21 28 5 17 66 0 100 46 27 58 58 92 73 44 1 36 55 8 28 44 95 69 93 25 86 68 93 58 73 69 85 65 50 22 47 35 93 94 90 47 68 10 76 8 85 10 44 31 51 63 94 78 14 57 7 31 82 88 34 47 7 90 40 0 21
35 1 95 31 25 82 80 26 98 39 85 64 30 44 98 99 75 65 35 3 74 33 57 99 53 16 39 32 62 65 69 80 36 99 45 40 99 24 12 79 6 80 14 66 87 33 75 68 92 46 17 6 14 41 52 87 5 79 9 56 25 95 48 29 64 96 82 87 56 13 87 59 99 15 92 69 59 93 12 50 30 60 54 38 81 29 0 61 45 40 95 4 68 99 23 90 94 81 49 78 7 82 54 92 95 54 1 34 48 37 63 17 35 45 38 57 31 71 72 33 98 30 78 48 88 75 28 64 81 93 5 50 43 15 19 87 47 82 15 48 29 0 75 26 84 86 2 26 43 86 6 27 89 86 53 68 34 68 58 56 96 73 20 38 86 79 49 21 80 91 54 17 58 65 49 46 45 7 18 4 44 6 27 9 16 14 65 87 47 64 26 54 25 91 22 28 81 82 34 96 41 0 64 13 76 8 31 84 25 27 86 20 69 52 86 38 88 99 26 6 3 17 49 33 5 5 76 80 73 84 91 33 21 6 92 35 8 76 13 7 31 9 47 0 84 51 8 41 68 37 83 28 38 35 9 96 71 71 69 51 7 15 13 14 31 22 17 92 7 89 36 44 97 12 10 40 66 97 9 69 79 88 69 64 94 49 70 62 13 43 39 75 12 5 26 77 48 58 28 5 45 17 97 73 16 96 73 75 63 42 28 82 44 48 91 91 82 69 86 49 55 51 85 80 63 38 38 44 44 32 86 77 62 43 31 19 4 84 36 44 48 96 59 78 51 68 34 95 44 48 68 31 69 2 35 78 63 47 6 59 41 10 12 33 41 6 62 92 15 10 38 94 98 16 1 37 45 36 87 22 98 25 38 64 98 42 41 27 78 86 27 99 30 20 4 29 90 58 88 77
87 39 77 50 90 40 60 99 65 86 86 49 80 30 59 22 64 77 36 6 10 71 75 6 34 73 27 38 21 57 88 8 76 17 43 90 78 97 38 19 19 54 51 74 2 42 95 89 59 83 75 33 79 79 35 28 38 98 75 5 91 55 17 37 30 95 92 33 91 75 52 14 64 74 80 37 22 36 61 85 88 12 8 0 89 44 80 80 66 72 83 44 43 35 35 19 43 26 82 88 70 12 55 55 27 15 95 12 72 7 68 54 74 36 53 83 87 46 44 89 71 35 92 66 82 86 37 86 87 79 67 44 98 60 6 78 93 11 27 30 4 68 98 46 28 78 32 47 55 26 54 8 90 57 22 48 60 48 50 44 46 14 44 71 14 18 26 75 8 47 100 17 84 48 17 68 57 23 0 61 41 55 3 74 46 3 34 4 74 93 33 68 26 5 79 42 66 33 53 85 65 20 87 31 44 56 0 44 62 0 26 40 81 35 87 37 73 17 24 76 43 81 43 47 56 14 75 57 91 14 56 29 86 80 71 77 88 82 16 5 43 28 21 3 91 71 14 43 80 8 58 28 41 82 71 65 84 44 22 90 48 72 70 73 43 89 71 32 20 52 85 48 21 6 46 7 60 67 49 52 92 45 59 56 60 53 26 34 13 17 78 14 66 87 44 83 73 34 19 15 13 88 71 27 4 5 13 53 68 30 39 41 17 96 59 56 37 72 72 15 5 99 26 58 49 32 86 66 77 38 91 66 41 73 85 49 71 53 95 47 60 11 20 17 56 49 37 10 53 17 26 65 13 2 85 0 5 73 49 50 51 31 50 76 68 3 64 70 32 43 35 81 17 77 12 87 63 40 5 29 33 8 10 32 86 6 81 41 0 95 65 14 43 59 38 68 88 94 63 53
31 96 65 97 53 42 31 69 65 46 2 8 60 82 79 60 6 23 55 100 23 45 65 89 15 15 7 59 59 81 95 50 97 14 94 83 1 33 67 86 27 58 89 98 16 10 26 57 0 53 91 15 98 92 17 29 91 46 72 77 73 60 97 19 26 37 14 75 38 18 87 57 34 10 67 86 90 47 96 38 81 86 28 93 17 80 55 12 32 80 27 26 25 91 1 37 65 65 18 74 20 55 47 4 3 28 28 68 56 31 96 6 75 0 39 94 41 51 94 16 90 31 21 46 8 86 96 78 10 51 13 2 87 82 65 43 6 93 78 31 38 53 57 91 58 98 99 45 93 50 18 55 89 38 7 61 71 72 92 82 84 93 12 77 28 85 36 27 34 52 29 9 80 5 65 32 60 97 3 26 90 79 52 19 76 86 84 45 70 65 84 2 78 51 87 23 88 100 17 42 59 24 96 55 41 97 45 49 54 80 62 56 53 39 76 84 55 100 69 49 54 13 49 91 25 20 52 31 1 90 17 18 78 74 42 88 39 10 73 40 40 14 61 74 30 14 90 79 43 1 14 65 75 62 98 85 44 78 55 84 10 99 30 89 0 36 28 2 69 61 35 14 43 78 6 77 39 89 92 68 82 96 5 68 80 85 54 68 18 95 7 60 59 27 5 97 91 65 26 20 75 31 47 32 66 62 27 55 47 88 57 55 93 57 18 35 72 95 89 33 52 66 96 11 14 3 54 7 19 12 83 88 18 92 53 9 72 79 46 22 73 26 79 75 14 51 96 2 99 46 17 20 27 100 59 63 17 49 79 82 71 14 52 49 82 84 7 77 58 67 95 78 50 68 9 33 9 80 88 39 58 39 14 46 55 44 81 52 72 14 8 39 32 7 3 93 76 55 60 43
5 12 39 85 61 46 4 76 31 51 71 83 59 76 16 8 80 35 19 19 66 15 7 62 50 80 37 47 15 59 10 33 0 62 93 5 72 45 84 66 11 61 28 29 68 81 67 66 61 76 5 1 87 3 18 6 98 22 68 38 53 63 0 65 64 81 90 45 65 94 35 10 19 53 70 66 37 48 2 31 89 61 62 6 27 86 21 64 21 54 27 18 72 55 76 13 64 57 93 94 42 75 64 48 85 87 26 31 2 24 75 24 57 44 61 59 98 43 2 54 73 70 74 85 4 98 61 75 7 99 78 62 54 27 68 54 33 14 43 38 2 39 100 100 40 96 89 47 15 15 51 61 36 75 25 69 70 57 62 69 21 38 33 100 86 79 0 29 67 17 82 44 95 49 72 40 23 17 24 75 51 50 34 32 17 21 0 10 6 40 27 40 18 30 84 13 15 60 3 77 75 85 98 89 60 80 42 75 84 83 79 61 56 42 86 69 19 74 63 7 94 56 28 55 12 50 7 46 69 39 87 21 84 70 48 29 16 31 20 51 12 66 76 65 4 81 71 100 46 23 31 53 37 16 79 13 77 72 39 7 34 18 17 77 18 60 82 75 88 2 1 96 43 32 5 36 38 80 10 15 71 3 84 75 93 72 35 64 28 78 4 21 69 76 70 7 46 4 12 24 18 96 34 19 57 83 42 86 25 52 39 59 38 53 97 18 35 91 95 93 71 49 27 84 58 30 88 0 11 15 38 45 18 76 62 88 2 75 79 71 80 95 64 38 59 31 89 19 79 66 86 52 61 18 64 56 40 11 74 60 62 77 90 41 40 81 43 23 52 3 78 81 93 39 66 46 32 65 84 54 46 71 30 50 41 42 82 72 94 13 69 98 37 44 38 4 88 59 68 50
73 39 4 70 77 42 95 90 41 65 64 26 58 47 16 24 92 29 28 94 55 51 100 33 24 71 34 21 86 46 23 99 51 57 71 77 71 71 32 68 96 77 23 41 17 8 56 80 48 12 15 30 64 22 8 71 77 90 41 40 20 73 75 76 44 100 50 58 45 96 98 100 65 4 44 22 7 81 80 47 44 21 24 44 47 53 27 13 9 30 29 36 4 22 77 11 4 16 100 52 34 89 22 70 70 30 96 0 71 42 56 33 34 25 67 48 67 77 21 30 30 47 27 42 14 6 12 1 85 62 76 21 85 31 90 66 36 88 49 29 75 22 62 65 52 90 39 31 47 0 78 62 44 79 24 19 13 42 24 53 75 41 68 32 21 66 25 44 87 71 84 82 60 24 70 83 42 31 45 12 6 65 6 1 22 77 45 20 74 76 57 85 41 25 74 30 36 71 72 35 54 25 71 41 82 87 32 49 48 27 63 87 37 8 23 79 82 39 79 77 93 4 91 1 67 39 46 92 40 69 98 5 5 5 75 87 10 96 13 71 86 86 32 70 12 70 48 42 31 76 24 80 66 35 50 27 92 86 59 5 26 16 99 46 37 89 66 75 92 15 75 57 35 86 61 76 9 48 36 9 21 67 82 45 46 2 92 70 17 37 85 84 76 59 58 34 89 11 75 37 95 41 62 76 44 63 30 38 47 42 53 67 31 85 87 59 95 23 82 99 39 75 30 48 94 69 1 32 24 92 99 61 94 11 9 93 71 55 56 100 79 62 81 80 45 89 55 4 46 75 60 59 76 39 30 87 10 61 53 66 28 88 73 13 85 3 58 46 21 43 20 91 63 48 31 52 90 96 47 70 37 51 59 61 82 25 54 41 4 79 69 75 72 89 94 36 20 33 53 51
12 62 61 60 87 1 57 31 74 31 9 75 32 65 30 25 15 34 23 95 77 41 78 78 67 14 3 70 76 54 10 88 8 89 27 24 53 14 80 43 87 6 0 64 80 4 16 88 75 27 94 38 78 57 85 93 25 27 39 20 59 37 36 33 84 39 64 73 78 29 32 34 99 59 68 87 64 26 44 60 57 52 83 13 15 46 90 59 21 35 34 60 64 4 30 38 44 77 14 46 68 37 87 61 97 88 34 77 16 56 39 32 36 79 22 5 96 81 7 3 51 3 8 17 27 99 31 14 93 15 79 98 9 84 86 18 79 49 77 35 9 54 15 41 33 97 21 69 35 72 41 57 30 7 11 38 0 57 11 45 84 68 100 89 40 87 31 87 3 19 75 80 76 26 67 45 51 45 49 94 74 98 34 51 59 50 14 9 20 84 17 46 83 72 22 55 73 93 1 83 100 40 5 86 25 79 65 74 29 94 45 7 85 8 88 52 88 44 39 25 63 31 83 47 51 54 38 60 65 47 98 4 26 92 93 47 14 10 0 61 5 12 44 86 28 78 75 6 89 96 93 16 27 23 70 91 80 97 49 80 2 98 94 43 49 25 37 84 100 93 11 27 17 56 28 63 26 93 39 1 77 45 59 70 23 7 20 33 93 39 50 0 26 17 85 91 7 90 84 71 63 21 99 36 64 96 78 60 81 32 2 21 24 33 28 36 11 74 25 58 34 86 59 37 31 58 41 25 59 71 86 95 47 67 3 36 28 55 83 7 38 36 9 14 76 72 75 90 61 86 11 8 17 28 28 20 58 62 11 93 97 4 75 53 89 91 56 62 86 72 54 48 53 2 15 8 95 64 57 39 70 12 70 36 26 78 38 10 61 23 82 38 73 35 35 95 40 36 47 75
19 53 1 95 71 55 61 1 86 95 44 34 100 14 68 91 48 84 23 80 76 46 68 9 95 2 2 67 0 19 84 3 86 9 59 99 67 90 74 51 7 71 91 45 2 52 3 10 52 60 86 33 47 28 28 81 85 27 22 33 39 56 90 90 64 84 33 66 0 40 47 53 29 61 80 3 96 65 41 30 2 10 97 25 89 65 92 23 66 52 95 59 73 64 52 96 33 97 1 61 5 90 96 19 20 16 47 59 90 20 51 22 70 17 22 33 70 73 47 89 66 52 13 63 97 23 10 73 32 55 99 69 9 85 66 40 2 66 83 60 52 78 59 24 31 45 95 11 98 92 0 7 54 12 42 59 43 51 38 93 0 11 2 54 94 68 24 48 80 42 32 86 83 54 31 68 67 21 51 100 1 27 90 10 90 49 24 70 54 100 69 24 94 91 32 43 61 31 33 61 59 100 80 70 10 32 50 84 45 5 77 93 51 95 93 69 21 74 66 20 22 51 81 36 89 66 13 90 53 17 40 46 22 30 94 45 61 8 37 57 43 75 53 95 3 80 58 80 27 81 75 6 5 93 62 24 79 54 91 56 24 72 21 45 7 68 34 26 86 43 25 20 21 36 7 69 82 38 63 34 50 57 18 12 77 74 34 88 23 91 57 57 51 1 74 54 92 47 48 57 17 26 83 9 18 48 31 51 59 43 32 62 61 69 48 99 51 62 42 13 32 48 94 6 87 7 8 41 52 78 44 39 93 1 7 94 52 47 96 68 96 55 66 99 43 5 54 74 95 30 59 11 98 71 87 8 100 86 51 93 24 49 5 88 4 57 79 55 2 30 18 66 41 69 12 99 88 38 41 9 27 18 84 27 5 92 14 83 12 52 49 95 94 38 65 12 71 75 15 98
71 0 94 37 76 5 75 75 35 95 75 1 52 3 92 61 76 26 87 65 81 1 33 8 22 100 93 66 94 62 36 11 98 55 49 67 98 30 97 75 74 34 73 75 29 89 16 23 41 37 84 62 82 28 43 26 37 22 82 6 40 13 29 96 1 91 55 17 6 73 14 99 100 19 74 8 91 1 33 44 2 90 57 8 68 10 4 48 39 23 86 10 13 48 14 29 91 64 36 88 67 84 33 93 98 5 92 95 41 70 15 48 44 5 97 89 33 62 45 72 8 97 23 47 51 84 27 93 85 63 93 82 18 69 14 35 98 71 28 86 54 55 32 35 10 66 87 88 8 68 18 27 93 43 39 35 14 65 90 35 47 66 18 52 31 0 42 99 99 75 41 53 43 59 7 51 30 27 2 22 22 10 3 44 65 73 32 23 20 84 21 34 6 57 50 8 40 20 39 2 75 73 7 92 94 31 26 58 20 95 14 96 75 2 70 68 87 42 21 88 82 10 10 0 32 72 62 99 96 26 83 3 96 17 45 8 92 44 80 100 94 21 45 60 69 32 27 77 26 47 5 48 68 12 48 14 2 19 79 3 2 6 11 47 10 77 47 73 98 54 27 23 22 85 30 72 10 36 48 18 61 95 69 54 30 22 98 77 73 99 48 1 49 98 76 42 82 22 18 13 84 33 31 74 17 67 69 70 10 87 22 40 16 4 49 64 45 90 9 49 40 62 66 74 13 83 70 87 17 9 68 83 3 23 11 73 32 60 26 10 83 6 24 84 60 65 88 82 89 15 36 49 68 76 10 80 64 89 13 36 92 49 98 43 74 10 90 82 25 93 33 58 49 31 94 46 86 11 8 59 31 79 65 31 13 61 12 12 92 35 22 40 15 90 90 85 46 36 30 79
64 55 59 2 38 72 99 98 38 84 9 14 42 51 89 50 77 13 25 95 64 82 38 28 72 58 79 77 59 14 62 100 57 20 39 69 38 43 77 89 94 44 92 49 99 31 29 89 44 9 78 77 91 14 32 73 63 2 88 79 37 83 17 52 78 55 65 64 73 30 80 73 64 47 39 29 85 38 79 38 43 46 0 14 58 22 75 43 26 47 69 76 39 60 28 8 96 37 2 16 68 79 22 80 93 75 27 0 85 42 57 41 8 23 96 44 63 78 99 77 15 20 70 56 36 79 32 71 46 98 91 83 95 68 46 39 37 57 30 100 27 19 54 15 54 16 16 55 20 3 16 30 98 41 33 46 13 54 61 44 58 60 47 45 48 36 98 59 16 52 51 70 21 25 49 85 11 85 52 36 78 19 12 44 84 61 86 43 12 9 2 80 100 47 70 46 55 8 1 0 100 40 24 54 25 100 98 47 25 79 38 40 74 10 67 84 0 68 96 5 92 87 31 69 77 31 94 14 25 32 53 10 12 94 22 92 65 46 54 85 10 28 67 84 27 71 43 30 10 57 52 4 26 50 18 95 94 52 28 47 91 29 65 58 91 37 11 93 8 2 85 84 99 61 69 12 49 35 69 32 71 96 54 14 32 94 82 52 89 11 9 12 70 11 54 25 90 65 94 63 1 9 93 67 38 10 70 88 75 92 30 31 85 52 48 17 91 22 31 72 17 85 64 77 64 54 41 62 28 35 50 95 40 58 18 79 69 17 38 46 85 16 64 9 35 67 45 85 98 77 75 20 53 16 42 100 42 59 70 36 24 71 57 34 51 50 87 73 29 97 23 80 6 87 58 80 80 56 86 84 36 66 99 86 93 47 19 53 87 78 57 53 24 25 89 58 86 59 84 54
47 85 34 76 82 30 55 15 92 31 86 41 39 69 54 16 60 94 84 48 63 0 52 14 52 90 52 85 92 63 50 87 37 48 93 80 37 27 87 14 71 66 28 19 5 1 76 42 94 11 53 61 76 22 89 22 28 63 86 77 12 89 66 55 69 84 21 4 17 81 44 66 96 21 62 27 5 57 33 42 53 99 64 13 1 40 33 85 66 10 59 98 61 40 20 22 4 64 56 30 97 41 57 23 85 30 26 85 63 46 46 78 66 27 89 57 19 60 88 1 74 5 76 1 58 96 36 86 0 69 8 99 97 82 9 81 22 68 17 93 72 54 45 100 33 55 17 69 4 52 22 68 63 74 63 88 67 81 0 70 89 72 79 12 86 64 43 83 50 46 93 3 47 79 61 81 16 70 84 31 89 25 61 85 88 79 62 4 54 83 14 64 50 17 88 96 100 34 85 10 56 31 70 45 46 36 56 74 33 22 59 85 32 93 11 83 16 95 87 0 62 75 7 6 83 15 57 77 45 16 96 45 1 74 45 64 65 100 34 0 0 37 4 44 94 93 20 96 75 49 83 75 17 63 78 82 42 53 95 29 40 46 25 36 15 58 76 65 56 83 8 9 51 87 49 3 54 78 65 99 61 78 4 56 45 49 22 89 67 56 99 85 84 66 54 35 47 2 29 86 2 43 42 89 100 17 69 13 44 38 98 72 40 30 11 30 10 28 16 46 46 44 62 82 92 63 11 43 88 20 77 98 83 75 20 85 43 76 40 88 24 40 3 17 80 6 33 75 5 100 22 37 46 86 81 91 79 21 33 34 90 49 48 75 70 54 73 59 37 38 58 82 72 21 20 47 23 72 13 85 5 68 89 58 16 88 59 29 52 51 39 96 6 85 3 23 70 70 88 55
92 3 92 53 78 68 12 56 59 54 7 2 4 53 10 45 76 51 31 49 14 62 92 21 3 52 19 84 88 83 6 62 38 68 15 54 9 66 86 83 33 1 1 78 64 23 72 45 46 96 30 52 42 25 92 86 66 42 85 55 74 63 60 36 25 1 10 7 18 16 32 79 6 94 77 96 76 65 22 54 11 79 94 93 99 92 97 73 34 85 84 31 100 55 99 76 57 64 76 9 68 30 85 90 88 66 6 46 97 44 88 82 25 98 85 32 37 20 83 24 15 91 47 74 26 27 26 63 95 15 3 14 90 41 43 75 68 57 91 82 51 42 14 2 19 8 48 88 53 13 20 90 63 86 33 71 3 67 63 45 45 99 40 40 10 8 34 70 28 14 98 43 56 32 19 31 66 88 73 5 73 88 86 28 77 28 10 66 55 74 75 14 11 9 98 24 17 100 62 87 70 69 41 56 45 92 68 76 6 28 65 50 15 84 92 94 59 78 2 88 57 60 10 49 31 37 60 73 17 16 94 81 39 42 17 96 27 82 40 13 28 43 58 11 83 86 77 35 77 2 70 32 71 0 72 91 61 52 97 38 21 31 76 85 0 27 8 63 93 76 90 77 75 94 16 76 65 63 30 59 41 81 57 56 3 23 78 49 17 5 0 50 63 36 94 63 72 91 30 95 51 88 67 7 12 27 82 55 23 39 4 97 3 76 13 2 9 30 74 85 35 81 40 34 60 47 47 14 27 98 6 13 40 90 59 61 38 20 85 60 58 69 11 70 65 14 22 37 98 92 41 18 33 93 91 17 55 51 98 24 56 17 4 28 4 57 62 73 61 51 55 94 62 100 57 78 80 76 53 20 70 77 49 5 76 11 99 6 75 99 40 88 21 87 27 40 34 31 49 4
52 59 49 29 17 18 18 51 33 33 2 69 8 79 38 62 42 47 71 50 50 5 1 85 95 10 42 48 9 9 69 82 30 14 23 85 45 58 64 29 69 56 53 53 92 32 65 100 61 12 4 42 97 32 0 20 63 56 83 5 97 14 71 54 90 56 38 17 16 84 25 81 27 75 48 42 27 53 9 49 58 9 70 0 54 5 40 90 70 64 33 65 73 96 17 53 77 13 0 68 13 33 44 59 12 40 11 8 26 87 16 35 21 26 12 83 2 76 48 7 76 65 37 10 77 6 34 42 54 88 43 89 32 2 0 50 56 56 74 66 9 91 22 51 20 11 93 8 72 43 18 68 82 48 21 10 60 2 54 93 59 86 100 4 74 34 96 38 85 33 76 19 85 75 11 12 100 32 23 21 91 44 88 45 84 44 74 90 63 22 4 64 29 50 40 65 13 34 100 37 20 18 95 90 12 2 49 81 29 19 40 100 67 2 46 89 67 7 95 1 32 68 66 38 83 41 31 42 62 84 41 66 96 60 7 9 1 91 60 29 73 50 79 84 55 24 79 53 96 80 12 64 31 34 45 49 32 88 1 26 50 33 47 96 90 77 35 47 19 31 95 14 88 46 80 75 49 53 72 24 52 60 29 94 88 88 20 72 53 5 75 86 6 61 0 77 5 10 93 62 45 26 7 71 9 33 44 40 29 9 30 3 44 77 63 3 87 94 28 39 43 74 95 80 9 8 72 33 33 51 1 33 11 50 15 7 89 36 38 22 74 33 97 43 18 73 25 76 77 0 65 57 50 19 32 27 9 19 74 11 89 68 77 73 20 98 84 15 100 26 97 58 74 95 52 39 53 36 25 30 35 93 51 92 94 34 28 65 23 14 26 11 73 24 68 83 73 7 4 54
17 90 95 47 83 47 2 31 50 0 77 21 58 15 72 54 4 96 69 86 30 89 32 21 65 8 55 50 69 93 96 25 6 23 38 25 80 80 25 26 15 5 68 100 27 87 26 50 42 13 60 92 70 19 92 90 24 60 70 88 79 65 23 10 92 94 87 4 60 38 88 39 84 59 76 45 17 3 24 47 15 16 99 91 32 26 4 100 12 86 18 73 69 56 49 45 88 1 87 43 49 82 81 49 20 25 65 54 88 6 30 78 62 20 65 20 94 18 79 90 52 43 61 41 36 56 44 99 38 32 34 25 99 83 25 69 90 97 84 86 28 92 68 80 4 87 49 42 70 38 23 93 91 80 87 78 61 91 0 3 58 19 46 29 13 78 67 20 32 90 22 45 48 99 33 99 48 81 28 27 61 52 18 5 54 92 1 54 35 45 1 22 72 58 99 51 6 18 12 33 94 45 98 18 8 16 27 16 87 65 99 61 23 26 87 80 53 44 57 90 73 15 15 56 5 45 15 48 3 45 9 81 18 16 18 53 39 54 88 61 74 81 2 32 24 78 79 86 54 2 37 89 47 66 86 3 73 6 44 43 43 98 85 30 23 51 68 44 6 32 69 35 38 94 69 27 65 51 32 100 14 83 23 15 74 25 38 97 48 57 98 83 13 84 2 96 14 41 88 89 49 38 19 64 49 20 62 86 88 94 47 77 72 37 65 35 78 78 23 86 27 21 56 72 35 22 14 2 35 51 8 94 13 76 77 38 98 85 64 84 74 7 38 70 18 8 62 83 42 60 69 71 62 54 79 64 21 68 36 35 1 98 43 93 38 35 37 53 1 10 98 42 91 40 25 76 13 79 77 36 77 1 62 10 47 92 4 24 60 4 81 2 48 56 79 19 66 93 38 34
75 84 7 49 23 4 58 12 91 47 7 50 94 93 22 53 32 59 11 57 4 55 34 14 7 55 93 28 99 13 31 96 91 70 13 27 14 53 89 93 10 95 24 81 81 67 54 97 93 70 68 90 62 25 38 48 58 58 37 14 59 10 56 59 99 74 31 53 50 73 10 42 35 54 48 63 73 19 95 52 100 86 32 37 91 100 34 78 30 25 70 62 43 17 98 63 92 18 26 4 38 74 84 62 91 27 95 65 37 0 42 91 8 80 41 50 44 98 0 41 76 94 29 23 70 20 87 50 47 91 28 76 66 50 56 71 55 81 1 64 84 100 40 7 34 61 45 52 44 85 24 60 80 53 35 0 37 63 7 80 52 67 51 4 4 94 32 46 83 9 92 89 48 29 41 90 38 68 13 71 90 11 68 100 16 82 85 49 65 79 64 80 74 90 98 42 28 60 46 10 21 69 64 16 2 67 41 94 63 60 17 38 38 96 86 8 79 96 93 80 21 80 27 59 99 15 95 46 13 74 73 54 29 31 42 66 82 9 28 2 96 60 41 1 17 86 56 26 91 16 33 60 82 61 64 15 60 25 74 47 35 69 41 32 86 36 51 3 18 50 95 8 12 33 45 6 7 14 45 57 0 56 91 74 77 71 54 73 99 37 26 35 11 22 71 60 58 24 4 16 99 6 57 40 48 6 27 48 84 71 80 89 59 97 100 82 83 35 46 66 88 82 80 76 14 0 48 99 33 48 34 25 78 3 34 4 28 24 25 96 33 35 53 93 7 25 37 13 92 95 47 90 65 44 10 11 58 20 23 52 21 2 91 13 33 17 45 44 48 54 53 8 30 76 60 4 28 18 87 86 70 75 14 35 27 94 46 85 99 51 67 50 2 66 2 55 100 50 87 0
56 7 26 99 50 33 56 52 14 42 77 78 81 65 75 27 98 9 1 41 8 45 7 16 74 62 3 44 1 80 11 96 68 2 55 54 86 43 14 39 51 98 31 59 98 9 43 18 69 20 0 79 4 90 91 56 59 13 31 71 68 51 1 10 30 5 67 18 93 17 7 66 43 11 31 93 28 69 94 26 46 49 21 6 90 41 16 48 28 100 74 5 89 73 94 25 90 24 69 54 9 91 11 79 58 41 22 48 20 14 90 54 58 29 84 53 6 91 6 48 76 34 2 36 17 73 65 26 2 15 91 74 43 37 55 68 8 72 33 64 37 85 24 49 80 70 84 41 25 48 88 0 47 17 5 39 55 91 73 22 81 88 26 30 72 48 69 2 13 5 63 53 28 11 0 72 49 34 33 45 22 18 64 81 54 88 34 23 50 28 40 99 27 83 19 100 43 35 72 87 89 21 56 64 43 35 52 17 9 8 69 75 22 79 56 69 15 84 62 33 29 5 63 16 35 95 42 32 8 77 88 70 78 18 54 77 42 80 74 88 49 3 76 57 85 56 8 43 7 53 72 50 19 45 52 96 78 78 98 26 51 27 81 20 99 67 76 64 74 93 93 94 15 99 20 70 48 63 16 31 1 11 9 55 36 71 34 67 52 11 91 53 32 89 29 77 78 87 38 5 26 97 14 62 34 36 14 13 72 30 90 61 7 8 93 14 52 67 53 20 95 30 53 55 66 36 37 54 96 27 59 53 40 3 9 31 92 30 65 82 51 1 95 69 80 51 35 38 43 12 32 45 86 29 97 51 81 79 25 75 36 17 82 34 80 58 89 19 60 52 47 44 51 48 4 67 94 28 83 80 65 78 60 42 69 42 31 100 61 4 94 43 1 83 37 64 12 37 55 65
65 20 24 4 4 6 34 15 74 27 49 51 88 79 6 86 32 94 100 0 95 16 1 99 32 82 26 1 93 42 12 62 90 82 89 55 55 71 98 68 11 83 57 1 84 2 10 1 61 70 44 23 23 82 93 71 13 25 4 86 25 40 89 13 2 52 54 69 66 99 35 75 77 11 28 42 23 92 56 61 71 1 48 42 74 99 42 0 51 19 75 5 34 50 24 3 26 78 17 80 69 61 31 79 89 70 22 55 67 15 34 75 19 66 60 82 90 0 89 18 40 44 72 92 73 67 22 14 60 98 91 20 34 67 44 63 35 74 69 77 33 56 13 20 31 59 41 85 50 67 54 0 39 71 44 25 22 94 11 15 34 38 40 97 50 87 15 2 58 17 48 17 71 77 84 89 23 76 15 51 20 36 9 8 29 24 7 88 53 28 5 47 78 48 19 74 33 43 10 16 79 7 49 21 90 20 27 18 81 45 25 78 15 53 15 27 43 38 39 11 57 80 54 24 18 68 46 87 23 57 32 41 91 15 34 32 18 32 100 24 1 35 77 98 57 91 2 81 62 46 0 31 48 83 91 66 2 41 68 46 34 30 64 18 6 34 91 3 80 12 81 12 21 88 47 4 73 79 55 96 65 58 33 30 8 13 90 36 0 41 60 96 27 59 66 48 85 59 50 23 21 64 25 98 78 30 60 47 75 75 56 6 19 31 99 53 27 48 37 99 26 47 67 4 48 17 70 51 91 18 73 29 9 97 42 83 94 74 57 50 90 13 26 66 47 79 95 78 15 4 51 2 49 6 37 94 11 50 10 5 89 36 0 67 79 37 51 40 36 14 69 66 89 7 39 47 20 52 73 14 20 85 46 51 85 63 59 88 17 66 11 60 99 24 3 86 50 93 51 19
72 93 54 60 4 92 97 22 82 29 59 41 48 57 64 91 11 51 0 35 38 57 7 9 16 69 31 100 20 64 89 8 27 44 68 29 50 40 66 17 96 20 15 53 14 87 85 52 39 28 67 30 97 0 31 51 59 23 77 81 65 15 81 58 68 7 24 31 5 53 85 71 21 27 27 84 59 58 92 27 96 58 75 56 65 66 23 59 75 74 45 21 38 71 23 35 12 34 2 13 100 90 21 10 51 43 6 43 53 31 33 9 92 68 44 64 37 13 66 35 31 66 48 49 86 73 92 14 96 27 100 59 19 11 10 37 33 70 19 98 47 78 4 20 23 90 94 80 64 81 51 27 5 97 72 13 100 67 89 100 63 54 91 7 53 57 92 19 38 51 20 86 97 39 48 71 12 22 30 55 99 65 33 33 67 12 67 8 10 20 72 48 97 5 96 81 92 40 15 62 59 40 79 40 5 47 66 35 2 44 69 45 40 62 51 43 46 13 8 93 88 84 28 90 40 100 25 41 12 35 63 77 28 43 38 29 72 22 8 0 32 60 78 6 66 7 84 77 67 55 98 8 62 20 11 78 38 69 17 89 77 99 39 75 17 91 37 31 64 46 10 96 85 59 64 68 64 21 12 80 17 48 85 5 85 35 22 26 62 52 7 92 60 77 30 100 58 60 37 43 32 68 95 84 19 58 61 80 65 23 76 70 3 74 56 35 82 5 93 34 11 67 23 54 3 19 10 16 90 29 66 17 71 78 2 3 0 6 14 3 73 33 9 46 91 40 43 7 75 84 57 23 60 7 80 48 60 55 86 30 43 59 43 75 31 54 68 33 3 37 33 75 14 96 36 37 28 18 32 78 71 10 59 31 23 59 2 4 5 27 52 7 73 60 8 40 12 39 83 53
30 11 17 22 26 2 34 59 83 79 8 7 77 72 73 38 18 34 45 33 92 8 14 38 9 33 91 95 43 87 48 80 1 58 22 73 63 92 96 13 42 20 8 74 32 54 64 87 91 16 41 62 28 5 37 4 71 32 63 79 56 99 75 44 25 92 98 4 74 47 79 87 95 55 85 97 34 2 63 23 100 89 42 43 64 71 30 78 0 16 54 59 48 27 58 55 82 51 99 2 2 84 2 45 70 45 4 50 92 93 43 91 50 67 80 33 38 54 63 48 8 33 72 58 25 0 36 75 90 78 77 5 61 56 39 46 52 64 18 40 36 87 91 13 3 48 59 45 11 39 29 59 56 72 58 14 76 50 16 90 15 5 17 92 2 59 77 76 61 93 67 39 80 3 82 71 5 35 0 45 28 90 64 94 47 85 83 70 77 83 20 48 10 4 7 62 53 42 34 12 1 26 81 52 7 7 22 22 8 61 16 19 76 91 89 65 61 50 89 86 93 2 34 50 10 20 48 53 45 51 80 71 58 18 21 0 54 40 3 86 4 56 37 31 36 58 73 18 92 89 83 1 70 24 0 21 32 43 49 6 88 18 26 93 24 95 41 7 6 24 31 14 68 79 60 55 76 92 7 29 6 20 29 32 76 17 23 24 83 24 93 59 10 42 42 63 26 51 29 96 44 85 41 46 54 25 57 11 34 77 54 32 61 86 95 88 1 37 49 14 19 70 34 78 23 50 68 53 74 46 46 51 85 69 58 69 44 23 78 7 26 15 23 79 61 35 88 33 14 28 35 1 60 3 44 53 31 79 36 68 57 63 22 20 68 83 53 11 83 68 97 89 63 30 73 14 15 8 45 62 95 0 58 45 27 1 29 41 51 37 49 97 20 87 43 28 44 11 88 90
67 92 64 77 55 82 63 29 17 63 40 90 40 41 25 36 66 46 67 19 74 5 96 70 33 74 35 30 66 50 99 38 13 23 89 23 43 44 14 46 21 95 86 100 87 24 79 8 38 19 25 79 82 8 36 93 48 90 82 29 85 12 3 87 86 91 27 48 39 0 48 35 61 22 56 75 11 54 33 35 29 72 92 79 11 11 32 43 1 50 52 83 28 100 66 60 36 18 85 93 97 12 45 25 42 72 32 75 66 87 63 5 10 65 74 83 40 63 74 76 69 89 7 19 67 30 60 11 85 48 6 13 70 0 7 71 79 8 29 48 53 22 92 67 76 64 73 26 38 22 40 38 48 39 6 8 31 10 13 5 6 17 45 84 65 44 44 88 99 53 81 22 98 3 29 91 25 97 24 3 84 13 10 60 83 26 75 48 76 64 73 41 62 12 12 53 10 24 46 31 6 2 58 97 96 94 96 35 8 75 18 35 75 22 53 69 32 38 30 88 48 44 31 48 79 56 69 11 8 8 38 63 80 21 97 29 21 43 41 47 78 93 87 28 95 68 11 76 90 47 50 99 60 47 28 29 39 45 48 59 71 63 38 98 95 100 58 24 58 12 43 26 20 28 36 39 36 57 75 96 92 70 75 0 64 39 57 60 62 75 4 88 5 34 3 85 23 76 85 38 61 26 97 70 10 95 37 31 42 52 35 78 13 52 4 17 46 65 32 58 43 55 67 91 52 73 24 23 77 70 92 13 89 62 31 45 51 50 41 63 44 88 67 51 70 23 27 65 7 52 18 35 3 14 63 73 59 79 89 12 54 78 34 50 55 67 17 80 60 60 63 77 56 51 30 95 65 22 70 61 58 16 15 91 41 14 52 40 4 51 30 24 52 30 37 8 43 94 89 65
95 18 38 12 31 43 62 39 17 79 66 97 6 82 79 96 61 32 34 32 47 98 80 56 50 40 88 16 28 92 99 89 62 42 71 33 66 83 21 21 45 30 34 45 67 18 61 41 83 17 17 36 9 66 89 76 90 46 48 64 18 27 61 21 34 40 29 22 32 15 99 18 18 13 92 21 24 73 13 44 67 83 56 79 92 99 18 20 42 92 78 50 72 43 40 10 83 6 44 37 50 70 41 25 66 52 77 91 12 89 63 4 24 65 45 29 97 10 9 83 93 91 73 73 15 98 8 64 49 85 95 100 22 16 49 11 77 44 20 0 25 89 32 9 94 36 0 38 19 21 4 81 86 6 51 17 82 89 54 56 90 88 39 54 12 3 71 80 3 0 9 30 82 12 21 98 73 95 47 17 20 82 76 35 16 71 71 63 8 91 15 64 31 24 84 38 71 58 67 19 43 41 5 11 68 55 91 9 69 69 92 53 72 1 72 65 0 39 43 47 38 14 0 71 92 25 6 53 87 63 90 32 57 16 82 12 99 53 98 32 67 5 47 34 12 84 30 73 92 48 27 19 27 57 71 96 98 97 73 19 23 63 43 9 74 86 18 48 15 46 8 28 59 25 35 0 76 31 32 72 62 66 22 65 80 98 32 4 58 58 81 54 59 100 71 81 10 56 54 54 39 71 32 0 84 81 32 98 48 7 2 11 54 58 4 2 37 9 98 17 66 43 0 22 24 20 43 10 84 69 7 83 60 4 36 57 13 73 100 56 17 42 87 43 75 84 30 50 6 69 72 91 61 18 51 61 2 36 58 100 85 58 10 50 90 60 6 78 83 69 52 5 0 35 28 27 87 77 56 69 90 100 84 91 6 9 64 31 45 73 46 45 0 87 90 1 63 70 71 22
36 28 80 6 48 31 27 65 41 84 48 74 70 61 36 66 69 34 93 17 12 67 53 34 98 69 44 44 25 6 58 48 55 85 76 90 83 9 13 32 72 63 63 45 35 96 38 6 77 0 47 74 96 91 33 37 45 85 58 51 6 76 51 43 76 87 99 71 5 33 72 96 99 10 88 58 35 66 5 74 90 32 75 89 79 18 32 5 76 43 51 75 100 98 68 76 58 6 83 42 64 62 4 36 65 78 53 36 40 57 36 49 35 31 94 24 24 88 37 8 21 38 10 76 86 36 46 82 18 10 6 46 13 68 79 79 16 9 93 19 83 58 75 36 53 96 24 34 60 33 41 26 48 55 14 44 9 19 70 70 6 4 72 96 59 90 13 88 4 9 12 3 11 94 71 79 73 77 68 10 23 57 86 98 10 0 82 1 81 81 41 76 49 79 10 8 38 30 48 17 20 0 68 45 46 79 75 75 89 87 71 58 70 41 74 18 18 15 78 61 64 70 73 39 45 55 71 56 70 38 66 4 5 77 24 73 13 86 4 25 49 56 26 55 39 30 26 72 51 52 83 10 72 79 15 75 40 94 21 96 39 62 94 91 4 21 69 44 67 80 37 90 24 22 31 29 15 3 22 84 5 45 19 59 61 86 78 66 18 38 94 13 59 45 44 82 27 10 99 62 12 33 28 73 9 93 39 64 33 65 68 85 28 23 35 58 19 53 60 45 44 30 47 99 94 79 39 33 21 37 63 44 48 57 32 7 70 90 88 71 73 14 58 96 52 71 62 92 26 88 60 23 85 84 87 51 95 69 41 48 7 6 68 10 57 34 77 70 100 69 48 18 56 75 64 36 71 43 97 36 7 15 30 99 59 13 50 1 48 86 36 91 42 63 28 84 21 29 2 58
94 2 46 2 33 90 56 0 74 1 61 21 4 10 67 70 33 29 28 100 82 16 98 8 76 47 34 84 72 91 95 60 51 51 30 47 52 25 9 44 67 92 29 41 7 20 1 22 29 79 100 21 13 6 21 63 88 81 79 78 57 70 14 23 62 29 22 39 61 64 9 49 52 96 10 62 17 66 60 20 41 93 45 67 58 61 94 55 23 48 31 86 45 94 25 61 52 2 65 89 52 61 63 99 24 54 44 25 7 33 16 52 17 62 51 19 53 13 69 31 84 28 56 100 69 27 28 37 51 96 61 38 68 69 78 67 91 7 2 98 42 78 23 54 22 16 46 60 46 42 77 77 55 51 57 42 23 61 62 64 74 85 55 16 94 99 0 79 60 47 7 40 32 66 34 9 41 77 94 2 45 4 29 48 34 97 68 43 75 92 92 58 51 54 17 32 92 96 86 3 20 63 11 2 0 94 62 16 23 68 2 95 59 99 0 68 70 78 66 70 46 3 87 22 77 84 13 86 96 92 86 98 86 8 4 7 28 93 17 90 81 89 46 36 54 17 66 85 90 49 18 23 98 43 73 75 13 19 19 43 28 94 28 32 35 60 13 2 6 65 96 86 69 59 32 97 31 39 39 7 3 66 89 65 27 46 24 52 95 95 89 67 56 92 77 35 9 43 4 1 79 20 57 36 67 27 79 68 45 42 20 48 72 46 1 53 34 42 67 45 22 69 28 30 98 6 38 63 63 98 31 59 13 49 68 5 10 10 74 74 100 35 8 29 98 45 1 96 42 1 11 90 11 81 21 80 47 63 55 39 24 25 32 70 88 79 100 19 65 40 79 31 68 7 45 2 49 53 13 16 5 95 3 36 50 98 95 22 51 93 2 28 78 31 10 60 79 94 3 50
57 73 29 95 92 49 97 100 76 44 34 57 63 48 67 31 81 14 40 31 84 42 63 35 27 68 40 9 90 63 55 46 81 18 67 57 89 97 87 21 30 51 79 81 98 36 17 35 39 45 28 92 70 11 6 14 73 64 2 52 91 11 46 57 32 77 98 13 87 40 36 63 78 85 61 87 40 64 92 36 26 18 34 65 45 94 44 59 81 67 60 51 42 7 82 11 90 12 93 5 86 90 75 20 2 46 84 89 67 89 26 82 83 35 39 40 85 94 94 26 58 31 59 64 95 53 48 14 3 100 64 44 28 49 97 55 88 91 76 30 30 80 11 30 38 36 94 69 36 78 32 15 1 7 4 52 67 42 89 85 79 26 81 17 52 59 92 2 55 43 64 32 0 2 89 47 42 39 72 1 70 47 82 75 26 28 36 95 5 13 78 66 24 34 15 21 26 85 67 17 47 25 69 68 16 67 73 22 27 86 47 82 78 82 21 60 57 17 82 37 72 37 87 58 12 56 22 14 4 3 57 75 97 22 92 17 17 19 66 22 65 66 86 25 90 16 70 54 69 74 66 41 62 3 60 63 8 15 74 2 16 22 32 74 83 7 65 10 26 33 52 61 69 44 95 68 86 95 94 67 46 40 68 2 66 28 12 26 53 82 93 7 48 17 93 79 14 91 18 61 35 70 51 100 43 24 47 39 60 3 50 1 73 63 34 100 94 27 27 55 43 12 16 72 41 37 9 82 53 59 32 1 30 8 90 27 47 47 90 72 10 96 16 55 86 43 42 38 14 2 64 83 55 63 35 60 0 36 45 63 80 49 64 80 47 57 46 6 93 45 56 2 74 11 60 74 63 67 68 18 29 21 5 96 84 97 92 1 13 57 79 2 88 74 7 29 11 88 40 7
34 59 82 57 52 5 75 24 41 99 82 69 66 4 19 20 18 91 95 61 31 81 79 10 21 12 77 99 88 44 74 58 35 31 52 27 56 60 6 33 5 15 71 99 23 58 76 79 49 41 33 79 60 12 83 61 38 33 27 52 5 93 75 51 1 91 100 5 50 67 18 40 64 47 99 35 23 59 47 62 5 12 37 87 19 98 53 27 71 49 54 65 72 53 91 80 19 71 37 49 30 76 15 28 55 51 21 68 67 73 16 6 12 30 51 59 25 49 63 23 52 26 72 91 72 66 41 4 69 15 56 100 79 31 5 58 47 87 28 28 32 21 89 72 34 20 70 95 39 53 1 75 67 54 16 74 14 27 26 56 6 64 60 100 64 24 68 17 9 99 4 26 19 10 58 12 57 68 86 39 68 74 24 54 25 59 63 63 4 7 15 22 96 6 59 30 62 89 32 80 70 74 73 55 54 81 74 47 30 56 100 4 33 29 66 65 68 73 16 42 15 16 6 43 27 9 5 100 39 28 34 92 89 8 22 60 4 67 87 43 90 41 61 55 32 17 35 78 8 61 70 51 40 91 61 79 36 38 12 91 100 34 72 9 57 71 75 56 21 88 76 1 48 39 75 14 23 47 88 79 69 48 65 72 14 27 29 0 91 81 20 54 94 16 62 69 86 90 91 25 68 54 6 55 42 34 55 91 4 65 39 10 10 43 99 0 12 17 3 29 50 34 29 80 34 28 10 11 0 28 29 61 39 98 88 100 35 13 52 32 56 43 63 78 78 25 64 98 4 87 30 44 68 51 86 78 86 14 100 43 84 34 70 22 86 34 49 35 18 67 45 98 28 3 42 86 33 80 7 86 12 58 84 0 20 37 32 20 5 94 99 18 37 72 46 93 50 18 19 40
31 74 51 46 38 77 96 88 48 19 40 60 67 77 58 83 60 21 56 85 10 46 71 6 52 4 59 84 42 92 15 92 90 63 40 26 57 3 42 3 37 44 74 3 0 59 22 43 20 97 26 71 71 0 81 11 70 94 10 30 73 53 11 69 43 12 37 8 86 23 31 71 41 100 48 75 78 37 71 13 26 27 70 43 40 92 53 38 1 93 31 56 42 12 36 19 83 31 47 74 50 59 52 46 58 16 96 76 62 97 4 82 0 80 92 29 91 96 30 91 92 22 82 11 38 16 68 79 2 52 24 13 4 35 16 76 20 58 71 25 52 45 75 18 39 10 46 100 94 23 52 58 86 75 12 4 88 70 87 47 65 84 26 15 33 58 22 18 61 21 36 41 15 73 14 100 83 49 53 52 38 9 23 100 50 18 72 92 86 94 75 89 33 77 32 49 42 61 56 37 40 39 2 35 13 11 46 98 56 75 79 19 87 94 88 34 99 68 88 43 63 47 30 26 81 9 24 17 97 61 61 5 69 72 78 59 70 90 85 91 25 45 8 82 100 85 50 62 88 48 62 17 1 46 81 18 15 47 73 37 73 100 24 69 46 86 91 22 68 77 27 91 71 53 70 42 6 66 36 43 24 55 76 60 55 45 92 67 13 100 72 84 24 33 31 14 86 88 21 76 7 37 31 12 15 13 83 22 3 37 62 45 86 61 44 88 88 44 16 79 89 17 18 39 12 6 97 76 12 45 77 69 38 32 94 94 40 9 56 24 20 71 92 16 57 13 44 84 2 79 6 66 46 98 55 13 40 48 61 96 76 45 2 68 15 78 87 21 31 84 55 24 5 59 99 55 19 56 36 5 67 0 1 91 69 60 27 10 92 3 3 18 54 9 98 26 89 4 79 58
47 58 62 15 43 39 15 53 50 60 21 42 52 60 57 40 77 51 65 35 42 16 57 63 73 73 41 24 57 40 50 68 36 21 56 80 2 82 24 73 69 88 100 35 76 13 78 76 47 27 50 99 88 89 14 34 30 72 66 49 29 28 62 10 87 71 12 23 47 54 38 13 34 1 98 85 32 50 75 3 39 95 3 53 1 42 40 8 96 47 72 9 100 89 91 12 22 94 49 71 86 45 60 16 45 56 52 11 35 8 50 33 66 21 0 75 18 72 82 65 25 42 76 87 41 26 81 56 2 73 93 50 39 74 70 35 100 59 54 1 79 54 91 18 30 71 14 61 14 87 12 85 27 83 16 88 76 6 15 40 10 73 38 16 86 32 17 53 17 36 58 78 4 90 73 3 97 71 12 31 12 2 31 90 69 33 1 73 68 11 96 38 23 6 1 25 41 6 23 18 95 77 47 37 45 100 47 23 89 7 48 74 84 47 34 89 41 37 26 43 100 17 87 2 20 67 30 14 96 17 2 58 85 100 55 54 50 83 36 73 46 69 47 56 88 91 52 12 64 19 81 70 100 50 60 48 90 65 48 47 35 86 49 90 14 67 97 8 65 62 98 49 14 48 42 18 28 11 83 86 89 40 54 13 88 27 77 32 66 100 67 40 77 55 8 86 44 69 70 18 85 90 63 7 99 7 71 28 19 20 21 51 28 67 74 26 40 25 0 75 29 60 71 78 28 5 7 58 60 94 93 51 68 47 100 70 11 53 61 22 93 25 28 87 44 15 34 86 76 96 58 8 8 4 14 95 45 36 65 82 91 47 9 49 72 29 30 4 57 13 52 54 12 64 51 61 86 48 95 28 70 92 72 46 73 28 85 11 13 74 30 69 9 53 81 55 31 92 96 9
6 44 47 57 78 34 45 74 70 8 35 45 82 55 23 53 24 52 100 66 71 22 24 88 86 34 83 48 43 54 37 93 54 6 62 53 5 9 31 85 28 9 9 81 62 77 28 48 63 34 32 60 48 96 6 30 90 17 57 24 98 54 0 56 80 76 87 100 30 98 14 34 75 31 20 21 71 14 82 53 27 8 6 17 95 36 69 63 32 34 38 28 58 78 84 11 41 56 84 37 79 28 40 84 29 79 84 52 50 18 49 11 24 7 56 75 25 33 90 42 58 64 63 5 30 31 0 26 87 17 46 39 10 5 65 87 14 61 91 68 92 10 22 5 81 95 56 52 52 58 88 30 44 84 82 5 100 5 60 26 80 50 27 77 21 44 90 0 21 29 56 14 29 84 25 34 76 79 99 29 32 51 16 63 38 83 94 30 77 84 45 68 96 48 84 69 52 89 84 76 3 81 34 28 3 89 96 22 44 59 79 49 46 91 85 61 82 48 29 11 37 98 62 89 6 63 25 7 90 70 9 53 37 21 96 69 42 42 6 64 19 70 65 27 76 31 54 3 59 96 42 27 90 68 72 54 68 25 2 35 38 50 1 11 6 15 99 95 91 18 74 29 33 43 99 97 72 95 50 85 67 24 37 38 89 64 79 21 77 87 98 23 78 86 46 16 6 23 38 76 75 93 31 0 67 44 54 30 51 99 59 28 89 48 44 38 73 44 84 1 4 88 32 43 16 96 99 3 31 6 76 68 56 59 2 34 12 76 99 22 63 56 94 40 17 7 5 21 58 97 30 42 18 34 98 51 58 25 54 30 62 98 60 45 50 1 60 49 2 31 55 72 48 8 100 71 41 91 100 7 3 16 36 38 18 57 13 59 30 8 5 10 41 61 71 59 41 77 9 97
28 92 30 56 92 41 44 59 95 54 48 33 69 53 17 67 51 93 63 85 12 78 31 7 36 99 24 43 15 87 12 75 63 60 11 5 73 4 55 80 94 41 7 49 36 39 33 85 17 26 3 44 79 3 34 80 90 96 74 51 40 55 82 52 21 54 28 25 60 60 32 5 91 97 56 14 79 78 82 71 75 47 79 32 95 14 14 3 36 43 19 87 39 39 86 12 91 16 49 41 43 37 6 72 6 58 11 56 23 40 95 47 70 50 60 51 1 100 9 42 40 16 77 27 45 90 59 94 15 69 19 81 86 23 87 12 67 48 34 22 63 25 59 59 64 83 100 86 7 81 58 82 26 83 55 79 100 88 27 7 87 24 20 38 56 30 97 95 73 41 73 63 5 0 40 11 69 91 28 96 97 32 55 62 3 42 30 27 7 53 30 45 43 64 93 79 59 96 95 66 8 68 20 51 7 83 52 69 46 81 40 13 94 68 48 69 3 5 54 76 21 48 99 13 39 69 90 66 33 13 48 7 16 11 66 86 73 50 47 38 75 65 1 46 90 61 2 64 50 86 8 93 50 58 90 75 64 92 19 69 58 0 11 31 64 41 97 12 23 2 50 62 89 97 66 36 66 35 55 92 17 34 37 97 0 93 2 1 4 19 7 54 20 33 43 40 19 37 87 57 10 21 14 15 77 55 16 41 84 15 28 95 29 36 15 11 62 76 13 65 99 39 37 69 15 98 87 35 73 6 47 88 100 88 68 95 24 34 20 5 88 1 84 83 53 83 35 88 36 31 65 50 61 75 46 67 48 77 68 86 84 5 91 85 70 85 31 11 30 8 9 95 78 21 82 45 68 10 37 17 10 86 21 41 24 6 49 83 62 56 84 94 21 99 49 54 56 0 27 70
88 8 75 0 44 13 27 65 76 88 18 1 11 14 34 77 7 1 30 34 59 18 11 50 74 67 24 51 63 98 21 12 100 63 99 41 28 26 78 99 74 69 30 46 65 63 6 47 95 52 38 88 1 69 62 65 49 1 55 36 7 34 94 91 77 31 38 4 28 17 43 85 48 51 34 76 0 90 97 23 65 88 44 95 87 18 20 64 51 88 30 77 9 44 9 79 94 47 81 20 60 71 46 10 3 93 40 80 81 98 90 52 29 11 7 19 17 4 31 34 19 3 13 26 100 5 91 92 84 77 93 13 78 72 100 29 89 42 15 100 2 23 99 2 5 54 28 77 85 31 40 80 86 70 17 29 37 3 32 12 76 53 49 61 28 65 96 43 99 48 85 96 82 61 57 81 89 34 43 87 64 38 30 51 29 33 63 28 17 54 50 58 9 13 43 30 66 95 59 0 6 97 86 42 30 4 77 50 87 14 92 48 36 75 46 44 13 49 83 9 43 44 85 30 95 75 80 85 59 76 10 81 32 62 29 37 87 43 64 51 85 29 31 49 69 63 42 78 66 46 34 28 98 94 58 29 56 53 89 80 26 19 92 26 52 68 51 96 1 13 6 64 68 0 1 33 67 24 20 30 82 93 20 70 96 33 24 96 72 57 30 19 10 5 52 17 26 21 48 71 77 63 19 96 59 91 55 68 49 80 64 83 60 87 26 13 18 59 63 22 87 62 82 5 36 69 66 53 49 95 43 85 41 45 25 54 42 49 24 75 19 26 82 48 76 62 64 17 73 9 56 94 48 70 14 30 84 58 18 60 88 46 49 29 61 61 28 19 89 26 12 41 12 63 5 51 80 6 70 94 99 93 72 96 88 82 16 93 17 23 3 30 13 33 46 34 86 10 64 81
32 52 82 65 22 49 16 54 84 16 44 12 12 51 27 88 70 59 76 85 90 15 86 17 0 8 4 89 6 56 80 43 99 89 20 50 19 86 57 90 73 65 41 48 27 27 38 55 92 58 80 92 19 63 60 0 4 79 40 92 73 7 76 32 50 33 75 23 22 89 51 87 74 58 27 84 25 55 83 29 43 1 90 73 36 76 97 99 74 22 30 39 100 50 99 7 70 28 79 68 80 8 30 13 53 67 43 71 88 0 34 0 59 9 47 64 50 81 34 40 24 37 15 69 54 81 96 44 33 99 84 56 46 81 95 74 43 76 69 79 81 30 69 91 5 3 75 17 30 1 47 88 100 95 56 13 38 52 31 74 17 4 55 32 3 71 91 34 96 57 42 51 84 80 5 68 29 7 8 92 40 91 31 41 33 1 38 79 87 11 40 59 12 46 0 52 74 56 44 13 20 6 69 44 73 29 26 4 92 77 73 52 96 42 78 0 0 23 93 90 85 15 34 97 53 30 31 56 60 55 73 58 30 70 55 73 39 32 52 33 34 38 87 43 14 19 76 32 53 8 21 95 47 96 44 72 11 18 57 89 88 59 81 5 46 21 59 79 17 19 4 86 95 34 27 53 86 71 34 20 20 53 57 3 18 39 92 25 65 47 64 91 91 94 41 89 56 29 37 9 2 6 54 22 24 62 27 42 46 14 44 95 53 3 41 78 32 97 80 37 87 67 86 25 69 86 68 92 29 57 9 47 86 85 38 84 86 16 44 34 15 6 98 68 28 46 53 79 37 62 67 80 58 38 88 60 15 17 91 34 58 21 35 85 44 35 12 32 43 22 46 18 83 52 21 16 64 73 65 12 57 99 15 97 35 13 33 22 26 50 76 40 77 45 99 77 57 92 4 26
38 87 49 91 19 95 40 74 91 88 38 10 53 21 5 81 33 15 33 95 83 2 10 33 50 3 1 47 63 93 27 2 43 42 8 10 59 73 10 27 24 86 67 20 38 58 34 59 21 97 5 22 67 32 13 71 64 69 68 45 28 15 9 43 75 66 25 74 15 78 88 65 43 80 75 40 56 95 85 62 29 18 74 80 19 9 76 94 7 59 92 54 79 25 51 88 38 76 22 5 72 84 39 69 40 83 84 99 11 71 48 35 21 73 100 11 33 67 32 25 61 33 93 49 30 28 60 58 57 22 32 30 62 7 69 15 65 15 35 99 63 72 54 25 6 95 64 69 81 86 11 13 45 5 89 53 66 65 1 90 30 37 57 92 22 67 65 42 78 6 55 47 8 31 22 35 79 44 95 3 46 19 60 15 27 26 21 100 18 72 48 55 52 78 65 33 1 73 20 8 8 73 94 0 63 60 65 60 80 58 82 66 61 7 82 76 84 76 61 72 30 17 60 87 67 10 66 5 48 98 28 41 82 86 90 33 36 58 11 13 56 44 95 71 87 54 84 60 96 84 50 69 100 41 83 68 38 86 36 1 63 94 82 8 91 54 89 74 4 45 48 10 46 29 42 42 69 19 95 79 60 12 65 88 77 65 75 99 96 52 4 36 63 38 96 68 81 12 24 71 9 81 78 40 46 43 13 94 72 46 84 65 4 38 36 65 6 79 72 32 17 9 84 31 56 3 72 50 81 10 64 13 64 95 85 84 16 100 43 96 29 56 97 96 54 87 41 74 56 49 19 35 12 33 82 31 24 44 17 15 15 40 79 47 64 44 9 63 62 41 64 25 37 75 89 27 61 49 66 71 49 69 81 68 37 41 1 67 32 36 1 79 74 60 59 9 79 85 85 12
39 4 35 65 66 25 68 0 14 28 58 91 61 10 19 93 93 9 100 93 96 20 0 82 20 69 48 52 93 12 69 5 24 66 20 17 96 60 94 18 53 38 30 82 25 44 30 88 10 74 47 27 63 44 13 35 46 19 78 5 49 67 57 36 98 65 91 1 63 59 63 71 5 81 95 11 50 39 35 0 38 86 28 18 39 17 90 3 38 25 4 97 95 20 86 57 68 59 21 45 88 28 60 96 46 5 97 14 93 78 67 8 33 3 20 50 13 90 91 46 21 41 35 3 94 44 96 58 77 82 71 72 88 29 18 55 61 76 12 25 39 13 74 94 84 10 84 66 3 11 63 19 95 93 60 74 87 18 55 97 94 73 80 24 26 74 37 76 17 92 51 25 90 49 10 88 57 34 90 85 100 64 88 12 1 4 57 92 91 74 52 71 21 96 36 73 17 48 89 95 77 89 22 89 4 16 53 79 63 93 82 93 4 32 10 7 47 14 20 81 59 55 76 66 55 93 32 28 14 15 34 64 9 44 14 97 91 31 26 12 35 41 79 55 28 85 76 27 78 68 20 96 50 14 93 19 62 14 11 25 49 53 61 53 42 61 56 4 57 55 89 57 72 56 95 38 66 41 93 45 10 39 69 4 83 97 98 78 13 92 74 48 54 44 35 38 65 72 2 28 79 46 61 93 27 63 26 55 51 66 56 42 88 50 33 49 25 54 81 81 41 67 96 24 92 37 28 36 90 35 86 49 51 83 85 41 44 73 35 92 71 34 94 1 21 2 39 81 28 68 91 99 89 42 57 35 84 75 0 80 92 47 10 49 98 60 89 12 32 78 70 3 10 77 68 29 81 35 99 16 85 29 90 55 91 33 69 61 17 8 85 54 97 96 46 74 31 56 69 99
89 20 57 17 80 24 7 47 78 73 14 90 58 68 29 9 47 1 42 91 81 55 21 77 38 60 63 87 15 78 58 16 92 20 31 76 0 91 9 57 83 8 28 49 84 1 60 85 30 19 56 75 17 91 80 60 61 100 38 53 35 95 28 30 95 46 34 38 93 64 33 78 11 47 46 67 70 31 9 56 83 59 96 70 19 49 16 93 48 90 24 2 12 85 90 32 44 65 28 46 36 83 65 79 47 27 99 90 95 81 91 38 37 17 72 63 44 52 41 33 32 23 43 89 94 58 33 80 5 29 48 42 83 78 22 5 82 74 62 32 72 73 6 74 53 88 31 22 41 53 8 99 50 56 64 7 9 2 15 23 79 56 8 76 22 100 5 72 29 54 57 8 18 20 44 85 12 88 35 29 62 97 23 62 16 36 54 71 70 63 42 24 21 59 14 19 52 44 35 32 74 62 85 5 37 89 18 63 57 60 57 23 15 68 70 91 85 39 28 20 9 67 47 35 20 31 13 99 5 27 67 56 90 65 32 28 100 61 5 85 77 11 50 44 36 53 23 86 87 12 13 82 56 87 55 11 64 48 99 38 3 7 37 21 12 85 23 32 47 2 93 98 29 49 45 0 64 40 19 80 5 13 88 50 46 77 58 63 76 30 62 12 25 57 33 13 27 91 8 67 77 87 61 71 93 98 94 95 78 88 3 24 59 70 46 60 73 67 18 64 75 52 75 4 38 47 26 50 71 4 79 45 5 39 53 88 72 14 12 10 30 77 97 94 12 47 17 5 42 36 80 6 97 49 91 77 1 0 60 90 41 89 9 51 26 13 7 50 13 64 97 14 90 3 84 98 55 100 67 23 84 40 22 44 13 26 98 67 82 67 50 51 60 60 5 79 53 55 83 30
3 20 70 87 86 93 46 43 86 46 40 46 98 36 85 61 51 23 94 94 43 10 95 46 73 34 69 69 45 39 83 31 43 17 35 79 53 23 58 59 40 96 79 84 29 24 67 50 90 14 43 0 77 4 32 65 35 75 70 47 3 97 28 29 93 43 15 49 9 26 12 84 54 38 57 27 50 20 31 55 22 92 58 92 37 49 34 45 55 4 48 27 20 81 40 0 78 18 30 31 73 72 51 69 93 93 43 48 96 18 69 30 34 81 99 2 19 78 12 33 66 17 89 78 14 69 82 41 35 33 12 81 23 41 58 93 79 75 53 75 15 34 66 23 33 20 13 84 71 60 2 67 78 53 85 80 28 56 30 48 89 78 7 93 77 26 17 98 44 16 44 27 3 16 88 25 52 87 95 84 19 56 31 78 61 66 55 32 94 33 33 68 94 11 37 75 77 5 83 40 81 81 97 26 58 62 42 35 52 55 45 95 57 26 84 97 9 12 61 30 10 90 65 53 99 62 15 45 9 75 54 74 91 84 90 35 59 36 35 37 94 21 14 6 74 42 86 52 64 96 4 99 89 21 11 3 93 63 95 66 60 27 84 19 94 33 53 62 54 60 6 36 80 63 83 19 76 43 72 44 5 93 84 87 51 66 2 85 53 60 12 61 34 70 12 100 90 17 81 91 74 26 32 56 74 77 21 13 16 32 66 13 74 85 64 64 15 93 79 33 58 37 37 32 3 75 39 4 52 88 29 23 97 41 41 52 28 34 66 54 6 47 12 55 25 40 95 9 38 2 45 20 37 35 82 38 100 17 83 39 15 52 45 63 17 26 89 77 68 44 28 90 98 57 92 76 66 89 9 24 29 38 94 42 35 24 7 63 6 6 59 90 7 6 99 70 12 92 11 57
84 71 42 75 32 25 71 36 47 91 7 96 83 47 0 22 79 38 16 72 92 69 4 53 79 45 28 11 75 63 85 19 77 94 59 15 7 37 79 58 87 22 32 55 0 83 67 60 11 3 36 47 69 8 62 29 29 89 82 21 2 36 71 8 82 23 91 40 22 86 93 22 9 34 2 57 21 81 80 8 79 4 97 81 72 5 38 78 38 53 33 14 67 11 39 8 84 58 70 56 67 10 58 48 92 12 85 82 67 61 67 85 4 98 44 83 68 17 24 10 7 20 26 56 70 76 74 5 72 10 16 74 63 40 72 46 5 76 81 9 50 28 29 73 44 39 58 22 38 33 1 17 42 60 95 84 10 14 58 45 60 38 14 84 97 65 74 22 74 66 75 25 52 3 100 40 83 41 98 55 61 32 46 31 51 5 43 2 6 86 11 28 15 10 25 77 83 76 1 68 100 59 68 58 42 51 17 32 52 31 61 59 95 13 54 75 90 97 3 11 53 1 30 61 4 84 82 96 11 61 58 77 22 44 62 81 36 76 0 33 40 49 34 38 65 31 34 89 96 85 38 38 48 41 72 67 17 74 65 10 52 24 25 31 5 41 17 36 11 98 61 86 50 19 29 3 12 82 29 67 73 8 80 71 0 64 31 16 69 61 3 87 43 64 11 59 17 6 40 85 54 6 27 84 94 32 98 79 88 1 20 5 7 21 36 85 82 64 25 32 7 46 96 14 25 96 83 56 6 89 18 0 33 69 5 10 84 85 28 35 60 14 16 54 9 14 10 12 44 91 3 80 37 8 96 23 25 77 64 22 17 15 81 72 24 100 98 21 14 60 29 7 71 11 70 81 36 27 19 98 26 23 66 40 12 75 0 11 91 13 73 51 73 71 22 58 4 46 47 82
47 43 56 81 19 33 86 70 75 58 25 66 96 100 34 47 96 81 4 4 98 57 45 45 13 41 93 21 25 27 79 27 10 24 67 70 17 14 48 49 56 53 86 15 89 42 67 48 68 0 73 51 48 50 28 1 40 4 94 30 63 60 74 23 74 48 49 4 96 65 35 21 80 71 13 4 21 0 39 42 76 95 28 63 80 61 52 66 2 2 7 28 26 22 94 41 88 99 94 7 62 24 31 3 94 10 58 21 64 14 46 23 45 63 70 41 84 83 69 29 27 34 8 24 74 76 6 3 95 19 28 53 33 81 89 1 9 75 48 3 82 51 58 67 74 80 32 87 46 46 13 61 72 27 54 14 14 42 0 11 14 33 2 73 80 11 52 8 80 61 30 58 95 54 2 35 6 12 32 51 52 79 78 53 87 46 64 80 15 16 70 50 22 56 63 28 48 93 80 68 41 30 88 32 70 12 57 100 63 73 14 78 10 34 99 13 98 39 14 64 38 66 75 83 62 8 82 3 49 15 23 10 13 16 76 45 68 8 89 39 17 79 7 75 2 14 31 67 69 25 98 6 73 63 80 65 2 85 79 36 76 73 35 100 81 97 47 68 81 84 24 72 78 43 61 30 23 58 16 91 17 82 61 30 9 90 60 68 99 62 93 39 11 41 94 38 86 6 58 44 24 95 51 7 38 90 80 7 90 32 76 99 40 84 73 78 16 31 54 58 40 96 21 85 38 49 23 27 11 76 43 81 10 1 2 41 8 68 43 94 56 87 57 41 57 43 31 91 52 57 33 93 57 97 43 64 17 65 25 73 66 92 8 59 2 95 61 57 67 31 38 40 49 58 33 16 28 58 48 67 84 88 53 60 67 59 95 37 70 52 4 75 58 40 75 46 71 50 40 18
26 42 67 86 91 62 78 94 69 1 76 51 49 29 29 25 47 92 93 32 96 68 69 5 84 45 91 3 75 73 82 84 7 79 24 25 95 83 67 34 49 36 21 42 25 43 1 27 62 25 57 34 63 44 48 48 15 66 94 96 83 52 96 32 36 87 25 4 18 93 20 3 78 83 37 98 52 76 9 12 57 91 90 46 18 41 74 45 45 62 32 81 80 23 85 82 45 6 75 82 44 13 7 58 68 88 71 96 39 92 34 73 58 54 26 94 44 1 85 66 81 41 27 38 53 12 18 15 33 56 51 62 68 74 89 39 37 4 74 97 61 20 18 40 27 57 58 44 33 60 35 19 75 84 17 94 60 3 31 84 46 63 40 94 43 88 12 91 23 55 81 98 49 74 63 7 5 66 43 55 86 28 48 16 75 54 33 42 32 44 0 52 93 68 25 93 5 57 44 46 31 98 70 96 97 43 93 100 40 50 25 26 95 26 46 69 64 40 76 33 0 28 14 81 1 41 32 6 31 29 6 76 68 62 92 12 90 50 33 99 80 25 17 81 50 3 93 17 7 16 67 96 31 35 97 53 18 70 80 21 93 29 81 84 99 57 3 58 50 22 78 15 68 34 3 23 83 23 28 25 85 63 26 90 29 51 0 59 98 30 73 12 79 9 77 26 65 60 93 93 51 74 44 14 79 8 17 11 9 82 32 25 36 46 57 83 22 47 74 17 61 29 40 95 1 68 61 2 85 3 72 81 75 98 63 85 70 94 9 50 44 25 6 30 95 1 92 54 98 84 74 37 75 2 48 28 95 66 23 30 6 21 34 1 30 50 16 49 23 79 30 52 36 10 48 94 31 55 14 22 88 33 29 18 40 39 36 76 24 40 13 44 37 97 84 99 14 59 94 68
73 83 12 56 43 78 1 64 53 76 79 86 21 64 83 82 49 47 21 53 4 86 50 8 56 5 96 43 16 27 47 11 28 13 6 50 18 57 77 28 5 54 24 9 77 58 59 8 54 59 2 6 46 10 14 67 29 62 88 72 75 16 5 8 2 39 27 20 12 47 35 6 0 25 55 92 58 18 95 54 14 67 63 43 16 61 17 62 76 35 35 88 90 91 51 38 1 92 85 93 91 92 94 55 58 18 12 30 16 14 28 89 97 73 51 72 25 51 90 22 65 63 50 72 32 95 11 73 7 98 15 3 28 9 100 27 14 25 93 87 32 55 57 43 21 33 45 71 84 30 58 31 40 88 98 16 82 96 86 39 92 84 84 54 65 73 58 0 60 3 58 17 94 83 38 61 31 88 30 60 63 67 83 63 68 70 74 72 72 17 60 66 22 42 16 77 33 72 86 83 35 77 80 38 21 0 20 24 12 14 84 94 80 83 39 94 36 2 43 8 87 74 64 9 57 20 45 29 95 21 75 15 46 12 75 23 23 58 31 100 70 8 1 57 94 19 25 18 81 30 57 19 17 84 48 50 21 57 13 42 96 13 2 33 9 27 17 22 61 81 13 37 93 8 61 99 100 86 53 99 12 38 86 54 31 58 92 5 1 94 9 52 49 55 92 25 71 12 76 55 5 50 23 81 23 81 31 48 34 4 90 0 50 22 37 21 35 100 33 86 87 8 53 21 25 65 79 22 98 45 5 75 27 4 57 19 75 30 35 8 19 58 49 23 77 5 87 61 22 13 49 23 18 70 26 73 90 7 52 12 56 25 39 45 96 67 23 54 90 16 55 95 12 82 30 26 5 49 88 24 34 33 23 8 11 94 73 20 80 84 14 83 16 67 67 35 6 62 84 53
73 99 78 10 75 86 74 44 17 3 26 85 68 51 99 27 39 85 84 63 76 66 17 72 69 69 59 97 86 9 25 14 51 100 61 61 55 66 32 78 93 26 56 14 82 52 48 61 37 96 52 34 25 51 46 40 32 63 16 74 80 61 14 12 26 75 49 35 67 57 67 53 82 34 63 18 23 26 86 88 46 13 3 21 46 95 69 36 4 91 19 76 72 57 3 52 2 40 82 97 63 4 67 2 13 1 54 42 77 72 12 38 26 67 25 63 64 34 81 1 40 50 48 84 81 18 61 17 52 32 7 8 90 9 69 73 24 12 88 60 37 34 46 29 99 9 89 32 39 88 25 12 57 13 76 14 84 87 85 70 88 3 73 62 96 37 59 98 11 95 48 84 60 53 94 17 18 95 28 83 92 18 69 90 45 73 63 12 69 23 70 49 79 20 30 100 96 93 77 81 22 64 88 30 62 58 26 56 76 49 12 16 6 84 39 69 22 20 89 36 16 11 44 38 42 50 63 60 58 50 56 4 72 54 94 6 86 48 15 13 15 36 0 65 68 34 98 15 18 19 98 25 56 82 37 96 46 73 18 23 44 32 56 55 71 59 42 16 8 85 72 26 17 44 48 97 9 75 72 5 44 12 40 74 16 24 19 99 33 97 10 1 57 13 87 45 14 16 6 46 18 31 88 13 69 44 100 57 10 82 49 27 48 12 95 35 19 77 38 70 19 100 3 44 27 30 14 73 14 90 15 71 98 27 31 33 72 22 50 75 11 37 82 8 10 65 39 8 36 22 37 49 5 78 21 34 25 14 53 100 58 44 98 65 84 2 40 59 50 33 49 20 90 21 29 78 51 25 93 54 41 27 1 57 11 48 13 80 49 82 48 60 82 81 99 67 27 50 86 89
82 43 2 44 58 23 14 100 40 88 56 38 11 23 13 40 50 35 51 56 75 38 84 60 92 58 46 50 31 71 16 50 12 34 67 58 31 47 61 68 27 77 34 99 31 62 35 85 62 66 66 82 98 36 86 54 45 88 31 47 15 23 33 78 87 53 45 87 30 92 92 55 9 79 81 70 83 100 90 30 14 12 37 56 26 21 74 64 96 76 75 99 48 97 24 84 16 31 51 70 32 51 59 38 21 71 43 31 73 14 91 18 86 1 4 23 60 25 55 73 40 47 49 28 69 24 22 87 51 23 88 26 8 45 61 65 88 17 66 7 37 64 15 1 97 68 9 78 51 60 48 66 60 43 9 13 49 17 95 77 7 57 9 24 93 15 6 90 6 21 12 65 33 64 30 62 56 4 33 1 43 58 25 49 69 94 53 81 0 24 40 81 78 10 25 45 5 54 9 44 29 74 98 72 40 80 45 71 92 26 8 36 99 14 28 54 36 27 24 78 81 17 70 36 41 45 28 48 26 43 67 35 83 64 28 84 80 30 67 84 12 6 36 9 70 70 100 26 0 79 43 28 79 4 10 64 99 17 93 74 24 94 89 72 9 68 41 99 100 15 42 11 6 15 6 85 35 28 32 25 58 24 35 46 29 41 28 94 86 17 41 58 32 2 45 46 64 70 0 6 29 6 44 24 85 8 71 1 6 18 74 66 73 32 18 87 47 50 27 43 64 1 16 70 43 15 34 6 99 93 36 8 72 41 44 75 1 3 32 51 7 47 79 27 50 45 45 75 91 92 99 10 2 94 45 26 22 57 32 29 64 31 41 76 43 2 88 55 83 47 65 56 84 10 48 17 77 29 43 59 24 23 86 42 78 5 75 78 62 74 58 57 12 77 95 68 49 70 44 17
64 56 100 21 14 34 9 35 99 57 9 61 87 36 95 36 22 24 65 73 10 7 86 18 89 42 80 58 46 60 45 7 91 52 64 17 53 3 20 77 42 46 48 48 61 36 81 86 22 100 63 60 47 53 71 79 4 35 79 39 39 16 11 92 58 78 53 30 80 20 94 8 92 95 99 12 33 91 27 72 99 96 77 48 31 32 73 73 17 7 92 52 71 48 77 46 90 42 35 66 78 5 8 10 71 47 79 26 4 42 75 50 90 46 37 90 29 67 6 26 64 54 33 10 84 16 42 51 19 54 74 27 69 56 42 99 86 90 4 99 45 51 0 92 28 39 57 41 86 24 3 17 23 75 31 19 9 74 85 100 15 63 8 77 52 44 37 76 17 13 35 19 43 11 38 11 11 61 66 28 26 5 72 45 96 51 52 66 50 98 21 91 22 10 99 59 5 2 25 4 34 0 82 51 63 86 27 54 57 92 24 45 66 1 79 59 43 62 84 15 92 68 67 3 26 64 59 48 99 3 68 84 21 47 50 69 3 84 92 23 23 22 63 0 78 89 19 30 2 95 15 63 76 99 47 44 61 100 3 77 65 37 11 65 75 0 82 98 33 65 17 45 92 70 0 79 53 69 5 15 5 59 74 25 93 7 52 98 81 27 99 52 4 51 72 11 14 60 67 88 48 46 92 2 90 61 5 94 62 42 55 88 12 32 91 77 21 77 66 5 61 38 53 60 24 60 46 3 52 19 13 46 60 84 83 10 34 38 3 99 77 53 16 74 91 5 55 0 68 18 70 12 62 25 73 75 2 22 54 94 82 87 53 79 9 77 61 100 45 38 83 65 14 47 51 63 56 83 83 46 40 21 43 55 96 70 23 6 16 13 69 55 84 22 15 93 54 40 28 67
27 47 0 14 37 88 40 41 4 24 86 80 8 100 18 76 37 96 44 73 12 55 33 0 48 58 82 11 0 53 3 74 18 95 61 6 57 95 57 23 54 94 87 65 40 6 33 63 32 15 36 78 77 17 40 7 51 8 5 45 47 79 94 51 56 27 92 76 85 50 90 58 71 23 36 75 12 65 37 98 79 65 55 76 0 8 97 92 61 1 67 29 39 58 75 6 91 16 88 57 5 32 74 43 34 77 48 69 36 67 78 97 95 69 16 76 50 12 57 13 58 82 98 28 33 95 57 42 56 48 86 50 78 66 56 63 23 96 59 31 89 19 35 93 42 91 98 27 74 94 57 34 92 60 99 88 3 43 68 19 37 5 93 27 75 13 46 27 51 25 45 5 86 12 17 77 43 40 76 67 26 13 20 59 21 23 9 26 10 65 44 40 61 9 85 32 31 25 37 39 53 71 80 15 77 90 11 69 67 20 52 38 69 48 79 18 47 35 40 85 49 72 100 68 73 74 7 87 16 44 14 10 32 46 94 42 7 94 13 73 77 3 12 15 67 21 36 23 37 88 41 72 55 79 54 41 91 78 66 85 65 53 73 86 79 94 53 83 58 92 30 42 37 21 16 44 55 64 33 99 78 29 10 94 38 17 82 88 84 69 30 41 82 71 11 100 44 6 30 6 55 1 1 50 30 3 57 100 0 93 78 59 64 70 5 45 11 2 22 38 49 10 3 16 11 84 34 91 61 1 91 45 48 0 33 70 44 34 64 9 59 14 92 20 81 32 16 28 100 55 25 12 6 14 23 36 66 48 95 11 58 19 88 50 40 15 7 74 65 44 99 29 43 21 84 90 61 98 4 61 73 61 47 16 13 10 78 24 5 16 92 64 43 12 28 32 36 13 71 68
68 31 65 45 1 36 51 87 70 78 49 48 68 77 13 67 3 53 33 74 64 26 40 37 39 61 94 24 42 63 16 0 41 23 86 55 41 66 53 88 53 30 93 38 68 39 18 45 21 32 71 14 27 33 28 58 74 31 51 48 29 23 55 25 74 90 14 2 13 27 70 20 3 18 68 40 67 41 42 36 6 4 66 36 62 56 11 21 23 57 97 73 71 97 42 25 65 53 46 75 1 63 95 25 66 90 91 63 86 44 32 8 71 52 69 52 60 21 30 72 29 13 27 47 91 59 44 85 3 75 84 20 86 4 48 40 46 73 74 75 86 22 19 0 79 79 0 57 51 31 81 48 48 95 29 29 31 9 93 51 70 57 0 59 34 47 52 36 82 89 87 34 50 26 40 75 47 16 66 83 1 61 39 30 18 96 12 92 64 16 85 30 8 40 5 38 26 53 40 75 17 42 35 59 29 11 10 17 4 57 76 42 58 57 94 17 78 69 33 63 11 95 43 61 6 9 99 100 88 29 56 93 75 98 96 34 32 77 15 33 39 9 43 39 64 20 79 93 65 67 2 82 86 50 34 32 35 55 96 32 57 2 14 43 45 29 47 0 19 81 63 15 30 48 91 100 48 19 87 28 99 31 63 16 77 77 8 18 76 0 89 90 76 71 72 25 91 84 94 44 22 74 86 58 86 12 4 76 90 2 59 27 7 55 6 25 99 7 100 25 37 12 59 86 72 87 46 11 3 73 71 24 11 33 29 91 10 61 83 95 21 99 26 74 67 42 19 84 95 43 47 74 69 95 59 89 67 86 52 92 16 55 0 42 76 37 35 84 68 48 75 99 43 2 32 91 54 55 31 23 98 12 46 10 84 49 40 67 40 11 62 66 50 54 51 3 72 83 51 28
50 37 72 50 30 81 92 78 79 12 33 79 64 56 26 30 61 17 39 85 21 28 9 27 43 93 5 48 0 29 3 66 44 3 12 90 61 26 39 52 11 41 80 98 12 15 20 17 2 31 12 18 94 11 14 68 85 5 82 76 1 83 37 44 31 45 60 50 60 22 66 30 28 12 33 18 86 0 54 47 65 83 89 97 47 67 30 73 16 99 66 67 46 72 5 61 82 41 8 84 57 48 75 93 71 34 28 89 79 86 64 37 84 35 88 40 72 73 11 51 72 5 1 50 1 11 13 48 50 25 66 41 13 75 91 11 91 69 92 93 86 29 7 96 86 24 14 85 66 30 3 12 6 41 24 82 49 100 38 24 79 26 95 19 2 89 81 66 12 13 79 94 51 43 29 42 54 54 97 100 11 67 86 16 2 16 42 70 5 76 34 66 41 32 60 47 97 1 59 94 46 72 4 71 56 74 90 79 25 28 44 84 29 25 42 47 65 79 27 91 58 80 46 34 81 21 80 0 27 31 95 23 6 91 79 10 58 16 16 16 88 76 0 24 40 71 48 39 47 81 4 73 100 5 90 89 87 81 54 1 32 51 17 28 74 51 25 66 55 39 8 78 15 67 55 96 56 76 94 69 84 84 7 52 63 18 77 3 28 93 31 62 73 30 21 92 64 34 20 73 38 14 46 52 95 71 37 42 25 73 44 12 10 76 74 48 63 73 64 45 18 82 78 26 90 28 17 84 95 48 34 91 72 66 54 58 73 59 85 45 50 7 40 12 9 33 20 77 86 59 72 42 71 95 43 11 22 29 6 18 46 13 38 76 64 20 51 57 12 95 10 89 52 57 15 99 29 32 46 49 35 31 75 88 45 15 6 47 88 36 62 94 28 40 65 64 72 2 71 67
69 0 12 43 61 84 81 94 24 45 18 53 83 15 19 99 28 14 30 20 95 5 45 55 7 39 43 8 42 46 66 60 72 88 11 49 50 73 41 33 100 61 35 76 19 32 72 6 64 95 68 46 21 86 32 24 73 20 73 80 28 62 10 42 38 82 45 15 86 79 12 81 30 19 100 82 70 25 100 53 68 74 27 26 30 18 20 19 26 7 78 23 25 38 47 68 36 31 2 67 60 80 10 4 95 46 58 100 8 97 59 60 85 95 54 4 43 19 87 54 78 67 26 97 38 76 93 27 26 82 1 8 43 28 34 30 2 81 29 63 56 26 79 0 22 71 90 79 13 94 57 93 21 40 48 54 9 70 68 80 53 19 52 47 41 22 68 55 85 49 89 98 31 94 22 28 100 79 36 81 29 18 6 85 9 55 14 33 43 68 100 94 32 92 53 28 72 83 67 37 77 23 39 24 90 68 23 49 55 95 49 20 45 78 36 52 66 16 96 61 39 75 43 21 99 8 93 48 34 36 31 0 22 75 70 33 48 51 22 26 69 52 88 53 3 10 99 51 64 95 27 81 66 64 13 47 40 67 39 1 33 30 47 79 25 13 22 61 74 71 10 92 46 66 73 86 14 57 30 90 79 58 88 76 98 90 20 43 58 4 8 40 87 62 53 74 37 67 7 81 21 5 92 57 55 47 72 33 23 72 29 8 35 8 14 87 13 30 75 39 54 50 36 85 75 17 87 92 14 39 46 41 33 7 47 30 7 47 58 42 69 49 69 72 28 32 63 56 97 14 53 16 16 6 45 55 57 1 29 52 93 88 68 31 53 79 83 50 35 12 55 74 47 23 19 81 36 14 17 63 0 15 89 83 84 32 9 94 35 72 1 91 32 42 27 10 25 97 70 74
4 16 65 61 88 53 57 19 95 49 14 1 23 62 69 48 65 77 99 18 82 74 14 75 11 48 76 72 99 72 61 73 45 13 67 23 76 44 29 40 33 82 73 43 12 43 84 0 86 71 95 92 93 62 27 31 94 80 18 93 0 1 97 97 88 90 15 31 13 52 41 21 7 12 96 11 72 28 52 55 42 44 52 28 11 88 75 24 97 83 41 95 42 0 46 28 42 35 55 33 13 14 81 42 49 48 69 34 38 45 94 35 12 20 83 2 54 51 21 39 20 0 64 98 10 67 77 5 82 93 1 3 11 57 24 24 33 48 55 42 89 66 54 83 12 88 45 82 82 44 54 90 32 83 54 41 53 71 42 5 95 0 56 3 60 32 7 95 11 46 26 17 3 94 25 28 35 29 16 9 61 78 76 69 90 44 89 32 50 28 43 34 33 61 49 7 68 97 2 12 97 31 69 96 31 18 16 66 43 30 24 97 39 50 93 57 93 78 48 17 80 15 55 16 90 81 78 29 96 25 4 58 9 86 12 21 5 22 74 6 89 98 13 60 96 61 26 75 44 57 59 70 40 81 95 80 47 79 67 7 92 5 34 24 35 7 32 62 91 3 36 11 78 12 76 65 68 65 6 92 3 13 10 63 50 62 38 69 94 80 58 46 33 19 82 38 1 35 28 9 15 57 8 40 29 66 17 83 23 58 37 82 37 12 1 65 20 94 36 73 65 64 32 55 96 79 15 71 95 19 30 61 2 69 32 28 37 92 9 19 10 60 11 47 33 31 7 83 52 4 59 51 7 30 51 22 39 7 55 41 100 38 76 16 5 97 27 63 57 76 47 41 88 18 70 82 27 58 77 2 58 73 70 73 58 36 38 90 33 38 34 66 39 15 23 30 19 16 49 87
58 90 77 23 51 59 77 62 20 23 44 52 31 95 46 1 23 60 42 30 74 65 70 76 52 6 38 8 79 57 29 18 27 46 53 57 3 50 13 12 89 87 88 90 21 82 10 29 90 27 96 70 28 91 33 40 82 31 98 94 35 65 95 24 95 73 27 85 16 64 79 90 84 49 93 94 26 60 49 62 75 68 55 1 81 94 18 34 36 49 66 14 14 57 74 59 88 37 65 27 4 54 74 28 57 70 61 67 69 47 13 73 79 5 50 65 26 15 76 78 77 31 41 66 73 71 9 81 93 33 10 17 65 2 26 11 21 47 47 14 50 21 32 32 45 42 25 51 56 64 99 46 64 70 40 34 64 91 90 43 17 61 72 74 98 76 98 29 76 10 0 18 42 86 84 40 70 14 89 43 27 84 53 85 99 6 22 34 65 80 80 48 11 68 99 15 19 15 85 97 95 14 21 29 26 47 89 55 53 44 14 43 7 81 2 25 17 61 5 64 35 90 66 65 11 10 72 89 77 25 58 56 13 86 76 65 96 24 5 56 52 90 7 6 91 76 27 73 79 22 31 10 30 78 23 47 76 97 80 62 22 68 2 28 95 54 36 10 48 53 99 37 93 42 15 36 26 66 48 46 98 8 90 54 73 37 60 84 12 12 40 29 7 97 95 61 67 25 67 23 8 19 43 57 58 54 60 28 25 47 28 2 54 85 33 94 43 88 27 0 4 23 17 81 30 64 9 6 32 17 84 43 39 67 87 68 96 61 81 2 68 78 11 75 32 96 35 97 41 63 67 72 15 78 26 80 13 32 97 74 25 72 33 75 4 20 87 9 42 95 36 43 76 0 50 83 93 60 48 67 6 23 14 67 97 47 47 9 27 4 6 10 42 68 66 40 23 83 94 79
20 28 58 81 30 31 91 99 3 1 70 20 77 85 95 36 65 48 23 9 36 67 28 52 54 25 39 25 46 59 1 0 36 74 0 1 93 43 70 65 65 74 64 7 90 68 97 89 36 74 54 4 39 57 18 81 77 59 64 35 13 97 30 26 60 41 45 57 2 45 99 41 74 37 83 21 100 54 72 20 7 57 31 57 47 21 32 42 63 73 30 30 27 3 54 55 23 87 87 96 48 63 73 51 99 40 34 0 91 53 14 17 80 72 92 47 94 55 21 93 95 100 64 93 57 43 60 37 12 91 61 10 79 72 71 66 87 29 13 16 73 52 93 81 48 61 65 11 53 4 36 22 58 59 60 55 61 84 91 94 30 41 22 24 22 42 64 21 0 99 20 69 95 60 44 100 84 35 14 88 39 56 17 60 73 45 96 84 42 49 52 17 41 20 64 47 7 86 34 59 10 68 79 7 49 69 63 15 67 3 3 93 1 2 49 10 81 0 63 83 2 44 74 39 40 25 30 56 95 18 7 66 2 36 54 2 32 31 33 55 44 20 92 54 12 93 52 82 81 50 16 24 24 64 60 31 97 39 79 88 84 42 65 77 80 34 23 58 38 42 70 0 91 74 29 12 15 87 29 13 79 40 96 9 77 41 7 75 1 52 24 86 44 94 68 6 12 46 70 29 33 46 95 42 10 37 75 61 29 34 46 0 27 62 18 15 28 17 76 67 74 61 83 78 84 2 69 53 85 56 72 69 35 89 11 78 0 9 87 98 51 86 59 26 89 21 90 40 46 2 8 96 100 66 43 10 35 67 90 58 42 89 12 99 34 86 47 77 47 76 89 29 52 25 1 40 19 34 97 16 52 49 60 91 90 86 16 77 94 7 27 95 41 82 34 23 10 31 28 95
4 58 86 74 93 15 57 91 90 15 13 30 92 43 5 47 9 98 65 30 87 85 6 66 20 35 55 8 78 61 26 93 99 60 69 7 74 45 46 36 95 45 62 77 49 59 69 36 24 78 0 62 5 54 93 5 90 91 91 96 64 5 23 12 1 86 69 35 39 16 18 37 83 35 19 54 9 73 26 61 92 100 100 74 85 6 27 45 95 60 20 99 23 88 72 61 83 15 47 36 72 26 53 9 43 72 98 16 92 24 34 16 57 72 41 17 5 94 45 92 82 17 7 88 45 99 28 31 44 13 28 68 88 39 57 38 87 47 81 73 11 52 70 67 69 1 38 37 39 13 65 79 46 23 11 88 47 65 80 19 92 73 47 58 92 29 13 30 29 27 46 83 6 24 18 92 32 51 66 28 70 15 50 13 71 24 16 57 84 30 16 28 26 8 55 9 93 32 48 72 26 70 6 53 45 53 13 19 75 46 66 92 51 95 70 19 89 42 45 68 41 99 6 1 28 44 59 77 39 61 6 16 88 17 75 21 43 99 16 62 97 20 23 23 86 46 5 62 25 24 44 10 77 42 25 62 37 20 11 94 76 48 58 80 17 26 47 13 38 75 53 14 98 77 73 79 7 40 99 7 97 48 82 73 62 57 16 12 59 14 94 14 88 36 23 79 34 69 23 77 31 35 17 75 89 4 62 38 69 78 12 12 35 100 10 84 76 79 99 78 92 99 13 34 85 40 71 73 9 96 56 42 57 48 41 29 31 10 90 51 30 88 85 22 0 100 57 56 68 20 6 91 56 92 33 0 27 45 53 54 59 54 88 55 83 3 10 72 68 47 72 64 55 23 82 34 97 1 12 78 81 78 57 31 92 42 50 99 7 23 37 35 83 95 57 50 22 16 8 90
2 92 3 61 79 61 50 11 35 74 12 1 76 5 69 38 71 34 66 81 15 24 12 77 90 51 7 86 77 19 8 10 86 22 79 58 93 13 96 71 100 22 22 63 31 62 36 99 90 20 50 68 24 96 87 21 31 38 81 97 44 62 13 48 64 98 81 73 69 21 66 51 63 33 92 97 13 31 9 96 9 58 22 17 7 55 78 22 14 36 7 67 2 71 38 89 96 88 19 40 3 92 11 92 13 68 17 84 7 47 21 48 17 15 32 12 11 64 3 16 47 49 73 15 50 9 39 34 82 61 78 72 96 28 55 46 18 64 100 63 85 38 39 10 18 11 54 86 72 13 31 47 18 39 48 40 95 53 42 49 96 11 42 98 14 71 13 97 63 29 37 82 74 44 94 88 30 86 10 48 65 69 30 97 61 76 19 67 28 25 28 82 82 65 89 49 49 46 64 90 16 18 44 38 95 25 5 82 48 82 8 91 91 51 81 26 20 97 88 25 20 42 98 33 74 28 76 64 67 16 66 65 55 77 6 52 37 7 94 82 47 89 51 2 64 75 12 25 44 0 62 79 43 99 60 91 53 72 20 51 65 63 90 98 66 14 20 10 64 57 60 22 65 56 76 41 54 17 80 22 49 35 96 11 38 99 44 27 2 6 37 64 83 38 37 56 5 81 12 50 76 91 12 96 55 33 65 49 37 64 38 66 88 44 6 29 63 33 36 12 14 97 50 31 69 74 73 26 57 84 85 44 49 11 51 85 8 82 92 91 73 9 69 99 84 29 22 44 32 34 81 12 73 63 84 40 96 21 46 16 8 53 91 41 98 22 29 84 42 40 27 36 38 54 41 44 77 66 50 22 24 37 7 57 92 13 44 62 22 50 12 51 92 34 13 19 84 34 98 78
78 42 43 15 55 71 72 63 80 22 41 54 31 33 51 26 62 95 8 91 56 65 48 80 6 99 61 54 53 87 52 28 63 33 34 50 72 53 51 34 3 43 33 19 48 98 23 39 84 8 67 44 26 46 64 37 14 3 10 46 65 71 91 57 32 32 86 72 66 94 85 13 28 48 83 38 62 69 98 64 96 40 90 99 65 47 90 34 76 64 100 93 87 78 89 15 42 3 29 69 24 63 4 89 11 30 11 10 98 42 9 38 48 46 83 56 11 41 83 93 93 59 68 34 26 87 68 20 75 69 74 65 70 63 43 18 75 34 19 85 92 96 48 6 21 9 9 14 30 20 15 83 60 100 80 81 42 7 44 37 76 75 63 14 74 66 97 80 3 53 30 50 39 54 57 89 56 20 29 31 83 38 11 29 23 26 31 19 81 18 89 45 82 53 27 86 17 73 88 70 55 54 90 34 46 71 79 68 98 99 78 77 71 94 33 4 97 62 67 43 73 72 79 71 85 47 13 4 68 89 97 79 48 62 7 65 87 89 8 52 58 4 80 60 30 13 50 9 39 13 96 51 38 96 49 46 56 73 17 47 73 36 24 92 58 18 33 73 7 85 93 18 67 3 16 4 27 44 86 66 30 40 53 62 71 18 99 46 35 33 43 15 73 21 98 39 7 93 77 53 88 68 16 38 75 19 28 73 77 1 30 56 20 97 66 29 72 81 91 30 16 78 25 48 3 75 61 90 40 38 68 73 46 28 29 58 6 55 35 32 37 3 29 19 86 53 15 65 49 47 78 88 40 10 61 83 27 21 5 18 13 38 78 91 82 61 16 12 48 92 20 84 40 60 43 84 1 55 33 17 11 32 77 5 30 70 65 9 37 62 46 47 53 55 80 60 64 42 81 63
66 5 24 9 33 65 62 60 19 30 9 16 17 5 72 45 12 22 40 58 97 86 64 97 55 36 60 37 54 67 61 0 13 95 29 40 97 76 9 35 40 43 45 16 49 65 23 64 45 100 26 87 47 76 52 87 2 72 56 81 78 47 77 30 48 78 60 75 72 84 75 82 72 60 68 3 39 32 47 68 85 50 54 24 11 54 88 76 66 26 93 72 16 66 61 61 63 89 94 99 60 12 99 32 23 16 50 34 7 84 56 10 75 4 12 20 52 94 96 78 13 60 64 32 77 78 86 47 67 2 10 77 61 26 51 77 59 11 58 54 1 3 5 1 92 78 16 37 16 38 76 63 51 70 65 64 79 2 96 88 20 62 10 19 60 72 90 17 50 60 87 19 15 56 91 36 49 35 90 26 28 10 30 62 52 36 27 88 52 16 4 25 68 10 63 35 28 42 31 17 12 81 94 48 48 98 23 56 86 79 44 78 72 75 20 18 62 17 93 58 54 77 3 63 78 67 70 75 11 4 57 37 51 79 7 10 45 24 15 37 98 72 50 94 74 83 80 99 43 97 50 45 89 22 30 0 53 60 6 15 8 3 56 37 95 24 61 97 76 74 1 6 99 42 71 49 82 98 60 22 53 19 25 66 61 97 10 78 91 10 56 77 79 18 80 46 11 26 68 57 45 99 74 53 24 78 36 26 61 98 57 2 92 11 98 61 100 8 70 52 32 28 81 80 84 17 37 42 24 51 80 53 10 61 84 48 59 82 86 68 4 50 38 12 3 95 6 96 40 14 52 85 89 42 93 78 93 66 4 57 30 42 52 52 86 35 66 42 2 33 34 17 25 56 42 79 32 29 70 36 25 5 55 2 49 98 13 28 70 82 67 51 30 13 22 12 12 93 91 47
44 3 100 62 58 91 64 2 88 34 46 13 17 83 47 19 27 77 19 29 63 82 1 49 84 53 81 11 100 98 9 8 91 80 50 75 18 31 29 23 65 32 36 77 49 42 87 25 42 80 78 15 39 19 2 50 64 56 7 50 32 91 33 7 97 3 43 84 41 50 94 33 80 25 54 87 78 27 10 92 67 62 98 14 13 78 54 50 82 66 88 40 86 5 89 14 87 8 13 36 25 52 11 8 0 71 28 70 20 5 38 7 65 69 12 49 2 77 50 67 30 100 99 97 35 66 74 14 5 100 75 91 65 29 43 97 53 99 99 68 3 58 63 45 8 67 29 36 67 11 18 14 9 55 4 39 57 40 52 89 71 64 100 19 49 94 8 68 95 14 96 3 82 70 69 88 96 44 4 70 10 9 8 74 45 36 86 21 34 69 3 74 36 74 63 42 96 53 31 42 48 8 6 93 13 75 53 11 2 100 59 36 46 26 93 83 69 13 90 1 27 32 92 46 51 24 67 42 36 72 37 2 73 32 55 6 56 96 76 79 20 40 8 27 54 46 69 61 98 80 83 48 79 6 49 4 4 2 42 4 80 13 72 62 24 68 23 61 68 13 59 19 71 1 43 39 7 17 96 65 62 80 33 63 12 3 89 29 77 47 44 37 82 70 3 3 7 68 75 14 27 99 57 20 4 87 24 56 20 14 27 18 15 56 71 43 96 81 40 10 31 52 17 27 40 57 27 74 75 15 92 98 63 46 71 49 26 38 14 63 31 99 35 53 94 78 78 49 35 77 72 30 95 27 76 24 59 59 9 21 30 16 78 61 16 37 49 51 65 19 55 96 75 49 61 70 68 33 50 59 28 48 75 64 78 86 9 72 35 75 87 69 46 11 61 17 42 5 4 24
60 1 26 75 60 85 13 71 53 39 26 79 7 5 28 73 40 1 26 40 89 48 77 56 69 58 57 10 7 87 6 96 17 67 6 31 82 22 28 89 14 13 76 23 17 58 50 84 7 3 24 67 12 67 31 75 95 100 67 80 5 37 57 15 25 29 33 16 62 53 58 11 91 23 85 62 89 18 58 65 36 85 7 30 79 98 65 49 96 69 21 98 90 85 41 68 1 11 96 50 96 78 27 32 39 74 97 18 62 15 14 8 90 8 42 53 58 67 54 29 94 33 55 35 2 53 69 22 52 54 43 47 54 23 9 31 32 28 48 89 64 87 17 78 88 41 38 80 49 64 39 71 18 69 31 68 66 52 78 1 68 34 75 26 6 5 61 42 4 32 84 85 0 97 51 33 80 83 99 70 77 75 44 25 13 55 69 86 27 15 39 6 93 36 52 3 77 77 6 52 57 68 14 95 21 48 8 85 36 12 88 15 42 11 87 14 90 35 32 95 71 6 5 5 32 41 32 63 33 66 82 48 100 20 96 46 50 73 86 7 17 44 83 82 9 35 96 86 85 74 16 67 47 72 46 34 44 27 23 93 51 5 0 36 83 75 63 47 45 6 30 81 70 24 29 29 97 35 94 61 71 85 46 60 29 56 84 95 99 86 16 62 48 21 24 68 43 40 96 12 95 98 70 100 28 39 23 57 80 97 3 79 10 44 99 5 52 87 5 92 49 99 65 91 47 68 72 26 97 94 56 18 82 96 82 26 23 96 6 47 83 38 18 36 68 56 13 23 57 71 24 100 96 56 58 55 2 39 69 57 10 62 80 90 40 44 19 52 86 61 9 68 59 59 32 98 71 58 53 23 57 75 67 55 55 71 48 32 1 77 91 53 54 48 42 60 37 24 41 51
64 37 59 38 52 98 19 42 63 65 55 40 62 57 78 21 30 2 48 61 79 51 59 51 41 82 76 43 84 74 35 40 13 81 25 16 82 40 64 97 21 83 64 48 53 40 31 74 35 9 65 10 54 46 44 40 15 67 84 68 15 8 96 55 66 46 86 62 24 54 89 32 40 95 64 57 38 59 3 23 36 69 40 94 88 49 4 39 22 75 51 15 0 78 35 15 82 77 46 49 40 94 9 96 77 5 94 24 53 86 65 78 80 82 37 14 15 34 63 58 92 0 45 58 33 14 26 76 71 3 4 49 92 44 68 73 10 11 98 51 4 67 69 89 29 44 45 91 57 37 59 94 84 49 15 92 37 68 73 81 13 5 41 54 47 5 81 34 5 72 74 75 9 25 70 49 82 56 58 19 90 11 76 6 15 55 75 55 2 51 54 27 44 11 57 64 49 61 67 99 23 67 59 64 96 72 20 44 53 2 89 94 41 23 74 89 83 37 89 84 72 73 28 69 30 74 54 44 85 58 51 72 0 95 38 27 0 97 91 67 81 4 43 35 25 35 52 2 61 47 82 29 6 6 4 11 45 75 52 46 89 84 43 62 49 56 17 32 67 2 59 59 97 45 14 29 3 93 33 66 63 76 89 31 62 10 5 91 85 58 79 43 12 86 62 98 39 37 58 72 79 100 100 41 22 67 57 29 87 31 8 21 3 99 40 0 20 51 37 1 90 82 69 0 84 59 95 37 25 98 96 31 52 18 73 40 35 60 46 67 72 58 69 46 84 94 95 62 18 30 55 70 37 83 37 76 14 9 48 21 39 87 100 3 24 75 51 68 44 63 88 27 37 95 47 70 63 69 44 43 15 77 22 11 87 69 1 97 35 36 88 77 45 62 89 21 9 54 67 17
44 47 48 64 30 40 6 64 84 53 60 14 43 86 18 20 86 87 31 56 27 34 59 15 20 50 83 92 66 45 56 73 29 95 97 75 62 93 18 69 86 6 11 19 71 19 82 3 82 96 45 42 75 69 40 39 92 10 77 34 81 77 34 65 33 34 97 15 27 3 18 5 83 13 59 42 20 94 24 67 31 93 67 15 96 1 63 96 66 37 24 10 28 29 18 59 72 52 10 14 10 95 72 16 68 60 95 64 90 52 28 64 46 20 3 84 35 38 51 73 24 41 60 1 92 83 82 9 88 61 96 68 63 49 83 90 21 29 97 81 94 22 76 5 19 85 14 8 47 33 33 8 80 99 51 88 20 57 34 62 16 33 1 24 99 45 12 78 70 38 13 90 85 3 59 69 66 23 60 90 68 77 73 2 17 19 1 83 54 75 89 62 10 45 66 13 75 81 55 31 32 24 6 36 44 50 94 0 18 8 3 3 55 22 1 25 30 3 9 54 70 82 4 27 35 80 19 47 65 80 40 62 93 55 73 84 24 9 63 89 51 80 28 71 48 58 47 79 73 18 27 67 41 61 98 87 57 3 78 83 61 56 97 11 59 92 43 42 52 53 17 95 12 95 4 56 11 26 59 100 97 53 15 48 49 30 58 12 11 82 43 43 42 53 38 13 83 74 85 32 57 30 10 32 47 9 10 51 24 54 6 4 61 28 95 94 23 88 6 34 32 93 28 93 3 87 64 67 13 76 37 3 43 11 17 43 17 40 8 79 52 26 5 98 56 74 83 54 28 40 9 2 91 55 15 8 82 89 96 75 91 41 63 92 79 79 61 51 74 63 32 18 65 59 16 71 77 42 46 71 7 90 16 44 41 10 69 79 26 43 15 40 18 86 21 59 85 73 69 46
78 90 54 37 25 55 75 34 65 48 10 69 87 62 19 59 82 60 50 57 9 42 68 49 32 65 86 99 66 77 60 65 30 78 84 47 36 18 58 34 11 74 68 8 74 10 67 58 3 18 56 23 83 35 91 48 55 65 94 61 53 52 87 52 44 78 40 20 2 98 78 21 26 90 77 80 62 85 47 58 25 18 30 69 99 23 75 29 76 75 100 22 99 82 47 42 88 7 21 74 95 37 29 26 30 78 96 72 11 24 14 0 27 25 94 100 47 62 9 94 22 71 95 74 43 50 63 39 21 28 47 13 76 56 31 89 91 71 97 69 88 17 49 46 36 93 88 5 48 13 41 74 67 0 4 45 2 6 56 10 61 27 29 27 69 67 98 88 69 44 29 3 30 85 47 28 87 66 8 67 11 65 37 26 46 87 57 65 1 76 27 33 94 27 57 8 86 56 44 46 77 93 18 14 24 31 52 55 84 26 53 29 46 99 67 31 19 59 2 6 86 53 49 60 95 97 88 77 25 59 88 78 96 3 57 13 7 56 58 58 76 76 47 63 28 66 45 79 31 47 19 7 73 3 41 39 1 35 9 48 62 6 68 10 17 24 87 44 12 12 63 55 98 61 1 19 100 69 99 44 57 78 17 26 17 78 70 94 73 61 48 20 13 41 61 61 28 26 70 7 38 29 87 88 88 93 28 25 46 71 83 66 65 77 42 24 76 4 85 8 59 94 75 21 0 100 57 24 76 2 8 67 63 28 17 28 53 67 70 60 91 46 36 71 17 27 88 72 94 95 12 9 75 90 27 95 20 56 16 77 73 21 44 48 95 21 21 41 89 93 99 52 89 48 24 70 35 41 77 70 52 14 31 98 42 65 52 36 28 95 3 21 82 94 93 82 19 47 69 15
72 26 42 53 87 62 20 51 44 14 22 22 59 21 66 42 99 1 79 45 59 55 63 77 4 84 81 48 10 72 41 45 89 78 80 10 13 39 25 59 85 24 0 43 66 88 78 79 89 81 0 75 44 95 25 77 55 19 71 25 26 83 10 53 57 17 44 14 17 29 34 5 27 0 1 49 29 5 80 82 39 84 13 27 7 17 52 48 7 59 26 2 70 19 5 96 69 70 9 6 47 67 19 57 40 25 89 28 52 88 34 14 29 72 87 12 26 91 96 22 13 54 62 40 55 59 17 38 43 52 50 30 14 94 78 62 69 46 54 73 46 21 63 0 9 90 20 29 70 45 14 59 8 0 94 49 6 61 89 79 32 28 20 28 28 89 87 35 34 30 87 25 29 95 69 93 63 57 87 87 1 36 44 30 36 14 35 60 59 18 68 34 46 75 80 100 31 14 6 91 4 6 7 68 50 7 56 60 56 45 85 93 16 41 85 92 47 55 94 38 6 0 69 44 95 7 78 6 91 38 58 94 19 16 54 47 81 62 25 0 87 16 71 84 76 81 46 41 30 85 94 16 51 17 83 35 90 63 25 99 12 91 85 3 37 72 38 54 92 84 58 45 0 8 89 92 27 87 71 74 91 49 31 22 88 100 46 26 41 40 48 90 72 64 14 41 56 21 75 1 47 10 48 95 55 45 85 43 27 60 23 96 37 13 81 14 94 26 69 53 33 37 51 89 2 64 76 13 67 76 16 80 100 72 73 47 68 55 33 3 1 3 84 90 10 27 93 88 14 97 87 8 13 8 92 80 62 23 37 82 39 11 33 90 3 95 30 95 88 51 29 56 73 5 1 79 19 4 5 17 15 86 2 66 2 76 23 67 15 76 56 18 1 75 56 74 15 86 32 60
97 57 33 84 88 1 91 34 50 94 62 31 37 7 25 54 82 19 15 13 92 17 79 3 71 6 44 37 96 86 7 75 87 19 43 91 77 75 32 79 68 62 50 34 25 17 15 6 35 25 7 32 27 76 18 49 99 42 99 87 11 2 36 29 40 3 38 58 63 46 68 41 80 50 89 33 67 53 7 67 38 34 84 32 97 94 79 4 53 21 57 48 77 9 13 4 82 11 96 24 25 75 23 72 69 97 6 73 56 64 39 2 11 24 29 59 69 66 19 84 20 71 91 77 13 92 37 48 89 50 59 12 90 43 94 7 81 95 68 62 30 42 69 10 69 41 26 93 84 93 100 55 87 98 19 76 73 73 4 50 74 64 93 81 3 16 3 48 12 10 73 49 71 94 40 49 23 25 32 93 94 92 70 19 28 95 42 65 79 92 90 41 23 58 87 0 64 2 49 13 69 81 74 18 3 49 20 23 47 86 55 47 85 26 12 22 76 63 54 15 75 38 78 34 44 0 98 38 96 5 32 63 1 41 27 65 48 38 33 83 19 55 33 73 23 26 100 52 62 97 66 6 40 18 99 28 82 14 85 29 48 69 79 72 39 1 8 30 44 1 13 30 69 37 61 77 44 100 4 71 78 22 68 91 98 69 38 46 54 11 52 13 83 99 8 8 33 55 92 59 79 36 9 44 96 87 62 64 16 22 33 99 87 49 11 49 48 88 27 91 2 1 12 87 6 89 19 55 68 28 53 75 60 93 58 88 49 1 29 43 13 48 45 28 63 73 4 27 44 64 93 52 34 49 85 3 9 53 75 33 47 50 69 24 54 41 49 13 48 80 99 71 94 53 88 79 90 6 23 42 19 36 8 9 13 44 95 78 24 13 99 20 54 29 63 97 47 41 5 2
55 35 21 31 13 57 45 81 89 81 29 79 7 91 24 72 23 38 89 78 83 61 10 79 9 72 29 37 43 22 93 68 55 26 90 7 11 85 81 9 94 2 0 1 29 0 34 21 78 55 86 6 24 57 24 55 63 5 11 71 70 38 31 24 85 65 47 96 60 28 24 10 58 47 4 41 38 79 34 23 91 16 97 40 51 100 76 96 55 51 61 94 87 11 30 47 46 98 90 82 95 62 64 69 18 15 87 92 86 21 32 99 47 19 15 72 74 57 23 14 86 34 7 71 65 71 68 31 62 74 60 84 23 20 51 32 40 16 52 97 74 57 30 12 94 91 32 99 19 58 61 77 48 33 9 45 14 66 99 67 44 74 31 51 20 34 34 34 57 93 11 74 81 46 84 18 0 65 33 13 23 32 85 6 92 91 86 25 68 32 13 47 17 10 57 34 7 70 43 93 18 0 11 40 96 84 49 69 30 31 8 50 7 18 21 14 33 100 75 32 0 61 83 27 45 83 89 83 7 100 81 9 28 91 50 25 43 4 90 18 12 14 48 25 79 79 87 92 55 26 86 3 45 10 49 98 99 87 12 43 86 32 36 89 4 76 23 88 42 95 88 75 48 75 37 88 6 48 98 3 65 82 42 84 56 87 41 25 12 90 22 47 81 0 51 73 64 32 86 8 53 24 56 68 73 17 15 65 72 18 88 3 25 68 25 74 42 18 55 2 70 67 7 65 19 63 99 92 100 46 13 47 19 33 20 70 38 61 31 59 46 83 24 53 61 0 53 43 29 29 50 3 44 53 67 56 92 62 98 43 88 0 6 6 63 58 92 64 45 43 53 69 14 68 12 85 78 51 32 41 72 79 73 9 4 45 56 95 16 14 8 46 8 27 66 94 18 76 80 65
63 12 83 23 60 93 85 82 80 93 29 58 29 3 10 29 100 66 75 48 33 35 45 58 28 26 51 86 31 79 22 64 22 70 98 93 30 97 75 4 90 60 34 82 31 43 45 42 66 70 68 52 6 10 25 76 97 36 25 32 28 76 14 98 57 14 93 60 86 8 21 19 5 7 53 22 80 64 87 9 83 36 42 33 32 42 64 62 28 62 0 44 77 61 27 100 99 22 49 43 61 64 13 2 54 6 43 12 41 40 45 17 17 80 34 46 69 74 63 21 5 39 27 75 83 64 20 94 35 47 96 99 96 13 38 34 87 42 23 95 93 39 68 48 42 46 56 54 76 75 41 12 93 84 2 53 93 35 62 64 18 75 74 49 37 51 67 3 61 38 60 48 37 63 19 30 14 84 83 42 47 100 50 19 34 62 42 60 21 70 62 42 37 46 100 53 94 99 71 13 91 54 15 71 83 92 30 22 8 54 58 13 74 43 75 33 42 35 73 86 33 37 91 85 7 46 34 76 93 41 100 18 22 90 45 76 9 17 32 54 70 22 100 24 93 12 0 43 9 32 49 5 59 68 3 47 50 93 69 35 95 15 53 21 72 89 45 6 23 82 67 88 25 70 10 58 82 41 49 33 9 18 44 6 6 68 60 39 23 48 94 58 80 77 32 91 28 51 86 35 26 10 74 44 34 72 41 92 24 32 11 25 66 98 80 6 94 99 5 19 22 23 19 62 74 56 4 50 25 65 78 0 65 42 71 48 64 57 17 72 55 55 31 35 91 88 63 7 72 27 83 10 42 42 15 51 46 51 12 86 52 24 80 0 3 46 38 50 66 43 31 42 83 82 35 48 30 58 82 100 17 14 49 77 34 67 93 94 100 30 52 51 52 19 91 41 0 99 11 77
59 93 26 8 87 91 88 46 3 90 21 6 22 16 97 9 48 72 40 99 5 33 0 95 65 41 35 34 69 29 32 66 80 81 43 28 35 89 33 48 76 43 75 65 22 4 9 16 94 30 45 17 79 57 66 38 43 19 87 79 93 48 59 67 2 96 44 15 9 57 32 96 79 8 70 43 85 46 100 14 32 3 86 20 1 11 84 53 32 58 48 40 59 67 28 75 29 4 10 30 29 24 10 69 28 80 55 51 32 55 22 48 89 18 21 13 97 75 100 42 9 34 11 39 35 63 75 6 29 100 44 57 58 2 28 44 79 50 41 34 53 77 96 66 21 72 73 79 17 21 37 59 39 31 25 58 46 43 52 10 27 41 56 17 25 10 41 75 93 42 57 4 0 58 88 0 17 27 40 1 90 48 92 90 8 47 94 100 41 76 22 93 14 33 84 43 30 14 50 83 39 73 99 1 3 36 15 43 10 55 52 19 98 91 47 88 74 24 80 71 23 96 92 77 10 14 41 8 32 84 20 13 3 55 12 44 5 32 39 32 13 50 49 23 58 70 21 44 19 8 70 53 94 55 15 41 67 25 74 72 15 82 94 17 80 63 31 49 82 87 2 71 14 57 79 100 43 29 37 61 51 86 47 3 64 39 92 9 53 18 14 40 62 17 54 73 59 96 48 43 62 52 92 75 75 1 31 19 91 25 85 69 61 2 35 54 48 44 88 63 42 98 27 7 44 92 70 56 39 68 81 69 54 7 8 95 83 3 80 39 49 22 62 80 60 79 20 22 82 81 52 80 78 36 54 25 95 58 10 57 0 70 30 3 35 77 95 57 40 16 63 9 70 8 56 78 6 97 64 58 51 10 68 56 40 46 67 3 10 16 42 88 70 48 48 36 94 56 34 29
22 64 68 78 26 38 37 1 77 60 36 91 14 87 22 8 78 62 51 65 86 43 90 54 41 16 15 17 58 61 74 61 67 87 68 50 82 19 93 95 38 71 19 87 57 42 43 64 58 59 40 68 89 55 94 71 10 56 88 43 28 62 52 39 26 70 29 3 70 56 89 52 19 36 74 50 39 82 8 79 54 52 29 96 2 75 56 95 51 72 4 74 72 14 84 2 77 53 34 49 84 84 82 81 77 94 93 59 20 9 37 27 25 67 21 26 44 3 2 30 51 34 96 32 12 6 11 68 82 92 64 68 14 34 84 32 7 70 61 64 42 27 84 27 22 12 11 35 58 6 30 70 42 13 57 45 99 37 16 99 47 21 25 49 63 95 52 27 58 38 63 66 44 89 30 16 74 3 2 47 79 6 18 51 80 46 27 17 0 1 31 100 95 59 35 39 1 20 36 82 59 93 7 0 38 82 99 63 3 91 9 17 39 46 20 25 34 70 10 42 29 43 27 79 32 35 59 24 51 28 58 36 52 49 64 80 9 77 87 71 5 16 78 25 40 63 22 85 29 68 26 98 85 66 49 26 21 82 78 91 44 98 97 40 52 4 96 97 36 17 9 81 42 72 40 53 22 37 23 40 0 49 33 36 62 59 37 60 1 72 36 88 4 74 51 33 38 94 29 39 90 97 93 90 32 52 8 30 57 97 57 100 23 15 48 52 39 6 95 91 41 52 74 8 55 47 87 37 61 8 14 74 80 96 92 12 66 78 25 58 70 92 46 50 26 76 14 60 2 6 96 30 50 14 8 24 99 20 78 43 98 16 60 22 36 91 10 66 100 59 48 91 61 78 49 56 57 73 23 93 6 36 39 52 4 71 9 21 57 97 0 28 11 41 28 11 98 58 25 82
0 0 81 32 94 44 100 37 76 60 40 12 63 1 90 59 21 99 53 42 51 1 92 92 99 67 31 96 82 25 78 53 31 65 12 53 63 20 99 47 44 44 56 38 74 9 45 37 6 47 9 64 1 98 41 43 86 48 77 25 89 61 76 86 89 55 21 83 90 18 74 18 8 24 32 26 55 57 60 42 81 77 46 72 10 19 96 5 53 40 17 0 70 91 85 54 72 39 75 38 94 60 2 43 100 48 88 23 39 14 33 29 91 31 17 1 9 98 62 8 67 50 27 0 85 6 70 2 53 12 36 51 82 37 94 69 71 25 40 54 55 23 63 3 69 9 95 88 21 91 83 75 16 16 23 51 23 92 63 84 47 52 94 6 78 94 97 8 91 95 36 67 93 68 63 69 42 54 53 48 52 48 8 71 75 69 47 45 96 23 2 81 98 75 44 97 24 55 5 30 84 34 78 61 49 62 54 28 42 67 78 33 86 19 52 2 87 31 29 44 100 33 99 58 72 74 4 4 48 78 28 99 73 55 70 71 48 50 43 16 10 48 2 92 61 54 59 30 58 25 94 4 43 72 24 40 61 6 21 58 73 74 23 9 88 84 19 50 67 18 40 82 9 33 20 54 46 55 86 30 29 63 54 27 10 66 78 84 31 78 12 74 23 68 93 83 71 11 58 68 41 44 15 51 40 31 14 75 22 2 24 44 2 72 60 8 38 2 34 58 76 76 0 53 88 53 28 4 2 13 96 6 19 54 78 43 1 79 81 43 24 63 15 61 38 24 38 0 2 55 79 57 20 40 30 47 71 9 70 17 17 55 44 7 20 48 71 84 40 80 88 70 5 97 83 50 28 17 51 15 14 94 61 37 54 97 56 36 19 77 52 58 65 53 78 99 30 88 11 31
74 82 92 68 65 16 89 96 1 89 31 75 12 88 74 3 99 64 29 10 82 39 38 51 11 8 97 13 84 9 48 68 19 56 50 79 35 29 69 42 91 94 60 19 79 23 28 26 6 20 80 97 69 10 10 74 5 58 55 2 42 96 50 51 78 19 98 36 98 77 41 85 46 88 34 61 12 93 16 3 10 81 4 4 37 34 47 1 30 49 99 17 9 63 83 5 43 78 83 77 45 4 46 95 41 74 98 69 16 74 9 46 49 31 10 30 47 1 65 59 0 61 5 33 33 12 77 2 14 90 98 51 25 52 90 46 41 70 82 78 81 74 11 47 75 52 80 12 84 13 79 72 37 77 88 39 51 89 91 79 52 57 85 69 27 80 74 48 29 77 80 20 1 70 29 96 19 20 48 70 82 28 81 57 14 69 61 9 33 95 20 89 95 30 43 13 37 48 79 24 79 40 4 1 93 96 64 70 90 97 25 46 13 29 7 20 8 91 39 2 31 6 14 1 63 21 77 98 88 4 66 46 12 97 23 3 31 15 21 4 60 94 70 54 91 93 57 96 66 22 53 37 65 32 0 23 69 56 18 68 29 0 8 93 18 92 100 39 96 1 78 36 3 57 77 1 16 86 57 93 93 7 50 19 72 72 36 68 76 91 59 1 10 68 57 23 80 42 65 78 72 85 49 57 85 37 6 47 67 32 25 30 39 88 93 39 80 22 74 87 67 41 47 13 97 16 51 71 12 61 33 28 37 57 96 78 43 71 28 16 83 39 39 21 29 48 46 3 45 37 84 59 88 54 85 67 32 59 95 81 13 57 4 23 90 32 79 4 0 71 9 50 100 38 33 5 72 80 81 20 3 99 55 23 72 47 27 83 30 80 77 17 25 5 94 86 23 2 35 93
84 90 53 57 77 18 55 40 82 9 27 5 88 96 86 62 43 84 83 14 4 64 71 79 10 68 58 80 97 19 58 28 23 41 13 98 20 27 34 54 14 59 9 17 46 30 19 75 53 79 24 69 73 28 3 95 93 89 23 96 23 7 84 59 13 70 16 70 77 18 45 20 84 14 99 52 26 42 65 78 18 12 43 83 100 16 66 28 66 88 46 100 53 0 16 94 69 40 26 47 38 50 96 77 97 55 53 15 77 40 74 79 72 35 59 28 65 26 54 98 27 9 41 48 20 96 7 17 59 38 93 0 9 6 12 41 5 26 88 6 53 83 74 97 68 15 13 96 13 72 31 87 79 93 42 40 1 73 95 25 15 16 34 12 29 76 68 97 52 3 61 64 87 27 64 5 70 35 88 10 49 84 83 26 29 2 71 62 49 93 47 32 81 85 41 37 12 53 23 73 72 100 71 43 10 59 43 95 61 1 14 66 58 32 45 82 41 27 7 78 90 45 70 80 18 99 70 68 67 32 89 94 66 84 11 3 53 14 84 94 81 19 19 90 26 85 97 57 10 17 3 38 49 83 14 66 98 54 27 4 16 81 54 22 27 65 85 84 16 70 63 69 37 55 24 42 64 50 80 41 12 87 16 35 97 55 62 40 76 69 38 57 44 19 55 26 92 49 73 81 21 15 27 36 40 11 92 100 0 80 89 22 12 54 28 65 72 86 96 89 72 3 90 5 81 57 86 29 86 77 39 20 28 18 51 41 38 52 76 88 39 56 42 34 10 19 89 34 75 23 80 68 57 1 88 10 19 80 8 81 52 39 49 71 53 99 0 28 82 39 76 20 64 40 75 6 82 5 16 63 30 44 41 59 10 81 90 55 24 38 69 97 98 3 36 4 14 44 75 59
19 55 34 90 66 20 1 65 0 37 60 30 74 61 100 18 41 63 41 20 23 14 56 61 98 3 8 80 50 71 42 17 41 1 0 55 69 97 38 69 38 88 19 72 78 18 67 54 35 19 19 12 66 36 8 61 62 68 50 84 53 6 96 6 6 55 35 51 48 19 93 68 17 25 17 46 39 50 14 89 35 93 68 31 73 27 11 27 65 5 61 58 55 34 93 95 66 38 9 39 61 50 82 77 24 29 95 88 93 49 96 2 31 22 81 78 67 65 8 8 71 50 0 20 48 51 91 21 68 59 35 100 44 16 64 39 75 100 68 20 50 43 76 95 54 44 42 91 89 25 97 64 58 31 53 49 59 40 19 58 27 93 66 61 45 56 15 3 38 16 40 38 98 40 60 67 96 6 44 4 66 51 15 16 93 6 1 97 52 3 82 56 71 53 69 13 55 96 98 36 2 12 24 85 86 3 97 25 45 30 89 59 23 22 14 66 13 28 8 38 19 19 2 65 86 78 98 36 58 51 17 87 71 2 36 21 81 85 78 79 37 46 22 89 63 68 60 23 46 30 41 37 81 48 44 16 85 37 62 3 66 53 97 34 51 21 63 41 50 90 66 47 70 15 58 3 66 0 37 80 80 60 48 67 23 3 98 3 34 30 51 0 83 82 25 92 34 95 46 91 6 6 84 96 53 100 82 78 41 98 41 54 19 41 79 60 5 73 78 23 22 72 82 68 2 88 20 87 35 81 26 48 67 77 64 68 8 37 13 58 62 47 67 11 98 55 69 76 90 46 69 19 21 11 70 48 39 87 80 37 61 31 97 58 12 34 5 18 60 20 21 41 46 91 86 20 31 61 84 80 78 15 86 5 67 12 34 20 71 52 68 48 73 70 20 47 98 85 79 85
27 68 97 92 60 87 31 19 28 81 12 79 16 22 22 79 75 57 99 64 65 20 70 40 23 43 89 68 0 72 4 66 67 5 50 0 27 64 7 58 3 23 78 89 27 23 58 29 88 94 49 62 80 76 95 48 33 90 68 91 58 67 32 2 30 27 99 11 25 62 29 30 39 22 78 53 48 38 47 1 8 44 51 7 85 18 3 91 28 7 84 26 18 85 87 94 28 73 28 15 64 92 13 60 100 28 79 95 48 98 44 72 53 86 45 64 14 45 87 7 25 72 86 60 13 14 93 62 86 6 52 33 72 70 86 87 50 84 62 26 34 27 47 3 66 48 48 6 38 53 82 73 35 88 8 34 18 85 99 21 13 81 29 1 54 61 18 47 75 26 93 21 13 56 10 94 36 37 72 38 41 41 22 31 28 72 19 70 27 8 96 23 23 62 7 82 19 86 45 2 76 45 7 27 48 7 24 96 39 78 44 86 42 99 25 52 16 13 69 24 35 78 28 83 59 33 37 85 75 77 31 8 74 32 71 5 46 0 5 6 11 64 8 22 18 50 29 76 35 76 7 92 89 95 48 55 4 34 0 62 56 88 18 50 13 49 71 47 5 15 35 73 83 3 62 63 35 46 81 61 15 20 90 39 45 35 81 26 19 19 82 52 80 57 43 18 38 49 87 64 40 59 94 0 71 2 53 75 47 9 71 95 19 79 78 64 34 56 85 40 84 4 9 83 51 34 99 59 85 78 45 95 86 70 73 99 17 97 21 34 23 88 72 19 6 61 54 41 29 8 53 38 46 13 10 29 62 86 29 54 72 76 100 65 39 97 0 74 76 92 54 47 22 2 95 55 0 65 90 1 23 36 72 97 9 46 17 22 11 86 88 35 85 37 81 53 32 69 88 85
41 60 79 90 34 55 41 89 45 12 89 51 36 48 47 60 45 38 62 44 46 72 81 30 20 31 15 100 23 37 91 49 14 66 5 69 81 71 94 67 99 38 70 29 37 10 25 56 45 19 94 52 86 88 26 37 52 2 25 54 93 96 83 6 76 64 59 26 100 55 84 58 94 47 50 89 12 23 88 19 71 23 77 24 54 31 21 35 48 93 60 81 0 90 98 92 64 20 28 9 12 20 94 93 93 80 26 75 38 88 44 24 16 94 77 77 32 79 72 25 2 37 40 6 7 21 45 37 61 38 9 41 71 77 90 34 70 72 53 78 72 66 89 10 11 88 36 31 33 50 93 22 59 28 31 45 79 5 97 67 25 13 22 53 86 69 65 74 72 84 29 38 0 19 21 56 61 14 36 29 39 18 40 74 8 49 32 60 66 74 20 74 46 98 83 49 7 86 75 13 14 45 67 71 3 28 64 89 62 66 34 2 0 31 41 28 91 28 93 6 92 85 14 80 44 69 14 28 79 95 28 65 41 74 28 68 27 81 40 13 10 97 13 24 20 92 55 1 57 98 85 11 2 58 27 74 9 93 46 39 72 42 52 99 1 6 32 97 18 25 52 60 90 41 52 78 2 0 29 14 47 56 2 78 32 36 64 85 12 8 56 59 1 80 44 60 96 51 9 36 17 97 54 97 35 35 67 19 39 82 14 43 50 39 60 21 91 90 62 54 77 88 18 52 78 24 5 25 16 92 16 67 4 7 13 7 88 23 23 97 34 29 76 73 28 84 53 38 21 13 79 35 40 71 50 98 10 43 49 70 22 31 56 85 80 88 17 10 95 3 83 34 25 80 23 52 19 100 28 88 48 31 31 8 37 19 32 37 93 96 68 91 60 14 33 60 3 98 90 98
13 62 64 24 73 61 22 9 30 82 88 32 13 46 60 75 55 6 1 60 98 23 11 8 45 13 21 16 19 50 69 64 48 73 17 9 42 93 10 100 49 81 89 60 63 88 49 33 64 86 53 65 81 39 93 27 83 25 83 33 39 87 45 27 4 100 77 19 72 72 63 28 83 26 1 13 5 62 68 32 72 58 95 88 75 93 42 86 87 31 73 2 46 55 4 3 96 31 41 86 91 2 62 57 22 85 73 22 50 0 58 73 15 95 79 79 90 92 87 64 60 25 45 46 49 15 93 30 44 27 2 94 51 23 75 41 68 15 47 20 56 45 37 22 45 49 66 81 28 9 19 4 63 43 84 57 88 96 64 46 25 41 4 15 95 77 35 29 47 69 73 97 6 32 0 2 31 9 74 21 16 97 26 38 14 93 5 26 31 73 82 72 11 40 55 26 29 48 59 81 90 10 39 40 55 79 66 97 50 64 38 43 11 82 81 69 58 42 66 27 16 23 94 26 88 25 68 24 79 100 51 49 8 77 12 43 59 26 64 38 93 93 75 11 37 87 66 84 56 14 75 89 62 59 62 30 8 33 74 51 52 15 53 23 10 0 63 23 83 3 14 66 33 24 81 13 78 45 59 77 62 9 76 7 33 94 16 52 66 65 76 30 89 43 66 89 17 98 10 75 57 1 60 1 29 57 78 21 66 1 24 73 62 79 62 69 72 42 79 32 48 94 29 58 76 9 48 61 36 34 76 88 3 32 58 81 22 19 60 32 53 90 32 72 7 80 58 6 99 78 86 72 34 55 92 11 81 89 0 91 43 89 23 58 5 82 65 16 26 70 45 59 64 48 47 96 100 14 55 37 22 46 49 80 68 21 10 4 72 99 58 7 7 58 6 20 95 44 77 21
7 6 62 60 68 73 76 90 96 4 26 17 95 93 44 36 16 10 81 14 7 2 23 66 60 36 96 64 92 52 3 74 62 40 31 65 73 11 64 24 83 3 91 60 95 44 67 91 9 54 12 60 99 49 61 76 94 6 40 55 56 3 100 83 35 41 40 76 44 55 89 6 50 0 69 34 84 85 70 68 38 67 18 64 34 40 94 2 81 49 43 54 80 9 67 16 31 48 63 90 14 3 7 1 26 8 98 14 99 14 2 39 7 71 44 0 21 72 56 60 88 33 69 99 18 95 60 33 57 76 8 40 60 75 34 49 3 97 77 50 41 60 74 6 18 78 23 59 49 42 100 18 24 53 53 75 100 31 81 4 59 2 0 82 76 78 14 3 76 35 19 24 26 70 43 100 4 91 88 58 77 13 96 60 92 52 27 63 76 59 6 93 94 9 52 88 35 68 88 27 76 15 87 21 25 20 32 6 95 21 92 88 74 62 41 13 82 89 25 39 40 54 68 63 61 23 63 17 33 20 57 85 86 61 28 62 63 22 80 25 16 39 5 27 89 56 95 17 9 30 81 70 47 50 92 35 14 37 53 75 45 24 78 7 10 85 65 20 22 61 34 56 78 17 16 6 42 72 50 49 77 67 4 20 18 83 8 42 10 84 38 78 30 13 23 8 17 44 88 96 4 2 72 16 15 92 63 70 60 35 17 28 54 70 5 43 86 27 94 85 60 42 58 24 44 5 8 57 41 37 37 32 17 20 2 85 100 46 13 92 15 94 63 99 9 94 10 96 69 76 3 32 25 60 54 63 3 58 99 67 48 100 78 64 22 13 63 66 17 3 25 8 86 13 57 88 47 43 44 69 8 20 46 8 73 92 42 70 82 26 4 49 60 42 57 91 9 21 17 12
1 99 56 76 49 91 4 9 80 25 75 13 7 36 36 81 31 77 14 76 15 56 56 97 83 22 82 100 78 4 98 84 53 7 12 36 62 40 38 37 99 62 46 70 27 36 20 24 36 86 60 17 24 97 44 38 38 56 17 23 59 69 29 69 94 44 77 10 23 58 22 22 100 18 31 37 42 54 40 86 66 18 62 41 98 68 88 42 83 0 52 25 12 36 67 87 36 79 82 26 13 23 61 99 49 68 69 78 84 24 76 4 87 86 58 12 59 42 16 71 80 3 13 87 14 32 49 58 9 44 70 15 48 21 100 72 38 50 42 54 44 65 73 45 0 32 37 6 60 24 45 67 100 37 97 29 64 25 41 3 95 76 40 41 97 68 28 91 95 57 40 78 68 65 29 35 99 64 91 38 44 35 94 91 50 57 60 93 18 87 34 9 100 29 48 52 57 45 74 5 59 9 34 71 37 100 19 30 78 91 85 100 34 13 26 0 70 26 54 24 35 4 52 85 3 60 78 61 37 71 94 59 43 89 93 1 28 63 44 25 57 6 12 60 94 65 75 13 0 16 73 41 48 98 95 99 63 35 55 60 3 45 55 87 30 30 34 29 70 68 95 38 97 47 93 30 55 49 93 23 84 15 77 41 37 16 21 68 46 87 7 10 46 19 64 43 19 43 66 51 8 41 29 66 5 60 81 45 4 40 97 89 60 34 8 31 97 22 22 30 57 58 26 95 58 42 89 12 90 59 21 96 95 81 66 77 55 44 85 84 34 20 24 32 82 6 32 1 8 93 77 54 75 90 92 26 75 62 63 25 85 30 26 33 94 100 39 6 19 41 62 82 69 81 5 27 4 80 58 49 94 51 37 28 17 93 42 65 6 58 74 65 44 55 52 31 63 6 38 78
89 71 1 36 34 92 18 0 81 67 4 83 3 34 26 18 32 46 4 21 25 13 24 60 26 24 21 94 88 88 91 99 90 93 83 60 41 6 42 72 37 53 66 72 90 92 25 56 99 93 34 62 73 7 43 95 75 19 65 26 37 83 82 7 2 32 57 46 4 60 67 52 67 9 62 66 56 94 20 80 84 96 79 60 41 12 49 39 60 90 40 26 65 16 40 93 91 32 18 31 53 62 100 44 10 64 40 5 47 2 83 89 100 92 10 28 63 31 3 61 94 90 81 44 64 75 4 40 56 67 92 2 29 87 19 14 46 80 6 2 65 93 51 79 64 61 6 87 15 72 28 8 62 36 4 45 89 65 22 45 0 55 44 95 24 91 10 0 91 53 18 38 64 40 3 81 86 18 14 90 26 91 1 18 17 31 87 65 71 99 92 100 41 47 67 10 32 100 49 8 7 43 16 85 39 38 76 69 8 65 86 1 87 52 9 55 93 18 52 35 22 72 18 67 48 17 40 57 46 6 88 43 43 98 9 74 91 34 17 58 29 36 9 24 93 73 43 73 29 68 68 90 58 64 93 36 42 89 16 26 80 76 59 55 31 63 4 41 36 6 31 13 11 37 66 98 28 49 85 96 47 70 36 95 27 40 86 46 15 53 12 12 35 53 7 6 10 2 97 42 85 54 83 93 60 87 7 39 91 94 61 54 76 59 12 55 78 32 0 40 79 79 45 24 87 21 1 3 17 26 51 83 11 95 1 35 48 45 42 22 3 0 93 91 93 43 79 92 81 1 24 62 56 15 79 100 28 56 97 96 25 65 26 68 52 79 32 63 25 52 95 45 24 17 20 4 45 56 62 44 95 24 60 1 96 75 96 30 79 63 69 76 62 77 16 76 11 51 8 31
44 4 21 42 21 71 44 0 78 4 11 58 85 79 22 2 78 83 67 49 36 35 54 40 1 91 3 88 68 95 86 29 77 44 92 22 51 61 22 84 87 72 4 41 59 67 10 96 40 68 91 32 50 21 10 64 9 23 84 62 31 67 26 90 12 64 9 13 28 10 25 22 1 82 62 1 17 47 37 13 4 40 93 57 98 84 70 1 96 79 24 11 36 43 40 74 60 62 61 69 28 36 6 73 81 46 100 95 25 89 54 85 88 47 94 30 95 89 79 67 91 0 12 15 83 80 86 29 27 23 39 56 58 4 55 100 18 33 68 54 91 8 34 14 42 83 70 61 22 61 48 48 99 43 80 24 56 26 63 15 1 19 88 76 27 18 93 9 84 33 75 82 61 88 96 91 1 90 23 71 37 71 30 54 15 89 91 63 9 91 69 1 52 39 89 57 29 91 64 93 39 23 88 45 19 72 38 35 10 34 78 100 100 37 18 8 86 10 73 99 30 45 93 18 0 52 84 21 98 73 86 83 43 40 64 76 12 66 58 46 11 31 71 29 51 58 76 8 65 31 24 9 45 72 20 86 39 32 70 60 74 78 30 5 14 95 98 63 73 41 97 84 89 89 21 51 64 60 30 79 65 6 90 23 15 19 25 9 28 67 30 7 39 58 4 28 88 94 75 39 70 33 90 35 37 61 68 21 93 46 85 8 9 75 90 78 64 30 46 27 55 9 21 28 36 38 83 72 73 49 88 80 91 24 41 19 49 89 15 68 42 64 86 0 29 17 85 55 14 67 78 91 86 100 31 5 24 16 38 62 73 27 90 14 40 87 85 55 58 51 75 73 11 13 20 87 80 26 8 11 97 75 14 48 13 7 88 61 60 78 71 41 9 53 63 72 1 23 60 19
70 21 36 54 23 19 85 76 65 48 6 63 27 37 93 71 23 47 6 24 62 74 23 47 16 38 47 0 44 84 55 35 99 10 88 97 40 87 7 74 59 24 25 47 89 96 82 22 3 16 74 94 32 56 13 96 74 84 89 65 49 90 98 70 76 11 26 3 16 60 43 70 6 22 75 84 87 59 74 51 92 87 63 6 76 78 89 45 8 72 64 80 61 71 59 70 49 42 21 74 98 66 13 93 8 68 33 0 88 47 42 0 30 4 76 32 35 25 26 98 99 39 13 23 40 67 15 44 34 44 4 5 81 2 26 14 54 39 64 71 54 77 48 16 90 33 83 58 7 30 36 3 98 50 67 51 89 95 38 89 67 38 18 67 37 64 50 98 7 83 87 34 14 65 53 40 89 4 30 50 30 73 17 6 36 70 85 100 65 30 25 33 24 53 45 64 14 96 0 75 100 17 96 42 24 73 3 12 46 36 27 11 4 100 97 37 70 65 28 11 43 47 84 33 45 29 4 5 5 59 74 75 76 47 39 2 25 57 69 38 54 5 29 21 78 10 14 98 14 83 42 82 75 35 57 0 74 83 43 56 53 77 93 75 55 78 0 30 83 60 20 71 67 97 34 96 44 16 60 77 0 53 66 45 69 69 65 39 40 41 72 60 70 5 90 96 40 65 60 8 8 3 81 79 40 1 81 67 56 54 47 83 16 26 7 1 27 57 26 57 59 77 52 94 13 30 7 6 45 46 65 79 63 80 33 96 37 96 90 19 51 56 34 51 2 71 67 6 44 81 8 44 69 52 1 76 49 42 95 20 97 34 28 61 6 65 12 70 41 73 36 0 40 35 29 8 63 79 81 20 28 35 7 98 45 61 99 19 72 15 74 37 13 51 21 93 0 91 95 84
11 87 27 50 4 44 89 80 0 66 70 17 43 73 23 2 65 14 49 49 18 72 72 7 100 86 56 34 28 31 92 31 49 96 95 3 5 76 4 11 94 39 34 91 78 69 84 41 68 16 64 74 11 37 92 59 43 95 99 60 42 20 23 86 79 90 63 77 67 73 76 32 95 77 24 33 12 79 60 14 31 31 29 46 90 88 39 16 9 82 81 43 49 23 91 37 25 26 11 45 4 4 41 91 83 41 94 59 2 16 59 20 23 48 25 0 68 87 2 4 23 68 48 3 35 82 15 41 99 100 98 6 4 21 32 82 69 95 39 31 46 72 63 88 4 63 39 36 63 42 95 43 95 75 84 100 94 1 83 46 58 21 11 92 77 80 17 61 84 99 98 81 79 88 21 21 36 6 83 14 69 87 100 76 48 88 3 16 13 9 35 32 94 9 24 49 32 62 6 32 54 45 90 28 77 89 6 90 34 13 8 13 93 81 52 45 72 41 68 85 70 52 23 11 46 45 39 20 96 94 39 60 49 74 47 72 53 51 89 38 34 72 44 27 70 89 45 45 65 38 82 76 70 76 85 51 14 0 25 80 42 14 10 58 0 46 59 22 40 66 26 99 76 89 67 14 20 56 52 43 100 83 29 95 2 100 89 96 10 38 27 90 79 32 9 63 74 34 52 46 59 93 47 45 73 64 47 75 12 80 51 48 59 28 88 0 18 52 51 81 10 86 23 64 24 33 39 71 50 10 25 47 99 2 91 95 64 8 11 36 14 53 39 22 81 54 22 75 96 41 1 84 88 72 38 3 60 22 17 21 55 20 15 40 42 77 58 72 22 71 52 16 61 27 30 86 99 9 68 75 42 9 86 38 85 91 56 85 2 3 23 79 56 3 40 47 17 22 35 32
26 49 14 16 92 97 11 89 6 47 89 82 26 68 50 90 97 80 33 3 44 63 58 22 49 70 67 61 48 85 65 10 17 73 9 12 5 78 47 8 76 16 10 14 10 3 0 84 28 4 26 57 93 94 18 20 44 86 57 59 94 16 13 84 5 92 74 51 84 6 92 60 10 42 11 22 35 14 84 7 15 100 47 22 28 62 49 89 31 14 93 42 76 9 8 94 94 65 48 60 86 2 13 81 23 7 27 38 48 17 56 88 43 84 55 74 8 34 9 16 54 73 35 90 100 44 60 78 97 26 85 14 14 11 44 26 36 49 57 100 23 66 65 18 98 93 83 14 94 60 62 17 90 31 96 66 34 20 81 38 55 6 85 53 37 31 86 15 22 83 77 78 88 42 79 36 0 11 59 77 67 96 90 93 41 39 57 20 58 78 38 4 0 59 82 57 8 32 55 20 38 98 15 97 61 81 12 5 56 90 73 57 4 96 53 96 93 97 32 98 31 68 47 20 97 61 9 17 43 45 63 82 30 81 39 2 89 76 82 81 95 27 71 67 93 34 69 68 39 72 56 19 31 54 57 91 46 57 82 70 28 30 4 10 71 87 19 23 2 99 100 85 65 75 67 80 89 11 73 47 10 3 73 35 28 52 48 46 99 93 80 63 23 81 35 100 74 60 5 36 35 3 10 29 20 69 45 94 43 59 60 14 48 4 29 20 54 35 53 67 27 22 11 44 18 86 65 71 73 53 88 50 40 68 22 96 49 85 12 14 59 82 21 2 51 46 21 97 35 91 72 9 25 4 92 77 13 4 66 84 56 4 21 94 40 92 50 22 67 67 8 12 44 93 86 17 56 95 90 26 48 46 57 60 63 58 48 11 100 34 39 74 21 42 1 56 39 5 73 98
87 71 46 88 93 81 5 82 93 45 9 60 0 53 29 56 64 20 76 59 76 97 23 8 97 4 34 62 5 85 49 7 92 39 10 100 96 61 59 9 43 2 9 28 83 75 36 42 50 97 4 26 86 37 87 90 72 44 99 59 55 13 13 92 50 29 89 6 19 42 28 5 40 55 81 48 15 93 11 67 9 0 43 82 10 52 76 92 81 63 78 1 55 79 91 15 15 92 70 92 74 90 78 0 45 37 75 40 19 0 94 33 100 8 51 26 30 20 28 7 86 10 75 18 90 34 60 57 91 56 73 69 75 22 97 26 41 65 85 62 32 34 77 81 57 78 27 54 30 56 76 41 1 79 95 37 35 33 24 82 31 17 90 87 59 54 62 85 76 93 13 83 27 37 53 28 76 6 31 60 100 9 67 11 35 99 32 96 51 30 80 39 56 25 17 19 41 67 7 52 19 31 55 59 45 34 14 83 96 12 70 79 11 46 91 17 46 12 76 21 83 100 61 30 42 71 14 23 87 44 56 95 80 49 37 19 32 29 22 17 56 62 11 67 21 31 33 66 52 54 59 58 39 33 42 65 62 26 81 17 15 57 81 36 8 86 57 32 93 30 96 50 73 85 76 10 33 49 99 27 33 19 6 45 97 59 37 3 21 52 100 63 56 36 49 24 81 36 14 88 35 72 42 9 93 47 22 64 2 31 82 85 3 17 14 3 23 52 99 68 3 76 74 21 32 12 59 7 10 65 59 58 34 92 80 47 88 68 81 57 47 38 13 46 94 31 20 40 5 71 69 81 34 69 60 53 23 8 29 18 53 83 91 37 26 91 23 17 19 83 76 38 94 73 97 66 1 75 57 27 9 59 94 72 51 52 11 17 94 20 71 63 69 83 26 11 21 94 53 99
75 72 6 74 89 57 83 85 86 21 36 99 48 12 15 84 18 4 89 91 18 0 77 26 73 14 11 96 43 21 31 9 55 52 56 89 3 13 66 14 16 83 61 57 65 11 69 13 28 59 96 48 72 34 12 7 19 40 13 31 70 83 29 6 79 48 32 56 96 30 25 44 0 4 38 47 45 97 4 88 91 71 23 80 35 17 24 13 59 11 1 30 69 4 4 52 14 77 52 86 92 28 7 91 97 13 95 68 41 80 65 77 48 42 80 82 99 2 0 92 94 32 91 30 24 16 3 57 24 7 96 79 82 16 75 90 16 84 12 37 86 1 47 30 12 15 17 0 39 48 72 59 70 14 61 89 15 71 93 25 68 26 22 93 47 25 41 83 40 95 22 87 21 33 53 92 13 85 15 31 6 6 73 53 56 63 3 15 52 86 31 100 69 86 75 90 69 10 95 18 77 71 17 61 46 55 63 30 40 91 83 74 11 72 61 14 39 11 34 59 14 98 59 65 71 79 85 38 67 4 30 59 10 61 10 57 49 81 8 99 45 26 93 61 84 42 24 80 30 67 99 17 74 0 31 94 90 9 41 3 82 71 13 43 73 50 15 17 100 15 64 96 82 44 56 28 75 0 76 85 72 60 72 47 25 41 64 5 87 14 15 52 27 21 11 84 60 100 25 85 36 26 47 45 54 78 91 32 27 74 10 63 37 50 99 86 99 9 21 57 46 77 87 60 76 68 25 95 46 13 4 7 5 54 94 50 82 14 32 5 22 98 24 28 32 23 51 56 27 75 33 54 86 73 94 52 13 100 4 79 78 65 50 47 62 90 68 100 93 29 13 16 73 2 86 58 37 47 14 15 92 42 33 44 54 6 46 25 36 67 25 78 99 25 5 57 35 52 76 74
24 31 54 47 12 86 99 58 89 65 62 4 85 100 21 43 65 8 32 43 28 16 12 86 70 84 18 78 60 44 52 0 95 36 57 3 24 38 53 61 74 52 81 36 99 84 82 12 24 64 6 17 96 81 25 14 100 88 44 87 74 18 13 78 61 0 4 44 6 0 25 5 32 38 39 41 67 57 5 9 79 86 49 66 92 7 69 1 24 85 97 98 27 95 78 87 70 30 51 1 97 53 42 5 62 89 63 99 51 33 24 48 74 10 26 1 7 27 58 87 90 68 86 72 27 94 50 80 45 21 16 34 16 93 50 45 24 95 84 65 29 34 92 56 9 92 61 30 100 7 43 59 0 86 0 61 77 76 88 14 100 98 86 71 32 11 67 93 23 45 49 59 74 68 12 12 54 35 6 3 26 50 31 64 97 46 77 88 19 53 68 30 57 26 60 94 37 92 41 96 35 63 69 74 11 58 69 99 9 90 80 46 64 73 54 41 9 17 96 12 34 31 77 82 59 43 0 9 79 24 84 50 45 80 54 78 64 42 13 33 7 27 45 6 6 8 20 84 6 91 31 69 85 77 48 76 81 47 50 89 88 34 19 84 29 47 33 19 78 15 32 62 51 24 83 0 10 85 88 26 42 92 78 38 86 9 50 4 49 46 85 66 89 31 22 10 96 49 25 69 39 73 95 52 14 48 11 55 60 100 85 54 74 35 94 55 88 62 78 93 76 89 23 92 65 47 75 31 2 80 56 68 46 73 58 98 81 48 29 63 58 17 54 89 96 95 34 38 58 42 63 55 1 56 88 52 23 68 84 37 93 4 19 5 86 26 11 74 3 70 32 98 43 19 39 52 6 53 48 97 46 41 12 90 36 61 81 4 11 80 14 29 0 67 90 16 44 89 93 14
31 35 37 47 74 39 64 52 71 24 51 60 98 99 84 92 2 6 1 4 12 84 73 81 97 55 73 17 55 89 2 64 11 23 13 13 88 28 86 73 17 66 49 75 22 7 22 9 18 56 15 49 12 71 73 74 76 13 68 22 54 90 9 69 37 73 63 23 45 30 48 11 89 53 45 52 73 49 71 47 17 0 67 57 54 88 64 4 50 59 63 97 18 15 83 7 68 38 24 3 9 45 15 90 71 19 12 0 98 38 65 39 44 27 29 0 34 63 14 30 22 43 8 12 58 53 73 0 49 53 14 94 48 67 56 76 8 54 13 17 62 28 61 35 52 88 42 14 95 81 61 63 55 79 37 80 74 15 6 100 15 46 12 85 88 91 26 35 82 81 42 41 87 37 15 55 19 63 45 39 61 0 17 43 60 40 26 39 61 28 93 44 75 79 84 34 12 53 73 45 19 26 99 31 95 19 18 53 99 42 61 48 30 37 76 75 30 65 37 23 2 13 21 41 26 57 65 61 13 62 25 69 39 63 53 32 99 97 51 49 47 57 6 63 47 38 70 24 63 97 83 13 75 23 75 35 76 99 31 93 68 86 3 37 7 38 62 65 31 65 10 18 59 29 24 19 5 77 12 39 6 91 97 50 80 89 17 29 84 40 28 81 84 91 40 95 35 43 69 50 1 16 62 78 100 66 41 78 88 95 13 99 2 16 34 26 72 80 66 41 8 86 66 47 80 0 15 31 95 42 30 90 81 44 60 49 9 73 21 87 53 81 75 91 63 1 52 6 31 96 33 48 89 13 57 46 72 67 57 78 68 54 24 98 65 6 77 21 59 66 5 62 96 74 42 25 69 35 21 9 86 44 84 87 93 71 81 10 53 51 54 51 27 7 60 10 67 96 73 74
91 43 48 51 87 47 42 49 2 26 96 44 31 44 79 72 79 13 4 46 13 28 33 87 92 97 57 4 3 95 0 37 31 60 11 4 4 98 56 96 68 88 93 25 5 62 49 45 8 0 58 99 20 91 0 63 30 41 10 55 95 88 86 2 71 37 90 48 67 44 91 30 49 20 11 3 99 10 15 47 58 62 50 66 57 17 43 41 96 12 67 14 26 27 9 0 17 93 40 85 82 62 98 44 47 98 76 21 77 5 10 100 30 33 72 55 92 83 13 30 42 47 86 5 11 13 46 87 48 81 57 45 41 45 45 23 47 91 43 14 44 85 8 28 50 67 77 70 49 72 53 53 33 79 62 80 34 85 85 48 57 71 90 88 44 43 27 8 4 74 67 48 9 66 93 31 14 99 88 12 59 25 79 85 92 21 30 17 51 85 31 4 25 76 62 27 67 89 31 7 14 34 83 20 83 40 84 94 61 91 67 98 67 26 65 92 49 96 10 80 2 24 45 92 39 23 32 62 32 75 60 61 97 67 57 25 4 56 38 61 47 5 47 25 8 86 5 66 41 13 41 16 40 9 51 87 41 1 52 95 100 92 84 79 23 76 75 24 43 6 65 97 9 15 8 51 78 52 87 85 54 3 19 84 11 79 37 85 19 85 73 67 27 72 20 45 80 1 74 83 1 21 61 12 85 34 34 5 42 42 82 27 88 6 38 21 89 59 40 95 48 51 37 9 27 25 31 91 84 6 57 47 46 99 59 80 16 59 46 56 58 47 6 100 76 100 66 27 36 59 96 11 1 91 83 80 99 100 27 48 61 15 48 39 74 45 63 68 98 56 15 26 75 5 20 29 25 25 77 51 44 42 31 59 52 28 95 94 94 79 22 61 80 76 49 75 4 65 57 42
57 80 87 60 76 79 91 68 50 34 50 7 14 40 64 57 63 65 52 40 38 34 3 2 97 98 63 63 94 8 91 99 66 59 41 26 61 67 34 78 97 25 5 18 6 88 61 98 86 57 43 65 22 76 67 0 56 59 100 33 4 83 35 99 35 50 97 40 20 21 10 90 59 3 92 49 94 15 18 37 29 12 15 100 76 95 89 70 86 46 37 25 100 58 59 71 31 83 31 83 52 49 75 43 75 49 29 66 15 30 92 92 14 15 0 100 8 82 77 74 84 24 50 45 53 7 4 38 41 17 93 6 10 85 82 97 71 32 80 100 84 24 86 5 73 43 15 12 65 89 99 61 4 46 60 9 57 80 44 75 85 31 23 93 50 99 29 54 21 65 37 26 8 72 91 78 5 13 60 7 29 63 3 83 47 23 91 6 92 54 52 33 46 0 47 91 4 25 65 89 16 37 28 27 68 69 18 36 66 35 35 4 80 68 11 50 45 33 95 14 83 8 27 95 84 31 26 100 100 16 38 74 64 88 51 38 88 59 1 77 56 73 46 5 23 60 3 1 62 64 28 71 85 31 67 46 53 36 92 15 37 71 89 60 30 29 79 28 65 8 86 8 85 48 24 85 44 23 8 45 52 1 92 89 30 96 49 8 15 74 54 89 57 14 78 35 99 20 91 59 52 48 63 38 0 21 95 56 34 58 26 62 84 99 4 44 3 73 82 53 32 20 83 31 7 96 38 80 30 56 28 56 43 48 16 31 76 7 9 91 0 28 35 79 38 71 93 1 87 37 97 2 81 11 43 78 47 6 66 12 21 18 66 32 35 98 87 75 14 4 17 23 76 55 65 57 30 55 79 84 21 3 12 1 38 51 47 94 77 60 51 92 41 76 22 61 21 89 39 7
94 39 99 90 10 83 3 44 88 36 91 73 35 34 88 57 100 90 11 85 40 74 3 3 98 38 32 96 98 55 4 44 33 56 58 88 52 16 11 91 76 11 13 22 72 12 80 40 78 27 68 11 39 15 1 13 2 39 50 29 57 69 45 21 5 67 91 56 31 22 80 42 13 12 71 24 82 100 38 21 3 15 47 43 67 82 58 90 49 92 55 6 100 77 24 58 13 21 70 52 29 84 47 13 35 71 13 68 79 27 23 66 51 14 6 83 28 76 86 86 72 89 56 44 53 5 18 70 14 12 79 94 23 16 3 80 66 83 21 5 11 89 65 38 3 12 59 99 49 13 73 35 8 72 57 0 13 45 95 70 87 55 96 40 11 77 9 49 77 45 81 25 51 43 26 87 91 32 31 65 18 55 80 61 88 52 100 56 66 73 56 40 18 1 66 8 47 51 5 44 0 68 37 8 4 74 99 44 68 56 11 56 34 99 7 11 60 10 37 78 74 37 3 55 97 40 18 11 5 6 99 88 93 21 63 30 8 48 80 76 32 73 100 1 16 50 15 68 94 60 75 12 2 30 16 23 34 13 73 96 1 32 47 81 22 22 86 6 80 55 16 26 92 53 79 48 30 66 4 80 50 7 92 7 95 87 89 67 82 54 91 57 90 43 73 77 84 85 26 81 10 28 37 8 90 58 15 24 95 12 33 85 40 54 12 42 48 47 17 46 100 62 49 6 36 84 92 34 22 50 48 84 27 58 57 97 57 69 48 33 41 10 91 96 45 47 12 58 10 44 33 75 98 95 83 95 39 45 44 29 35 6 89 80 23 19 79 80 53 71 67 62 84 37 42 62 5 33 92 17 76 81 50 83 94 18 0 80 97 79 52 93 20 45 87 22 8 83 12 22
60 40 11 18 100 76 33 98 65 37 30 52 11 20 99 85 55 37 20 98 8 39 86 36 24 72 11 12 82 14 87 95 46 8 4 88 76 0 59 13 71 63 71 46 24 31 54 24 37 81 11 88 34 30 37 79 11 75 26 58 32 72 62 79 18 47 70 14 68 86 4 77 1 49 24 77 21 12 99 94 33 96 69 72 72 7 6 6 24 38 80 18 24 76 99 91 98 27 57 77 9 33 3 79 35 69 58 88 73 13 11 52 52 1 0 87 15 74 43 51 18 74 35 90 20 51 3 6 16 95 15 44 88 13 21 73 68 6 37 80 79 19 57 94 89 3 17 94 15 17 94 59 20 94 54 13 94 40 19 26 63 66 45 1 73 37 86 45 0 97 72 86 7 94 53 80 9 68 61 42 68 88 15 73 94 96 97 50 21 47 71 51 36 26 43 59 60 36 27 66 78 39 82 66 29 79 15 28 40 32 1 34 19 91 22 27 68 42 53 62 80 28 20 78 68 30 27 68 91 8 44 28 84 82 93 4 74 65 67 59 87 52 8 87 65 11 88 90 99 71 100 87 77 68 54 37 23 87 98 74 33 45 75 16 69 16 80 67 44 96 72 49 24 55 57 100 41 33 79 66 41 5 97 67 87 72 14 76 28 7 35 100 89 37 74 55 76 92 95 85 49 95 28 24 58 38 94 23 32 95 85 88 73 95 19 6 11 33 36 41 35 39 67 72 65 29 17 9 79 8 27 25 5 5 55 54 92 2 81 49 66 61 58 5 50 93 34 97 72 0 85 31 1 79 100 6 95 31 61 28 93 40 64 20 26 43 30 57 22 48 58 5 11 6 45 92 22 96 28 64 76 76 23 42 67 37 58 61 94 12 59 55 24 23 97 65 19 68 58 48
74 16 70 8 29 75 67 40 74 98 83 65 69 46 4 92 36 34 26 66 10 16 81 2 42 22 91 49 55 45 22 93 88 90 30 37 47 99 43 83 17 42 55 23 19 89 0 95 1 43 78 31 86 69 1 22 14 16 1 8 46 84 30 95 14 70 94 9 88 97 26 1 83 0 97 43 86 72 52 33 34 85 85 72 3 66 93 46 70 39 50 73 78 85 72 55 40 14 11 29 23 77 31 77 88 27 92 16 95 45 3 9 26 72 31 46 46 84 32 12 94 49 20 88 91 43 61 0 32 62 92 72 63 95 62 21 66 25 51 10 54 20 16 89 81 54 5 33 89 41 27 17 4 38 7 64 31 46 26 66 88 29 20 64 28 34 10 44 92 34 18 48 51 70 31 97 66 11 57 19 93 33 38 38 46 33 77 89 55 56 57 3 76 98 18 19 63 56 96 59 40 46 64 5 9 91 58 87 99 73 70 100 62 0 78 5 25 13 79 44 16 17 37 16 77 1 59 93 75 21 40 0 9 15 57 30 11 5 14 51 14 68 81 6 26 25 23 63 17 69 29 13 52 44 53 65 66 46 11 33 33 25 26 62 70 49 80 5 99 56 54 7 57 54 88 18 31 94 23 80 59 99 17 54 24 53 60 14 16 11 4 30 43 45 2 57 30 73 17 28 39 16 59 62 40 36 33 71 26 36 42 60 54 57 24 29 87 60 40 73 59 55 20 14 9 88 100 2 31 37 61 80 5 19 98 5 84 39 86 55 81 60 36 71 27 56 29 2 61 71 99 7 85 32 58 17 90 5 97 19 61 4 77 85 49 95 17 78 14 14 50 52 2 64 87 87 64 100 18 7 82 59 88 95 28 48 70 57 34 87 29 63 87 30 52 55 14 3 24 71
13 9 71 87 44 71 11 67 30 47 77 39 10 31 31 61 10 32 5 67 58 26 92 11 51 89 34 31 52 35 13 28 87 92 67 25 11 44 64 23 93 46 7 89 98 22 47 87 57 80 62 76 33 6 46 1 13 68 51 94 56 79 39 54 90 24 33 12 18 55 58 64 66 65 60 51 34 68 60 41 18 94 58 71 33 48 11 80 100 63 34 24 90 55 66 3 11 66 44 82 4 57 55 95 79 8 38 55 31 64 97 62 36 76 50 69 8 52 88 18 35 85 23 84 73 83 71 7 78 14 5 35 35 79 4 50 52 65 13 7 53 99 31 31 85 43 3 57 69 29 3 22 8 21 20 64 1 72 94 96 88 8 67 15 53 65 40 49 12 23 26 15 94 59 59 91 99 71 95 79 83 86 46 5 60 29 35 44 91 95 74 83 50 58 85 43 0 2 19 46 57 100 21 21 10 53 7 53 38 73 89 78 93 95 95 40 83 100 98 4 10 90 70 81 82 89 5 92 44 5 1 60 41 88 59 68 81 0 85 6 76 30 49 49 4 59 38 18 0 76 78 50 1 6 21 22 95 23 78 72 95 36 78 83 91 98 10 75 4 95 61 69 39 93 43 82 71 65 91 66 13 14 69 55 99 63 89 64 92 21 50 72 18 16 50 99 26 49 7 11 22 36 36 39 90 6 79 62 66 60 31 54 92 80 60 28 32 37 47 90 26 32 45 76 48 29 68 59 5 60 87 85 71 83 30 9 21 62 87 78 66 71 74 67 58 55 75 87 33 27 28 84 100 77 73 6 85 54 36 29 58 51 61 66 91 7 6 24 20 56 32 54 82 97 10 52 85 60 22 73 69 60 86 31 52 82 99 50 98 29 90 37 48 40 11 100 41 26 42 25
2 82 30 75 54 19 87 5 100 80 64 56 27 3 13 40 64 48 17 81 32 67 76 36 25 68 48 54 32 86 92 94 59 55 82 11 37 100 54 11 64 40 75 79 94 93 64 82 20 78 14 92 80 79 0 57 13 44 20 72 66 44 12 19 27 90 67 40 9 46 80 77 96 67 44 84 73 90 19 53 59 44 0 2 54 56 17 81 83 3 34 28 73 49 21 49 70 38 61 76 79 69 51 55 100 90 20 51 51 99 81 14 26 19 43 92 95 11 87 96 51 76 24 3 12 67 94 34 24 55 57 77 96 21 76 53 97 88 45 15 77 100 43 92 99 47 60 72 16 1 38 83 35 9 38 53 19 92 73 93 79 44 58 53 25 41 1 43 13 5 8 97 65 38 14 53 2 88 17 47 64 45 47 96 9 32 35 9 38 35 31 71 67 66 48 20 16 5 84 3 74 23 58 17 20 80 39 85 62 2 72 8 78 69 78 27 27 90 27 45 88 26 87 6 26 44 9 57 59 18 9 45 71 10 73 2 26 50 1 62 16 7 22 83 52 88 3 74 89 74 72 54 99 73 88 25 14 98 74 66 0 26 90 30 61 56 21 52 81 59 62 18 70 15 96 4 30 23 57 4 13 91 66 10 62 58 38 43 5 70 65 25 32 56 39 2 65 92 11 91 24 24 67 72 56 96 51 0 15 66 24 89 74 79 17 79 41 73 10 39 21 29 19 68 99 44 75 92 97 38 66 79 1 48 62 51 94 100 24 94 93 53 72 51 13 50 33 85 26 42 8 29 38 96 62 38 60 98 7 74 51 11 61 35 61 58 2 17 99 14 82 83 83 94 91 84 30 49 9 0 29 76 16 17 99 99 74 68 85 14 24 59 76 81 20 48 80 70 1 38
66 15 78 34 75 59 13 89 0 85 4 32 64 99 55 53 82 33 44 73 39 7 28 50 92 13 63 78 14 51 24 12 52 93 20 23 93 55 10 91 72 28 47 96 78 48 2 99 28 57 85 88 96 45 39 68 70 57 94 46 51 89 66 82 96 97 83 24 8 67 98 30 40 69 86 97 90 100 71 95 60 99 17 80 20 1 22 8 78 79 42 27 83 97 53 7 67 58 93 89 3 23 24 52 26 78 31 22 100 67 57 33 67 35 50 91 97 41 2 75 15 27 70 26 37 85 97 89 62 9 71 70 9 0 15 68 90 4 35 68 51 40 5 8 20 4 8 35 62 48 99 56 53 4 21 90 91 42 42 18 60 50 66 32 97 93 94 16 76 24 84 29 24 87 95 69 40 2 50 16 68 96 38 38 52 36 91 38 64 22 71 22 92 89 4 28 46 51 36 17 90 8 66 71 8 88 86 79 61 17 20 49 86 70 26 10 96 15 82 75 26 83 4 69 19 67 69 56 44 100 86 2 95 18 26 29 19 28 91 13 57 36 25 66 59 17 37 62 95 35 90 14 46 81 64 68 28 56 22 57 46 35 94 60 87 87 69 60 17 28 55 98 85 54 63 80 88 74 13 6 18 71 44 87 38 18 7 13 20 29 29 93 74 69 4 47 71 78 26 81 86 15 47 53 88 20 94 37 7 46 62 13 48 6 11 58 77 87 23 82 72 80 73 97 62 96 41 99 19 13 82 49 97 96 73 27 45 75 82 7 48 1 2 86 44 99 1 32 97 32 40 25 60 49 46 37 51 1 97 44 7 42 15 66 64 54 2 75 10 55 43 46 46 56 71 3 43 44 88 70 69 5 24 30 39 73 74 25 14 21 58 38 88 73 32 97 35 87 54 11
12 61 33 75 79 71 59 59 39 40 45 41 95 89 92 34 56 57 35 62 56 64 43 39 24 27 84 17 59 79 6 0 70 73 68 1 3 53 55 82 87 0 63 37 76 28 61 7 52 61 85 80 61 86 29 92 88 67 52 93 16 28 68 93 15 5 3 86 92 72 13 14 88 65 88 91 40 81 25 91 24 93 65 69 58 11 61 15 68 86 21 11 5 28 6 57 2 89 88 44 46 3 66 3 7 5 33 95 14 12 42 21 59 9 46 96 40 89 99 53 38 34 4 81 35 47 17 78 64 62 68 94 82 2 62 79 14 3 13 39 94 94 80 71 98 42 56 57 31 87 96 34 72 59 92 51 42 80 34 50 27 26 71 25 97 96 8 89 74 10 44 4 90 41 46 63 76 92 50 80 12 50 97 25 11 14 17 22 94 61 89 26 57 30 96 86 97 19 93 34 72 70 42 83 60 31 2 63 8 17 18 75 67 58 48 69 58 12 22 31 36 99 34 11 51 34 48 8 49 28 24 9 17 37 64 92 6 44 1 57 37 95 9 48 62 57 99 70 44 41 67 39 77 7 47 47 22 24 21 43 7 96 74 69 67 15 44 77 8 8 41 43 80 71 11 1 40 79 44 22 23 89 3 9 89 10 80 60 95 60 13 48 36 23 14 45 93 10 13 66 91 46 30 83 45 42 43 69 12 21 61 43 8 92 83 37 77 93 96 25 3 90 44 13 99 87 5 76 92 85 88 75 47 58 6 70 67 36 57 37 5 18 46 3 42 72 3 60 98 62 100 43 9 50 80 56 64 45 3 63 57 29 31 27 51 63 85 81 64 65 60 1 37 98 34 17 61 76 22 76 77 25 13 92 24 69 3 61 95 75 50 17 85 51 31 89 14 24 78 53
87 11 4 32 93 21 65 51 87 8 80 81 25 94 71 11 68 17 14 35 89 25 55 62 99 59 15 19 29 2 43 84 56 46 62 65 75 23 51 40 81 31 97 54 6 80 75 36 95 47 54 89 99 22 13 99 69 61 47 96 14 52 22 60 66 38 89 60 73 16 92 78 25 92 99 53 30 83 87 33 83 21 100 91 5 8 81 52 76 14 72 83 29 61 82 87 100 93 49 95 44 47 45 13 48 84 83 23 33 46 43 36 17 89 74 6 91 100 21 69 86 73 37 23 32 49 100 28 8 54 63 93 25 35 73 75 57 13 39 42 86 96 43 100 3 56 46 34 4 73 53 83 3 76 70 9 9 85 6 50 34 85 11 17 59 70 46 17 66 37 84 50 40 24 88 73 65 27 88 86 20 100 45 58 62 17 76 59 17 19 90 9 45 92 73 32 52 39 53 47 99 84 77 68 64 60 80 5 7 87 5 87 63 70 43 2 4 37 39 64 28 10 29 71 0 76 48 72 18 24 27 36 93 33 70 17 100 74 10 6 51 47 67 52 83 61 22 28 68 39 50 81 74 66 53 69 43 18 34 25 87 72 99 53 3 4 80 54 89 98 67 55 1 40 99 98 67 90 35 80 75 75 77 72 59 50 49 94 25 75 91 4 92 66 61 49 65 58 45 6 39 5 22 97 45 37 94 35 29 63 39 47 96 29 66 95 5 13 84 21 44 67 37 85 70 94 23 12 59 11 0 74 34 46 91 60 42 37 35 33 13 64 58 95 81 96 17 72 46 96 32 98 86 56 64 39 62 42 43 25 27 17 49 26 92 47 47 87 1 20 49 17 17 63 93 4 39 76 41 85 16 25 24 92 32 47 84 79 54 41 21 8 3 30 80 17 63 29 11 41
6 12 14 3 75 75 46 17 34 55 45 49 92 69 81 82 94 70 93 55 81 19 92 98 15 16 32 20 45 49 27 82 17 73 22 56 20 73 47 80 18 2 37 68 46 82 36 27 27 69 61 60 6 88 73 47 50 86 56 29 18 58 98 8 42 55 72 96 39 99 5 74 13 27 4 62 46 91 58 34 85 88 47 98 2 49 43 19 89 87 27 19 24 13 15 58 89 45 29 9 64 64 45 77 87 43 85 11 98 5 3 100 28 59 33 50 96 20 74 71 56 14 85 62 66 71 4 5 19 19 51 44 61 100 70 36 7 34 49 52 27 34 75 0 96 70 46 84 29 59 22 41 15 92 25 74 83 68 21 56 16 64 74 35 2 6 23 9 44 8 26 65 100 59 79 27 47 39 89 64 29 61 22 4 43 66 41 94 93 54 14 53 18 43 11 74 0 52 47 86 7 6 23 47 32 5 85 28 10 75 23 89 26 17 11 13 91 40 97 32 29 48 32 78 63 25 13 26 57 30 72 31 10 36 7 5 81 25 100 89 89 46 43 64 24 100 34 42 95 27 92 40 3 20 30 12 2 99 49 32 76 61 32 48 21 74 19 2 100 98 89 2 0 87 32 16 78 85 44 39 69 14 83 87 35 36 22 32 50 31 66 81 65 33 43 56 73 30 10 2 70 72 9 84 44 54 56 34 37 13 46 5 13 80 86 3 88 96 84 32 46 27 91 84 5 32 84 98 25 52 6 42 61 16 61 79 64 17 83 71 76 56 19 86 55 19 48 67 64 25 55 86 40 87 71 25 55 15 58 78 7 1 25 67 51 43 92 84 65 84 85 54 69 51 71 60 26 43 19 56 41 64 75 45 42 58 21 55 92 27 45 44 72 44 95 25 72 37 46 75
54 89 12 86 87 7 18 77 27 36 65 10 91 71 100 84 14 37 33 89 6 12 19 85 47 94 29 84 88 39 11 63 58 10 43 60 46 88 16 90 11 78 63 38 72 57 50 75 93 67 69 12 80 84 19 59 65 92 99 76 83 22 58 61 51 85 81 87 42 95 86 73 57 3 67 86 96 74 47 95 16 86 75 14 75 64 75 60 34 29 73 78 55 62 9 9 92 24 29 30 15 52 60 90 70 96 94 20 66 1 21 71 59 80 57 44 83 7 56 5 94 81 19 54 29 90 19 65 97 7 84 40 8 69 61 93 66 51 94 57 43 32 82 23 92 27 78 92 95 78 25 20 94 4 36 11 53 72 66 9 2 40 88 53 58 98 68 77 78 95 34 14 96 2 11 36 85 27 25 53 100 14 55 4 25 52 11 65 83 54 92 77 30 83 54 95 31 70 40 59 9 59 29 87 25 91 11 44 62 85 30 35 89 70 11 75 2 47 35 52 70 89 31 26 26 39 72 10 89 37 64 55 56 1 82 16 83 50 23 14 50 10 73 12 20 23 12 5 22 23 94 13 38 53 94 37 27 84 76 70 18 47 1 78 91 62 3 91 36 54 1 70 73 96 71 44 58 96 26 62 53 70 78 62 42 4 73 57 22 7 100 14 43 38 81 33 89 44 71 65 19 46 46 8 20 64 2 77 41 78 94 50 76 86 29 92 40 17 96 28 29 2 72 79 96 62 87 11 28 79 14 14 99 41 40 90 69 38 69 42 24 21 12 52 76 57 34 100 100 8 60 42 35 26 65 25 35 58 22 26 53 75 27 91 27 18 54 53 94 80 11 35 41 86 14 10 66 50 25 61 30 54 34 55 21 82 95 24 57 72 100 60 14 53 59 9 77 72 44 10
95 64 28 26 60 23 72 46 5 59 59 23 72 47 97 9 50 21 24 98 5 26 5 21 44 3 39 72 9 13 49 57 15 100 26 1 70 27 85 94 94 23 5 64 100 35 40 25 49 22 27 24 38 15 28 86 99 28 53 100 92 70 39 34 30 17 62 7 65 90 33 94 43 11 16 12 1 99 23 6 54 22 15 31 35 12 91 7 94 97 87 36 29 57 98 78 93 72 35 76 47 86 79 40 16 77 9 90 8 37 42 24 1 94 83 98 59 56 14 66 37 86 19 30 90 29 55 2 43 33 0 22 53 47 31 41 47 68 33 31 41 75 62 3 38 60 3 17 59 95 66 49 92 100 43 25 55 1 30 9 54 54 42 93 60 4 89 59 0 64 4 38 97 98 60 62 63 37 89 56 70 32 19 70 13 25 2 89 98 37 89 78 15 9 22 53 2 52 99 34 11 3 5 39 32 38 72 2 74 69 99 29 80 36 45 6 74 77 2 64 20 28 58 31 22 58 73 71 23 28 97 97 32 62 16 60 45 78 43 88 33 68 43 15 93 68 76 29 62 44 30 75 56 55 65 4 2 87 37 46 99 86 61 59 79 52 95 67 51 17 86 23 48 3 33 32 21 83 67 92 16 70 81 80 24 16 80 4 19 7 77 53 36 75 71 63 50 65 36 61 92 2 37 58 97 1 54 83 45 16 41 14 62 31 61 74 21 69 51 12 1 47 44 83 6 51 79 59 62 26 15 22 62 75 10 23 92 65 47 6 88 5 56 0 41 24 18 22 99 15 52 26 17 100 35 26 78 7 39 53 51 86 35 58 39 80 67 13 14 54 52 4 95 60 55 62 59 85 32 84 94 72 64 14 79 73 100 54 74 43 97 92 58 0 52 50 81 47 16 80
66 76 34 49 58 31 52 5 55 41 32 74 8 88 23 52 61 71 64 1 53 96 47 18 97 39 3 26 11 53 59 28 46 60 36 68 70 17 56 20 92 57 28 41 48 83 100 6 14 51 100 70 19 54 68 60 85 5 67 8 46 90 48 34 98 24 68 72 78 38 4 10 89 9 97 13 94 49 55 47 36 68 39 15 6 64 91 97 2 18 49 7 16 93 88 35 10 56 3 27 66 70 92 38 81 89 49 31 36 9 53 25 73 7 6 92 7 88 84 7 39 29 38 42 27 58 96 34 54 28 20 59 6 83 74 50 55 0 37 22 90 7 76 69 43 82 66 30 55 63 17 42 65 1 32 92 88 92 8 53 43 53 50 81 57 21 10 99 18 87 4 94 49 21 10 40 95 99 25 55 53 14 42 4 8 89 84 62 81 3 59 75 61 84 69 42 73 98 24 83 71 45 1 86 31 92 98 28 97 62 69 67 25 15 98 61 32 76 24 67 27 93 85 13 71 62 17 17 7 4 53 93 46 49 58 61 5 94 50 83 32 71 47 83 65 49 21 11 36 38 13 15 11 96 39 5 32 78 42 47 100 7 14 69 5 6 29 14 65 96 43 88 13 68 56 9 21 80 70 87 1 54 61 8 19 42 23 15 56 93 14 84 70 11 60 51 31 64 91 27 8 23 53 20 31 9 82 58 27 2 12 77 46 70 79 24 69 23 81 23 4 15 15 2 70 5 7 22 73 45 97 8 90 88 80 72 62 2 39 26 75 29 0 14 72 45 99 25 88 64 53 22 46 5 41 93 78 25 42 61 36 28 48 50 15 78 70 75 86 57 4 38 52 74 95 11 41 35 32 25 84 24 24 100 79 63 56 4 61 57 22 42 25 55 32 98 51 91 51 100
85 21 62 35 14 8 73 76 82 87 13 21 97 37 45 65 55 33 27 98 70 0 31 91 49 87 68 33 13 54 100 50 88 11 63 35 44 67 25 60 8 83 72 41 83 32 22 54 91 82 33 34 33 13 92 54 59 78 38 54 67 7 92 89 29 53 91 5 13 11 22 50 27 85 56 59 5 31 29 86 47 86 99 24 36 51 29 25 59 78 0 95 77 76 79 31 11 96 99 56 28 53 88 28 65 26 48 38 49 60 87 34 36 37 8 18 20 13 49 78 41 50 25 63 92 19 83 97 48 16 26 6 95 41 91 36 16 97 32 74 83 14 81 72 53 1 61 90 98 15 53 1 68 13 79 42 23 43 0 49 56 35 88 69 1 74 89 51 73 19 81 92 72 4 29 91 71 14 39 9 33 20 19 70 21 77 31 72 49 11 47 36 56 33 100 16 14 45 4 29 20 63 78 58 92 6 53 39 8 51 91 64 67 73 76 10 50 10 78 45 16 57 43 17 52 8 34 82 46 92 57 39 53 95 43 59 54 35 5 65 5 67 20 55 98 67 43 96 55 60 48 97 52 52 61 21 18 30 38 59 83 3 57 38 96 97 49 31 12 25 1 88 81 46 6 53 92 74 66 67 68 65 26 39 43 92 47 55 83 38 8 1 41 35 7 65 57 83 85 92 58 31 19 35 34 91 45 29 49 72 14 29 35 73 70 39 74 27 10 79 2 25 13 6 99 29 99 68 91 76 66 22 89 75 60 86 90 95 41 18 97 22 80 43 17 96 18 74 54 0 29 26 10 6 60 98 47 74 77 1 35 22 8 73 47 9 4 7 11 49 77 66 24 79 2 9 72 84 48 9 94 87 48 29 21 56 85 78 48 19 11 9 34 75 86 68 84 3 2 32
44 13 86 33 15 11 59 99 15 22 23 24 38 71 56 88 6 37 64 88 28 98 82 74 61 86 85 61 65 91 34 9 35 43 50 17 63 68 10 85 30 7 20 93 28 78 68 35 61 6 43 83 21 89 74 90 41 32 99 42 12 43 19 87 48 66 8 95 80 19 93 62 15 23 53 68 8 2 93 44 16 18 85 58 10 45 91 41 77 59 85 72 71 76 36 10 12 20 93 9 92 22 69 4 19 50 21 18 89 2 94 88 83 89 41 78 43 13 35 31 49 7 2 76 33 33 76 77 67 18 15 54 13 70 66 49 7 66 49 41 36 73 21 55 58 9 62 35 14 53 0 28 48 25 49 32 86 73 99 50 53 86 79 84 2 53 0 69 6 96 76 73 46 98 72 2 7 11 7 91 80 12 62 79 71 41 24 65 92 88 71 73 99 20 29 98 52 62 26 11 37 93 40 10 80 99 67 36 11 20 55 4 85 51 80 16 40 66 4 52 69 12 59 94 72 69 89 60 18 58 69 78 89 7 26 86 40 43 39 69 68 17 63 28 24 49 88 57 4 20 41 45 25 34 89 78 99 71 54 79 79 4 24 89 52 42 62 77 93 7 93 23 1 42 34 1 50 42 43 42 76 39 56 63 3 46 15 56 65 55 22 29 87 37 66 99 35 27 2 76 40 74 82 76 3 47 67 34 7 93 56 45 85 16 21 20 44 97 38 93 100 50 20 68 62 68 21 19 52 95 32 25 10 58 6 17 53 97 88 42 89 92 13 26 17 53 49 14 60 71 11 78 29 23 10 78 75 13 19 47 66 26 39 89 37 73 10 39 66 90 6 47 99 63 48 46 49 14 75 99 92 81 33 16 0 80 83 38 51 53 55 77 66 28 19 94 0 13 58 96
11 2 68 6 86 45 91 52 42 97 25 61 48 93 43 64 57 0 76 64 72 87 29 79 47 61 96 47 24 27 81 50 81 10 82 93 56 99 63 76 6 47 65 46 35 4 86 75 21 8 90 9 51 38 71 31 56 95 94 65 48 47 42 75 20 33 93 44 42 52 19 65 80 34 89 56 52 15 63 3 75 4 88 52 98 58 9 70 30 3 32 92 68 34 30 57 38 5 18 39 61 34 28 73 95 23 99 90 24 87 50 37 71 81 87 49 10 24 60 15 28 93 70 51 23 85 42 97 41 95 67 65 80 99 54 47 45 33 55 34 84 20 92 68 48 90 92 72 60 96 77 44 94 13 35 87 92 77 80 88 52 67 7 4 56 57 74 36 9 17 43 7 64 93 66 32 21 74 90 96 54 46 54 14 94 14 99 98 67 49 39 94 16 97 11 51 78 91 54 10 78 16 0 72 99 59 13 9 61 82 40 62 76 14 18 69 22 48 84 84 93 48 45 39 18 39 1 35 39 65 19 38 34 33 87 19 74 94 99 93 71 26 30 65 70 50 68 50 59 48 32 30 42 5 21 30 50 55 48 48 21 60 66 89 99 96 0 33 49 27 86 24 20 79 88 35 25 48 77 98 57 31 82 26 93 21 13 20 98 11 42 51 37 57 20 99 78 26 95 21 35 0 12 23 34 39 26 14 33 37 85 88 74 33 81 54 85 13 31 10 55 22 84 59 5 75 13 77 45 60 38 91 57 56 9 25 71 55 28 10 87 8 17 29 69 7 51 9 47 73 32 40 86 69 74 89 74 84 93 37 15 31 11 99 4 35 58 19 19 26 76 11 94 82 78 40 24 54 46 6 2 40 93 37 72 23 24 9 80 99 23 32 34 79 64 54 16 85 19 5
48 33 84 64 34 2 11 98 86 74 13 21 90 38 86 13 56 9 67 66 61 81 74 46 93 8 43 49 45 27 78 34 6 79 56 11 29 49 91 6 92 93 36 14 74 58 52 82 83 55 38 23 7 33 33 69 55 87 73 81 2 44 37 9 5 43 17 86 53 46 56 7 95 72 21 56 69 44 83 22 73 66 19 68 28 96 83 1 89 51 91 12 34 37 74 89 46 11 17 63 56 63 88 5 12 89 29 58 93 100 63 59 17 63 86 46 0 80 22 61 14 100 71 49 60 38 69 53 27 37 69 22 22 33 65 17 8 55 66 90 40 66 86 40 47 70 7 51 16 56 18 91 58 30 56 67 27 49 85 1 90 54 46 98 7 53 8 37 75 31 54 59 57 48 93 82 68 99 55 95 20 44 84 99 76 35 99 38 42 19 30 41 17 77 51 23 83 77 87 75 56 97 26 3 79 44 73 14 60 72 68 93 64 98 85 69 44 95 69 100 54 75 59 90 75 94 45 2 33 20 20 17 78 79 7 16 74 46 24 51 33 56 60 36 59 44 31 3 12 61 21 29 50 47 77 63 85 37 23 10 85 88 51 12 62 74 69 57 17 35 56 27 30 39 51 12 65 71 60 87 82 21 26 99 86 86 48 98 84 52 89 74 38 6 3 92 29 41 35 27 87 10 97 43 81 31 6 2 68 95 48 59 9 39 15 14 90 94 71 4 50 42 71 37 42 32 12 57 57 65 30 56 63 5 28 4 70 76 48 41 3 45 98 86 71 56 80 62 56 81 50 33 88 78 72 47 67 57 72 70 38 62 24 0 61 39 32 59 9 90 42 73 8 10 87 68 8 56 42 70 53 78 72 6 33 19 94 57 20 62 88 62 74 81 64 82 30 37 49 75
44 27 3 99 93 94 77 2 60 96 2 74 64 11 80 38 90 37 97 100 84 74 51 48 64 67 55 7 35 46 7 26 70 64 71 14 25 58 47 1 31 95 40 83 64 98 28 7 53 84 12 56 37 71 27 73 5 97 25 99 24 74 82 68 60 63 97 84 82 47 93 21 32 37 17 65 7 47 23 84 43 91 100 62 31 38 70 65 45 25 68 1 82 95 58 3 74 32 16 42 88 17 63 95 36 84 13 43 37 84 28 20 26 4 58 79 89 10 67 39 11 9 95 28 11 40 23 5 82 82 0 97 35 51 12 66 80 76 90 48 8 68 35 46 82 54 59 37 88 88 82 24 22 55 34 48 6 73 24 77 81 16 78 13 16 53 67 0 74 44 37 87 72 18 16 79 32 86 12 50 56 16 100 30 80 20 14 38 75 27 34 94 47 83 40 49 44 11 71 93 23 52 45 30 57 52 97 52 87 5 23 83 71 63 84 17 21 47 96 36 63 27 14 61 26 20 80 77 28 42 7 53 1 69 22 74 53 5 58 88 66 63 16 19 17 48 8 4 11 70 10 33 26 67 17 38 35 4 30 32 75 31 25 45 51 95 48 99 23 27 1 51 11 56 5 9 37 35 56 65 61 70 37 79 84 96 72 32 18 68 62 45 14 93 39 56 71 35 38 26 55 55 98 32 100 98 30 30 87 31 7 47 81 4 100 52 67 68 95 34 62 52 0 3 91 44 14 63 69 100 20 94 23 2 52 6 45 90 1 51 75 97 24 65 94 94 19 80 38 62 6 43 99 82 81 13 81 11 58 92 47 100 13 6 13 2 87 52 35 93 57 62 31 41 32 58 60 84 35 47 77 80 5 0 53 3 42 34 66 27 53 69 15 47 78 39 21 91 21 24
7 71 36 26 70 26 12 63 63 93 13 53 24 60 8 50 12 61 10 19 90 25 78 94 46 55 28 43 59 65 84 59 34 58 32 5 79 59 26 49 15 78 77 68 68 13 56 59 33 63 55 78 90 81 92 15 15 5 86 21 11 39 14 67 56 42 22 86 98 49 13 44 55 25 23 1 78 96 73 92 93 35 52 56 20 54 6 83 37 58 22 6 94 29 99 90 95 34 41 80 61 4 34 52 94 53 41 33 28 46 61 47 39 100 64 53 83 15 85 82 94 22 23 83 87 82 60 67 17 77 54 34 0 25 4 25 61 66 92 21 83 25 6 47 7 34 31 55 84 5 14 13 77 44 43 62 87 87 96 40 97 31 98 84 99 57 84 57 16 79 6 40 55 92 36 34 57 86 69 72 31 18 46 73 88 12 92 51 69 100 13 49 91 39 67 20 91 14 72 62 82 23 37 54 22 81 78 27 34 2 0 52 82 29 17 35 32 36 43 44 43 54 37 74 42 72 91 14 89 3 4 40 18 49 98 35 25 26 48 46 8 88 8 33 90 25 41 13 8 11 22 67 44 67 7 53 68 49 50 48 33 11 59 89 92 59 25 81 95 8 29 34 49 11 44 90 32 76 42 56 93 98 12 60 90 58 50 58 16 38 55 78 83 5 28 73 49 69 78 51 69 35 2 68 69 96 30 34 59 32 42 79 60 70 13 53 84 69 38 26 91 90 72 83 7 7 19 16 20 46 7 91 36 22 36 26 40 51 2 10 92 2 82 9 81 48 4 83 51 64 58 21 33 79 28 7 70 9 0 92 21 47 50 54 34 66 70 5 65 66 41 6 79 68 94 32 9 76 76 79 72 93 41 32 24 43 63 30 75 9 43 91 19 70 19 56 62 93 92 30
8 70 9 14 23 80 22 49 56 42 27 92 81 84 12 90 88 13 41 90 7 84 72 92 41 46 85 40 83 64 67 45 51 58 100 12 36 33 31 10 85 38 91 24 91 64 73 31 21 19 61 41 76 28 55 82 56 6 97 95 51 15 16 77 56 80 13 75 26 61 17 7 55 60 5 25 71 7 78 9 36 36 6 74 30 98 43 12 1 96 91 84 99 39 63 99 29 76 68 80 2 9 92 65 74 98 55 99 12 42 0 99 90 68 53 88 82 44 37 26 89 95 87 75 54 18 96 51 45 99 1 85 64 73 39 4 2 43 49 5 39 49 53 25 97 43 46 46 50 20 16 44 43 39 8 8 85 61 83 40 73 95 4 43 58 19 86 8 70 73 65 19 39 74 36 77 91 69 33 28 13 65 22 65 49 43 86 76 24 69 81 89 95 93 26 68 51 54 63 9 83 89 5 98 60 62 29 92 75 75 65 46 79 37 87 1 65 75 23 100 61 44 59 28 87 84 27 28 68 6 59 97 88 89 12 64 25 28 79 7 71 38 11 75 47 55 97 14 21 91 80 85 5 81 54 55 50 75 72 20 94 90 73 20 10 8 1 91 77 38 87 10 50 40 83 16 7 49 58 33 89 97 85 75 72 50 46 12 22 86 56 84 49 81 11 57 76 84 40 30 27 27 7 96 89 25 18 58 38 41 17 48 85 18 93 27 22 66 27 18 81 91 8 14 80 63 79 75 39 8 58 61 57 85 73 11 62 50 79 91 72 68 0 35 79 93 23 34 8 77 3 94 49 67 5 58 24 19 1 15 70 62 40 40 96 99 18 20 10 95 68 82 7 37 97 56 51 34 47 81 52 40 53 60 86 16 81 14 23 50 29 6 92 90 54 67 99 35 25 1
74 31 91 49 32 41 12 32 42 23 35 73 53 46 81 91 74 63 60 14 93 32 22 60 90 98 82 5 55 100 2 11 43 49 4 19 54 21 0 4 83 87 41 0 21 7 21 63 16 46 47 60 16 42 61 1 19 98 51 100 98 44 0 95 7 46 49 65 74 43 10 79 89 19 10 29 18 86 8 63 92 3 56 72 42 27 61 33 62 89 35 76 23 24 27 1 13 5 50 99 70 85 19 47 47 63 61 17 12 16 69 12 29 43 64 19 44 98 91 34 16 29 79 0 40 31 79 87 54 67 5 9 36 20 62 25 11 77 17 45 17 83 75 86 65 22 96 23 64 90 62 11 13 16 41 28 67 95 67 90 47 22 77 82 72 93 18 59 34 72 96 98 21 53 32 32 3 75 47 20 79 19 87 8 29 69 50 73 21 91 36 95 79 61 20 77 91 52 39 54 4 3 1 30 71 1 9 6 0 72 92 46 31 87 85 45 1 94 99 51 27 0 7 14 73 71 19 37 33 75 51 36 30 23 16 43 12 62 19 28 64 75 9 49 61 46 20 8 5 57 23 73 68 54 52 76 68 35 86 35 29 53 20 29 84 74 66 93 2 15 91 7 26 7 10 99 5 95 70 40 26 86 13 37 69 85 2 64 18 49 86 54 78 54 29 50 90 76 94 99 84 85 95 41 67 4 59 56 52 29 35 33 4 73 13 42 2 17 30 3 15 3 1 66 94 81 49 8 93 0 70 84 12 82 100 68 67 26 27 64 81 83 3 37 70 4 23 85 89 100 18 50 79 100 62 8 76 21 20 94 68 38 37 84 96 76 73 9 54 17 91 51 57 38 5 60 92 50 85 29 46 78 16 14 38 28 45 10 61 6 12 50 45 97 34 87 42 6 79 39
94 80 33 81 46 38 72 32 34 40 76 86 20 96 3 24 55 97 10 57 9 95 4 24 44 7 68 95 59 73 27 77 26 53 71 82 60 46 51 73 66 53 66 96 30 87 77 46 23 90 38 72 31 3 50 1 28 65 99 99 90 6 77 68 16 43 36 32 26 35 86 40 23 41 64 22 13 83 5 39 78 83 42 83 58 77 15 96 9 69 23 6 80 22 94 64 60 44 11 59 87 45 71 47 98 26 37 2 34 89 70 41 52 30 19 41 19 90 53 67 16 74 19 80 56 15 94 25 78 92 27 7 64 59 86 61 97 52 20 83 85 54 97 95 36 40 69 100 61 37 80 50 42 35 36 78 2 63 88 6 20 52 67 5 30 76 27 69 43 85 100 56 5 89 27 20 40 84 93 100 41 91 0 36 93 82 59 82 32 7 74 44 45 33 47 15 50 43 8 79 35 5 3 73 20 80 53 62 82 47 76 60 61 78 45 8 0 83 60 68 58 88 79 29 22 51 6 85 99 99 54 2 53 69 89 38 87 68 85 4 63 93 100 87 49 19 98 20 97 89 61 8 49 82 34 44 51 70 75 75 29 40 74 69 31 45 52 100 75 78 56 21 93 64 83 93 85 75 43 20 58 24 29 87 67 23 77 79 64 29 85 9 43 87 25 0 15 9 37 37 87 76 43 63 91 49 53 20 21 67 32 78 11 46 80 52 94 9 45 30 82 28 9 42 44 34 23 96 40 92 96 73 84 40 59 19 25 27 90 73 82 65 61 17 98 87 13 92 3 59 91 9 5 48 94 39 19 61 55 39 48 16 53 3 0 89 41 68 40 22 63 99 85 100 75 82 55 71 53 26 24 94 35 26 3 95 13 90 71 46 31 59 46 30 41 79 77 7 45 12
27 33 48 4 26 36 56 65 43 10 32 27 1 80 4 77 42 63 51 59 28 63 72 32 17 34 61 83 7 42 87 7 72 19 35 10 67 65 94 69 87 77 76 18 59 45 42 87 5 10 93 20 71 96 42 83 33 90 76 21 96 40 39 58 45 67 30 35 56 0 27 98 44 24 91 31 75 52 70 18 51 4 39 14 88 0 61 65 75 12 85 4 91 100 14 38 73 18 70 5 93 15 16 4 49 36 68 22 57 7 55 13 18 79 22 95 64 78 85 96 48 73 90 51 18 4 53 38 33 100 6 50 87 68 62 61 56 45 86 27 35 39 14 25 87 7 97 63 71 97 28 98 61 100 100 92 52 64 60 5 40 88 31 75 62 57 51 37 67 45 32 58 17 3 48 17 60 25 57 27 95 76 89 38 48 32 49 75 13 38 37 82 64 26 41 16 79 61 75 11 96 49 19 76 35 57 65 81 99 27 15 72 89 57 77 63 76 18 72 100 26 94 84 16 20 60 86 19 68 79 98 44 82 51 17 42 92 78 42 78 70 52 54 79 99 35 63 96 85 21 22 93 10 78 31 95 29 14 36 14 56 68 91 4 20 86 14 46 0 10 89 73 70 96 30 56 16 1 48 18 61 4 23 1 95 43 86 37 3 52 97 56 59 91 12 93 73 16 59 9 28 93 46 84 87 17 92 39 7 7 66 74 53 5 19 70 25 74 34 0 26 10 0 58 73 14 65 89 29 66 24 93 53 33 94 85 30 5 10 18 91 18 81 82 12 39 22 56 33 37 76 35 96 21 58 76 46 53 75 22 46 2 53 66 10 36 10 26 76 3 78 60 83 68 15 40 59 84 2 65 4 49 1 94 18 74 15 78 40 55 28 46 26 37 64 52 95 100 37 100
66 68 58 21 28 78 78 95 68 15 91 16 89 36 6 13 80 72 3 89 35 53 11 32 20 48 51 10 90 82 99 49 90 35 63 67 39 51 98 82 42 33 1 32 45 0 26 26 2 95 36 41 37 96 35 60 42 79 51 60 79 59 65 68 16 44 95 2 30 67 47 59 36 37 35 70 41 68 79 84 18 1 34 45 30 65 14 40 79 72 43 78 51 11 67 11 88 77 52 91 42 93 18 98 63 98 58 98 26 28 20 65 26 53 88 93 41 78 56 81 1 96 26 36 76 14 3 22 65 14 21 57 89 83 96 29 73 45 98 45 52 85 13 53 12 97 59 84 26 12 97 34 67 54 10 56 61 87 36 94 14 41 49 21 51 30 39 91 100 1 75 28 78 78 9 21 83 55 64 94 3 64 68 4 6 43 11 64 17 49 96 44 15 42 23 13 90 93 52 84 50 31 69 19 23 38 42 19 13 89 96 72 8 26 95 28 18 80 52 37 24 18 93 72 81 68 68 98 26 55 53 72 16 61 24 91 6 10 90 94 20 37 78 58 93 31 21 99 52 54 78 52 15 24 91 33 60 24 42 99 71 26 2 88 34 20 10 36 15 18 82 78 60 61 26 77 2 35 0 2 94 25 6 67 3 73 5 13 98 44 75 5 98 49 45 56 90 8 78 79 25 65 32 52 19 44 73 30 47 100 13 96 26 56 7 80 96 77 42 53 92 74 27 98 50 55 27 38 3 71 89 84 28 73 19 84 62 96 16 97 15 72 92 24 71 57 77 5 22 27 23 73 38 25 74 77 74 89 91 13 68 13 1 48 67 44 69 25 15 64 17 72 19 34 26 14 22 18 98 50 78 27 81 83 27 15 86 63 88 11 41 42 10 24 13 35 45 7 96 38
91 20 17 73 44 35 27 88 42 89 94 96 60 6 11 30 0 10 97 95 16 73 37 67 23 21 54 76 77 71 40 99 71 61 10 21 96 19 0 13 39 29 36 22 81 94 44 80 83 13 98 51 10 23 85 81 16 3 74 1 21 1 99 55 50 36 58 49 91 96 98 49 98 81 53 14 49 49 79 40 39 58 67 74 66 18 57 95 60 71 79 46 34 49 47 30 63 84 33 15 50 92 95 61 10 2 8 78 91 31 52 50 88 76 50 40 63 27 48 25 33 56 67 0 94 64 70 23 92 12 52 83 96 40 63 90 96 45 74 14 39 77 38 33 78 38 87 50 40 4 98 67 48 37 8 49 9 17 38 92 39 10 76 96 37 38 70 2 82 15 41 43 75 70 46 65 53 25 58 21 72 28 71 37 81 33 29 1 50 29 38 24 54 17 48 29 92 67 88 49 27 93 98 83 67 60 94 44 57 80 13 31 5 69 10 9 11 83 16 1 19 97 74 80 69 65 97 26 52 40 21 0 20 54 44 69 1 6 33 89 34 77 48 31 95 40 44 65 100 97 87 68 40 30 14 30 26 39 70 25 31 24 36 64 38 22 56 66 50 71 75 29 35 49 68 88 72 36 32 74 47 43 52 28 11 39 91 66 15 53 59 51 23 44 19 15 54 13 34 20 38 86 60 9 36 89 1 1 59 82 30 76 76 58 20 4 42 20 48 88 40 91 73 43 59 35 31 44 53 47 82 71 66 90 59 64 35 59 86 84 84 98 89 41 67 30 39 43 71 4 67 76 90 77 56 18 85 16 46 12 91 86 42 97 14 16 97 59 66 35 57 49 49 17 37 82 54 26 53 97 3 49 20 25 44 85 39 48 74 71 20 93 79 33 2 3 71 16 79 91
10 52 84 57 71 88 35 86 96 83 20 47 21 92 30 13 78 14 29 46 76 80 77 33 25 13 16 78 49 38 30 55 95 80 72 90 9 59 5 43 33 4 12 31 98 42 68 77 31 57 8 29 30 56 22 69 23 60 19 44 61 99 22 11 94 9 60 16 59 9 18 43 30 66 1 21 93 43 12 8 44 76 61 34 73 14 2 36 3 45 53 31 43 67 33 23 55 6 59 48 42 98 34 70 57 22 16 68 65 23 25 86 53 59 92 11 17 13 22 52 100 9 35 5 15 10 68 50 50 99 73 52 89 37 11 50 51 90 97 20 36 91 100 91 21 52 5 5 38 60 75 39 71 63 42 92 51 18 40 5 90 43 76 5 18 14 63 39 75 21 9 3 30 81 6 17 11 7 50 33 88 66 58 20 4 73 60 90 26 23 66 17 93 49 22 58 1 27 41 34 87 15 42 87 19 91 36 93 91 40 21 21 55 90 10 37 87 99 47 70 23 40 39 57 54 40 60 62 6 40 31 95 23 37 80 29 66 10 100 68 0 4 62 81 77 31 26 70 89 35 5 97 28 49 55 78 74 53 71 8 70 46 16 83 3 91 29 6 76 66 5 11 90 40 55 82 16 42 85 86 97 41 71 96 19 83 53 3 71 31 68 16 23 8 53 96 67 89 37 94 23 8 62 97 93 15 82 29 6 100 62 28 30 22 62 21 86 14 52 20 52 3 28 90 100 34 86 96 9 3 91 57 45 71 72 22 38 72 2 31 57 74 67 85 42 39 95 95 79 22 37 32 62 43 47 25 79 73 16 63 48 94 71 25 76 21 91 87 46 11 13 7 38 89 97 93 8 71 52 37 9 48 42 49 47 29 56 74 85 21 45 30 70 59 78 54 95 30 81 29
26 68 40 21 85 88 11 4 84 14 78 25 93 77 95 73 19 20 96 33 17 55 32 15 82 47 9 77 100 81 18 63 98 59 64 100 93 69 52 6 24 9 75 74 88 80 24 96 23 25 88 28 6 75 56 49 17 9 63 51 70 44 88 43 28 25 69 46 74 58 14 1 99 100 22 64 8 33 18 39 29 31 83 88 80 25 5 63 26 83 84 43 13 14 9 99 59 67 60 37 54 28 33 11 52 44 26 68 35 11 34 96 82 12 55 31 76 80 92 89 75 41 36 51 96 52 30 66 3 36 17 35 33 1 0 85 5 19 14 17 90 2 12 98 81 80 3 85 49 73 1 65 33 35 18 3 9 5 51 59 77 97 30 67 22 59 5 72 32 44 39 53 11 72 32 21 62 7 32 33 57 88 8 52 61 65 58 65 34 41 96 51 78 8 5 91 74 38 15 97 87 8 45 68 3 21 30 16 7 50 95 14 86 94 30 15 73 1 7 24 63 55 76 67 25 13 74 77 47 88 60 96 68 23 57 81 4 89 8 92 71 43 70 75 40 55 66 85 59 83 27 5 100 76 47 72 20 57 1 38 5 39 89 66 74 6 40 45 36 24 90 1 11 42 100 12 31 90 3 31 68 26 10 96 87 95 32 73 48 9 94 67 16 49 83 78 79 56 5 8 21 53 99 13 88 72 54 21 60 75 7 89 97 74 17 98 74 95 31 0 46 96 28 91 97 79 85 61 50 49 17 93 55 85 7 93 39 90 1 33 24 2 45 60 54 28 96 43 68 80 21 47 80 96 40 8 43 94 84 76 24 37 9 69 10 82 2 0 87 63 86 28 81 10 62 10 94 48 30 93 18 59 28 88 58 75 44 89 27 32 89 85 33 56 14 43 4 27 77 93
90 93 52 64 62 30 58 13 91 15 95 67 42 18 54 67 61 47 42 60 91 78 34 32 39 16 0 48 17 6 23 35 23 81 82 97 44 67 89 1 69 12 76 78 95 15 44 23 99 42 31 52 51 19 38 39 62 22 71 50 94 22 65 81 55 61 36 0 43 91 97 34 50 96 24 17 38 15 68 54 72 0 80 93 91 73 98 47 84 22 30 17 62 73 67 70 1 3 72 62 23 71 13 90 91 96 96 40 64 67 25 8 49 54 5 49 93 20 86 49 60 63 99 99 40 64 35 32 37 38 9 65 43 19 30 40 20 4 82 5 33 92 59 78 68 47 74 87 16 48 98 60 2 7 30 43 19 25 91 46 62 72 4 59 85 22 84 20 45 92 34 100 60 6 97 25 40 62 27 47 29 4 46 18 13 33 49 60 90 79 72 52 58 70 31 3 39 31 5 97 8 74 98 97 49 16 63 61 53 89 20 78 54 2 89 75 9 61 41 28 93 25 20 18 12 93 27 13 34 14 70 24 10 78 66 64 93 15 11 64 94 13 2 17 3 67 76 64 69 45 25 52 89 42 81 51 93 69 15 1 0 37 28 40 21 93 56 19 34 64 0 47 48 93 12 64 5 30 88 74 73 2 72 72 11 72 14 48 55 93 23 36 67 39 31 20 52 31 12 5 27 66 90 8 6 44 29 82 91 13 50 20 75 58 85 54 29 60 8 98 43 84 9 87 3 11 100 56 0 53 69 70 25 8 32 7 54 52 90 20 53 54 92 33 13 61 16 57 15 27 37 29 17 36 1 6 57 62 92 93 67 31 53 14 32 79 39 42 37 16 4 64 60 66 69 83 29 56 44 62 37 80 35 9 35 98 69 99 42 82 74 62 99 70 35 39 27 43 97 29
23 85 38 64 3 89 28 78 5 59 41 39 4 0 11 91 26 69 15 71 55 96 54 74 58 15 44 36 46 13 29 72 45 92 39 54 13 82 27 23 52 53 25 38 58 2 52 74 11 59 9 71 8 91 41 86 7 47 47 9 96 31 46 93 6 17 13 3 64 12 0 0 86 20 74 98 49 67 24 31 73 72 5 63 97 92 88 89 90 24 73 58 52 66 59 32 39 66 30 47 97 90 42 47 22 88 93 28 51 17 75 61 38 68 53 87 57 41 66 7 87 56 79 15 31 61 62 58 47 79 65 90 23 53 7 91 89 98 31 59 34 91 20 92 81 89 89 36 93 12 71 36 75 93 84 1 73 91 32 10 37 26 39 94 44 48 71 62 61 50 89 30 26 80 71 19 33 60 93 89 57 46 70 2 28 92 43 17 37 96 52 14 42 7 69 54 27 32 67 89 45 75 88 62 35 61 40 74 32 30 100 64 19 60 58 97 5 88 99 1 70 91 41 62 87 69 43 65 51 75 78 90 51 83 24 48 46 52 52 17 25 3 63 56 0 61 62 18 76 76 16 77 9 2 66 28 38 75 2 33 51 95 52 64 6 81 68 69 3 78 60 20 13 57 46 52 97 72 58 96 75 8 98 85 52 56 27 67 27 62 54 97 27 37 73 37 37 35 82 7 72 50 65 69 75 29 81 77 88 73 11 68 66 49 92 52 95 68 32 21 36 52 76 20 100 57 86 63 86 19 13 8 51 63 28 76 20 6 9 37 52 97 69 56 94 84 88 63 90 43 93 82 29 85 73 23 30 92 70 22 55 97 25 21 56 71 56 32 1 44 79 28 48 92 77 48 37 59 80 6 23 73 10 16 30 40 55 57 56 7 66 59 4 77 94 69 8 77 66 0
52 12 75 76 7 0 32 61 69 6 64 10 4 64 89 90 59 88 49 35 87 22 70 14 70 47 98 14 57 94 46 90 72 95 8 80 9 36 63 38 66 81 5 96 90 64 89 45 53 51 6 14 97 87 47 33 81 90 30 32 64 0 19 70 0 27 59 99 43 95 2 53 78 13 23 27 46 40 84 0 5 32 81 21 32 88 10 98 49 48 83 77 91 39 99 89 46 20 0 31 42 30 50 10 50 58 33 21 88 41 45 71 4 89 62 39 35 46 40 24 20 20 93 90 61 60 76 57 14 26 9 9 79 94 2 32 1 27 25 48 73 45 78 10 50 90 87 10 28 25 34 32 87 62 2 53 74 35 26 71 36 6 53 9 74 69 82 74 90 58 46 27 46 17 16 86 41 10 30 12 86 9 81 74 45 50 31 30 42 72 69 0 23 34 25 20 13 0 99 42 59 90 45 94 94 42 68 84 24 0 41 56 33 12 25 96 20 89 28 47 88 70 83 31 0 83 20 77 73 54 80 73 94 56 33 63 59 90 85 37 50 92 59 43 73 1 36 23 16 4 44 65 54 89 57 36 34 58 10 1 85 29 28 63 96 62 22 34 65 43 59 41 87 47 95 68 18 54 48 33 45 41 32 13 8 28 3 50 24 5 13 94 28 67 70 33 6 63 79 90 89 79 36 12 73 56 76 80 98 42 83 75 7 92 92 56 17 47 74 98 93 36 90 10 9 89 27 50 80 66 13 8 20 68 71 58 91 32 97 39 74 89 17 59 66 32 82 20 61 43 45 28 70 16 16 29 60 60 72 40 85 37 84 13 50 73 34 84 94 99 36 73 26 100 66 3 2 14 63 43 84 50 51 36 83 41 15 67 56 14 62 36 86 25 35 87 29 44 6 25
50 9 37 25 92 91 81 14 100 28 19 39 77 89 69 44 94 43 26 1 35 53 30 33 49 49 71 7 59 13 62 46 28 15 21 15 97 77 92 67 24 51 99 80 83 27 46 18 38 92 48 49 4 68 92 100 47 77 80 66 43 57 25 60 82 32 85 81 18 17 40 24 60 21 44 78 6 98 10 40 30 84 63 85 56 44 21 94 35 43 52 63 80 25 26 54 57 95 76 93 46 64 74 45 31 14 95 12 4 54 65 5 33 35 30 63 86 38 59 13 10 100 66 7 48 33 73 7 64 51 80 84 78 70 100 25 91 91 55 33 54 4 8 45 56 73 81 34 50 28 42 18 19 56 88 39 26 100 3 90 52 63 46 19 74 6 3 74 96 20 27 87 16 1 82 90 1 33 41 57 7 1 42 76 58 60 59 18 13 21 53 98 71 71 68 28 5 53 42 33 27 61 28 80 25 11 99 53 63 89 71 3 86 4 86 9 38 89 17 78 64 64 93 40 32 91 99 3 32 28 32 10 62 5 74 68 1 79 66 88 0 50 43 95 70 68 51 18 92 37 89 77 94 62 23 43 5 87 48 33 68 1 5 33 65 55 53 22 26 47 33 84 6 92 2 86 96 76 85 18 74 0 81 63 20 76 2 92 80 44 41 60 88 17 38 85 38 9 26 87 46 38 83 63 18 12 86 30 16 26 3 98 59 21 33 59 99 61 67 47 1 2 29 33 40 99 50 98 44 86 26 31 39 32 54 63 82 44 56 37 11 56 22 80 31 22 2 33 97 53 21 67 82 7 40 67 30 78 28 95 87 1 11 71 55 46 63 67 43 11 62 47 61 84 53 30 41 4 59 35 58 43 78 11 55 5 47 30 30 25 8 75 100 70 3 66 98 94 45 100
92 35 68 81 89 45 71 39 47 88 38 28 22 30 9 3 45 1 32 78 35 82 26 38 43 98 69 7 86 12 11 67 84 47 8 76 69 25 73 70 67 37 58 55 98 92 35 72 69 50 15 16 42 38 43 36 27 85 49 35 67 8 11 89 71 15 7 98 18 5 35 59 1 39 16 39 94 18 60 5 82 65 86 11 49 21 100 57 45 55 75 54 39 85 43 65 52 49 44 1 78 26 44 31 70 65 38 29 61 24 32 94 94 80 63 100 26 71 94 68 19 84 24 47 75 48 29 18 4 96 56 11 98 56 80 43 97 73 91 65 64 77 35 56 28 83 81 63 67 28 12 91 10 82 100 27 42 81 5 49 51 63 81 83 47 99 92 27 85 93 42 30 13 55 19 85 7 98 71 58 81 95 69 66 75 92 59 23 63 3 8 90 89 28 68 41 28 63 97 32 69 22 34 44 64 25 29 70 34 70 58 1 93 15 40 6 70 83 94 48 60 2 92 18 96 46 84 6 87 90 18 51 72 40 38 79 61 98 58 96 92 57 62 45 24 50 51 6 31 46 48 6 58 58 86 22 52 34 30 13 55 40 25 53 80 89 32 9 3 12 31 71 44 1 63 53 87 67 56 21 21 95 48 16 45 63 66 49 39 1 52 30 5 34 64 72 10 80 18 80 53 78 1 79 98 25 98 53 45 49 49 13 71 85 38 48 44 72 23 22 17 77 75 43 57 2 41 98 57 28 35 82 48 93 16 81 59 89 45 38 38 79 73 37 47 53 22 43 31 57 2 43 88 9 49 87 58 37 95 47 25 21 3 35 99 60 86 10 30 96 13 36 88 17 46 63 75 5 77 96 58 36 93 99 38 66 81 99 91 74 64 77 81 37 97 46 56 100 25 89
68 85 66 53 33 24 11 17 49 19 84 61 41 65 42 4 21 51 19 92 20 96 37 54 63 15 21 62 31 70 29 8 37 44 80 92 17 52 88 88 37 21 1 6 30 66 23 84 31 32 41 20 82 3 44 23 13 61 39 95 76 51 35 39 79 88 4 52 88 81 60 64 57 14 71 33 25 100 31 98 36 97 91 13 28 40 15 72 38 87 4 8 70 81 5 45 67 86 49 68 89 4 70 12 9 72 15 72 37 28 18 38 4 93 54 38 75 59 80 18 30 69 3 88 61 40 17 5 86 31 91 60 97 89 25 38 11 40 86 29 79 29 46 12 93 99 16 44 3 37 23 98 0 95 2 11 45 73 69 47 45 15 39 0 57 96 27 51 73 16 53 36 34 51 33 75 0 8 44 15 45 99 35 43 81 46 49 89 14 38 12 19 86 21 74 59 21 73 27 23 96 3 85 31 95 77 57 7 28 60 62 73 86 57 84 46 20 90 25 60 65 56 46 8 98 90 87 16 76 4 71 58 20 93 65 86 57 92 68 22 53 92 7 29 98 98 24 69 58 56 55 20 18 27 9 82 72 37 16 18 84 96 81 50 1 66 4 83 30 100 51 73 71 89 26 97 63 69 68 3 84 99 40 12 27 57 75 70 29 27 70 88 21 57 7 41 61 86 47 23 73 31 43 14 67 54 76 95 97 6 68 85 13 37 51 47 55 3 2 14 80 76 32 59 100 10 88 90 13 73 36 38 60 1 25 16 99 97 5 99 57 58 89 82 62 81 9 19 50 100 63 48 44 16 2 21 82 13 59 42 28 77 39 49 9 20 58 6 100 13 65 89 6 97 71 37 47 77 72 27 23 47 64 34 64 27 30 16 71 89 41 80 13 30 83 3 57 37 28 100
88 82 44 4 58 4 79 2 67 93 37 52 79 34 28 40 100 79 94 31 70 90 33 9 86 57 50 1 41 29 86 4 91 79 10 99 20 60 4 28 24 27 46 95 93 0 82 38 67 38 26 41 85 34 80 35 28 6 28 41 81 56 29 27 96 55 29 17 100 37 54 16 89 75 3 33 90 47 51 46 99 4 20 82 60 44 90 81 32 34 3 56 60 83 30 14 17 65 32 1 47 30 84 12 83 57 55 11 57 1 16 44 83 12 13 97 83 41 97 54 28 0 69 6 14 74 27 7 17 8 17 92 87 39 1 21 44 73 46 49 27 57 52 87 39 37 41 47 46 27 55 22 92 53 64 6 1 15 39 34 60 66 2 53 18 67 100 56 43 55 61 36 100 72 73 61 77 77 31 55 55 77 12 85 65 86 66 86 85 67 43 50 53 79 12 53 62 86 46 9 22 48 51 88 35 36 71 27 42 72 83 53 62 76 85 96 59 23 98 22 100 6 11 70 68 28 89 85 53 100 34 22 72 27 77 56 69 14 52 3 37 54 100 15 42 72 74 30 69 62 53 23 60 34 91 30 54 41 98 36 46 73 96 9 11 3 57 8 100 11 35 48 77 91 22 2 68 25 61 10 0 47 44 49 75 68 39 34 88 35 50 11 3 57 81 60 42 18 75 48 11 69 91 42 12 47 65 71 10 87 5 1 69 59 80 58 69 44 63 46 98 50 34 32 13 27 90 79 67 98 94 70 9 68 28 86 81 97 36 63 95 57 77 25 43 31 82 91 12 64 19 95 77 24 6 90 75 2 100 67 39 28 77 60 90 15 68 79 64 82 75 40 53 83 19 77 48 86 65 91 56 49 61 65 16 60 18 51 98 100 10 32 77 20 56 28 4 86 24 85
67 6 27 33 95 91 31 58 82 78 67 8 36 47 44 94 90 20 16 23 7 58 61 79 63 57 73 45 19 23 16 97 58 93 39 79 88 93 72 34 99 60 19 96 11 27 50 26 27 43 15 94 93 5 52 68 12 94 88 99 36 3 66 100 7 48 22 15 42 46 42 43 87 44 79 97 8 53 100 87 9 61 74 73 64 22 65 4 12 2 43 24 36 89 74 1 13 31 95 18 100 95 23 63 54 97 55 41 42 77 36 34 100 43 23 82 100 96 95 28 85 58 78 24 53 96 60 40 35 4 73 77 22 39 28 98 39 56 70 79 9 66 35 60 51 75 52 94 55 17 6 18 9 51 88 69 14 59 79 78 39 10 57 58 36 68 48 60 0 31 42 57 57 88 76 17 4 14 70 100 57 68 64 85 65 98 30 9 34 81 45 85 24 55 81 12 55 39 45 89 3 75 31 100 49 32 50 70 64 99 51 5 82 61 97 49 81 44 76 3 23 24 67 15 10 45 70 61 26 9 94 59 0 22 3 9 3 31 83 59 35 4 40 15 24 98 96 10 65 96 16 12 18 80 6 34 45 94 18 71 55 14 8 42 51 8 94 45 81 45 75 84 36 41 43 63 42 2 85 47 46 19 87 43 39 19 86 74 2 80 16 38 16 48 69 0 16 57 96 71 93 82 49 45 54 29 49 46 61 63 45 52 46 58 37 76 61 12 69 34 39 59 77 28 79 79 0 77 100 42 47 14 53 32 39 58 43 30 26 81 48 99 56 24 32 53 19 85 13 58 77 7 18 29 89 95 87 55 5 93 51 29 65 40 11 31 27 64 33 36 13 34 58 82 21 11 66 85 15 48 43 0 27 69 71 35 9 91 44 27 84 19 6 3 18 45 60 44 41 41
82 100 17 30 68 91 24 32 40 98 20 36 8 11 43 79 62 89 53 60 37 91 96 70 44 4 97 69 3 50 44 44 100 74 87 62 61 32 57 25 53 45 5 42 91 54 45 4 91 100 60 20 27 15 35 84 2 8 71 55 3 20 36 88 99 22 10 72 4 62 3 62 37 56 61 5 4 98 38 60 100 100 81 55 99 63 11 65 64 65 80 69 2 59 28 3 95 79 74 17 92 13 90 78 70 12 21 26 93 78 97 90 1 42 74 33 76 27 24 75 93 100 51 92 54 74 71 57 48 44 75 6 78 97 94 62 35 6 30 10 51 15 13 55 9 27 11 27 0 71 100 72 51 76 60 76 57 12 16 5 57 18 38 12 10 14 73 27 42 29 37 3 71 62 95 24 81 85 64 72 79 53 94 85 27 55 99 85 24 32 53 58 12 35 89 95 7 1 10 20 99 92 31 16 14 95 83 55 50 55 82 72 13 93 28 86 12 14 14 1 28 20 8 86 61 17 12 90 82 4 83 19 98 40 13 3 66 88 0 59 60 94 68 34 76 70 81 4 53 76 90 59 27 8 8 99 93 75 30 83 83 72 87 60 37 96 86 39 16 85 24 14 49 87 81 9 99 94 43 54 4 56 4 9 32 89 18 76 86 83 44 16 35 40 37 18 48 16 33 85 29 72 5 41 72 59 46 53 54 36 93 2 18 69 43 44 73 18 34 87 39 100 69 14 79 82 98 87 76 6 69 35 51 13 13 69 79 7 36 67 16 69 66 37 7 4 82 89 63 90 50 45 32 22 50 13 41 75 56 66 8 49 30 87 64 84 45 49 39 80 98 19 0 94 9 74 60 44 72 97 20 93 43 48 20 25 29 75 67 8 25 90 5 90 62 63 46 77 17 65
95 57 18 63 49 8 50 23 80 63 76 33 73 52 25 87 36 100 66 60 55 52 54 73 69 37 55 47 72 22 57 95 74 38 28 61 1 60 72 41 100 36 94 96 63 8 88 27 28 38 55 77 78 58 75 78 66 7 22 38 100 80 18 14 16 20 3 0 3 82 92 71 55 3 49 13 94 4 34 83 12 19 81 71 88 17 91 5 73 13 96 46 6 36 67 33 52 92 69 39 55 50 56 10 84 25 35 91 6 89 25 54 69 18 76 8 56 17 40 74 50 89 96 77 90 75 38 31 24 72 28 96 30 25 86 70 17 66 28 80 37 35 15 5 85 23 12 47 92 74 64 73 34 96 99 42 15 7 66 67 11 46 100 83 96 0 10 65 24 53 91 45 65 94 33 78 24 99 24 15 61 32 59 55 15 29 61 81 62 38 87 43 79 71 70 34 64 64 31 92 20 38 4 28 52 92 81 46 80 48 58 34 80 5 75 92 2 76 93 83 62 85 64 42 99 89 39 33 11 7 66 95 40 51 66 59 2 33 45 75 44 72 72 5 2 79 29 50 25 1 71 14 81 38 17 63 47 100 76 2 62 20 46 83 61 70 100 83 47 7 54 84 23 95 47 34 49 80 62 37 46 20 73 10 16 11 28 57 79 90 58 13 58 71 52 20 18 45 97 49 68 51 66 28 27 60 32 71 88 52 17 96 21 88 99 1 36 56 55 45 1 32 85 23 47 70 2 84 20 37 32 91 21 14 16 71 3 30 82 78 99 15 64 57 16 25 39 78 12 88 4 64 30 51 6 8 40 80 48 66 7 29 73 12 5 76 13 84 63 20 83 21 22 30 7 99 84 1 30 16 93 94 94 19 69 2 25 6 92 52 52 85 39 69 84 63 38 30 78 28
44 76 81 89 8 45 52 63 7 63 0 24 75 9 45 7 1 59 76 79 94 28 43 99 21 20 98 20 59 20 2 99 69 2 67 39 62 93 38 92 16 100 96 49 65 55 94 79 10 41 94 29 34 52 75 30 52 71 91 18 56 70 54 7 28 89 63 39 42 57 53 83 15 99 87 41 79 68 2 62 45 59 89 76 41 25 87 72 42 58 31 15 80 4 39 30 89 87 100 77 66 46 7 70 3 91 8 13 92 17 52 76 1 39 79 63 89 29 30 72 91 5 6 96 3 59 48 34 93 50 31 44 43 9 95 37 77 95 25 32 67 30 87 53 34 0 22 64 86 3 68 81 78 7 79 58 47 86 13 76 35 58 63 99 39 41 87 64 88 89 75 58 9 36 90 98 19 56 28 62 58 62 8 74 37 42 52 54 18 54 86 4 84 37 63 29 59 77 15 8 28 90 91 34 35 20 20 51 2 89 71 42 81 75 53 9 82 50 28 42 9 61 99 94 65 53 17 73 59 78 82 99 30 18 1 80 71 65 45 1 89 96 71 34 76 70 85 9 22 49 67 60 27 42 42 75 67 74 66 44 47 61 62 74 50 43 82 24 64 93 27 43 17 6 31 69 18 57 44 21 63 47 22 6 17 44 23 70 26 86 43 66 1 89 92 14 75 34 96 40 30 9 18 27 23 56 73 45 48 57 55 6 6 45 55 36 17 39 27 95 33 68 7 45 84 33 12 13 23 100 14 41 48 61 80 80 37 43 79 48 78 60 97 50 69 82 89 4 47 50 81 60 89 88 20 63 76 54 75 11 68 66 88 26 30 71 38 39 98 72 40 80 52 53 38 36 77 98 57 63 59 8 49 82 89 87 58 70 41 87 84 44 94 0 47 44 20 17 98 68
31 47 57 37 30 95 34 79 15 80 11 70 17 2 83 70 67 48 45 75 70 12 97 6 74 63 62 42 36 99 0 63 54 81 47 58 17 15 99 96 25 66 59 62 16 37 19 66 97 9 61 96 91 71 84 55 58 86 52 70 49 95 6 51 61 14 99 53 99 10 8 35 44 24 85 89 79 59 60 55 87 16 18 63 60 80 74 82 15 11 89 9 57 12 44 100 10 99 4 55 22 92 30 24 80 74 52 49 0 30 28 45 88 47 46 5 87 65 86 76 49 61 13 53 17 16 98 22 95 63 17 74 17 18 22 28 19 70 56 72 12 85 1 89 21 29 74 26 24 25 86 37 36 84 100 14 37 49 37 78 86 81 36 86 42 76 87 38 92 55 57 18 8 75 68 55 53 55 29 36 10 68 33 50 78 97 1 14 11 24 13 46 99 72 43 26 58 86 75 53 40 87 44 65 62 26 83 64 73 66 81 67 98 89 5 27 12 8 43 23 82 51 45 56 24 2 2 73 45 3 67 85 59 5 16 83 3 97 96 77 83 95 42 64 82 14 11 51 26 5 99 50 82 45 71 73 92 19 19 88 94 16 70 51 20 33 34 95 53 64 89 94 27 76 38 86 3 1 36 43 54 23 80 26 4 0 7 66 74 86 70 25 52 34 23 27 90 78 1 62 27 2 94 26 34 13 92 95 10 50 66 98 78 13 60 30 71 100 37 78 33 30 7 1 59 55 49 60 67 6 48 11 24 31 2 85 60 31 0 52 59 91 39 52 46 1 88 95 11 55 33 53 35 80 64 32 55 9 62 52 69 96 75 71 15 72 62 39 51 30 87 8 22 49 39 22 79 29 82 54 51 96 64 28 38 100 86 96 16 61 83 16 52 6 15 13 50 21 94 86
99 90 29 12 36 5 33 90 70 6 99 93 50 90 18 58 34 79 27 99 99 17 7 46 8 83 91 31 59 86 43 5 37 54 11 69 91 34 77 45 26 78 42 99 61 42 97 74 55 36 88 64 46 25 29 76 93 26 91 66 14 91 72 66 77 64 4 87 98 45 60 24 27 99 75 74 27 18 35 67 29 64 43 58 94 36 51 23 46 37 93 66 31 13 34 72 45 91 4 54 41 20 46 58 70 78 80 34 63 18 1 82 48 74 10 53 24 55 17 8 4 65 69 88 53 38 78 50 45 40 33 61 2 47 97 57 23 53 35 21 80 34 9 32 10 22 78 25 1 14 36 87 86 79 62 74 52 12 0 88 29 23 43 25 76 17 86 10 63 51 17 6 25 3 80 29 5 98 69 28 57 1 25 5 84 60 45 32 5 1 92 41 96 24 8 82 36 0 83 60 44 43 6 49 82 71 34 15 44 5 32 96 28 5 62 13 100 55 70 92 54 87 23 24 81 93 39 47 63 84 77 47 72 35 100 26 29 42 43 56 5 1 44 56 67 35 85 12 75 51 97 99 44 83 41 24 7 76 5 35 90 12 10 69 92 16 0 18 79 12 83 45 30 68 28 74 47 80 39 26 38 100 76 1 88 82 3 24 75 32 33 72 31 89 0 58 3 50 12 67 28 42 58 79 38 11 99 57 54 79 6 13 34 37 59 82 43 52 44 29 62 34 4 27 23 1 42 17 9 65 56 65 96 85 14 89 34 51 99 89 60 48 64 52 22 8 42 27 92 21 17 44 29 74 22 79 93 20 17 93 25 68 79 72 60 41 50 98 50 19 28 26 11 86 6 32 97 26 62 52 6 50 61 84 74 80 15 87 2 58 40 18 30 33 21 88 92 31 8 24
78 57 1 53 47 23 50 91 14 31 56 50 87 43 8 62 63 15 65 72 36 66 59 62 28 16 38 90 76 30 100 87 95 87 96 88 77 91 6 28 32 4 18 36 52 62 23 26 13 49 41 83 89 29 73 61 43 8 88 88 42 12 50 96 29 90 8 35 79 68 53 92 12 63 39 1 49 87 8 24 35 96 10 74 6 100 60 3 48 50 13 20 53 81 98 86 61 8 16 63 91 61 86 92 57 85 72 29 79 9 19 64 61 1 11 49 89 54 46 47 33 34 67 50 96 47 23 9 35 21 81 65 76 80 52 2 98 20 69 97 5 93 72 78 93 37 94 27 42 62 84 35 91 36 29 63 74 19 52 58 56 19 54 39 42 89 44 22 67 99 68 19 79 30 8 58 33 40 81 53 70 81 86 64 16 0 65 13 64 42 42 86 46 84 8 99 62 37 66 34 96 34 54 72 59 4 24 100 44 80 93 47 0 70 55 82 48 62 61 5 33 90 100 72 19 82 76 2 17 63 10 64 2 41 63 5 67 32 36 76 67 69 32 34 47 81 32 30 3 29 54 63 41 100 71 26 0 88 35 98 83 33 57 45 21 0 18 65 99 0 83 24 98 78 11 22 93 99 75 81 33 95 85 26 52 11 73 19 93 96 63 86 55 70 61 72 29 13 64 80 5 71 8 91 72 29 38 24 100 41 92 20 30 22 74 21 68 35 12 97 52 13 25 74 90 40 53 25 83 51 31 49 1 37 18 56 50 64 87 70 75 16 97 56 81 53 15 93 97 28 51 95 82 27 29 54 20 4 43 84 89 44 25 25 45 81 7 50 54 22 74 16 86 99 90 26 78 78 47 87 23 30 83 21 86 33 77 90 22 71 17 67 89 18 37 54 43 52 40 63
15 34 82 51 44 56 18 100 58 82 2 79 9 49 85 15 69 18 32 27 44 35 20 65 0 3 68 99 16 18 13 11 30 43 10 53 87 51 9 86 16 0 26 3 4 15 16 13 24 44 62 85 34 51 57 29 35 5 58 32 70 8 29 24 23 85 3 22 13 36 83 58 7 22 36 60 9 100 54 53 52 50 35 41 12 68 97 41 40 72 30 44 5 30 3 8 91 67 23 74 50 99 59 6 30 21 69 90 29 62 98 36 98 29 40 68 12 9 19 62 31 3 67 100 96 85 17 92 40 20 51 33 16 41 79 42 47 72 87 15 69 4 9 49 31 95 19 42 5 29 88 67 37 9 8 76 61 52 78 92 7 93 62 75 50 75 26 1 45 14 27 50 87 36 58 17 80 8 92 100 14 99 78 67 58 89 36 54 25 80 19 46 76 61 50 83 98 26 35 18 63 5 98 6 3 97 37 89 5 68 48 28 25 77 29 52 22 58 27 79 91 41 63 15 86 83 94 21 75 100 31 90 38 54 22 64 59 46 46 96 97 58 28 18 1 99 62 68 56 80 6 57 35 67 76 49 92 42 41 80 99 76 89 7 44 65 94 92 89 28 56 67 34 2 72 63 9 87 21 64 99 4 90 26 31 16 99 17 51 53 63 70 30 21 10 28 31 84 74 59 94 21 26 50 14 80 73 37 31 33 87 36 85 68 40 48 59 39 20 58 39 74 11 44 29 70 5 70 54 36 0 72 81 74 98 53 54 81 10 65 44 20 21 78 56 17 96 77 3 82 17 29 17 90 32 40 88 86 88 3 73 99 79 34 76 25 93 69 29 12 22 36 32 57 19 41 12 42 11 1 69 46 93 75 60 66 67 60 68 74 76 39 47 59 39 95 41 12 10 90
44 100 16 57 8 51 96 8 97 99 3 24 71 99 15 57 86 85 18 30 71 50 80 63 86 97 53 36 45 26 38 99 23 70 18 26 3 73 72 24 48 36 28 10 69 90 72 63 51 41 69 77 95 9 12 7 0 18 99 81 67 89 46 95 29 77 20 3 45 7 19 38 13 38 72 64 10 52 8 46 74 22 6 50 4 57 62 67 29 10 64 53 35 37 62 56 3 45 35 31 97 90 97 23 22 46 58 4 20 2 10 46 45 5 85 61 26 96 37 25 33 42 66 78 99 99 96 56 4 96 50 10 80 52 40 100 16 69 82 79 22 38 8 37 10 22 39 26 63 53 31 89 93 40 11 57 46 82 25 73 86 73 1 46 97 91 8 2 82 80 31 44 37 43 45 29 51 26 25 57 27 83 36 2 90 57 80 78 74 87 36 23 44 89 30 12 11 52 55 89 81 68 33 61 17 51 19 63 47 89 16 60 30 90 36 58 23 90 70 46 56 49 26 6 38 58 78 99 2 25 17 27 79 83 55 21 24 51 34 92 10 2 40 24 20 98 18 45 57 75 11 25 47 24 63 68 59 73 56 50 24 39 25 63 62 69 20 58 39 32 84 81 43 82 84 89 87 78 87 39 36 93 19 61 40 36 90 62 93 35 22 70 51 52 59 74 61 76 48 88 85 77 91 97 13 83 92 55 22 55 9 56 68 5 87 73 92 2 20 98 78 30 3 11 68 63 1 64 71 97 20 58 14 96 9 54 31 37 58 50 88 98 36 58 44 45 35 8 100 17 19 79 72 9 36 36 64 82 23 92 27 30 21 34 39 86 40 42 10 0 72 32 97 1 62 25 16 35 16 21 85 77 31 40 37 60 59 77 90 11 68 35 27 85 100 2 49 29 64 18
79 41 1 2 68 48 28 5 38 97 26 46 72 4 86 0 36 93 90 0 48 75 4 35 6 95 7 6 57 14 54 82 26 70 3 17 62 65 88 13 57 41 86 21 11 20 36 58 35 11 9 30 44 66 72 41 50 94 80 84 38 29 80 22 62 18 22 15 47 65 90 1 52 89 28 28 48 79 69 49 67 42 1 89 6 67 74 32 65 91 87 70 81 64 76 68 79 3 51 24 48 27 39 1 57 97 49 13 35 42 33 92 36 23 88 84 53 37 34 68 96 16 62 33 86 41 48 57 41 0 87 83 98 24 89 85 51 57 90 36 83 68 37 33 58 42 34 96 81 68 13 25 61 71 64 86 65 61 16 54 35 41 19 44 62 43 87 7 81 47 65 14 31 72 13 34 85 21 75 57 2 11 53 48 3 8 51 77 61 37 19 97 72 2 76 1 10 53 87 35 91 8 43 79 33 31 81 38 53 17 57 38 71 8 36 97 82 70 52 91 45 63 5 44 91 3 68 67 25 57 55 25 24 33 78 24 8 20 77 8 55 33 62 42 0 97 74 11 2 33 13 8 51 35 76 49 19 80 47 84 23 71 21 33 58 58 20 63 38 72 19 29 34 0 18 62 42 4 36 73 89 75 6 13 16 95 98 55 20 22 56 81 45 42 27 18 2 69 0 88 96 19 77 50 93 92 44 76 89 15 41 53 94 76 69 54 59 96 18 61 100 38 37 22 66 49 61 4 97 37 23 90 87 53 54 42 92 91 86 38 34 65 86 68 19 93 89 70 19 75 66 11 19 1 69 2 65 42 90 68 2 64 12 34 81 73 45 63 97 85 6 84 61 57 68 9 100 24 7 48 86 67 94 75 41 71 38 5 28 0 30 85 25 59 42 50 49 58 40 38
61 40 4 92 21 8 79 42 98 95 82 80 14 95 60 8 100 78 58 99 82 98 72 28 53 8 81 89 26 68 19 82 38 61 31 0 53 33 76 100 17 59 19 60 82 10 28 60 52 58 77 21 25 66 54 29 57 29 19 95 63 94 78 29 17 27 60 5 30 88 50 71 68 21 99 35 21 13 63 52 49 90 6 35 50 26 61 29 58 46 7 55 5 76 30 26 51 53 39 58 46 18 74 30 74 39 55 83 8 8 11 38 55 32 34 79 65 76 36 34 93 69 41 63 46 1 13 27 38 36 31 10 61 63 85 90 54 44 24 99 1 56 99 37 62 36 60 3 0 53 32 4 18 7 88 7 12 11 67 13 87 64 47 55 98 94 50 9 33 36 53 31 78 4 40 31 15 27 23 16 26 18 62 21 95 21 21 56 17 69 11 80 98 71 8 19 8 34 44 10 26 96 35 4 20 61 61 27 78 96 91 42 99 1 35 12 12 36 41 3 53 66 8 43 22 30 82 86 51 88 82 27 63 35 41 31 61 19 62 22 84 11 55 13 16 78 20 38 6 13 20 100 39 92 51 28 9 80 54 61 13 10 33 58 1 53 41 50 38 99 16 38 8 18 17 56 83 25 54 100 17 75 74 15 6 100 86 90 36 48 94 18 20 58 12 32 99 32 63 43 92 54 3 93 47 18 34 86 57 56 76 34 87 20 5 67 87 3 41 76 81 23 77 53 28 43 22 97 28 53 15 3 94 75 57 48 79 26 44 87 34 99 27 38 28 13 7 82 42 50 90 69 45 60 92 58 40 35 83 78 48 58 69 35 24 80 71 7 47 71 55 38 14 41 39 71 37 36 68 50 33 51 33 21 7 84 84 4 53 49 47 89 58 79 87 78 31 16 15 23
22 63 6 65 81 46 57 16 64 5 87 52 0 8 99 36 1 24 5 68 32 20 88 78 18 2 95 5 17 60 87 3 69 88 31 10 59 46 62 26 57 67 38 9 88 82 72 69 59 88 10 4 51 85 95 52 68 47 82 32 38 8 26 31 97 77 28 60 50 9 79 87 75 54 1 52 76 83 66 50 77 71 87 92 48 91 45 16 37 92 0 100 6 90 78 87 30 15 36 46 56 31 53 97 40 19 41 76 82 94 44 86 83 67 39 45 81 43 90 58 21 8 18 78 46 43 35 29 47 84 45 2 13 27 22 58 89 72 41 54 35 41 75 20 62 98 54 100 14 27 63 69 1 58 24 62 71 45 84 63 46 27 36 9 5 29 9 78 32 46 72 94 48 75 50 92 94 54 100 5 33 8 100 14 59 38 94 69 14 46 92 29 30 83 91 66 18 1 88 81 25 95 80 72 52 39 10 36 11 13 27 97 56 46 6 74 90 70 52 77 5 30 90 24 53 78 65 94 78 54 9 76 45 77 35 8 9 17 59 89 33 78 20 70 78 22 100 96 45 39 56 34 5 15 100 41 24 76 68 41 37 63 12 55 68 16 94 29 16 44 51 65 43 18 19 83 16 30 57 7 29 10 41 93 100 49 47 20 53 92 33 89 6 96 64 24 57 83 29 74 37 100 20 91 25 47 26 94 29 50 33 55 39 39 69 66 81 81 83 54 65 10 41 27 98 95 38 54 93 83 83 49 51 81 2 8 19 5 42 8 78 48 35 56 35 19 25 87 66 95 25 24 61 91 72 92 39 90 14 34 57 11 84 92 56 62 28 40 11 98 96 5 7 11 16 29 14 2 16 24 8 57 55 82 89 54 88 37 59 92 40 51 82 61 1 38 10 75 6 75
3 92 70 40 17 8 73 4 80 59 88 71 64 59 69 97 92 76 60 13 69 89 15 83 42 52 22 92 97 13 70 16 37 88 66 46 59 62 48 85 96 89 93 66 66 99 73 30 86 94 67 28 33 90 96 70 63 75 47 67 9 69 10 29 28 7 64 8 28 57 71 43 94 39 16 39 100 65 42 37 87 87 71 93 98 48 72 83 91 9 24 88 35 32 36 38 6 47 47 20 77 89 81 84 30 84 73 47 80 26 80 86 35 80 45 90 85 86 82 5 5 85 77 40 1 64 95 27 72 79 96 98 67 7 98 35 27 42 10 80 17 40 89 56 14 10 21 33 48 49 83 71 99 23 63 19 95 57 86 40 75 9 41 20 9 36 62 41 19 18 39 47 6 68 27 24 37 23 30 4 55 82 100 87 96 76 28 66 14 58 18 72 20 20 64 78 46 2 86 31 22 38 22 2 44 7 71 17 38 86 72 49 14 13 80 69 22 80 46 0 37 89 4 13 71 2 17 25 2 43 19 18 59 65 65 22 7 59 61 24 34 57 16 12 22 28 84 85 26 93 29 94 13 63 60 40 19 58 94 2 25 39 31 57 21 51 3 63 85 98 78 62 45 75 13 75 7 55 36 35 14 79 90 14 75 23 22 3 25 62 32 50 93 16 19 82 33 77 27 51 2 65 29 77 49 41 55 79 76 19 20 82 5 88 71 90 7 67 66 71 30 15 33 49 23 89 27 42 30 69 56 69 30 87 94 27 5 44 93 85 41 39 91 38 7 95 94 80 27 52 25 2 100 35 80 7 90 55 3 23 51 82 64 7 62 67 87 4 65 22 21 95 89 39 100 23 65 80 26 10 41 13 96 95 76 28 76 47 36 24 30 77 19 71 4 84 44 8 13 62
96 74 18 58 50 52 50 98 75 9 11 66 49 87 48 90 67 80 96 72 89 31 7 30 93 34 6 83 63 25 43 3 80 71 50 13 37 84 28 99 25 87 8 44 39 83 95 78 17 82 88 14 61 67 99 60 97 3 0 93 25 27 63 80 80 90 68 23 97 43 2 1 55 40 13 43 9 6 56 67 92 34 16 70 73 56 50 60 26 98 27 90 13 56 16 25 38 26 74 90 75 88 69 66 54 39 71 93 85 26 86 38 23 36 50 15 82 80 91 34 67 23 15 80 87 61 0 48 37 45 4 85 26 18 16 61 36 88 93 28 31 47 93 58 81 69 15 80 98 88 93 46 20 45 46 6 19 77 34 72 79 42 38 38 58 64 49 38 75 63 100 65 40 83 32 25 34 57 40 78 98 86 22 82 80 92 77 16 71 60 98 90 17 97 14 94 39 52 27 37 96 11 11 15 62 74 40 11 29 41 45 13 64 26 78 5 35 14 35 11 87 4 99 53 89 70 87 82 92 89 18 17 11 32 72 59 48 34 33 20 67 3 63 43 44 66 38 91 9 48 57 62 98 100 20 20 14 96 20 95 91 25 42 75 54 91 12 19 40 39 45 82 95 71 22 23 13 64 38 72 34 59 95 22 42 93 65 42 95 99 42 99 58 97 92 77 97 3 95 0 25 38 10 94 23 0 70 58 31 90 48 2 23 82 38 92 12 71 58 3 98 80 99 19 31 83 54 96 81 45 80 78 98 39 17 69 8 27 9 14 65 38 99 40 60 77 69 78 94 93 2 12 36 90 75 51 87 20 34 53 6 77 61 71 67 35 60 35 43 36 6 75 48 9 77 24 92 3 88 75 46 46 40 48 6 26 45 91 60 34 27 8 30 41 16 35 23 37 41 94
4 5 5 42 59 10 55 22 20 18 66 47 70 98 62 98 70 37 94 84 53 50 46 93 79 56 77 9 79 61 79 55 77 85 35 61 61 82 84 52 60 43 2 22 85 24 6 17 12 19 38 60 89 72 75 2 85 15 41 48 67 33 48 67 28 8 38 97 0 35 16 20 13 92 98 3 37 89 60 1 6 89 99 53 95 57 35 70 15 45 81 47 87 15 32 59 82 37 80 88 72 7 77 10 5 66 91 23 2 83 43 99 47 55 98 58 34 68 22 96 98 33 85 8 18 16 97 42 24 72 94 84 91 33 48 1 91 62 59 56 99 41 9 66 38 82 22 53 91 16 90 68 30 62 50 23 52 29 48 56 30 25 100 79 64 26 64 5 1 0 38 52 30 44 64 47 74 59 18 90 32 47 79 17 4 73 83 70 91 14 56 23 67 25 20 98 94 90 77 98 73 38 60 63 28 30 46 91 73 60 48 80 99 2 72 15 82 34 31 34 3 61 85 4 3 28 89 88 3 34 15 39 21 58 81 53 51 91 89 43 85 22 29 66 15 14 67 32 19 14 2 88 5 35 38 50 86 99 99 23 81 85 72 62 60 71 29 100 23 73 31 48 74 87 14 9 55 70 41 43 56 5 26 5 96 63 99 5 90 94 68 4 39 48 32 8 38 43 16 92 87 97 96 71 51 30 26 71 65 96 78 88 38 42 20 23 74 1 30 60 93 24 51 36 12 22 12 41 34 11 3 32 50 1 60 21 41 58 55 96 5 83 22 26 87 85 66 52 85 95 31 65 26 63 82 4 31 40 45 51 92 93 66 56 92 78 53 29 12 82 6 81 6 5 84 98 84 22 1 83 85 33 68 84 100 90 4 81 20 73 50 47 23 10 21 90 83 19 7 80
16 46 78 40 65 38 55 24 45 94 46 78 61 87 9 46 62 38 73 75 75 71 21 41 98 67 77 19 77 29 74 35 81 64 44 62 41 50 33 3 53 22 52 7 5 59 75 83 53 57 88 91 27 39 75 27 41 12 100 87 60 51 62 33 51 8 100 61 63 39 49 45 13 31 47 83 50 93 12 13 12 12 36 43 3 51 27 96 1 47 96 37 90 23 32 24 52 80 29 34 37 0 100 3 48 24 47 50 71 49 75 38 23 21 76 3 63 65 49 62 13 98 16 93 7 36 92 1 69 59 65 79 73 54 100 31 51 52 8 56 57 76 87 44 16 73 100 78 21 41 36 44 81 90 100 93 88 35 27 93 66 3 30 74 57 89 3 83 30 46 51 64 26 88 19 23 26 69 16 9 39 82 86 95 50 30 21 67 22 81 88 30 28 10 53 56 71 48 56 93 15 84 19 47 28 46 64 97 95 18 20 85 88 9 30 67 77 70 63 56 83 50 6 68 46 23 34 15 95 56 26 19 83 60 51 47 60 85 69 78 49 73 6 83 33 52 86 43 98 80 60 62 66 52 100 11 13 10 30 26 7 95 78 51 21 27 8 95 42 11 74 20 60 15 77 6 72 37 40 5 16 60 72 88 70 83 13 66 93 25 34 18 87 81 40 83 8 64 58 29 70 49 45 12 59 54 88 2 31 78 10 16 38 32 22 13 26 3 78 86 82 28 17 5 56 13 51 12 35 76 36 75 55 15 81 75 4 35 28 3 20 32 78 25 87 40 6 42 59 62 42 21 7 17 80 37 80 48 5 34 8 50 0 25 85 22 1 100 0 43 12 6 11 74 2 76 25 54 13 83 72 56 57 84 44 52 91 85 95 58 76 17 39 73 26 11 72 56 13 97
52 78 96 55 46 4 82 52 68 5 59 12 43 28 14 63 12 29 4 75 45 87 31 4 41 77 44 36 7 65 91 58 69 67 8 82 28 23 98 9 45 32 16 65 76 82 92 21 3 32 87 31 76 74 52 83 18 13 42 6 8 100 97 47 75 28 0 49 37 39 42 18 22 37 33 36 46 98 51 88 17 62 99 18 53 69 33 0 74 3 65 4 65 41 40 87 37 86 100 45 44 18 13 100 79 35 50 41 60 22 78 64 58 53 85 97 56 75 45 41 95 80 55 28 61 75 20 81 13 86 87 6 59 68 84 51 59 37 29 43 30 84 32 67 56 98 40 66 91 18 54 56 49 12 51 65 66 3 40 64 22 98 58 77 46 66 32 94 36 85 62 93 45 5 6 32 72 68 36 70 7 29 91 79 100 38 17 14 92 51 35 34 47 24 95 24 99 17 68 90 42 42 36 24 70 8 4 87 75 72 79 32 45 19 43 56 73 54 41 45 55 14 57 31 7 65 30 43 24 18 77 23 30 43 90 36 63 91 54 73 16 86 73 44 2 68 93 68 37 92 85 41 86 51 41 27 34 17 71 21 38 65 23 38 89 88 97 8 90 81 95 66 25 98 17 49 2 76 25 80 63 25 81 91 82 90 1 59 58 11 10 63 58 68 79 20 44 92 48 17 46 96 5 85 33 18 37 73 53 50 83 75 17 92 55 94 64 19 4 7 35 77 1 19 79 92 56 100 23 27 12 53 18 80 53 1 27 66 69 90 100 95 11 62 78 11 98 68 21 73 45 93 92 10 19 75 77 39 62 18 21 18 86 80 42 26 93 22 52 23 19 34 44 33 70 85 44 74 77 41 100 33 45 41 100 3 57 98 36 76 87 88 45 41 39 76 38 85 22 4
67 39 34 98 71 12 46 20 84 49 82 6 99 24 61 94 16 61 88 51 70 87 32 53 42 80 91 27 67 73 93 94 5 55 40 42 11 4 57 29 36 56 3 85 73 64 41 93 22 67 89 48 65 37 35 44 33 44 26 51 43 79 36 83 59 64 10 83 84 80 76 66 67 6 94 2 33 3 69 28 16 87 33 68 37 22 58 6 53 53 36 16 3 76 57 45 6 14 28 36 19 75 89 23 1 16 8 76 85 40 91 40 23 33 20 81 46 29 76 36 55 22 71 78 58 19 0 13 20 15 51 75 12 97 49 90 78 33 50 73 79 71 18 98 76 15 36 57 81 63 85 68 3 79 56 86 71 25 46 64 66 68 37 9 8 47 20 25 11 26 91 74 74 87 22 46 9 0 48 68 22 18 17 6 16 15 29 36 19 96 53 94 67 40 71 35 41 98 46 41 41 20 83 36 43 51 3 15 26 13 89 80 47 64 81 26 69 14 27 18 4 90 0 34 38 0 43 50 64 2 54 51 64 66 63 68 63 31 54 60 48 33 82 31 17 13 89 80 17 72 86 70 30 45 76 63 81 75 48 9 50 27 85 85 12 8 98 9 15 90 82 25 1 63 0 7 10 67 77 8 9 41 87 59 10 55 30 12 48 48 37 100 60 49 28 50 21 12 19 32 29 43 9 25 71 22 40 95 35 29 83 42 10 24 60 28 72 55 77 83 45 8 33 1 60 59 90 44 30 9 51 80 37 16 96 58 91 85 57 60 22 14 85 97 48 68 40 9 11 90 30 50 22 95 39 83 68 37 93 80 89 55 78 97 80 95 96 37 65 87 39 44 14 3 75 93 62 96 81 35 88 84 87 74 1 71 41 14 61 74 2 83 66 16 71 18 73 72 74 9
53 22 11 21 64 16 75 76 26 48 94 46 45 41 24 85 50 68 50 73 48 68 74 61 64 8 90 28 62 70 90 68 68 40 98 32 78 56 91 43 49 79 70 81 90 32 41 46 21 80 1 53 33 63 76 8 39 17 51 68 16 72 14 1 2 89 5 77 27 29 29 31 25 77 86 35 64 78 29 64 2 88 20 48 60 66 77 78 23 55 33 15 59 95 15 67 44 82 10 74 32 14 6 20 53 69 17 97 5 86 3 82 74 77 14 22 79 81 96 36 29 55 22 73 84 90 64 66 34 61 58 100 12 69 55 66 20 61 54 7 98 29 11 39 34 88 44 50 56 3 72 63 11 47 61 65 96 34 67 89 76 63 34 16 22 5 75 19 35 7 2 66 56 82 70 93 80 34 19 16 68 14 4 61 22 16 28 42 60 93 88 33 89 95 79 16 84 68 78 11 70 73 97 1 43 31 20 39 75 2 61 94 98 97 87 28 63 18 20 4 61 81 44 68 51 10 66 90 78 41 30 48 76 78 64 85 70 100 39 22 79 47 88 33 58 49 32 77 18 54 81 62 81 54 39 12 64 35 43 78 87 83 10 1 2 48 79 60 65 81 62 81 88 87 30 85 78 59 16 5 38 33 9 66 26 50 50 18 44 50 81 34 19 24 81 38 10 33 43 42 7 88 89 95 47 7 5 45 47 44 47 4 60 78 28 49 87 25 95 78 25 40 87 30 24 56 36 96 90 10 45 79 86 37 58 84 40 12 11 22 46 99 26 45 76 29 0 23 76 21 47 4 87 14 39 95 55 20 38 21 3 19 45 23 96 85 35 85 23 22 100 79 36 59 52 33 43 56 76 50 30 79 10 26 44 15 73 77 45 36 81 21 51 63 42 92 59 97 1 66
93 40 26 40 44 18 65 1 71 92 40 66 66 73 90 85 63 69 50 48 78 61 93 53 45 76 96 31 54 13 91 61 85 42 83 86 72 93 4 62 28 70 18 34 9 41 83 37 6 60 77 96 94 13 88 92 29 79 45 65 66 39 39 65 5 87 80 0 78 82 81 73 73 24 34 34 22 94 80 43 46 67 83 97 52 75 59 39 60 98 89 16 64 40 78 40 26 47 75 89 94 12 90 50 47 64 23 97 40 98 0 88 77 62 48 32 36 6 80 26 87 60 24 54 89 32 95 86 51 5 62 49 37 69 83 87 51 21 4 50 40 66 98 98 4 48 28 9 91 100 3 12 76 50 38 93 70 94 100 40 12 45 89 97 52 87 99 52 27 26 64 49 58 66 6 89 75 7 36 21 11 87 93 17 76 37 12 34 42 51 7 100 84 71 31 41 90 38 55 8 82 39 63 63 59 17 56 38 73 84 24 65 32 8 34 15 7 82 65 98 53 95 14 16 20 20 44 59 92 86 91 9 97 79 29 46 16 54 27 19 18 42 68 90 46 61 62 83 44 22 46 26 74 85 3 71 73 0 78 22 10 55 13 10 94 96 62 83 82 76 0 82 73 18 67 20 92 95 52 4 86 30 67 29 29 28 50 89 36 49 31 28 77 9 36 4 67 33 5 88 63 1 92 4 7 3 9 34 13 8 21 68 49 65 100 6 21 47 63 5 4 76 0 70 17 12 80 60 64 22 21 75 98 73 80 8 10 96 10 61 74 99 39 40 66 80 88 13 74 3 64 37 58 69 59 55 70 8 41 10 76 16 92 83 26 1 36 69 35 47 70 54 29 76 95 70 77 58 50 69 16 26 70 53 58 44 59 35 10 87 13 67 2 35 2 40 53 58 22 32
64 32 67 72 67 77 50 44 73 76 3 85 37 81 14 49 21 84 76 92 25 61 56 66 12 37 54 27 23 74 20 57 45 53 87 62 66 26 22 30 23 75 1 25 44 82 43 10 34 76 1 22 6 34 78 41 57 57 82 10 4 81 15 26 42 31 98 3 70 29 5 64 73 53 88 100 32 83 59 39 69 38 12 18 48 14 90 90 47 69 30 94 20 26 50 34 62 82 66 9 66 38 86 66 62 47 62 25 33 93 42 4 47 39 66 24 87 93 5 30 70 90 67 19 20 8 87 19 26 95 53 20 41 22 78 0 19 59 27 72 85 99 69 49 26 37 17 86 90 52 14 49 3 25 27 29 22 97 42 67 84 53 64 62 78 33 68 72 53 45 70 67 12 84 31 87 24 48 0 43 57 84 81 15 77 96 32 66 21 99 61 54 57 57 91 56 82 36 46 39 98 94 38 10 0 65 18 44 4 88 16 13 64 20 40 19 54 30 41 28 49 95 43 27 23 90 49 24 16 98 44 13 66 34 72 78 38 44 3 94 86 13 60 57 2 70 72 46 33 38 12 57 72 2 40 31 100 84 92 18 4 53 40 81 30 10 68 17 31 47 20 80 96 72 69 87 58 68 30 35 5 30 38 54 18 2 56 5 62 25 1 25 2 68 93 50 85 98 44 75 50 4 76 29 70 19 82 78 33 28 6 29 82 35 2 36 33 75 61 50 70 31 95 10 22 56 0 17 53 81 45 99 57 39 19 70 33 41 28 86 57 29 49 30 41 39 8 17 42 37 70 72 30 55 18 25 86 77 56 20 5 52 68 82 67 4 54 80 39 24 82 29 56 27 50 48 39 51 5 61 33 32 25 99 94 74 12 42 61 70 1 99 50 21 94 89 51 13 30 50
49 99 43 97 13 79 87 84 60 91 29 69 65 76 28 61 24 63 30 44 81 52 71 8 51 77 47 79 49 17 29 25 49 94 81 93 21 70 97 81 87 8 98 90 95 78 81 87 12 99 60 98 16 84 67 75 32 86 32 48 62 28 73 15 17 80 82 52 60 30 56 96 63 37 64 96 12 84 79 13 90 77 35 72 43 26 30 93 6 46 80 99 26 23 41 2 59 31 71 80 72 56 67 37 2 98 62 0 4 44 91 26 53 89 41 94 17 55 13 32 94 63 29 64 82 53 16 64 62 59 85 89 96 13 79 27 21 26 51 16 98 41 26 30 39 10 16 22 90 95 94 6 6 35 19 52 7 2 59 68 22 85 52 91 37 54 1 44 10 95 28 41 17 77 30 26 100 14 2 28 0 82 51 42 84 52 85 14 42 66 6 46 90 41 88 66 94 64 5 41 89 86 16 68 52 24 23 0 1 37 99 31 80 75 66 53 72 59 89 50 51 57 12 50 81 36 79 23 2 66 47 34 56 32 40 7 55 74 29 20 22 96 13 15 4 76 21 93 91 57 13 73 99 66 6 63 3 90 95 47 30 31 56 32 87 28 7 89 80 20 69 27 13 59 19 70 91 51 86 23 68 15 73 71 5 58 36 72 59 97 38 46 42 91 78 93 92 31 43 59 32 10 24 33 60 6 8 65 45 59 14 95 13 68 7 4 45 28 37 99 67 94 32 23 31 79 20 38 65 99 60 81 57 96 14 53 24 12 11 18 45 69 44 12 42 48 8 32 28 2 70 88 81 41 15 15 8 36 2 9 14 6 20 62 8 9 80 9 56 25 56 65 79 37 80 58 14 84 41 19 16 35 65 70 79 82 2 90 2 35 20 79 58 16 12 1 23 7 49 24
89 25 11 21 17 91 79 30 36 16 57 95 77 100 83 75 51 2 75 86 57 31 35 42 22 57 69 55 8 56 4 4 44 27 3 10 79 77 100 70 87 34 60 13 91 18 23 37 38 69 93 80 42 1 76 86 100 63 44 84 51 84 82 20 24 23 38 85 33 34 60 81 19 29 92 75 1 46 93 38 67 99 41 61 38 46 97 74 18 34 69 49 48 87 20 85 43 46 63 29 43 60 71 44 74 2 30 47 6 8 97 75 7 42 69 85 34 15 29 35 21 21 40 53 24 43 54 26 8 12 55 78 17 47 59 67 58 84 95 72 70 42 87 56 62 6 22 26 59 86 99 93 1 6 73 86 35 43 9 100 40 90 43 13 3 13 47 98 35 11 17 61 30 63 28 13 21 75 58 35 28 73 100 71 65 98 83 0 34 22 55 21 77 94 54 85 61 49 27 25 54 75 76 61 61 83 33 13 53 25 44 32 2 29 5 63 48 87 61 97 52 9 69 31 29 75 35 84 89 40 5 67 73 24 85 49 11 87 13 61 70 22 48 75 21 70 26 40 31 99 7 39 34 94 51 91 4 33 85 64 55 80 73 1 78 47 12 57 7 96 22 7 27 78 75 89 67 98 39 69 21 38 77 58 87 87 67 6 8 41 23 56 21 45 56 1 63 67 86 29 74 30 21 17 8 16 88 67 25 52 0 96 1 16 59 54 19 11 25 16 59 20 31 1 98 16 39 22 45 100 10 40 51 24 70 90 92 88 51 20 12 10 65 98 57 2 58 35 3 67 21 16 48 84 0 63 14 0 97 42 89 41 55 58 32 12 84 65 40 99 75 46 28 24 96 15 17 86 97 81 47 84 75 98 74 20 13 8 52 62 53 47 38 28 0 4 44 23 84 28
43 61 34 65 74 49 15 41 71 26 85 83 59 59 63 53 84 7 4 15 21 69 35 68 72 37 71 35 97 36 34 18 67 50 87 3 13 74 75 37 5 67 9 82 23 88 2 34 66 62 62 31 87 10 63 41 26 79 37 79 61 67 51 30 55 7 89 66 42 0 82 30 67 28 32 62 91 65 80 68 27 3 94 100 56 65 73 55 43 86 75 36 11 76 72 91 90 24 38 100 93 19 24 42 52 71 32 97 51 56 85 21 35 21 82 5 30 92 50 73 34 2 21 35 1 7 84 68 55 11 1 76 71 57 34 59 3 58 89 94 100 33 26 49 88 36 85 43 85 74 65 0 94 18 21 26 42 12 42 10 1 14 95 47 61 77 89 34 99 0 33 19 75 9 62 59 4 89 52 19 39 32 41 19 63 96 36 42 21 24 66 26 0 86 7 8 33 1 75 0 76 85 37 68 91 14 7 53 4 84 74 53 88 53 72 16 88 77 12 43 60 99 87 20 87 42 30 37 96 22 58 3 12 99 32 64 29 99 7 41 13 32 46 35 52 71 0 98 59 68 42 80 72 37 14 52 51 98 10 9 1 59 36 24 59 43 59 61 30 96 71 100 5 85 57 37 48 9 8 77 32 80 45 7 17 16 38 73 19 81 61 22 89 35 13 17 72 68 68 95 20 50 52 15 33 89 57 9 52 90 18 10 47 76 60 47 87 48 61 8 16 67 29 72 92 10 65 48 20 69 52 0 94 24 83 64 19 11 92 3 24 63 94 93 59 9 91 66 65 9 92 69 12 33 70 26 7 58 86 14 21 9 9 33 53 50 48 52 20 29 0 28 21 44 31 7 52 8 54 8 22 15 25 1 66 17 17 37 39 76 96 14 76 92 1 63 58 46 82 64
13 94 21 8 98 70 1 84 75 73 0 54 65 92 67 2 55 55 83 66 55 62 25 73 40 28 45 93 13 78 25 3 88 33 48 100 56 78 82 82 25 79 0 89 24 11 39 38 37 67 56 47 32 72 49 53 21 12 94 7 13 17 19 89 86 32 47 86 27 97 55 99 37 90 76 35 97 66 46 89 42 83 60 54 63 16 32 6 90 26 36 51 41 55 79 79 23 93 48 73 31 38 44 52 94 46 24 99 46 49 90 76 41 80 23 29 66 11 8 44 3 5 57 52 56 98 68 45 78 29 48 97 10 2 29 25 75 28 88 80 76 22 92 90 35 25 32 94 76 27 96 12 7 35 18 57 91 40 67 86 96 1 97 73 18 61 47 7 37 27 12 87 86 79 81 79 78 81 59 34 26 64 54 23 20 12 27 85 48 72 84 51 2 88 12 67 28 25 78 1 31 46 80 94 99 89 99 7 58 16 99 69 31 89 92 86 8 51 1 36 72 52 33 49 21 30 89 4 50 30 85 72 85 94 20 63 51 5 94 99 46 53 71 98 53 89 72 44 83 5 81 41 88 86 3 55 74 21 2 41 69 61 35 7 63 84 86 100 0 88 42 14 8 15 27 75 62 93 25 32 89 96 72 22 77 99 70 99 54 59 42 95 100 19 68 40 42 76 77 63 97 76 72 11 98 23 64 62 7 68 68 19 16 44 35 26 46 14 35 14 15 10 94 45 65 26 76 16 0 72 2 98 52 14 39 81 13 28 52 80 96 11 54 24 99 45 61 17 11 93 68 9 23 73 28 66 32 91 52 34 86 3 17 44 41 24 93 17 57 99 53 97 100 99 13 79 72 86 100 89 83 0 37 81 81 20 2 75 46 7 40 90 62 64 58 21 8 38 1 58
9 65 25 34 69 19 56 19 42 84 59 80 48 93 83 63 57 49 53 45 28 22 57 72 13 31 48 81 11 61 10 79 23 13 47 49 49 48 62 32 83 100 1 8 100 97 15 22 45 27 53 91 66 15 95 52 42 45 98 30 55 55 100 34 43 93 98 50 14 10 18 65 70 100 3 85 96 12 76 99 74 64 88 79 61 63 80 9 79 52 8 22 11 80 73 59 97 36 22 50 37 19 35 3 10 29 71 20 77 1 74 77 53 16 45 32 39 77 34 76 50 28 11 44 87 28 67 16 41 13 81 85 44 80 67 48 52 100 96 75 68 39 7 41 26 24 84 64 80 98 0 51 36 47 24 0 76 84 85 38 22 36 13 5 73 47 29 79 41 83 55 53 47 8 80 73 21 35 59 25 23 9 100 6 3 26 6 78 32 52 29 87 79 97 47 19 64 99 10 40 15 100 76 52 52 18 62 99 40 87 81 68 27 95 71 67 96 83 57 20 10 81 52 97 7 71 100 77 24 5 22 86 59 1 77 26 83 87 34 82 82 53 62 100 7 10 75 45 78 62 79 67 87 43 13 23 77 78 73 57 56 38 85 7 45 23 94 83 56 87 99 43 27 94 67 70 12 75 61 95 7 72 52 85 80 97 37 70 7 32 86 11 49 12 68 53 67 59 0 38 73 70 76 64 83 78 35 88 9 61 6 27 76 17 26 16 39 11 91 35 50 87 61 5 17 82 41 86 9 15 20 89 71 7 61 26 9 0 35 56 51 25 97 32 13 27 79 38 50 1 69 26 81 62 7 31 0 57 99 70 92 3 53 96 31 17 18 71 71 28 67 17 26 0 11 65 41 20 14 35 86 44 42 83 65 96 26 87 100 39 37 51 53 74 64 89 20 52 33 82
0 43 35 27 56 43 24 48 91 71 51 16 11 1 97 55 41 46 46 10 13 98 95 81 11 84 4 75 42 14 50 57 6 92 94 45 0 18 34 30 78 78 30 60 43 96 80 77 37 51 21 81 18 65 52 84 24 53 19 41 53 33 38 90 3 80 20 1 61 31 27 53 57 38 25 59 24 93 3 97 27 5 99 13 47 81 35 47 51 47 88 60 18 38 72 70 29 77 77 90 20 5 58 62 25 82 5 1 12 58 2 6 3 95 37 98 71 48 33 40 77 39 12 82 24 74 44 52 0 70 18 7 29 17 58 13 36 82 38 43 8 84 20 63 56 46 64 3 39 42 13 78 83 41 19 92 86 34 97 64 5 11 78 24 48 28 85 57 36 72 96 51 78 53 82 14 17 2 28 67 2 70 76 50 51 70 35 2 98 37 74 54 49 19 90 34 8 56 42 61 94 82 43 81 42 67 81 94 82 95 6 26 72 0 79 30 78 91 83 42 24 7 14 74 20 85 68 3 19 48 20 29 44 64 97 92 53 70 90 63 9 90 74 63 51 72 39 40 64 49 7 23 16 21 100 68 83 38 26 58 91 60 30 50 83 10 100 17 33 10 90 22 48 64 86 48 7 100 91 46 36 99 65 79 58 50 41 39 40 42 8 10 72 90 90 6 71 81 28 55 61 98 69 35 54 78 51 80 2 46 21 68 27 29 63 1 32 16 49 79 12 40 17 67 5 32 15 64 5 8 74 91 88 68 80 67 72 31 36 80 87 42 55 97 47 78 24 93 75 16 88 86 29 65 49 24 7 58 97 51 82 45 91 76 21 73 81 12 70 85 14 21 31 100 61 5 80 29 32 58 72 73 58 78 6 33 29 13 73 19 44 48 87 80 9 0 92 1 16 22
5 92 90 78 9 95 69 68 69 21 11 71 3 93 38 47 51 12 56 39 55 28 41 59 24 39 52 5 26 14 40 29 62 24 11 65 76 73 36 47 100 48 7 66 52 22 52 99 20 25 14 80 33 60 94 60 6 61 59 64 85 69 52 36 13 29 72 45 99 23 28 73 39 12 51 40 32 53 95 68 53 48 83 51 92 93 76 100 64 82 19 75 75 57 67 83 17 15 85 40 44 66 80 29 4 29 70 42 64 11 18 74 74 94 0 14 92 95 26 46 47 22 93 98 14 22 40 36 100 100 49 1 59 24 70 77 84 83 82 3 56 81 28 33 26 59 6 36 92 47 68 12 77 0 91 30 74 28 3 91 58 42 93 73 81 25 41 30 68 50 54 63 86 2 93 21 3 26 36 4 43 18 29 31 59 7 31 18 54 10 48 90 76 54 71 49 22 49 19 99 70 39 61 62 73 71 44 73 20 83 78 29 18 90 89 4 7 50 56 67 85 65 34 13 80 4 66 32 71 70 31 28 71 7 62 91 3 73 71 45 24 51 91 76 31 74 29 58 11 61 76 44 56 88 29 48 44 77 52 22 90 26 8 20 22 55 60 0 30 15 79 86 28 78 90 0 7 32 8 73 40 50 26 77 99 55 27 20 59 39 63 58 7 56 74 31 44 28 76 1 58 61 22 49 50 18 100 55 32 43 17 69 14 93 76 74 97 20 92 42 92 87 77 0 86 15 78 31 21 91 7 33 78 5 45 36 51 64 25 36 31 24 59 38 56 70 84 75 6 83 36 20 74 39 34 52 84 15 52 76 43 51 78 3 28 47 60 92 32 83 31 55 40 81 51 56 82 3 75 14 16 65 67 91 73 69 50 55 14 100 94 28 93 53 24 37 19 31 82 82
94 90 64 11 54 56 32 53 10 90 0 49 59 56 21 75 68 1 74 85 35 20 21 57 48 22 16 94 17 59 79 0 74 24 87 57 18 68 17 99 9 21 83 86 98 48 86 87 0 51 29 33 88 9 18 88 0 79 70 86 76 12 83 67 63 41 67 10 49 68 68 30 41 48 20 97 35 2 54 64 11 23 100 97 61 81 68 17 44 15 1 31 28 99 57 18 4 77 85 52 17 78 67 57 22 59 96 2 58 31 94 23 12 73 45 42 56 44 59 27 84 56 42 79 87 64 10 90 47 80 58 8 47 44 94 25 58 21 30 54 13 3 80 99 8 84 10 77 60 75 81 68 58 13 73 85 25 3 42 83 81 23 75 44 26 1 53 61 7 83 95 61 14 49 40 82 84 9 7 13 14 34 67 92 11 57 48 68 67 74 30 44 54 83 66 88 0 60 25 97 100 25 36 64 55 49 98 21 23 95 63 36 66 65 90 83 64 18 97 63 10 39 75 100 73 95 23 61 41 13 87 40 95 1 10 93 9 95 92 57 24 80 76 71 75 67 20 34 94 31 73 77 71 87 49 83 42 98 8 95 37 52 44 79 0 83 2 29 59 96 93 47 99 19 77 50 11 7 21 0 9 1 23 3 44 68 22 26 62 59 10 82 35 77 10 45 68 90 71 6 64 13 68 88 8 56 3 8 0 71 74 77 36 67 73 13 28 26 50 64 40 26 86 91 99 13 68 45 7 13 6 44 85 33 34 71 71 51 70 10 54 34 34 28 73 65 46 47 12 31 88 49 100 76 24 13 8 3 89 31 11 37 6 46 50 84 97 22 10 6 32 97 3 94 86 24 22 27 46 89 65 10 91 41 81 41 59 3 91 15 33 13 16 62 11 22 40 60 7 94
26 82 81 27 62 40 66 57 73 91 9 74 71 6 93 43 30 63 76 97 9 7 86 8 18 49 67 6 86 70 11 35 52 58 39 77 45 21 40 51 79 41 71 55 10 40 5 18 71 76 34 98 42 1 76 39 4 95 97 81 15 72 35 49 38 95 52 91 92 98 73 67 75 63 27 69 48 7 85 20 81 0 17 34 35 59 26 36 55 20 100 5 93 76 80 72 8 44 13 86 30 37 40 40 63 35 95 85 62 97 86 69 43 74 3 87 30 92 57 22 7 15 47 78 15 89 2 68 96 68 42 60 40 44 32 5 9 12 10 2 39 85 35 51 16 77 3 97 29 45 81 78 66 39 27 33 19 14 70 6 32 44 97 70 62 76 28 9 62 19 5 36 63 27 10 96 6 50 54 8 84 9 91 59 72 44 56 35 36 21 0 6 66 34 1 8 81 2 28 42 50 38 86 72 91 30 76 30 17 2 56 0 44 81 93 22 17 43 58 84 22 51 7 68 69 94 8 53 76 41 32 83 11 98 74 37 96 8 7 19 18 28 80 75 79 86 92 45 49 93 1 69 50 86 32 46 86 83 84 81 4 2 50 97 31 51 8 0 13 59 50 97 75 70 47 73 2 55 52 98 72 15 85 86 62 38 11 18 52 32 68 65 19 32 83 46 70 55 8 13 69 97 69 20 99 83 61 17 14 14 65 22 79 2 69 69 30 100 65 20 44 28 38 61 23 76 29 13 97 77 33 87 61 19 54 81 17 35 7 13 88 67 93 47 46 76 100 16 63 96 19 51 49 19 64 24 74 90 59 93 91 1 66 46 19 51 53 29 87 35 52 18 59 84 73 62 55 54 33 97 74 7 96 9 89 23 34 42 6 31 5 99 47 71 5 32 65 32 73 73
41 5 18 83 80 34 86 45 86 94 18 2 1 66 62 11 88 82 9 16 99 0 74 90 93 97 84 78 57 29 7 22 45 17 99 75 70 11 98 69 17 78 6 84 50 56 49 7 24 27 100 41 50 73 84 89 69 47 87 82 5 6 28 58 64 77 19 17 60 82 10 5 55 21 12 11 79 64 26 84 50 47 38 89 42 53 89 69 27 42 28 99 90 80 31 35 61 32 4 47 2 44 39 30 71 46 62 23 40 51 7 81 74 20 72 11 64 35 52 34 4 6 47 27 33 16 41 69 24 52 68 63 15 6 71 50 8 25 64 93 15 12 9 39 46 25 81 36 92 43 75 18 84 57 8 16 65 0 39 24 26 22 91 16 97 20 75 30 0 19 85 20 90 21 31 21 43 43 48 40 31 36 79 95 88 3 8 32 74 50 6 94 25 43 46 1 2 99 44 12 0 82 89 93 41 58 50 47 2 91 18 45 14 55 8 87 81 81 32 36 55 46 12 97 59 40 28 100 73 5 88 28 46 2 77 51 86 60 60 64 63 48 54 97 68 8 57 43 66 22 88 86 99 74 72 86 44 46 48 92 19 40 3 76 0 49 12 25 74 29 41 4 75 41 36 81 90 82 32 54 46 98 83 47 61 99 33 31 31 18 53 60 72 15 8 61 63 59 92 48 85 9 20 61 48 53 100 4 13 91 81 78 18 92 96 42 15 96 16 95 99 83 56 9 54 86 8 60 91 45 17 10 79 22 72 97 76 78 22 16 15 66 15 3 6 100 37 50 5 67 51 86 6 0 24 42 75 56 57 10 64 45 58 45 61 83 25 65 41 85 90 88 85 1 84 0 66 0 36 8 28 100 61 53 32 56 89 9 75 100 27 67 60 8 57 38 4 36 20 31
48 49 43 18 80 94 3 84 97 81 55 15 97 2 28 89 89 47 66 43 100 6 83 79 25 47 80 0 32 52 13 79 58 100 70 35 72 51 68 39 31 87 12 17 43 26 53 3 76 72 62 63 10 28 1 95 92 45 29 13 63 97 36 30 95 31 32 48 37 99 55 3 79 89 60 83 98 85 95 76 6 75 70 9 35 18 76 67 76 32 58 94 46 49 28 54 18 3 13 84 87 29 8 11 94 34 59 61 44 49 22 54 35 51 68 69 9 41 67 3 8 11 13 48 93 1 54 33 41 92 12 85 61 79 61 83 45 36 3 50 65 85 84 28 75 48 94 64 62 51 87 23 78 88 7 52 61 37 95 9 40 41 95 20 35 77 96 23 6 100 91 65 43 81 86 8 10 22 36 54 31 24 86 16 46 43 81 83 24 50 77 21 85 5 51 29 95 75 89 43 21 46 77 30 26 88 71 30 75 86 9 63 73 38 64 78 0 23 50 1 65 13 61 22 34 9 2 76 45 35 58 5 31 3 44 41 85 98 14 82 12 8 11 83 58 62 96 57 9 82 81 12 56 50 97 45 78 68 49 33 92 63 25 83 68 82 44 74 28 63 0 29 65 26 74 98 58 27 98 68 53 28 72 0 11 43 46 97 49 69 43 52 64 20 2 72 19 33 51 66 75 87 11 1 23 73 18 48 2 100 4 93 94 37 13 61 32 43 72 40 96 76 51 7 63 22 7 14 13 17 54 37 22 77 4 27 100 78 29 13 27 85 65 5 64 40 83 8 92 92 24 95 100 88 80 24 2 80 80 68 40 56 66 6 62 40 70 77 68 3 66 6 79 78 13 76 11 96 37 87 97 84 43 7 16 100 37 59 18 43 38 6 29 61 64 0 93 36 82 87
64 66 44 65 84 100 69 72 9 0 53 77 22 89 15 23 91 8 81 58 91 52 60 69 47 13 54 16 1 76 16 20 42 41 99 0 31 1 92 76 20 36 97 79 20 71 97 26 21 27 43 20 95 21 80 27 35 93 66 9 85 27 9 81 90 90 16 44 52 82 14 20 85 43 34 28 0 59 99 100 3 73 13 27 86 47 45 63 42 72 78 94 0 24 16 37 65 52 59 63 80 34 31 69 94 46 77 30 3 61 47 51 100 86 62 18 86 56 31 84 17 37 63 43 8 84 98 53 5 6 54 25 58 89 54 35 52 31 41 68 38 14 56 34 66 26 74 89 76 45 72 69 92 79 9 40 83 89 45 16 88 1 94 11 13 43 64 8 60 57 68 94 42 22 80 92 72 34 48 73 42 21 82 24 68 4 43 57 45 4 42 95 49 48 60 49 34 6 97 94 52 49 92 96 100 16 90 20 73 19 3 29 4 9 97 75 92 4 57 64 9 48 94 4 47 84 54 14 89 23 2 81 6 79 94 26 97 36 6 68 28 77 3 42 97 74 9 38 79 38 54 33 30 40 31 11 32 97 18 99 59 35 8 65 31 53 43 47 63 85 20 26 80 77 44 95 90 70 59 13 18 8 39 96 47 100 100 8 79 94 34 52 45 63 8 51 98 17 23 96 74 39 54 16 81 67 88 98 85 35 15 8 34 3 36 33 44 7 15 54 38 92 11 41 30 86 14 61 43 69 18 31 100 93 86 0 72 33 6 4 4 12 1 20 65 40 15 28 83 15 83 17 0 70 4 96 89 5 72 92 53 19 0 90 91 88 26 58 70 74 29 52 18 69 46 67 92 90 26 27 66 17 19 93 83 50 91 56 21 77 27 93 70 90 1 36 27 98 49 0
32 68 5 7 5 49 45 8 89 43 81 32 0 84 19 51 98 56 72 11 46 89 72 44 92 30 31 96 70 70 2 8 59 8 49 29 95 39 75 5 73 34 67 54 10 45 32 32 74 83 1 28 34 30 49 85 65 11 59 57 82 50 56 89 63 45 36 10 34 35 54 41 96 60 30 92 27 71 46 56 62 98 60 69 5 72 73 9 65 30 26 83 53 50 72 38 71 20 16 96 71 10 86 46 53 57 8 75 75 63 93 61 89 20 50 50 9 60 2 6 10 19 18 11 27 5 24 99 25 27 100 91 67 83 19 49 33 15 30 62 73 1 10 69 82 88 55 70 67 58 29 34 75 30 15 34 46 24 19 77 71 66 55 87 29 95 38 58 98 94 26 53 41 55 21 88 65 15 50 27 76 40 45 12 62 77 42 97 99 80 83 31 88 56 0 11 23 83 46 19 56 66 45 84 10 3 15 36 61 95 93 28 43 83 82 49 32 12 94 60 22 19 1 19 35 37 73 11 9 57 40 2 6 66 54 93 28 67 15 40 92 69 39 56 81 7 87 60 23 0 79 14 49 63 72 88 42 24 38 78 37 87 42 83 30 55 5 13 73 2 66 17 89 21 4 42 46 27 79 80 80 90 3 82 99 85 63 2 5 28 0 7 24 22 30 83 18 13 72 16 35 92 76 15 42 86 65 57 70 84 36 19 42 15 99 32 55 76 49 31 10 81 95 72 81 57 26 73 75 72 84 39 9 73 85 14 96 22 49 42 14 96 29 26 95 9 62 75 35 31 99 14 45 84 61 29 9 5 6 95 5 48 56 83 30 56 8 86 83 37 53 1 58 49 65 43 48 76 7 56 62 47 0 21 17 91 21 25 98 90 21 61 39 75 49 25 71 54 41 88
9 42 72 29 32 34 28 52 61 89 68 46 49 84 78 57 65 42 53 50 45 81 76 77 89 82 44 31 67 84 98 94 67 36 63 65 18 66 40 88 90 94 13 3 89 53 11 76 63 81 1 2 18 81 15 16 93 12 56 17 17 76 87 69 81 9 38 27 15 15 73 9 95 52 10 78 54 5 0 90 24 86 90 60 96 34 51 3 49 50 66 9 80 36 72 75 5 14 28 47 51 11 87 1 3 46 76 47 42 86 83 90 27 83 32 28 94 4 13 67 85 99 61 50 12 58 81 30 73 46 57 23 60 68 57 90 57 85 25 77 73 57 95 56 100 31 29 79 25 30 55 85 81 97 33 44 27 50 87 85 71 36 9 84 52 62 68 94 38 98 100 8 58 29 10 76 2 92 32 77 70 26 13 46 48 61 16 91 12 94 57 44 64 44 57 28 13 51 73 24 61 56 45 7 1 53 12 80 99 53 20 38 81 47 83 33 51 1 15 63 100 48 46 12 38 68 2 72 80 63 41 5 49 50 80 15 85 22 36 19 4 8 34 81 67 48 26 52 6 12 35 18 6 0 78 66 69 37 51 8 90 91 37 87 87 85 13 66 95 11 73 60 59 73 93 20 59 71 99 12 91 40 30 83 83 10 17 100 93 100 68 95 13 82 54 58 39 59 74 74 30 19 18 96 79 18 82 9 52 3 38 67 9 89 43 62 36 55 57 40 75 6 75 93 97 1 93 69 12 52 97 92 16 7 43 34 79 89 65 65 37 87 26 90 16 0 95 28 5 30 18 64 24 76 59 27 89 67 9 81 70 52 59 51 99 25 70 68 14 10 66 33 32 33 63 71 61 31 49 79 25 1 81 94 24 88 95 45 49 71 73 2 39 75 3 90 72 17 93 84
21 92 23 59 12 77 95 41 100 89 27 90 86 61 54 66 62 25 18 48 31 28 51 46 92 28 57 27 28 18 50 8 4 24 3 50 67 30 40 23 75 26 84 98 94 36 63 32 82 78 27 34 37 81 97 72 19 48 24 66 70 56 69 23 92 60 29 80 20 91 69 95 34 86 8 84 16 49 40 26 54 19 100 25 76 32 5 16 96 17 13 74 14 71 100 53 3 47 74 83 91 62 96 31 7 44 24 44 87 81 97 99 27 25 85 1 10 47 35 96 64 61 94 54 19 78 66 62 89 92 65 51 91 28 73 58 37 47 39 15 81 78 42 28 43 74 79 59 33 90 3 64 32 26 59 9 44 4 42 53 7 50 30 31 78 84 36 25 69 23 70 35 16 67 39 46 67 5 72 55 60 72 86 69 57 64 57 94 31 49 29 69 45 75 89 12 92 85 62 100 4 78 82 94 92 18 63 22 13 48 29 41 75 0 17 48 37 77 49 80 5 75 94 82 42 60 69 56 3 20 62 74 49 4 85 92 3 69 61 55 18 69 100 31 47 80 16 96 2 95 74 39 37 54 83 81 96 74 30 14 44 67 34 73 78 71 45 37 18 91 75 63 32 45 18 10 31 58 50 72 66 3 94 16 94 68 3 37 98 74 1 31 91 79 21 0 29 44 2 98 46 69 15 78 45 37 62 76 36 47 73 81 7 40 64 40 66 93 77 19 2 86 13 84 1 20 72 3 95 15 45 90 50 9 48 49 92 47 62 71 11 35 33 13 49 19 60 29 96 34 37 78 72 85 87 37 82 7 5 96 85 78 19 80 91 14 58 24 86 2 23 20 6 42 33 25 7 33 47 82 17 52 33 1 14 63 91 87 15 28 0 91 56 2 86 81 38 98 19 24
33 74 15 98 8 63 80 54 25 58 12 48 63 90 88 98 95 87 19 12 4 50 39 75 12 51 29 16 27 92 66 69 72 39 83 94 63 76 31 57 47 27 78 21 96 35 73 48 14 11 17 71 69 50 37 34 85 0 91 83 54 74 73 92 60 83 50 30 14 10 85 63 35 32 54 31 75 77 32 63 70 62 91 92 34 37 9 64 98 58 33 85 46 23 4 95 89 7 13 80 13 78 8 59 8 19 49 86 24 82 81 80 42 66 92 15 90 99 93 63 47 32 40 27 62 21 15 63 37 13 23 45 66 97 52 3 67 11 73 66 47 99 31 60 61 63 60 29 77 35 79 7 53 19 57 18 4 30 67 68 30 41 4 3 15 11 7 31 89 71 90 73 20 99 28 12 98 63 48 39 35 64 55 17 41 24 33 84 34 33 75 49 5 46 15 91 20 82 8 45 13 97 75 95 85 87 0 13 65 86 56 16 52 36 35 99 24 8 26 19 33 8 10 45 11 46 31 99 79 75 22 8 27 35 87 82 52 20 26 56 91 9 56 83 11 46 25 100 92 25 74 26 85 14 77 74 88 3 20 99 6 86 30 58 85 29 62 5 39 54 38 4 10 48 83 56 46 53 90 57 11 69 57 44 35 89 17 47 81 66 74 84 41 55 60 66 20 85 69 15 83 51 33 4 78 8 75 12 53 29 81 31 98 68 74 76 99 29 9 96 94 40 65 99 81 91 32 5 38 53 34 5 87 19 35 81 59 32 99 86 39 67 95 5 60 95 28 69 22 98 3 71 58 75 5 65 82 33 10 40 99 96 10 47 92 9 59 49 23 63 49 0 95 31 6 25 21 24 40 2 47 35 98 7 0 14 100 35 6 29 52 64 96 17 43 38 84 55 52 44
100 9 62 19 90 56 26 7 91 88 82 57 78 30 19 37 79 49 58 77 65 60 22 41 37 41 57 32 48 48 12 16 71 79 90 16 20 26 67 74 39 40 11 79 25 28 10 28 17 47 72 38 12 98 9 91 35 53 24 70 0 21 69 81 20 61 20 81 35 83 75 61 82 95 14 95 62 25 0 35 60 16 63 39 61 92 18 3 81 3 66 33 53 15 44 96 7 32 29 65 25 93 32 34 83 63 99 49 5 75 61 56 99 94 86 40 4 68 58 93 51 73 52 69 31 30 98 22 64 30 53 40 21 89 12 48 97 53 49 95 28 9 13 72 87 71 7 53 4 52 45 98 14 6 21 70 7 30 38 2 5 34 96 19 52 76 89 13 6 49 39 86 0 43 23 40 4 77 53 36 56 93 76 76 81 89 27 53 61 86 6 31 59 76 78 64 23 73 57 62 71 15 84 57 73 49 67 46 68 2 80 9 24 56 59 84 12 86 92 27 67 83 66 37 13 76 85 54 74 82 80 89 87 98 41 80 42 20 6 50 29 32 21 59 54 13 14 19 96 84 64 37 100 99 97 65 87 79 84 11 57 18 38 84 1 79 76 73 64 96 67 89 21 95 67 26 91 81 29 0 64 49 60 44 32 16 2 83 62 34 23 38 59 81 45 67 22 77 28 44 56 86 88 39 34 2 83 90 21 61 100 59 0 25 62 10 48 22 95 16 83 60 54 9 67 81 24 64 79 7 96 2 47 16 53 49 92 27 35 72 33 70 54 16 24 61 61 13 3 44 80 75 60 97 52 38 2 90 79 95 50 87 9 40 76 100 29 18 30 39 94 36 85 42 73 47 1 10 100 5 89 93 47 28 28 63 85 87 27 37 24 96 83 31 6 52 46 2 90 72
99 26 58 69 54 25 48 74 11 46 30 21 62 71 71 11 12 54 98 36 68 58 45 55 93 39 23 0 38 16 14 100 47 12 14 94 17 95 4 96 100 38 43 84 9 21 91 88 34 43 85 53 48 12 5 27 68 0 62 12 49 64 100 16 86 83 25 55 19 27 78 75 83 80 24 68 30 29 60 88 50 67 45 94 4 54 21 71 35 72 87 87 32 92 36 53 88 61 37 43 79 13 4 34 8 64 83 14 68 34 22 12 64 53 91 15 92 82 31 75 92 18 85 20 34 79 87 93 67 47 57 54 58 53 20 34 50 42 97 94 3 50 24 31 80 97 95 31 99 9 84 77 14 56 45 72 38 72 71 11 13 52 27 78 76 83 42 60 24 57 98 16 36 68 14 69 2 48 86 39 6 86 58 51 63 30 61 0 90 45 45 12 92 54 83 22 95 50 55 72 35 10 83 86 64 40 96 19 0 95 48 57 81 29 52 12 32 6 21 62 9 7 54 41 7 21 75 50 63 62 49 37 56 97 58 90 45 58 6 39 10 16 54 33 57 71 25 52 23 48 1 12 7 56 32 43 20 51 51 43 25 69 37 91 99 49 42 95 52 56 23 14 18 75 20 73 85 53 88 56 44 24 93 37 19 2 38 63 74 38 98 35 31 36 41 16 61 29 11 19 77 40 12 94 15 76 88 53 71 90 84 40 19 34 70 3 35 98 40 12 90 31 86 62 7 75 78 7 46 64 64 53 95 38 13 30 67 1 9 17 11 16 95 6 96 30 13 1 4 58 2 7 53 78 87 24 54 5 97 72 70 40 21 2 26 39 37 3 9 41 2 39 8 56 34 60 96 18 17 19 98 17 81 11 73 62 5 75 25 79 78 87 70 82 26 40 77 39 15 42
48 36 14 42 71 12 15 12 78 62 88 42 77 50 96 57 0 34 6 1 12 82 68 1 66 76 71 30 80 68 77 3 31 12 31 99 86 98 37 83 86 60 100 34 84 8 78 23 29 70 23 38 17 100 50 75 19 16 7 30 28 61 57 80 85 33 56 5 38 14 0 96 17 74 37 93 84 38 1 5 96 22 85 99 20 8 84 37 58 24 90 96 91 3 40 99 63 29 59 70 84 24 29 74 14 71 15 75 69 81 64 66 16 66 5 61 90 81 53 24 39 87 80 75 72 19 86 27 80 39 73 35 95 93 70 18 86 9 44 79 57 39 85 82 35 37 96 43 12 72 59 22 38 19 15 80 38 39 40 96 48 72 9 57 32 43 91 27 10 67 28 59 66 45 95 23 8 29 18 20 47 78 100 51 71 55 28 91 36 100 11 41 68 56 63 23 56 58 55 24 67 36 68 8 22 37 54 49 17 1 13 17 30 61 65 88 69 20 43 22 32 94 80 0 22 94 7 46 61 34 57 7 49 90 36 75 100 81 63 15 20 63 69 73 5 49 90 89 75 63 41 42 92 97 84 16 60 78 44 61 83 39 76 90 33 22 64 63 54 72 41 67 19 65 61 46 62 43 24 84 73 44 65 80 65 43 4 91 26 5 87 92 4 85 27 45 74 49 42 95 16 70 91 22 32 34 4 62 16 33 15 20 47 16 57 87 6 14 81 43 61 69 33 32 15 68 78 9 56 23 75 25 22 62 40 77 69 93 15 100 78 59 67 29 100 69 37 75 92 27 2 41 34 11 46 98 53 0 89 79 10 7 17 10 13 82 48 49 0 72 21 47 32 66 88 92 72 82 95 36 31 89 84 67 58 85 27 38 63 36 81 81 95 84 81 96 86 87 12 9
51 98 58 67 0 84 72 75 30 33 11 41 33 62 29 52 34 9 53 60 57 70 52 23 81 62 71 75 92 1 62 95 9 81 12 42 46 78 92 24 24 68 77 50 28 83 6 22 61 77 84 0 24 86 53 47 21 40 50 16 99 43 89 4 25 10 36 48 5 91 9 22 55 41 54 0 70 9 51 50 76 4 3 98 98 58 35 31 25 32 60 21 42 36 76 79 87 99 63 89 51 31 14 57 39 2 76 79 75 34 13 72 96 99 61 25 39 4 18 60 17 5 47 81 21 71 20 33 34 24 86 86 16 12 72 55 21 74 58 22 20 38 84 90 42 85 41 63 69 56 48 45 90 86 29 97 26 1 63 78 32 5 87 37 35 16 12 87 80 27 67 50 88 5 66 91 11 78 77 15 4 13 74 41 37 78 54 7 38 4 55 73 55 92 36 27 58 19 82 34 67 51 24 75 45 72 97 63 9 69 47 30 29 86 88 71 31 48 86 62 99 15 79 14 99 44 52 11 44 87 6 64 93 5 57 60 19 79 38 61 77 93 89 85 35 29 83 62 30 69 5 34 73 26 54 76 87 79 61 76 8 49 3 89 8 46 56 90 30 39 44 83 24 59 74 100 36 87 91 12 34 88 0 48 70 17 76 1 9 94 86 7 95 100 95 70 53 44 48 93 13 94 51 23 46 47 81 59 26 53 98 51 42 19 8 47 54 13 96 36 61 39 79 63 92 69 23 20 16 33 24 16 83 63 5 72 25 14 9 38 15 8 32 16 50 99 54 77 49 69 41 58 60 33 33 13 66 16 52 66 18 69 89 26 18 53 18 14 94 54 54 29 42 96 34 21 38 83 41 74 90 60 53 82 5 78 63 82 31 32 41 67 45 61 50 30 39 25 61 75
29 84 75 3 15 49 70 31 18 13 16 95 66 63 91 80 47 41 32 31 47 97 89 18 2 12 41 43 30 53 18 66 76 48 13 0 43 17 74 91 67 84 96 47 53 55 53 52 2 67 88 15 36 62 15 62 71 50 80 4 18 9 73 5 15 46 67 49 72 43 62 97 64 56 61 86 54 70 21 94 100 46 52 52 83 12 64 100 46 33 21 32 44 89 73 13 96 54 88 50 78 92 15 11 37 18 55 11 77 74 45 36 32 86 6 86 62 47 37 2 79 51 40 52 70 38 22 96 60 30 56 45 73 79 90 3 57 83 87 58 84 52 12 56 75 34 79 45 5 36 90 71 35 58 76 98 68 94 0 90 76 50 42 53 27 16 59 30 44 71 53 49 37 6 33 3 91 13 95 83 30 78 84 93 96 37 46 92 21 68 57 95 70 32 43 48 72 97 31 8 84 100 42 15 26 70 19 26 40 35 80 56 66 99 49 16 13 83 66 9 56 7 10 85 39 41 43 88 82 25 51 56 93 43 62 31 59 74 81 95 14 97 96 4 17 73 56 37 79 31 93 35 15 85 2 67 22 32 35 14 99 12 98 96 56 97 23 16 38 94 39 3 8 33 19 34 55 14 39 7 37 81 12 57 21 56 63 28 5 97 94 20 22 48 77 17 34 80 18 84 15 4 68 11 91 16 1 11 73 33 61 21 42 61 74 36 100 90 83 44 47 92 55 23 79 23 56 71 66 41 60 32 59 83 54 31 60 93 88 64 9 2 45 41 38 35 53 33 55 27 70 37 80 94 87 36 7 11 81 76 53 28 87 95 27 90 95 99 57 12 66 1 18 94 71 78 54 11 94 72 94 16 19 78 74 33 59 80 44 93 32 43 21 94 50 23 44 40 3 26
57 82 7 29 7 50 37 56 99 30 78 60 54 85 29 79 79 62 69 97 63 37 8 63 70 8 14 29 73 18 93 83 46 64 100 91 20 13 44 4 77 25 28 95 51 94 71 95 14 6 22 66 44 54 42 9 72 36 18 55 95 41 91 42 97 78 4 29 12 78 89 72 13 18 26 43 32 80 94 17 69 5 46 63 0 65 73 50 73 78 26 39 51 87 49 6 25 87 89 32 13 73 12 63 79 97 52 57 44 15 5 95 70 39 86 75 8 78 80 48 32 12 89 18 76 55 13 45 20 65 98 2 2 5 46 28 27 41 86 97 92 51 60 35 53 68 23 80 72 15 12 69 30 14 75 29 52 78 79 63 18 40 61 25 97 86 79 11 91 24 40 41 10 83 83 25 19 92 44 61 2 90 74 29 63 26 82 76 46 14 62 63 69 44 75 11 33 41 65 27 39 82 79 7 76 32 55 81 69 34 32 38 63 30 92 43 29 59 19 87 77 78 2 40 29 13 95 39 79 89 84 44 69 25 31 8 78 92 79 81 59 22 61 55 67 40 72 44 8 37 64 52 25 26 81 6 4 23 86 79 3 35 66 52 21 98 9 71 16 73 76 71 41 54 69 32 3 65 57 25 11 12 10 66 63 96 52 73 98 7 34 73 93 34 5 92 26 29 93 38 23 75 82 44 18 16 91 34 65 35 60 49 99 62 41 83 47 44 49 76 68 58 45 44 97 0 8 97 84 91 84 16 25 44 92 2 58 37 100 24 80 13 1 18 31 90 73 59 88 32 53 86 46 89 72 52 99 55 9 79 26 18 12 94 60 85 47 58 42 61 44 39 84 4 82 70 56 2 61 35 3 34 2 33 16 85 81 91 27 70 0 30 5 12 12 6 60 85 15 21
89 72 82 18 44 93 90 90 88 9 93 37 49 26 89 29 5 52 81 24 43 21 26 92 32 93 60 26 78 100 16 59 19 65 51 34 32 69 6 73 15 15 2 18 9 56 62 89 13 31 87 94 82 12 94 91 40 73 92 7 42 31 53 30 70 76 85 7 8 72 77 58 42 28 88 0 21 21 73 74 53 57 79 56 64 14 98 90 64 27 26 87 79 48 77 97 65 65 34 88 15 82 82 53 1 11 24 81 33 32 40 6 33 75 8 12 45 32 6 13 34 39 99 83 23 44 52 55 43 48 79 83 66 27 40 79 19 91 47 3 91 28 66 75 72 80 42 72 85 68 46 23 65 23 90 30 100 5 59 76 8 46 34 37 29 91 10 100 82 73 79 19 87 31 3 10 88 27 56 11 84 68 23 7 76 83 82 25 74 90 69 50 25 58 28 42 91 33 38 95 12 21 49 84 47 78 50 3 82 82 76 29 27 44 81 84 7 52 49 17 47 54 21 30 76 75 48 91 30 91 8 93 91 76 55 50 21 60 60 0 15 29 86 14 76 14 98 61 80 7 73 72 66 57 54 4 29 63 29 12 92 36 17 85 54 99 2 92 56 10 3 77 70 19 23 89 26 99 98 48 39 94 66 64 53 28 10 65 24 20 85 59 73 61 16 40 86 86 35 34 37 90 91 79 9 7 65 58 99 18 80 96 53 72 37 53 37 8 78 49 43 89 60 5 78 87 22 83 67 50 85 47 44 38 28 67 93 97 93 76 44 13 48 92 70 43 95 12 34 44 81 35 62 100 60 6 76 59 87 47 37 83 92 42 87 14 85 88 44 95 77 12 20 20 72 51 32 39 9 13 77 17 20 91 83 73 56 54 23 35 32 75 70 16 11 8 9 87 10 0
89 15 50 66 20 0 24 46 57 45 55 25 52 70 44 77 19 27 56 82 14 75 26 52 66 99 100 20 57 49 4 32 18 2 8 51 5 79 40 93 21 59 33 53 6 77 10 79 33 9 82 99 27 99 82 85 1 43 56 43 2 48 85 71 80 55 18 59 42 35 25 100 93 92 52 78 7 49 38 48 5 13 68 92 72 53 12 26 100 23 74 68 55 53 22 93 9 25 29 96 14 94 12 58 78 41 2 0 8 97 46 43 74 31 97 64 31 74 86 21 94 38 41 72 91 14 30 37 21 72 53 50 79 54 48 24 78 100 68 41 70 96 36 34 61 87 42 27 66 86 90 2 52 87 41 33 14 31 52 65 69 40 40 63 53 65 26 67 21 34 13 70 52 22 77 9 4 10 13 56 76 92 97 59 72 26 89 6 55 47 12 66 14 64 42 91 84 23 89 7 11 28 33 82 24 46 71 19 74 16 48 16 9 39 31 21 30 84 61 87 68 44 71 12 60 68 95 13 5 58 84 70 61 58 60 68 24 23 51 12 79 26 14 1 94 36 14 67 15 77 54 66 81 23 78 38 17 22 94 84 35 58 57 72 51 82 4 80 5 41 93 75 92 40 83 40 92 80 76 94 65 55 71 9 25 60 2 92 79 11 26 29 33 7 35 44 96 96 98 33 91 88 20 74 82 79 59 85 78 65 13 13 9 82 76 43 86 63 17 58 29 29 72 88 80 83 53 31 81 74 80 93 91 58 59 3 50 52 62 44 7 53 10 93 46 17 49 20 59 32 62 11 43 53 39 64 52 21 78 6 23 33 15 5 22 11 8 70 49 47 41 32 27 53 76 37 38 51 79 99 74 53 93 95 25 98 18 97 14 52 66 79 71 24 41 71 64 53 85 3
99 25 43 40 46 78 87 34 61 74 89 26 6 45 100 44 21 33 78 97 34 87 55 33 47 17 74 26 81 44 95 46 43 91 64 41 4 8 6 41 21 77 79 57 81 57 9 90 52 26 48 21 34 4 7 51 76 82 70 19 78 75 16 38 25 62 19 18 63 70 35 52 73 77 80 7 39 35 67 1 88 44 55 52 71 21 10 34 88 25 42 54 2 16 98 31 9 1 65 84 57 49 38 51 30 37 55 99 75 58 21 45 70 37 46 65 21 71 100 13 15 19 99 11 85 21 66 70 6 56 78 54 27 89 84 85 15 14 69 7 37 58 59 77 91 37 45 47 71 43 12 93 41 18 75 55 44 61 13 42 98 35 42 35 77 59 58 62 78 70 57 28 60 19 2 69 96 56 64 3 77 100 27 33 31 85 65 55 2 38 61 33 9 12 99 15 67 30 21 86 16 29 62 17 2 25 15 65 91 70 68 39 57 30 32 52 31 5 28 40 38 81 99 13 51 57 1 54 50 100 84 85 76 3 80 74 7 86 58 49 61 9 87 15 40 54 59 58 21 70 50 53 10 45 16 10 74 54 38 16 51 65 59 69 82 45 56 54 10 62 32 63 58 57 88 94 84 69 95 24 51 10 24 56 16 18 30 86 48 46 6 77 39 97 70 59 8 65 83 4 23 24 77 99 89 87 100 12 100 24 90 41 51 70 81 6 83 39 40 95 0 70 52 60 44 64 79 19 25 31 90 81 33 71 75 76 31 35 85 16 95 13 86 88 69 31 99 18 16 64 10 99 51 19 27 14 61 61 42 99 86 38 69 24 7 73 93 18 64 3 92 22 38 58 71 45 49 37 98 9 8 53 53 33 39 28 26 97 96 53 11 62 92 43 76 40 12 47 27 80
5 82 17 83 77 27 27 76 78 25 14 18 22 43 68 81 35 35 66 8 67 81 43 4 73 61 61 87 23 88 23 69 35 87 24 41 6 22 94 12 2 6 48 89 48 75 88 54 13 29 46 100 37 13 44 74 87 77 47 64 85 49 68 45 39 14 31 71 72 78 19 21 90 35 5 93 72 72 42 59 51 6 94 93 59 27 11 34 66 85 21 25 23 57 85 70 90 57 26 71 47 65 78 1 44 28 54 95 74 78 98 91 3 36 25 74 28 6 67 2 21 13 45 30 55 15 95 44 41 46 79 35 58 69 22 99 66 19 82 77 58 12 23 11 21 46 98 1 46 80 88 95 77 6 2 36 33 95 100 16 31 64 58 37 55 7 34 11 16 72 32 89 30 75 54 37 7 37 19 36 0 40 21 99 75 83 18 7 30 98 56 77 18 59 56 78 12 76 16 86 64 65 91 49 26 40 94 60 91 68 86 55 64 45 19 74 87 62 83 43 79 13 89 44 13 47 8 4 61 29 48 79 11 84 62 38 51 92 54 15 99 37 86 67 97 45 63 30 58 4 33 51 23 6 94 87 81 5 60 18 88 60 74 47 66 19 17 100 78 47 59 41 11 57 97 77 48 88 15 71 14 24 97 62 47 30 55 56 95 15 84 64 69 72 84 58 82 95 13 87 21 47 33 89 71 64 87 18 93 91 62 41 66 25 39 63 38 47 89 79 1 23 36 29 46 63 68 2 31 51 59 54 74 29 80 50 31 51 3 85 37 15 4 89 32 8 48 61 75 93 33 74 68 53 78 0 47 72 12 71 84 58 52 51 22 97 27 39 61 83 80 2 88 12 55 79 34 74 7 56 57 91 29 36 37 6 79 88 75 34 94 25 81 92 61 33 30 86 52 46
19 96 37 11 79 56 78 5 1 15 87 72 58 56 99 75 29 5 58 38 59 8 48 70 48 46 28 10 81 75 77 83 93 91 56 83 51 46 41 81 86 24 25 40 60 85 6 11 47 1 29 82 8 1 84 85 63 36 89 17 88 29 70 52 54 10 53 77 51 71 54 77 1 8 43 74 32 25 33 39 23 84 17 10 8 87 29 81 35 62 26 60 10 89 61 20 99 6 15 65 16 88 57 52 56 68 61 58 97 98 33 46 92 47 53 35 2 44 52 53 87 53 16 82 52 30 15 21 12 53 50 82 36 58 91 0 31 25 31 83 17 62 30 80 97 63 52 49 54 23 56 98 6 73 60 74 25 58 71 39 88 9 17 14 78 46 72 78 0 5 77 10 3 32 94 11 90 76 3 92 15 12 16 2 99 87 49 27 59 46 15 30 49 24 85 74 83 56 16 56 82 15 90 21 70 4 62 0 97 22 36 58 1 41 6 22 20 91 96 84 56 87 6 96 52 37 53 89 47 86 82 18 4 91 39 17 87 56 6 58 71 4 22 64 96 98 92 9 95 87 67 49 95 46 82 45 96 22 10 93 22 36 95 100 8 93 28 84 76 16 64 15 67 85 25 81 58 7 79 12 63 17 34 21 87 61 17 74 61 100 54 61 33 58 62 62 98 94 14 17 22 0 22 61 33 59 67 62 99 89 23 9 74 43 89 8 47 53 37 41 76 79 14 34 55 21 56 33 48 5 56 15 90 17 72 1 79 1 39 48 36 3 88 54 25 18 97 13 9 73 31 23 84 57 53 81 62 26 59 74 46 21 18 26 77 75 80 62 25 57 72 69 46 53 58 61 83 31 45 97 74 57 96 76 78 0 67 52 56 35 2 95 84 49 49 37 35 100 18 29
36 6 80 88 30 63 49 13 88 88 14 78 100 72 28 46 60 85 3 85 60 29 92 26 58 12 64 18 52 36 58 37 44 84 37 9 42 49 53 96 11 38 29 29 10 76 100 58 14 41 70 52 58 55 77 92 29 15 86 29 82 61 48 54 96 52 74 45 31 73 27 15 79 76 59 26 17 8 68 86 98 66 19 11 7 69 28 51 8 24 62 19 10 71 96 2 12 67 47 30 65 27 52 94 30 75 44 73 11 25 100 1 91 14 55 12 49 95 60 19 25 75 54 36 97 5 61 51 3 75 90 19 25 86 44 17 11 76 65 36 18 81 60 79 48 22 10 27 50 22 12 75 72 90 31 19 96 88 24 33 85 84 67 45 77 44 11 93 96 85 100 14 9 80 20 7 8 81 14 49 63 85 84 78 30 53 59 75 27 57 69 25 29 66 88 16 17 34 30 60 91 44 98 51 26 26 81 58 33 87 67 40 85 69 98 55 64 65 88 63 4 29 70 19 30 28 29 15 29 54 98 4 82 90 59 99 80 52 35 42 37 36 9 62 80 40 96 86 22 49 48 54 29 52 99 22 98 33 3 13 0 75 74 65 73 77 71 50 65 43 74 91 28 30 66 14 48 99 65 19 7 28 99 33 50 25 5 0 75 45 65 18 30 61 59 69 59 63 53 81 21 47 11 44 0 57 22 93 38 9 66 46 9 6 37 97 22 26 59 88 44 88 5 75 88 89 80 64 66 93 38 48 86 92 78 16 65 73 92 1 51 27 0 50 49 76 71 29 94 57 32 36 49 20 65 66 87 18 19 7 25 44 29 48 9 56 42 15 51 93 94 34 55 98 69 11 63 64 33 1 79 79 28 21 98 43 46 76 85 90 80 46 63 79 95 6 28 86 41 69
83 13 70 14 45 6 55 21 87 39 6 11 33 5 1 27 80 29 60 78 24 88 92 86 52 76 27 43 35 81 74 85 79 35 88 18 56 76 36 21 99 51 74 89 30 93 33 59 99 96 89 55 75 56 34 68 87 29 42 63 3 0 27 72 65 66 71 25 44 94 30 41 3 68 9 84 96 45 68 10 22 81 55 15 27 87 76 30 97 94 44 21 100 33 21 75 65 29 73 43 15 84 93 15 68 99 55 54 37 34 27 0 65 3 50 86 97 40 96 36 43 40 67 79 100 82 83 10 58 85 65 54 95 100 35 50 44 0 1 63 54 11 15 97 100 95 31 70 66 13 57 75 57 7 42 76 90 67 68 21 40 93 20 32 93 80 34 83 14 1 1 90 13 15 25 39 76 83 68 97 20 74 34 94 4 91 32 66 87 60 32 28 43 88 17 65 79 38 71 54 14 1 13 57 82 51 78 12 65 27 21 68 98 11 65 13 32 24 16 60 63 81 15 11 30 70 49 86 83 85 79 82 81 16 82 57 29 98 49 13 10 39 24 12 42 50 25 37 44 49 20 0 60 12 97 65 48 85 43 27 15 54 11 66 13 18 53 78 34 29 66 40 64 78 82 7 37 39 28 33 48 92 71 63 76 80 38 55 100 91 57 57 15 34 13 11 76 19 7 25 35 41 53 86 39 99 60 22 37 95 14 52 48 41 47 45 17 83 30 87 2 76 1 89 79 26 63 80 31 40 55 48 82 53 27 58 32 16 46 44 10 25 90 52 53 66 17 25 12 20 13 45 94 63 46 30 38 24 100 13 27 36 66 22 35 53 40 88 98 10 33 75 83 95 83 71 47 33 67 35 78 14 75 100 88 9 31 67 12 43 35 52 80 14 7 26 95 97 85 23
14 11 8 59 26 82 36 67 62 24 24 1 80 4 96 64 7 88 91 30 84 27 31 0 1 86 7 63 38 70 61 59 58 70 7 44 6 44 25 24 19 45 68 11 50 87 46 94 48 55 27 8 20 52 76 54 42 44 21 74 75 20 63 49 52 82 18 28 17 12 25 70 85 87 58 54 64 9 19 18 40 73 98 38 1 5 79 39 5 100 26 75 58 86 13 30 71 35 27 7 79 16 42 33 12 96 2 19 53 61 66 94 32 30 57 51 71 51 76 33 25 52 34 60 37 100 21 90 22 24 24 77 27 42 47 46 60 94 42 74 31 76 51 13 45 78 97 13 59 47 60 27 76 95 30 72 30 16 55 67 76 62 0 39 55 72 19 93 19 60 97 50 41 89 5 54 59 46 25 32 49 86 67 83 45 4 10 92 1 35 25 55 57 56 86 66 88 74 31 28 23 80 53 82 81 87 36 30 41 93 21 99 7 77 80 80 65 76 81 2 37 83 47 82 19 15 47 72 40 76 7 98 15 10 76 90 62 41 94 25 2 11 87 86 100 65 26 85 71 87 0 84 84 87 80 31 73 85 93 54 35 39 59 48 31 21 99 12 38 79 19 67 83 83 88 83 81 76 73 32 100 34 99 15 79 83 39 47 23 62 56 80 57 3 69 57 53 21 32 26 0 71 52 70 25 58 17 81 62 86 98 57 40 42 74 86 40 1 40 79 8 18 12 65 28 9 88 53 38 82 46 60 80 68 98 30 34 51 8 88 37 31 32 68 18 55 23 59 7 6 43 87 22 55 63 95 99 36 24 85 74 79 12 86 96 54 1 34 53 26 11 92 69 60 98 49 10 30 82 27 0 61 59 65 80 73 86 93 3 20 52 78 6 14 51 47 23 93 97 35
31 49 13 48 34 23 94 36 28 97 12 61 8 3 35 78 7 0 7 22 63 97 60 42 60 13 78 89 35 49 60 78 34 62 47 33 72 61 4 26 70 44 97 57 57 64 6 28 42 75 67 100 38 31 89 99 73 84 22 14 43 20 15 6 49 30 28 100 69 26 19 13 7 28 37 79 8 53 6 3 5 91 13 72 85 91 66 9 12 63 64 81 23 68 50 40 40 81 6 89 12 45 66 88 46 52 90 8 23 78 70 31 85 90 59 4 55 82 71 47 3 89 35 95 76 14 43 0 2 96 82 29 68 20 76 0 55 27 92 73 92 53 88 60 88 32 24 17 95 47 59 14 70 56 64 54 24 98 85 95 85 49 5 31 72 26 63 22 30 53 52 52 22 14 99 87 26 81 16 60 43 96 58 6 85 48 92 83 4 58 100 51 14 37 66 0 57 57 4 98 79 47 48 58 98 85 39 32 34 51 0 96 0 33 1 83 97 99 60 8 26 9 91 9 45 25 23 13 23 27 9 75 99 48 21 65 50 52 39 18 97 88 62 47 75 86 50 84 81 9 60 67 59 62 83 99 48 97 33 32 48 38 12 17 19 56 36 79 53 78 94 10 49 87 88 71 39 61 87 21 50 60 61 26 58 37 44 29 30 56 90 0 25 97 85 5 37 68 64 22 16 20 14 8 83 39 56 74 53 4 55 49 27 90 15 0 22 34 61 75 14 34 28 15 71 19 81 24 10 85 45 31 64 36 84 78 28 77 11 23 82 13 59 11 95 12 85 2 11 5 54 86 29 2 33 88 65 7 75 90 88 88 97 39 9 43 14 78 20 87 60 83 69 63 33 5 72 24 53 24 15 10 32 40 52 11 85 27 86 36 80 81 49 9 68 59 14 3 93 2
24 50 67 13 15 23 20 18 18 97 68 93 4 98 25 59 73 44 38 20 18 67 100 15 76 63 83 84 30 33 72 66 38 88 77 61 71 89 20 86 33 46 60 78 60 21 74 97 39 42 83 55 100 64 89 29 66 68 73 9 53 90 82 14 46 17 79 89 67 41 20 53 33 97 82 20 37 7 93 22 42 90 65 28 31 82 13 69 96 67 59 36 70 13 43 55 25 78 51 33 82 5 37 37 12 14 30 47 20 84 85 7 44 53 40 47 90 33 61 20 100 35 44 60 1 67 8 89 84 14 34 3 21 92 5 14 46 93 30 71 31 90 3 72 42 41 48 60 71 83 7 39 94 82 95 31 25 96 51 48 86 44 29 52 11 38 28 45 63 73 45 93 77 82 7 56 95 58 41 35 28 79 48 40 44 59 33 72 24 59 83 44 40 10 12 42 62 80 9 45 7 79 9 48 85 32 71 67 79 74 20 76 68 32 100 79 7 67 31 50 11 48 29 0 74 6 97 48 22 0 51 15 52 81 43 20 83 83 37 42 55 33 53 12 30 2 40 26 28 76 78 10 73 88 22 81 78 20 62 39 12 8 81 42 35 85 98 60 95 4 53 19 4 70 67 1 5 55 9 61 21 48 0 6 10 68 1 91 60 58 32 99 6 21 40 27 55 98 12 7 28 72 96 1 22 20 22 47 16 56 14 14 86 44 48 38 21 65 27 54 84 51 37 64 46 94 55 88 45 76 24 63 92 57 93 83 5 25 85 56 16 99 12 33 31 6 61 12 30 63 92 85 25 96 90 30 10 36 60 13 62 91 84 13 9 61 10 62 39 95 84 69 3 76 64 68 3 29 34 93 58 33 71 72 52 67 45 82 82 37 83 11 11 96 45 58 26 54 76 4
29 69 87 46 97 43 58 57 15 41 84 82 53 38 43 55 70 77 66 68 80 39 100 97 36 46 34 85 14 97 39 46 62 63 14 84 11 81 19 97 22 12 26 76 82 17 93 82 68 53 81 46 90 20 66 79 30 99 5 18 100 6 35 2 13 18 12 10 26 41 91 10 17 46 44 100 92 77 30 88 57 48 80 46 5 14 56 10 93 49 47 89 92 17 78 85 53 49 94 13 42 71 99 80 100 22 84 63 98 99 4 39 53 26 40 33 0 60 26 51 63 71 11 62 98 4 87 96 89 14 17 89 28 86 15 70 75 45 88 12 73 29 8 32 73 69 13 40 51 75 43 72 27 91 82 43 27 19 89 53 83 96 90 21 22 21 94 48 57 41 56 59 31 47 61 12 47 65 9 43 33 78 25 7 64 4 68 99 65 74 22 70 21 48 0 11 57 10 67 30 15 0 6 85 53 85 91 17 14 42 38 23 81 57 83 15 71 20 29 96 42 24 16 7 96 15 58 10 27 6 29 35 0 10 11 24 74 61 95 62 47 30 49 25 65 6 23 71 99 37 29 4 81 81 28 84 19 84 5 31 88 51 68 69 20 46 68 42 28 85 99 57 84 81 32 91 47 0 84 69 58 90 38 63 12 49 1 70 34 68 88 67 13 95 31 37 83 23 83 37 57 28 43 69 62 1 21 13 2 36 48 4 41 43 2 24 97 49 83 59 45 57 79 52 45 24 96 59 23 52 17 10 8 65 80 73 39 48 4 82 74 47 100 58 100 63 38 49 87 47 67 35 93 53 32 66 52 13 50 3 3 67 70 57 34 30 84 67 79 3 99 36 98 44 60 55 76 40 40 15 63 60 29 43 73 62 56 17 52 17 52 83 17 97 37 52 90 97 28 12
46 87 3 78 74 97 51 57 79 10 25 50 75 69 17 48 49 48 62 29 62 28 17 15 74 80 80 93 0 77 16 60 53 19 52 41 5 10 87 60 36 60 77 43 13 42 68 35 29 25 70 86 68 79 20 93 35 30 33 51 26 11 43 84 54 43 87 39 43 75 9 100 73 90 95 84 78 0 12 61 41 28 41 31 17 13 80 52 19 9 42 56 63 45 92 77 90 87 29 12 42 64 72 30 41 98 44 62 67 65 41 83 39 91 40 39 28 26 33 78 34 79 90 38 59 13 99 21 31 52 59 45 2 100 12 94 97 78 22 71 57 43 64 93 16 90 73 94 89 55 51 91 72 90 47 33 92 61 81 70 72 25 21 46 43 47 1 15 94 7 86 24 88 71 98 38 66 69 27 30 8 0 13 11 56 39 72 8 24 24 6 40 3 98 71 53 47 26 55 72 87 6 15 13 29 75 17 82 9 65 6 7 55 20 6 1 97 25 3 43 98 7 85 42 34 92 91 60 2 73 37 35 90 52 98 41 79 34 60 36 70 33 64 55 19 90 98 48 39 49 24 73 11 26 13 92 50 86 93 73 12 51 56 24 18 60 56 33 43 36 99 35 44 18 70 37 50 69 49 22 79 17 1 31 84 31 44 87 12 42 61 11 77 42 54 5 91 60 38 66 25 62 58 70 70 5 33 67 95 33 34 95 61 36 14 99 87 16 32 72 100 70 42 71 82 100 36 55 42 72 15 53 3 98 58 11 50 71 20 97 13 41 78 34 98 63 53 24 99 35 92 66 91 0 99 49 11 65 26 85 38 63 65 2 16 93 37 50 74 65 3 50 5 73 40 15 9 61 78 10 59 45 1 32 25 17 60 47 47 59 44 69 74 81 17 25 77 76 76 95
87 67 54 71 58 11 21 75 56 49 89 70 33 56 50 83 57 23 57 56 61 12 25 57 75 80 51 53 8 88 21 83 20 53 67 73 8 19 28 26 51 34 93 42 61 62 4 21 9 29 39 54 56 93 19 0 25 39 2 94 54 41 72 12 77 31 27 100 23 19 32 36 54 39 34 49 69 66 22 49 49 3 5 1 30 34 93 17 76 57 91 46 45 20 25 40 65 46 68 91 100 18 33 37 88 51 100 26 6 51 41 85 31 7 19 72 69 22 21 59 26 19 74 8 67 98 15 33 99 84 49 66 94 58 89 36 63 35 97 67 20 80 50 57 74 15 88 20 60 53 7 54 43 16 79 65 81 32 76 93 41 0 37 64 53 69 90 21 84 90 69 98 77 3 43 35 33 38 9 29 31 3 15 28 67 74 85 19 4 17 75 21 50 85 86 32 17 59 27 59 82 17 54 0 43 47 25 26 65 98 57 98 67 88 61 86 94 84 51 19 61 66 60 28 57 54 26 85 23 88 5 91 44 80 65 24 55 46 42 23 38 68 79 74 40 40 84 94 20 27 60 0 21 56 11 24 81 6 90 38 37 0 43 91 34 76 43 5 80 27 9 88 68 36 98 84 91 24 14 50 78 59 17 97 52 82 47 90 62 31 92 9 90 26 79 96 18 10 4 0 27 76 100 74 36 38 5 88 40 74 90 44 19 4 53 16 44 55 33 77 99 38 54 46 63 72 67 65 19 68 16 76 34 73 33 96 96 19 57 9 20 25 93 60 64 21 3 56 13 15 47 33 54 22 34 52 85 48 40 3 4 100 88 35 6 81 92 35 32 83 55 29 20 44 40 8 6 57 6 27 16 20 80 5 1 8 26 5 62 73 10 71 72 51 68 85 97 28 5 34
84 41 20 51 78 32 96 83 84 57 45 82 51 10 48 11 49 4 65 37 3 9 4 61 37 75 5 7 10 7 55 61 92 19 58 34 70 33 24 16 33 32 59 29 14 24 40 4 9 3 66 36 96 96 63 76 99 78 9 42 47 52 20 42 79 94 65 30 46 59 44 64 35 31 93 57 26 35 7 54 40 75 98 31 94 15 30 68 16 25 5 2 61 21 40 53 64 52 1 67 65 54 27 29 70 60 10 45 32 44 67 47 65 18 79 8 79 100 16 68 43 69 46 55 55 67 68 42 58 87 80 98 100 98 52 56 4 45 40 46 95 97 96 80 61 0 76 100 17 81 58 87 72 51 28 8 34 2 92 39 66 19 96 100 26 13 44 73 0 70 88 22 81 84 80 23 85 26 39 33 35 33 10 45 72 79 99 53 52 6 20 50 28 44 88 42 60 18 22 45 40 50 22 74 57 20 82 66 17 18 5 50 45 43 23 46 14 30 82 18 62 35 38 15 91 96 63 100 87 52 2 48 61 91 92 93 79 85 71 33 19 49 40 23 27 28 82 62 15 100 78 61 94 74 35 34 30 37 16 28 69 7 23 47 17 71 59 78 59 19 55 32 18 91 5 84 23 100 19 18 67 19 58 42 89 86 51 38 64 62 18 27 85 84 64 17 28 1 58 82 0 37 94 60 10 77 39 68 65 48 18 52 71 39 45 34 62 73 5 26 82 95 21 61 82 79 91 43 77 19 100 96 80 5 3 41 28 78 38 19 66 45 28 46 16 17 6 35 65 44 40 31 14 65 29 97 12 73 57 33 47 92 7 2 77 3 82 3 18 5 92 8 85 78 11 59 51 29 15 95 99 76 54 69 74 26 52 1 31 4 34 23 37 73 71 5 79 51 55 1
70 68 83 91 95 64 51 1 35 51 17 33 21 22 17 87 36 10 17 86 46 67 9 69 8 23 21 15 94 71 6 8 27 87 48 15 27 65 62 35 48 38 64 6 9 18 100 84 76 87 60 33 57 88 58 20 67 18 17 66 18 60 47 98 22 2 42 53 27 62 81 8 0 51 47 10 20 13 98 83 93 3 30 74 55 17 6 39 80 20 40 11 81 45 2 43 82 20 0 21 11 84 35 84 93 92 0 36 67 31 41 22 58 53 92 41 18 64 45 46 35 57 73 22 71 98 23 19 54 12 75 20 42 84 1 87 69 10 21 69 76 98 66 75 36 91 49 67 60 54 5 77 13 67 76 82 81 37 68 50 45 100 58 95 85 2 94 72 80 61 45 57 30 34 50 48 70 84 52 16 16 19 26 81 14 50 38 12 83 13 53 50 14 32 63 6 53 6 89 24 51 81 62 8 86 36 3 81 87 14 89 28 95 2 99 86 84 39 45 38 61 82 32 1 9 93 67 79 72 94 60 21 12 4 56 98 10 41 59 69 9 16 90 63 74 70 30 65 8 80 81 41 61 17 1 82 60 96 39 38 68 37 54 96 60 55 67 76 62 53 19 6 52 68 61 34 35 28 69 0 93 48 4 51 83 85 48 82 25 41 29 47 90 17 94 38 83 68 25 59 100 77 67 80 49 69 58 14 45 99 39 65 100 92 5 55 39 84 79 48 45 98 98 22 25 69 26 22 27 53 5 92 6 68 54 77 58 63 13 0 75 17 43 27 1 51 75 6 13 18 7 10 8 68 78 51 46 51 7 81 11 49 96 8 33 90 97 53 27 96 94 52 70 87 11 11 90 17 85 24 23 28 25 96 19 64 40 77 16 85 5 28 88 64 51 15 48 8 25 44
44 67 93 9 33 61 92 70 10 72 44 26 33 2 2 59 91 14 82 100 65 31 86 25 27 46 95 26 42 17 82 94 75 51 35 97 78 7 21 85 48 87 98 87 17 7 49 30 18 69 45 6 14 38 2 4 61 46 43 40 2 55 29 5 7 23 73 31 19 79 67 79 87 15 60 85 4 80 99 53 11 22 92 41 14 84 43 65 73 24 14 78 6 50 90 88 58 72 38 99 81 65 39 69 0 9 37 48 12 77 84 23 8 18 22 38 29 20 0 18 13 24 69 10 76 53 30 46 56 70 73 41 20 59 63 80 78 37 38 79 5 61 64 59 28 16 48 76 96 33 6 80 39 55 50 30 5 54 5 51 67 31 23 11 68 4 37 49 34 35 17 41 43 68 32 2 10 0 2 63 84 73 38 0 0 55 67 53 0 34 8 23 51 85 97 36 67 55 33 12 49 61 33 9 87 43 54 25 28 4 37 25 20 68 47 29 27 98 87 0 6 44 43 27 41 91 37 28 30 95 93 23 48 2 46 91 91 47 40 98 68 66 45 69 74 28 44 52 43 75 75 65 29 39 72 49 42 4 25 26 34 21 42 88 63 31 48 48 60 31 96 68 74 92 94 46 99 89 78 80 44 11 58 67 79 41 50 29 55 65 25 5 48 51 82 43 44 59 13 3 5 84 39 26 45 4 46 42 51 13 14 61 42 85 58 16 16 5 8 74 100 81 72 49 31 76 9 8 57 26 45 96 48 67 22 79 35 19 67 13 82 40 39 62 84 82 66 77 94 19 20 90 86 88 97 64 63 10 62 34 42 62 68 37 84 72 82 38 66 94 31 25 16 10 31 5 59 61 71 67 42 41 40 70 15 18 52 78 93 54 88 78 74 88 14 32 69 87 52 22
45 75 30 68 44 51 19 15 11 32 4 30 8 87 98 84 0 96 71 70 89 19 97 53 82 70 80 87 30 97 100 76 55 87 0 38 15 51 70 81 14 86 30 30 28 70 70 8 61 28 69 42 60 55 36 1 51 40 3 52 36 64 34 21 65 26 34 83 63 86 32 90 1 80 50 70 100 87 44 66 94 79 43 15 58 75 42 57 15 18 36 82 36 4 50 41 71 74 19 26 74 7 76 79 89 81 81 28 74 46 32 87 75 41 57 85 72 52 53 4 16 67 62 33 38 4 82 7 54 26 27 85 94 8 68 100 4 14 43 60 68 98 12 48 35 22 15 71 23 60 28 72 86 8 100 78 56 20 47 44 3 38 99 95 35 88 10 88 13 91 50 63 0 75 27 85 91 64 25 17 32 71 60 77 8 21 19 27 69 7 90 22 44 11 91 9 56 4 26 86 93 73 2 94 9 17 10 4 94 27 0 58 38 95 61 2 43 66 68 68 66 78 70 28 23 98 30 1 81 28 62 9 83 17 0 44 31 89 10 13 63 74 81 63 31 70 21 35 47 60 18 65 58 13 35 76 29 21 21 58 74 80 100 44 85 60 70 61 55 36 64 55 47 69 17 42 22 21 42 3 66 15 25 33 67 39 73 42 78 22 80 54 71 84 34 13 2 7 57 50 99 74 66 26 46 88 90 9 100 39 29 72 91 20 12 30 84 70 49 50 55 57 72 99 84 76 94 28 95 87 24 29 16 57 18 58 42 77 88 52 27 67 44 9 62 83 26 73 40 96 98 7 39 64 8 98 71 70 71 99 72 47 22 41 78 86 54 90 65 81 95 63 43 87 34 5 22 79 43 17 52 28 10 88 37 79 58 90 52 56 8 77 22 34 99 3 88 65 72 20
95 88 13 2 1 5 80 36 90 22 21 69 2 64 85 34 86 93 39 56 76 27 100 15 15 67 68 3 80 47 41 85 91 78 57 74 41 21 94 43 42 0 36 99 97 80 23 83 16 52 5 2 26 55 43 19 14 29 45 52 19 34 3 16 96 42 56 60 55 11 72 96 89 85 37 40 39 68 58 93 72 13 92 46 27 17 95 16 54 93 15 16 54 88 38 63 26 74 86 3 71 51 20 19 42 92 6 41 86 69 33 84 87 73 73 47 55 91 83 74 1 90 5 17 60 66 91 45 58 42 100 20 58 16 17 44 8 65 52 42 20 28 71 0 72 100 26 13 89 11 29 51 41 19 19 46 15 94 43 88 94 45 74 95 54 72 13 19 34 49 19 73 37 33 79 81 11 61 95 31 26 78 91 62 90 54 75 2 89 35 97 95 17 11 32 8 7 56 36 16 62 3 0 80 39 0 29 89 97 76 96 81 62 7 26 20 38 19 59 46 63 23 21 61 48 86 80 7 25 6 92 10 32 53 71 81 17 87 45 38 31 99 20 65 48 12 34 59 83 89 41 88 12 75 66 76 64 37 74 30 93 99 66 34 81 77 20 70 33 34 63 7 25 19 74 52 0 11 17 47 19 37 22 41 1 9 15 77 19 54 68 20 84 48 12 57 40 34 76 38 98 16 76 75 50 49 70 92 78 43 75 97 85 0 94 15 7 60 46 2 31 90 31 5 55 55 6 52 2 53 61 93 47 49 24 16 41 71 93 76 34 59 49 11 69 6 74 10 66 77 88 6 21 58 33 5 38 98 80 87 10 72 61 2 83 28 97 92 99 92 87 100 9 99 91 16 15 80 66 8 84 9 85 89 100 80 62 49 30 46 84 67 54 64 36 22 11 5 93 54
39 55 16 25 96 65 50 27 73 63 54 83 90 63 57 29 17 85 47 34 34 73 14 35 34 24 55 85 74 66 100 2 1 8 22 81 96 53 10 48 30 27 70 65 22 91 30 54 6 3 63 49 31 18 43 32 55 76 39 7 83 25 31 92 42 24 51 1 14 87 38 5 57 29 34 61 17 86 57 32 77 6 40 40 66 100 53 47 45 14 32 92 34 32 19 61 14 79 34 82 95 41 69 41 88 65 1 41 34 75 24 33 23 78 52 58 82 34 55 47 83 94 28 47 15 44 54 59 88 18 72 1 45 77 34 43 82 71 46 85 41 34 87 70 95 27 10 98 21 49 74 43 13 11 96 41 23 69 97 46 9 69 28 70 0 72 32 98 4 80 66 89 66 47 81 8 96 76 6 48 70 50 4 41 100 14 11 25 20 31 58 9 84 79 87 61 47 8 9 89 21 52 53 39 78 91 79 98 4 47 100 3 70 67 53 74 100 76 90 97 47 83 77 79 3 35 48 53 73 87 88 89 52 82 36 66 89 11 79 39 87 10 54 80 81 96 3 79 73 74 10 95 39 47 65 79 2 60 44 3 82 21 65 23 45 93 33 45 78 88 77 0 96 34 74 14 83 18 10 32 30 34 46 85 25 24 52 99 82 55 31 23 46 97 71 45 59 83 4 58 95 90 58 96 8 60 37 68 76 57 19 5 76 69 24 80 65 91 61 11 97 8 23 66 46 65 48 7 95 8 35 82 2 18 31 76 41 41 31 85 81 30 45 57 93 72 83 73 34 84 74 100 53 63 37 20 37 76 49 64 77 13 86 39 81 15 16 0 72 9 3 3 14 66 30 14 29 46 36 28 26 69 1 75 98 49 63 79 36 19 62 77 78 62 95 24 73 64 98 67
68 7 73 62 60 20 21 66 73 74 62 35 26 83 51 17 79 92 75 90 55 21 70 54 87 71 35 12 62 62 36 45 99 61 0 74 1 1 19 75 97 14 34 8 67 6 61 73 26 61 99 93 60 38 61 82 40 58 21 64 82 70 22 3 85 73 49 63 43 5 66 78 33 93 86 19 67 13 95 85 68 3 81 81 22 30 73 93 63 24 68 1 41 21 21 29 64 5 32 46 78 20 17 88 45 5 86 4 23 53 70 39 11 42 1 39 56 8 26 1 17 93 38 42 10 99 69 77 18 92 83 47 5 87 61 77 43 92 3 55 100 0 11 33 87 25 72 90 27 41 66 97 79 41 95 33 60 39 93 1 36 48 93 35 93 40 56 86 44 56 33 53 78 53 18 83 79 19 92 79 11 37 67 91 60 97 82 18 37 39 17 67 96 83 79 6 72 50 11 40 61 79 61 56 85 70 10 92 24 82 74 69 4 31 50 52 74 61 12 3 96 84 4 94 57 20 73 16 56 17 12 2 83 60 38 77 65 56 55 75 75 28 89 63 56 11 34 92 13 74 48 31 57 12 83 1 12 41 81 17 21 44 77 80 33 82 11 95 78 71 13 97 3 60 22 33 28 67 89 39 69 22 94 87 87 21 57 63 39 60 49 54 32 87 0 33 73 46 54 41 49 75 88 94 73 70 43 46 59 76 16 76 58 99 81 65 100 10 5 94 57 66 93 75 13 82 3 10 43 77 78 36 74 14 47 79 3 17 62 96 51 63 84 99 28 83 44 48 57 34 100 35 70 21 35 6 4 99 92 39 43 94 22 99 17 66 42 84 79 72 35 21 3 75 45 88 68 70 91 8 78 45 14 86 8 96 15 15 69 32 26 19 83 84 66 99 47 1 44 29
49 25 83 85 44 31 82 46 86 49 82 53 11 7 63 62 93 24 99 10 47 97 75 7 73 27 1 19 75 26 40 16 76 96 69 22 98 93 38 19 58 33 30 38 43 72 87 89 47 63 36 50 82 13 34 65 52 17 71 75 68 76 16 1 81 37 42 69 81 27 55 38 86 36 80 6 78 20 17 30 26 62 95 60 79 75 36 41 52 15 19 39 11 45 73 44 90 35 60 84 15 71 75 57 47 99 29 22 94 86 36 3 59 77 85 27 67 77 43 30 13 18 3 26 35 44 68 67 40 6 84 13 18 79 96 35 4 3 14 7 4 73 34 8 56 85 88 87 56 27 42 71 51 17 12 38 50 18 34 39 65 78 88 36 93 93 30 61 45 84 33 92 23 44 90 1 87 36 3 81 78 43 88 77 42 20 89 49 12 42 85 1 16 71 77 72 55 79 95 22 85 76 95 44 64 41 1 41 44 77 68 10 16 19 67 58 79 26 71 20 65 53 72 92 70 37 45 99 12 32 50 77 57 27 23 92 3 30 66 47 7 82 59 83 9 87 20 90 20 30 76 34 83 19 84 30 4 70 97 55 4 56 17 63 100 12 76 63 51 89 69 73 44 41 7 95 15 58 95 19 8 47 27 30 79 84 11 12 73 24 66 58 75 18 2 88 11 16 20 34 47 29 6 53 96 37 50 4 39 43 80 65 15 33 50 86 88 10 76 9 67 78 79 76 95 0 79 37 51 70 51 3 60 9 5 79 82 61 9 23 16 79 67 47 31 72 91 97 65 66 22 16 20 24 90 46 83 8 22 29 0 20 12 43 38 68 85 35 51 99 35 84 60 36 99 56 21 87 89 49 53 34 41 74 14 49 3 43 100 39 33 80 0 42 26 81 16 57 34 52
48 44 35 57 48 7 91 41 1 85 63 31 37 95 66 93 31 82 55 93 30 43 32 86 10 9 86 87 46 70 19 7 43 93 58 89 87 27 37 75 1 79 39 52 93 54 33 0 66 5 38 100 23 80 33 1 47 74 27 33 65 35 65 2 33 45 73 26 64 74 73 96 12 45 77 51 48 23 18 70 70 31 44 41 82 6 2 18 31 22 84 94 83 41 85 61 16 86 14 94 91 54 61 13 68 88 86 42 39 5 35 98 89 15 54 44 16 68 43 82 10 31 16 1 0 63 29 36 94 59 45 21 87 5 77 27 35 97 65 78 29 28 72 6 85 4 85 96 13 48 40 37 49 48 0 77 89 85 75 75 98 51 87 51 83 69 91 77 98 52 43 7 83 78 25 28 56 38 85 50 32 54 64 70 3 27 99 65 5 85 36 37 62 96 54 90 78 28 24 40 83 45 71 40 11 89 4 16 16 15 23 85 34 11 26 84 82 76 71 68 67 34 36 56 12 32 74 78 19 46 72 62 30 35 40 6 25 52 43 81 45 87 49 12 45 64 28 22 40 63 27 64 75 13 87 0 59 76 29 31 4 39 2 46 27 80 52 64 94 20 87 97 44 64 50 82 80 11 63 78 53 28 18 23 10 44 17 47 93 92 38 60 29 30 15 59 20 29 99 36 56 85 4 6 69 35 61 35 98 41 1 25 54 1 45 84 100 18 36 6 87 19 91 72 84 22 37 98 55 30 0 51 15 4 80 5 6 91 71 85 73 62 80 76 47 55 25 68 65 63 91 10 53 85 72 86 79 67 9 77 59 21 64 57 37 13 67 57 26 53 61 98 40 4 23 58 19 50 88 76 48 46 87 74 69 52 14 61 88 55 36 93 43 31 43 17 56 91 50 72
23 70 39 50 54 73 70 63 100 69 80 52 97 49 37 8 98 95 90 96 88 16 63 85 18 54 76 62 87 32 50 88 27 55 62 17 6 72 63 51 15 44 38 80 73 77 83 87 6 77 28 72 26 37 15 82 48 44 36 6 17 84 73 59 22 47 97 1 14 74 75 84 77 35 19 23 99 76 81 8 0 56 69 30 41 23 81 54 81 90 41 100 14 0 69 32 100 3 65 38 31 83 1 43 94 84 46 62 100 22 29 43 92 59 8 46 48 39 78 71 100 12 68 24 89 82 7 22 13 79 83 87 67 32 97 100 42 24 64 79 88 61 4 3 77 27 66 45 100 98 12 26 66 65 60 48 23 21 34 89 56 49 29 86 91 58 38 78 24 77 13 0 67 97 89 77 19 6 36 25 89 26 25 77 82 97 57 92 15 29 2 2 83 30 69 53 97 32 83 97 12 41 77 63 39 92 34 8 18 36 90 30 100 32 65 92 4 77 70 9 18 81 86 73 68 83 86 79 51 14 69 77 67 53 48 65 56 44 11 2 3 79 86 50 25 9 77 24 34 87 30 51 60 1 0 68 94 96 11 87 66 94 54 41 62 25 44 27 57 23 23 52 71 29 91 18 43 64 39 60 81 100 86 79 38 76 3 70 67 31 84 29 43 40 82 36 20 43 89 42 45 68 68 70 9 91 52 49 77 5 36 73 66 55 35 18 33 69 74 93 71 97 16 72 88 85 34 48 99 88 35 42 82 87 90 11 47 83 55 84 30 89 44 70 32 32 39 14 22 38 43 2 58 100 31 66 84 55 75 53 49 73 50 9 26 98 84 4 80 91 79 95 42 25 47 15 84 20 79 13 41 16 8 94 1 70 44 10 39 73 65 27 6 0 28 82 48 87 57 96
42 6 2 28 18 55 29 35 34 85 13 63 85 71 62 37 10 63 5 1 70 79 19 28 43 23 42 86 49 73 25 21 0 85 42 90 10 11 40 46 48 86 7 38 16 18 92 89 24 58 27 44 93 19 8 63 100 74 44 56 71 81 15 99 59 66 44 41 65 18 80 96 2 15 73 55 13 88 40 49 75 56 45 62 6 64 6 74 70 26 1 17 2 26 2 26 16 58 77 45 45 32 31 76 57 43 0 52 69 4 85 72 67 43 59 89 62 8 89 43 70 97 83 8 31 47 42 84 74 43 20 93 19 38 45 19 23 56 18 86 11 98 17 10 5 73 46 2 24 71 68 6 66 82 71 68 88 98 65 34 97 28 98 63 98 84 76 47 36 66 54 53 93 100 90 40 22 3 67 100 41 0 0 55 85 4 61 68 57 1 49 18 36 96 95 20 63 44 8 1 32 87 30 8 34 3 97 53 44 62 12 55 53 43 27 5 40 73 1 94 46 72 84 7 86 10 56 60 41 20 8 77 92 18 39 86 67 41 93 49 99 32 29 19 10 13 39 54 70 98 72 21 31 65 85 86 91 20 40 61 69 67 36 65 49 9 87 86 53 90 42 85 61 77 42 49 72 51 75 88 70 31 20 83 84 82 56 49 75 2 23 29 19 81 17 24 41 93 41 14 34 49 80 69 100 63 99 61 41 97 77 70 27 51 38 57 84 86 53 30 2 85 33 23 24 60 92 0 72 71 0 54 80 22 0 57 80 64 82 50 17 60 32 87 65 35 83 32 63 17 97 100 86 16 100 62 27 86 53 8 63 30 65 50 67 6 45 24 10 71 90 34 63 78 62 3 42 31 82 69 12 15 13 44 4 24 21 50 86 64 96 30 63 67 81 96 22 86 39 83
35 58 46 24 7 67 8 80 15 36 74 57 26 70 55 91 47 90 95 50 19 1 94 19 28 90 8 30 97 5 12 86 2 3 27 46 20 55 66 10 64 80 5 11 98 79 47 20 28 95 25 80 31 4 3 94 29 51 73 91 84 69 62 29 33 96 38 53 60 14 49 57 70 0 9 75 16 9 41 25 45 92 23 64 42 0 89 91 98 86 18 8 28 38 77 6 12 31 51 65 53 79 71 48 1 78 17 19 38 74 55 73 2 13 33 92 65 99 54 85 89 72 35 64 11 43 32 28 91 60 79 23 31 56 94 56 23 21 62 46 85 10 0 51 13 15 48 21 38 18 60 89 62 62 0 44 12 77 90 17 53 88 48 36 93 88 31 46 81 61 40 18 1 5 57 97 18 74 81 18 33 99 56 72 61 70 33 82 0 19 19 29 66 11 20 27 72 35 71 73 30 7 92 40 17 25 21 90 58 45 43 30 27 39 22 83 39 22 23 62 26 62 65 38 75 20 26 38 7 53 52 100 51 25 2 42 2 69 66 33 56 77 33 7 27 33 12 94 44 97 90 14 61 4 78 72 74 18 45 54 63 32 97 62 52 83 83 3 59 11 27 14 63 21 69 29 51 52 90 29 40 41 19 2 24 59 38 1 57 18 85 88 38 10 61 11 20 97 39 29 24 89 90 17 19 87 33 54 94 4 52 74 14 10 99 65 19 19 52 39 14 15 100 56 14 18 85 18 97 26 52 24 48 27 9 47 40 46 3 98 43 23 41 72 18 25 63 6 9 53 58 36 93 95 30 61 31 28 27 58 62 24 30 74 21 5 56 35 24 73 19 70 11 84 31 94 15 96 29 85 12 29 44 1 70 25 23 89 13 89 15 49 77 12 46 97 69 91 67 38
53 44 16 3 88 8 30 3 38 3 52 6 70 80 82 77 5 58 29 11 52 53 54 69 25 57 33 58 49 55 24 100 15 46 91 86 50 72 22 61 87 24 93 71 39 85 88 52 53 7 21 43 34 42 14 68 35 36 46 56 49 70 5 21 59 61 9 67 95 86 6 39 16 35 93 33 23 20 50 84 100 99 53 30 61 55 46 72 69 98 17 99 20 20 36 33 23 78 55 41 17 33 93 28 64 88 59 18 20 13 8 33 45 66 3 7 66 100 21 66 56 76 100 25 64 82 98 79 94 39 18 22 65 18 14 67 96 38 64 43 67 83 73 69 85 41 48 83 19 23 86 55 86 44 36 51 85 65 47 65 80 98 15 25 35 78 57 54 49 87 74 36 72 19 29 33 61 2 64 5 43 73 65 20 96 96 54 0 11 9 74 84 4 38 34 25 90 64 98 77 94 55 22 81 11 15 20 22 24 26 69 64 14 44 64 65 82 48 88 17 46 64 69 90 3 2 30 89 52 53 13 90 12 37 5 6 38 35 34 35 88 57 1 32 40 71 77 71 9 82 52 75 10 47 88 41 74 49 57 63 23 94 36 70 90 89 40 90 42 10 14 98 2 72 49 14 71 99 99 99 40 86 2 9 25 21 13 31 90 72 83 91 35 42 62 60 84 31 77 10 9 39 86 100 98 37 65 24 32 34 48 32 50 1 11 19 5 77 19 18 42 21 100 73 44 80 72 74 55 32 47 20 20 76 0 29 77 29 47 65 78 17 92 56 86 68 34 64 21 48 9 30 38 87 53 47 16 36 48 38 26 26 18 0 34 2 13 96 13 55 50 2 45 49 90 12 46 19 50 7 78 57 88 12 16 2 17 92 40 13 87 86 39 6 70 5 30 66 68 82
62 92 82 96 18 83 44 7 12 39 48 5 14 88 37 39 34 98 78 41 82 17 56 94 15 1 83 45 6 13 75 86 44 82 35 69 25 82 91 78 60 76 81 54 61 94 74 80 71 14 5 87 76 95 40 76 99 91 96 4 59 20 9 96 84 47 51 92 60 68 35 54 11 10 44 14 47 25 80 84 82 46 5 57 33 5 75 59 73 3 75 18 24 32 3 58 39 100 19 94 49 44 34 44 10 43 23 92 91 76 76 30 44 60 95 8 90 87 80 32 18 5 47 96 96 44 83 90 89 9 8 91 75 60 62 37 44 56 54 10 36 86 75 1 46 4 25 48 24 46 42 6 17 34 56 92 27 93 6 36 95 6 11 85 33 16 31 9 96 38 6 78 79 70 65 91 76 76 49 8 85 52 91 61 75 85 67 26 45 69 43 37 5 11 48 17 23 33 91 87 7 85 89 48 16 96 25 75 66 36 9 22 38 58 8 30 62 74 70 5 40 87 22 72 73 66 25 36 12 86 1 4 93 66 16 97 81 41 92 82 72 35 22 86 28 23 25 24 63 38 52 95 66 95 2 97 46 15 100 5 51 21 19 49 9 42 73 82 56 41 74 76 72 36 2 55 86 64 41 89 55 65 8 76 33 47 85 55 55 9 6 8 0 1 83 29 88 13 36 39 4 98 81 92 89 18 62 37 38 73 32 16 64 65 32 32 15 14 69 53 15 0 47 51 32 54 94 50 24 26 62 50 43 94 99 32 91 92 38 6 86 10 73 95 66 58 84 48 49 93 88 12 82 13 99 76 86 77 95 9 9 44 17 47 18 21 91 99 56 63 9 2 39 64 94 71 55 100 21 51 31 43 0 96 88 4 14 98 83 47 10 4 2 31 89 29 81 19 100 13
23 82 72 59 35 32 19 75 61 11 60 86 56 71 12 41 60 37 54 80 83 18 14 6 62 93 65 35 31 8 23 31 37 45 39 42 60 92 11 67 57 47 93 44 83 39 43 57 73 27 75 43 84 26 28 50 55 94 4 19 75 5 8 66 76 1 2 85 37 78 25 2 18 3 65 55 68 14 16 36 98 47 41 58 97 64 74 39 37 18 26 33 2 96 93 27 4 83 23 58 32 93 29 31 90 92 41 92 44 20 10 54 99 53 15 53 16 89 15 0 41 84 37 37 19 14 30 20 82 31 15 32 81 32 88 94 79 15 11 1 21 61 44 70 13 91 65 40 95 77 62 71 45 3 48 98 82 49 21 99 43 30 88 12 38 0 24 31 50 35 23 5 63 39 58 66 87 60 91 41 68 20 46 50 32 58 81 24 48 33 31 12 54 35 99 1 24 20 86 98 19 81 40 76 67 83 22 40 61 47 11 23 39 27 93 71 7 66 13 100 86 16 17 72 68 38 61 20 28 58 81 26 95 18 14 88 24 3 26 45 43 89 39 39 26 23 15 55 37 97 63 94 50 2 69 77 19 4 70 93 15 27 14 44 83 56 4 15 42 55 80 43 30 50 98 11 100 25 35 95 9 100 5 30 30 31 60 26 49 67 14 68 78 40 39 7 36 11 88 63 96 35 0 36 13 35 58 99 88 8 92 88 90 35 85 73 86 23 8 26 81 72 33 85 68 34 44 77 84 11 72 82 40 6 8 51 69 49 38 87 3 87 89 89 75 1 54 96 52 59 35 87 4 28 5 29 54 47 59 29 53 32 18 100 65 54 81 95 24 90 33 84 26 45 40 36 77 38 8 75 50 30 74 1 24 85 76 81 1 32 16 8 52 23 13 68 3 44 9 61
38 51 27 24 27 46 15 80 44 89 48 71 20 44 34 17 45 24 37 75 12 18 77 34 46 88 55 60 28 68 65 17 8 8 45 28 11 91 92 78 59 6 26 94 69 87 68 59 54 98 72 61 83 57 77 22 35 15 69 91 93 81 37 57 92 31 70 80 18 46 62 30 22 73 52 26 10 4 33 1 15 4 77 87 61 85 20 32 69 100 95 26 61 54 13 59 58 89 38 37 4 92 30 61 99 31 39 90 51 51 90 2 64 18 8 91 87 84 74 72 24 87 36 34 61 52 79 8 0 12 66 80 86 43 65 54 75 12 16 41 64 43 65 85 90 54 21 26 9 88 56 75 43 67 96 7 53 93 33 5 60 100 8 12 78 20 91 26 59 65 8 9 92 65 1 89 87 21 24 19 89 32 91 61 30 46 75 76 4 39 95 3 34 69 86 36 61 91 63 75 34 45 30 90 48 38 69 63 18 85 62 68 87 49 25 12 67 31 93 18 45 33 52 44 78 1 4 38 4 33 72 18 56 56 26 82 15 62 4 10 55 19 49 80 24 65 30 38 62 70 59 77 20 94 11 55 78 17 80 43 94 89 94 89 29 12 8 39 70 8 33 13 36 48 40 87 54 52 0 80 24 71 60 95 31 83 59 9 32 96 13 60 56 20 56 64 82 87 23 42 1 13 36 36 80 33 3 54 11 40 92 11 9 89 85 31 26 99 60 36 22 71 10 59 77 89 60 55 31 89 36 79 30 38 59 96 97 18 48 90 45 60 54 81 84 11 5 8 91 89 31 78 90 55 87 5 5 29 97 9 38 43 5 45 75 6 28 36 25 32 33 35 1 70 25 17 78 67 48 19 20 4 29 60 98 44 76 66 74 22 89 68 100 31 71 89 41 55 78 37
32 16 24 3 35 25 72 9 21 85 90 35 32 19 69 85 25 72 24 13 44 11 4 4 27 53 98 43 62 25 83 73 99 78 86 66 48 26 90 81 51 89 10 18 25 27 84 1 92 21 25 9 89 9 29 56 93 78 68 55 2 39 57 85 41 21 19 7 24 10 67 44 93 68 95 81 85 67 82 88 1 65 85 52 49 17 63 41 54 21 43 57 55 93 25 63 66 21 73 4 40 2 80 7 6 52 87 48 64 1 8 68 79 60 25 99 99 66 89 33 35 95 75 89 96 40 16 26 84 24 97 14 41 26 2 47 50 48 72 2 13 84 22 84 49 36 82 100 47 28 2 30 71 82 88 15 54 58 86 60 42 70 9 20 78 56 62 92 44 93 29 4 6 61 45 5 55 75 40 62 43 64 78 51 15 43 79 77 24 1 7 94 31 58 42 33 77 100 70 67 68 9 3 58 90 21 81 61 85 47 2 5 34 92 78 16 79 63 42 96 68 82 48 68 20 97 93 59 0 47 52 6 51 55 37 42 12 20 51 12 99 50 54 79 64 9 26 92 22 93 46 88 6 47 58 94 48 43 6 97 94 20 80 74 72 26 80 32 37 85 72 9 4 89 19 74 63 4 94 40 7 33 28 83 1 68 84 75 8 7 30 69 35 87 12 90 73 0 20 51 11 61 63 79 52 10 22 28 19 73 74 40 8 27 89 46 33 72 64 20 56 4 46 3 54 22 33 65 77 63 9 4 44 68 65 93 46 54 85 39 44 85 71 23 96 60 66 79 47 94 8 73 0 67 3 15 50 85 41 83 9 48 72 45 61 17 62 75 30 36 27 75 0 57 15 53 69 89 65 56 50 61 82 14 86 81 24 43 37 12 7 5 18 97 36 11 13 0 95 98
30 94 20 84 43 91 16 56 92 18 36 22 67 20 61 88 41 89 62 85 21 50 1 34 48 59 82 65 65 50 35 9 36 23 65 80 25 7 67 31 63 34 21 92 78 60 16 98 40 83 68 56 14 92 18 61 43 53 95 77 38 81 8 11 23 32 21 74 4 100 78 63 79 81 44 70 76 84 94 80 82 61 83 88 91 69 92 96 65 13 3 84 52 63 17 38 96 27 93 98 36 70 40 69 60 49 20 92 61 51 29 68 99 91 44 76 53 60 27 49 36 83 45 53 11 18 34 3 89 60 4 31 37 65 12 97 61 87 18 8 76 62 97 26 14 39 44 81 13 39 99 25 45 15 79 24 75 96 0 22 66 99 34 95 50 64 49 89 22 72 85 82 22 64 80 50 62 10 2 80 2 77 41 86 0 21 60 13 68 60 48 13 92 34 84 6 95 77 32 32 4 47 49 54 10 30 97 8 30 96 62 70 24 34 58 54 64 10 18 32 3 77 69 60 47 6 45 74 15 32 9 8 39 57 77 92 14 5 13 91 45 96 72 31 57 99 58 18 71 30 37 75 0 98 70 58 17 95 80 98 37 46 3 7 15 67 31 17 95 26 6 8 51 16 76 53 17 24 99 57 41 75 92 89 76 89 99 44 29 34 82 86 93 42 95 91 29 81 70 26 19 64 50 17 39 48 61 31 44 26 31 61 8 58 15 57 100 85 30 34 18 49 69 60 100 31 55 16 71 31 22 28 93 84 55 34 29 82 83 30 44 60 14 0 1 60 11 49 50 85 4 9 81 89 22 50 92 84 10 40 84 7 95 99 2 39 98 52 69 64 44 96 86 88 50 8 34 98 44 81 24 57 27 35 83 66 95 16 6 1 37 84 55 37 90 32 89 85 20 31
57 69 91 79 45 95 81 44 0 7 37 16 4 82 64 34 57 19 33 42 95 82 41 80 32 56 60 84 89 8 62 7 41 34 85 97 12 52 38 4 68 13 100 74 84 80 76 19 37 15 93 84 32 46 49 57 20 47 67 4 47 34 12 54 100 51 32 63 47 81 7 29 11 73 65 32 29 84 79 66 40 60 79 75 88 90 93 51 36 47 12 42 60 30 67 36 92 91 9 55 39 15 25 92 92 64 94 37 60 34 41 48 19 56 27 29 7 51 62 72 66 91 84 0 65 27 60 74 23 90 48 42 20 18 9 23 37 48 44 74 4 9 16 34 66 76 15 15 83 93 49 69 42 45 39 91 17 35 84 1 7 56 90 67 13 80 23 96 31 33 47 71 1 65 60 45 56 66 75 96 78 32 90 36 35 26 42 0 38 72 17 61 83 1 63 86 87 67 78 6 14 0 44 5 58 32 33 66 90 22 35 53 73 48 60 33 48 49 83 49 48 39 76 34 89 11 82 54 86 10 85 30 13 7 45 86 56 10 66 38 79 72 97 64 85 38 75 2 89 28 28 95 93 8 98 3 43 34 9 84 63 69 12 44 9 91 31 13 14 89 98 54 1 89 84 89 10 72 57 55 16 38 27 76 82 79 1 72 98 77 16 72 81 99 68 14 74 21 48 22 8 21 78 66 65 0 60 93 74 98 65 43 54 73 22 72 36 13 28 54 44 4 94 69 49 24 89 99 71 29 44 47 40 38 61 16 83 41 64 54 38 38 89 15 41 59 75 50 22 46 72 70 10 37 79 14 86 70 19 33 23 54 24 90 78 71 60 28 19 37 87 29 98 30 12 69 96 67 38 63 73 11 48 9 51 15 59 42 33 11 67 40 46 15 61 80 54 88 28 35
50 41 4 66 20 57 34 99 69 22 89 76 91 50 75 0 20 66 10 63 69 56 76 39 45 28 81 72 59 63 27 95 74 71 81 77 95 67 49 97 70 43 87 11 36 32 30 21 82 71 7 70 64 2 36 29 22 28 15 75 41 86 82 46 13 3 40 89 37 76 17 24 91 48 20 10 98 56 69 28 95 34 85 34 20 58 56 91 47 44 92 23 92 12 91 70 76 25 25 7 97 20 100 90 38 60 95 79 57 74 34 61 20 72 78 68 25 89 72 44 51 9 49 31 44 9 99 74 61 91 28 52 26 44 15 57 28 32 3 63 15 52 68 24 100 74 15 29 90 66 91 39 35 37 79 84 60 23 58 22 93 39 61 51 65 7 24 7 84 45 87 73 72 2 4 21 59 81 96 84 83 43 0 30 64 100 79 77 14 56 67 54 57 57 9 73 29 80 19 70 18 94 80 42 1 91 27 52 80 28 89 19 74 96 44 47 86 4 22 3 72 3 66 93 38 69 62 35 84 80 66 98 41 97 6 62 73 20 64 30 39 23 22 85 18 95 97 17 87 85 17 86 20 95 62 98 28 32 93 48 2 19 85 44 59 98 83 75 10 80 87 13 87 77 40 6 32 85 3 40 3 38 82 24 67 34 41 47 6 61 84 5 15 84 95 92 13 60 11 98 72 42 74 94 58 90 42 51 20 65 8 60 55 82 48 40 19 82 31 85 11 78 84 32 31 57 42 31 4 16 98 63 91 88 28 69 13 21 42 79 13 2 31 31 64 78 12 98 77 27 73 39 44 60 38 23 58 50 29 43 59 59 77 87 56 67 74 93 87 87 24 93 0 78 83 95 32 1 16 29 41 60 34 69 8 74 81 48 93 83 5 64 88 4 25 62 14 67 98 41
55 50 48 18 54 91 31 54 61 7 0 16 71 80 89 33 13 44 35 58 23 74 47 29 84 38 58 24 60 72 22 100 100 50 98 85 32 11 42 10 96 97 51 26 87 36 77 13 24 100 88 5 88 17 20 76 56 9 49 72 6 69 97 82 3 14 42 97 13 17 25 41 65 53 92 37 69 93 71 91 13 84 24 1 81 83 100 9 67 50 27 74 9 40 7 17 33 19 76 100 96 52 66 6 8 64 87 52 74 88 19 32 95 5 50 58 35 65 82 92 45 40 26 26 91 52 92 10 45 95 11 72 12 49 87 15 32 89 38 60 29 41 27 51 1 32 71 69 63 19 71 60 84 7 81 48 95 65 51 90 29 67 0 41 44 82 48 38 68 86 48 52 60 45 7 16 90 46 48 29 25 24 17 82 6 47 12 15 73 75 78 44 44 81 97 53 7 14 43 47 86 82 8 78 65 30 94 93 41 37 92 81 22 76 49 38 56 9 79 32 2 41 22 1 75 91 51 68 25 58 73 80 56 33 18 99 61 1 34 39 79 28 47 30 86 76 58 33 7 16 39 60 34 94 80 17 63 44 54 33 72 35 52 56 9 32 51 36 2 85 45 80 63 79 15 36 79 23 2 8 36 57 7 52 89 21 66 70 65 15 11 51 51 51 67 13 90 78 14 43 31 56 77 65 72 36 28 96 69 85 24 100 9 71 37 51 14 93 55 9 42 82 6 82 94 12 35 92 59 74 5 80 84 91 34 57 83 36 11 51 92 7 20 69 97 65 55 2 94 2 46 38 41 98 1 37 90 9 95 76 18 54 65 28 44 29 44 18 93 60 37 60 10 27 39 14 52 16 50 47 62 23 81 76 36 84 100 79 62 42 46 43 3 9 65 4 63 34 61 11
88 19 37 93 5 40 56 43 46 10 49 35 41 0 19 78 61 46 32 60 26 70 41 17 97 20 20 53 83 43 72 37 2 54 26 42 45 19 50 60 1 8 42 41 78 32 90 24 0 49 34 7 31 56 77 66 53 22 33 26 42 97 60 70 56 44 68 38 4 38 97 88 61 3 71 91 83 62 36 41 81 11 77 47 52 48 26 16 38 99 9 87 99 84 6 52 90 40 75 11 100 47 5 32 39 97 40 32 1 19 24 58 57 4 22 93 72 83 20 87 70 38 86 80 58 96 71 99 65 52 36 16 52 10 24 8 44 27 22 46 5 62 26 69 71 71 39 73 20 18 15 47 42 20 6 8 1 83 10 97 12 3 27 68 86 4 34 80 37 38 37 64 8 61 53 85 40 100 77 43 39 4 35 71 78 38 95 97 20 38 72 10 94 67 23 32 41 55 0 69 93 43 78 26 12 37 96 19 37 82 37 95 37 65 68 35 69 25 68 99 13 60 65 75 88 48 42 22 72 39 38 2 91 5 85 34 41 57 87 21 86 40 85 56 72 22 62 73 82 43 36 23 0 5 84 43 66 91 52 42 75 43 27 43 92 100 42 47 94 79 1 47 74 36 66 15 31 77 13 70 25 49 0 73 5 33 84 71 94 51 56 11 66 11 15 23 21 18 62 54 33 15 41 60 42 52 93 54 48 75 30 35 16 10 72 45 86 17 79 94 21 89 82 78 84 12 18 94 64 78 57 0 68 18 12 79 3 95 14 52 93 56 86 36 64 89 97 74 49 0 66 46 98 58 32 67 97 75 66 94 43 92 21 100 61 97 89 10 61 42 93 26 16 29 65 24 10 4 82 45 23 70 18 93 84 79 95 43 34 2 41 96 64 35 38 23 52 97 100 86
84 62 28 5 92 81 19 8 89 56 26 15 11 81 63 24 85 44 62 83 59 8 45 74 1 21 89 55 98 45 9 12 8 29 38 35 4 34 7 93 44 29 78 93 88 52 52 37 14 45 71 2 28 32 50 32 0 36 11 15 9 42 55 1 70 67 14 46 78 81 99 66 30 46 59 98 30 22 53 13 22 77 94 51 38 76 2 7 72 31 68 23 46 35 68 3 91 41 91 19 50 76 76 56 40 88 0 63 11 45 35 91 13 38 85 73 43 62 41 61 66 38 23 2 38 0 49 54 12 19 69 12 75 14 76 28 2 4 91 100 42 82 2 100 66 42 3 5 53 12 81 85 4 95 71 72 76 68 30 64 69 34 6 25 80 0 7 70 90 52 42 34 40 42 19 73 83 53 42 45 42 8 94 46 85 50 95 36 86 56 37 59 45 19 92 34 84 27 44 37 49 72 99 76 47 15 92 44 91 88 69 72 12 91 4 77 1 96 49 10 44 64 14 12 84 48 23 73 82 91 65 43 82 16 74 39 20 92 36 33 80 13 67 22 37 28 58 67 42 35 7 54 37 49 45 46 25 66 93 48 96 19 45 13 78 6 57 38 73 25 7 92 7 15 65 15 25 56 72 60 91 98 58 4 49 64 44 80 66 46 89 56 69 72 57 70 50 78 58 68 53 4 88 57 93 31 59 4 70 48 47 15 5 44 96 94 31 5 32 24 18 12 41 56 75 10 0 85 21 31 50 73 89 35 45 56 36 61 10 79 77 36 2 69 87 75 15 3 21 11 92 58 21 99 60 64 92 63 88 61 15 23 91 48 94 18 68 71 85 57 74 16 18 11 72 86 76 67 21 91 79 100 12 79 62 54 45 13 77 11 71 21 20 51 66 100 13 52 14 25
44 67 49 76 25 45 66 99 39 2 26 52 81 47 33 15 1 28 81 31 86 70 37 50 7 100 33 27 71 13 75 59 0 2 98 83 34 93 54 64 51 61 58 81 91 29 33 72 37 20 55 11 55 46 89 88 90 91 66 37 38 9 41 34 60 81 93 78 32 29 90 72 54 21 79 91 7 47 15 18 34 39 49 56 60 11 27 84 48 48 45 24 82 33 42 83 62 73 66 20 64 78 18 31 58 18 11 98 6 93 14 50 85 72 86 85 19 21 94 74 27 75 50 84 44 64 25 18 12 10 22 54 25 61 4 87 100 23 41 48 26 42 91 68 95 24 34 18 48 73 85 35 37 59 73 15 84 49 92 18 47 57 92 75 29 11 26 99 76 22 18 42 36 86 45 32 28 63 48 59 53 57 27 1 67 93 9 100 58 16 90 93 42 1 69 28 65 98 8 86 91 79 13 94 97 84 21 29 57 61 33 3 27 48 43 98 3 24 48 91 67 62 44 39 62 16 7 47 57 84 64 27 75 51 29 17 14 63 22 33 7 84 63 94 19 16 1 11 69 88 30 15 91 41 8 18 53 5 86 50 71 48 37 4 42 15 78 78 91 8 0 27 67 60 59 28 79 83 83 55 39 57 83 35 18 42 51 93 8 38 78 62 5 65 91 55 35 66 84 84 22 5 44 2 42 66 3 80 47 34 39 45 99 23 78 57 16 43 53 8 49 36 83 8 39 60 20 29 28 88 9 27 15 35 95 54 34 86 58 5 12 83 85 39 41 20 87 7 88 27 76 43 41 72 7 38 45 34 75 92 63 45 20 8 37 73 63 94 86 23 49 21 38 58 91 93 46 0 43 100 65 0 12 18 31 13 14 58 58 95 34 43 99 83 54 7 99 64 57 39
64 46 65 85 91 18 61 15 67 50 92 15 31 7 25 32 24 87 55 82 1 91 47 73 67 96 3 7 92 69 91 65 85 94 33 13 83 81 12 100 78 23 42 4 16 51 24 48 57 71 57 32 4 96 85 13 75 57 43 8 35 29 91 86 40 80 6 77 44 50 30 49 1 80 52 86 80 4 69 55 87 77 8 94 61 12 3 98 73 53 27 97 25 83 14 30 35 57 23 39 22 72 38 14 13 90 12 10 71 1 13 21 96 25 41 46 36 78 91 60 66 7 67 8 52 76 65 49 17 100 88 74 28 53 52 11 98 26 47 35 12 44 41 31 38 59 31 70 42 98 59 93 52 13 7 49 100 82 19 4 56 78 22 2 17 14 71 87 63 94 88 71 24 26 68 7 94 0 97 78 94 34 82 16 28 1 37 33 7 50 41 40 48 98 54 81 95 14 81 15 71 1 47 5 85 50 7 92 70 47 95 51 20 98 70 52 2 91 17 31 35 65 10 36 29 45 49 58 14 46 17 88 61 88 44 66 35 93 0 75 94 75 32 78 4 95 79 31 42 51 10 73 59 95 97 58 86 17 44 93 40 25 8 61 100 79 7 1 1 85 37 92 27 55 46 63 95 20 69 86 34 11 23 69 32 86 63 60 80 15 75 56 17 17 37 53 48 31 68 37 96 3 34 64 66 87 38 65 83 19 56 38 5 1 8 79 31 94 76 28 81 82 67 31 55 92 33 72 42 40 17 40 1 59 57 27 69 27 24 4 98 5 54 35 13 62 98 44 85 28 79 36 91 89 35 22 7 8 31 64 100 40 69 94 74 59 27 59 95 64 76 64 94 56 18 82 97 98 90 52 0 27 11 83 41 34 80 8 42 18 69 46 26 1 68 72 39 9 83 17
79 81 13 88 81 42 27 50 9 51 93 63 54 1 23 17 51 28 38 25 95 67 35 2 65 57 28 40 64 11 96 50 80 75 92 22 8 85 36 11 43 89 0 98 30 98 98 7 51 81 22 40 8 70 33 93 35 73 88 40 56 98 92 64 43 21 80 3 32 94 50 8 62 15 92 84 64 23 88 39 88 45 41 39 53 8 35 76 13 3 2 22 83 0 68 93 0 74 81 59 59 98 86 25 100 48 97 51 24 63 55 0 8 2 16 45 12 86 46 17 11 28 25 15 53 47 81 87 52 80 93 88 52 27 86 14 15 37 79 75 3 1 43 93 25 53 85 80 78 59 82 77 53 46 79 0 2 87 29 90 54 80 19 79 7 95 51 25 13 71 29 95 95 0 88 15 18 82 62 42 6 99 99 81 98 62 87 42 24 78 49 46 45 13 49 21 92 52 11 60 24 22 65 34 54 48 20 4 13 76 31 70 87 9 93 94 55 1 30 56 36 78 36 13 66 78 36 92 92 88 80 58 37 41 89 83 65 91 23 4 4 89 2 94 0 42 4 44 98 68 93 42 77 2 12 64 28 83 33 29 86 1 76 44 92 3 82 62 70 39 64 56 17 65 56 42 63 20 60 36 72 75 76 44 55 51 0 12 18 27 57 45 72 61 38 84 92 45 86 76 12 63 18 75 83 79 6 93 66 13 44 11 76 81 89 11 47 38 39 74 57 9 63 43 2 67 97 27 21 98 55 97 44 61 26 34 84 89 63 43 59 45 18 100 44 39 56 19 75 70 79 86 80 45 24 53 88 19 73 80 49 17 10 86 13 50 37 16 92 83 40 51 30 16 32 84 2 29 54 7 20 64 60 62 5 20 65 35 46 4 19 15 18 7 63 34 72 62 12 26
75 72 29 13 48 79 98 73 43 11 34 58 25 21 22 10 8 84 12 70 44 42 95 36 71 82 75 67 50 23 31 69 43 31 95 93 97 26 20 93 100 29 74 94 1 93 95 6 49 4 21 35 82 79 24 98 73 38 26 9 29 59 58 100 1 65 1 91 14 43 34 24 43 19 73 19 86 44 26 59 38 18 17 99 33 96 25 77 81 13 31 88 74 85 42 44 76 33 2 86 38 46 20 31 94 3 53 7 7 75 70 68 12 6 4 35 83 9 92 32 17 5 43 68 73 86 45 84 8 35 14 79 41 37 38 98 70 21 81 43 77 91 42 19 51 43 16 30 34 37 4 24 44 28 41 8 72 68 50 42 9 6 3 62 47 67 35 6 29 59 30 6 10 15 25 0 93 8 70 30 13 25 63 0 12 50 39 64 42 93 50 67 89 78 65 59 9 26 3 43 31 41 51 58 96 51 7 42 44 90 44 79 13 75 69 48 79 43 2 48 22 48 36 82 24 51 14 55 34 76 52 93 30 17 38 51 49 33 3 19 89 23 44 49 36 97 23 95 10 56 81 29 11 99 4 54 87 29 64 25 20 26 91 32 7 79 3 5 10 60 9 88 27 6 61 62 45 95 31 17 44 95 60 14 71 55 63 88 62 51 47 42 87 86 43 85 70 7 89 23 51 70 98 3 59 11 26 65 41 79 73 28 69 49 8 25 75 88 80 13 31 71 12 6 21 57 51 54 53 83 90 64 76 26 30 64 6 56 65 62 31 99 48 87 42 74 83 20 96 28 92 60 90 85 70 48 5 71 40 3 0 37 93 75 75 7 14 13 6 78 84 70 94 92 83 72 68 62 26 39 27 7 9 47 63 6 55 26 29 59 41 73 64 16 34 39 38 74 29 98
3 69 65 9 75 17 31 39 4 36 87 42 73 21 22 84 7 3 68 61 14 15 24 21 39 76 63 58 31 15 9 27 18 17 92 0 19 47 41 0 6 11 75 69 76 86 7 33 1 74 84 57 40 0 53 49 75 70 28 3 91 65 17 29 12 72 16 41 81 72 41 0 32 10 8 43 29 72 83 35 71 90 51 29 12 30 71 33 56 79 79 89 79 45 54 99 29 19 29 61 5 39 6 34 55 74 78 40 38 62 18 58 7 49 60 1 95 99 57 0 8 59 74 43 69 42 85 60 63 17 19 19 63 66 70 55 27 19 25 28 78 95 92 74 98 25 14 68 83 79 50 87 94 54 64 23 12 14 82 36 15 19 90 58 63 79 91 82 85 74 16 10 37 60 61 87 42 45 41 38 61 21 10 64 23 5 95 42 66 58 24 57 26 84 30 78 53 36 80 27 31 61 90 56 93 35 84 19 53 42 4 52 13 6 15 95 17 83 54 45 51 93 4 12 33 74 6 10 18 93 84 86 85 32 30 87 32 40 56 100 59 86 22 93 85 59 6 48 79 8 36 21 41 100 78 75 29 0 98 7 32 16 21 12 62 89 63 63 80 59 67 1 85 34 64 65 29 31 46 91 92 33 19 88 85 57 69 54 84 18 74 92 76 27 63 63 12 63 23 45 97 70 87 8 3 68 22 11 19 5 94 30 61 66 2 40 86 99 86 71 10 82 21 15 24 97 20 83 60 54 18 57 86 38 14 64 67 90 16 94 16 59 52 3 36 69 34 24 53 100 87 21 37 99 8 89 33 91 40 54 82 3 28 74 30 8 31 76 87 77 3 32 1 31 84 46 95 41 99 35 36 85 74 34 42 96 29 72 83 19 100 53 86 70 62 99 100 52 4 45
53 46 20 88 52 71 93 16 71 21 12 88 27 74 21 71 84 67 54 9 66 56 34 80 33 71 17 93 96 95 18 79 61 27 53 29 98 74 12 38 87 16 6 57 82 21 3 77 15 37 98 55 92 96 51 99 35 84 92 94 1 59 52 70 41 24 19 83 89 47 53 33 19 58 51 96 89 100 5 16 80 21 86 33 78 40 57 96 2 100 45 51 81 52 67 17 91 86 28 38 100 81 77 44 4 88 25 17 2 57 100 54 12 85 39 37 71 60 42 80 68 43 27 45 91 91 61 0 19 45 23 78 30 71 50 85 92 89 3 79 41 49 25 83 24 9 83 25 18 54 58 63 11 85 100 49 6 20 83 75 4 64 3 51 75 20 37 73 94 84 14 19 66 91 10 65 78 28 66 38 18 6 84 96 38 94 67 69 80 89 51 89 90 53 39 90 46 71 20 9 25 68 35 97 36 44 52 97 85 95 13 98 96 45 87 95 22 14 67 16 36 76 95 59 5 51 3 95 8 16 58 33 94 50 21 20 62 32 56 90 38 2 42 48 65 82 9 89 58 70 65 17 28 37 98 5 50 48 30 58 65 85 61 71 100 62 3 93 3 4 14 24 60 83 30 44 19 95 65 95 44 44 64 78 67 35 8 17 32 26 15 26 24 3 68 63 74 46 76 98 39 66 62 54 70 80 77 55 49 30 16 79 28 60 38 56 16 21 79 54 22 15 49 26 46 95 10 33 27 78 93 82 84 54 46 24 25 83 45 33 20 59 42 7 71 8 66 88 30 88 98 16 84 31 7 17 100 1 17 92 28 57 71 80 2 18 51 89 65 54 65 92 71 59 51 11 7 68 1 45 92 28 3 39 37 89 70 47 79 26 93 36 72 14 28 75 30 69 84 2
56 100 81 9 43 15 98 97 48 65 74 71 92 72 95 60 10 97 40 20 3 98 13 65 88 62 7 9 91 11 29 97 82 38 55 40 64 7 18 70 58 63 14 31 30 50 7 37 51 7 75 38 55 67 86 19 87 97 55 51 13 4 87 88 59 66 55 39 2 95 76 56 72 69 18 92 78 7 46 41 78 41 64 28 16 59 74 70 49 64 38 91 41 90 73 78 74 39 51 74 33 92 20 26 63 20 80 75 100 59 28 8 18 0 67 65 96 50 69 75 47 26 33 46 64 33 26 15 89 6 88 64 78 93 99 2 52 7 6 90 50 71 61 43 37 91 2 38 91 55 64 50 37 33 59 77 7 73 68 43 78 80 91 35 31 22 79 78 94 81 44 97 84 82 14 66 21 70 2 41 10 69 59 23 71 20 22 96 17 36 4 29 85 51 16 2 45 42 91 97 52 99 57 50 43 4 88 90 32 73 88 36 4 61 28 15 15 63 2 92 61 46 65 72 18 61 72 71 30 7 57 81 74 40 79 94 71 15 16 2 71 58 40 7 46 61 29 93 14 97 56 69 81 46 85 96 89 96 42 38 98 79 21 36 48 90 31 56 99 10 97 5 23 17 8 54 63 13 64 22 53 89 87 78 5 2 31 32 54 85 63 31 100 34 35 32 44 91 88 15 74 18 69 96 58 87 4 39 11 87 38 41 36 64 86 7 85 60 64 23 17 8 100 84 13 45 33 33 2 86 28 30 95 25 48 42 72 34 3 11 68 21 94 46 55 14 100 93 77 63 32 47 29 6 81 99 33 15 44 91 46 20 48 12 49 32 70 86 25 85 12 90 95 40 10 27 60 7 82 38 14 6 13 18 92 70 26 31 54 2 100 62 11 67 20 75 4 47 37 49
1 60 94 98 13 27 48 31 78 49 59 95 100 96 86 18 29 96 78 18 12 15 28 15 61 28 9 45 58 76 96 6 20 64 9 54 24 46 62 57 92 56 27 81 55 95 12 57 100 67 85 65 72 88 24 75 48 19 69 66 7 67 41 7 15 43 5 1 43 75 90 55 95 89 53 40 41 85 36 75 77 34 67 17 94 87 63 83 70 16 1 62 83 83 13 32 45 22 19 25 66 37 30 95 5 90 47 70 71 25 56 72 19 60 67 51 59 72 7 41 50 38 22 99 73 37 68 85 44 59 80 23 36 11 54 72 19 18 53 15 28 72 4 8 49 73 24 27 95 77 30 49 4 23 65 60 38 44 80 48 39 92 50 49 56 83 11 83 48 32 77 30 68 81 79 11 77 85 89 70 60 56 83 83 21 44 93 3 43 51 24 67 23 19 43 34 68 93 32 59 74 38 11 76 55 78 4 44 60 6 26 35 71 77 68 84 16 57 48 39 30 28 30 74 11 62 81 84 51 95 40 56 94 73 59 71 67 10 61 20 98 78 40 47 24 11 79 8 2 24 11 17 9 38 23 98 72 21 27 89 61 38 41 63 39 27 88 27 70 8 57 58 23 2 81 59 46 59 23 64 11 0 41 36 100 24 24 86 45 60 52 98 6 99 22 85 36 74 70 1 83 59 99 49 81 26 74 31 36 61 81 38 65 39 13 73 97 35 89 64 42 4 86 60 14 68 39 61 84 95 72 95 89 24 30 92 55 6 9 45 86 82 72 66 24 92 95 97 39 48 31 3 100 31 92 52 12 25 59 2 87 70 73 85 99 9 62 53 86 35 84 31 13 6 5 68 78 41 8 49 67 69 5 19 49 65 70 52 71 15 75 83 51 14 44 60 62 21 5 50
83 15 75 45 4 90 66 73 42 94 39 67 94 64 87 82 91 32 77 61 57 90 88 39 34 48 77 42 74 81 96 92 59 61 20 70 44 48 82 39 38 32 55 73 16 84 87 47 77 7 96 28 81 38 96 78 63 60 0 66 90 2 63 50 25 48 77 50 54 8 72 83 53 61 83 27 31 41 35 40 49 89 84 87 40 49 63 2 24 35 85 79 47 13 5 66 64 1 73 62 66 67 49 94 8 51 12 61 23 53 25 48 52 23 21 60 34 80 85 12 9 68 87 40 4 30 67 5 98 38 80 40 69 73 35 21 18 4 85 59 58 60 52 46 99 43 86 63 94 17 89 64 99 39 29 64 9 86 83 52 1 51 19 13 55 99 18 61 27 46 56 76 39 2 29 8 95 24 14 59 29 12 47 79 63 71 9 42 65 65 12 84 54 67 89 68 60 32 10 91 48 18 18 56 17 63 2 63 60 4 77 22 53 37 38 33 22 95 58 24 27 10 88 39 40 18 66 50 94 62 66 14 43 58 23 72 57 55 25 34 17 40 19 36 53 2 11 10 42 3 48 3 54 39 35 67 3 39 25 27 85 4 19 27 52 75 37 64 13 12 65 79 83 9 17 89 58 10 28 14 39 14 77 32 21 27 78 89 63 85 57 82 40 83 26 68 100 46 14 42 9 48 43 87 90 73 44 55 81 88 89 9 59 31 55 10 75 38 56 89 77 8 47 79 1 67 30 61 91 39 93 81 83 47 46 67 59 16 76 60 53 45 75 83 40 5 37 45 80 12 87 43 66 54 25 92 82 98 14 21 27 45 85 10 89 51 76 62 69 73 92 21 72 12 42 74 83 64 70 52 82 88 92 72 16 37 34 59 14 80 62 93 34 89 5 77 19 78 72 5
93 19 54 20 92 31 69 88 47 4 8 94 9 39 99 12 44 4 41 0 34 62 26 35 12 85 78 94 48 77 78 79 31 45 64 59 48 33 0 55 30 91 9 53 84 87 60 38 52 13 98 79 38 44 79 65 35 22 90 25 91 95 63 81 96 56 58 76 16 55 54 73 20 1 55 43 52 29 33 100 11 35 91 72 43 13 73 9 60 81 88 73 0 95 68 60 21 12 83 65 91 46 43 49 21 46 14 65 92 55 45 46 48 16 49 54 37 70 53 67 32 3 87 93 49 33 91 1 14 12 27 8 23 39 14 95 10 2 34 35 37 92 16 23 71 95 0 59 13 4 87 21 62 49 85 97 50 56 89 84 63 51 44 59 73 54 13 65 11 20 66 86 50 32 81 76 77 78 18 26 22 12 67 82 92 73 73 28 16 88 73 58 80 80 95 20 35 4 87 37 96 38 64 57 57 36 25 14 38 45 99 100 42 53 83 51 98 4 91 36 36 68 16 26 14 75 67 92 56 58 19 91 30 27 43 87 18 72 34 74 87 51 62 9 84 55 43 35 43 70 46 54 25 60 72 90 1 11 41 79 34 98 87 12 80 70 68 65 90 19 33 72 67 7 37 5 63 61 39 18 94 80 26 41 44 90 34 3 2 0 45 10 59 60 20 96 39 65 21 28 68 83 19 26 84 25 96 32 52 91 12 91 88 58 28 64 89 23 22 22 5 32 31 53 64 26 31 89 36 70 12 23 31 5 46 58 24 2 46 42 47 19 62 28 97 27 95 69 14 97 72 69 65 14 88 30 44 7 27 77 8 35 23 82 35 13 63 23 14 66 8 44 13 85 18 60 24 35 76 74 51 79 29 56 36 4 72 96 88 24 77 8 29 22 78 3 54 25 30 42
83 20 57 48 37 71 99 83 53 74 74 9 5 94 33 45 8 68 58 36 36 6 14 25 56 5 23 58 32 10 71 64 21 66 89 78 24 15 88 93 45 3 23 0 94 16 100 49 2 95 93 28 82 83 4 11 95 100 67 40 65 57 81 40 100 6 100 39 8 83 29 16 60 80 33 50 57 87 91 17 8 87 61 78 8 5 3 39 100 71 83 35 4 96 22 72 11 98 4 95 26 15 3 33 66 29 54 82 49 0 37 43 20 79 76 5 42 2 21 54 41 52 65 3 63 41 91 52 32 72 77 69 64 53 56 55 62 70 31 19 83 19 35 49 58 96 90 5 89 5 89 32 4 90 80 81 9 3 12 49 85 36 75 72 42 22 39 44 22 38 91 45 23 3 58 75 58 3 2 80 70 72 30 84 23 90 44 2 90 89 63 42 26 9 80 99 42 21 55 2 76 47 72 71 72 44 44 82 19 25 98 7 92 72 55 90 11 73 11 29 85 26 37 61 20 27 58 95 56 64 22 20 15 55 54 28 51 87 16 32 9 95 66 85 92 52 4 73 91 1 92 91 95 22 16 1 0 32 3 94 34 8 19 42 72 52 77 64 19 20 34 66 25 2 98 40 6 20 91 77 29 77 72 94 41 97 34 88 62 8 9 51 28 38 9 18 80 50 1 13 50 39 88 63 26 43 92 33 20 49 19 33 23 46 1 84 8 17 7 95 71 2 80 20 43 38 63 71 88 23 53 63 17 94 79 72 51 36 2 31 32 26 32 10 43 62 46 86 33 70 86 63 95 93 11 78 55 84 77 65 90 19 51 91 29 35 72 0 94 20 14 53 10 78 12 64 100 39 21 20 16 37 13 65 31 29 24 26 65 62 58 65 52 12 54 50 12 98 88 5
79 67 39 7 19 81 13 66 73 46 0 93 43 53 81 31 2 45 38 100 84 98 3 54 9 68 56 46 1 30 39 84 73 94 54 48 24 5 87 97 57 79 20 0 78 7 82 23 70 79 91 8 25 51 18 69 55 59 74 5 85 17 77 4 24 21 10 77 34 87 62 54 58 3 82 78 3 66 91 10 96 30 84 86 73 39 20 14 93 5 15 10 45 26 29 100 85 97 41 11 22 10 1 86 27 51 7 45 84 95 22 75 31 59 99 35 72 47 7 47 73 45 79 83 5 68 87 79 92 42 51 32 29 44 0 24 38 88 0 41 7 91 77 58 82 74 83 97 81 51 2 72 5 13 84 65 94 39 29 95 44 93 63 93 29 16 23 41 56 92 5 89 50 36 53 15 67 14 76 69 72 68 98 38 21 49 8 84 33 92 83 27 62 52 3 31 1 46 68 9 32 43 15 98 52 82 52 96 29 37 93 60 5 78 66 76 87 100 75 24 21 49 33 60 54 69 82 35 42 10 21 85 43 56 45 84 58 70 4 50 4 6 49 79 1 54 84 95 72 14 60 31 54 83 20 15 29 66 6 97 10 81 9 5 58 47 31 53 11 90 0 81 11 25 2 19 75 14 99 36 89 22 42 90 60 77 75 37 75 47 85 62 79 64 40 36 91 83 8 22 16 7 99 88 21 6 69 78 85 2 9 14 78 4 25 88 31 48 15 24 30 83 81 43 51 34 30 20 26 60 83 47 35 10 58 14 97 72 83 40 55 74 95 14 6 22 47 41 56 8 66 88 36 5 50 3 21 63 42 55 13 39 7 40 100 54 79 79 4 36 24 14 75 13 82 58 82 58 31 79 58 24 16 5 78 71 2 72 86 65 32 41 95 87 41 44 15 65 9 67
72 39 60 6 2 48 3 82 34 14 95 80 80 6 89 83 6 15 41 92 53 76 100 88 28 71 71 33 72 45 99 86 8 12 53 44 13 65 2 42 9 20 90 90 69 11 49 42 34 66 21 59 16 47 52 66 36 24 45 47 4 88 48 90 40 93 22 54 16 46 50 42 75 14 21 13 10 48 63 78 74 97 31 62 100 85 92 16 49 49 42 82 43 93 48 41 34 29 22 25 0 13 26 11 48 73 42 13 23 95 56 59 99 31 30 55 73 18 12 6 62 82 93 93 4 15 23 47 6 53 1 81 72 47 32 17 52 95 85 45 30 44 4 67 40 81 3 48 76 24 26 91 15 90 59 40 52 100 81 36 68 37 38 84 39 51 59 21 40 48 2 49 65 36 9 80 33 90 93 0 88 20 12 64 15 11 27 32 52 21 41 86 45 72 96 99 28 74 45 61 41 47 51 31 71 87 71 62 50 94 95 46 7 86 54 58 65 59 19 45 92 65 42 21 73 39 94 28 41 79 49 93 18 73 65 79 72 63 0 38 60 33 37 22 86 61 52 38 40 50 42 23 55 64 68 29 33 69 0 37 4 35 79 91 82 99 63 29 39 75 65 3 84 86 97 28 15 65 36 92 14 15 17 13 9 93 32 6 49 92 94 71 19 70 35 58 78 81 63 64 98 84 90 17 14 71 72 16 16 6 45 65 62 39 44 81 21 77 88 64 74 41 42 58 35 81 4 44 64 49 69 26 55 51 73 80 54 72 50 12 79 81 12 56 70 61 79 56 90 5 54 29 60 80 33 17 74 79 7 73 79 58 90 16 62 26 46 22 34 43 33 3 69 8 68 30 17 99 84 68 56 51 57 50 92 72 9 4 25 33 52 35 82 25 44 14 75 66 31 1
38 54 1 24 34 57 95 81 55 55 71 39 93 85 21 64 67 97 3 94 23 97 82 7 91 65 44 49 70 6 42 27 57 56 12 1 2 23 96 22 66 27 12 2 28 66 49 25 88 19 87 16 98 2 9 88 20 73 22 38 49 55 67 13 30 59 4 69 11 65 81 45 85 85 16 93 44 68 93 63 59 66 66 32 54 36 16 87 96 6 22 56 67 34 75 95 84 46 29 89 27 68 11 11 82 98 42 10 27 62 49 51 81 72 11 3 74 77 13 77 89 68 25 45 62 47 44 35 95 46 63 9 17 35 69 3 34 83 24 34 37 43 98 2 14 79 50 81 22 24 100 50 31 88 6 35 37 81 49 89 57 84 69 37 5 33 94 46 78 91 12 99 20 62 25 84 2 62 63 54 43 28 84 34 48 85 36 60 95 44 33 76 66 17 94 38 60 49 64 31 94 23 49 73 47 61 29 4 29 51 19 47 38 89 84 18 83 76 29 17 20 96 54 63 24 22 93 83 93 16 30 51 30 31 98 75 98 84 25 43 98 40 22 48 18 99 73 10 1 24 33 87 59 38 66 28 26 0 70 5 82 78 2 11 22 45 4 19 11 94 67 47 100 92 45 92 34 34 45 5 44 69 12 2 42 43 50 23 36 93 15 85 53 9 53 28 92 96 96 55 22 6 98 39 62 37 85 59 98 88 38 77 93 62 12 4 38 3 64 23 84 90 68 36 54 49 65 71 78 98 32 88 86 99 34 40 20 28 73 79 38 42 69 100 75 14 79 20 72 37 48 57 4 33 70 45 34 13 11 67 31 24 46 17 100 52 16 68 40 75 45 8 61 67 58 0 14 42 64 57 91 54 61 85 43 5 39 94 65 43 30 24 17 34 39 11 33 99 41 11
86 27 20 33 42 29 15 3 18 50 21 54 83 87 37 18 33 82 1 66 71 73 90 93 19 40 51 2 65 83 72 27 86 47 73 68 97 48 6 31 40 78 58 27 93 44 27 2 26 8 70 66 80 87 22 84 21 42 48 38 11 38 53 66 28 68 68 76 23 2 14 40 48 35 58 40 20 94 51 74 78 30 42 20 75 56 22 80 22 66 18 10 93 55 29 75 94 13 10 45 36 64 29 88 40 34 44 47 23 8 22 68 35 45 73 78 44 50 42 11 16 74 54 30 55 32 94 83 91 22 2 73 61 71 70 19 8 19 81 35 74 89 1 72 31 47 0 96 51 52 14 27 75 22 55 7 98 52 18 48 17 78 21 88 27 74 65 81 73 75 49 20 1 49 40 52 75 93 79 80 65 89 96 11 26 39 43 40 38 63 78 26 80 56 9 17 32 76 84 90 79 57 98 91 51 91 77 90 99 12 59 64 16 27 3 0 99 35 3 13 78 56 49 35 37 86 88 10 57 26 97 83 100 11 17 16 48 25 84 6 88 5 96 51 1 42 52 74 7 83 43 16 26 80 34 78 34 17 90 75 79 45 60 59 2 87 12 82 41 95 49 31 46 52 100 27 63 96 3 79 58 57 40 64 18 35 34 39 68 77 15 6 80 52 5 7 85 9 58 33 43 78 54 87 83 75 97 87 36 23 4 39 82 78 54 94 32 7 58 28 19 22 6 29 24 90 60 38 80 85 93 63 51 49 92 46 85 72 77 71 58 41 23 89 15 84 52 39 17 79 28 53 14 94 81 27 44 11 46 58 63 20 84 30 100 39 30 59 25 27 37 68 11 78 91 27 52 34 66 40 1 68 7 34 82 83 12 90 46 24 53 14 29 34 5 73 56 59 28 20
71 15 20 37 21 24 7 36 44 85 3 26 74 20 97 64 80 29 17 68 31 88 59 70 91 96 43 34 36 2 73 49 72 18 13 19 10 48 25 81 54 67 67 0 48 70 71 10 34 37 31 46 55 33 43 72 73 43 71 61 16 88 58 58 40 43 90 10 39 29 28 43 97 41 89 36 88 87 22 87 89 87 43 95 48 61 67 40 100 83 47 74 71 9 85 59 7 27 22 87 6 81 31 28 64 90 7 25 57 24 32 38 24 72 75 31 29 53 79 55 86 71 23 86 30 90 69 71 41 4 1 32 93 67 84 23 22 28 66 89 43 29 99 77 92 24 43 27 9 50 55 84 72 14 48 29 42 11 59 89 28 75 33 7 50 66 45 35 97 68 85 28 67 53 28 84 59 80 47 85 69 77 53 62 65 19 28 83 27 53 55 86 12 99 35 81 32 75 75 19 9 14 61 87 40 59 81 20 0 17 19 38 43 42 19 48 97 26 18 33 95 77 57 60 74 31 63 74 90 51 64 98 41 7 5 14 68 32 27 83 24 65 54 73 90 56 8 26 32 62 59 100 62 12 7 60 58 43 80 44 74 9 56 25 71 100 58 3 99 38 21 15 67 43 93 37 19 67 36 36 87 32 25 78 92 91 55 30 42 86 81 5 1 52 28 88 83 86 96 20 57 33 77 79 83 9 92 5 66 2 50 46 91 59 70 80 7 9 84 89 5 2 53 80 18 69 81 32 20 22 41 76 46 78 24 77 5 67 92 42 86 2 83 23 69 1 68 73 97 5 65 36 81 55 40 25 39 18 38 93 20 0 41 16 28 31 57 41 46 84 15 85 23 46 7 56 100 73 52 40 35 92 4 38 56 11 86 46 72 9 57 39 78 49 39 76 21 72 69 36
20 48 65 12 49 85 68 38 12 13 20 22 60 17 43 15 97 17 96 21 89 86 77 73 61 29 83 74 14 59 63 60 30 73 48 22 14 22 86 3 68 13 41 36 43 20 84 93 97 73 45 81 8 24 13 54 48 35 27 86 20 16 77 29 32 81 84 55 11 54 88 8 29 14 31 17 60 49 9 82 22 87 15 86 33 86 94 90 17 8 65 6 11 86 3 84 91 71 67 60 17 59 69 84 71 67 64 9 3 11 27 42 17 80 29 32 28 30 36 85 32 95 6 9 58 42 73 50 25 67 69 71 80 70 98 47 44 77 18 72 7 20 8 23 45 55 26 71 84 54 1 37 61 62 98 91 1 95 2 82 89 7 77 81 17 54 79 61 87 98 82 33 19 47 79 19 2 51 88 99 46 42 9 100 0 16 69 53 62 52 82 99 100 84 15 66 54 62 46 39 11 78 72 7 52 84 66 89 27 92 67 16 90 72 15 34 23 20 26 28 73 52 3 15 56 13 27 28 68 67 39 89 15 2 65 54 40 2 82 32 70 65 17 7 96 40 81 62 98 94 17 27 99 41 68 72 18 21 13 58 22 68 24 40 74 18 12 1 23 66 51 50 88 50 94 36 18 76 64 67 57 60 71 76 10 72 57 0 11 71 72 66 2 95 9 23 20 13 7 59 12 85 80 64 92 99 52 29 33 79 5 57 4 76 90 20 84 5 78 11 34 22 31 77 26 40 18 3 27 90 67 96 68 18 39 61 75 42 33 95 11 16 85 95 5 89 1 10 91 31 77 99 27 62 64 96 17 56 71 70 8 62 22 85 67 67 34 83 71 56 41 17 64 68 12 7 31 35 51 49 60 13 32 18 53 100 28 9 90 28 11 52 19 34 11 84 42 28 58 89
