6 4 99 99 21 50 41 72 45 2 17 49 57 27 48 64 93 33 15 83 3 13 60 6 40 92 13 29 79 46 94 38 43 88 32 17 44 32 31 86 42 72 19 88 72 84 96 67 75 42 10 5 23 61 30 24 15 30 35 54 75 45 10 40 33 9 73 86 61 79 75 64 86 30 89 96 65 62 13 58 23 72 65 35 90 9 61 31 50 43 71 46 67 45 47 42 94 15 5 33 51 100 85 12 22 93 70 55 16 21 28 69 71 33 58 69 63 23 72 17 87 68 13 100 4 56 35 93 10 7 54 48 41 67 7 31 9 67 37 68 46 10 87 59 36 22 90 21 9 85 22 63 77 22 82 10 9 35 93 97 23 2 52 52 76 9 29 43 14 81 68 19 0 35 70 87 94 33 70 48 45 94 7 29 6 85 72 96 99 74 64 86 12 64 39 40 30 77 54 89
61 51 62 63 23 54 49 3 29 42 24 82 2 10 7 17 0 61 33 22 20 39 89 6 80 4 97 69 51 90 6 25 26 87 55 78 78 100 74 23 63 63 29 29 90 46 11 86 18 2 66 22 5 40 81 13 8 92 16 62 70 0 96 66 48 1 25 30 60 57 69 78 82 42 77 4 21 7 48 69 91 71 49 9 11 69 64 27 67 63 91 20 49 95 98 72 93 77 74 80 19 3 4 82 54 49 39 81 14 79 13 51 81 32 76 87 70 81 43 75 76 14 17 12 51 34 41 28 36 16 13 18 32 7 53 58 51 81 54 79 23 73 50 96 66 10 68 93 59 86 49 50 61 31 28 71 70 49 23 97 87 55 65 54 0 39 35 40 100 95 9 32 98 21 63 55 55 60 41 23 59 57 5 7 41 28 59 47 11 52 41 34 75 17 24 49 42 2 90 90
33 12 86 85 16 5 21 47 32 70 84 91 56 2 58 46 64 38 78 18 11 79 87 16 57 53 38 56 85 99 28 50 0 70 15 55 52 1 92 89 99 91 14 60 93 97 15 3 31 80 19 34 51 72 67 68 43 65 63 82 65 7 7 45 11 58 56 37 83 19 28 29 0 69 28 42 58 67 65 92 42 52 35 50 32 89 39 43 100 90 1 84 67 38 21 44 68 2 38 5 25 77 93 89 2 29 21 74 62 30 32 27 91 45 49 41 82 10 42 13 0 46 32 69 57 4 70 26 84 78 81 87 11 1 42 10 31 53 94 32 53 57 61 6 55 19 21 94 53 48 87 19 31 9 92 5 67 25 15 70 11 32 67 73 24 14 78 25 86 74 41 43 62 28 97 98 36 71 84 75 34 54 95 21 30 90 34 81 93 27 96 65 100 56 99 10 35 23 84 8
92 98 69 35 52 7 94 81 61 53 48 100 76 74 31 86 90 40 1 13 15 67 45 9 71 97 5 79 39 44 74 79 58 6 11 2 54 8 7 12 8 81 58 74 0 9 76 40 17 75 86 74 75 51 14 88 5 87 80 47 1 79 55 88 82 20 79 39 35 98 79 31 76 89 43 26 47 98 12 80 45 90 16 16 48 30 6 25 73 14 62 92 38 48 84 67 6 17 98 18 1 33 37 87 5 12 33 43 23 54 16 78 60 90 94 77 74 91 59 89 58 74 33 60 97 93 42 29 89 71 91 36 86 40 95 34 95 43 36 36 55 17 34 16 56 35 58 83 48 11 91 52 65 87 53 6 89 84 16 50 55 35 58 5 24 69 77 48 40 16 74 92 87 36 31 78 33 30 18 47 47 53 22 88 28 38 88 17 84 51 31 5 71 53 73 62 91 62 88 14
32 2 42 64 81 14 2 63 19 35 93 35 30 4 95 67 4 46 84 48 35 54 60 93 55 26 19 59 89 0 43 10 46 47 51 10 91 30 61 65 70 60 62 43 1 99 47 49 11 51 48 84 16 21 93 23 63 85 43 36 52 28 83 21 69 10 50 100 67 58 94 67 56 33 38 44 93 61 97 46 54 41 70 5 82 72 49 73 1 76 18 8 78 100 91 38 93 23 63 81 92 19 2 65 15 51 4 79 6 36 93 88 27 76 26 51 26 84 94 8 88 25 36 44 85 69 15 6 8 78 15 78 64 11 31 8 38 85 22 97 9 0 7 60 61 28 53 51 93 79 24 57 26 72 75 20 0 64 3 37 2 73 69 83 62 92 65 96 2 26 66 6 72 57 50 86 30 65 55 72 97 34 60 99 46 84 89 17 82 34 94 8 56 84 29 22 1 88 70 100
37 55 79 45 30 99 47 8 29 55 25 39 99 8 40 23 71 26 69 40 93 33 97 84 39 38 99 57 8 99 66 42 98 70 100 49 70 33 21 71 71 34 54 12 85 12 5 90 17 76 77 21 76 65 1 75 64 44 97 89 37 15 82 94 76 71 44 39 20 89 24 92 9 66 26 34 72 15 85 22 38 19 1 49 32 31 44 68 62 13 19 42 72 96 49 45 15 16 31 80 58 74 50 13 72 48 14 22 98 55 80 4 0 89 53 52 33 67 43 82 53 41 34 33 9 5 20 91 83 53 83 20 37 68 60 13 3 16 47 84 94 31 82 24 10 1 17 21 74 82 50 68 83 90 25 67 81 4 32 80 79 24 89 58 15 5 31 88 44 96 10 89 9 78 10 99 50 37 40 21 95 17 87 6 53 89 90 79 76 91 2 63 24 9 20 44 34 55 52 55
39 2 8 7 21 57 16 20 62 46 68 30 70 22 18 41 66 92 98 30 17 44 8 61 4 73 2 15 80 76 93 33 49 22 42 15 86 36 88 76 31 53 45 4 34 55 83 97 53 85 100 11 41 9 99 37 54 14 7 69 49 0 16 29 28 41 16 26 49 17 95 23 11 40 16 80 76 76 49 24 67 60 69 92 74 54 56 94 49 90 0 23 28 7 20 94 84 47 21 51 65 34 3 75 9 90 17 80 32 35 32 24 87 38 15 20 14 32 91 30 93 41 85 11 57 67 92 94 1 51 48 87 97 35 11 27 45 66 79 90 94 76 68 79 5 62 60 17 94 84 20 3 34 27 9 31 47 56 59 64 88 25 88 55 21 64 66 70 40 79 0 23 43 13 1 58 98 72 70 60 50 23 23 72 64 50 89 3 46 24 8 29 46 89 20 75 37 18 8 37
80 74 20 93 38 48 34 14 18 92 64 57 46 70 56 78 12 76 98 3 75 85 45 5 77 64 31 65 15 19 51 11 49 70 75 77 99 42 96 64 68 0 20 46 98 34 51 85 24 64 5 9 27 55 78 7 32 87 61 28 45 29 85 68 7 50 50 6 7 94 25 3 91 85 2 42 71 81 81 57 91 3 79 38 95 8 99 17 32 39 39 36 10 62 23 41 23 27 93 7 67 95 67 61 65 38 86 25 54 60 19 34 88 34 70 94 76 7 16 78 16 41 60 50 31 96 1 44 36 66 13 40 63 21 58 28 1 92 4 7 26 9 25 3 54 10 50 62 17 43 15 63 23 38 17 36 89 3 40 96 6 15 53 98 18 15 100 15 83 25 67 30 28 90 91 74 56 88 65 92 31 61 23 83 12 92 82 39 16 41 18 99 66 96 53 14 83 1 50 94
70 93 2 41 4 69 85 100 84 1 13 89 30 53 60 35 68 44 51 100 23 51 47 16 35 49 46 13 23 89 61 39 89 77 17 48 20 30 78 64 26 30 51 22 21 24 88 94 17 69 2 47 89 28 75 83 57 5 12 71 37 72 19 64 39 84 40 81 59 70 36 58 100 83 31 90 36 57 32 22 77 60 89 3 12 86 40 41 8 64 56 19 33 34 45 0 33 7 22 64 25 61 31 22 14 60 39 14 86 9 12 97 7 84 4 97 22 73 23 71 88 47 40 29 59 99 18 32 68 5 42 15 51 27 30 61 47 99 45 39 21 95 82 47 5 62 93 21 88 74 0 61 32 88 41 57 43 89 26 40 12 31 22 96 76 96 90 25 100 25 37 90 40 88 25 12 5 50 41 57 73 90 8 8 73 46 41 11 26 12 73 19 58 56 65 0 17 88 52 25
13 13 90 57 11 78 35 75 94 17 20 81 15 97 43 77 59 80 93 95 72 47 34 13 23 88 23 5 73 46 45 36 10 4 3 70 38 29 85 18 53 23 83 55 74 6 75 17 11 88 55 73 14 38 99 3 57 96 12 93 83 61 59 99 3 88 98 72 12 10 100 49 73 90 14 15 72 43 12 6 95 40 1 27 86 17 12 2 42 0 68 55 3 82 38 71 95 98 86 7 5 76 41 26 42 76 65 19 41 42 55 16 93 46 82 85 66 97 84 71 17 40 20 43 12 93 33 52 20 25 76 59 13 0 46 38 65 90 21 61 100 60 46 100 67 9 10 79 25 81 38 37 41 96 20 19 14 91 91 37 81 17 47 81 4 50 17 54 61 35 71 96 84 40 44 24 5 49 89 82 53 54 50 27 87 99 35 37 21 95 25 74 57 70 56 77 78 16 62 42
48 98 5 23 63 17 98 4 65 47 38 62 100 92 15 21 59 5 2 94 56 41 24 1 67 26 81 38 74 91 67 72 50 28 53 48 59 48 55 32 64 47 5 4 87 23 21 98 81 60 99 58 62 27 28 58 73 2 53 14 45 49 98 56 6 78 40 90 15 61 40 40 18 7 49 77 1 65 92 43 63 21 29 31 64 59 58 49 26 30 18 98 85 33 41 77 62 53 44 90 55 98 76 49 10 43 49 55 98 45 63 15 23 62 60 35 96 94 0 6 4 95 51 0 22 15 99 74 66 87 71 7 99 90 84 88 88 8 61 99 1 26 41 2 61 64 45 44 99 13 45 15 7 9 87 34 2 75 0 89 8 24 82 87 9 76 47 42 4 56 71 0 41 8 6 66 99 17 7 72 28 91 27 21 6 6 50 25 96 72 83 85 63 45 23 41 3 58 39 29
42 48 88 89 36 1 76 9 14 55 24 41 4 91 70 91 89 94 63 28 92 45 15 59 74 53 28 11 39 41 23 85 77 45 32 28 57 51 10 31 19 90 98 14 16 77 29 29 63 61 32 99 37 9 9 79 70 26 10 42 52 92 83 23 3 57 83 26 52 24 8 6 100 66 71 81 35 23 35 72 22 72 71 27 64 36 88 48 73 86 5 9 26 64 66 96 23 74 95 26 5 10 18 81 92 61 56 0 69 59 12 99 71 36 89 7 31 39 30 9 56 80 38 92 16 60 41 22 94 71 16 43 73 98 30 97 39 76 56 90 60 38 29 70 5 38 86 14 100 17 70 19 0 57 38 11 12 59 44 69 18 25 41 40 42 84 19 20 35 60 37 57 73 85 78 91 44 29 87 97 54 35 11 16 62 78 67 88 72 59 26 64 55 13 37 64 94 90 11 96
46 59 96 40 77 73 50 63 100 74 10 81 81 23 36 86 47 61 56 99 28 87 94 30 97 60 81 64 41 60 54 35 34 70 43 22 92 69 62 10 42 68 5 63 21 86 11 14 48 4 19 33 48 54 24 78 73 93 51 29 93 59 75 54 39 32 96 22 39 35 32 100 55 89 30 14 78 9 90 40 9 27 38 39 5 1 35 91 72 58 35 16 73 70 71 75 15 19 63 2 94 20 94 28 27 74 22 8 31 65 47 28 97 15 95 45 16 91 2 76 51 75 62 7 58 76 44 76 48 30 74 11 74 78 84 95 14 83 22 16 28 36 11 90 48 24 13 98 100 29 24 48 62 100 71 97 42 96 55 12 42 35 37 88 94 98 95 99 83 91 13 98 46 24 0 32 68 70 48 37 3 32 31 71 24 77 4 50 5 33 92 43 37 0 21 41 67 55 48 65
41 10 42 13 25 90 37 14 89 79 35 76 84 92 11 93 28 70 31 64 49 82 82 100 28 73 42 29 40 81 12 47 2 36 32 78 63 14 89 21 92 33 45 54 57 16 14 58 9 18 74 50 53 73 26 81 78 95 9 24 63 10 60 55 42 94 63 24 56 65 37 28 18 36 10 2 65 96 29 71 48 75 94 9 82 95 40 37 8 12 35 70 91 9 24 19 84 51 80 56 66 94 1 55 38 66 0 32 20 10 97 85 27 58 53 52 79 3 67 3 94 25 66 59 91 56 65 91 36 19 97 53 0 70 91 51 66 73 58 12 4 96 63 11 92 60 74 22 32 92 96 67 32 4 65 3 46 57 39 100 99 100 77 66 96 1 76 96 23 88 71 23 83 4 40 38 75 37 14 18 90 5 50 86 14 55 7 25 4 14 28 19 61 68 75 30 60 38 20 62
20 25 82 4 43 28 22 18 66 60 45 96 23 35 46 32 61 95 2 16 90 86 29 41 34 19 64 41 89 31 49 28 62 82 54 51 50 59 16 41 5 87 63 62 63 27 63 61 46 98 77 54 0 45 42 88 97 50 97 72 74 24 54 37 70 81 46 68 90 68 42 26 82 9 21 78 87 87 12 87 31 93 35 8 34 94 98 66 56 13 7 71 77 69 63 48 65 36 56 68 58 8 45 46 42 51 4 67 20 34 35 5 60 10 84 70 0 73 57 69 17 53 74 16 25 0 4 79 58 51 68 69 69 91 13 15 59 38 8 18 82 4 82 8 6 69 40 98 36 94 75 39 35 23 76 47 11 16 14 66 9 36 23 70 15 12 83 21 10 99 100 68 25 100 28 49 0 26 52 87 98 18 27 26 60 40 82 75 80 82 33 10 33 46 93 31 43 88 61 61
10 37 63 39 87 23 70 67 45 55 42 12 86 43 9 17 21 84 64 15 44 23 49 20 47 82 58 97 68 85 51 80 74 28 31 39 16 62 75 37 35 55 2 40 62 93 25 66 21 42 60 12 92 84 100 47 37 30 11 43 98 44 84 19 68 72 73 36 4 88 56 71 97 44 96 7 94 56 26 0 0 90 70 64 41 60 48 58 37 82 80 26 82 33 88 69 81 31 48 25 56 94 27 86 40 58 84 45 2 91 49 12 33 33 63 56 5 6 18 96 16 55 53 48 34 26 54 3 12 22 81 80 62 4 87 85 51 95 14 53 8 30 25 74 18 48 76 49 93 51 51 79 94 66 57 44 77 81 9 76 51 78 86 30 17 17 21 36 26 45 39 86 77 96 34 12 8 10 74 35 33 22 89 17 7 65 50 51 25 50 4 17 1 84 91 74 24 88 51 35
30 23 27 92 79 60 68 96 29 8 82 62 56 76 28 65 23 90 100 6 49 56 32 77 42 24 15 85 33 19 24 26 87 66 35 78 60 98 62 58 16 14 19 60 8 15 87 11 67 46 20 45 19 9 8 2 31 39 44 8 94 97 65 47 63 38 87 79 30 39 34 46 95 33 52 93 74 8 72 90 81 58 83 27 5 33 10 14 11 8 30 96 11 97 23 90 15 49 2 67 9 24 19 69 15 24 58 77 45 31 60 12 20 7 71 77 76 66 69 59 49 35 78 74 49 18 33 93 26 43 62 11 14 92 12 37 62 0 53 3 95 79 2 29 73 61 71 31 11 100 96 72 86 33 67 11 54 61 12 73 30 37 45 45 95 93 29 88 14 79 5 67 62 25 50 59 100 39 16 96 15 87 49 79 3 41 100 67 30 38 27 69 69 17 87 18 86 67 57 16
97 85 73 87 0 89 63 28 14 87 71 6 62 15 25 76 85 2 89 63 78 73 88 93 96 36 9 33 36 84 74 45 4 59 12 54 53 6 21 1 15 18 26 69 0 54 30 54 50 59 22 55 45 83 63 24 24 93 77 76 24 59 6 20 37 23 29 65 20 98 6 3 59 65 92 67 65 79 33 9 69 38 18 93 73 10 99 2 18 32 44 27 61 58 94 2 39 55 78 90 83 53 0 39 81 66 39 74 91 61 66 71 1 90 69 90 91 63 5 14 52 83 53 69 86 80 52 30 20 92 56 53 49 57 43 17 56 80 59 100 22 43 34 56 65 73 31 78 77 95 42 49 52 92 15 98 60 100 78 3 89 74 67 25 19 22 45 74 24 6 72 32 72 18 6 11 75 29 47 70 78 70 30 50 84 70 97 95 34 9 67 92 43 39 42 83 91 51 21 1
62 94 76 88 72 86 12 8 94 85 14 51 42 25 27 56 26 66 82 83 87 48 78 37 26 53 34 8 98 55 42 85 79 100 28 77 39 76 64 6 4 41 56 42 80 91 70 98 35 44 17 10 72 40 66 14 7 40 70 97 12 80 7 93 1 11 33 22 8 3 58 4 33 65 51 18 28 95 97 5 89 52 47 69 7 85 54 62 51 68 86 21 69 36 58 50 9 95 81 32 31 87 62 83 96 54 22 66 29 31 67 37 64 39 81 45 14 62 33 72 95 81 72 31 71 77 49 9 95 76 18 99 72 4 33 83 75 94 9 5 94 31 14 77 53 5 73 7 81 19 38 84 60 1 85 45 50 56 21 47 47 87 80 2 65 89 32 27 98 96 69 30 47 41 27 13 23 76 44 45 46 40 13 4 6 69 41 88 99 71 52 66 71 55 87 10 82 85 49 23
23 18 97 78 81 95 51 9 45 77 48 21 4 68 18 87 13 73 4 16 49 59 60 91 18 1 71 21 5 5 32 33 70 65 60 14 57 66 53 60 59 60 99 87 100 18 17 24 88 81 75 11 56 69 84 80 23 67 53 78 82 4 32 40 69 77 27 94 54 63 73 62 98 15 83 93 45 20 3 78 44 55 0 20 98 80 69 97 51 41 25 19 25 25 86 72 79 95 46 43 71 37 67 32 21 52 72 60 59 32 18 95 71 50 36 67 58 37 22 86 84 19 21 36 57 10 21 78 27 97 10 26 73 71 71 89 23 5 98 84 5 7 80 87 76 9 9 12 73 30 64 79 83 84 50 2 17 22 91 59 49 60 34 58 42 66 17 73 70 100 94 40 80 92 96 57 31 16 14 80 17 67 26 38 77 52 20 63 75 14 36 60 92 32 39 87 77 54 41 14
100 66 44 100 78 23 23 65 48 25 83 97 23 80 57 17 63 3 31 87 82 24 75 73 48 68 48 34 100 26 96 90 8 15 43 90 24 26 46 27 45 97 85 87 67 86 67 62 41 93 65 75 80 79 88 100 50 98 72 86 59 18 76 69 67 54 100 37 59 55 10 67 6 50 44 67 65 63 35 84 36 5 28 53 34 50 28 95 13 29 19 23 89 13 26 82 5 36 38 20 10 55 80 62 74 95 36 29 59 28 81 27 32 29 89 0 99 9 40 3 59 63 6 28 42 23 64 59 18 23 69 98 2 90 92 4 82 68 39 34 98 19 51 56 1 41 33 59 79 44 62 66 5 91 29 7 32 9 100 59 48 3 56 78 93 25 77 34 29 0 73 100 14 90 2 77 37 11 3 53 52 83 68 35 85 93 60 24 26 29 34 100 82 90 24 44 31 45 82 18
60 75 71 56 45 32 6 81 80 20 55 87 15 89 88 66 98 39 1 45 77 48 94 68 57 79 98 10 0 18 50 82 54 74 7 20 0 15 32 74 41 63 49 16 33 39 42 16 17 18 25 97 96 44 36 75 15 70 92 97 44 30 62 88 99 92 77 27 23 4 24 8 13 72 30 5 90 1 93 68 52 4 96 0 5 23 70 40 54 48 43 61 32 23 29 83 67 42 1 34 85 82 80 51 7 76 82 42 89 87 21 3 57 56 73 64 78 17 25 23 67 0 23 15 98 69 77 1 95 38 9 76 5 15 88 51 57 58 89 22 77 28 57 100 86 24 26 41 38 23 72 86 23 28 71 55 33 26 20 6 60 54 88 58 60 58 46 97 87 34 72 10 59 38 32 39 74 2 77 65 14 51 60 55 44 63 20 16 23 28 76 34 57 63 90 16 61 18 68 65
72 56 66 75 63 45 36 2 20 8 79 10 98 38 78 3 56 9 0 88 53 7 5 32 7 29 35 5 47 34 42 1 60 65 13 0 1 61 71 77 82 33 53 92 50 7 32 42 47 28 67 74 63 36 3 50 35 77 47 87 11 17 54 16 97 37 98 99 9 74 43 88 17 58 33 38 8 67 19 83 83 88 87 94 33 23 66 50 22 38 35 83 14 74 26 7 19 58 39 39 52 82 36 76 39 24 0 45 30 27 22 56 66 13 32 34 19 34 73 23 25 88 48 12 42 30 27 96 86 3 13 14 60 92 68 43 34 63 81 62 55 35 1 79 88 92 31 88 3 24 56 49 38 46 2 99 6 24 75 34 66 85 50 75 78 87 86 75 45 2 74 13 63 41 32 0 70 90 68 71 1 38 26 7 42 73 17 81 57 14 70 27 96 69 69 34 17 35 70 69
64 61 79 97 16 16 53 31 85 56 83 12 99 97 6 8 57 19 48 76 82 70 76 72 7 51 39 43 35 29 86 25 65 0 75 55 80 34 25 48 5 93 22 96 44 92 30 37 42 95 89 33 68 43 7 58 54 37 96 22 24 54 97 51 5 89 79 73 18 34 39 37 28 99 16 29 46 70 81 27 27 4 44 49 14 38 89 0 80 96 87 28 47 80 45 23 31 60 13 70 75 31 62 68 23 67 10 77 30 26 20 82 45 78 97 51 2 25 45 94 62 92 82 67 21 93 93 82 81 38 20 47 42 61 24 4 22 86 59 36 96 51 55 13 51 92 98 10 17 42 62 77 83 66 84 65 56 85 41 3 62 39 40 77 24 79 47 6 55 56 7 43 31 95 92 27 99 27 56 42 43 57 17 24 69 66 89 22 20 85 91 70 85 40 42 14 76 94 91 70
16 37 65 78 87 74 82 89 74 26 19 53 17 42 21 6 38 26 11 26 14 24 90 38 84 19 53 18 24 1 60 8 68 75 54 78 83 1 38 81 17 53 57 86 90 52 29 50 18 68 80 17 98 19 51 17 71 61 12 12 52 54 30 81 86 82 72 99 40 5 73 98 55 9 93 76 86 23 93 42 36 57 55 23 31 2 69 58 39 99 92 66 64 30 80 80 24 93 53 2 39 69 50 97 37 2 92 56 72 80 42 65 55 30 11 7 14 70 50 100 25 69 59 9 73 66 43 55 73 55 94 15 0 38 75 36 58 85 18 87 68 100 99 24 70 3 11 5 21 3 31 36 63 45 18 18 30 27 1 97 56 44 6 41 88 32 100 0 19 85 94 78 59 22 21 65 61 7 27 29 31 34 15 21 89 11 53 95 60 54 25 83 26 92 66 75 49 66 4 32
90 37 90 82 85 14 71 88 65 10 3 65 12 1 31 75 13 1 69 58 28 75 63 25 43 92 80 70 75 29 71 80 26 96 80 8 55 85 11 83 46 44 89 90 45 37 83 94 82 87 21 8 74 9 1 77 23 74 74 20 98 68 1 83 24 10 19 64 81 99 86 28 18 12 63 73 45 15 49 46 86 60 42 55 79 61 85 37 23 17 5 52 1 46 31 27 19 84 26 99 1 6 88 31 25 29 75 66 57 67 73 75 27 89 54 3 78 12 58 67 12 42 58 86 70 33 59 16 2 69 53 86 69 86 54 25 2 58 78 46 15 33 19 48 41 26 51 30 2 10 40 36 23 39 37 77 70 93 60 96 21 66 64 70 32 25 4 11 57 86 85 10 79 23 23 36 100 54 36 66 94 98 6 33 65 33 43 36 70 33 1 77 36 90 92 52 93 20 36 20
86 46 4 10 8 75 77 60 69 78 10 94 36 54 42 35 24 26 94 78 25 45 38 96 26 59 67 49 43 29 92 77 42 20 82 3 93 87 87 7 83 23 7 62 50 65 96 67 22 1 18 66 32 99 34 16 70 51 54 16 88 41 9 68 46 41 67 65 46 2 37 1 14 16 98 89 17 66 57 67 66 38 64 0 69 42 26 12 66 10 12 45 85 29 22 32 87 31 11 38 95 58 2 94 97 51 88 79 55 20 4 86 18 83 79 0 67 13 7 62 69 47 63 84 13 35 52 84 37 65 39 86 8 83 7 27 89 5 88 28 67 55 89 93 23 0 41 82 0 24 66 77 32 57 85 31 15 74 19 0 90 10 51 80 79 33 75 0 28 26 5 12 14 6 27 39 34 28 22 89 6 13 76 39 48 97 28 31 8 35 64 14 70 24 96 88 40 31 24 15
94 40 23 30 28 40 27 14 33 9 91 70 43 43 6 19 68 46 29 90 28 75 99 22 63 16 93 75 85 96 0 86 45 60 99 47 98 0 62 4 49 23 77 37 71 80 73 75 75 64 23 58 87 31 35 0 44 32 67 43 55 40 80 51 97 26 2 18 70 10 57 36 88 29 23 27 93 38 37 16 89 45 52 86 15 34 22 28 60 22 59 43 41 84 90 48 93 55 21 3 2 38 71 10 100 88 71 78 9 42 42 5 55 97 59 63 10 56 80 27 43 59 17 57 5 8 9 46 1 83 5 47 89 44 86 33 62 78 88 51 69 64 37 28 80 32 29 8 52 42 0 70 43 36 22 78 54 5 84 95 14 37 2 21 37 94 6 46 74 23 15 84 9 95 68 34 84 33 38 59 8 31 83 73 3 29 13 42 38 25 57 27 95 49 96 56 52 61 72 80
46 71 71 75 18 55 65 70 99 30 65 51 55 29 96 10 95 75 59 65 97 18 30 45 65 82 78 19 48 80 4 20 32 41 13 19 36 37 12 54 99 82 77 29 66 63 96 38 5 26 93 79 69 48 3 66 34 59 43 65 86 23 2 67 1 29 32 73 20 31 49 98 0 92 58 48 42 13 75 48 1 99 78 11 57 19 63 84 79 36 14 45 97 10 49 56 55 78 13 71 88 5 46 14 5 46 71 44 59 56 62 32 11 33 96 39 79 20 99 70 76 40 86 52 30 28 46 42 92 27 68 56 81 39 55 63 53 43 61 77 89 19 96 81 86 81 49 74 27 92 14 54 24 40 74 73 65 44 33 20 67 68 37 8 12 45 72 0 52 57 15 69 38 20 22 35 29 70 83 72 28 43 46 0 84 28 83 66 41 56 13 23 66 57 30 12 100 37 86 25
47 99 24 16 58 42 46 57 90 28 82 69 52 10 65 49 19 29 18 23 68 10 97 27 42 50 0 95 8 23 53 48 43 46 28 79 84 78 48 71 78 98 34 38 51 98 39 42 28 77 71 78 48 95 32 56 90 67 10 71 68 36 7 81 28 89 44 1 81 73 41 76 14 69 42 60 57 37 7 26 100 12 38 30 4 1 23 51 50 15 62 35 8 3 89 19 75 35 23 55 37 86 1 24 63 62 97 9 6 83 15 70 34 33 47 5 23 33 70 56 58 74 95 91 95 20 66 26 30 64 29 43 27 81 63 15 47 57 86 75 18 19 59 62 36 34 73 77 50 88 64 5 42 28 74 11 21 3 37 79 40 87 89 40 26 67 13 22 16 46 98 47 86 33 30 91 26 57 66 1 30 98 43 51 56 91 32 97 24 17 60 86 42 35 13 34 40 71 59 75
74 86 89 58 9 54 22 57 75 12 80 55 15 29 64 89 61 81 79 14 76 79 29 42 80 14 68 91 21 82 34 92 30 63 52 2 82 78 71 19 35 48 39 48 92 64 43 35 27 35 52 8 96 83 92 21 25 21 10 54 2 18 11 45 21 69 78 79 83 45 16 69 45 5 84 25 43 53 37 55 100 31 79 4 48 66 63 90 89 56 86 52 74 80 15 87 61 99 55 98 76 79 48 49 100 24 91 16 11 60 82 35 1 69 33 22 35 79 64 41 74 15 2 23 90 73 36 30 97 68 81 51 74 28 80 20 19 28 46 16 7 25 32 27 24 33 6 96 88 38 65 97 97 43 80 59 21 10 11 81 65 77 39 8 83 15 41 73 59 57 14 86 23 49 73 57 100 61 40 58 33 45 3 34 77 92 44 11 15 72 57 76 28 61 91 43 57 16 6 42
15 22 20 20 72 96 86 57 98 10 69 59 89 0 45 10 88 21 66 74 59 17 29 4 96 36 13 16 49 62 97 87 52 89 57 98 29 45 17 37 19 86 13 78 30 70 21 48 98 51 91 43 93 70 66 27 61 43 79 18 11 63 71 35 23 85 41 13 23 6 18 41 72 96 9 61 69 93 95 18 6 5 60 77 48 61 29 28 13 55 16 47 58 75 93 7 85 57 19 4 77 50 59 19 31 56 73 70 86 45 57 84 42 37 5 37 19 50 50 71 60 28 79 27 70 15 43 75 2 42 55 8 72 85 80 65 19 97 3 26 47 23 100 38 48 68 42 24 6 6 87 20 5 12 7 71 61 80 88 90 69 76 13 64 95 91 97 5 66 54 21 58 49 92 86 45 96 92 76 55 92 22 8 45 66 23 46 56 65 98 8 64 38 75 95 56 3 53 47 10
45 86 63 67 42 18 14 95 75 98 75 64 33 38 81 45 50 54 11 77 83 86 32 24 97 40 84 9 12 5 20 16 82 97 65 45 8 60 4 56 69 27 87 40 22 76 72 58 50 72 84 87 84 81 95 4 21 6 24 2 7 70 11 31 22 48 86 10 0 47 79 19 57 59 51 23 65 50 59 95 79 74 41 50 6 86 65 17 52 3 69 51 47 79 57 48 17 33 12 58 84 91 45 13 14 67 45 10 78 93 97 100 16 83 50 100 3 69 27 98 87 15 61 70 91 40 82 77 23 68 76 55 88 75 47 40 19 56 0 32 33 23 3 85 94 39 2 35 97 35 29 98 60 3 58 46 76 99 86 3 61 97 66 18 1 53 20 85 37 51 93 28 75 17 11 56 73 81 39 61 69 0 6 83 78 31 61 72 72 45 4 75 4 28 20 54 16 70 93 44
57 36 86 45 61 22 95 0 51 52 48 62 28 26 75 90 52 2 81 7 43 3 7 30 73 46 50 83 28 47 83 56 55 43 42 2 41 32 46 82 16 7 83 48 28 43 97 9 34 70 52 37 58 73 65 15 98 18 19 54 27 18 32 95 7 30 25 60 51 3 87 78 100 5 51 89 49 87 97 66 26 79 77 16 44 78 46 73 34 34 22 21 38 0 51 64 26 53 33 11 98 9 46 47 82 35 37 29 89 40 32 92 7 77 15 38 80 24 17 80 50 95 97 98 47 16 91 11 80 68 38 50 74 21 70 4 76 80 43 26 70 32 1 72 40 12 39 18 42 39 33 40 58 17 36 84 13 54 11 32 53 1 52 80 26 1 56 27 27 34 34 67 59 1 79 88 15 30 13 68 5 33 66 73 3 6 89 8 79 27 63 48 1 81 34 67 19 7 20 49
53 93 21 60 80 17 39 0 14 96 85 35 41 56 75 93 79 38 80 95 71 99 13 81 35 86 41 81 14 42 60 9 65 91 61 81 19 0 39 65 10 51 82 40 34 23 36 27 97 14 14 89 17 42 80 100 27 77 20 1 62 81 1 36 49 84 82 82 76 55 3 76 43 32 78 33 27 70 75 54 15 32 57 17 46 14 50 98 88 67 2 66 28 59 5 73 77 41 52 0 88 49 58 94 19 100 51 90 14 48 37 60 28 88 51 87 3 78 30 41 20 29 31 33 52 34 63 96 84 57 56 90 53 85 38 0 54 25 61 63 7 78 23 40 17 60 79 66 79 37 88 66 75 84 47 86 5 78 28 11 7 35 19 34 99 14 50 0 8 46 50 29 100 33 31 57 20 58 70 89 39 30 44 95 23 74 39 48 52 11 50 13 57 63 14 58 68 91 39 46
19 55 98 63 3 37 83 37 79 89 91 75 61 62 61 90 80 64 42 47 5 23 11 79 67 76 70 67 98 62 44 8 76 73 53 100 99 72 90 50 63 99 82 81 4 27 79 95 92 79 25 82 29 28 70 36 40 54 99 79 38 1 57 12 20 67 76 19 99 49 27 70 75 82 17 54 9 68 82 81 16 44 76 96 17 26 24 51 79 14 35 48 84 84 62 64 63 42 64 51 70 58 65 76 10 93 71 56 99 90 40 13 82 35 61 55 69 5 24 97 60 49 89 63 20 41 20 56 4 68 49 22 3 74 30 55 88 57 69 21 79 61 47 76 44 86 60 28 25 14 42 19 61 34 68 20 92 20 78 60 23 89 27 32 32 7 1 96 41 68 24 84 79 14 96 43 13 53 7 40 33 75 18 50 14 65 8 41 36 88 59 98 24 37 81 13 35 57 87 12
11 87 94 18 5 40 30 35 0 78 29 11 65 56 98 32 76 66 65 71 69 65 61 36 92 91 100 52 40 95 24 94 86 40 99 70 85 39 41 78 35 73 39 26 45 19 89 99 9 90 7 38 53 50 29 2 92 40 43 58 35 53 77 24 44 25 38 68 16 30 20 45 54 36 99 16 86 1 30 51 71 85 74 89 72 87 39 83 72 31 83 83 15 30 73 39 91 74 28 30 44 46 22 39 64 73 35 97 85 62 56 88 13 61 8 82 30 89 91 41 76 41 47 14 31 38 13 26 81 42 76 0 72 44 5 43 97 33 50 95 8 43 65 49 11 73 22 88 82 53 18 70 73 30 71 60 94 52 7 35 39 86 78 8 64 83 69 67 79 51 9 6 25 42 84 52 75 13 65 56 26 64 77 59 40 91 97 35 63 12 8 73 60 13 51 43 2 82 54 9
78 82 1 80 3 56 18 46 11 73 79 46 12 75 31 14 76 30 89 70 79 48 18 74 27 22 84 94 13 21 58 80 2 3 81 85 26 98 28 0 36 3 87 62 71 45 24 71 47 28 55 8 35 24 49 30 2 59 81 82 16 5 62 91 43 98 84 10 85 96 37 54 28 73 24 27 2 65 78 42 37 19 61 28 18 13 97 42 73 67 83 42 69 57 68 41 39 27 39 5 56 50 68 93 59 82 93 19 69 0 18 43 86 86 13 11 59 38 84 79 24 67 69 49 100 82 90 37 61 99 73 92 30 31 58 60 39 66 46 8 66 76 100 61 79 58 55 60 22 97 64 58 11 62 91 93 49 6 0 20 67 25 0 5 93 44 74 78 85 50 7 91 28 68 95 56 22 44 69 52 11 91 26 42 12 99 71 81 100 88 94 16 5 67 46 81 57 36 58 88
90 78 63 61 35 7 28 68 4 78 90 78 93 2 56 96 0 17 74 87 26 16 12 7 17 43 2 67 36 37 58 9 48 41 0 47 3 85 43 0 65 1 79 52 30 4 71 24 62 75 100 36 86 18 74 24 75 97 94 75 39 7 13 85 46 17 23 48 98 49 36 92 45 80 57 49 52 61 35 69 89 21 10 33 78 99 38 63 91 38 91 80 84 16 67 59 53 1 4 82 91 66 44 3 11 56 19 70 44 92 88 10 69 47 30 33 16 54 60 52 21 42 97 56 65 83 91 39 43 50 50 91 15 91 72 44 100 47 17 90 4 71 45 10 37 44 70 12 96 56 35 47 39 97 15 64 45 35 59 97 9 1 1 47 15 10 59 98 88 100 21 14 75 43 88 38 34 35 100 39 22 56 40 74 37 51 56 89 2 52 97 79 55 24 35 27 87 16 20 82
37 38 38 57 39 73 99 50 45 66 21 87 33 6 5 0 91 92 9 51 16 99 97 93 74 87 95 37 5 34 46 47 42 34 13 82 100 100 28 85 76 20 88 12 62 16 96 60 17 6 59 93 0 69 87 85 89 32 45 82 13 59 44 98 20 7 29 80 28 40 14 0 15 75 44 23 4 77 37 59 58 47 79 26 66 67 95 20 98 91 61 22 48 70 61 70 70 26 4 24 90 26 77 40 88 23 48 78 35 29 4 43 71 42 5 46 91 73 86 9 83 11 47 60 9 93 56 99 75 85 68 23 65 31 10 17 32 51 100 61 80 28 69 35 74 72 36 39 10 85 76 85 59 98 44 99 63 90 66 95 44 74 99 84 60 5 18 81 58 96 27 78 79 54 27 74 1 6 95 92 84 38 40 21 14 99 72 0 90 53 41 14 50 41 25 99 64 15 73 23
61 86 62 94 46 61 20 64 85 36 91 63 92 11 18 21 13 94 76 75 68 55 77 48 14 90 20 44 24 20 4 63 45 20 21 40 37 63 22 68 97 98 83 70 82 83 4 54 96 55 21 14 26 46 17 95 86 32 74 87 80 100 77 81 43 64 67 21 96 40 49 92 3 80 71 67 12 93 26 17 13 18 17 97 55 54 50 25 47 76 37 85 15 84 33 38 41 53 64 76 100 50 95 82 100 83 87 23 53 4 92 9 86 43 18 8 52 97 100 64 40 10 80 47 3 96 45 1 53 79 67 33 53 44 88 76 51 92 58 76 42 25 91 45 26 6 34 10 70 67 64 15 72 88 26 68 45 1 80 7 17 28 33 88 66 84 40 16 84 5 78 9 30 84 63 25 32 28 83 91 10 2 69 11 21 80 87 16 78 34 17 35 30 9 46 5 50 2 59 41
24 49 27 11 3 93 96 29 87 62 37 28 99 47 34 100 100 2 20 55 37 98 31 37 32 1 75 88 68 25 89 40 8 57 11 37 21 63 58 68 60 84 42 20 75 35 9 21 22 78 62 68 93 16 88 23 65 64 36 80 49 78 33 85 91 73 20 94 45 17 84 39 92 100 81 64 62 33 80 1 56 40 0 34 4 58 26 99 18 54 33 28 78 18 85 95 12 31 75 71 26 33 51 6 51 28 30 49 30 77 62 46 7 85 90 41 46 47 3 71 0 26 2 81 90 75 82 6 38 89 54 27 4 59 6 86 69 19 74 79 61 26 51 75 22 21 24 56 4 14 6 48 58 32 63 47 49 18 63 67 20 5 55 43 82 41 26 2 3 54 97 23 91 8 32 9 74 56 8 6 41 11 31 97 77 5 55 30 51 36 11 58 61 90 23 2 73 22 81 75
89 46 13 92 29 74 94 78 79 97 37 81 47 15 36 15 38 5 98 11 100 84 43 14 98 100 44 68 29 56 52 37 3 60 22 36 26 14 18 33 43 29 22 100 87 56 74 6 33 16 49 40 72 3 100 99 20 79 21 70 92 18 25 78 54 36 15 48 36 12 90 42 50 9 98 86 65 100 41 0 61 36 59 10 50 45 55 14 0 90 29 51 25 28 70 30 15 52 100 94 22 68 15 79 50 30 1 47 57 25 4 77 58 56 50 61 30 29 32 47 25 34 23 4 72 33 25 54 79 74 39 58 8 55 3 66 0 76 59 53 14 16 52 100 67 51 32 0 90 31 16 17 54 7 51 47 69 75 85 94 29 75 55 6 21 32 18 66 36 3 37 27 77 97 20 76 8 49 50 51 54 98 16 34 6 63 42 68 28 23 59 39 90 72 30 27 43 14 26 57
73 83 17 8 34 44 49 83 38 53 56 87 48 41 11 75 89 7 49 78 94 13 3 68 24 61 26 25 77 28 83 52 41 84 23 56 40 20 59 81 25 85 39 48 31 77 69 21 21 30 6 100 36 19 48 77 32 34 8 61 77 98 72 67 4 26 11 34 56 81 16 42 7 78 11 67 44 0 20 82 59 40 50 60 38 1 32 48 37 44 60 16 43 0 59 94 58 83 81 37 59 83 35 62 28 95 36 33 86 2 44 25 60 46 77 31 30 10 70 50 39 29 67 32 96 91 39 57 56 47 91 28 4 43 20 8 65 26 22 37 22 0 77 19 61 89 67 65 20 52 67 83 53 36 90 52 18 40 58 70 39 26 1 91 37 20 46 39 19 55 35 10 94 87 78 82 36 11 75 13 29 12 0 12 75 99 36 79 69 2 20 45 55 89 48 15 40 97 73 84
46 11 98 33 15 35 47 73 42 78 50 30 62 81 40 17 99 67 11 4 40 85 38 74 24 87 44 42 43 18 58 87 72 39 48 25 34 53 97 78 6 35 51 9 33 56 42 85 34 31 42 100 84 81 17 20 21 59 21 29 86 13 25 73 75 31 42 61 82 71 98 51 63 54 48 48 62 51 26 94 7 76 22 78 67 12 50 73 21 53 64 48 42 50 99 93 94 96 100 72 24 41 16 73 51 69 33 37 91 45 16 24 40 87 90 49 62 22 30 54 1 18 90 34 55 56 78 94 8 38 82 10 64 39 37 1 45 67 66 7 60 73 55 21 10 68 76 14 1 98 92 33 71 80 85 84 33 99 64 61 34 46 95 40 86 19 98 6 100 41 65 28 58 25 5 9 57 100 35 47 49 100 81 23 46 100 26 39 3 95 67 65 23 91 96 72 57 6 84 96
90 31 17 2 82 10 19 57 40 0 100 23 40 86 42 75 38 45 8 85 66 85 36 45 73 77 31 34 2 84 37 30 2 94 28 4 97 80 45 58 96 96 17 83 31 98 83 47 60 17 65 19 6 52 36 14 53 50 78 51 88 45 94 63 92 29 13 22 69 48 49 81 76 76 64 90 58 44 70 95 93 47 40 1 22 70 42 65 16 55 63 27 76 85 47 9 32 82 36 64 5 92 78 81 70 98 5 48 24 45 24 43 97 94 43 95 54 41 48 64 24 14 98 63 29 17 47 23 71 15 18 94 63 52 60 43 99 68 32 86 42 7 52 67 3 61 88 2 22 61 2 46 12 41 99 6 34 67 76 30 73 65 77 70 37 95 93 43 67 10 11 66 10 17 30 99 65 78 26 32 51 74 31 7 4 69 76 41 55 79 13 25 1 92 16 6 34 8 50 15
39 10 82 81 54 92 7 4 81 17 9 80 86 51 23 4 15 40 53 29 21 30 49 49 75 14 13 66 72 85 46 8 14 89 70 6 89 6 20 99 90 66 55 53 31 15 15 73 52 49 13 32 89 81 39 86 74 48 0 65 56 63 5 52 12 23 28 98 98 86 74 33 16 79 100 92 48 99 3 6 53 71 15 69 71 54 32 68 86 10 63 19 51 2 6 19 80 99 98 79 5 80 41 82 49 3 71 25 73 85 68 62 87 70 13 66 89 83 49 78 73 52 94 23 3 77 45 4 6 94 77 14 83 28 62 6 57 26 52 41 32 33 47 63 52 18 88 16 46 51 64 52 4 48 22 77 13 36 51 100 4 81 42 73 0 94 90 21 14 52 20 82 30 8 6 10 26 30 68 1 47 61 50 75 85 41 56 57 61 40 31 75 60 50 7 36 73 80 93 56
89 51 33 4 2 41 30 33 1 64 30 80 58 93 30 47 70 77 65 88 92 74 93 89 94 90 3 26 57 9 14 4 14 12 80 96 0 55 21 92 23 80 17 92 20 52 26 25 76 5 49 18 15 62 85 38 16 78 50 17 24 81 8 35 45 82 83 3 59 63 89 65 61 17 24 81 8 78 99 96 13 76 95 27 66 60 29 85 10 11 88 80 6 14 4 7 19 13 74 92 39 90 24 91 75 67 86 23 79 58 37 57 80 82 94 1 91 13 74 26 7 27 55 45 55 42 9 84 45 6 39 88 89 38 69 60 55 46 14 76 95 77 92 22 61 66 91 24 18 68 71 69 7 52 25 30 10 22 73 46 91 23 88 73 22 16 18 43 24 56 55 23 44 27 81 2 54 27 54 60 59 92 19 45 2 90 6 95 38 50 79 40 64 51 67 1 61 72 51 57
64 77 57 24 58 98 60 20 99 22 34 53 42 62 21 47 23 88 0 82 10 56 17 14 45 88 22 77 56 2 100 98 11 12 62 76 60 64 87 10 66 41 75 99 43 29 17 55 13 99 38 10 9 36 62 21 17 61 48 67 45 14 18 93 75 97 44 86 28 36 17 40 10 19 28 96 53 40 71 59 56 61 1 22 55 71 81 72 90 4 7 3 30 50 56 51 47 79 40 4 9 100 42 99 44 85 28 48 100 79 74 41 24 77 28 91 15 4 94 29 50 23 80 71 84 19 38 27 85 68 62 41 26 62 30 31 86 9 10 18 38 18 19 20 49 34 19 20 46 15 23 59 29 39 36 88 15 15 65 95 10 33 65 50 9 85 66 75 13 96 92 50 94 47 52 63 66 63 64 96 86 34 43 64 65 58 40 73 61 63 37 79 23 10 36 64 51 94 77 86
76 32 58 15 56 41 84 43 7 100 65 84 39 8 73 21 49 59 33 6 32 58 12 30 91 46 64 28 37 86 41 82 77 55 65 54 15 53 75 4 77 31 1 17 48 62 78 72 80 37 3 32 9 5 47 22 24 9 89 78 4 96 26 68 98 100 84 86 2 34 67 61 0 2 32 29 82 78 3 5 66 16 7 7 19 2 2 34 59 31 66 83 27 53 47 5 41 83 34 80 3 58 1 18 5 63 41 58 68 96 14 48 46 48 93 94 11 12 27 25 39 64 89 64 77 41 32 65 14 0 26 31 13 3 58 63 41 35 96 58 36 41 87 76 83 51 88 23 39 29 93 0 36 59 37 7 8 31 53 92 100 12 1 51 98 32 52 79 98 81 90 76 14 79 83 17 78 80 50 78 1 88 22 70 12 85 88 86 27 85 12 66 53 49 92 54 43 42 93 51
24 56 37 89 94 77 33 53 10 80 18 21 3 94 1 51 29 41 87 45 66 89 48 22 14 17 21 100 69 22 71 93 14 20 91 96 100 17 3 85 79 86 35 46 51 86 31 66 55 27 51 88 36 100 79 50 55 24 65 11 91 52 52 92 95 44 2 37 72 95 8 89 99 1 54 81 34 2 16 70 20 19 50 30 43 8 19 4 83 57 26 20 94 24 22 33 44 20 44 27 45 80 96 52 48 74 54 2 66 17 77 75 18 28 57 82 94 91 5 99 6 20 96 22 59 83 10 79 55 14 81 63 100 70 8 89 23 5 78 35 24 70 23 27 66 62 3 40 30 14 81 39 16 34 67 84 24 15 59 28 7 88 71 91 52 78 84 9 88 79 68 73 34 66 25 89 88 87 78 86 21 30 8 13 93 66 46 76 95 67 1 52 80 86 86 59 40 79 24 64
23 29 12 33 54 27 17 45 56 96 21 66 18 34 51 27 98 69 69 56 30 59 94 47 1 85 70 76 37 90 7 18 56 50 63 29 49 91 61 45 35 88 29 51 31 36 51 48 88 91 3 70 13 51 63 50 76 37 57 14 31 95 1 39 11 49 24 85 90 27 65 0 30 31 16 97 93 81 21 58 86 91 49 86 57 12 58 54 100 54 16 40 29 48 87 2 30 95 91 42 63 65 71 56 24 20 58 78 15 5 34 97 84 16 33 48 88 65 69 39 20 27 15 98 60 20 60 29 97 37 3 97 21 56 28 13 61 17 61 43 49 91 76 56 15 64 52 7 23 79 41 25 4 28 3 78 10 20 96 57 64 66 14 67 74 48 80 70 37 38 52 47 67 76 31 55 16 64 93 24 12 98 30 72 99 68 22 38 91 44 85 32 30 44 95 100 95 55 89 57
91 33 94 9 50 34 31 78 98 35 92 11 8 95 97 69 8 31 7 95 29 1 1 85 81 68 94 66 37 99 96 32 38 41 81 21 79 61 69 11 1 88 81 10 23 91 21 95 81 81 93 7 26 81 78 98 56 98 100 47 26 14 4 88 45 97 37 52 0 80 32 57 59 22 27 27 40 84 7 55 74 37 50 36 85 60 44 32 14 68 73 3 55 37 44 12 93 88 37 60 2 23 69 52 9 12 76 54 70 25 12 28 24 49 47 5 39 36 96 35 92 12 21 28 46 81 87 38 66 32 36 20 99 88 81 87 59 52 4 47 96 24 30 75 63 44 98 25 94 57 24 84 75 21 37 82 65 31 88 6 64 55 70 52 11 99 77 17 28 47 58 65 11 56 20 78 13 8 8 83 56 6 71 52 84 87 37 100 100 22 12 6 15 73 63 36 1 89 60 25
47 19 63 62 100 79 16 33 93 2 24 91 54 11 77 6 41 30 38 8 22 31 59 14 70 21 53 33 37 89 50 42 14 79 90 22 3 52 44 87 12 73 85 99 65 16 96 60 50 100 52 85 59 6 20 34 31 44 93 26 99 33 68 6 55 10 99 42 67 88 86 93 54 6 99 39 16 49 99 36 59 60 74 7 45 26 94 94 13 49 90 19 18 26 89 76 40 60 85 87 0 68 47 99 2 96 64 100 11 56 80 9 36 27 72 48 49 76 94 29 70 72 33 81 87 30 45 43 48 87 63 52 56 94 7 15 59 39 59 5 50 22 85 96 89 1 91 16 91 33 82 87 93 5 85 6 99 41 69 26 51 22 9 48 12 48 34 93 83 90 75 77 34 34 83 18 18 23 23 85 36 77 50 32 25 7 47 6 41 89 97 68 42 62 86 12 9 25 18 81
23 98 3 87 100 94 55 38 16 92 95 43 92 61 29 18 55 61 46 65 19 59 53 88 50 11 61 5 2 51 71 40 31 81 92 29 41 95 34 43 67 81 75 88 85 93 81 54 58 94 84 74 28 3 39 14 33 86 99 20 27 76 65 71 67 10 46 10 78 45 48 73 46 65 8 11 16 60 6 34 90 52 13 3 33 52 92 0 1 79 92 95 100 52 1 22 22 62 66 90 2 3 67 57 67 96 56 75 95 83 0 70 38 40 54 7 44 2 4 94 69 34 98 57 34 4 92 30 45 56 5 29 88 15 35 62 6 19 50 32 0 33 72 92 31 77 48 32 10 19 39 30 96 79 77 6 20 65 44 30 93 62 45 25 75 71 61 59 72 95 37 27 79 24 44 84 88 31 26 89 51 9 72 33 77 13 20 20 53 55 33 36 12 60 16 51 6 47 75 7
58 44 14 20 29 100 51 69 17 96 3 65 18 5 62 21 45 68 82 69 28 96 78 8 74 58 35 97 93 82 34 29 90 2 94 79 18 3 55 77 71 70 78 21 100 2 64 52 54 99 6 53 38 49 35 55 9 25 74 6 11 68 68 61 35 57 12 3 95 84 28 48 72 95 95 0 41 84 36 36 82 17 57 6 1 17 65 60 55 70 25 49 80 46 83 19 23 87 39 62 98 17 20 69 5 53 28 84 33 68 29 37 61 11 98 28 15 29 40 12 56 21 68 68 19 19 26 93 92 13 60 32 80 85 63 69 26 3 47 70 55 93 34 100 83 0 47 37 67 80 1 45 9 25 25 41 63 4 9 34 43 55 17 6 10 64 15 79 27 61 88 0 45 80 17 5 66 4 41 87 14 6 5 32 34 86 59 34 87 61 57 88 47 59 9 54 72 87 48 28
100 41 73 41 80 1 68 57 92 1 26 24 0 76 70 3 96 93 70 68 26 6 8 84 38 29 79 20 7 27 0 62 87 34 70 49 43 96 51 47 79 61 27 0 58 30 26 25 48 72 75 74 80 64 36 0 100 20 87 2 40 93 62 11 65 40 56 35 28 91 9 0 54 23 12 48 51 90 2 58 0 0 86 21 70 36 38 35 30 14 56 77 17 76 68 88 32 22 22 49 98 84 66 29 99 22 73 94 79 28 82 15 66 36 80 8 88 76 4 98 88 82 46 24 51 59 13 41 41 32 64 100 36 7 97 28 10 11 72 98 88 97 13 18 73 19 82 6 100 97 66 75 37 54 41 30 94 63 74 12 89 73 28 63 97 81 5 84 75 50 75 57 65 90 62 41 87 30 65 11 95 32 22 35 67 18 2 25 38 73 77 98 97 66 86 60 79 88 6 8
23 58 19 71 44 100 33 91 23 54 43 44 1 43 68 52 41 57 22 15 64 92 75 44 86 65 7 72 22 80 11 58 20 79 43 52 89 43 62 34 41 38 78 92 98 95 92 0 61 24 65 83 3 66 8 9 11 59 2 44 80 5 19 50 78 68 38 100 2 30 99 37 64 17 94 41 82 12 91 52 27 73 21 81 18 8 21 29 24 13 47 33 43 82 39 80 69 64 4 62 49 99 98 5 21 11 14 75 44 60 25 7 79 75 70 11 0 70 33 76 28 26 67 92 16 6 35 90 60 21 57 14 16 79 90 49 81 57 96 30 41 42 66 1 15 62 53 3 64 43 11 21 12 35 52 6 1 6 5 90 46 24 29 76 62 27 91 33 98 62 44 45 70 45 7 67 8 77 6 10 51 54 91 19 90 15 82 76 17 78 21 31 14 86 41 14 88 43 55 0
39 22 28 31 45 3 61 61 18 2 57 99 28 13 37 10 3 83 46 39 2 19 48 77 39 89 3 44 78 47 87 95 60 86 75 86 91 96 41 77 78 92 54 33 2 20 18 77 7 80 87 95 92 42 96 10 29 89 95 71 50 34 22 75 22 44 100 90 63 48 77 88 6 21 57 67 95 10 50 71 92 11 54 93 98 10 8 91 71 75 81 12 5 61 92 33 7 36 30 19 40 36 8 97 43 98 76 14 78 61 18 18 85 43 69 70 63 41 64 82 86 23 45 47 77 74 92 75 56 94 26 21 82 37 44 16 67 8 17 37 55 23 60 100 56 61 33 28 53 75 91 56 31 54 69 17 67 61 64 10 45 72 33 84 85 57 25 93 38 17 94 66 15 60 11 90 100 41 68 27 12 66 66 85 50 71 73 19 34 36 94 51 28 94 25 62 4 50 87 82
92 76 85 42 39 43 14 29 50 28 90 76 18 76 20 70 47 3 88 30 3 26 4 64 80 56 10 60 96 100 26 100 18 84 49 69 72 1 26 43 10 4 50 34 27 9 50 21 89 6 91 36 43 38 49 24 60 53 92 84 30 14 62 37 65 100 15 93 49 90 42 100 75 46 81 89 82 28 49 72 21 22 6 26 55 100 74 97 17 55 20 39 36 63 73 60 44 87 74 60 18 70 50 79 87 70 26 98 87 50 73 25 86 62 12 19 90 35 45 87 6 18 79 34 14 76 73 91 71 32 51 20 67 39 13 85 7 42 55 61 34 44 46 19 92 77 17 73 94 62 89 20 36 29 24 51 41 68 20 56 94 9 80 62 56 36 89 21 12 81 62 41 53 76 35 28 76 83 99 90 97 25 77 70 37 63 12 57 64 57 25 77 23 66 81 30 16 33 49 82
59 16 21 31 15 65 70 93 97 48 81 70 10 77 12 9 48 49 79 15 77 15 64 3 92 62 27 2 84 4 30 37 34 67 92 18 26 67 34 80 2 32 36 88 5 78 67 13 99 9 27 94 5 85 90 83 9 62 71 8 45 86 38 52 34 5 68 22 16 72 45 89 0 93 41 63 88 93 83 22 84 50 95 36 87 56 34 3 13 95 70 43 53 64 91 83 61 88 30 7 50 34 11 52 53 21 97 91 30 85 35 0 14 41 33 53 75 94 88 43 79 11 23 91 49 65 81 71 38 90 20 28 91 100 26 75 38 28 27 15 27 83 87 87 73 30 40 52 94 77 34 13 14 90 69 46 88 33 15 20 40 88 45 3 76 22 83 52 84 21 62 38 60 67 2 25 7 10 91 82 37 60 96 42 20 4 43 87 20 73 33 53 42 61 71 33 78 62 6 19
36 26 66 80 54 19 13 17 62 31 78 59 86 12 16 32 99 94 31 55 7 45 45 12 27 65 28 4 51 81 18 32 21 30 85 86 77 59 72 71 5 52 21 3 29 4 66 94 40 27 94 36 80 52 28 65 100 44 49 86 6 2 57 26 68 7 100 31 87 44 3 92 72 7 57 82 27 74 91 13 92 93 43 22 94 94 11 57 38 57 63 75 94 39 38 17 81 99 90 28 76 79 10 54 39 31 99 58 73 68 18 43 55 42 37 19 77 98 22 11 6 19 18 73 64 10 26 3 28 24 76 4 59 72 28 22 0 10 81 63 83 89 71 37 19 70 70 97 39 46 78 96 30 72 50 16 76 0 99 17 25 85 19 26 24 98 93 76 31 2 58 30 16 69 43 95 99 85 71 80 2 54 59 54 17 15 22 51 28 80 35 32 74 61 14 34 79 57 41 23
41 69 69 83 57 9 7 37 45 11 0 98 68 41 87 9 43 62 88 39 28 67 93 58 84 23 22 9 71 16 35 94 33 100 83 35 12 15 15 77 76 61 80 5 24 27 39 61 90 43 85 14 46 19 31 76 81 0 63 3 69 93 29 3 50 18 90 51 97 48 1 23 24 8 62 42 34 16 59 28 27 19 71 24 70 64 53 52 66 0 89 74 74 66 37 26 10 89 93 83 87 22 84 78 71 68 69 3 90 72 86 56 94 80 16 54 1 96 40 0 77 20 7 47 75 98 33 4 94 4 77 35 57 82 32 39 32 10 41 47 87 90 32 22 43 43 58 2 83 68 53 78 31 85 68 19 81 52 83 19 56 50 10 62 52 48 58 81 99 68 40 49 90 89 25 1 40 14 29 95 28 53 5 5 8 36 69 16 31 89 2 63 78 79 22 95 40 34 41 21
22 67 79 26 26 0 85 67 49 72 11 76 35 49 82 39 74 56 17 90 98 0 71 20 65 36 29 13 71 52 86 76 62 95 53 4 46 49 43 29 14 100 63 90 51 98 41 37 43 78 94 94 40 47 68 9 69 80 13 1 0 94 93 10 48 47 34 33 56 23 27 22 70 86 86 55 100 10 13 79 23 19 6 56 45 57 88 77 53 77 19 8 67 100 76 80 93 77 0 39 36 90 36 29 19 71 7 68 43 50 78 7 24 86 44 10 63 3 49 60 14 65 89 28 64 77 46 25 65 46 42 49 14 81 84 14 94 43 40 13 86 48 79 1 7 12 99 27 61 8 95 13 100 56 25 15 12 97 11 10 11 46 78 24 1 13 24 56 12 95 88 74 98 97 52 85 28 89 57 23 60 80 97 15 39 87 6 64 62 40 10 18 73 85 30 19 20 73 31 93
61 9 32 64 69 14 87 3 36 60 54 88 30 58 85 43 72 57 53 78 22 48 15 88 30 79 12 32 28 74 32 78 40 29 12 27 92 42 53 54 100 85 59 49 20 62 87 71 87 13 38 68 9 35 93 69 17 87 3 22 9 58 52 82 80 31 46 90 57 1 29 57 25 58 48 64 17 68 54 28 56 65 42 99 37 21 54 18 89 73 33 4 50 83 16 37 12 77 47 1 69 71 79 23 22 15 75 50 82 55 54 11 100 48 5 94 58 6 3 93 38 58 85 2 66 68 67 10 22 35 42 60 12 23 28 20 31 14 26 10 45 98 69 74 61 38 83 30 37 26 21 86 92 49 95 63 40 30 62 30 77 63 52 97 17 17 61 98 67 83 6 54 71 76 84 23 17 56 76 97 52 66 53 18 26 92 40 67 3 31 38 83 12 98 63 89 87 83 72 61
77 36 19 99 16 67 100 28 51 32 84 62 0 69 44 35 26 97 74 4 81 19 15 36 18 24 56 61 32 75 43 59 14 18 35 34 71 56 96 39 84 86 39 86 73 59 11 52 41 51 59 45 9 23 58 86 88 86 83 1 27 94 92 74 42 4 24 10 7 71 75 15 1 40 9 86 30 24 9 35 14 67 85 61 5 65 96 33 79 60 47 25 19 5 11 24 91 70 7 85 22 55 31 26 73 66 34 57 33 67 65 54 20 44 37 40 89 92 86 11 40 76 41 22 86 39 25 82 65 25 42 8 78 75 60 23 77 36 49 44 0 50 46 47 24 40 26 66 15 31 56 74 23 40 72 98 56 93 18 12 73 19 63 83 52 38 78 64 26 28 41 71 5 78 2 79 57 13 30 62 77 59 97 83 58 51 72 21 85 97 99 47 98 77 43 79 20 22 17 10
43 66 97 75 30 19 77 5 7 13 33 30 44 30 76 23 98 25 23 55 60 34 97 21 89 54 76 36 91 17 6 82 49 65 60 43 66 43 30 0 33 74 56 34 52 51 13 34 97 21 3 41 67 48 66 48 52 57 3 42 61 49 29 33 31 27 13 61 64 48 99 76 31 7 51 43 54 94 35 71 80 54 97 95 44 98 42 75 32 23 61 4 10 1 10 51 83 4 94 77 4 41 80 90 57 51 15 19 86 54 12 15 73 29 35 37 50 18 86 11 52 77 85 64 49 89 85 61 74 46 26 51 67 70 47 58 37 15 74 5 66 42 71 23 87 78 27 97 8 61 41 27 31 6 72 71 39 81 84 30 97 0 11 50 59 12 47 72 57 47 36 17 16 42 44 56 38 75 9 97 15 83 28 61 40 26 40 5 69 90 66 8 60 0 97 8 88 67 38 73
42 2 6 85 9 77 37 19 81 66 66 35 47 59 47 20 52 73 13 74 10 90 40 10 58 28 64 39 52 87 97 99 26 59 9 5 53 98 66 12 80 25 91 7 44 20 10 85 81 33 83 54 27 11 22 43 60 13 10 43 38 13 18 14 32 34 51 32 12 88 42 100 87 36 11 77 44 24 55 45 48 28 98 91 24 35 47 98 96 49 30 93 76 7 77 29 59 59 73 99 59 96 69 41 4 86 59 27 2 29 43 17 55 23 95 42 77 73 40 8 93 35 23 45 16 75 28 90 35 2 57 68 39 18 7 35 87 89 77 27 42 5 79 76 84 8 46 80 91 49 17 84 4 43 25 100 0 94 80 78 65 86 43 33 42 32 96 41 43 100 57 79 88 83 18 62 45 84 59 29 80 56 86 41 38 27 21 4 11 24 78 72 5 91 97 47 88 49 55 33
77 36 55 37 98 96 38 50 57 3 39 88 14 68 28 93 46 4 36 46 49 20 90 69 45 22 44 1 97 92 51 71 6 56 38 40 99 77 9 6 63 77 65 90 40 66 41 12 96 93 44 34 6 47 78 67 38 30 84 90 43 15 69 88 47 32 100 59 79 20 87 40 93 36 89 58 17 4 88 44 3 22 55 22 0 82 24 55 24 20 81 91 47 67 63 24 58 70 42 87 58 57 7 45 78 53 95 95 26 63 1 75 32 95 50 26 11 41 32 88 65 11 79 42 37 69 14 34 70 76 98 65 53 66 5 74 49 44 75 84 72 77 48 61 11 24 76 38 98 98 42 32 73 99 99 55 56 72 12 14 14 30 93 17 23 39 57 50 98 44 55 45 96 60 1 98 75 62 18 33 3 24 37 95 84 89 54 80 0 48 94 6 29 4 67 80 88 44 34 65
14 46 61 65 41 1 33 8 30 25 95 27 65 8 51 84 73 16 79 51 52 73 21 77 57 22 45 88 14 32 93 7 48 73 40 76 39 45 44 60 78 95 30 43 22 79 14 95 98 21 72 15 56 61 47 46 84 20 100 28 5 41 98 40 4 8 49 21 37 81 61 34 98 10 71 59 61 28 61 67 80 71 47 9 80 19 25 26 64 59 80 51 50 19 100 37 48 48 45 21 7 79 96 68 93 22 26 54 45 23 86 40 60 49 94 81 48 3 54 8 85 11 20 17 97 76 72 26 90 13 21 28 47 60 93 100 20 76 81 63 67 100 92 90 67 71 58 98 63 36 91 92 64 95 88 2 10 77 28 85 91 18 10 88 4 4 69 14 38 74 9 29 65 85 28 88 63 59 72 80 10 71 17 40 45 12 32 27 80 100 42 28 2 48 35 71 40 67 76 6
1 99 91 61 13 8 15 13 43 31 55 54 46 31 25 62 81 88 63 87 81 6 83 48 43 68 95 49 73 48 54 39 61 27 23 6 71 41 4 3 52 98 57 36 69 55 57 69 52 72 52 26 47 9 81 27 3 93 65 66 78 71 0 16 32 89 42 61 72 70 50 79 78 18 33 43 69 96 50 79 67 9 46 55 63 80 33 1 55 96 6 21 96 22 18 69 89 45 20 15 27 15 21 63 41 27 84 30 56 42 60 57 100 58 72 40 82 52 22 88 25 20 75 26 2 30 43 7 5 33 49 80 35 22 53 22 10 92 90 0 5 80 83 88 18 46 2 3 93 18 98 36 84 75 48 30 37 21 58 22 90 16 46 34 7 100 8 25 61 9 49 8 13 60 1 43 59 39 99 47 70 81 0 10 28 99 50 99 63 33 81 94 82 87 65 18 21 41 24 53
98 70 51 60 91 32 66 50 48 37 61 19 92 76 28 17 1 58 24 36 91 21 66 31 97 12 6 94 28 63 0 60 70 62 59 18 24 25 46 88 76 26 78 49 31 0 97 0 59 75 32 50 39 78 70 60 43 56 63 42 51 78 38 57 96 18 37 90 60 34 21 95 3 23 41 81 50 5 10 34 56 33 76 1 62 34 83 29 52 92 4 81 24 68 23 71 16 2 61 57 45 22 81 32 75 23 81 61 35 13 65 71 4 14 99 100 43 16 6 28 14 50 23 19 65 37 61 48 69 62 31 27 7 57 83 46 41 88 38 75 97 23 83 46 63 11 24 79 68 89 88 26 27 2 30 87 51 69 32 16 19 9 62 49 30 66 24 87 38 15 5 41 77 100 21 70 92 76 40 38 32 62 68 41 76 14 49 38 57 96 4 88 6 37 27 21 2 100 4 86
32 89 37 59 46 78 76 98 49 89 10 23 47 51 82 19 87 15 34 4 62 72 82 79 21 57 59 48 85 93 10 11 2 81 45 24 50 11 73 82 86 34 38 31 44 49 17 89 53 68 7 71 34 70 48 3 24 89 62 96 23 30 19 1 78 30 79 20 73 75 49 13 91 29 19 39 92 15 41 71 98 18 76 15 45 38 32 29 31 81 40 65 50 78 79 5 45 42 58 16 35 3 95 71 31 45 69 94 68 0 61 44 94 59 98 93 83 91 89 31 90 85 13 3 12 91 96 10 86 70 13 72 37 85 14 96 0 45 10 97 89 64 38 30 72 57 9 75 1 92 52 82 20 62 33 1 58 32 18 65 83 85 71 66 31 3 100 89 38 51 3 45 100 50 35 27 45 11 48 77 9 65 50 92 21 69 27 67 69 35 61 54 30 19 91 7 84 92 49 75
51 20 17 33 79 12 24 41 73 55 55 98 57 71 38 82 92 61 73 83 74 31 58 50 69 6 18 92 24 10 75 26 21 94 11 59 82 9 63 61 43 11 53 63 94 30 66 93 81 12 27 54 94 56 1 31 68 61 38 75 68 76 24 5 7 50 84 54 80 72 11 74 61 25 14 65 90 36 47 20 57 41 6 65 98 11 34 15 39 7 79 55 53 13 37 71 5 42 58 13 71 69 39 41 58 17 85 43 4 35 64 68 30 6 64 17 100 38 95 65 83 22 74 35 85 22 100 68 18 40 38 25 22 69 71 97 22 19 15 47 51 76 83 64 26 65 49 29 53 49 20 50 11 63 68 78 17 47 51 59 44 1 61 65 67 83 98 42 61 80 58 65 5 21 80 81 34 43 27 52 4 80 76 21 10 86 94 100 83 16 87 33 17 66 1 51 38 43 56 67
27 22 20 42 19 22 5 52 14 72 48 28 71 85 99 88 19 51 83 53 56 49 18 62 60 56 45 27 78 45 55 80 13 66 65 48 89 58 22 44 40 67 79 42 23 58 13 6 99 55 92 12 66 2 36 82 47 94 90 53 52 42 15 49 3 6 37 32 80 34 73 87 36 80 7 89 7 30 65 13 29 81 8 39 88 0 37 50 32 45 40 38 89 51 26 87 85 41 77 60 53 78 36 25 34 86 45 5 25 43 48 0 22 98 39 35 4 40 57 26 27 12 94 99 73 62 71 17 89 46 72 71 59 45 51 61 69 100 13 18 99 47 83 54 49 43 28 95 41 49 50 20 100 46 24 56 57 53 38 45 68 66 45 79 20 72 96 42 74 24 63 53 33 49 6 19 58 61 40 89 65 27 96 47 45 73 17 21 20 4 7 65 11 63 17 77 58 81 5 8
83 86 63 19 35 60 66 19 91 72 66 1 98 100 14 43 15 47 15 60 66 72 94 26 74 69 49 63 99 69 24 19 45 2 61 31 64 28 68 12 54 92 43 67 90 54 13 47 22 94 79 70 53 96 94 11 47 61 80 16 66 51 75 100 17 90 10 94 16 87 33 27 67 13 0 91 53 80 64 60 95 38 67 88 72 15 85 23 61 80 85 94 97 52 48 81 49 11 50 65 57 71 49 79 17 75 18 61 48 44 60 12 52 48 65 28 95 12 68 79 77 28 30 69 70 65 77 22 83 47 41 39 11 13 0 22 32 30 45 73 65 32 14 72 55 83 72 87 80 57 80 49 6 61 55 21 76 7 49 74 83 23 13 92 34 6 48 64 100 5 37 63 11 90 47 59 79 13 7 71 28 33 73 48 93 89 39 39 33 70 32 46 12 31 59 62 20 6 75 76
93 11 7 96 61 51 25 58 50 39 6 7 86 73 27 86 5 45 66 94 40 78 24 92 84 24 46 74 56 49 13 7 52 67 23 12 76 81 20 98 24 31 31 60 82 53 81 35 88 90 11 40 81 27 11 33 8 20 23 24 57 80 49 9 96 33 43 5 98 31 25 12 82 86 67 61 6 9 34 62 65 54 76 83 54 15 45 32 41 94 48 15 54 21 67 73 62 78 46 69 18 69 61 67 2 81 15 32 0 83 70 62 41 79 18 42 55 63 37 24 96 12 44 82 90 25 50 58 70 87 1 68 98 95 22 30 66 0 58 39 68 93 67 16 26 8 48 98 87 60 94 7 4 59 64 46 6 7 5 65 85 39 44 50 39 26 59 61 28 20 39 93 65 44 65 43 73 12 25 13 54 99 3 19 92 70 45 97 94 81 79 95 90 51 14 28 71 64 23 31
94 20 49 66 13 71 60 76 100 64 50 94 25 94 100 67 51 86 78 6 51 22 8 11 64 76 20 35 86 64 24 76 37 59 19 12 39 57 52 52 15 22 49 80 62 79 14 41 3 27 76 1 13 23 25 8 97 95 37 69 1 93 43 89 50 42 6 46 33 98 47 63 13 66 82 88 86 61 5 76 25 72 99 45 46 42 49 92 27 21 81 49 20 62 70 27 52 3 15 97 52 21 63 72 24 19 66 45 27 38 29 3 100 67 13 71 63 9 81 59 77 59 45 35 46 0 74 27 0 3 70 83 58 99 46 52 58 20 47 15 38 83 18 87 36 38 77 58 71 72 21 6 25 41 86 67 44 16 41 90 38 40 40 74 71 51 87 97 83 100 39 73 75 87 73 65 96 84 14 89 28 65 52 58 54 9 84 51 96 3 3 14 23 53 63 32 44 2 50 87
30 58 78 65 2 67 29 31 0 80 27 90 35 89 96 86 18 39 32 16 10 51 19 2 56 59 32 26 6 90 37 84 91 25 90 21 37 53 92 14 94 2 14 50 27 22 75 38 34 23 88 59 37 60 9 54 80 63 72 80 52 51 21 16 59 14 84 28 37 4 44 14 36 16 22 36 67 41 23 39 5 53 16 5 1 43 8 99 76 38 16 74 91 89 39 84 12 73 85 50 72 95 97 94 58 36 57 71 33 26 84 38 100 12 68 45 38 64 39 82 64 5 49 71 54 3 16 43 65 41 24 66 54 64 69 45 39 65 81 79 35 46 34 61 39 50 30 42 27 25 12 22 2 21 86 5 1 52 71 34 18 84 30 40 1 55 22 60 34 40 86 6 4 24 95 72 7 95 98 68 6 64 88 49 26 35 2 39 41 98 58 37 51 60 13 46 58 8 6 21
98 70 91 17 62 13 85 99 83 36 61 19 0 64 72 77 94 24 90 67 60 62 64 57 43 22 40 14 12 73 70 52 84 26 69 21 45 49 61 80 12 25 33 52 31 7 54 93 12 97 37 48 70 79 79 84 28 55 81 94 5 65 58 18 72 18 99 77 79 5 78 80 94 4 10 2 86 24 58 75 15 94 32 22 83 5 99 100 85 35 81 33 66 49 5 48 56 6 65 11 79 12 53 14 95 2 29 34 96 54 66 63 95 2 0 81 78 30 98 68 56 75 30 78 70 45 20 70 19 31 73 78 88 41 33 13 36 28 58 60 75 66 31 100 6 93 89 17 87 53 37 27 70 66 48 67 85 95 81 82 5 56 10 10 93 16 29 47 62 4 91 42 2 92 78 19 58 6 75 53 80 31 16 15 28 88 40 91 13 69 64 38 98 76 55 6 60 15 25 74
55 8 37 54 95 88 12 5 29 77 20 15 91 59 43 23 9 20 33 39 90 25 95 66 5 67 71 18 40 57 59 94 94 81 0 60 11 58 30 8 44 65 68 81 85 7 35 4 58 20 92 77 75 16 28 35 77 3 62 53 96 67 75 70 51 82 3 73 0 44 35 57 82 30 69 100 62 43 81 19 9 79 31 52 52 17 25 84 95 42 33 3 53 31 14 5 17 36 45 35 46 15 11 22 45 39 25 12 8 82 22 68 39 36 5 78 1 10 60 19 95 24 20 39 41 36 99 31 81 65 74 79 21 80 49 27 62 38 9 50 98 84 1 96 45 10 33 96 86 99 40 3 92 45 35 57 49 73 19 16 77 27 14 61 60 41 48 42 12 98 79 67 79 49 17 55 39 75 13 20 21 55 20 65 57 49 45 81 3 86 91 11 72 67 53 59 26 63 36 34
8 60 11 35 42 99 52 76 16 86 83 8 60 25 63 0 26 33 18 21 13 31 9 26 97 58 28 24 8 88 21 15 91 94 24 22 73 8 45 81 45 97 14 85 27 30 65 61 64 63 57 90 1 94 7 84 2 75 82 56 43 4 31 1 80 44 2 100 31 11 40 10 8 54 98 58 14 93 9 59 7 10 34 85 25 77 35 82 90 44 76 50 42 12 100 63 47 20 35 11 57 59 58 70 86 48 95 73 94 36 38 24 2 30 41 50 70 93 85 48 73 57 68 39 89 38 7 92 11 31 73 30 35 60 50 52 25 95 12 82 59 44 35 33 96 93 51 10 13 58 84 94 6 65 9 55 54 2 22 92 79 12 60 82 76 33 35 28 42 17 47 74 65 88 64 67 63 22 17 42 47 51 72 4 9 33 99 62 23 30 18 75 39 13 34 17 11 52 8 34
70 42 10 20 54 91 17 0 20 99 87 64 44 88 45 8 94 7 53 53 21 51 69 74 16 10 68 30 4 86 3 26 69 74 9 30 14 24 96 43 16 57 9 29 56 41 31 83 85 88 52 90 54 91 41 2 95 39 51 30 1 46 92 74 41 100 66 99 1 20 48 71 27 27 63 66 17 71 3 72 7 59 43 74 21 23 68 48 13 14 26 11 13 92 3 58 88 58 6 20 90 82 61 3 91 40 67 96 66 37 3 54 96 45 39 21 23 28 54 70 26 13 97 24 3 74 78 41 47 100 12 31 33 90 1 17 95 9 54 58 62 99 45 48 13 17 59 62 74 81 87 6 75 18 93 90 62 32 47 51 50 13 52 67 35 40 27 41 92 89 63 61 89 61 97 37 96 26 37 35 75 98 32 18 42 66 14 13 64 29 63 81 57 67 30 92 12 75 67 27
51 28 58 36 98 43 41 45 75 17 52 2 59 67 59 41 93 48 41 70 69 96 67 22 70 46 36 57 96 24 61 9 100 20 29 85 10 11 82 21 66 17 65 4 27 13 16 29 98 91 17 11 3 46 94 30 75 52 2 93 18 9 75 76 46 40 15 95 13 69 85 0 21 86 81 50 74 5 44 93 41 53 16 1 71 63 62 79 55 88 30 46 38 72 15 98 70 85 6 0 87 32 6 73 29 33 0 18 26 69 56 51 64 36 27 83 77 17 24 21 10 33 84 82 49 22 51 26 12 53 90 58 11 63 47 46 45 33 62 63 44 55 66 2 89 20 89 42 87 76 54 8 43 20 3 72 22 1 4 42 88 46 36 93 76 93 44 65 56 95 29 17 9 17 28 94 97 62 67 94 6 57 80 70 1 99 58 69 16 18 58 14 24 94 26 98 24 74 95 11
6 60 48 76 90 84 10 49 5 99 48 18 64 75 48 93 38 18 97 14 89 66 55 92 39 10 31 53 84 18 86 46 25 76 42 98 57 43 11 74 12 47 45 70 19 21 15 25 16 2 97 71 5 2 16 64 70 22 48 33 25 51 10 36 90 58 100 43 96 42 96 64 27 93 78 70 83 95 21 39 64 95 40 100 50 98 32 16 74 68 29 19 52 15 11 51 59 87 56 81 67 6 62 86 95 56 76 85 29 70 33 16 89 92 34 58 81 36 18 61 29 24 21 14 29 90 57 27 25 86 65 25 100 27 98 27 74 8 51 70 4 43 90 81 35 30 40 20 90 0 73 78 1 33 79 25 37 38 13 81 40 17 3 57 50 21 7 91 49 10 17 90 76 11 26 96 31 91 79 1 73 44 10 22 59 43 79 71 71 65 51 31 72 97 38 25 55 30 26 96
100 76 14 93 28 28 49 76 45 26 4 19 5 92 4 83 39 100 15 70 47 58 56 19 87 36 23 88 41 71 44 97 87 10 14 64 84 20 31 31 36 27 87 97 93 30 24 16 34 78 12 29 93 47 36 91 71 54 41 25 27 97 29 40 28 14 47 65 1 3 19 96 2 35 41 95 50 31 47 50 89 88 83 20 60 90 2 66 80 60 3 89 96 85 34 100 45 79 54 10 95 95 84 3 89 86 78 6 19 89 46 73 13 35 97 65 31 28 20 97 35 46 31 42 80 79 65 50 86 84 87 14 87 14 24 2 81 23 49 88 35 11 92 82 23 77 94 56 70 43 48 14 23 9 2 66 23 11 99 10 19 78 39 26 33 58 32 45 77 14 78 77 42 81 51 40 1 74 41 48 90 21 47 52 24 56 77 83 96 48 5 90 35 27 26 50 63 90 71 51
42 34 88 99 64 57 23 54 62 49 5 87 32 65 41 80 95 0 8 62 89 3 64 71 37 41 83 34 81 96 3 71 29 41 12 95 0 66 66 47 77 6 29 86 91 50 14 33 45 34 21 40 9 68 15 38 76 38 19 84 30 85 31 58 18 12 60 88 21 93 59 44 98 5 67 20 32 88 34 1 56 29 70 100 6 61 47 67 35 33 51 85 59 40 67 79 10 14 63 4 20 62 0 74 99 16 24 81 67 52 23 17 63 66 36 45 27 86 2 58 72 5 13 99 39 52 59 17 52 1 1 6 29 37 60 66 10 92 47 76 47 77 77 100 58 31 70 0 91 57 12 92 49 41 48 83 2 75 69 16 55 24 8 9 4 87 44 94 65 68 39 100 35 85 49 18 94 42 16 2 88 50 48 46 7 5 48 54 91 6 17 94 18 50 81 19 61 20 89 26
38 92 47 47 51 28 19 68 63 50 92 94 9 8 80 91 0 19 69 48 74 11 55 91 100 58 12 88 40 76 29 36 44 28 50 19 66 19 86 51 27 81 78 7 78 75 58 53 12 71 6 53 59 44 64 43 0 44 30 76 7 56 98 57 7 34 64 41 86 71 35 19 32 56 45 67 49 52 29 70 82 90 26 96 39 12 89 28 43 74 22 65 62 44 88 42 67 39 35 46 5 13 53 25 7 23 61 13 91 44 46 39 58 75 16 21 95 78 70 79 39 18 19 1 56 53 77 84 46 68 61 18 26 52 26 80 55 61 96 22 88 73 4 6 55 56 28 86 54 28 78 68 48 47 66 81 63 52 81 16 0 45 15 64 77 80 53 53 77 83 88 68 100 15 83 76 90 71 6 45 56 80 59 30 14 35 78 51 12 98 32 67 82 98 96 21 87 46 5 38
87 15 74 22 21 67 56 39 11 19 33 63 63 83 51 14 46 16 88 40 6 98 10 34 26 94 16 36 91 31 94 61 60 9 48 28 18 80 23 87 39 59 33 10 72 66 77 60 51 75 94 76 45 57 69 11 28 62 82 28 44 45 38 86 41 87 34 42 93 76 0 12 30 90 100 23 2 55 65 79 81 59 75 29 62 20 75 2 49 84 12 40 78 52 27 10 19 59 50 77 71 57 73 9 64 26 38 42 50 30 30 73 95 12 61 9 10 44 20 43 52 32 13 49 31 30 9 33 24 41 55 36 0 59 3 23 25 98 84 100 22 60 49 18 47 95 91 11 81 9 67 12 19 88 57 52 47 11 34 17 100 12 22 52 45 1 82 100 29 5 58 68 93 19 82 75 15 98 54 39 97 53 34 10 76 57 86 93 71 55 52 14 57 20 61 14 80 100 68 82
21 93 15 89 42 84 27 82 32 4 54 64 72 84 28 57 21 51 18 66 88 19 29 99 56 56 17 64 100 44 52 46 81 20 49 94 91 56 38 39 17 66 94 25 62 94 53 5 14 36 95 47 10 28 95 57 45 71 44 20 28 14 25 49 94 26 34 0 26 56 48 46 57 92 70 17 79 41 77 73 19 52 78 60 77 29 16 12 27 83 51 16 27 97 45 84 74 17 90 76 55 11 68 49 2 32 38 59 36 97 40 95 89 1 35 29 13 51 2 27 23 76 90 81 72 37 0 31 79 58 68 65 64 66 75 2 13 20 19 19 70 9 95 54 91 36 3 51 71 75 56 2 35 49 74 86 79 95 55 47 1 54 27 88 48 41 35 41 80 43 10 66 11 4 90 96 90 66 13 38 53 68 5 63 71 6 6 65 18 92 7 45 86 63 33 88 40 72 44 5
94 90 72 41 82 6 67 91 51 40 10 10 67 68 30 66 100 8 2 24 76 26 69 74 65 15 4 65 13 5 75 62 89 31 42 27 80 16 37 39 74 96 43 64 91 14 81 73 38 18 69 17 52 76 77 69 76 29 55 29 4 41 51 42 81 33 44 79 89 56 27 13 38 67 8 50 6 62 50 48 92 62 61 63 41 75 41 65 28 37 33 25 61 24 15 32 51 81 80 68 30 70 28 95 69 31 53 93 42 70 87 50 32 98 39 83 93 47 93 2 55 68 87 82 39 9 38 24 28 89 65 34 49 100 50 63 76 88 98 86 57 17 72 79 96 62 70 62 12 42 17 49 12 66 92 30 93 19 7 76 100 24 19 31 83 55 91 0 43 47 94 77 79 83 24 58 80 2 47 69 13 57 92 68 98 51 19 29 26 66 61 51 55 9 100 70 53 53 85 54
89 65 32 35 4 79 82 1 11 15 28 64 11 93 13 0 49 47 44 10 59 55 69 88 27 2 46 37 26 42 2 8 16 32 18 83 78 92 39 56 64 66 86 90 59 8 7 86 14 35 96 91 86 31 11 52 22 67 8 49 0 19 90 21 93 76 72 34 94 28 9 89 72 51 83 40 34 11 60 99 7 28 44 42 21 97 100 10 87 8 59 65 92 14 84 55 42 61 98 44 19 95 11 35 37 8 6 11 67 81 24 55 42 95 65 57 66 97 11 21 64 73 65 44 81 45 0 75 86 17 23 46 50 73 96 40 24 89 16 71 5 36 50 53 6 26 12 39 28 49 88 10 2 73 61 74 81 45 25 46 97 44 30 44 94 29 69 92 82 85 55 36 7 64 22 52 54 5 27 38 90 39 28 0 77 15 87 47 88 56 3 71 84 62 57 76 10 97 68 94
22 89 14 72 42 62 5 11 6 13 57 95 86 32 48 5 5 12 9 18 97 31 68 85 13 10 74 3 71 30 66 83 78 38 93 31 39 90 75 17 64 68 8 98 27 54 84 37 96 45 52 58 81 70 84 83 52 92 72 72 22 23 86 7 94 88 28 14 88 93 64 20 77 54 57 94 46 9 72 18 68 54 86 40 65 64 25 70 79 15 47 34 28 28 56 30 69 29 4 9 60 33 7 17 11 77 50 60 37 4 48 92 16 95 39 53 96 26 8 17 6 4 48 39 67 95 91 12 74 29 54 16 79 18 68 48 42 6 66 46 89 78 81 84 84 37 28 11 22 94 31 16 29 21 33 77 3 97 63 100 41 98 40 42 98 24 32 54 50 98 34 29 47 93 61 63 53 98 28 66 33 40 21 87 90 45 5 76 4 100 3 75 68 15 65 10 33 19 49 81
83 90 47 26 54 43 0 55 78 33 70 100 47 79 22 42 72 94 83 12 8 8 29 46 95 8 64 49 40 51 44 43 57 4 90 54 4 14 10 36 99 75 39 76 78 58 2 99 30 96 77 17 91 6 18 89 38 37 26 43 39 20 24 0 18 91 73 14 25 39 45 40 23 79 69 85 80 70 69 62 97 87 77 87 90 54 82 88 15 98 22 29 98 26 42 37 99 38 1 25 86 22 20 71 21 51 97 10 43 37 12 23 35 99 29 1 83 58 3 88 48 18 84 83 8 1 72 73 59 20 29 84 71 60 48 91 28 35 11 84 14 38 6 34 25 98 6 16 48 91 82 26 56 51 77 82 5 85 52 56 46 25 9 22 95 74 99 6 53 50 43 71 7 16 14 78 8 5 79 21 82 94 98 28 53 59 47 17 50 8 55 87 63 33 51 61 99 6 81 68
10 23 19 13 79 68 90 64 43 29 62 49 2 52 20 86 27 88 73 65 64 17 79 40 95 64 89 37 90 43 52 39 94 23 86 93 84 62 2 94 66 63 34 53 76 65 68 52 57 83 23 19 57 83 93 29 89 49 72 76 34 6 20 76 41 27 62 30 6 84 93 64 28 68 1 96 39 81 44 79 87 13 18 40 4 100 2 37 73 4 37 19 81 9 37 27 18 3 21 86 4 31 93 34 41 83 55 87 76 26 44 76 21 5 32 26 93 33 7 20 91 18 34 54 43 19 66 20 48 76 98 75 41 61 40 35 33 84 73 5 33 22 51 60 50 51 95 44 89 46 71 90 73 19 48 87 78 93 57 93 1 71 26 38 2 29 54 64 77 87 27 60 30 53 41 36 98 94 8 25 88 44 36 91 89 65 49 8 91 48 66 24 60 18 95 87 39 57 85 44
38 95 72 9 24 3 82 95 15 23 66 18 62 63 16 25 57 68 81 89 4 88 90 69 80 39 75 62 62 13 28 37 10 42 37 69 2 0 79 57 16 39 62 62 95 34 12 42 23 90 65 97 80 24 1 52 30 74 33 11 50 51 33 44 14 84 49 7 60 56 32 25 74 46 40 99 38 78 44 17 9 75 76 27 55 52 63 13 60 74 49 66 54 79 97 15 69 19 53 86 16 68 97 41 95 82 2 53 73 20 38 43 64 21 11 1 1 82 46 64 58 63 72 8 82 24 41 87 64 97 16 57 78 96 61 91 24 96 5 33 9 98 82 33 91 51 43 70 61 12 21 93 28 13 12 22 52 38 32 29 74 24 37 68 85 2 59 18 23 37 9 24 50 54 68 70 96 3 11 42 28 23 43 69 95 28 58 56 70 50 44 61 7 73 72 96 19 25 76 27
48 76 22 33 90 7 20 44 5 4 42 77 56 65 1 78 62 55 90 35 64 43 36 12 1 81 34 8 80 96 80 21 81 1 4 30 21 96 27 55 52 57 49 15 31 33 69 7 12 25 33 42 80 35 50 5 29 66 74 43 55 71 34 32 85 60 3 55 80 0 40 48 97 53 96 3 9 33 87 71 94 99 62 83 70 75 90 45 36 43 32 87 22 29 59 36 90 19 24 3 68 60 60 11 44 59 50 41 45 39 54 98 20 90 80 29 25 86 54 44 15 89 19 87 50 90 68 77 96 44 48 37 6 75 2 30 71 15 38 22 1 35 18 33 31 31 86 17 20 21 50 95 90 8 47 26 26 41 68 48 76 39 89 30 53 92 67 63 99 48 80 83 53 39 99 53 61 85 53 59 31 30 62 23 62 96 58 30 11 36 51 8 13 98 96 54 66 89 0 72
43 22 90 15 65 16 25 31 61 13 99 27 71 76 12 5 38 94 36 3 76 44 33 80 30 27 64 71 85 33 96 84 24 70 14 26 80 28 38 38 0 35 78 81 8 56 100 91 40 70 45 33 71 33 30 100 18 35 98 76 4 76 3 46 88 67 73 24 15 82 69 43 76 34 18 60 82 32 22 95 11 36 59 22 84 96 79 3 30 79 17 68 48 60 33 88 34 1 77 49 4 54 72 25 59 14 80 94 37 34 40 32 26 51 29 16 91 57 50 40 1 10 12 11 92 100 73 71 41 28 6 73 30 45 55 88 41 70 78 48 41 50 95 67 62 41 27 83 8 17 22 43 43 32 25 91 31 97 96 2 20 24 99 21 0 94 54 42 15 87 64 95 63 0 64 17 6 48 24 22 11 45 21 5 97 60 59 34 33 3 27 93 72 25 90 72 58 67 32 70
20 19 53 78 85 34 64 15 86 82 37 63 41 5 40 63 92 52 17 6 46 87 77 43 65 41 0 33 69 71 21 4 89 43 60 81 80 59 4 2 33 75 44 4 14 61 11 98 52 10 91 66 85 73 83 15 71 30 10 97 53 89 78 93 47 50 8 62 32 91 25 67 66 94 80 65 55 58 36 31 30 71 47 13 64 11 61 30 28 42 70 51 55 37 57 48 15 98 84 89 65 36 84 3 26 2 69 42 65 85 15 19 56 21 17 1 56 69 38 56 23 87 93 77 8 79 58 94 91 75 25 13 55 70 3 99 48 13 3 89 74 71 33 44 22 71 6 49 75 55 52 91 10 40 61 37 68 15 85 4 90 96 20 30 8 83 100 55 30 67 61 74 78 34 69 83 38 58 42 61 38 15 13 52 86 26 75 92 67 97 92 60 71 31 44 99 12 75 23 93
68 22 94 17 57 43 68 94 14 11 92 10 3 80 91 16 98 64 16 84 60 3 89 22 47 77 59 15 85 14 42 69 77 75 95 20 31 46 45 71 50 22 46 98 63 95 19 53 4 26 9 39 78 100 87 82 31 66 82 10 43 68 79 46 2 84 37 71 0 40 23 16 43 27 9 9 33 77 54 100 41 77 96 31 62 14 49 16 70 71 55 64 23 65 44 72 93 2 27 37 19 12 78 56 5 92 80 61 25 64 60 86 64 67 25 59 53 18 88 50 32 43 31 40 66 58 61 45 1 82 59 88 46 0 13 0 46 57 59 41 52 72 5 14 54 31 81 29 57 70 61 62 25 9 19 37 40 75 26 10 51 90 59 0 24 67 41 27 26 99 33 21 66 98 95 91 26 80 0 81 58 11 55 82 92 71 99 91 73 17 0 55 65 12 24 72 62 94 71 51
69 62 6 47 8 80 73 59 31 27 91 34 10 40 75 41 98 45 75 61 81 37 47 41 54 38 26 51 60 22 46 44 63 93 31 29 28 18 61 99 32 61 20 29 86 56 81 47 45 6 8 88 47 8 67 50 6 16 20 79 19 21 42 75 44 33 80 46 94 66 17 57 72 17 23 85 85 97 93 66 87 84 70 47 63 64 3 57 31 36 45 49 34 28 92 72 15 61 52 39 20 48 46 38 80 85 76 34 74 9 75 60 29 88 72 68 99 96 40 81 89 78 42 72 53 14 69 39 17 2 25 22 66 28 70 76 99 55 23 78 88 64 32 10 8 4 44 99 85 95 28 81 71 39 33 5 37 68 34 64 1 26 62 35 53 4 35 83 47 71 13 62 89 55 56 69 2 81 70 38 94 21 63 16 4 38 80 26 74 3 96 5 30 34 75 49 34 33 55 72
72 83 90 13 34 73 13 83 70 92 56 100 18 5 69 14 36 54 25 41 45 22 10 17 20 24 67 30 66 1 20 70 30 64 51 1 73 14 11 23 58 68 55 83 22 89 60 39 4 35 15 12 16 90 83 61 52 39 10 4 65 82 85 65 17 4 12 47 94 50 33 29 98 75 16 29 72 73 81 54 15 52 94 35 4 31 22 41 71 20 13 63 49 7 33 83 94 45 33 6 86 50 93 5 18 83 60 62 32 34 32 7 38 77 79 4 4 38 47 68 65 32 6 64 58 4 39 56 55 85 77 12 33 49 94 10 39 30 10 43 20 46 59 80 42 22 54 18 3 52 41 88 37 71 66 45 39 36 0 30 20 62 92 13 61 29 38 13 95 45 35 23 36 0 46 100 27 25 51 54 31 43 94 5 6 52 64 57 19 63 16 82 97 20 72 19 56 99 84 87
47 30 58 86 75 44 46 100 95 19 75 94 8 58 64 61 48 86 72 12 20 42 47 2 59 2 83 8 30 12 75 30 40 39 96 59 57 65 73 91 30 82 38 21 41 14 49 72 73 55 54 84 32 68 85 47 72 83 35 55 44 7 92 58 28 50 84 70 91 94 49 63 18 32 14 97 74 25 83 56 4 82 83 57 46 76 55 100 44 8 75 32 86 41 77 51 95 45 53 46 75 18 66 47 69 75 68 94 46 7 2 74 59 47 40 23 94 16 7 1 4 3 86 35 97 90 79 6 37 4 59 82 91 43 76 64 58 40 75 85 79 6 80 19 8 79 65 30 20 29 17 80 97 7 45 3 23 70 40 79 18 33 34 62 7 95 94 66 60 39 68 90 33 68 25 39 40 56 37 56 17 91 93 4 14 12 100 90 35 38 39 42 81 19 46 37 10 22 92 31
27 65 75 73 54 28 55 88 81 11 92 56 98 3 40 83 62 89 9 49 7 62 73 85 70 41 19 77 28 81 26 21 88 5 10 72 38 44 75 41 66 73 14 33 36 15 41 12 69 23 32 17 45 61 61 30 53 97 64 39 92 20 78 65 49 99 7 92 75 59 90 44 41 32 0 79 31 97 2 61 10 2 75 56 53 65 17 2 90 66 10 29 16 22 55 49 67 45 98 73 58 15 12 80 7 76 60 52 75 25 37 74 43 96 81 50 57 21 70 28 20 59 31 63 42 46 63 13 44 23 38 66 50 53 42 10 96 49 53 69 91 24 73 46 16 26 91 6 72 33 28 62 4 73 81 20 72 85 3 6 18 20 62 100 64 86 20 6 72 73 22 40 39 92 74 39 30 25 64 21 13 42 72 0 57 13 9 8 47 26 14 76 23 73 97 83 55 13 98 17
58 86 65 27 1 47 55 64 46 40 82 24 37 95 80 23 50 42 38 67 51 83 40 29 3 100 99 6 11 71 71 47 6 38 55 76 81 11 21 3 71 26 82 95 20 31 8 22 48 40 14 12 20 21 10 78 17 66 16 33 9 81 78 46 93 78 84 81 14 9 36 83 25 71 82 5 18 14 100 5 18 92 5 37 67 41 87 93 97 27 91 97 3 25 53 63 17 90 48 15 85 64 53 58 37 42 22 85 51 93 53 35 62 16 100 26 83 58 65 27 38 37 19 82 15 24 89 81 35 62 67 19 93 55 78 66 81 10 9 58 80 26 27 59 10 61 34 82 47 1 40 26 97 77 84 15 90 62 63 57 83 19 69 87 22 3 41 3 44 77 5 82 39 73 87 41 76 8 76 42 85 29 54 84 97 78 74 32 9 20 67 45 45 17 2 78 47 2 46 82
40 9 99 33 58 61 74 90 80 40 83 86 90 78 93 26 44 90 15 59 47 70 53 43 84 33 17 42 89 60 18 81 72 39 42 54 75 3 81 52 75 15 42 49 28 15 12 62 26 98 92 71 29 7 50 84 87 82 53 67 26 26 50 35 52 14 81 96 8 32 29 96 3 49 62 11 36 24 19 18 79 95 49 86 25 19 75 81 95 17 44 27 68 54 22 64 12 78 24 97 29 51 46 20 35 63 70 40 3 12 77 53 48 35 6 62 9 89 26 82 44 5 46 98 57 39 83 55 50 39 34 7 30 47 68 79 82 74 20 31 36 31 59 0 29 46 86 38 48 0 63 79 70 99 79 12 10 22 76 29 81 89 90 67 74 81 98 26 12 4 51 82 38 45 62 25 57 67 61 1 1 30 17 29 89 38 39 77 24 95 77 73 36 12 22 54 29 36 27 13
16 3 84 26 20 95 83 81 7 14 2 66 78 3 73 50 99 57 45 91 55 80 18 70 36 9 95 9 59 33 45 16 33 56 38 96 77 64 80 91 80 68 40 28 0 33 15 26 81 3 93 67 22 91 32 60 1 45 85 42 62 98 39 1 47 85 75 14 21 69 12 3 62 5 21 87 63 79 51 1 9 47 74 95 48 50 64 23 26 81 6 51 91 56 0 67 33 70 25 86 72 95 53 28 85 65 18 49 19 55 14 96 64 65 45 66 28 57 100 94 30 36 49 31 98 23 16 16 82 10 18 60 68 50 83 80 72 45 74 9 1 66 67 26 85 77 55 19 53 78 85 98 8 66 5 6 95 80 38 52 74 77 6 51 74 54 42 6 68 17 23 97 83 57 25 99 89 9 100 73 11 47 19 12 10 87 79 36 64 11 38 36 81 20 81 16 22 55 70 85
67 52 85 13 51 1 77 90 45 89 80 70 65 18 37 14 45 61 88 33 35 74 13 27 14 72 61 37 20 100 73 24 60 87 18 89 68 61 84 0 86 71 54 43 56 28 71 46 78 60 67 40 5 98 55 68 70 11 47 55 82 45 49 12 31 35 55 41 26 88 72 90 55 1 87 47 87 17 59 11 56 1 98 47 54 4 40 33 41 26 62 45 57 50 51 95 85 26 35 81 10 58 24 14 24 58 61 37 1 12 48 86 97 86 56 67 46 1 33 32 52 43 86 62 25 16 10 61 35 94 36 74 38 42 56 76 27 69 91 21 90 6 70 94 55 6 65 97 3 92 49 70 30 83 1 84 83 41 53 38 65 56 2 72 35 30 38 64 21 97 57 7 30 33 92 79 41 29 50 13 26 0 94 11 12 22 51 74 94 45 17 31 89 0 29 48 75 84 33 52
57 15 99 75 41 57 5 44 92 32 88 70 13 23 6 70 70 17 35 100 70 51 46 40 35 15 55 76 41 32 59 42 97 76 21 76 99 34 13 85 8 64 67 35 81 51 11 48 37 8 44 98 34 46 19 44 49 50 37 94 20 72 54 50 47 11 70 71 78 71 95 43 77 83 84 60 94 68 80 10 37 92 12 15 32 77 46 61 0 39 36 46 23 99 7 79 2 53 63 92 74 54 57 85 36 42 38 44 38 44 16 97 83 68 43 61 89 58 28 39 58 50 77 31 69 16 22 3 75 4 38 98 89 8 72 48 17 19 92 83 26 21 50 76 57 70 2 86 77 54 66 48 97 80 23 17 54 36 84 73 14 36 1 75 57 12 1 17 25 80 11 23 73 35 41 9 20 14 73 95 89 21 90 5 56 41 26 28 86 78 18 29 15 18 82 39 13 85 40 28
2 13 66 37 70 57 1 100 69 94 41 28 87 58 75 88 47 92 26 33 60 11 60 99 29 57 38 59 55 33 64 1 80 68 71 25 60 84 59 52 83 66 55 81 1 96 59 57 42 53 93 45 99 54 91 40 22 45 75 16 98 48 67 74 61 40 65 83 32 1 82 8 74 49 62 95 87 63 82 9 54 47 45 9 93 0 42 9 63 27 93 48 6 67 81 96 79 9 30 30 43 70 61 42 9 29 78 63 25 81 94 53 49 63 39 1 2 17 67 26 84 16 87 98 56 10 71 96 51 59 84 25 88 19 77 28 5 22 40 48 45 1 6 47 39 79 56 4 0 12 51 64 32 60 75 98 88 80 40 97 28 19 21 17 5 40 39 95 82 19 71 94 9 6 91 58 41 58 75 73 14 78 92 86 57 8 44 2 23 67 91 8 42 32 97 72 97 21 16 23
22 6 5 99 90 31 55 44 62 84 32 35 52 90 25 94 45 29 66 35 44 48 47 97 3 71 22 77 77 40 71 84 84 36 86 44 63 59 87 10 81 93 11 52 43 15 38 8 81 76 91 45 22 4 98 66 40 84 35 91 0 14 5 42 78 24 57 27 48 30 47 36 59 85 54 96 2 62 61 3 85 75 20 29 53 82 11 25 11 38 40 73 85 72 39 88 41 22 9 73 19 34 68 11 91 89 27 91 98 45 60 43 0 77 74 52 74 45 48 89 90 1 80 89 31 3 66 42 90 51 34 64 79 10 40 10 92 98 4 38 98 4 84 15 63 29 10 89 27 65 94 93 29 90 33 40 80 83 49 4 67 83 48 94 90 89 75 1 40 69 87 42 44 81 46 97 85 57 52 11 62 19 95 1 56 97 60 38 79 56 19 20 68 31 32 27 28 44 75 31
80 6 31 32 97 27 2 99 79 1 73 40 83 78 66 77 2 75 78 100 71 63 1 43 72 99 97 46 17 89 52 88 57 11 78 84 20 13 23 45 83 72 37 60 65 50 64 88 46 48 0 66 32 1 35 67 22 16 38 76 39 11 11 0 32 16 32 27 68 14 92 76 12 38 14 93 18 13 84 27 90 35 63 34 87 91 85 73 60 77 73 56 59 93 84 3 22 79 60 21 91 42 9 78 7 38 58 57 7 97 1 80 13 67 84 72 34 85 44 36 27 86 18 94 31 80 98 93 20 91 5 13 14 13 1 40 89 15 67 98 16 51 86 1 44 18 17 20 99 62 34 15 37 72 61 0 97 73 31 77 89 28 36 91 95 56 49 82 21 28 83 46 16 73 6 73 38 10 45 97 46 20 82 42 69 50 85 59 82 92 70 34 44 49 6 39 32 65 98 54
28 19 2 28 63 68 87 49 78 68 56 94 16 28 25 13 70 16 48 66 82 28 44 72 10 67 62 100 74 91 36 43 99 47 68 46 18 52 79 59 61 93 31 2 85 30 24 79 4 45 26 54 9 61 39 60 88 44 93 66 99 80 67 23 87 73 26 66 98 21 86 81 86 73 96 54 49 1 97 71 18 83 47 10 62 3 19 44 38 97 68 24 72 44 3 23 78 12 9 1 12 37 52 84 34 77 54 56 58 89 55 2 54 65 97 54 58 6 43 59 86 6 70 63 59 40 29 7 87 47 55 50 55 69 97 5 66 18 46 22 48 20 68 38 42 72 14 47 92 44 52 25 70 76 39 87 59 92 76 16 68 61 77 14 49 34 94 47 66 0 77 85 93 83 30 59 33 25 48 93 81 26 35 36 85 21 21 7 3 25 89 91 74 71 53 49 57 80 99 56
43 64 63 27 66 58 86 67 58 71 27 97 14 66 33 8 84 27 40 19 11 42 14 38 16 55 93 45 34 90 78 87 58 29 5 20 97 17 93 70 33 66 1 96 38 11 41 30 28 82 17 45 36 64 30 65 100 84 30 77 97 10 82 82 34 32 88 48 23 82 27 74 12 71 3 99 70 43 78 12 97 75 10 55 14 54 68 17 73 66 51 76 45 96 79 96 37 42 97 17 78 83 44 39 93 86 80 33 25 17 37 59 93 36 82 52 97 0 82 75 2 69 39 25 89 84 98 7 78 6 68 61 21 83 60 55 27 29 21 92 28 58 2 42 42 84 63 57 39 34 74 28 0 49 40 67 43 29 12 61 58 61 87 94 56 71 57 38 68 72 9 56 82 2 97 95 16 49 14 42 26 45 30 52 45 47 8 62 38 93 16 41 48 83 99 29 44 24 12 78
43 12 74 87 47 87 26 0 68 20 5 83 21 55 92 69 45 93 42 91 92 79 73 91 50 70 48 24 49 8 15 21 37 77 48 76 38 54 43 31 20 11 79 3 70 65 15 60 35 65 99 69 41 76 51 61 17 68 2 98 50 11 2 46 70 28 26 15 61 50 89 40 26 50 77 92 5 36 10 91 72 70 73 49 81 33 14 96 6 14 39 40 11 39 21 75 95 8 89 89 52 57 100 80 90 26 68 54 73 59 75 56 81 1 92 50 93 33 85 24 48 83 87 55 12 39 0 10 70 44 36 47 75 90 9 57 3 9 0 76 94 12 20 21 28 18 38 9 1 91 27 40 14 38 96 76 38 9 12 99 1 22 11 53 21 83 25 59 19 44 58 82 90 61 6 1 1 93 62 62 40 70 27 9 72 1 21 42 75 97 89 17 58 97 36 28 75 52 20 37
21 22 13 86 9 14 68 45 75 49 83 94 45 69 61 24 39 80 12 78 80 91 23 69 68 5 92 72 29 50 9 93 11 84 81 38 12 67 17 42 91 92 95 4 88 38 59 14 100 63 6 37 31 90 62 77 93 93 27 83 59 9 94 67 35 75 45 27 58 100 63 66 84 27 75 10 46 67 86 74 22 80 6 12 44 55 100 98 87 49 79 1 45 1 84 13 99 30 92 48 39 87 30 81 3 79 20 63 18 38 12 66 78 13 17 62 8 9 6 26 59 52 95 34 54 97 25 90 29 79 3 82 71 98 30 28 57 50 48 18 11 82 94 44 89 26 76 97 7 65 47 73 68 15 31 23 12 59 83 94 4 58 13 82 87 5 45 9 26 10 70 29 0 0 28 77 10 85 75 76 90 87 30 78 26 55 15 12 48 96 55 74 42 14 62 94 18 69 80 70
73 50 19 74 55 35 65 82 48 88 52 23 24 13 43 61 30 70 23 52 93 86 70 26 92 19 33 46 7 51 89 4 19 48 76 46 25 54 23 37 26 50 40 45 44 54 92 83 96 27 77 9 1 89 36 75 67 96 24 21 85 100 79 78 83 33 46 21 62 56 61 82 2 13 62 38 78 77 47 17 25 54 64 85 49 4 13 5 83 75 55 76 21 71 99 68 70 60 89 77 94 7 42 79 68 67 30 35 21 13 5 24 77 4 77 89 3 48 28 10 78 19 42 14 81 60 74 70 83 27 38 7 7 3 19 20 69 12 49 66 78 67 60 71 39 46 22 26 56 23 35 82 54 78 52 75 27 32 79 67 80 78 95 97 58 75 92 0 83 58 88 57 81 73 33 51 9 66 76 20 86 75 93 12 64 90 85 42 33 33 67 57 61 65 98 47 20 80 71 89
34 16 35 84 52 74 16 0 80 67 38 52 39 1 49 47 87 87 48 17 66 10 0 35 84 14 16 89 84 5 5 51 26 98 51 62 91 41 35 25 54 44 62 54 26 75 9 100 35 31 59 94 0 62 4 91 10 68 39 2 3 63 96 52 68 75 79 77 69 28 44 14 50 33 38 85 49 9 88 23 45 7 60 76 10 44 15 20 5 70 17 48 2 75 10 31 3 69 41 20 53 69 2 31 95 45 39 17 70 95 29 29 73 41 5 8 19 11 88 100 99 40 72 79 19 63 51 82 57 36 57 67 80 14 61 41 83 66 75 94 81 98 14 15 89 81 15 68 66 52 28 94 31 86 41 7 53 39 94 10 66 57 29 67 61 75 71 41 16 4 83 20 83 58 63 12 14 90 22 99 49 23 77 90 93 81 41 100 16 29 85 64 15 33 17 32 68 76 29 41
6 15 28 8 30 80 61 79 19 23 23 82 38 73 57 51 13 49 45 42 17 57 34 55 98 45 46 41 61 82 11 12 96 22 39 91 46 56 93 15 65 38 38 94 69 86 72 53 58 80 75 17 81 73 39 11 97 92 28 84 6 28 2 54 6 25 45 53 71 78 55 45 26 85 26 24 89 98 81 15 90 2 45 56 16 33 85 35 7 63 39 18 0 42 60 6 33 78 68 74 78 12 38 24 70 21 62 11 4 89 29 45 9 74 100 14 13 37 91 50 90 95 32 56 83 38 41 25 11 100 6 28 32 21 24 30 24 71 90 20 43 98 32 93 19 94 70 77 57 31 26 83 51 71 72 9 16 1 88 71 30 19 64 77 62 66 69 22 29 86 75 1 97 43 86 20 77 41 34 47 4 42 33 4 34 63 73 64 74 1 10 4 76 43 93 35 95 18 73 90
20 27 15 66 67 89 72 53 93 57 32 100 99 87 4 82 75 65 61 70 73 34 24 54 35 9 58 43 74 21 75 42 95 45 1 59 70 53 70 26 16 65 79 78 77 9 81 54 34 21 15 24 23 59 89 39 12 99 41 32 5 55 67 92 38 4 82 88 26 71 80 59 9 78 60 14 0 50 68 47 22 99 92 20 40 65 0 91 85 28 7 84 76 67 57 47 44 43 61 43 25 84 18 70 7 59 8 24 12 13 56 6 67 35 60 45 78 26 77 0 16 0 27 0 82 45 73 75 12 12 66 73 61 12 54 65 40 26 55 67 26 0 6 55 12 25 26 69 54 63 11 33 82 2 23 33 48 1 49 37 58 73 52 55 35 9 32 79 3 43 1 65 70 81 94 25 34 50 9 8 4 59 35 83 70 18 60 76 16 38 3 21 59 83 96 85 25 43 67 85
22 30 74 6 30 67 82 78 96 16 20 67 77 24 15 24 66 83 40 71 17 53 6 48 48 88 38 51 54 89 64 17 9 53 54 18 74 63 15 8 9 16 87 86 25 82 47 26 77 51 51 70 90 42 0 53 59 100 96 30 23 85 67 17 77 92 9 20 75 87 83 5 27 25 3 62 67 90 14 90 40 4 37 21 63 15 44 81 97 92 71 0 89 44 93 3 31 71 77 94 53 41 88 38 29 0 49 22 83 95 47 56 98 63 67 36 23 45 62 83 81 77 95 72 71 93 83 25 37 28 72 1 45 93 43 55 16 23 6 49 91 24 10 23 56 28 6 51 76 74 57 20 29 44 3 59 58 70 69 78 95 40 60 20 96 73 78 70 83 21 85 73 55 84 61 79 46 86 74 76 43 1 70 20 61 5 76 23 36 44 26 91 91 6 25 8 6 39 47 64
81 23 5 46 29 12 50 13 16 92 59 94 17 21 80 98 72 46 93 7 64 29 44 94 12 35 17 32 54 52 4 36 92 89 67 95 83 8 68 75 81 51 50 43 81 17 35 24 51 19 58 34 7 63 47 10 72 29 75 23 83 77 8 34 9 89 10 14 25 69 62 8 29 83 13 8 35 44 56 13 4 68 15 8 22 5 9 40 62 50 3 45 52 8 13 8 55 62 30 44 99 38 64 30 100 66 82 69 66 11 98 74 6 5 52 32 25 28 30 69 86 6 21 10 11 49 81 92 1 58 53 99 97 25 21 92 90 87 58 87 14 99 62 86 36 12 37 58 28 12 96 33 58 45 11 44 54 99 42 95 44 1 40 65 24 96 55 29 64 81 91 6 62 46 96 65 64 99 98 49 44 0 23 72 71 78 51 35 54 37 11 65 2 68 97 76 4 6 2 50
11 78 34 1 88 55 59 43 20 38 80 2 25 18 46 89 97 21 84 22 19 85 47 97 7 40 84 53 62 77 9 77 23 2 21 99 28 56 81 95 97 76 44 100 18 3 47 7 7 80 92 78 66 86 27 95 99 83 92 20 75 98 75 100 49 47 55 12 90 90 4 66 95 38 40 78 82 17 57 33 0 99 61 32 92 64 30 33 81 53 88 58 77 16 12 76 22 81 62 32 6 83 9 26 20 36 17 31 59 61 22 92 100 74 46 19 3 94 43 18 52 77 4 17 95 90 33 25 7 95 22 23 29 29 75 93 91 51 25 37 28 44 59 24 74 55 38 29 10 90 64 27 96 33 19 86 24 16 78 65 76 17 50 76 27 47 6 20 14 90 9 21 97 100 65 3 38 53 39 54 52 61 39 79 15 20 2 84 41 11 85 10 65 75 68 94 3 22 17 35
52 33 47 24 39 80 46 46 12 96 78 42 17 75 93 58 83 10 41 24 98 92 4 27 84 25 90 84 17 83 81 58 75 33 3 12 82 25 65 14 56 98 99 61 81 78 59 77 80 44 55 28 30 26 29 64 22 96 90 99 22 58 70 49 60 18 11 98 89 80 36 32 24 48 2 3 67 54 64 24 91 50 88 1 43 53 66 26 53 68 23 19 4 87 83 53 63 35 73 14 84 22 87 82 50 5 79 39 37 82 53 82 19 97 52 30 26 49 91 37 77 35 53 49 39 88 5 67 93 62 88 51 32 42 83 70 28 21 24 85 91 79 17 60 85 83 2 56 22 41 52 40 15 1 84 31 34 0 92 8 60 15 37 53 50 36 43 1 92 51 98 82 16 27 10 69 48 97 78 32 8 98 9 100 86 72 7 54 55 78 49 62 74 59 29 1 25 31 33 40
6 73 14 94 1 58 60 87 38 33 2 51 92 39 100 79 11 83 73 93 37 92 94 38 88 9 44 80 2 85 66 20 32 52 78 20 46 73 96 48 100 22 27 40 91 96 22 91 12 19 78 51 100 81 43 8 23 65 4 72 45 48 34 76 63 95 97 83 7 51 29 68 29 81 23 99 45 57 50 22 24 52 26 74 72 33 12 62 20 62 63 93 62 65 76 96 19 34 96 18 64 34 17 82 27 3 13 16 84 1 77 58 65 3 86 89 61 70 91 62 16 90 23 5 64 11 25 70 7 87 79 64 91 6 24 56 8 31 52 8 1 53 12 59 14 30 27 1 94 14 61 13 81 52 54 16 6 18 47 78 55 49 67 56 69 37 19 96 0 46 60 72 31 85 72 70 40 66 66 39 53 24 66 60 10 86 97 43 66 100 10 26 45 79 21 50 7 34 22 39
83 60 70 50 60 72 14 53 14 87 13 55 73 40 7 71 12 31 70 18 31 78 19 22 56 73 67 44 60 2 16 77 58 4 8 76 63 36 83 46 52 43 65 6 26 34 83 7 24 48 87 28 49 31 90 84 23 69 40 21 17 26 87 80 17 52 1 39 24 60 68 88 76 90 74 25 51 74 35 11 91 40 23 61 54 29 92 57 59 47 84 11 68 26 26 62 10 91 19 65 80 81 100 57 29 84 13 16 8 14 63 99 75 37 61 62 79 61 41 71 82 85 1 10 57 28 17 73 36 14 86 21 23 66 87 81 56 8 85 65 97 89 10 51 31 2 1 71 4 32 26 59 80 43 28 62 96 8 30 80 22 44 15 4 28 97 88 42 33 54 30 68 37 40 79 95 46 10 57 39 74 43 100 47 31 14 60 88 9 79 6 2 27 89 95 75 77 6 95 40
97 15 92 76 46 55 82 68 80 23 80 64 69 51 44 72 100 9 20 62 17 96 38 34 26 85 42 10 59 5 21 97 18 10 25 20 7 43 63 40 22 12 0 37 88 60 84 64 56 48 30 83 22 50 42 61 89 40 55 84 11 45 99 59 58 1 2 34 1 4 78 3 63 92 5 49 70 47 64 46 87 28 28 13 26 81 68 68 19 13 59 28 4 95 44 23 39 6 17 43 56 74 25 30 16 19 61 47 61 75 70 33 78 96 31 24 60 2 32 94 49 100 48 4 68 33 65 85 93 11 35 48 100 72 5 9 71 89 1 23 27 1 99 33 87 21 99 5 74 60 42 13 4 70 1 83 10 62 39 67 68 99 95 86 6 32 29 19 92 91 48 95 22 69 75 81 51 41 55 43 80 67 28 76 12 19 52 1 10 43 62 55 42 46 10 69 34 78 69 51
80 72 31 80 50 17 72 13 68 7 23 84 76 62 45 45 83 94 24 17 97 61 9 46 4 40 93 84 8 48 38 21 20 21 76 16 28 78 65 60 53 96 3 6 31 96 66 14 41 37 92 21 70 7 8 98 74 7 19 83 56 28 36 58 87 61 90 50 27 16 69 23 69 21 49 5 26 50 68 80 98 20 19 98 30 55 59 7 69 7 67 57 31 80 12 21 4 4 13 17 28 46 64 57 46 19 73 18 43 73 96 3 79 68 9 21 22 83 7 87 72 94 76 49 63 37 30 100 42 63 9 82 23 2 58 23 9 80 65 67 24 79 13 88 21 57 38 54 8 45 43 35 98 6 78 50 40 61 52 50 53 55 16 77 35 27 6 29 23 70 35 60 59 98 38 35 6 43 30 49 38 60 97 24 92 89 13 5 43 84 39 13 4 72 92 23 92 24 0 46
93 49 32 96 78 75 17 40 37 92 75 22 48 23 32 11 35 27 48 24 52 9 9 88 87 21 20 56 84 62 36 17 25 72 63 69 15 95 75 80 12 34 40 93 32 4 84 61 18 26 55 30 43 5 49 33 76 41 16 69 28 58 24 34 5 25 100 4 6 14 5 75 51 63 79 3 19 90 65 98 87 76 70 13 74 31 66 62 44 29 98 25 59 27 85 5 83 52 61 5 71 2 86 29 2 54 54 99 4 29 70 73 9 66 38 34 16 27 0 90 81 78 60 52 31 100 79 3 31 1 80 32 93 44 94 55 27 12 30 11 2 95 84 60 99 50 51 89 51 0 86 88 1 25 76 100 70 28 61 30 91 30 15 15 6 28 87 36 98 98 1 91 67 56 2 25 75 9 12 88 4 36 29 43 24 69 95 16 8 93 45 23 59 84 28 9 26 49 91 3
93 2 90 100 85 3 9 99 1 24 33 0 26 78 12 30 66 54 72 32 98 66 91 22 5 16 32 67 35 52 42 96 79 92 55 99 22 91 75 83 72 34 20 78 36 3 5 4 91 5 12 55 75 82 17 95 65 86 62 19 15 56 2 44 29 55 18 9 56 19 11 71 6 30 78 14 31 15 55 87 47 14 73 11 77 28 15 41 97 69 4 91 70 3 18 88 40 90 27 70 80 20 19 44 28 96 89 98 59 84 53 1 30 27 90 56 85 15 56 34 39 51 49 77 42 60 15 66 12 25 19 47 9 80 21 58 78 0 15 36 21 51 29 85 88 79 90 88 45 0 2 26 30 60 64 100 84 37 75 88 61 79 63 25 80 91 45 84 93 9 63 22 87 51 67 21 72 0 93 40 66 77 88 38 73 43 94 97 20 19 95 52 22 86 48 98 53 18 40 5
37 50 41 10 14 96 10 74 89 70 10 85 86 60 47 46 29 78 22 47 26 4 10 5 67 60 38 10 42 27 96 34 21 16 79 56 44 42 82 57 20 72 19 47 35 5 37 23 11 22 55 0 37 49 96 18 90 77 24 90 23 76 60 79 27 76 17 83 62 21 70 27 70 69 72 24 61 68 92 11 74 28 51 37 32 70 93 57 40 57 27 18 5 95 68 28 1 80 45 4 67 90 19 18 39 85 24 28 48 99 75 10 89 43 50 28 98 52 24 49 33 76 59 90 49 29 73 39 78 83 13 12 44 23 67 70 43 97 62 0 24 97 58 8 86 16 75 100 79 69 12 70 54 66 4 84 96 11 46 14 100 27 38 11 25 89 57 44 65 58 11 74 51 40 92 5 6 28 56 45 27 22 81 78 69 31 50 40 93 68 13 93 89 29 58 26 1 97 40 27
25 11 53 61 22 23 24 65 67 30 45 38 88 22 90 19 72 45 44 33 81 4 44 1 11 14 12 9 27 34 33 0 45 72 87 98 91 35 38 58 26 81 62 22 81 97 12 31 11 100 78 62 26 9 74 49 32 5 32 43 76 79 98 48 28 69 36 41 68 79 13 100 75 92 7 46 62 11 47 15 33 48 99 44 62 54 82 54 13 75 76 19 27 30 49 58 79 10 13 18 58 96 49 93 23 27 71 93 66 94 73 61 96 73 4 24 68 97 66 60 56 68 54 42 92 89 8 31 3 72 94 40 95 9 66 41 19 91 14 46 25 43 34 54 79 56 80 88 54 12 69 79 34 15 30 33 24 96 5 3 67 71 18 62 71 37 2 72 64 37 81 50 38 62 42 7 59 32 45 44 3 99 43 71 97 93 93 96 52 7 89 18 2 32 85 67 67 96 17 89
46 93 18 79 91 11 29 92 28 3 63 76 91 48 26 52 48 44 21 39 98 25 20 87 16 21 42 40 0 30 45 18 47 46 37 73 63 63 46 0 16 14 90 4 38 53 6 48 50 82 53 48 71 44 20 85 5 7 26 19 56 37 55 11 64 34 43 74 43 26 22 82 74 96 50 31 77 27 8 33 77 56 80 20 3 47 97 86 77 67 23 70 25 48 37 45 76 68 91 35 32 70 66 35 96 65 44 66 66 7 1 38 89 91 17 9 1 2 21 4 10 17 10 33 66 31 18 26 81 98 42 2 1 25 6 51 40 32 37 90 2 85 18 52 72 14 68 25 60 13 45 79 83 66 7 12 41 36 31 85 87 84 72 40 66 74 96 13 12 71 9 75 68 30 14 28 21 81 10 51 41 43 94 80 69 87 36 5 89 65 100 95 7 37 22 72 88 30 58 58
13 73 4 24 84 99 93 3 47 39 19 41 32 27 71 41 52 57 41 12 25 87 1 16 98 40 22 15 100 8 37 1 77 12 57 70 7 23 6 61 1 26 39 43 12 3 32 70 35 46 67 53 64 42 48 40 35 50 10 13 94 87 50 95 3 19 46 56 26 35 19 64 88 32 83 94 64 48 87 63 0 85 13 22 64 62 91 2 96 30 80 29 86 72 79 67 74 23 89 42 95 59 40 62 18 7 2 52 74 97 23 78 84 47 49 41 83 51 62 78 69 11 67 66 42 62 2 90 2 25 29 1 11 10 40 87 10 82 63 54 75 72 29 40 44 6 6 24 100 88 20 50 14 60 82 25 45 75 21 79 59 75 67 98 80 95 11 2 62 20 6 32 70 20 18 32 84 57 76 66 42 53 66 48 68 85 55 12 59 90 81 65 19 71 4 79 40 67 67 54
78 41 23 19 51 30 23 23 37 37 65 67 9 95 42 3 97 41 94 46 86 96 71 88 100 61 42 69 28 57 57 99 86 47 47 99 65 3 33 54 35 59 23 58 14 35 14 19 36 88 38 67 43 91 66 67 67 9 33 59 63 92 71 43 5 0 92 70 85 36 23 39 6 51 49 81 11 65 31 93 71 48 38 95 82 6 46 1 47 52 62 21 29 12 76 80 39 15 76 28 21 81 9 93 84 84 36 20 99 21 73 36 16 81 56 60 5 99 71 67 41 94 70 74 74 54 6 88 86 26 2 40 75 65 64 35 71 90 74 12 84 7 9 70 68 88 91 51 95 68 31 97 2 70 47 76 11 57 21 9 10 76 54 2 79 83 45 49 100 82 95 32 67 2 22 65 2 39 58 34 8 17 6 1 23 93 5 96 12 64 57 7 95 55 64 2 52 4 80 78
7 1 37 54 63 14 96 54 4 18 23 80 61 77 56 69 39 37 100 57 16 51 5 59 13 20 93 22 77 31 61 83 87 94 95 12 45 37 55 49 8 41 38 7 99 42 16 23 91 58 60 2 63 89 62 54 9 50 70 0 43 89 97 16 45 63 98 50 11 88 11 68 38 42 43 44 76 57 4 27 35 86 85 25 52 96 80 17 59 37 25 28 28 52 64 42 88 66 39 70 80 17 61 14 32 26 6 67 12 59 73 95 25 38 26 84 61 68 10 17 60 72 30 45 6 6 34 1 48 63 90 100 34 29 70 60 85 53 21 71 9 22 65 5 96 84 5 29 87 34 99 80 8 42 53 71 0 10 79 21 6 48 14 64 41 53 34 86 93 41 60 33 29 59 13 21 49 16 14 51 92 40 9 35 92 48 89 67 66 37 3 0 72 42 56 2 2 83 10 91
49 19 25 22 89 56 17 100 48 8 63 84 60 46 47 57 22 70 15 78 22 99 96 33 15 45 75 20 71 50 76 26 27 95 57 17 45 49 34 16 88 40 8 29 22 71 100 26 35 71 12 96 8 48 79 85 9 24 74 7 51 39 9 99 12 6 99 9 99 59 78 28 40 76 47 64 0 3 59 44 97 75 87 66 81 47 70 43 87 48 32 9 65 95 34 50 76 41 27 18 76 45 96 48 96 48 68 23 86 2 91 82 88 39 39 99 89 75 54 27 9 75 92 10 44 40 66 33 28 18 72 21 37 7 1 34 11 79 22 16 52 84 98 93 42 30 40 99 59 70 97 17 5 36 43 54 91 2 72 52 84 23 87 78 72 37 2 80 30 94 13 36 37 8 65 30 46 10 67 74 32 19 4 78 96 32 48 26 51 8 12 21 63 35 43 18 1 86 55 14
31 10 96 4 25 21 33 47 92 84 8 25 59 40 84 20 39 27 79 53 19 81 22 74 92 5 8 28 47 53 17 5 67 21 92 85 49 46 10 86 54 77 72 30 59 73 1 71 91 78 48 31 10 71 65 2 55 91 47 85 61 80 19 0 37 82 45 91 66 19 21 15 100 68 21 72 64 91 8 74 34 98 13 74 71 6 48 31 82 48 9 98 89 23 72 59 78 92 28 85 97 4 47 23 5 24 85 6 55 72 28 81 96 70 21 5 12 27 64 17 85 33 72 37 12 37 93 7 99 12 35 55 76 43 92 92 66 9 15 61 58 25 99 25 99 43 65 26 95 99 51 37 70 8 76 11 45 39 45 55 45 24 51 8 72 95 22 98 76 44 21 90 64 56 70 58 19 51 44 3 59 20 13 53 99 16 81 80 61 42 40 59 45 5 10 59 49 13 90 24
36 81 85 98 86 36 33 78 32 97 36 92 93 89 82 10 89 32 2 59 73 42 45 6 26 83 47 8 78 22 34 82 38 91 18 30 9 43 42 0 72 6 82 86 8 36 70 5 42 27 57 88 65 94 6 18 78 91 58 58 20 59 47 11 82 5 28 81 24 98 7 94 2 22 38 38 58 68 87 84 73 87 0 5 9 80 4 65 49 99 53 40 77 18 61 60 37 58 71 28 67 97 68 36 37 89 92 17 98 43 23 24 39 96 37 3 28 77 42 26 49 14 36 25 38 54 86 72 28 26 53 99 41 40 97 19 59 97 27 62 75 59 23 62 61 94 27 21 20 71 1 16 15 27 31 1 62 91 44 68 29 80 41 71 50 42 48 62 47 67 19 20 72 98 22 68 10 35 53 69 12 76 100 91 26 20 62 53 55 19 36 15 67 85 10 14 30 33 3 76
23 89 35 38 65 10 48 72 30 50 38 39 64 90 80 23 85 86 57 88 20 29 38 82 77 21 92 21 86 7 62 55 52 87 31 65 18 2 2 18 51 80 97 69 18 45 88 69 17 27 6 42 46 85 96 65 26 17 50 86 74 5 28 33 43 37 26 72 94 2 91 29 29 34 96 82 30 65 81 27 16 47 61 33 5 51 66 74 50 34 23 95 13 91 75 13 82 61 70 52 33 100 22 90 1 48 7 94 6 35 24 26 74 94 99 31 82 77 92 53 64 37 64 85 18 95 100 45 17 86 37 67 62 20 9 42 44 95 89 55 49 5 42 97 43 26 51 77 66 17 77 51 26 48 78 53 2 5 92 92 21 4 48 47 79 68 39 75 15 47 96 83 12 88 78 72 63 62 26 17 84 86 68 43 11 87 59 19 88 16 94 68 18 90 73 75 34 99 77 93
66 54 99 79 26 32 30 44 65 86 73 4 7 26 78 16 5 10 4 12 46 17 10 16 43 99 35 42 74 50 24 48 91 67 87 48 96 55 46 43 18 26 84 78 79 96 43 41 61 47 54 38 47 19 84 66 24 85 34 40 72 90 78 1 77 52 66 36 86 85 73 86 54 15 43 18 87 30 19 91 57 34 95 66 87 67 4 26 14 60 9 67 73 71 42 17 30 58 10 33 95 55 18 21 32 97 64 46 15 54 96 54 92 5 87 93 99 26 18 37 44 50 12 84 14 23 72 33 93 34 51 68 3 2 69 19 27 98 13 56 16 92 18 84 65 29 83 34 52 1 20 4 4 28 81 59 69 90 41 3 48 75 100 28 72 70 61 92 39 80 45 36 93 92 81 95 36 75 37 3 96 19 32 41 47 0 14 58 91 23 48 23 65 71 46 9 79 49 31 10
52 99 100 86 40 97 56 9 45 7 4 83 79 44 21 78 81 43 10 1 71 51 19 23 20 38 41 10 99 14 20 65 7 95 66 33 25 36 53 74 89 89 29 13 55 21 78 66 77 2 32 51 5 51 16 37 100 62 99 39 16 95 43 18 79 89 47 86 55 13 10 10 46 46 17 12 81 83 35 52 22 14 71 97 7 53 16 27 35 45 23 0 21 34 57 2 94 78 29 27 53 94 57 4 16 47 75 28 19 74 24 28 84 52 69 68 24 87 88 65 81 25 35 69 25 55 50 0 37 99 18 49 46 73 87 80 17 77 26 3 77 48 94 75 69 58 25 68 34 12 53 89 96 42 76 24 57 71 68 13 0 18 67 84 100 15 77 82 51 91 94 42 60 48 76 33 11 34 82 4 94 78 40 45 32 77 38 29 13 85 61 20 62 72 85 9 34 8 86 59
0 0 80 18 85 10 86 16 66 85 98 0 48 1 4 12 23 20 23 13 37 91 25 34 92 49 59 42 20 81 44 29 42 77 49 51 64 89 26 5 51 24 85 61 13 13 58 10 0 56 93 67 75 25 56 94 16 64 75 47 56 1 64 42 76 47 51 36 61 79 65 62 32 4 63 24 7 30 20 75 60 28 31 65 90 31 82 9 97 74 64 95 90 13 70 0 9 67 40 59 60 54 83 62 87 16 63 28 86 65 82 6 40 33 13 75 26 61 67 17 72 18 20 9 10 98 79 81 58 15 70 72 52 45 41 9 40 70 72 56 19 98 96 4 78 39 32 14 10 7 93 78 30 95 59 32 86 97 16 84 71 80 24 2 8 62 37 25 45 92 93 84 15 1 38 89 50 29 58 52 20 39 75 13 41 29 87 71 72 48 75 49 97 94 34 89 10 12 13 37
75 79 72 61 4 28 47 75 67 6 96 92 41 85 97 64 95 90 34 79 64 13 1 65 48 54 29 67 76 8 54 55 77 21 38 87 50 37 54 2 85 87 23 31 3 28 57 55 17 36 1 0 70 31 48 28 28 93 25 47 52 88 100 65 1 20 14 36 27 97 71 77 10 76 47 86 44 24 76 55 27 94 25 27 59 91 46 94 54 72 73 7 52 88 28 73 29 19 51 8 45 32 94 70 39 43 83 100 11 44 68 80 57 94 12 99 35 36 33 1 76 64 93 3 82 97 51 43 13 23 92 92 5 4 89 92 80 30 0 44 43 39 1 8 20 65 87 29 83 85 99 99 7 75 88 74 14 33 79 16 19 85 66 61 44 5 36 58 78 64 50 44 66 12 90 30 37 96 18 19 37 50 92 76 65 94 61 50 66 81 96 55 58 47 64 90 94 43 77 87
9 24 91 34 25 31 13 58 36 65 75 0 22 65 1 50 31 50 64 49 10 10 87 98 27 57 32 69 74 85 16 84 51 22 14 9 83 31 83 96 70 57 50 2 71 24 26 88 71 95 97 42 89 46 78 47 27 11 82 95 67 73 58 58 3 6 33 13 36 31 45 6 26 17 23 75 62 36 40 25 78 7 88 10 99 15 36 35 41 4 32 60 74 56 31 18 82 19 4 55 67 25 4 6 43 43 44 52 39 77 42 58 88 15 67 71 84 0 38 11 10 69 4 42 99 26 41 0 86 85 43 39 17 88 95 68 49 37 5 6 79 55 14 54 83 66 20 46 78 64 75 48 6 49 28 4 20 17 7 28 74 70 16 11 12 97 19 13 32 35 48 53 71 11 99 81 57 1 87 82 75 100 35 63 3 16 3 27 85 17 3 95 25 51 6 49 25 91 76 96
58 68 17 37 63 48 98 89 91 0 39 70 41 23 63 66 67 46 21 8 18 34 5 3 93 49 60 11 85 19 87 72 89 28 84 18 19 8 72 2 42 33 51 34 49 68 94 35 66 0 10 53 10 89 28 68 97 61 89 26 98 100 66 27 38 78 83 52 79 55 36 66 89 5 91 48 71 89 96 30 37 42 27 78 90 18 10 92 87 70 53 65 91 39 80 67 100 24 90 65 9 28 62 85 8 72 6 29 13 25 37 64 11 96 9 21 23 26 36 84 89 69 67 67 68 5 21 98 4 22 36 39 27 30 50 28 44 59 19 89 34 20 16 50 59 88 50 27 24 22 57 79 86 21 2 5 25 53 4 66 80 94 96 72 88 60 82 35 51 30 0 87 28 85 35 13 97 78 77 43 15 33 89 12 18 50 2 35 85 19 39 25 63 30 36 37 53 57 6 42
59 36 18 6 34 39 37 84 70 58 21 80 95 32 39 19 20 73 6 6 50 32 95 14 96 33 22 13 17 35 73 100 25 31 11 69 27 18 100 5 52 26 92 30 79 46 27 16 42 52 45 11 56 3 13 78 49 83 29 24 7 5 43 30 4 84 93 15 6 86 87 25 36 27 27 57 54 50 71 42 65 77 58 53 93 74 39 58 0 72 89 18 68 77 33 82 12 61 27 95 33 24 77 51 93 83 71 70 88 64 29 39 34 11 83 16 69 53 42 41 24 56 70 45 60 52 83 75 50 27 92 0 84 88 86 38 6 83 63 46 87 42 85 85 57 62 59 82 9 42 60 4 72 84 62 45 96 66 97 69 87 63 26 65 46 37 23 23 23 45 22 48 37 24 74 18 89 27 41 62 86 14 92 97 86 82 24 91 23 10 2 72 68 82 94 56 75 29 73 92
49 73 63 88 55 26 52 84 50 63 29 31 14 78 93 50 6 48 64 55 52 22 74 13 0 41 90 29 89 99 56 70 90 32 93 39 49 27 12 59 71 76 77 61 75 53 0 3 33 61 76 65 85 63 66 64 34 95 0 36 71 95 18 84 54 18 7 16 3 46 26 83 33 18 4 47 50 60 37 59 97 31 59 2 94 42 63 95 35 23 48 40 31 45 90 2 14 0 87 63 12 3 23 38 50 23 4 70 26 92 27 49 48 9 76 31 6 9 79 43 12 46 69 3 78 4 55 75 53 34 3 13 37 62 13 4 20 0 65 90 80 37 26 18 65 68 48 85 80 67 99 20 69 96 28 19 84 55 48 24 6 49 56 74 98 8 41 44 83 22 7 75 1 9 12 66 38 36 27 19 84 37 60 63 75 31 23 86 90 74 95 69 47 27 90 83 78 97 32 15
54 43 24 47 77 91 50 99 97 1 39 12 1 57 7 33 9 58 86 58 87 49 79 28 99 82 25 37 94 83 48 56 100 84 92 63 32 24 15 72 33 91 98 59 87 48 23 34 69 72 18 100 94 67 18 35 21 86 86 41 51 56 83 50 71 41 58 93 60 42 75 54 46 88 87 53 28 70 74 83 65 93 22 9 53 56 3 30 29 49 6 21 2 87 15 20 76 54 2 57 44 72 30 38 49 16 1 74 83 78 39 3 96 11 14 62 75 58 45 54 73 92 22 97 89 97 63 69 52 2 45 65 78 80 23 27 95 57 24 40 87 2 28 14 9 9 37 41 29 42 99 85 37 48 29 4 47 19 47 4 22 60 68 61 1 61 39 56 63 14 1 73 100 19 82 14 44 60 32 28 75 95 61 83 8 95 72 68 44 32 37 15 85 72 74 52 28 13 8 34
56 65 45 26 91 82 95 92 13 43 69 21 98 99 14 37 16 88 54 27 81 2 18 17 41 38 0 86 65 46 44 89 81 85 13 86 89 71 65 67 8 24 40 75 45 16 71 57 31 55 52 40 39 83 96 49 91 50 52 98 53 6 26 23 71 99 57 41 37 23 87 68 81 30 32 81 11 40 46 67 40 52 84 56 4 78 66 30 24 87 74 33 31 26 45 22 47 84 30 87 57 6 80 86 66 40 56 50 9 10 87 61 62 99 18 59 24 5 3 29 26 3 90 34 40 29 70 40 47 0 30 82 34 29 68 60 9 3 75 7 48 32 56 69 43 27 11 98 100 73 19 28 62 23 46 67 56 14 30 81 75 57 15 68 29 48 50 9 11 73 79 26 21 61 18 94 36 3 88 3 54 15 68 82 1 45 83 90 84 52 79 83 8 1 33 1 34 70 7 73
98 54 60 7 57 83 10 47 11 40 60 2 74 18 49 55 86 49 42 67 46 98 76 29 80 81 57 11 74 23 95 44 9 77 73 28 97 78 8 82 27 75 91 3 98 73 73 71 90 77 68 79 58 99 80 60 49 77 22 59 79 7 94 8 92 54 96 2 57 26 45 7 65 25 48 82 100 68 39 0 95 23 40 25 63 42 24 51 26 48 22 88 56 68 78 62 64 80 2 94 75 86 32 79 32 50 39 7 7 68 92 90 45 27 30 95 23 70 7 33 66 72 44 57 56 20 98 75 7 50 46 86 42 49 7 80 1 52 44 68 33 25 3 34 23 18 23 68 25 30 89 58 72 19 62 0 9 79 94 9 71 53 4 23 63 81 10 73 67 25 39 53 51 73 83 33 33 56 42 82 51 61 41 46 44 25 56 46 83 40 30 62 90 0 77 66 77 32 58 89
20 63 49 75 40 37 28 25 18 83 47 70 13 32 57 54 55 16 78 82 71 94 5 94 2 69 66 92 82 63 11 71 32 74 96 21 43 34 46 54 45 41 49 38 8 2 43 44 41 39 47 97 78 53 81 76 51 47 67 28 75 7 93 30 83 56 65 35 55 19 95 19 26 87 17 58 29 40 7 33 94 2 17 50 68 15 26 55 55 71 42 90 49 98 57 4 79 15 71 25 42 66 38 33 16 49 94 94 53 73 69 65 24 13 75 26 5 86 7 84 14 26 26 69 98 51 14 23 83 28 78 67 94 21 57 76 8 98 17 98 94 41 42 89 57 79 94 2 78 54 75 43 91 30 55 21 99 83 64 75 74 67 76 90 88 14 15 76 10 13 28 47 99 56 45 12 33 82 92 0 45 60 84 30 53 32 76 42 2 16 14 29 59 97 7 19 90 65 6 58
18 100 8 16 10 93 45 12 85 59 14 36 7 6 25 60 98 83 49 18 2 80 25 38 88 38 67 17 90 92 11 36 68 73 65 73 33 85 69 32 52 88 3 87 91 67 26 46 15 25 25 16 4 9 2 92 10 57 73 12 15 4 45 92 30 93 68 45 10 23 94 87 71 52 55 54 44 82 16 99 6 19 7 46 84 94 17 31 84 24 13 5 44 59 64 37 0 84 56 38 20 30 54 26 12 77 21 88 78 37 67 42 0 69 72 30 96 53 26 11 28 55 76 45 78 87 40 2 60 94 6 78 5 53 69 68 28 98 50 66 76 48 57 82 55 60 46 87 61 96 77 56 65 59 46 4 91 81 30 58 25 96 9 6 57 100 13 18 88 63 14 82 36 41 68 61 61 28 67 89 71 15 69 99 68 25 1 14 54 84 67 28 60 13 59 64 81 27 28 5
74 83 14 44 97 4 14 52 91 39 57 3 63 86 61 70 82 18 93 51 78 19 66 43 21 98 16 81 10 86 84 25 100 28 7 19 1 70 69 3 95 44 45 98 7 22 73 73 6 82 52 11 78 70 71 21 29 46 88 34 91 34 31 87 97 67 48 36 55 60 75 35 62 71 31 17 18 70 21 15 49 70 93 72 77 6 11 17 31 88 43 71 7 30 61 39 37 95 15 83 84 16 36 4 32 15 6 68 85 93 17 23 24 11 51 10 10 95 86 42 8 91 24 39 2 86 62 57 29 62 5 31 26 76 46 70 37 19 7 65 11 72 62 54 79 56 69 4 79 67 35 44 0 69 82 62 57 27 78 34 79 35 64 52 57 6 6 80 50 38 4 57 12 92 20 16 85 33 1 72 61 48 59 83 6 66 34 58 69 51 2 31 79 2 22 89 71 7 62 44
86 39 12 3 74 10 75 32 38 82 90 4 7 25 74 92 32 90 20 88 85 14 84 61 17 0 55 88 9 8 85 62 87 69 75 90 49 30 80 2 92 32 3 69 38 94 84 100 77 26 83 58 23 98 76 2 88 72 90 85 45 73 1 81 33 56 27 49 4 70 80 63 100 26 31 24 24 7 10 55 55 0 78 30 94 57 16 89 98 34 61 1 55 47 6 99 55 95 54 81 8 75 71 91 90 34 89 71 45 70 73 58 51 48 36 87 95 48 82 73 72 26 88 20 15 67 39 88 100 99 82 53 5 34 90 68 96 38 16 28 80 46 61 99 66 75 13 37 31 43 37 63 8 10 23 71 33 66 25 33 32 86 49 57 75 62 82 6 90 13 7 54 42 76 25 82 44 37 50 98 75 59 12 29 7 84 89 86 78 48 77 23 78 14 4 3 20 37 36 78
96 69 97 47 83 73 85 30 34 86 89 82 92 24 0 26 39 63 6 47 11 53 49 39 45 38 28 43 52 10 64 64 98 54 48 4 86 2 61 61 22 31 70 32 28 78 2 85 0 44 96 13 85 66 69 38 37 32 80 6 91 45 63 3 52 53 31 75 6 83 91 22 76 17 34 46 100 27 6 64 39 88 88 72 24 2 28 24 72 47 99 52 35 61 0 81 93 80 41 82 11 51 98 37 58 7 19 12 64 74 90 1 58 41 58 93 78 95 85 94 37 61 62 56 72 82 3 74 64 5 28 97 77 92 31 9 91 71 16 43 44 45 33 71 84 35 35 42 99 78 10 39 1 53 42 88 93 16 15 75 81 6 58 71 61 43 53 73 65 0 59 94 59 70 69 33 15 50 80 90 71 70 44 2 40 83 88 89 98 80 70 9 38 81 55 87 15 42 83 5
41 5 46 85 68 73 36 71 64 45 19 98 93 47 94 38 27 69 52 30 23 33 41 61 50 1 86 66 20 34 56 75 85 79 47 59 64 15 4 83 7 40 19 24 68 25 6 52 34 57 97 43 22 11 25 97 47 67 40 63 70 69 35 41 20 59 52 19 9 30 27 2 13 22 6 63 38 19 35 3 92 39 3 30 70 57 44 81 36 13 34 31 6 20 4 34 55 72 51 21 33 56 87 93 3 22 21 81 81 59 78 87 31 17 35 98 67 94 39 23 79 2 65 47 5 57 9 42 57 57 0 13 65 25 66 60 56 9 98 17 20 85 31 64 80 16 43 80 2 51 33 66 56 90 95 1 100 39 11 54 86 5 39 28 61 23 100 71 47 65 55 29 6 13 8 26 27 47 2 42 53 9 50 24 50 62 0 84 60 20 97 92 17 56 67 64 6 100 47 55
55 11 53 63 97 13 84 90 8 21 93 68 40 42 68 89 6 30 11 59 92 27 42 46 64 87 54 36 57 98 77 89 39 98 78 71 70 42 25 66 65 52 65 32 40 85 97 69 53 2 67 54 76 26 82 38 2 95 80 61 31 90 14 67 85 98 73 10 36 20 76 40 14 57 56 19 71 95 63 55 72 22 54 61 49 23 83 5 97 84 98 16 46 62 45 30 4 25 42 40 87 86 54 53 45 19 96 24 88 43 86 38 68 73 57 48 74 33 36 49 45 59 45 83 84 18 31 59 16 67 15 82 9 7 67 90 99 96 70 63 79 96 30 60 19 45 21 93 59 93 47 14 72 75 8 58 40 74 15 84 85 61 37 22 96 89 9 57 99 30 40 45 42 6 16 83 30 58 59 37 74 56 46 20 52 10 14 25 32 80 15 76 51 4 75 24 38 27 23 13
66 100 84 84 88 49 87 32 40 83 91 51 57 12 6 5 94 68 51 66 5 19 75 45 20 67 12 97 5 0 65 79 26 71 52 87 8 75 12 21 31 35 79 54 53 86 95 50 30 9 88 100 22 28 3 22 48 68 72 32 10 57 64 52 34 65 30 43 11 41 86 89 11 39 43 56 81 26 22 46 98 41 11 100 63 6 14 44 21 17 2 14 27 73 78 21 20 100 60 100 30 83 46 100 12 52 87 86 11 40 5 86 96 74 89 64 57 39 24 85 86 90 92 51 64 35 5 67 20 4 67 79 96 26 11 76 10 74 34 62 43 10 96 89 33 14 62 29 31 0 71 45 96 97 100 94 37 57 78 45 50 10 88 65 32 31 8 22 50 46 1 12 41 42 47 37 4 7 3 64 78 83 5 0 13 2 16 99 52 96 80 18 47 20 97 11 69 93 56 95
9 56 18 96 88 57 72 83 2 3 72 39 39 70 80 42 83 23 0 1 13 84 60 21 40 35 39 61 76 17 21 91 75 29 53 91 27 93 47 85 26 24 3 85 41 11 40 82 11 27 31 85 49 10 71 59 4 72 76 45 56 64 58 74 15 67 27 46 35 50 11 92 55 76 34 36 8 22 81 78 38 55 42 3 80 41 77 95 61 88 51 39 41 73 86 50 64 84 52 40 1 27 94 20 57 7 3 12 94 79 93 36 55 41 32 43 97 69 20 81 27 96 53 79 68 95 3 22 6 72 28 39 58 15 27 59 86 79 55 63 79 39 92 64 51 43 1 4 85 1 43 96 20 43 54 69 81 94 91 100 92 12 82 74 88 55 90 31 65 17 57 100 2 7 95 84 68 25 3 90 7 26 77 20 54 85 68 55 11 65 14 88 89 96 30 33 42 75 78 46
54 35 45 63 16 81 34 13 61 86 21 11 60 81 79 89 47 39 74 93 71 49 79 95 67 66 14 13 44 20 67 99 69 42 58 10 27 55 47 53 62 34 76 47 7 24 92 89 16 35 80 31 70 50 63 42 74 48 78 42 39 13 29 56 45 95 20 1 34 23 33 3 61 13 7 31 41 55 65 9 68 9 89 25 7 73 23 38 40 64 5 99 20 30 87 39 44 2 79 16 67 12 56 77 60 98 65 29 58 69 45 71 32 90 37 19 78 82 44 95 28 10 95 12 30 40 67 69 95 47 23 55 69 13 16 57 13 87 47 59 94 13 21 71 96 69 18 90 37 39 78 50 38 75 36 37 51 42 68 17 79 54 16 11 28 86 93 11 19 0 74 51 87 35 47 99 100 43 21 60 80 26 49 88 39 95 62 12 15 74 73 0 95 53 49 100 57 85 49 22
42 35 80 95 35 95 8 99 56 49 92 20 53 51 97 51 37 40 33 44 18 81 73 59 95 15 44 15 81 1 41 74 75 22 39 27 31 56 76 66 64 50 63 11 99 68 81 76 82 3 18 16 77 49 58 6 46 26 27 32 42 43 27 83 40 3 85 35 87 68 14 86 69 62 26 93 66 3 45 52 59 17 48 67 20 22 72 98 97 12 91 74 44 7 29 84 78 60 66 91 56 63 72 74 96 66 92 60 86 69 55 7 21 30 27 95 76 63 38 43 90 80 5 95 54 18 42 82 72 81 4 4 21 81 55 33 55 84 16 90 43 33 7 7 25 73 69 36 68 2 95 24 85 9 55 96 15 44 49 30 67 90 38 7 13 60 41 33 24 60 53 79 66 29 59 49 18 27 93 4 36 4 90 50 81 28 57 71 12 13 40 81 1 92 3 99 12 86 30 72
70 72 96 9 45 75 75 3 31 93 29 6 92 24 63 48 25 23 98 89 17 28 5 9 46 14 76 0 78 63 60 74 19 8 99 37 26 7 47 45 3 44 29 2 42 7 80 73 3 78 5 99 48 72 25 19 14 63 20 51 1 5 23 17 99 55 50 26 22 33 13 100 17 45 53 5 23 13 94 55 86 60 64 64 77 13 25 20 29 44 97 35 33 57 14 50 11 99 72 59 1 28 21 40 36 0 50 89 75 60 86 3 7 90 29 69 86 74 64 59 7 19 66 100 5 6 59 19 59 57 21 40 10 20 5 97 10 93 19 96 15 33 23 74 52 19 91 87 58 85 56 73 36 30 85 4 2 21 36 8 18 20 3 71 80 24 46 11 25 93 2 77 23 69 26 88 24 32 89 68 0 72 12 29 58 41 21 21 55 49 35 86 0 19 55 2 16 50 0 91
8 78 8 39 55 92 25 32 40 60 85 73 19 65 77 100 80 100 14 26 17 1 100 1 91 30 12 36 4 49 14 46 18 86 28 8 24 66 20 3 97 73 50 43 67 31 45 75 0 29 57 23 30 60 20 13 17 76 58 100 23 13 44 59 87 6 77 1 29 9 0 47 10 58 92 61 59 100 71 67 82 18 75 79 62 39 67 33 60 74 97 0 37 81 51 48 6 31 9 9 96 33 94 57 16 50 7 12 49 86 33 35 89 42 25 78 64 76 72 86 59 27 14 100 21 93 46 12 33 14 94 80 48 40 99 69 26 39 10 40 49 94 57 27 7 22 100 72 59 14 59 4 68 12 76 56 38 42 24 33 66 89 26 15 7 66 34 51 23 31 77 16 53 6 39 91 56 21 98 93 27 53 58 37 82 11 31 47 64 59 47 74 82 46 30 89 62 90 96 13
25 3 3 8 99 21 23 82 70 69 56 3 19 54 28 79 70 53 65 95 24 45 10 92 75 57 53 37 81 25 27 98 11 70 92 10 28 96 49 68 81 37 83 24 75 41 70 63 97 35 90 27 0 64 24 57 91 96 100 17 37 4 46 45 78 44 92 61 61 2 63 24 5 8 68 87 87 20 5 51 75 69 60 83 72 31 26 8 43 21 13 53 36 80 11 32 93 70 43 18 41 43 95 87 9 73 40 51 54 34 32 94 84 9 99 7 70 28 21 71 44 94 72 73 8 52 95 39 65 48 37 70 58 31 73 66 75 77 19 89 27 53 55 69 97 92 100 74 28 27 60 82 8 36 73 43 30 32 5 12 39 82 83 10 67 36 49 42 27 57 7 18 97 30 49 28 72 38 16 19 51 23 91 73 32 15 44 40 33 62 48 50 99 72 89 81 95 46 37 40
32 54 59 80 7 26 0 46 22 77 81 2 36 35 52 99 45 91 90 86 37 93 7 6 82 94 71 20 67 21 58 74 3 21 4 47 99 89 94 19 92 93 68 35 90 82 100 10 29 43 28 7 71 7 11 5 51 30 52 90 4 56 70 71 77 52 79 93 8 27 25 83 87 96 67 4 18 40 80 87 43 12 58 26 39 56 9 38 92 24 72 68 5 14 74 54 23 80 41 85 40 43 0 81 92 22 6 8 94 21 14 49 91 48 3 98 32 48 22 60 52 62 91 45 3 19 90 17 44 7 38 58 72 100 63 18 56 88 35 68 83 32 66 71 9 0 89 99 76 66 11 76 25 53 51 29 77 31 28 6 90 18 95 38 74 59 19 35 14 21 82 52 2 79 77 9 5 78 86 81 94 70 88 16 44 48 0 61 10 12 94 99 16 62 14 93 76 59 49 2
13 15 45 84 78 84 47 50 26 74 22 64 66 61 42 16 51 49 100 88 46 30 0 53 69 73 58 79 88 68 69 79 39 66 6 64 68 57 46 83 36 91 93 24 1 15 72 98 18 77 82 85 83 79 39 85 67 53 74 50 41 32 65 13 79 47 28 70 42 76 76 16 72 1 45 43 97 6 81 33 13 45 0 24 57 6 37 70 54 64 91 8 42 40 19 53 11 98 26 14 49 67 81 88 89 41 49 34 61 59 60 14 1 55 25 56 81 90 27 68 29 95 27 31 64 72 33 36 55 53 92 35 68 53 4 56 8 82 76 29 45 4 84 77 97 84 38 61 6 57 24 33 28 95 93 73 32 50 71 30 95 20 67 29 90 97 85 4 79 26 73 26 2 94 17 46 83 42 2 88 44 73 6 64 99 27 81 72 25 33 10 87 24 17 29 26 70 54 65 47
15 51 17 94 82 19 67 77 77 37 17 24 89 45 41 81 91 41 66 41 29 96 97 94 36 59 66 22 31 18 31 78 18 49 89 99 5 88 90 28 76 96 38 52 12 61 43 76 71 67 35 81 19 53 49 85 10 18 93 7 78 78 43 32 76 3 77 100 20 92 72 46 58 90 92 11 32 9 91 30 98 8 24 24 61 43 66 40 11 24 48 40 66 57 24 97 70 61 53 60 70 42 57 89 15 51 80 28 70 24 44 85 6 98 12 40 92 97 6 46 91 18 9 72 93 56 79 87 72 11 90 60 34 39 86 96 45 65 92 57 12 6 14 99 57 98 42 54 50 25 3 83 59 19 61 32 85 49 17 45 54 31 0 47 76 17 7 67 41 39 2 18 99 62 23 38 61 54 6 54 27 30 35 49 35 59 11 26 80 84 19 97 49 3 67 56 60 20 16 4
10 20 89 22 4 28 37 57 25 62 76 30 44 89 23 25 90 33 75 85 97 26 53 48 44 26 33 82 64 55 47 40 26 50 67 57 100 85 68 12 58 92 54 5 31 1 80 17 40 15 2 58 47 82 24 90 74 44 34 3 75 60 30 61 40 85 43 38 46 79 36 53 97 81 58 84 78 40 80 28 51 37 23 17 6 2 24 93 51 40 57 37 88 12 8 72 94 36 91 7 51 73 37 94 53 0 67 93 53 23 24 64 5 23 11 68 70 88 36 36 62 33 45 72 66 59 91 3 98 41 91 9 18 66 72 13 66 4 22 46 71 19 34 90 79 92 66 33 44 32 45 37 25 20 34 32 31 41 18 99 47 4 64 2 45 57 9 96 5 60 16 44 83 60 57 16 93 38 89 18 97 78 59 11 68 97 8 16 37 78 11 38 90 65 85 48 72 10 82 61
20 52 33 96 15 64 25 30 55 83 95 37 5 69 76 18 0 41 69 88 29 96 65 10 75 100 56 3 14 11 73 65 53 30 61 50 1 26 94 5 76 70 7 71 29 48 12 26 52 89 63 82 96 34 51 43 46 97 37 77 39 35 16 40 5 22 0 27 19 24 26 3 100 30 49 6 21 27 44 39 39 10 38 21 47 89 80 85 37 39 96 6 16 23 53 15 81 70 79 95 2 5 42 48 51 69 43 3 100 24 11 69 70 14 86 54 72 40 42 53 85 10 98 41 39 24 80 12 51 41 29 35 54 13 100 74 82 62 4 64 65 93 33 46 83 7 15 20 81 15 78 42 24 87 83 74 88 17 52 70 27 73 21 31 98 49 9 83 11 71 50 96 77 16 50 35 63 90 76 93 51 95 80 48 30 5 82 34 6 100 66 14 97 7 39 18 91 91 38 5
18 60 11 98 98 87 19 87 73 95 61 23 28 99 82 48 95 61 27 18 16 68 91 27 25 16 71 97 52 43 64 55 26 16 80 47 11 62 87 27 70 75 97 84 80 93 12 36 41 9 33 54 7 12 90 66 34 74 40 3 0 41 71 29 71 33 30 20 45 82 30 39 88 28 63 73 44 91 5 94 0 36 53 29 86 14 98 54 70 32 60 48 8 14 79 79 25 18 82 87 97 69 97 22 2 43 47 41 19 18 49 59 98 98 74 14 40 91 47 63 10 36 99 16 1 59 63 27 100 90 64 10 24 65 95 7 65 53 87 58 65 19 35 5 43 70 47 48 46 59 18 38 15 78 26 70 4 31 60 63 43 60 49 24 93 100 13 87 73 14 49 19 97 18 13 20 21 20 73 44 76 11 7 94 45 89 44 27 91 80 59 80 47 80 72 77 91 41 98 82
5 76 95 18 26 52 14 21 48 48 92 7 17 98 5 15 62 34 63 18 17 28 73 64 50 53 32 55 58 41 92 25 46 29 63 63 89 20 15 54 48 36 60 94 82 78 58 20 17 79 80 33 51 37 94 59 68 39 17 15 77 51 86 61 7 80 49 66 99 32 1 24 67 6 3 32 24 82 71 69 30 20 45 27 19 100 12 79 29 3 27 32 49 75 98 16 96 9 18 80 50 52 93 37 94 4 22 74 21 44 71 20 37 95 82 7 77 25 53 27 57 94 2 42 100 0 92 84 8 84 64 2 8 40 18 65 11 52 42 90 1 65 55 91 5 71 13 66 97 96 55 34 100 1 57 10 34 97 100 55 51 22 45 81 67 39 52 54 65 59 92 1 38 52 96 3 45 53 61 95 8 100 100 2 61 31 14 60 60 75 79 65 14 37 77 0 24 46 70 40
3 7 84 79 85 35 57 42 46 27 87 79 11 60 70 7 31 26 76 47 70 41 34 43 83 42 36 33 6 43 63 43 75 79 99 28 9 4 17 29 64 79 69 32 95 12 60 100 93 85 70 76 67 77 76 94 86 36 68 60 7 6 2 4 47 69 31 45 93 34 47 17 87 48 48 52 63 98 43 41 53 98 75 3 50 97 63 14 9 33 1 6 9 31 94 44 43 75 68 40 2 45 14 21 16 48 54 9 22 33 26 81 67 31 88 41 83 67 94 44 79 27 0 40 68 75 74 42 42 71 93 63 27 54 31 2 53 75 69 91 17 1 98 88 80 64 4 36 65 68 12 14 73 37 13 55 46 64 34 91 89 1 71 78 26 68 82 39 56 45 49 83 59 75 19 45 74 93 23 22 15 94 90 89 7 95 95 64 43 64 80 96 46 66 77 6 56 32 49 79
12 73 19 18 16 93 41 93 85 82 59 48 56 90 50 42 42 35 60 58 12 100 36 52 12 93 99 38 43 47 82 95 99 94 67 23 59 84 84 61 41 41 23 87 97 21 1 70 41 71 36 45 53 34 96 19 86 57 89 33 79 4 45 2 52 59 2 57 44 12 31 4 81 95 4 69 18 65 95 78 70 3 4 80 68 1 96 24 33 72 71 20 70 18 97 76 83 79 67 6 7 55 10 14 30 92 94 55 17 82 91 90 84 96 99 77 68 39 42 30 63 21 75 78 63 95 18 68 71 66 50 35 49 4 73 42 0 21 14 54 8 12 56 11 47 28 0 7 93 39 22 62 7 44 10 96 74 43 19 48 8 46 87 46 92 46 5 62 98 97 7 51 62 74 6 19 63 61 2 52 82 6 23 89 2 61 61 54 4 70 91 0 29 20 37 8 89 11 21 66
79 82 66 94 66 23 79 100 23 29 7 80 74 81 8 42 10 92 98 99 86 6 92 56 62 92 50 24 37 43 35 82 35 0 26 48 16 35 79 64 26 61 60 70 58 95 5 69 96 9 77 54 69 24 98 25 72 48 12 16 91 82 29 45 21 81 86 72 9 91 15 80 51 59 60 32 63 55 73 21 40 68 14 100 59 24 17 91 26 66 24 10 61 36 37 34 58 46 3 74 80 41 70 54 36 94 83 92 55 6 15 75 56 83 77 65 0 50 2 54 24 90 76 83 34 78 89 78 44 74 80 39 74 72 8 57 37 69 68 89 55 12 39 10 35 10 48 6 40 82 93 15 60 57 22 67 54 20 43 85 12 7 55 50 29 38 29 29 11 78 11 57 35 13 100 9 10 6 1 74 78 10 40 83 53 57 47 62 23 73 81 82 98 81 45 94 54 11 1 29
99 8 67 41 24 83 65 94 7 37 12 37 11 59 33 30 19 62 52 16 84 62 68 37 40 62 91 31 4 84 80 83 11 34 15 91 76 39 44 92 49 47 29 19 82 53 37 29 20 11 36 29 66 45 60 98 78 49 23 94 29 65 64 97 29 75 6 80 36 60 66 72 1 58 51 91 33 66 40 24 46 91 56 95 90 60 44 80 43 98 88 85 27 14 50 32 42 20 28 5 50 12 48 46 46 65 75 86 41 39 42 21 96 35 98 55 94 58 71 15 79 31 45 82 25 72 88 25 70 63 87 96 19 99 44 83 69 40 58 62 4 3 15 0 73 95 19 88 62 36 69 85 74 66 79 75 55 23 53 20 0 44 8 74 26 72 77 16 7 75 59 99 18 70 98 52 27 45 48 72 76 20 35 17 87 85 3 29 59 83 74 69 96 10 28 87 69 22 33 59
86 22 25 12 95 27 11 11 76 69 95 59 65 58 81 75 15 95 40 86 51 25 41 21 50 48 6 17 21 78 50 8 70 60 6 15 57 99 36 79 41 45 38 88 49 73 40 30 44 38 24 94 100 17 61 85 69 39 89 26 58 99 86 25 62 10 78 79 39 41 91 80 53 32 3 88 90 76 24 87 22 34 4 58 81 52 83 43 1 82 47 50 89 92 31 85 84 60 67 25 36 2 32 65 10 58 0 93 46 14 18 10 20 77 87 26 53 87 16 93 11 19 6 66 6 57 24 36 47 17 83 74 44 92 49 70 3 47 29 34 33 4 11 71 51 53 7 60 43 46 98 15 90 64 44 17 31 7 19 50 23 18 70 81 36 42 78 18 42 11 6 70 38 94 8 63 3 36 13 24 30 39 95 95 12 30 44 14 4 22 6 13 3 53 53 54 95 14 18 46
12 11 56 57 79 72 16 85 21 10 91 76 38 13 40 84 67 80 90 15 13 42 90 42 78 72 78 46 62 26 4 44 57 29 18 38 52 1 23 66 56 55 2 39 65 6 22 9 26 69 58 46 84 96 95 94 93 72 25 69 40 39 42 41 87 73 75 57 39 50 18 75 18 28 34 1 14 5 45 7 52 62 15 7 13 30 91 22 66 68 81 78 58 1 25 85 66 36 76 22 33 26 68 89 18 88 31 92 73 44 78 5 93 12 10 57 2 1 52 5 75 36 69 92 59 66 60 55 17 43 46 41 95 71 10 88 5 7 4 57 35 92 11 63 38 93 67 52 81 1 31 63 33 41 50 64 49 48 30 45 65 28 6 79 94 74 57 71 89 73 18 22 1 82 29 54 3 46 57 15 53 2 11 0 97 38 15 97 47 52 67 100 54 74 46 7 60 41 49 3
89 78 46 80 39 62 51 39 29 75 11 8 64 24 43 1 40 31 22 85 51 93 82 41 95 17 27 32 53 23 68 47 47 56 43 13 81 7 35 12 49 29 74 100 55 74 29 94 23 98 1 7 12 63 49 90 10 49 1 73 40 70 22 6 45 8 23 42 43 25 62 47 100 18 26 25 86 64 11 15 61 76 43 29 54 50 85 16 57 60 56 41 57 89 23 66 66 90 71 79 0 53 63 26 9 27 0 81 34 62 15 75 14 31 36 51 99 74 23 79 47 71 2 87 71 83 41 71 38 4 61 23 80 93 69 64 41 86 12 77 64 92 95 93 6 86 62 88 21 90 82 96 7 93 85 71 47 34 14 89 76 43 67 17 36 16 15 85 67 68 86 35 24 97 31 27 58 10 15 3 35 44 9 58 43 2 72 89 45 33 8 14 6 59 42 100 83 52 12 99
93 83 95 69 79 100 28 69 3 7 22 35 8 44 3 4 82 44 49 65 16 95 63 24 6 61 2 64 6 79 18 57 26 34 10 22 40 24 43 65 60 91 8 51 2 20 81 36 43 67 36 37 11 84 72 4 37 96 20 46 58 84 90 9 40 45 27 2 18 16 15 94 51 51 3 27 10 20 1 36 56 90 24 86 16 100 56 3 73 4 17 60 63 55 5 73 71 99 11 74 97 21 65 52 79 4 34 7 82 11 35 0 44 31 54 96 19 15 23 35 17 16 3 49 32 68 90 49 43 81 61 97 27 71 31 91 57 65 79 86 28 94 0 84 46 58 49 16 97 40 20 93 34 71 0 4 31 5 25 78 17 64 17 25 42 50 63 33 63 72 100 3 49 38 51 76 90 55 100 35 39 63 71 94 17 48 48 38 36 68 4 89 85 20 85 84 84 15 96 80
71 87 15 74 20 3 98 73 84 17 1 19 84 53 37 76 86 35 83 99 6 6 6 55 67 100 55 38 57 16 60 60 67 36 62 80 90 87 90 49 81 65 100 2 16 53 96 29 36 10 72 14 82 65 18 28 52 8 50 89 47 92 88 20 54 21 37 71 83 73 8 32 26 78 87 9 14 39 28 33 38 37 63 29 28 8 69 77 21 93 34 93 43 83 12 30 100 2 96 85 64 34 6 37 13 56 26 89 14 22 96 4 35 62 61 40 80 42 39 20 45 56 6 91 33 81 31 44 98 32 79 15 96 70 6 54 26 14 56 23 1 43 36 47 37 47 7 49 48 30 21 9 52 89 84 66 39 86 85 27 96 22 8 16 19 77 31 93 86 59 26 75 29 47 3 24 40 0 28 13 0 66 16 49 14 20 94 3 86 91 82 26 99 34 16 40 84 89 96 66
9 98 48 70 65 39 99 83 34 89 88 44 21 23 73 32 17 73 66 96 50 17 33 41 26 81 39 97 37 45 39 41 23 59 3 87 4 100 43 75 62 19 7 50 70 88 47 89 36 64 74 69 96 43 75 43 35 35 37 54 88 30 100 79 89 9 94 55 88 14 23 72 46 69 43 30 50 86 79 68 64 64 28 72 50 44 52 81 29 36 95 54 14 17 75 45 8 99 88 81 31 46 56 96 81 16 8 15 32 11 51 19 70 74 10 10 89 98 17 24 0 47 22 19 68 17 28 79 7 14 56 43 21 99 75 15 1 19 40 80 8 69 9 17 57 96 31 53 60 14 58 65 19 33 95 32 23 39 77 84 22 46 50 37 18 70 64 57 29 82 10 47 29 58 82 77 37 84 21 41 20 88 83 3 34 82 74 4 83 27 22 48 27 53 58 11 63 42 2 97
100 42 52 83 52 72 37 89 7 90 59 5 15 26 15 31 80 35 44 41 48 29 1 48 14 8 85 16 23 22 59 94 73 38 86 45 38 70 45 55 18 90 71 63 2 0 91 99 30 42 7 41 1 45 31 89 85 76 33 46 45 8 72 9 7 65 53 92 97 4 59 17 25 33 37 54 84 90 80 86 9 43 75 18 34 14 24 55 48 96 99 41 33 45 59 52 94 27 84 82 72 81 35 23 58 51 96 13 99 67 97 8 39 90 4 40 48 45 53 66 15 17 23 64 100 91 30 26 26 98 77 17 32 59 38 42 36 92 10 96 73 62 48 60 5 37 0 41 34 15 7 92 38 12 99 75 14 20 36 60 95 50 55 46 67 77 93 33 23 23 95 95 18 64 39 3 64 26 96 31 26 93 100 68 97 22 25 81 27 0 60 66 81 97 58 23 24 88 56 88
43 0 90 87 15 33 22 67 55 69 43 99 48 76 28 64 91 65 63 12 50 16 22 82 19 17 23 55 90 31 55 52 40 67 47 87 18 75 40 52 42 7 17 40 58 13 77 73 38 99 51 61 77 92 94 28 33 86 7 61 58 10 17 8 92 24 55 2 51 89 17 42 50 7 28 98 100 3 43 21 23 51 9 13 1 93 24 35 45 73 73 12 38 29 23 40 51 10 87 44 31 48 54 65 34 7 0 16 56 35 62 30 9 9 2 12 42 70 63 25 99 26 40 52 56 98 33 26 69 72 25 34 10 12 54 35 21 95 66 11 62 16 34 41 53 6 15 32 59 85 77 74 82 36 63 23 15 69 85 92 89 74 44 79 53 80 65 82 93 71 74 51 97 42 65 34 91 60 85 58 70 60 24 19 97 60 28 7 23 13 87 14 4 82 98 22 71 53 66 5
96 74 41 82 11 90 56 71 43 48 70 14 67 40 59 69 77 28 59 63 23 61 26 46 15 70 45 39 58 89 0 89 79 43 26 54 20 59 39 39 68 87 57 58 10 21 85 79 70 24 66 85 53 83 25 2 79 90 14 89 45 92 29 97 32 52 9 2 13 65 62 90 10 92 45 11 79 74 85 19 81 40 33 48 83 52 97 17 57 76 81 84 74 57 47 30 31 77 22 38 0 71 7 45 32 93 16 21 71 88 29 36 96 53 72 80 64 66 89 31 36 67 75 0 58 27 59 25 100 8 55 21 4 16 60 99 73 33 86 19 43 28 12 63 58 51 3 88 65 59 62 60 8 24 28 75 98 26 94 45 41 66 73 19 30 14 38 53 9 48 4 90 64 76 47 2 55 45 4 16 65 100 11 79 59 7 51 85 28 21 26 71 36 45 35 66 5 15 61 66
16 89 70 9 71 79 74 56 46 96 35 98 84 34 33 90 0 9 83 6 95 96 50 56 30 27 3 53 50 80 9 28 82 0 55 84 20 78 43 33 62 31 73 28 20 89 6 74 90 48 48 2 23 10 61 74 81 51 100 24 40 33 15 7 33 72 9 77 31 84 93 45 61 65 17 17 89 9 24 22 16 40 78 28 1 50 86 47 62 75 70 95 94 50 31 50 18 72 59 33 26 14 91 100 43 19 11 10 75 50 75 37 10 11 71 56 15 7 95 65 42 12 11 0 80 31 10 58 32 88 28 14 40 16 38 85 80 67 3 68 58 41 71 98 46 80 55 37 24 22 91 69 27 2 87 97 70 77 31 45 37 15 0 90 38 44 94 60 7 95 0 7 64 93 47 17 64 49 86 80 49 14 44 84 72 92 67 47 52 35 6 98 17 37 86 17 93 14 67 57
7 34 87 4 59 26 74 73 6 65 94 91 95 24 38 12 89 42 98 86 85 58 96 69 2 60 85 36 51 67 2 95 71 54 45 35 67 50 53 74 60 97 31 98 43 35 7 85 25 32 95 91 80 41 32 36 54 83 40 0 59 46 26 98 75 36 77 78 5 63 31 30 37 41 10 22 2 5 77 58 73 12 98 72 58 38 6 15 21 19 72 2 49 29 71 60 5 52 60 23 58 51 51 5 11 3 98 57 62 42 46 96 60 46 46 14 55 4 15 24 92 91 45 99 10 58 26 91 15 1 64 80 42 78 69 19 43 49 68 95 3 89 54 71 37 71 89 49 93 100 3 11 65 70 80 37 56 98 14 17 98 36 48 71 86 28 4 93 3 15 18 60 13 12 68 91 39 60 66 22 68 33 7 52 77 69 76 54 90 27 22 98 45 39 7 98 87 48 14 9
41 6 8 96 43 54 44 7 73 78 70 48 60 61 60 58 86 6 65 41 88 17 8 12 67 80 43 0 39 64 40 21 76 14 7 32 30 50 44 45 72 93 37 0 64 69 13 27 81 27 80 30 40 78 43 65 39 25 49 17 84 23 70 7 21 47 27 95 56 97 19 46 92 33 22 9 56 18 33 71 84 86 74 26 69 28 83 42 86 8 45 62 21 41 4 6 22 82 11 28 55 86 17 78 9 26 8 79 76 97 48 44 68 47 40 92 78 44 1 4 54 35 46 85 70 63 38 4 30 73 96 43 36 15 62 20 14 41 29 97 52 59 74 72 57 48 19 45 86 81 92 55 98 69 99 17 25 21 22 96 91 100 22 15 6 63 67 100 44 74 71 52 39 2 32 99 76 94 51 28 21 63 43 7 86 78 46 41 93 53 11 18 5 21 31 10 88 28 56 94
18 67 80 80 3 42 19 27 18 85 59 18 31 84 94 12 11 72 63 82 59 59 93 16 6 0 29 1 79 86 95 46 57 68 38 3 22 52 14 24 20 81 29 68 85 58 83 81 35 4 6 83 70 34 73 20 89 11 13 92 100 58 79 11 87 42 76 32 30 84 42 92 75 34 42 6 10 74 89 37 24 44 86 28 98 65 6 39 100 86 78 43 80 63 51 30 25 53 14 87 43 49 93 83 42 15 18 24 22 45 94 64 84 28 40 94 59 18 65 20 49 79 96 10 68 50 39 11 86 90 36 43 42 60 22 41 3 47 74 20 13 57 21 28 11 61 3 75 99 22 81 99 56 46 100 86 61 53 95 50 77 38 38 36 53 52 80 77 80 100 23 74 89 28 98 12 6 56 29 80 19 100 11 71 0 37 69 45 6 72 53 34 3 24 71 93 21 46 67 54
47 99 75 7 8 28 68 3 79 3 79 69 21 96 85 69 100 67 60 44 66 9 27 72 82 66 75 41 96 30 80 75 91 38 39 68 75 52 94 38 90 88 79 43 54 72 19 8 48 34 2 98 22 3 60 8 52 15 74 17 75 51 45 65 35 9 38 4 20 19 40 77 27 80 57 58 38 87 17 95 68 25 57 44 67 63 91 62 3 46 56 96 6 96 86 81 25 28 8 51 12 94 1 58 81 93 64 6 63 57 49 54 10 77 86 2 61 14 51 71 100 61 5 32 71 6 17 8 57 52 5 98 13 74 52 6 63 25 25 66 19 73 69 62 81 44 19 53 87 14 78 61 65 79 7 100 69 51 34 71 11 91 39 36 48 19 19 20 49 11 22 41 7 7 31 20 70 46 95 52 82 42 38 2 82 58 81 12 32 74 39 21 31 71 100 96 83 49 6 96
19 83 16 10 15 14 41 99 61 0 82 4 24 55 2 34 11 67 75 88 99 64 32 38 22 75 20 14 67 39 66 36 35 46 100 98 63 44 94 12 82 56 11 56 45 0 66 81 86 86 53 77 22 4 35 22 67 38 94 4 95 100 100 20 80 48 55 40 23 27 75 19 27 77 52 18 55 19 54 44 52 91 26 74 68 23 24 50 83 95 26 73 59 60 39 18 93 29 35 84 53 46 34 45 48 46 23 11 46 49 17 12 30 88 58 91 91 26 62 38 15 38 92 4 93 49 2 3 36 16 72 98 9 52 36 77 31 51 84 53 3 73 31 39 98 54 63 85 50 68 84 13 83 0 55 15 28 79 54 30 48 49 58 25 45 57 83 99 83 68 61 94 15 0 44 51 46 36 74 17 33 7 15 52 43 51 85 97 68 89 95 93 50 21 52 79 38 89 37 63
14 96 97 13 64 22 63 8 91 17 28 80 23 41 83 74 79 4 100 11 87 79 18 56 60 94 59 83 14 26 68 49 93 83 96 29 49 68 87 40 88 99 64 7 100 36 58 72 55 49 36 54 5 26 75 32 57 14 55 55 24 32 57 91 31 40 25 47 7 17 82 32 10 35 77 31 64 19 14 37 60 35 86 16 15 4 84 81 14 53 51 58 68 54 30 64 23 37 28 3 96 87 55 33 63 12 97 93 60 59 22 77 26 4 78 27 65 13 99 95 12 74 78 98 23 8 12 36 23 3 93 80 88 11 97 87 63 85 51 41 16 70 41 35 86 11 26 83 29 72 30 74 46 77 98 81 26 98 86 35 1 13 33 80 95 14 41 18 11 21 53 17 53 95 90 55 67 65 79 14 26 71 12 21 6 60 10 5 70 70 43 99 80 50 37 54 22 16 49 21
38 92 13 91 69 19 93 56 8 9 52 15 54 22 30 49 0 64 95 13 66 49 54 26 79 33 48 4 55 95 35 24 100 55 75 81 80 55 30 34 79 48 69 32 6 95 49 57 21 24 96 4 8 1 19 27 63 52 8 76 29 74 32 61 32 46 62 48 7 88 26 17 52 15 43 76 98 11 24 42 58 85 27 5 52 28 29 75 35 59 46 95 65 74 61 7 81 50 73 17 9 53 27 49 45 49 74 74 73 28 56 75 12 92 13 5 24 99 69 91 71 60 28 34 9 93 69 99 56 87 12 52 11 60 49 12 89 14 80 8 15 64 23 28 63 96 71 79 99 35 0 7 34 73 11 33 17 44 71 47 54 10 82 33 88 28 91 52 18 73 81 36 52 66 83 74 36 56 74 81 4 63 96 16 92 43 15 88 45 9 10 88 32 3 57 12 7 8 34 55
40 63 54 39 32 59 46 21 0 20 83 31 12 94 24 91 48 32 56 15 70 34 76 88 100 20 31 30 88 23 69 44 25 71 14 70 35 81 66 68 56 5 41 48 91 18 35 74 29 60 57 0 34 67 68 3 16 73 57 54 91 55 5 35 19 71 28 33 92 17 46 53 22 38 98 41 81 35 16 51 33 38 58 66 61 42 29 16 34 61 86 24 68 90 85 97 11 74 1 16 7 34 84 87 44 29 14 62 39 74 38 67 40 1 68 95 56 61 10 2 75 8 100 14 24 80 42 91 79 68 91 71 48 26 79 52 74 98 91 22 62 43 90 53 54 55 91 42 100 70 95 46 25 9 33 48 94 46 50 69 4 79 67 89 4 61 72 31 12 21 21 93 69 89 45 72 27 96 17 4 45 100 68 92 14 68 64 83 47 28 21 94 7 15 79 13 29 52 58 49
95 36 28 33 81 53 94 28 7 85 1 0 81 65 19 75 49 62 83 52 91 50 80 57 79 58 6 37 61 31 19 13 98 83 31 6 24 45 53 73 24 4 66 33 27 17 91 14 79 45 10 76 15 34 6 53 26 51 9 59 61 29 48 4 28 95 33 41 94 61 11 2 43 21 26 64 85 97 77 4 97 20 86 62 23 27 94 20 90 19 66 39 52 52 48 74 2 81 32 7 34 99 0 31 54 50 22 55 41 57 68 99 46 78 11 85 31 41 7 23 67 100 61 14 41 51 2 74 16 21 19 28 92 88 63 37 99 0 56 51 54 9 28 9 19 21 39 74 46 91 4 32 39 25 20 78 61 8 47 66 36 52 48 78 44 82 61 41 95 69 64 2 63 100 37 74 85 15 83 6 49 97 69 74 45 57 32 25 85 38 71 22 24 98 4 53 56 20 76 0
50 19 53 85 38 16 26 23 97 53 15 39 99 32 32 46 99 35 85 56 23 56 20 19 29 15 36 65 31 27 26 22 44 35 81 40 11 80 62 76 19 90 94 100 27 63 39 0 10 62 91 63 63 6 33 62 74 91 55 72 19 91 9 84 83 58 77 31 54 97 57 15 100 15 6 70 71 80 39 71 49 84 78 6 38 60 17 23 43 46 98 7 98 80 98 62 56 43 33 85 27 11 59 69 69 90 34 27 88 29 5 23 45 30 34 86 38 58 27 76 39 13 17 18 42 57 86 54 89 2 7 47 1 26 2 7 48 15 77 77 38 45 11 75 57 100 66 38 22 66 52 34 46 84 64 95 79 51 59 5 83 61 14 96 54 91 43 54 67 6 11 24 70 26 36 77 27 77 13 23 5 69 60 96 5 77 35 9 63 83 16 26 17 46 76 98 48 3 2 53
49 96 72 20 89 3 39 11 52 84 65 35 58 88 44 32 64 51 9 18 74 72 44 44 4 1 57 6 67 91 99 100 96 55 46 49 65 39 13 55 51 51 62 71 78 32 40 35 11 4 42 88 28 71 37 42 71 4 3 32 59 53 92 9 100 23 86 57 100 90 89 24 66 92 39 19 8 74 45 92 42 100 76 83 27 94 97 94 88 19 55 0 15 4 10 95 43 22 24 47 82 61 15 7 57 7 39 81 67 17 50 6 23 84 55 70 6 48 15 20 61 80 28 69 69 46 41 83 37 52 58 3 100 62 91 75 20 64 99 84 61 29 69 58 3 37 75 62 5 42 47 96 63 85 19 6 70 46 46 97 75 37 99 42 54 43 81 82 23 42 41 89 84 6 63 44 21 21 95 71 62 56 29 61 12 37 15 10 69 32 49 61 34 59 14 93 57 30 49 46
62 55 57 84 98 37 74 9 72 27 5 56 48 57 73 16 25 74 61 21 94 58 73 38 28 43 85 1 4 14 31 58 15 82 71 53 52 12 1 59 29 52 99 59 69 23 61 97 26 99 74 74 20 42 55 33 95 73 8 9 56 70 61 7 15 68 47 49 94 68 100 0 2 54 74 60 54 82 46 22 1 29 49 93 6 69 92 29 72 8 52 44 92 54 69 21 76 82 46 35 42 42 19 71 82 82 9 4 68 84 14 79 63 94 57 9 76 24 76 27 34 59 44 62 26 69 64 94 27 17 19 9 6 54 23 6 41 60 46 91 74 42 6 39 100 74 90 21 98 69 29 29 52 82 6 95 22 20 29 47 49 49 57 76 85 34 37 75 18 8 33 4 34 33 12 27 82 6 7 78 51 40 14 67 80 48 23 78 38 53 99 18 73 11 0 42 87 8 24 78
5 94 87 16 29 30 92 3 55 89 21 67 97 21 56 98 2 86 67 15 0 81 18 22 26 35 88 4 22 87 95 15 88 84 73 37 72 66 11 95 100 4 26 1 5 40 90 29 17 8 89 37 51 73 35 43 43 79 0 80 60 11 68 97 68 11 25 22 37 29 48 84 64 95 76 1 19 25 53 11 48 58 63 72 99 44 7 6 20 19 13 98 35 83 50 75 52 94 36 3 9 53 49 82 86 90 22 76 93 25 93 0 27 92 48 22 97 33 41 94 71 42 35 92 41 2 51 40 74 38 33 31 2 97 77 42 14 89 85 47 56 68 76 75 43 38 48 52 85 14 90 26 5 98 15 18 80 9 2 69 10 41 65 91 6 67 52 83 15 20 23 38 5 79 84 91 40 50 36 69 51 28 82 45 17 74 88 85 87 32 91 24 77 48 4 60 55 32 85 23
97 38 6 90 88 21 73 12 48 19 67 2 56 99 77 89 29 75 35 23 45 73 53 14 20 100 58 62 89 74 51 37 23 24 34 51 14 14 97 98 17 94 81 48 16 30 48 8 56 77 45 76 0 23 27 64 29 64 26 55 100 32 88 72 47 22 97 97 7 88 64 87 36 60 2 9 25 44 89 53 53 38 60 9 46 97 36 99 49 33 33 83 34 26 99 25 33 4 62 57 97 92 51 38 88 98 72 98 70 69 11 70 37 19 91 80 11 47 84 39 20 4 5 74 72 41 31 4 0 58 64 89 48 74 85 53 8 35 64 21 9 53 95 78 6 90 24 17 47 57 81 99 61 82 52 30 56 95 62 40 19 49 69 43 41 5 28 60 95 36 16 20 63 54 36 43 92 8 79 67 31 38 6 50 9 36 66 50 25 11 70 11 99 100 0 8 71 70 57 57
