63 20 13 65 34 86 31 64 88 60 100 63 85 54 32 56 39 46 30 55 78 65 79 92 29 39 37 23 21 43 10 26 74 2 90 77 18 90 45 29 52 49 8 90 97 72 24 59 32 26 97 68 83 58 90 25 98 89 0 90 44 37 81 8 40 2 10 20 52 65 65 25 52 10 41 47 100 100 59 60 75 98 55 1 4 46 88 77 34 41 3 89 46 96 39 12 83 53 39 70 5 31 38 74 91 77 35 80 83 78 97 97 87 11 27 87 5 13 41 86 11 21 4 68 30 71 50 76 2 75 1 67 60 53 40 4 76 21 75 81 86 45 89 1 28 36 4 81 28 26 99 95 53 70 77 72 17 79 33 98 4 99 38 96 92 79 61 45 76 60 90 88 97 48 49 80 6 19 78 41 32 95 97 83 7 38 95 83 53 12 1 24 37 87 66 8 30 83 59 68 85 75 37 44 23 44 65 54 73 14 49 35 50 50 20 93 84 24 15 92 20 37 5 17 43 53 45 79 5 51 65 0 11 72 27 38 65 60 35 91 20 19 19 72 20 97 31 31 81 24 12 58 68 44 29 59 18 79 28 96 85 17 19 56 55 32 54 42 78 56 63 71 47 33 34 23 53 29 13 76 72 51 2 63 15 100 72 50 37 45 20 77 75 70 83 46 53 56 34 28 59 79 31 87 91 79 18 8 15 56 57 91 0 53 53 99 14 15 8 66 47 73 34 43 98 24 60 48 32 62 43 16 55 88 34 13 89 16 77 15 83 58 46 53 19 65 23 89 59 76 77 0 81 18 66 4 28 20 51 48 21 11 26 27 27 98 65 6 95 43 72 40 51 83 64 88 40 81 21 8 35 77 89 48 18 66 25 93 50 87 6 19 33 41 49 1 38 95 47 49
61 96 20 35 6 12 44 64 26 3 98 30 98 30 90 91 97 92 9 8 36 94 84 23 31 95 15 33 99 71 97 0 96 79 46 37 70 39 72 27 43 42 26 69 23 15 81 61 44 73 50 80 47 41 29 74 37 71 25 31 86 94 10 5 49 42 90 5 49 45 94 65 87 77 76 6 11 66 25 54 39 66 94 15 5 99 1 83 3 18 8 70 57 34 31 29 5 26 0 73 55 57 28 42 64 5 5 17 56 74 84 47 74 11 27 10 78 42 90 63 46 40 21 24 31 38 32 20 93 73 90 77 40 48 88 58 21 93 48 9 65 85 12 56 56 90 88 30 56 63 18 59 47 68 25 89 4 23 25 40 4 6 67 20 79 86 75 17 87 62 43 17 9 12 1 56 98 55 10 39 47 27 85 86 69 65 53 30 59 90 12 18 98 83 36 0 33 35 55 82 5 89 91 96 81 17 100 38 92 15 78 55 18 49 19 82 32 7 78 38 3 15 14 97 26 39 83 42 75 68 94 3 6 65 80 37 22 51 11 10 18 52 70 12 59 45 36 3 26 43 48 76 59 60 91 9 69 11 32 35 21 22 55 63 54 4 55 9 63 93 30 30 51 81 46 98 91 97 18 54 15 84 25 27 98 46 35 92 5 85 25 83 53 63 3 32 89 12 33 11 42 35 31 11 36 67 89 33 85 23 8 32 83 62 66 73 30 28 75 39 90 26 31 53 63 31 96 47 91 93 2 82 76 46 15 32 99 2 49 87 86 15 36 4 30 0 47 19 81 72 35 92 49 80 21 73 54 18 36 73 34 34 22 73 35 23 31 20 14 82 78 63 16 79 29 17 92 97 76 81 35 64 33 12 73 37 52 31 64 21 55 86 16 86 11 67 38 67 45 30
65 2 27 11 49 18 56 92 58 14 17 55 25 1 34 0 21 61 7 77 49 95 86 91 84 4 51 71 56 30 72 18 41 30 93 82 72 80 18 12 4 58 9 40 37 96 82 20 67 88 17 66 89 93 70 13 49 66 17 88 5 67 61 46 80 49 35 28 40 68 7 45 34 41 85 41 73 12 54 42 90 23 45 18 70 62 66 21 57 65 15 99 100 56 93 93 46 44 98 68 12 66 91 100 30 11 33 85 55 34 21 55 27 51 92 31 9 45 100 71 57 18 10 7 0 56 97 23 10 47 43 30 5 67 67 29 84 26 96 86 5 88 71 58 55 86 98 60 0 75 31 43 52 20 73 96 0 77 96 46 30 5 80 20 83 32 76 90 95 25 1 61 82 11 41 58 9 71 50 75 22 82 72 14 71 21 61 74 5 16 15 4 89 9 11 12 98 47 30 15 17 70 31 35 90 92 2 81 27 6 29 18 53 87 50 96 15 35 56 57 48 3 79 76 54 88 79 18 30 62 63 50 86 49 40 67 79 23 10 8 17 68 87 35 9 54 65 63 48 75 42 24 47 88 3 59 48 16 43 68 50 8 47 77 59 39 34 93 62 99 84 12 56 26 33 47 55 6 62 41 26 92 32 29 34 45 41 69 2 71 29 67 81 68 91 22 18 92 3 25 70 76 46 79 46 3 62 50 72 99 7 20 74 92 97 7 5 47 6 45 45 93 19 83 87 11 89 40 25 33 99 77 11 11 51 60 26 93 97 55 78 1 93 65 1 77 52 90 13 68 60 53 11 69 48 44 55 68 34 22 65 11 2 67 7 57 80 58 72 13 53 23 65 13 54 80 43 50 92 62 35 58 85 24 35 25 15 35 61 92 40 0 12 34 95 57 84 9 19 48
57 1 66 97 57 46 33 84 96 43 42 15 10 31 64 46 58 1 65 19 62 28 35 62 23 18 34 58 53 41 73 98 46 14 48 51 5 66 5 82 43 94 58 57 79 18 67 35 45 67 75 80 77 100 36 49 46 87 100 17 13 12 43 23 71 77 22 57 66 51 20 50 77 2 62 84 80 59 76 87 15 90 47 66 26 22 83 70 36 8 94 95 9 22 45 50 12 19 55 47 77 69 54 85 46 15 20 6 30 99 72 42 40 7 69 80 65 13 48 16 57 90 86 90 70 86 5 54 36 87 12 30 15 22 78 9 92 79 0 32 67 16 75 36 97 11 86 90 33 61 19 12 85 29 97 13 28 95 16 46 54 76 45 98 9 84 1 77 73 45 54 53 92 63 24 86 38 53 76 3 85 95 93 21 30 88 19 53 33 72 76 42 3 58 48 21 43 78 89 2 53 36 3 44 67 82 1 5 0 80 12 36 31 3 97 2 99 55 28 41 57 14 12 39 35 48 13 14 44 36 11 71 48 33 50 24 58 22 26 42 51 30 51 39 2 70 58 59 36 80 1 27 24 14 86 64 13 39 15 32 47 35 42 4 76 90 68 23 100 73 30 30 47 49 49 22 87 9 21 3 59 81 22 39 98 98 92 6 60 87 60 98 23 63 85 29 67 3 91 88 87 37 52 87 50 97 65 97 22 13 1 99 48 3 85 0 82 34 37 86 6 47 65 94 78 99 47 95 45 83 36 70 90 15 96 91 32 55 14 15 23 29 28 26 87 1 53 95 47 39 65 51 70 47 38 81 67 63 21 32 10 6 14 58 17 23 47 79 27 36 95 57 69 75 44 15 85 89 94 92 15 80 83 80 15 70 81 72 30 23 65 14 30 26 67 96 15 14 74 74
78 42 81 57 45 88 1 18 43 46 76 78 50 3 93 6 12 47 55 81 43 11 52 74 8 24 31 87 25 36 12 33 44 70 68 95 45 36 14 98 85 56 91 90 68 51 38 68 95 51 66 97 90 19 58 55 31 6 35 49 53 47 66 89 54 74 55 46 44 95 95 93 98 11 75 7 52 29 59 32 20 7 7 39 62 80 97 68 3 23 90 20 31 38 78 72 61 63 16 29 86 89 68 36 88 81 66 8 44 44 64 47 91 56 86 3 77 92 84 76 6 75 57 25 34 37 56 17 42 78 48 19 51 27 46 36 43 60 0 83 100 27 31 63 20 72 2 53 11 9 74 13 46 67 38 90 10 23 6 91 9 1 56 4 8 78 75 83 49 98 20 79 39 49 79 82 25 48 18 65 69 84 1 22 83 95 7 60 88 76 51 82 1 87 75 20 41 97 74 81 15 34 22 76 69 23 91 39 50 86 91 86 75 34 56 23 58 2 33 47 17 8 23 92 28 7 73 74 13 66 65 64 79 32 52 13 90 32 19 17 34 16 50 43 77 70 87 26 11 80 78 39 13 41 81 0 16 45 3 98 18 37 55 22 0 50 33 50 55 29 81 32 60 70 72 88 41 1 11 24 90 23 21 31 77 97 59 38 34 7 41 72 92 91 77 47 29 80 25 1 1 57 69 89 97 12 76 54 74 19 41 75 10 87 39 77 55 44 42 92 54 10 98 50 47 34 76 72 36 0 21 7 40 98 63 36 51 26 11 7 99 13 27 38 47 5 34 88 83 94 73 15 44 74 80 71 34 40 66 34 93 66 17 92 26 12 95 44 52 71 80 26 82 45 88 80 24 4 52 47 53 79 85 57 6 12 87 40 12 28 79 32 88 100 89 82 6 1 62 55
73 52 28 79 65 62 32 70 59 7 100 79 9 84 51 52 87 68 96 39 33 14 40 24 86 59 77 76 56 26 75 23 58 88 71 6 77 30 59 69 2 4 85 62 75 18 56 73 59 2 21 100 23 86 1 61 74 66 29 37 41 81 9 71 10 10 15 85 79 17 86 77 72 76 52 39 70 44 36 13 49 29 35 75 45 99 71 1 39 80 34 29 44 0 70 85 58 35 26 8 17 80 74 26 92 20 61 53 4 87 89 3 73 15 8 48 41 98 87 86 69 80 94 98 19 62 59 83 78 61 20 95 90 67 21 79 59 54 17 87 27 60 4 77 62 87 62 46 66 0 20 72 21 27 80 86 63 19 4 29 53 31 23 89 86 82 65 9 41 86 48 88 57 9 61 40 11 50 32 76 28 46 35 43 87 44 12 57 71 94 33 76 58 36 19 0 73 29 89 46 91 18 90 19 86 20 93 33 63 16 59 77 56 65 72 20 52 83 41 45 22 39 55 97 33 50 98 89 87 74 54 73 86 34 21 69 3 31 19 57 66 76 42 23 54 16 14 33 23 74 93 75 65 74 22 70 95 50 84 28 94 65 21 6 2 58 27 66 24 79 47 67 22 88 62 45 63 100 46 58 85 8 64 21 63 35 75 38 2 26 77 88 89 58 20 35 39 69 90 64 90 99 35 5 37 86 57 64 45 9 82 45 0 41 20 19 16 54 28 27 41 97 6 54 61 80 62 97 78 57 14 32 14 30 56 45 99 14 30 64 29 65 5 23 72 34 1 4 16 9 97 49 56 85 85 23 44 59 46 12 0 1 78 39 17 44 74 16 31 18 99 20 19 67 95 100 95 13 46 92 36 64 66 35 56 36 49 43 46 87 27 44 60 4 67 29 38 95 83 61
4 41 65 14 36 40 55 46 59 57 89 7 72 23 69 22 36 20 30 41 9 38 63 84 19 22 15 1 67 6 28 32 30 44 51 100 80 54 25 86 3 31 96 37 19 9 51 37 88 48 33 75 28 87 25 16 21 68 72 78 55 0 23 19 1 4 69 29 77 95 19 65 31 51 61 73 40 75 42 72 89 23 15 92 80 0 8 77 67 27 71 29 90 6 8 36 33 58 100 46 76 1 93 51 56 7 39 34 45 17 49 49 72 84 53 83 91 53 17 62 68 57 71 16 92 40 64 95 22 80 13 66 52 84 68 91 66 76 71 70 74 83 20 87 52 94 99 58 88 71 96 64 43 71 49 1 2 63 76 50 80 34 100 32 82 65 6 14 20 57 33 93 79 84 37 31 0 22 56 26 53 2 81 76 37 94 65 98 28 32 84 72 14 6 80 63 91 27 90 51 27 77 88 85 23 78 53 71 81 66 53 78 55 71 95 79 87 100 6 69 24 66 76 30 23 25 92 97 96 29 12 66 2 69 86 31 32 80 80 0 35 46 80 50 94 29 10 68 43 42 86 26 44 77 88 94 50 56 6 66 78 21 71 55 74 74 61 90 65 53 88 46 91 60 47 30 63 72 10 50 86 49 6 93 26 82 11 17 45 31 47 75 98 37 23 10 25 83 61 65 100 15 67 46 53 67 73 9 69 3 67 28 58 16 6 90 69 26 93 57 19 70 47 57 60 89 11 73 12 83 99 88 11 18 35 56 51 5 11 44 37 54 40 5 50 97 74 31 92 59 96 52 11 89 24 16 54 79 20 29 1 78 42 79 95 20 30 7 97 9 79 55 85 3 95 44 48 88 66 57 25 40 98 14 59 87 76 74 60 70 36 14 32 72 74 74 80 62 37 29
6 23 81 92 5 32 36 32 60 83 67 23 0 94 48 98 56 43 31 33 53 41 50 15 5 21 66 29 6 82 81 37 42 31 87 74 20 65 75 97 70 41 58 10 75 26 56 28 80 86 75 39 34 40 4 9 79 99 36 48 99 33 73 26 9 53 18 63 29 88 41 46 55 28 17 99 79 55 39 79 73 55 81 23 37 6 42 58 8 24 84 75 1 26 90 50 19 10 2 12 76 35 39 100 6 3 68 79 34 62 0 70 46 21 3 53 50 67 77 97 83 15 61 11 21 74 87 12 57 63 78 92 43 70 47 88 93 3 48 15 16 9 90 74 94 19 52 16 87 23 25 88 19 21 59 71 7 24 41 46 99 18 70 73 37 16 81 43 80 49 97 44 79 49 87 36 52 11 70 63 68 63 67 17 33 53 26 31 50 62 27 81 0 15 16 33 63 1 25 54 25 36 41 4 97 83 6 3 60 93 32 98 88 52 84 83 44 18 61 14 77 70 90 81 29 41 61 49 77 47 71 27 3 3 88 52 63 84 35 51 51 34 57 29 36 59 91 2 57 60 84 60 60 99 68 6 71 19 48 96 52 25 40 88 4 10 22 98 85 7 49 72 89 36 63 64 17 9 50 43 5 33 93 22 45 98 60 5 61 64 33 75 23 58 91 7 71 73 51 99 58 15 46 36 61 50 81 19 94 30 35 28 8 87 76 100 44 46 18 3 47 25 32 66 3 15 71 27 28 28 64 29 94 1 59 50 80 23 63 60 87 94 11 67 41 41 76 51 49 97 78 29 47 98 70 72 0 21 83 71 33 14 40 9 21 82 69 90 5 76 45 55 31 25 29 59 40 25 74 5 95 27 37 68 7 92 73 72 66 28 0 11 71 65 45 42 74 54 88 9
73 13 56 32 35 12 2 23 51 95 99 55 99 11 17 48 12 28 40 20 57 49 8 32 4 84 42 25 66 88 19 96 98 32 81 64 87 44 75 98 38 59 51 36 96 86 25 99 20 27 93 83 89 48 99 28 38 87 93 22 71 8 34 66 35 7 15 53 12 90 71 43 100 36 28 54 54 56 8 55 29 48 93 52 77 86 100 88 23 96 99 34 90 4 40 15 44 79 50 57 33 19 54 61 34 82 41 54 18 64 73 19 4 32 5 76 56 21 43 94 61 36 29 52 72 22 55 65 40 61 66 37 82 66 49 44 80 76 49 31 69 30 62 37 41 2 34 38 7 26 79 88 35 47 63 53 20 36 34 94 42 99 67 32 68 61 90 44 85 47 36 76 75 37 77 23 17 16 50 94 19 57 26 2 74 4 44 6 80 35 76 61 50 69 11 59 34 16 61 49 61 86 34 80 14 81 92 52 51 23 7 35 18 85 6 86 1 62 90 49 15 91 25 68 34 97 66 62 9 77 88 22 93 63 0 36 8 98 46 71 88 85 10 28 84 17 44 90 26 71 25 49 5 77 51 2 76 80 4 56 21 16 9 28 37 97 99 16 36 95 77 61 9 55 66 86 59 72 29 71 34 22 85 35 53 61 76 92 19 7 42 75 82 87 78 2 42 77 68 75 71 86 22 20 17 80 20 92 24 64 40 72 68 77 48 98 29 26 3 20 20 51 93 44 15 78 99 71 87 20 29 68 88 95 13 20 64 50 54 65 77 83 56 49 95 35 37 8 84 8 99 87 94 39 89 76 39 13 98 25 43 63 68 7 2 64 60 55 74 39 59 86 57 16 9 37 97 43 73 30 86 73 26 69 21 71 55 51 99 60 84 49 26 49 19 28 4 54 33 89
59 63 44 28 42 31 44 76 48 29 22 34 17 17 45 63 30 98 81 59 60 92 49 39 62 23 63 85 43 75 99 75 72 46 47 27 84 33 39 44 14 64 16 68 95 93 74 28 26 91 34 67 78 83 37 95 84 9 46 10 67 12 35 43 13 84 32 20 40 17 81 11 51 45 70 27 45 96 9 62 80 53 87 30 78 69 65 45 9 38 72 30 41 88 60 33 53 9 37 43 25 11 69 75 93 72 43 28 86 100 34 60 99 46 95 61 16 13 3 91 40 6 9 16 45 92 12 43 34 17 79 37 92 97 84 42 23 23 61 47 16 5 2 17 25 22 86 66 35 29 89 24 86 71 66 88 55 97 78 25 25 29 57 40 82 50 0 68 51 27 74 17 91 69 10 43 45 41 81 39 12 57 66 90 32 93 70 15 2 22 99 37 72 56 60 13 25 60 85 42 62 50 31 61 6 89 88 5 28 8 98 61 42 17 27 68 73 7 9 68 41 9 62 45 78 92 74 81 6 45 100 40 49 79 1 95 93 34 52 16 42 92 76 94 73 68 50 33 55 64 68 2 89 58 74 22 83 83 20 79 39 86 53 90 14 4 79 40 71 28 25 97 60 87 26 17 12 4 3 62 0 35 12 50 38 47 67 25 33 74 57 28 58 62 74 2 24 67 55 97 92 91 64 38 40 3 18 79 91 49 62 21 62 93 51 40 92 17 73 47 5 0 56 83 29 1 93 81 51 22 15 1 75 92 15 0 87 4 65 45 58 63 98 75 50 69 65 53 30 2 16 55 42 22 95 41 62 47 56 38 57 18 19 73 66 16 60 46 26 66 73 34 4 49 68 32 2 33 34 61 78 80 0 22 6 58 90 47 45 15 90 51 30 81 59 100 89 42 74 37
94 84 28 46 62 37 6 20 63 69 25 84 87 73 71 28 41 46 64 32 2 72 35 76 25 80 90 46 2 99 72 6 30 21 81 55 59 67 19 55 22 1 50 82 64 65 84 1 78 10 70 76 79 0 90 50 6 70 39 92 100 0 28 44 46 41 59 88 30 93 98 18 76 83 95 76 75 11 86 45 47 65 15 37 78 4 6 41 81 71 90 15 61 40 16 44 54 96 57 38 6 72 17 13 97 22 72 29 79 74 70 1 94 96 81 11 47 27 96 1 88 88 72 55 3 44 93 7 13 79 6 70 75 24 10 30 22 78 89 29 14 46 60 55 79 96 27 70 85 73 66 24 2 86 66 45 3 33 49 10 76 94 51 30 9 17 9 19 51 96 58 15 41 85 67 63 51 65 55 12 60 47 87 89 33 11 95 6 26 89 19 34 36 86 27 97 32 33 64 52 6 9 42 35 100 81 0 92 77 66 49 55 38 67 0 51 53 62 51 53 27 86 11 84 5 58 62 61 90 99 46 29 66 78 66 32 5 78 49 95 55 52 31 91 35 7 100 68 33 100 32 38 36 74 11 30 8 69 63 85 20 20 30 33 86 89 21 35 35 11 53 63 58 18 69 36 24 80 78 49 43 66 29 59 68 87 26 27 65 35 14 30 83 29 44 63 72 88 41 44 82 13 46 64 11 55 82 58 27 25 84 44 61 81 76 86 25 4 79 91 65 78 17 14 19 57 97 92 12 55 39 28 33 20 81 56 60 34 52 84 13 72 80 49 92 69 67 63 84 80 69 52 12 47 39 77 98 65 97 89 23 99 58 42 58 31 18 61 83 57 69 92 17 72 61 29 13 37 4 78 35 62 27 34 14 53 64 5 3 59 74 36 20 40 83 67 63 51 55 27
63 63 7 98 13 59 98 37 58 4 95 26 24 30 40 64 60 20 99 55 4 69 56 35 24 87 55 93 25 67 81 97 29 17 38 38 76 57 43 16 69 69 84 5 34 76 13 91 63 23 98 13 53 58 19 67 50 91 50 31 16 10 100 58 16 46 93 65 94 1 29 99 23 52 91 27 88 40 30 94 53 43 61 35 92 44 54 0 97 1 67 90 52 67 4 58 30 88 18 60 62 70 70 7 34 95 40 83 68 77 38 14 42 49 29 58 82 20 92 78 48 92 69 92 31 26 57 4 54 84 63 100 46 64 36 90 80 2 13 46 77 85 39 26 88 71 81 30 52 33 92 88 100 37 32 70 15 31 77 8 70 68 13 92 75 28 13 28 47 94 55 95 23 48 87 16 70 89 18 49 79 42 89 80 81 9 32 0 38 67 95 91 19 10 74 6 79 39 8 31 45 66 37 60 40 49 6 63 76 39 20 55 8 6 70 47 89 68 37 20 95 90 82 98 68 83 4 72 45 29 1 16 55 50 43 79 64 55 70 78 70 51 12 42 7 99 72 23 31 0 41 80 49 54 41 95 13 45 51 75 60 23 17 53 10 67 62 55 23 42 56 49 43 86 99 41 96 38 31 60 8 5 34 70 12 57 45 94 47 43 18 70 2 38 57 57 19 2 88 17 67 8 50 28 94 85 44 72 83 11 13 18 82 2 40 6 10 19 5 38 62 61 94 18 95 20 91 30 74 38 96 32 21 64 52 41 25 29 44 58 2 89 36 48 6 85 92 12 24 63 34 26 50 77 59 44 50 38 3 25 97 8 66 97 100 50 37 90 78 27 3 52 6 73 53 96 46 77 5 54 87 42 58 38 59 68 53 0 70 37 4 66 88 56 14 78 54 25 47 98
10 3 92 19 31 94 8 86 33 64 87 77 99 53 94 76 71 68 10 24 3 79 57 86 59 20 54 4 34 12 10 15 56 58 19 65 72 62 31 21 24 31 18 46 37 65 2 58 81 3 87 95 13 33 72 81 78 16 17 11 55 59 5 100 63 27 88 55 21 94 11 16 26 91 16 2 59 92 59 62 13 86 36 27 58 100 18 33 21 91 63 56 43 43 56 40 91 78 20 12 82 55 15 13 75 86 31 70 87 26 56 40 96 57 99 50 61 28 62 79 74 16 31 41 3 93 36 85 65 38 18 23 50 44 4 99 68 15 78 86 67 65 16 46 11 44 44 68 17 36 80 3 72 16 84 22 54 91 79 6 66 98 70 95 31 37 58 54 89 22 65 69 3 32 93 5 42 100 26 9 1 18 45 50 27 53 63 61 47 74 72 22 55 92 71 30 57 36 55 51 82 31 81 49 52 62 97 76 100 43 41 2 100 93 61 77 46 23 19 12 67 61 52 52 39 9 27 95 39 8 73 35 60 75 79 37 74 80 72 89 7 61 34 96 85 95 12 33 90 10 11 73 37 55 46 67 20 12 33 47 27 52 30 1 68 4 96 13 8 15 35 72 81 58 42 9 22 85 13 91 39 40 39 9 45 42 27 63 39 27 15 1 5 71 15 13 94 46 41 88 48 56 19 61 90 30 31 18 43 99 39 36 51 41 8 89 9 12 48 95 22 77 33 46 93 1 26 17 40 82 3 86 59 74 75 80 13 72 36 48 99 100 78 3 4 7 79 89 80 23 41 7 32 66 83 14 95 6 68 10 60 70 46 48 71 53 63 11 12 55 77 27 80 76 31 88 38 29 18 92 12 18 56 92 63 94 7 1 93 17 30 34 43 45 42 6 63 70 91 75
16 36 73 81 33 19 82 94 5 74 62 62 73 36 13 32 45 50 42 37 40 30 48 96 12 46 30 18 88 51 80 67 54 13 33 17 49 30 75 80 81 12 32 14 94 84 74 6 62 71 51 84 77 5 3 76 39 45 16 63 88 91 67 59 25 90 50 17 33 64 4 87 47 67 52 46 45 86 18 82 9 17 54 33 48 4 79 22 2 92 17 10 83 53 76 43 2 25 33 79 24 18 33 45 85 80 34 62 65 76 50 85 31 22 24 68 7 71 8 57 53 73 42 10 59 51 73 19 57 13 68 63 86 35 69 28 13 77 44 48 5 46 30 24 7 97 41 75 85 65 50 18 3 26 59 28 49 60 37 59 35 42 76 55 89 26 7 66 74 84 0 94 65 0 36 83 55 21 36 8 10 6 21 92 66 61 32 58 94 45 11 92 59 45 80 16 72 91 25 75 21 0 31 53 25 69 95 34 93 33 17 34 62 43 30 14 20 16 58 63 71 30 22 19 98 84 39 56 27 51 47 44 38 49 21 35 58 70 79 80 42 10 82 2 23 78 95 71 86 5 30 15 51 100 100 58 26 49 43 81 2 32 88 61 50 75 87 15 32 46 48 42 94 97 66 56 24 96 90 49 45 25 96 19 77 90 16 81 86 83 26 94 74 98 26 45 45 76 64 35 49 54 24 89 15 16 16 98 74 48 9 5 17 97 42 43 87 68 53 41 35 80 92 42 93 62 27 73 5 82 6 95 45 8 34 49 98 35 36 49 38 44 89 10 41 17 5 26 45 62 31 28 33 24 1 29 28 59 75 94 19 37 68 59 77 79 1 68 79 48 32 99 23 90 69 94 75 66 45 61 30 71 53 69 76 23 10 98 74 68 45 68 94 64 52 12 35 95 34 99
17 8 60 88 60 89 63 58 1 87 96 75 87 84 15 43 34 58 10 20 56 18 70 83 97 68 14 45 96 6 56 43 48 15 36 77 58 81 91 2 53 50 12 83 30 35 14 80 62 32 98 100 50 73 6 24 14 17 78 7 21 14 35 20 13 5 80 5 65 45 44 18 79 21 58 28 74 36 80 24 63 69 60 72 80 78 91 21 1 12 69 11 0 90 26 16 28 61 84 95 16 25 1 22 54 19 86 23 4 29 32 36 67 62 57 59 79 49 38 49 44 38 21 70 75 59 52 89 34 52 84 51 22 26 49 23 87 6 40 56 1 80 51 30 8 88 49 59 13 85 86 61 91 63 98 84 74 80 35 8 92 42 56 26 4 94 55 39 96 3 76 77 91 27 77 76 17 99 7 91 30 14 31 22 24 3 98 72 30 32 88 59 48 98 34 21 16 96 50 83 60 30 51 44 90 94 55 15 94 33 51 61 0 44 44 97 40 69 44 89 48 71 66 11 24 36 28 17 47 95 74 15 15 46 12 90 18 56 36 38 48 95 45 1 52 17 22 79 20 51 48 66 51 10 93 66 58 19 48 59 14 78 47 3 76 43 84 98 99 64 100 15 6 64 47 18 74 79 75 58 8 86 39 46 36 98 31 89 78 10 41 77 68 86 18 57 15 75 88 54 0 50 82 77 45 18 24 32 25 3 73 46 7 52 94 12 39 88 17 53 62 54 74 56 76 0 90 40 91 33 86 60 21 63 48 85 100 18 38 13 21 28 67 1 23 33 94 33 58 42 98 21 45 98 83 58 54 96 46 8 84 61 63 75 54 77 83 33 77 92 53 24 7 72 71 89 5 51 1 31 74 8 10 29 12 74 79 22 31 78 94 1 34 79 9 52 87 97 55 62
8 57 42 84 64 19 97 98 11 86 17 75 82 51 76 31 19 51 63 85 92 94 51 49 54 10 89 92 65 14 83 43 44 49 29 72 60 1 91 55 56 46 50 14 23 20 9 40 4 41 88 100 83 81 30 11 5 62 59 55 73 69 55 82 61 87 39 96 22 97 34 66 39 48 4 58 69 25 5 42 100 46 25 19 76 46 56 90 49 4 25 71 59 89 70 20 6 45 38 77 18 38 33 25 17 98 99 78 64 87 83 84 2 55 69 20 71 97 35 38 54 75 42 19 93 6 36 10 59 47 62 38 89 65 47 73 81 65 43 28 0 41 4 45 6 66 11 91 27 47 43 7 71 39 57 5 60 7 42 28 66 82 23 16 92 50 73 75 68 88 18 70 45 78 50 55 97 66 77 57 52 31 66 6 34 46 18 2 67 62 6 69 56 10 35 8 25 23 43 47 69 17 11 9 99 24 50 84 44 29 46 12 4 92 71 55 1 29 80 80 76 56 41 67 95 4 29 96 76 89 92 32 14 33 58 67 48 52 98 60 69 89 17 35 42 26 99 21 1 17 55 74 17 52 21 98 47 28 27 60 21 31 46 46 68 16 74 8 79 12 59 35 33 82 18 38 13 53 97 55 56 40 91 3 79 24 54 81 19 7 65 2 70 9 2 66 73 85 18 11 52 74 56 93 50 22 44 56 25 34 86 27 54 62 84 46 50 55 36 26 6 65 2 62 26 85 94 68 32 86 47 31 9 53 2 16 71 96 6 21 65 67 67 26 43 28 31 27 94 36 92 25 63 45 74 29 46 90 21 79 14 61 61 76 7 9 25 87 98 47 39 31 6 15 52 68 48 96 46 100 83 19 64 56 92 72 84 5 65 17 80 83 43 47 30 8 67 72 87 47
55 53 16 30 41 72 19 74 66 19 5 30 97 56 54 6 68 67 77 38 100 76 75 64 100 9 97 33 100 6 76 79 28 76 84 48 90 88 82 2 14 88 80 34 2 48 81 11 3 72 100 72 27 15 7 25 49 15 16 33 99 1 55 87 14 28 95 45 78 61 55 34 9 34 65 94 95 45 19 90 10 32 10 70 61 78 76 47 8 34 2 96 31 90 6 76 1 58 39 26 86 75 80 38 29 84 38 13 47 78 41 14 18 54 96 34 46 34 36 43 74 35 4 42 40 33 85 64 62 99 100 7 9 67 56 62 46 44 98 78 59 2 51 62 90 25 81 56 25 64 14 31 43 75 42 10 34 42 43 38 53 35 33 32 69 80 53 99 68 84 54 17 37 61 88 39 47 65 80 27 0 10 67 35 93 65 2 44 36 50 63 25 99 4 12 69 17 83 23 58 21 37 88 40 25 8 68 77 68 59 16 94 63 63 68 31 40 8 66 1 86 72 72 79 5 17 53 54 3 48 21 58 66 4 21 51 39 17 44 71 34 7 38 86 82 78 47 70 16 92 45 94 43 86 84 67 78 48 52 95 77 45 42 83 69 16 60 42 82 41 68 39 14 3 97 30 49 27 63 77 15 74 78 4 82 29 8 70 6 94 17 88 30 4 72 26 13 90 33 82 26 74 9 90 74 38 93 71 47 28 30 22 62 8 35 56 22 51 25 23 91 84 58 76 17 35 1 89 40 38 74 55 34 58 74 46 29 31 37 36 3 28 98 53 34 11 98 46 43 33 8 0 77 98 99 67 9 47 49 70 25 1 14 49 38 53 64 95 1 3 72 100 36 34 83 11 55 66 75 9 28 57 14 91 11 67 24 5 76 91 53 93 87 2 73 29 32 55 74 80
80 1 41 45 72 8 23 34 82 48 94 89 43 52 41 4 65 55 43 84 46 96 31 46 39 3 99 69 60 2 37 10 1 59 1 64 77 91 85 17 94 20 76 51 82 5 5 16 29 15 32 83 32 86 34 63 36 54 1 64 19 81 96 0 76 44 12 20 34 24 84 65 35 46 54 13 55 48 8 71 62 50 37 21 22 52 23 15 5 12 47 42 87 5 83 84 93 24 79 10 72 8 30 88 18 30 30 37 52 68 38 53 86 56 35 24 35 28 8 51 36 12 6 29 70 81 30 99 39 97 33 62 33 94 75 46 84 11 33 32 0 97 0 7 68 75 37 86 87 71 65 13 33 99 44 43 100 6 48 28 27 97 90 49 37 6 26 0 89 65 51 27 36 28 58 22 27 79 78 1 32 98 49 99 45 34 55 50 65 68 64 25 64 0 48 48 93 89 43 13 63 85 26 99 35 27 17 93 51 35 17 0 41 24 74 42 42 0 23 91 20 91 88 10 22 74 63 41 65 58 5 83 43 85 56 42 11 65 32 66 54 87 63 46 82 70 46 15 31 22 78 100 65 24 42 57 38 58 63 39 44 24 96 77 25 35 23 47 11 79 79 78 5 10 4 16 37 23 94 13 22 13 44 55 78 95 35 15 62 39 95 48 59 97 39 10 80 82 15 87 82 72 99 6 35 11 12 36 22 36 29 23 16 20 14 68 43 62 8 84 74 96 24 99 82 11 56 3 15 0 91 2 45 41 10 59 91 90 3 85 48 12 19 45 95 66 100 31 89 54 17 14 75 83 47 75 90 42 76 75 91 61 91 95 38 57 82 10 40 88 47 8 46 41 18 35 18 11 65 54 38 67 98 28 13 25 62 80 80 72 49 51 43 57 8 57 1 47 79 56
99 74 4 63 3 85 3 65 100 21 88 67 96 42 47 31 36 58 25 51 74 26 21 40 44 25 0 78 25 58 13 90 81 39 43 79 60 42 58 91 63 17 10 91 94 2 19 15 90 97 73 50 35 36 92 82 11 71 76 90 3 49 7 76 40 27 59 83 40 53 11 87 40 5 25 97 47 9 57 99 9 11 87 42 25 94 88 47 30 91 92 81 16 35 44 13 7 55 73 47 57 57 66 51 31 57 81 3 10 21 26 19 14 1 38 73 9 76 32 60 49 24 8 45 81 23 45 21 57 61 0 32 28 26 87 48 6 36 82 82 45 66 26 31 62 44 73 26 87 46 26 89 86 23 76 77 53 74 66 90 98 32 51 48 64 64 69 9 41 89 53 3 37 51 2 42 33 5 68 46 100 91 13 88 51 51 47 12 82 58 2 34 47 30 94 69 69 93 83 82 27 22 32 88 48 68 13 16 71 48 59 23 10 95 42 82 84 69 16 74 78 6 34 50 21 88 28 97 79 64 40 38 4 89 24 49 96 38 42 4 48 63 46 89 52 15 67 60 17 47 26 12 66 4 59 71 91 21 90 34 46 68 35 52 20 44 92 52 91 83 14 91 6 85 26 12 91 15 97 22 80 22 30 80 31 49 34 86 68 95 44 5 8 15 34 71 21 50 84 52 45 16 67 29 86 75 77 49 13 9 85 0 4 23 65 41 33 40 96 2 57 89 81 23 90 39 46 69 82 44 29 52 82 21 53 29 54 74 63 70 41 35 57 54 46 76 63 10 68 5 83 22 55 44 83 42 34 45 83 95 33 24 91 82 69 91 74 38 48 9 18 5 82 6 2 57 6 54 97 52 100 23 76 70 99 51 55 88 78 0 43 98 41 100 76 8 15 66 69 20
75 34 95 95 63 85 90 83 8 38 91 23 44 30 86 58 18 11 64 3 92 99 62 53 49 46 26 94 2 95 1 68 15 73 52 51 46 74 27 74 96 25 23 60 70 14 41 50 88 85 20 70 20 25 46 51 35 6 14 67 67 38 82 22 40 79 83 85 36 6 22 17 21 77 95 59 92 51 43 75 57 64 18 16 71 59 71 88 14 0 85 30 77 61 18 0 21 70 72 63 54 51 92 85 27 40 39 69 59 6 78 1 71 87 49 23 14 46 8 71 13 25 3 5 44 34 67 27 78 23 95 30 88 8 11 62 28 63 56 100 14 51 48 38 45 91 76 76 81 0 75 50 83 73 78 100 76 77 74 26 96 60 92 17 94 3 17 12 6 11 36 49 49 71 11 85 7 34 63 97 59 41 9 91 8 27 30 57 44 74 22 80 54 71 33 6 86 87 95 52 97 20 6 49 50 49 38 15 41 61 69 33 70 94 49 42 40 29 4 31 18 37 18 78 40 19 44 77 99 3 61 85 54 83 57 87 76 28 29 3 22 31 40 2 0 51 21 46 94 28 36 81 70 53 70 32 93 56 19 68 64 91 66 92 75 99 23 8 64 23 31 65 8 28 35 14 50 17 38 17 52 94 60 39 46 31 36 17 36 45 17 44 78 96 8 26 15 5 39 43 38 15 9 57 44 32 41 36 41 96 29 21 63 97 24 38 0 4 96 22 33 25 17 8 77 30 10 99 21 79 16 85 31 94 47 2 79 88 44 16 7 100 22 23 78 99 63 3 15 22 99 7 26 14 10 95 81 48 65 13 97 14 8 77 92 71 44 57 25 20 15 0 16 81 40 33 16 96 56 12 92 62 71 83 58 38 91 54 54 74 16 74 6 9 96 94 98 51 97 90
96 46 36 62 40 76 24 72 78 36 98 68 30 95 26 100 64 60 83 49 60 16 75 20 41 88 57 69 69 95 62 65 59 82 55 97 64 30 77 81 52 49 49 21 95 48 4 42 3 36 87 3 99 17 34 49 78 10 10 1 47 64 1 95 47 25 72 26 42 5 4 22 36 59 70 60 21 13 95 59 42 78 68 56 94 86 26 57 65 60 10 43 70 70 69 83 52 69 43 63 12 57 30 4 26 71 53 74 68 38 77 75 71 44 89 31 0 85 33 69 56 82 47 25 39 90 13 33 46 7 89 64 50 48 79 34 77 100 0 65 44 51 3 19 7 62 41 69 3 100 3 7 51 75 26 55 1 67 67 96 90 10 62 40 36 80 86 75 12 44 24 10 78 5 88 87 8 82 34 27 11 23 51 33 67 93 44 4 97 72 42 96 42 52 53 83 7 0 64 17 81 61 57 89 74 11 51 83 69 18 1 100 57 38 95 7 68 18 52 32 55 18 99 63 41 38 88 63 28 98 55 63 12 19 48 36 88 51 80 5 67 30 84 24 19 17 45 76 51 49 36 90 41 29 7 45 73 97 68 98 74 99 83 27 96 37 31 31 6 5 25 46 75 7 86 75 81 21 20 63 68 2 94 33 26 86 64 5 60 74 26 6 52 41 98 20 0 64 75 49 74 9 88 22 48 88 57 90 47 95 53 20 44 35 1 14 82 19 36 93 7 90 43 53 2 90 86 19 26 87 38 53 8 18 59 0 45 8 15 54 12 28 76 11 58 19 56 60 91 83 49 68 74 88 79 76 47 66 35 97 72 52 75 62 3 4 86 53 3 0 22 16 1 11 9 18 93 46 51 9 26 75 100 7 23 56 19 60 48 59 45 69 67 33 56 45 80 74 72 95
33 18 30 91 80 27 65 27 67 8 66 42 0 4 25 27 53 84 3 60 31 6 94 16 73 14 20 14 76 71 30 78 35 19 60 54 86 19 39 43 56 10 17 33 82 28 77 23 88 56 16 95 96 22 79 11 55 47 79 24 46 87 34 5 22 82 42 100 19 58 68 4 55 49 93 28 5 64 56 16 90 87 73 60 22 16 67 54 57 81 64 85 31 92 1 4 6 12 10 61 53 7 70 16 22 76 15 83 98 62 100 44 42 18 73 92 17 34 93 83 15 37 69 24 25 62 26 51 62 40 74 39 47 30 83 33 50 20 23 13 28 42 10 5 10 6 89 10 19 100 39 46 94 88 38 29 65 96 53 6 26 77 17 27 26 8 89 9 71 57 69 13 46 2 16 40 90 32 77 25 82 24 96 26 45 67 64 95 4 34 69 68 75 75 56 6 94 94 12 96 9 5 84 58 95 73 93 75 82 20 18 7 64 89 76 52 25 68 28 42 32 13 94 29 27 32 33 60 15 96 25 3 57 3 70 29 6 24 41 72 88 64 48 85 95 51 66 89 61 38 35 65 62 65 50 40 98 2 12 22 35 30 63 55 29 3 78 16 78 15 56 93 20 1 43 14 36 11 74 7 98 7 13 96 89 7 0 3 17 41 49 35 85 86 45 84 25 38 62 23 64 100 98 9 7 83 91 57 19 63 54 27 32 17 47 86 53 75 43 40 12 10 87 31 11 71 100 84 100 82 95 10 55 88 57 49 32 45 11 37 98 85 99 57 39 83 26 10 77 37 50 56 65 69 24 26 78 99 80 20 84 73 34 92 25 70 95 66 70 94 30 50 43 91 32 17 50 37 23 74 60 5 57 14 88 37 62 100 9 23 52 87 54 100 79 46 95 38 69 18
65 48 26 43 2 77 59 71 22 69 96 97 37 25 43 74 17 48 85 44 34 77 39 54 87 33 42 75 14 3 62 4 93 11 47 38 18 67 37 13 56 8 17 52 24 66 70 23 68 98 51 33 25 96 39 8 81 33 22 22 13 47 50 59 26 64 18 55 18 19 55 17 84 94 7 7 53 44 26 33 85 82 5 83 53 99 41 75 41 47 55 67 71 69 5 54 83 90 12 58 58 70 21 51 33 60 33 50 15 44 9 77 77 43 43 46 35 18 47 33 35 82 14 77 4 35 48 8 95 72 72 43 23 85 56 95 74 34 39 26 65 73 7 39 41 3 44 4 9 64 22 45 93 33 23 29 86 47 46 84 17 24 21 43 96 24 40 44 30 66 28 88 8 25 29 67 83 53 49 86 69 98 86 91 24 17 39 99 35 52 76 75 3 97 54 39 54 33 35 74 4 98 81 86 32 27 38 53 78 63 58 92 32 36 9 14 53 96 95 34 74 91 100 77 54 31 55 30 34 78 39 80 61 31 17 59 50 95 10 89 63 11 100 69 70 25 31 33 35 80 60 37 76 99 13 76 34 24 18 34 82 82 6 39 35 55 50 53 49 48 38 65 57 82 27 37 64 72 70 37 59 23 42 27 81 22 27 34 15 98 1 85 31 66 26 42 11 32 2 58 64 61 11 18 31 5 34 19 18 79 10 95 83 60 79 24 92 7 40 26 56 17 64 41 73 97 36 43 57 74 46 1 6 86 79 98 73 95 9 74 9 14 55 95 87 38 42 5 69 23 46 96 39 59 89 55 98 31 52 20 83 24 1 61 96 23 73 14 27 89 56 69 92 27 91 76 29 29 69 27 19 7 93 76 12 95 42 25 18 18 70 91 56 26 7 23 16 10 28 87
12 90 44 76 64 94 60 87 87 76 39 2 31 68 66 45 14 20 30 3 53 51 86 50 15 97 95 79 89 74 47 32 61 69 18 28 13 75 75 22 46 5 14 95 6 88 70 96 0 4 42 48 20 77 4 4 63 61 2 9 3 58 28 97 18 71 37 66 85 49 14 21 77 72 0 1 56 49 74 96 89 68 14 71 65 15 77 64 93 2 18 84 9 11 53 59 53 3 95 50 87 51 63 62 12 85 57 20 57 69 55 68 82 87 53 73 78 67 42 52 15 65 83 56 13 69 96 13 3 84 67 23 30 20 84 0 25 11 67 18 82 79 48 51 79 97 24 24 28 68 81 87 75 8 36 97 68 25 46 9 67 9 34 69 45 89 0 35 77 38 71 45 98 7 14 34 64 87 40 0 96 12 40 6 65 22 72 73 53 87 53 32 99 37 77 68 97 50 18 19 18 23 39 99 43 61 77 79 82 3 63 83 90 74 86 34 11 80 39 28 43 77 91 81 52 87 88 57 42 95 94 58 2 44 55 35 37 93 35 50 98 13 100 17 50 36 93 38 97 85 47 53 82 63 92 74 58 8 69 96 65 29 18 58 52 67 75 22 99 53 67 71 4 76 15 28 96 93 73 19 1 7 80 46 15 54 94 83 8 83 58 85 40 41 21 59 100 84 64 87 75 85 66 5 84 68 4 89 54 42 64 6 56 25 44 94 74 35 91 29 66 50 9 6 28 59 74 43 44 34 55 33 60 9 18 51 17 6 12 50 93 29 90 84 68 15 73 37 71 16 9 45 63 38 30 82 4 78 37 10 61 40 84 73 50 54 48 97 30 40 10 39 85 50 55 90 5 24 57 2 53 88 95 44 45 55 51 33 32 99 4 8 10 45 15 86 63 40 73 69
83 99 84 99 40 11 67 74 32 25 41 11 36 26 58 21 77 27 43 30 39 76 68 36 49 26 99 12 0 100 14 67 69 44 51 6 5 31 59 63 35 32 26 55 95 57 55 26 48 33 6 46 48 77 78 64 94 97 79 21 58 16 4 49 70 16 74 29 15 35 51 61 63 61 12 76 73 2 57 53 38 4 67 90 60 1 93 90 43 57 69 78 93 56 63 16 2 73 78 89 40 52 71 89 70 3 9 32 60 96 69 7 14 42 22 38 41 51 95 68 8 89 9 74 5 72 88 86 54 100 79 8 88 99 49 18 76 54 32 65 29 46 15 86 79 28 79 36 40 46 68 79 20 20 11 23 74 72 96 90 29 50 59 56 53 17 96 85 57 8 26 79 52 3 20 4 1 56 42 71 42 65 77 53 62 12 71 65 24 13 5 90 89 75 31 20 53 74 35 88 3 13 11 53 39 27 93 26 36 88 92 44 37 83 14 30 80 66 77 41 72 55 95 17 93 97 50 42 100 24 86 70 30 66 33 40 8 91 30 77 59 32 49 28 93 43 11 46 20 61 56 66 54 58 58 18 6 6 68 37 38 43 81 87 31 96 39 76 69 60 36 48 72 72 67 33 60 39 92 90 41 45 27 53 62 89 42 76 32 73 62 6 57 84 75 38 82 18 80 0 39 50 62 58 15 93 28 61 54 91 66 8 12 98 82 20 47 2 64 52 72 84 84 84 4 61 39 11 64 25 2 62 42 38 29 48 37 57 29 73 100 82 35 51 96 84 50 33 96 71 85 65 85 17 92 58 41 94 65 25 70 74 99 55 31 0 20 16 95 57 3 91 93 46 54 27 64 64 22 62 37 23 9 80 41 70 93 37 33 45 7 30 16 48 87 65 45 82 97 23
11 50 4 42 38 43 31 7 12 66 100 28 53 19 30 35 70 37 94 18 77 32 3 0 80 27 59 10 90 91 16 90 27 12 30 44 38 83 78 61 68 8 21 90 8 53 34 33 40 93 89 51 52 9 10 74 85 66 58 66 88 50 1 50 42 84 5 51 75 64 84 51 39 74 75 52 31 37 30 76 87 43 41 90 60 37 28 91 76 33 24 72 10 82 8 53 20 22 21 87 32 2 12 32 54 93 83 42 25 15 74 61 38 5 64 52 47 13 18 1 89 67 60 40 29 92 27 71 93 77 84 17 98 76 54 28 68 20 2 76 31 2 41 49 51 70 35 100 49 52 95 92 56 51 71 27 96 53 59 24 22 14 82 81 8 94 25 26 54 19 91 62 90 27 35 86 44 64 15 0 50 46 82 34 46 57 82 87 11 69 88 97 99 78 53 27 94 64 51 90 80 68 4 78 78 40 70 9 21 86 33 16 68 52 14 28 18 100 83 51 11 19 38 55 58 62 33 97 56 81 93 67 35 27 26 47 59 50 96 86 99 27 12 40 81 87 70 2 87 93 86 20 48 34 40 47 70 3 63 3 55 75 85 36 85 69 11 31 17 23 69 44 39 98 33 45 56 6 66 82 52 18 93 14 20 29 15 73 61 35 81 0 23 35 55 78 63 78 91 25 100 94 71 30 71 0 52 39 84 75 66 52 60 92 86 13 82 29 54 46 4 76 84 18 40 53 64 1 78 0 6 19 86 89 48 81 10 51 82 38 72 95 20 25 80 29 98 29 76 90 97 23 17 89 67 73 94 75 35 56 38 76 31 55 57 48 32 62 12 90 99 99 12 22 100 54 83 89 81 77 16 72 1 57 50 45 19 81 19 25 27 2 1 61 4 98 98 48 83 59
83 33 92 69 21 23 13 6 67 49 67 17 77 37 28 25 14 33 68 8 17 20 5 47 71 77 94 38 1 11 68 57 6 82 54 64 54 28 98 28 72 80 48 12 48 26 88 3 93 52 46 8 11 74 28 77 88 83 49 26 14 29 55 68 79 14 13 3 29 96 9 10 79 80 11 89 56 73 66 95 86 73 9 22 17 98 28 55 25 53 40 53 82 82 17 81 47 93 56 20 16 51 67 62 21 71 95 7 46 55 11 35 14 39 49 5 81 94 8 82 90 60 32 9 36 53 16 56 27 59 21 15 61 84 82 26 33 70 22 12 5 73 8 79 91 73 97 69 50 21 44 62 54 9 59 36 85 6 96 93 71 40 92 66 36 76 13 32 6 49 72 73 93 64 49 8 12 30 5 36 11 25 72 21 43 65 86 94 0 95 12 12 91 53 45 89 68 25 23 45 12 35 32 46 75 60 26 88 80 54 91 17 58 23 100 4 39 83 70 70 100 86 6 42 61 14 84 8 23 38 95 50 24 57 83 37 81 39 68 56 50 74 97 59 51 15 8 59 97 73 100 21 54 45 100 40 77 37 9 14 19 85 13 63 19 61 73 39 13 98 37 18 55 47 82 9 41 92 73 58 50 80 20 33 50 45 29 18 94 59 24 49 59 29 17 99 97 84 7 15 95 93 28 92 74 7 79 38 58 80 71 19 30 44 6 48 99 20 21 15 5 99 46 99 74 16 97 95 83 81 1 22 34 8 7 100 75 67 82 17 76 81 16 94 5 6 0 12 5 34 48 14 66 71 98 77 75 20 89 96 51 50 99 16 7 63 18 37 24 62 0 32 21 3 51 6 38 7 48 92 100 96 99 17 84 73 67 91 79 57 5 100 4 16 42 98 19 60 79 52
2 61 60 2 6 33 49 97 9 48 49 61 87 92 18 56 80 32 54 52 15 78 14 71 27 62 67 63 96 0 11 49 77 70 57 32 48 48 19 40 50 70 91 51 62 68 17 69 22 24 78 84 90 18 74 9 67 20 16 10 58 94 99 58 85 42 1 91 65 53 26 45 17 37 72 39 61 54 38 43 57 78 85 28 36 15 86 63 58 24 6 0 7 47 46 67 22 5 29 94 86 97 79 38 78 92 82 21 8 48 97 8 78 59 51 63 64 38 67 99 42 50 70 39 63 14 83 89 68 58 64 36 71 66 61 78 75 69 48 14 46 91 8 20 17 58 11 28 84 19 64 31 9 56 60 61 90 83 28 35 61 29 91 87 96 6 45 59 45 77 99 24 27 3 77 13 27 57 30 39 32 42 37 68 59 89 77 89 27 88 12 64 47 90 77 5 73 44 100 66 13 92 76 51 35 27 71 89 54 74 4 11 88 6 47 86 94 52 92 84 69 72 44 62 82 43 46 77 72 91 43 37 25 13 48 55 81 76 22 100 65 44 53 44 23 15 0 47 54 30 39 17 1 43 3 97 1 45 51 47 72 9 25 34 60 49 20 61 78 55 0 46 47 84 1 22 47 58 5 59 95 89 86 15 89 54 95 30 67 20 99 91 100 96 29 68 48 55 26 66 62 97 41 36 81 69 100 58 88 15 82 91 17 32 4 28 53 97 87 66 95 7 80 49 17 13 76 52 94 82 58 58 93 42 88 17 42 76 68 92 4 96 19 34 76 61 89 53 16 28 3 63 82 29 77 48 64 93 37 63 39 64 74 21 2 84 12 39 95 6 36 100 32 77 5 73 44 89 35 40 44 2 41 88 93 21 62 27 51 81 55 70 17 26 96 13 37 67 17 53
26 20 99 93 4 2 52 0 94 37 36 19 27 47 27 33 98 3 45 10 76 61 3 76 8 55 97 99 67 69 77 40 46 13 88 23 50 13 51 54 35 40 55 95 5 54 76 74 65 76 67 26 4 83 1 20 71 58 79 98 59 80 32 81 61 15 2 35 29 52 14 90 70 34 83 16 85 83 3 52 100 54 86 13 54 81 6 74 15 92 8 71 18 98 36 83 36 42 18 10 18 31 99 38 77 57 99 95 90 100 9 0 35 2 41 85 80 86 71 32 29 100 80 88 32 92 17 87 54 45 6 77 98 15 38 98 19 55 19 62 39 90 56 83 16 93 17 31 64 74 0 26 31 93 62 82 98 98 66 100 9 17 26 20 14 12 9 37 56 36 25 64 53 23 19 5 9 81 46 15 88 58 94 9 28 47 84 22 25 53 72 34 19 85 47 92 31 47 17 1 92 49 41 42 54 8 93 45 80 22 87 45 19 23 73 80 76 68 95 8 75 70 84 63 11 82 90 88 5 0 30 65 44 51 61 83 55 31 16 55 54 0 35 79 45 77 32 93 20 15 52 15 26 99 48 51 9 80 69 54 51 50 41 39 87 61 23 8 27 46 78 31 95 44 3 45 3 98 76 65 34 54 79 48 9 45 77 27 12 87 63 20 23 13 77 13 62 86 80 36 37 33 52 54 14 11 64 62 41 22 3 23 25 37 9 57 52 43 50 52 72 69 92 77 55 91 84 45 68 47 19 96 56 79 3 43 64 52 30 78 86 11 33 93 93 4 69 68 87 4 72 55 15 46 62 97 47 24 27 42 90 5 32 69 42 57 53 65 10 29 91 96 26 82 29 28 22 42 14 18 4 42 43 44 46 38 73 56 7 53 69 25 73 2 77 47 73 50 68 17
76 32 2 5 88 29 11 8 57 51 93 54 69 28 93 47 100 81 21 1 56 73 73 51 33 76 99 29 5 70 65 42 95 42 6 46 50 19 19 49 17 28 37 50 63 98 95 72 87 71 32 18 65 1 10 8 87 30 44 89 99 71 42 47 94 44 59 60 76 21 86 11 37 49 67 75 77 87 2 7 100 13 32 48 64 6 28 85 66 13 61 13 16 22 62 72 38 87 89 41 66 57 47 46 32 95 5 89 47 39 8 34 37 62 15 82 79 21 1 18 11 74 25 6 83 9 36 5 61 87 92 69 9 70 46 94 3 80 9 35 52 88 23 29 65 35 30 54 44 31 11 10 54 80 87 17 40 2 77 17 76 85 74 29 73 44 41 5 58 21 38 37 41 61 76 14 25 96 35 80 89 94 26 18 66 91 87 68 78 66 14 17 26 25 39 28 69 60 73 84 29 53 83 81 93 72 8 84 22 57 23 53 53 95 42 23 62 6 19 84 12 68 92 42 10 32 63 73 93 24 2 76 38 0 51 10 19 34 57 79 34 39 85 70 77 63 91 21 69 34 89 11 37 41 91 14 39 89 90 17 55 62 31 67 31 77 56 79 91 69 86 72 3 76 31 49 68 62 0 6 85 62 87 71 64 0 61 56 18 3 62 89 41 91 77 86 92 31 67 81 23 58 4 47 50 98 53 79 76 14 44 85 6 37 66 100 87 44 52 75 11 73 20 29 54 52 61 69 27 98 76 65 12 55 23 38 77 8 58 60 50 95 64 3 76 46 48 88 20 2 63 42 87 2 53 40 4 47 51 93 49 88 76 95 59 28 44 10 74 5 86 33 49 78 77 100 70 3 81 100 22 9 66 67 83 6 87 88 4 42 14 8 50 37 71 19 72 3 0 49
56 19 94 83 42 15 79 51 64 43 50 41 31 26 66 82 85 35 12 70 50 82 63 34 87 58 80 82 67 7 62 62 57 33 85 43 35 37 35 42 44 31 4 2 35 24 0 76 82 93 99 42 14 98 36 27 46 65 62 90 75 86 93 5 56 97 40 4 68 67 52 82 42 62 74 96 98 59 54 24 48 78 33 61 84 25 10 22 95 86 96 72 44 59 3 49 63 22 75 9 90 60 29 31 67 16 55 5 42 40 21 0 32 81 20 45 23 97 73 49 7 90 45 71 96 65 42 99 72 74 68 85 62 63 3 68 11 19 8 57 17 28 86 83 40 12 71 57 92 58 2 31 56 44 60 98 63 44 7 50 69 37 64 67 36 55 73 3 35 96 86 81 43 64 11 20 95 61 4 41 48 26 81 62 75 77 12 79 36 8 64 46 40 20 28 60 69 34 93 57 29 92 31 49 9 8 79 79 57 1 84 80 33 51 69 31 18 80 31 35 24 60 73 16 45 28 25 4 67 26 39 9 90 12 62 14 19 91 55 26 74 66 58 58 92 89 0 46 31 57 44 73 38 89 36 98 5 42 28 55 45 77 31 10 37 95 3 50 27 93 9 92 47 18 41 30 68 43 68 84 81 82 17 65 78 52 65 93 66 88 78 78 54 82 90 51 69 67 79 30 72 40 100 82 27 55 52 33 45 65 76 68 72 51 5 30 47 33 24 57 78 85 78 81 23 79 11 98 96 58 29 24 70 87 59 3 90 41 44 73 55 65 23 9 89 39 86 3 85 31 63 28 98 42 26 58 94 21 51 84 25 23 0 23 8 9 23 66 9 80 5 13 100 73 47 49 94 52 48 89 68 40 62 3 91 82 83 74 19 59 2 65 62 17 15 87 88 85 94 40
71 15 99 95 39 42 41 85 72 83 8 44 13 46 86 51 47 66 46 54 88 11 57 83 89 5 66 59 89 59 52 27 25 50 51 93 15 25 99 38 43 72 73 58 25 50 57 43 3 1 66 92 90 6 14 33 44 90 87 98 13 40 72 23 86 25 21 85 55 70 66 79 88 38 31 51 81 43 99 38 60 51 79 66 60 81 21 17 77 34 76 99 79 9 88 39 77 46 96 26 60 86 30 8 15 69 83 92 87 78 77 92 63 44 17 92 89 36 56 20 33 55 5 95 1 77 94 87 34 20 81 25 89 0 4 86 53 50 17 72 16 22 92 40 54 10 81 42 84 47 45 3 58 44 26 52 71 31 65 85 2 80 11 19 72 97 80 98 22 31 1 6 97 90 74 91 37 24 26 36 66 87 52 50 39 20 92 84 77 26 84 71 4 100 14 97 65 32 5 65 72 23 85 1 79 73 54 48 56 5 27 86 21 50 51 65 56 73 39 13 72 19 9 36 61 35 97 18 10 78 1 90 39 36 3 88 39 74 42 43 99 38 15 18 66 17 59 23 5 71 92 81 84 76 56 77 92 70 14 48 100 9 18 85 71 63 38 19 4 100 18 48 42 84 96 60 27 49 46 7 12 74 42 24 77 85 38 4 98 53 8 56 83 75 93 45 55 39 43 87 21 0 1 7 33 49 82 19 3 63 95 84 31 82 24 37 18 73 69 98 38 79 59 10 20 88 39 63 18 79 40 64 27 96 71 67 41 65 22 38 68 60 0 98 9 56 44 5 12 5 86 43 23 4 52 62 26 6 36 70 17 98 23 67 24 5 78 86 49 70 95 19 15 21 89 54 58 25 38 73 2 13 56 68 53 47 17 14 57 31 57 57 75 0 23 58 41 40 71 12
22 59 83 50 0 33 2 19 29 28 77 27 79 53 98 42 41 9 78 63 53 9 58 36 63 27 9 35 22 82 31 20 27 0 51 35 74 72 3 73 18 80 86 66 65 58 16 23 62 11 50 34 26 76 77 11 80 89 98 39 1 31 81 89 15 93 61 35 95 88 22 56 81 58 81 97 9 27 90 83 54 48 36 32 32 32 3 83 22 55 1 82 36 34 80 38 53 0 14 49 44 99 3 43 37 51 35 12 80 83 79 10 51 32 45 61 82 77 41 87 50 100 65 96 53 42 74 62 82 91 66 60 100 18 15 43 19 18 61 54 41 1 16 19 99 86 39 46 89 85 6 94 25 19 87 28 5 22 36 1 52 64 41 60 1 4 48 65 19 56 15 74 19 16 50 81 1 24 58 18 90 81 20 74 76 7 76 40 18 69 44 81 52 97 3 3 6 96 53 46 39 44 98 59 100 72 66 58 66 32 78 45 2 79 88 90 3 55 12 28 43 35 45 30 76 6 86 99 36 97 36 62 79 8 96 68 38 0 85 82 95 84 28 30 99 99 9 23 23 21 21 51 37 25 38 65 59 36 74 2 67 67 48 20 80 10 62 49 94 13 100 22 70 44 87 33 59 66 27 27 49 43 92 13 30 64 41 25 97 50 11 48 4 49 17 47 60 18 36 92 90 74 89 44 40 50 6 58 12 60 94 98 57 48 25 3 77 52 95 94 70 13 24 64 21 74 14 67 71 4 14 8 91 26 7 86 53 7 83 3 65 87 80 78 9 28 61 97 54 52 43 38 62 43 35 91 32 17 80 18 5 94 47 45 23 77 53 88 59 47 31 80 94 92 31 2 80 45 42 2 1 13 93 94 5 53 55 96 37 41 43 49 92 73 51 43 40 20 80 18
45 87 58 63 100 27 31 30 63 4 92 10 5 95 48 93 65 16 84 23 18 31 69 58 5 37 61 8 95 35 59 97 72 31 16 69 82 97 30 14 7 51 78 42 48 74 65 14 90 58 61 66 99 17 100 23 17 10 25 44 10 42 68 78 18 83 7 47 25 65 37 13 22 37 59 7 63 31 95 39 76 95 27 84 93 57 42 91 0 8 48 99 39 30 69 24 40 80 54 90 13 7 32 45 100 63 6 46 18 30 19 90 78 8 10 16 69 12 88 31 2 2 35 29 71 44 10 30 50 40 52 85 64 83 23 46 73 50 8 36 69 65 72 62 1 56 84 89 59 2 82 10 10 62 46 23 87 78 57 5 11 30 6 26 40 24 74 29 57 91 72 15 15 91 11 1 37 44 56 50 99 68 92 99 13 78 29 99 26 66 25 51 48 33 49 48 7 100 79 55 30 92 20 56 54 95 72 18 100 72 79 63 59 71 20 94 74 20 88 95 82 53 29 45 36 30 17 74 49 73 22 26 32 23 1 29 93 50 27 39 21 77 77 11 2 81 6 72 63 27 92 92 31 86 93 48 70 42 78 70 3 43 51 45 83 30 41 58 18 41 40 87 22 72 54 14 90 95 12 65 29 4 57 99 73 61 57 97 21 5 50 29 100 16 63 60 53 31 32 53 23 51 80 57 94 6 77 86 87 24 78 22 34 45 87 71 31 41 69 60 76 80 18 11 25 34 15 70 79 51 80 77 53 46 94 94 92 37 80 93 22 41 60 75 47 86 50 0 77 40 15 54 69 39 43 18 11 70 46 17 12 80 13 96 30 88 54 26 99 2 86 16 36 16 48 24 4 1 42 72 3 10 92 36 64 3 98 94 96 98 70 24 14 68 59 23 90 33 2 2
91 64 53 40 93 78 34 24 44 27 21 88 3 77 94 43 36 3 8 97 49 43 34 36 84 31 76 82 72 12 77 59 51 69 49 7 61 0 16 82 31 30 78 88 45 21 72 28 34 81 82 33 16 77 74 89 71 40 68 26 67 20 53 49 17 61 69 72 3 40 67 96 69 95 42 97 99 46 42 4 59 4 93 0 59 96 16 27 42 41 1 40 0 15 11 76 23 5 0 86 72 45 41 21 20 54 59 33 77 78 64 17 26 35 82 65 34 63 11 19 47 54 49 30 75 99 49 20 47 44 30 68 47 91 57 38 68 71 98 39 7 69 100 28 3 91 63 90 40 73 9 51 67 61 12 57 69 66 61 10 41 67 66 58 52 56 15 40 83 7 66 67 25 57 71 12 8 50 50 71 40 9 56 17 47 48 57 80 44 58 99 38 4 45 58 86 63 24 69 6 3 25 37 42 53 26 2 21 30 15 65 1 78 75 12 77 30 15 10 30 10 89 68 68 97 63 28 45 42 50 51 3 0 20 61 70 76 10 70 42 87 84 82 32 3 95 19 49 63 27 10 7 54 33 15 76 82 40 38 57 39 9 20 80 97 27 7 25 85 37 34 82 76 16 23 74 31 11 18 49 49 74 9 12 48 31 64 27 88 24 66 2 88 54 27 54 65 3 96 1 69 22 56 15 16 37 17 82 7 89 10 65 55 85 47 8 50 99 90 7 45 18 0 53 95 15 99 56 53 19 15 71 66 67 49 86 60 35 56 10 77 88 37 71 72 7 78 83 78 58 43 100 100 6 13 78 13 1 7 16 47 61 8 40 65 39 62 52 94 54 35 24 97 28 97 2 95 58 87 38 71 8 17 47 74 42 83 54 38 67 75 30 15 57 26 11 21 82 66 62
22 21 13 30 69 93 98 70 90 58 63 25 77 35 93 76 28 40 12 32 27 34 61 45 28 27 48 42 90 56 100 20 28 67 18 47 63 3 81 99 90 48 33 49 64 35 91 72 34 79 38 85 88 79 88 40 95 58 82 29 13 14 3 55 81 55 17 3 95 49 48 12 81 55 15 13 7 5 97 79 34 92 56 11 26 66 51 43 56 82 58 75 50 7 53 68 28 33 35 28 78 25 40 32 75 62 95 18 4 90 51 22 24 23 49 13 43 3 99 43 11 31 40 81 31 60 40 85 41 26 4 84 21 12 59 9 63 49 91 32 46 44 47 61 36 68 84 39 0 67 54 94 26 59 88 71 64 46 36 87 83 93 23 12 87 97 13 29 28 67 78 19 20 47 80 59 3 90 47 85 65 88 95 10 29 9 17 71 66 87 99 62 22 54 82 28 53 20 49 22 95 72 65 4 100 68 72 40 49 52 3 2 16 43 88 55 46 100 22 24 4 90 30 55 37 64 59 19 93 12 72 33 21 50 63 84 37 54 51 69 73 3 77 73 96 11 23 45 29 78 95 27 26 77 44 83 74 71 6 1 74 30 15 41 30 43 24 100 78 51 97 22 9 80 81 64 56 9 100 77 37 77 18 93 36 46 79 92 2 91 2 19 53 16 27 82 76 39 11 27 74 97 30 55 39 8 25 35 31 26 7 69 52 4 50 59 57 7 56 20 24 20 41 19 1 12 80 66 0 52 81 94 36 54 33 88 58 100 23 94 41 14 74 88 17 7 75 48 70 74 8 59 60 21 1 46 80 82 61 51 68 50 7 72 27 37 68 41 91 76 57 82 19 89 24 44 78 37 79 89 41 72 26 72 72 59 71 20 62 65 43 69 41 13 24 94 45 3 24 57
11 37 12 92 78 51 73 22 47 30 21 79 95 29 9 49 47 16 64 46 58 64 86 87 31 45 67 27 2 44 73 88 88 29 17 66 56 30 63 10 94 98 54 77 99 49 53 21 52 45 64 64 64 21 17 66 33 75 56 78 75 19 43 75 19 25 75 80 38 16 61 78 43 29 76 2 0 23 54 90 17 1 10 97 98 3 80 75 74 34 93 70 49 67 29 60 55 31 17 55 17 74 7 11 56 33 21 61 2 64 38 45 65 58 63 39 89 87 57 91 24 76 49 88 72 3 77 2 33 79 10 52 45 100 95 97 50 33 95 100 18 32 69 13 49 75 85 78 88 55 34 39 30 91 49 40 64 19 60 54 11 89 77 51 22 66 99 39 3 11 24 90 49 78 94 52 72 51 2 18 77 38 0 14 58 8 6 68 28 0 66 92 6 57 84 28 57 66 59 47 80 77 4 43 95 50 13 13 34 41 26 92 80 35 99 91 27 0 92 56 100 72 59 85 35 51 77 50 43 39 83 31 37 19 97 2 47 95 16 92 6 39 30 11 91 81 51 33 17 4 7 29 2 92 62 62 68 16 88 42 94 19 28 97 84 43 4 38 23 39 18 22 69 23 98 40 67 90 19 56 64 38 70 81 92 30 36 75 45 71 41 15 39 42 59 89 34 80 54 76 94 85 31 95 82 86 61 89 44 59 89 39 76 23 78 18 68 82 41 74 16 73 21 63 62 62 33 80 85 29 69 89 14 35 33 19 82 59 34 55 63 2 96 82 8 75 19 71 45 34 97 64 55 87 17 21 59 17 68 6 51 81 50 84 2 38 19 14 26 85 16 34 71 82 55 49 72 90 55 85 19 9 73 41 92 2 5 75 8 46 10 64 24 17 91 44 16 84 22 45
16 4 64 42 95 34 73 71 79 30 71 76 8 37 0 83 4 45 32 26 49 76 50 59 14 77 2 53 45 60 96 78 54 43 34 93 1 30 7 56 11 65 74 11 5 27 48 93 56 71 1 20 57 30 62 90 15 1 35 26 37 26 91 7 60 52 99 57 87 53 36 38 95 96 98 40 65 14 7 72 62 61 49 43 6 88 31 44 83 62 98 43 68 79 65 91 66 30 58 85 62 49 49 27 19 44 74 79 46 46 10 43 41 40 63 82 63 62 5 86 14 71 48 45 54 74 88 54 86 76 87 15 15 62 1 91 82 77 72 9 67 38 76 41 34 48 36 71 22 91 81 96 9 84 15 65 21 22 9 23 36 66 60 21 65 15 42 18 44 75 37 56 64 81 29 7 44 7 43 7 28 7 47 45 58 16 60 31 66 72 16 61 72 24 31 38 60 24 42 2 84 72 88 0 35 83 75 79 42 95 51 74 86 69 67 25 88 80 98 100 11 18 67 3 37 2 54 72 36 58 9 35 24 53 33 48 21 28 26 11 3 92 28 52 95 46 32 16 76 72 24 77 30 77 65 70 49 65 52 19 99 31 88 52 66 58 45 60 5 59 0 23 72 93 37 19 33 74 94 80 65 24 84 30 63 71 23 1 1 90 76 31 8 25 24 13 6 96 50 40 10 46 84 3 53 37 60 11 8 57 29 23 0 47 51 96 36 40 14 32 91 96 15 45 81 46 82 45 83 91 27 19 90 19 15 96 89 8 73 14 95 21 17 66 97 17 13 82 10 38 13 7 26 22 86 69 92 67 21 52 30 4 40 27 59 24 95 12 27 20 42 76 31 71 8 8 51 61 24 49 31 35 5 11 60 95 49 76 18 20 65 37 1 73 67 96 68 40 51 95
87 15 20 50 48 83 77 29 79 13 73 82 4 5 93 77 9 34 7 79 36 37 57 48 57 8 14 82 54 1 86 82 90 45 23 80 83 85 66 89 88 63 96 47 18 98 10 62 95 12 76 33 51 37 16 64 92 44 60 91 0 14 1 27 21 59 2 8 77 2 54 57 96 99 80 12 7 83 38 28 45 46 55 85 52 25 92 82 85 50 6 91 83 26 73 56 99 43 95 44 8 62 84 62 98 58 51 84 30 10 75 50 88 44 55 48 32 88 50 58 66 62 1 67 10 59 10 7 14 71 97 69 26 56 18 73 59 66 99 88 48 66 77 22 81 73 66 7 38 84 38 87 20 77 21 100 93 38 59 6 74 20 19 66 9 63 38 29 60 18 38 53 87 81 94 69 82 13 86 62 84 11 98 44 22 34 27 29 57 10 58 55 60 28 47 13 86 58 61 28 21 41 66 35 57 13 8 55 32 29 86 47 6 11 95 28 47 31 47 7 84 51 42 48 75 51 70 28 22 45 27 51 31 50 27 94 33 20 94 21 45 61 86 66 77 76 48 18 50 70 35 0 81 99 29 99 13 26 89 33 65 43 80 82 4 75 0 47 2 66 4 60 1 10 7 22 12 3 60 40 77 15 45 100 58 27 44 34 65 9 49 25 50 98 11 28 41 9 65 70 36 57 27 13 34 36 62 72 56 20 48 28 49 66 63 29 51 23 100 25 8 31 75 11 61 30 100 30 69 94 70 19 71 85 95 100 49 11 58 77 78 66 49 83 11 67 2 51 50 42 29 40 65 32 36 64 55 3 30 28 4 88 44 34 24 19 26 34 57 36 71 51 66 4 73 26 72 90 86 72 68 37 41 2 83 65 27 52 3 37 67 96 15 96 35 29 29 84 88 14
23 5 6 88 39 8 26 5 91 21 39 42 42 79 38 75 3 25 25 48 44 7 90 27 88 26 54 73 91 59 41 93 24 67 80 25 55 58 29 24 60 78 58 28 60 71 15 62 45 9 70 38 4 25 46 56 50 72 6 94 55 17 3 23 5 50 31 53 94 38 3 74 28 74 25 86 61 68 82 51 66 80 7 74 100 2 14 69 5 21 65 92 23 78 94 82 90 19 61 39 48 34 35 10 15 16 85 80 51 68 59 77 30 15 79 61 9 60 79 94 72 53 85 72 44 27 8 56 5 60 10 41 64 1 83 90 80 23 26 40 58 74 75 26 6 36 44 22 78 75 92 60 9 18 60 6 23 86 29 19 58 27 22 84 53 65 26 54 60 83 29 11 44 65 4 61 56 74 43 3 10 43 50 96 25 74 13 35 57 98 51 60 81 29 33 19 8 41 74 81 38 71 29 61 2 0 54 18 99 5 61 4 83 91 89 67 21 51 48 61 8 36 50 70 77 3 75 52 58 41 58 80 69 37 46 50 96 90 46 33 78 63 72 3 41 78 14 57 90 80 88 84 34 79 47 64 9 82 73 61 9 44 30 84 85 34 30 49 25 33 95 34 93 38 22 93 20 75 36 62 28 24 35 92 53 21 3 35 96 14 10 14 52 13 19 21 68 3 74 27 57 43 64 44 57 86 92 93 96 81 7 71 47 29 23 80 32 38 33 28 67 82 20 26 72 10 41 91 40 81 92 38 22 18 39 91 41 5 17 33 47 79 50 31 97 19 58 100 77 26 36 0 52 100 84 20 15 40 0 97 8 67 90 6 48 32 89 83 61 62 35 39 40 22 63 81 100 83 96 98 94 52 9 37 48 77 81 38 6 83 28 29 36 98 25 10 97 12 93 17
44 27 92 13 52 4 57 3 79 65 59 96 79 68 12 93 26 9 47 2 15 40 44 65 34 22 13 41 81 12 97 50 40 33 51 84 50 61 28 9 39 1 20 59 70 45 96 7 11 40 93 24 39 22 85 10 40 28 29 20 9 18 86 48 14 73 100 3 56 2 33 8 54 37 23 9 23 75 6 38 35 61 85 26 4 43 55 49 12 27 91 74 6 98 15 63 7 48 74 1 98 21 62 100 10 11 45 44 19 35 45 8 69 32 27 15 67 16 98 96 31 88 0 28 65 44 47 84 8 37 91 87 1 89 50 97 36 34 89 44 52 50 39 0 72 65 87 72 45 34 96 0 40 20 97 99 69 39 65 17 60 25 79 72 75 74 11 83 21 55 27 42 26 71 90 45 2 94 87 90 68 74 76 96 3 69 20 3 85 96 60 83 94 34 38 18 35 37 35 25 20 2 50 73 21 69 4 41 83 59 83 23 61 33 62 14 78 33 58 59 21 70 82 16 96 10 3 17 28 13 60 100 87 24 79 52 51 43 0 45 83 3 18 27 22 86 4 48 16 72 1 44 12 69 64 99 94 13 23 51 84 69 47 27 20 63 95 59 27 22 47 49 27 87 75 25 53 83 64 33 70 87 69 43 2 24 82 77 27 50 7 45 27 84 29 72 20 42 100 57 67 88 16 16 55 23 63 99 39 92 47 52 21 97 76 95 21 56 27 44 60 97 17 46 0 58 62 61 73 36 83 96 35 57 18 79 25 23 97 57 82 77 100 91 29 68 53 62 65 10 80 37 35 82 23 29 95 85 5 75 4 69 74 78 17 8 9 45 98 58 7 1 71 42 5 60 83 89 73 61 15 74 70 82 58 58 16 19 67 36 7 47 8 17 38 19 25 65 62 73
41 3 27 50 24 65 42 32 8 52 41 7 40 95 56 26 59 78 28 63 7 60 52 7 71 51 96 11 67 21 80 67 67 98 32 51 45 47 71 77 81 34 11 15 13 57 4 33 35 14 24 64 28 37 76 98 4 95 81 48 93 33 64 61 20 96 82 1 64 66 19 22 2 96 31 60 87 10 53 28 20 62 59 91 80 30 92 96 10 0 8 72 56 75 97 9 63 69 38 83 76 67 0 9 87 64 45 90 72 94 54 9 9 41 23 28 39 29 9 62 84 25 48 25 81 84 15 83 51 58 29 90 5 89 68 39 87 22 92 82 14 41 73 71 72 22 94 8 53 90 61 2 52 58 43 79 9 1 51 83 51 97 75 75 52 61 96 77 80 26 31 38 88 29 75 54 32 76 28 19 35 84 65 71 31 27 69 85 73 10 68 20 88 73 6 99 41 1 21 78 50 59 86 1 93 42 72 20 23 58 41 40 25 74 23 86 65 14 16 10 58 39 51 93 40 57 38 95 38 21 51 77 8 38 91 32 67 41 88 45 52 82 57 25 46 0 68 97 1 90 41 24 62 88 18 83 16 45 7 48 12 81 32 83 90 6 45 41 60 86 76 93 82 96 88 96 98 92 99 48 96 7 83 71 17 81 75 93 29 93 25 57 89 36 69 3 99 17 87 17 97 41 4 3 42 8 81 98 48 57 21 21 56 60 1 27 28 4 65 81 3 50 74 79 57 3 7 65 43 33 9 63 23 14 20 13 44 71 43 100 36 77 55 89 58 73 71 34 51 35 6 1 96 38 76 17 53 84 51 21 86 0 44 20 55 43 5 0 28 52 58 32 68 39 35 41 82 85 66 22 93 40 19 97 30 47 33 14 13 67 4 17 5 80 96 89 19 33 9 73
19 16 13 58 30 50 93 28 42 64 0 30 37 1 56 14 18 44 52 87 9 29 44 55 55 45 22 65 6 35 65 61 19 82 58 76 19 29 94 38 89 89 72 73 35 50 15 81 80 2 4 28 50 96 43 31 26 42 27 75 69 76 45 56 52 66 58 8 22 19 99 11 33 70 13 49 60 37 100 24 81 76 83 40 55 57 60 60 69 67 20 3 12 18 95 47 26 65 57 63 5 74 43 22 66 32 26 48 47 56 63 99 36 42 15 34 52 38 9 30 63 17 17 81 76 0 57 71 8 97 41 99 64 13 59 95 49 4 94 58 33 40 49 74 1 63 81 78 40 90 51 71 16 30 54 96 83 58 92 38 43 26 82 56 73 28 13 23 29 36 14 61 16 73 22 67 27 2 39 50 18 26 22 70 36 16 56 44 65 20 4 22 26 5 87 99 28 40 43 46 20 90 2 51 99 84 55 18 84 68 82 65 47 59 96 90 90 68 6 47 7 68 50 1 59 61 9 61 56 36 98 52 78 34 52 77 93 27 34 57 1 59 20 0 87 23 50 49 57 58 54 14 16 6 30 99 38 93 29 55 14 93 47 64 70 76 84 99 12 13 1 39 68 32 75 48 74 88 64 86 67 41 12 58 96 16 9 16 95 96 10 99 89 78 62 18 47 2 89 14 74 45 29 72 10 59 2 82 39 39 48 98 9 16 26 67 99 90 56 41 91 54 32 65 48 74 71 15 1 89 70 47 56 95 55 63 11 87 81 73 85 42 57 88 3 47 99 47 99 85 61 15 56 97 72 17 75 38 3 62 7 66 46 6 63 65 27 65 85 23 52 68 14 51 83 65 43 45 37 100 94 59 93 18 77 59 93 96 80 76 8 24 94 21 92 57 58 1 88 40
82 31 95 26 34 18 98 31 86 56 98 18 93 34 97 97 96 60 51 6 31 21 80 94 43 16 22 1 84 22 37 66 79 21 29 17 82 66 19 29 91 12 57 83 8 61 31 25 78 64 9 18 31 59 17 49 50 59 37 0 48 13 28 87 42 20 30 43 62 95 54 72 62 11 13 55 26 69 7 32 73 24 57 60 50 47 43 35 96 14 21 16 8 0 77 3 53 29 92 51 18 34 34 57 93 27 47 82 54 24 12 50 42 14 21 33 79 86 8 29 18 59 29 62 42 65 34 71 48 89 14 57 54 27 62 58 46 59 24 83 28 95 11 75 7 92 88 2 9 68 29 27 37 69 9 4 44 0 9 6 99 44 59 37 46 45 65 4 32 98 61 26 54 84 45 25 19 24 19 8 22 47 34 33 61 1 19 2 69 73 100 65 14 54 52 60 16 63 8 88 49 69 51 92 4 24 41 10 11 33 54 99 8 12 60 4 0 42 19 21 82 66 82 92 85 51 59 53 18 43 16 58 60 55 76 40 6 82 87 89 28 10 98 32 30 69 74 99 86 3 86 0 23 48 62 61 83 36 97 70 93 55 53 42 45 86 50 96 25 87 64 95 54 49 25 2 52 39 9 37 57 11 35 97 58 65 38 55 2 93 68 30 84 46 62 99 17 9 11 12 93 68 6 57 97 84 38 71 11 13 29 87 94 96 95 87 72 69 40 96 1 79 98 40 91 80 25 74 74 3 12 72 63 41 85 43 22 89 7 83 27 64 26 20 45 79 46 4 67 10 90 33 11 53 46 71 40 88 3 53 22 50 28 96 62 92 37 62 24 37 48 66 54 66 70 77 63 95 89 28 39 40 11 59 93 29 51 21 83 58 80 88 65 20 1 93 92 55 63 99
8 68 53 61 6 44 95 8 83 30 85 33 69 48 38 9 92 37 60 16 68 87 68 34 75 22 40 93 51 15 100 38 67 60 13 52 4 50 35 60 91 53 88 27 71 61 21 40 43 96 41 31 52 88 65 1 80 46 61 61 12 35 24 65 82 20 92 77 88 45 72 23 17 33 69 80 73 46 89 82 60 67 4 81 93 67 87 2 40 21 55 80 21 83 66 70 10 20 75 82 73 61 8 21 80 58 17 38 66 76 65 90 80 58 1 50 1 17 8 44 3 70 83 1 94 100 26 75 41 56 11 88 3 45 29 23 10 70 31 5 18 84 56 15 24 69 28 100 19 17 73 73 5 76 53 62 85 91 7 68 84 85 85 9 7 78 77 22 94 56 19 92 34 55 3 23 87 92 28 57 22 65 32 35 87 98 71 93 47 62 27 24 31 63 93 94 63 79 96 85 14 32 73 30 72 8 84 4 8 26 95 11 62 29 88 74 4 12 53 43 90 8 50 97 69 92 88 16 15 43 76 88 14 3 70 44 21 92 77 93 38 86 66 31 82 38 100 45 56 15 55 67 65 77 58 21 95 40 25 96 31 2 20 19 56 60 34 14 44 36 31 1 3 56 55 66 15 6 34 7 35 82 46 62 15 47 66 36 8 2 76 2 9 18 31 44 28 42 66 45 48 84 81 31 29 75 93 73 42 74 59 60 7 94 1 34 15 59 32 70 4 65 76 95 40 43 93 64 8 1 51 5 90 70 85 27 59 44 23 11 66 60 21 3 56 18 65 74 7 54 18 26 50 74 75 50 18 74 22 37 85 10 94 58 30 49 60 58 47 6 50 8 22 20 32 18 79 17 38 44 5 1 82 64 42 39 58 16 56 82 44 76 45 83 6 29 29 85 22 15
53 20 55 23 62 11 15 7 59 3 2 25 76 61 45 14 60 30 97 13 86 13 4 36 53 35 100 38 66 71 21 73 39 42 26 22 82 77 4 75 87 43 98 65 100 12 34 7 68 75 82 36 79 55 31 17 70 54 62 23 57 11 0 22 91 95 84 39 28 72 71 68 51 74 98 11 22 17 93 46 19 97 90 88 37 80 100 97 6 20 100 69 93 44 76 44 100 28 53 25 12 49 62 68 51 81 27 30 52 39 95 50 52 34 85 4 22 68 86 92 90 47 29 56 41 2 19 42 87 13 71 74 44 56 73 38 37 73 98 57 61 93 73 21 65 26 59 78 84 15 18 79 37 63 40 57 65 97 33 79 7 37 93 31 34 79 12 3 50 13 26 87 19 74 19 29 62 27 67 76 89 95 33 66 10 34 49 8 85 17 90 21 83 25 1 36 26 49 19 20 8 14 24 91 15 86 40 51 0 46 17 9 50 8 5 85 9 10 50 45 97 39 3 81 73 54 91 17 7 41 45 52 47 23 10 16 85 65 33 69 58 28 76 66 62 21 14 61 44 6 54 100 0 39 31 15 78 65 84 23 99 42 10 29 22 100 74 8 29 8 33 11 79 66 54 16 7 30 100 4 16 56 58 24 67 3 19 64 15 2 29 31 9 89 22 96 82 82 66 35 41 60 62 40 14 43 70 76 7 65 83 22 4 33 98 3 97 33 68 5 56 42 0 40 65 28 61 2 44 99 43 54 15 28 100 68 49 78 93 21 58 62 5 85 99 92 5 78 41 45 90 71 32 46 94 30 46 93 44 84 98 19 31 44 2 51 95 14 81 13 9 43 74 13 43 83 42 54 67 97 11 41 30 36 42 79 62 10 2 60 83 76 3 17 40 72 60 33 27 36
100 18 82 48 12 27 69 26 4 20 64 76 93 93 37 8 74 55 81 21 1 59 4 84 42 6 52 14 37 22 73 61 43 5 90 50 3 64 43 7 20 92 54 57 74 39 10 18 62 48 30 29 93 53 42 36 72 70 61 42 11 28 30 39 87 53 7 27 38 40 96 32 96 37 32 79 15 80 94 61 38 84 91 40 67 100 40 98 18 54 91 56 38 23 37 7 100 99 82 96 68 85 47 67 86 71 53 79 79 18 60 19 84 18 62 39 77 77 94 13 36 84 36 96 92 59 36 90 84 47 11 75 25 73 67 63 71 41 100 46 72 55 98 24 56 48 9 33 74 29 39 67 35 59 31 98 75 11 43 89 48 47 37 30 91 62 94 55 26 70 0 60 73 6 94 35 2 86 55 96 33 53 8 57 93 38 5 28 78 96 59 37 10 41 11 65 75 92 55 13 17 50 53 6 38 47 6 54 6 13 98 46 68 19 35 26 38 28 28 93 88 78 33 49 61 4 83 78 19 86 56 3 86 70 2 90 80 4 77 0 55 30 12 26 2 1 70 11 30 74 76 24 66 67 91 22 67 97 28 27 21 57 61 68 38 46 47 68 9 90 44 40 65 59 94 28 68 46 85 80 45 9 85 3 62 79 76 52 12 7 24 100 16 69 96 31 78 94 95 35 68 98 17 19 19 51 17 28 19 27 100 77 39 79 78 18 45 52 52 74 65 82 90 43 35 11 49 28 73 39 4 52 43 53 18 0 6 54 5 3 76 40 67 57 83 61 64 22 63 20 28 10 17 37 89 54 33 95 63 20 81 49 17 88 46 65 74 18 45 41 11 67 39 21 58 78 60 6 92 17 39 15 58 47 6 35 31 34 54 21 38 16 82 42 63 30 3 60 92 93
17 46 84 78 99 73 15 64 89 86 96 32 30 14 98 19 41 17 100 97 28 66 71 16 58 30 60 96 11 28 55 61 30 50 60 21 38 84 17 82 26 9 62 79 56 0 4 74 94 28 48 98 34 75 97 53 41 65 28 15 11 49 55 73 29 94 83 100 59 26 52 39 75 22 51 61 90 7 78 14 79 16 55 30 33 92 55 36 50 76 20 79 33 97 17 51 3 8 36 100 54 36 18 1 9 52 26 63 42 0 46 66 18 21 94 79 89 25 83 99 99 75 91 78 57 31 52 22 35 75 0 74 98 89 65 15 68 40 31 87 57 77 87 4 98 8 38 3 25 98 72 43 46 88 13 29 75 38 12 46 3 65 17 48 99 41 8 100 26 100 25 14 80 34 20 30 69 12 52 79 35 46 75 94 53 16 51 65 77 8 30 90 22 34 43 100 100 55 31 5 90 7 7 44 100 27 24 31 4 15 42 14 72 2 71 37 75 59 12 66 31 94 1 41 51 8 7 53 24 9 97 17 19 15 59 96 36 83 80 79 79 44 79 75 40 52 91 0 84 12 35 92 54 67 94 45 77 31 68 68 8 79 0 88 40 72 18 12 96 8 28 1 13 68 56 69 76 34 21 7 63 47 36 75 37 73 64 86 45 46 93 36 41 83 50 4 90 10 55 9 4 82 32 43 75 73 47 13 61 60 31 57 55 50 76 66 25 48 5 11 36 29 70 62 3 35 8 11 91 35 58 10 69 46 92 64 33 18 92 55 18 3 71 88 41 66 84 48 93 27 2 21 74 86 53 59 54 69 12 43 96 43 30 79 29 45 52 58 44 74 63 4 3 79 10 32 29 82 9 85 18 82 36 79 0 20 75 79 59 45 38 88 86 46 5 53 42 39 19 39
11 64 97 39 81 99 53 20 84 98 5 94 4 54 67 62 14 17 18 7 26 7 68 75 44 77 59 26 16 56 100 63 49 1 63 75 63 38 65 90 51 72 23 59 26 30 88 54 39 87 89 62 29 30 43 22 44 30 47 79 95 45 43 46 94 100 34 54 65 32 62 71 25 26 34 81 27 60 3 0 98 78 49 88 97 39 62 99 44 38 64 84 80 21 48 24 34 88 98 79 64 96 80 22 38 41 12 32 8 42 84 24 62 14 34 1 93 23 44 57 55 16 17 44 16 93 32 66 27 98 73 4 88 91 100 25 30 32 40 75 98 57 73 68 21 14 69 29 61 74 54 11 24 59 81 76 87 28 99 22 98 44 47 64 12 98 12 59 85 12 15 79 0 64 35 61 91 7 89 13 63 100 2 31 78 87 5 53 82 79 4 72 34 67 46 18 40 89 76 25 90 64 75 25 32 93 66 61 10 27 3 10 67 20 31 39 84 30 60 49 1 34 76 81 100 4 88 44 72 10 19 61 1 63 58 32 91 19 8 37 2 77 97 17 78 65 36 18 71 46 95 13 62 83 95 100 30 21 92 5 28 11 57 73 70 26 75 20 94 11 21 12 67 51 72 24 18 31 3 68 93 32 70 57 9 5 37 16 19 96 9 84 12 57 22 69 47 98 30 86 46 57 62 22 81 92 100 94 48 3 80 2 59 65 87 77 28 27 55 85 71 89 94 87 43 63 11 1 12 6 72 2 97 11 31 99 46 24 39 91 58 83 86 64 63 17 72 68 44 41 27 97 33 63 52 54 80 13 68 45 18 73 2 6 32 78 49 35 54 77 45 60 31 60 28 8 26 37 81 50 78 12 95 28 64 40 75 74 64 7 81 17 51 32 16 98 74 7 36 70
55 49 36 84 5 4 15 2 47 44 61 82 73 88 99 81 84 31 30 99 47 0 4 8 84 70 82 22 51 43 18 37 14 60 22 72 23 73 44 30 47 43 78 47 55 57 20 85 99 83 55 82 18 24 4 9 38 35 100 38 46 63 10 91 64 86 49 25 85 46 89 61 3 68 18 39 45 72 70 39 46 3 17 78 27 28 18 10 80 99 77 87 13 4 87 71 95 45 69 52 95 93 22 0 34 75 56 3 79 0 70 73 90 50 62 61 13 81 79 0 40 47 90 47 94 45 91 44 26 47 91 57 79 80 100 55 1 55 80 28 34 50 24 37 69 17 88 80 67 100 51 7 92 52 91 19 77 100 99 65 82 98 61 25 62 98 16 28 87 1 81 87 42 0 97 79 72 55 7 61 86 93 40 80 66 64 35 17 83 95 57 10 14 45 64 85 92 72 57 44 26 82 42 71 12 42 36 43 95 91 47 100 40 24 77 25 5 69 28 52 13 38 86 2 35 21 20 84 94 31 33 22 62 38 92 8 48 95 21 72 96 67 68 75 30 9 25 64 24 90 78 19 85 95 70 97 94 89 87 66 69 29 93 44 86 19 37 61 1 18 7 44 77 63 39 11 84 66 80 34 74 84 86 88 43 69 58 73 65 17 16 31 44 86 98 55 76 6 95 57 80 9 39 85 29 68 92 55 26 13 53 96 80 3 53 28 41 5 84 27 95 84 35 43 82 11 27 10 41 14 60 37 12 56 15 33 96 1 17 79 18 81 65 3 81 32 18 74 68 93 25 57 50 64 67 30 8 58 44 80 48 51 77 54 86 6 7 36 46 16 95 95 69 48 52 96 71 98 99 58 86 11 69 94 18 29 41 62 64 36 75 15 0 55 23 74 16 10 57 35
60 43 59 23 53 21 84 71 29 96 58 5 85 20 90 57 49 21 68 83 58 95 33 67 40 48 30 77 78 28 99 40 52 13 88 63 36 9 44 0 54 67 16 79 34 3 54 64 32 66 72 53 95 5 3 34 29 78 86 36 54 57 66 93 44 65 91 44 8 97 76 3 21 66 62 73 70 65 94 58 91 47 37 10 32 40 13 30 28 27 99 33 83 32 4 33 83 58 44 15 29 43 5 40 96 48 3 16 93 2 79 50 88 27 98 79 79 31 24 4 42 53 63 7 46 90 43 98 54 42 73 30 17 6 28 57 4 20 45 97 65 27 19 85 84 9 1 0 54 37 69 56 35 8 11 64 7 62 82 100 24 35 27 46 56 67 18 65 28 35 94 93 33 70 61 96 80 76 0 60 53 62 68 92 85 30 79 21 12 48 1 51 19 3 33 96 67 10 26 96 57 28 44 100 70 49 19 27 84 95 33 60 37 86 77 4 57 8 87 37 100 33 46 74 78 90 72 20 66 80 72 6 36 1 87 8 67 39 59 76 21 93 83 27 64 10 6 5 14 12 50 76 86 8 63 21 97 53 23 66 38 94 73 30 78 85 72 44 96 42 0 40 56 99 12 97 78 55 63 32 34 80 2 69 83 94 40 96 86 44 6 35 9 42 69 39 11 42 60 4 2 74 24 99 46 37 86 88 0 60 19 25 26 91 41 35 99 65 99 59 28 51 13 36 77 9 42 43 50 10 4 86 13 69 16 76 43 43 99 93 83 24 4 36 83 69 45 53 23 8 16 69 46 67 3 64 78 97 11 65 47 30 49 61 76 61 21 55 16 73 31 24 38 87 25 5 41 12 89 67 36 44 19 48 31 26 64 42 1 22 53 88 47 37 99 14 59 43 32 9
76 20 28 37 77 10 24 85 12 1 97 43 23 75 99 92 59 15 3 5 96 58 40 58 92 53 38 89 7 9 37 0 74 90 66 60 59 67 75 89 88 84 16 32 18 59 100 92 42 46 41 27 77 73 98 8 45 3 92 21 80 44 42 99 95 13 53 8 61 46 51 86 73 40 84 96 28 3 49 82 38 67 71 38 37 90 40 91 0 34 95 12 100 36 61 53 0 14 79 58 18 20 45 93 18 96 39 56 49 63 93 6 4 79 19 31 87 70 89 25 80 91 24 42 30 84 28 69 9 8 52 77 3 36 56 65 90 72 94 73 51 67 96 30 95 98 48 83 16 20 10 62 99 55 87 90 13 22 9 87 26 62 75 55 94 78 36 59 43 62 5 32 71 42 59 5 80 17 2 81 53 17 42 7 44 90 3 43 26 85 90 97 77 5 55 0 72 58 69 84 87 29 75 3 1 92 54 12 29 95 77 27 54 9 74 44 92 78 68 44 35 30 71 35 30 87 39 96 78 50 24 57 0 69 90 65 7 91 62 39 7 6 8 42 41 18 96 15 35 81 25 54 84 0 55 32 76 21 23 29 17 58 29 42 74 57 3 70 62 18 29 26 46 35 44 95 13 24 13 20 73 73 57 98 40 65 92 18 15 95 73 98 98 58 48 45 59 21 63 88 11 58 12 38 40 83 39 5 7 39 73 77 4 73 69 93 60 86 98 22 11 43 100 86 1 11 35 49 65 39 86 54 72 13 51 96 3 40 10 47 77 22 67 95 3 4 32 95 74 92 54 89 99 74 3 68 59 90 11 63 63 32 64 94 3 14 46 81 14 0 0 45 95 16 100 97 88 9 50 63 85 81 15 72 57 4 70 0 6 34 30 100 26 91 78 95 6 30 0 86
29 26 12 67 22 61 71 17 43 34 61 98 2 14 2 17 59 97 100 62 76 56 38 98 31 22 48 18 68 73 82 18 100 57 94 100 58 75 78 97 21 54 94 26 3 13 75 26 81 100 36 50 43 4 1 57 29 45 83 28 5 75 43 0 75 60 38 0 2 29 61 44 28 58 37 33 18 98 77 55 0 54 84 27 35 81 78 8 25 99 11 26 9 96 87 53 100 96 50 91 69 60 60 90 13 64 29 0 39 73 86 31 99 62 69 53 15 32 40 69 48 95 20 86 35 89 0 17 44 10 89 98 100 98 83 100 82 25 5 36 54 71 21 57 15 15 79 5 42 44 5 15 63 7 11 56 42 42 65 69 29 41 6 14 66 19 24 47 38 96 35 36 79 38 71 16 85 16 18 90 23 66 72 25 89 8 4 23 86 49 77 42 82 6 73 31 72 27 64 33 76 71 81 43 12 73 14 35 81 24 83 98 91 96 84 88 67 84 58 88 24 97 69 79 51 35 26 46 20 51 45 52 28 19 25 72 14 27 38 95 17 56 52 44 30 14 72 74 11 96 29 77 82 44 96 30 32 86 17 3 20 55 61 55 24 60 70 35 65 53 62 94 20 17 22 71 100 73 26 35 0 54 84 21 15 56 51 93 78 86 82 89 97 14 53 51 8 23 78 52 94 41 33 51 0 47 6 47 87 72 64 45 98 56 70 47 23 19 98 18 78 55 46 64 6 98 46 50 61 59 43 44 9 96 92 30 69 3 34 99 24 70 0 30 75 44 70 27 99 71 64 66 23 61 94 53 37 16 3 48 100 0 94 43 38 93 70 34 60 28 66 76 4 68 97 69 60 5 27 65 43 11 6 90 63 8 62 44 96 64 29 23 58 58 88 82 76 80 4 73
71 87 60 53 100 49 36 25 48 60 19 95 97 22 83 52 40 54 19 89 3 57 60 38 81 77 60 87 71 87 1 27 87 94 90 69 97 38 33 99 61 21 93 34 56 13 40 52 45 18 98 11 45 99 3 12 15 48 58 80 36 5 56 0 45 21 16 63 80 90 89 40 56 83 89 45 16 2 26 26 34 10 32 81 79 44 84 28 58 4 75 2 46 90 87 60 87 97 23 33 79 36 89 79 68 12 19 29 4 89 59 69 98 53 18 38 68 95 31 66 70 0 28 91 95 70 4 62 61 39 32 73 81 68 100 51 40 73 81 87 78 60 26 68 100 19 86 12 55 53 95 11 22 54 100 41 28 97 57 41 35 33 83 2 46 79 35 17 0 69 77 95 40 39 67 22 5 85 32 90 78 46 72 3 13 100 82 73 90 69 42 65 30 55 75 6 59 13 24 61 25 83 49 44 43 7 48 22 20 92 51 51 87 59 72 14 91 59 26 69 61 93 1 39 77 3 54 76 96 3 43 90 82 83 17 64 58 54 57 32 25 30 49 75 20 66 91 81 68 81 56 98 45 1 30 100 23 63 41 78 50 97 44 42 11 88 12 48 63 86 12 76 82 52 7 81 96 66 45 90 0 75 46 70 49 95 45 60 41 51 14 60 72 0 69 52 57 11 71 61 18 35 11 69 85 34 74 70 27 22 55 61 18 95 2 43 12 0 93 67 62 82 66 9 21 75 84 88 99 38 85 64 33 23 52 2 77 17 36 68 63 54 96 10 14 72 17 20 72 19 56 51 89 79 13 41 8 48 70 69 71 75 96 81 69 86 84 29 12 65 46 27 64 71 64 10 27 16 82 84 69 36 95 83 32 36 0 73 18 87 78 43 25 57 97 32 45 63 77 97
89 32 33 9 9 16 25 44 81 75 28 60 45 100 79 66 59 88 62 25 96 48 28 50 83 33 33 5 44 100 16 57 35 4 72 44 55 20 94 18 36 14 29 10 78 13 79 38 78 57 94 10 88 72 92 88 32 19 3 78 81 47 34 57 54 45 89 55 23 9 92 18 33 56 74 60 3 97 39 46 76 41 51 72 66 22 1 15 74 7 12 54 32 72 3 81 62 64 77 84 32 34 69 64 93 90 18 6 89 96 1 60 7 59 75 75 44 63 28 11 54 35 69 73 20 67 21 75 87 75 23 63 54 15 15 54 75 68 67 6 91 87 84 59 36 12 97 35 30 64 42 23 76 20 80 76 15 30 46 34 11 29 66 38 30 94 2 26 39 22 42 93 87 61 19 99 71 38 60 2 91 75 30 96 45 81 38 13 89 35 43 94 56 33 100 45 4 41 18 73 63 38 24 55 17 8 90 93 35 81 78 0 90 56 99 33 82 45 38 86 60 99 71 12 64 51 27 73 71 29 84 20 85 90 40 94 39 86 22 11 13 77 72 63 78 48 20 39 5 57 95 51 88 1 12 42 78 35 68 72 42 0 48 74 99 48 1 47 16 12 66 15 14 23 7 20 92 53 79 37 43 39 31 45 25 16 36 57 58 85 62 22 17 80 68 90 94 32 30 75 76 73 39 87 11 19 51 80 19 71 85 73 58 1 2 57 79 80 75 60 76 81 51 50 85 75 19 10 95 13 36 73 37 85 5 50 29 29 81 93 23 68 41 91 12 99 76 57 91 29 66 7 69 57 21 9 33 63 73 57 84 10 51 57 16 65 18 15 46 75 23 11 44 55 40 26 42 2 64 58 57 35 87 66 85 51 89 93 63 54 63 57 32 8 10 54 79 10 11 79
76 24 93 41 100 37 13 27 30 51 2 46 36 95 16 55 14 54 10 77 29 35 96 27 21 29 58 34 24 10 26 6 50 77 26 38 78 21 44 68 64 99 87 75 40 92 45 17 67 4 6 59 69 59 7 66 7 29 3 97 92 85 8 54 34 50 83 76 67 12 78 95 58 49 55 86 4 9 82 36 16 32 48 92 2 6 78 46 37 9 92 91 44 56 63 89 87 100 44 19 6 27 8 19 1 22 46 92 24 74 88 89 91 30 67 82 58 53 77 23 45 50 72 56 75 78 87 8 19 5 19 54 34 53 46 25 12 0 11 97 80 35 22 78 23 30 34 92 15 42 35 43 72 100 95 62 74 66 18 15 33 79 53 15 80 55 89 80 82 62 53 71 17 48 43 50 22 23 3 98 88 52 77 32 62 74 47 23 61 0 71 44 42 12 94 94 46 31 9 21 8 41 84 28 72 27 35 21 86 93 5 65 13 15 100 87 38 64 92 18 13 5 8 42 33 88 25 57 53 45 1 33 67 88 43 51 82 2 55 77 78 85 83 95 94 40 89 79 37 95 28 57 83 76 63 36 8 11 62 1 86 75 90 98 4 35 46 44 13 80 23 88 67 73 68 66 75 75 50 8 5 47 45 27 89 39 75 95 15 72 20 57 4 14 99 64 98 99 96 31 23 57 15 87 80 76 85 43 36 43 51 12 78 92 94 43 9 91 28 16 56 14 75 43 80 2 4 83 50 45 39 68 55 36 19 19 33 92 82 71 95 53 22 86 93 25 53 47 28 35 5 67 54 51 9 6 89 43 15 90 74 100 88 96 37 46 65 81 56 29 85 91 78 54 56 34 80 38 85 61 9 85 32 69 78 23 45 42 67 67 46 76 61 4 56 73 54 100 1 87
70 90 14 96 45 50 7 6 47 96 25 89 71 21 16 30 57 1 78 88 93 41 93 36 43 40 21 71 20 51 43 27 83 26 22 52 10 95 58 93 70 17 55 77 56 85 32 41 54 91 75 48 92 88 51 17 89 15 42 95 20 8 55 82 15 18 99 55 73 15 57 81 22 5 84 94 55 60 31 75 20 16 70 34 7 46 6 66 51 30 56 62 40 33 69 4 37 65 98 55 23 2 87 16 82 98 76 18 29 10 19 84 39 94 25 68 91 79 70 46 45 61 68 62 85 31 28 91 8 95 13 41 53 50 21 35 56 82 53 58 65 87 46 94 17 4 33 71 18 36 54 16 43 60 52 53 74 35 70 66 82 17 60 12 65 10 35 63 93 45 96 32 45 49 36 88 96 50 98 50 77 52 29 84 50 93 43 26 80 69 74 18 51 41 5 37 55 91 29 66 5 12 44 5 42 9 32 31 51 56 69 29 41 83 89 18 84 9 98 100 79 28 18 25 17 51 18 38 8 79 98 34 6 87 80 89 5 54 17 53 32 0 67 23 9 15 23 60 83 58 33 19 60 93 72 13 53 69 37 35 59 30 27 14 58 2 53 43 24 10 61 33 35 35 66 18 54 16 27 51 43 64 40 7 61 51 57 31 76 85 13 28 72 17 75 28 94 39 29 70 6 74 61 17 78 95 11 70 82 78 34 9 88 51 32 75 30 34 87 59 93 13 73 20 35 7 89 88 41 15 98 0 68 9 0 45 75 71 47 2 74 27 32 78 90 2 59 6 97 35 67 100 76 33 90 41 2 1 66 41 82 23 33 15 11 100 50 57 47 33 85 37 68 73 60 44 89 13 18 0 85 36 8 9 95 57 32 51 44 40 100 7 7 79 100 36 28 40 10 69
1 43 28 89 41 46 25 62 25 62 81 20 62 64 32 73 3 81 39 98 100 67 72 66 92 88 66 70 47 63 62 45 95 3 25 42 44 12 10 100 50 38 3 17 85 94 73 70 83 20 74 20 87 79 54 74 90 66 75 18 19 93 25 1 73 85 43 34 75 93 98 18 48 31 74 88 38 10 11 90 28 0 94 46 26 90 99 33 49 45 49 1 23 45 66 69 37 34 21 23 33 51 17 90 64 59 58 4 52 71 95 52 44 99 100 88 93 65 100 10 78 39 77 42 22 14 24 96 27 3 18 77 94 93 0 75 24 91 99 43 24 79 76 25 31 2 60 59 71 55 37 12 6 51 18 85 77 40 95 71 79 43 40 27 28 65 36 45 0 48 46 82 61 86 47 11 95 76 79 59 71 72 25 76 19 3 2 2 56 57 24 72 31 94 99 42 31 91 12 62 74 29 84 82 67 77 37 52 23 82 95 4 22 84 92 1 16 6 45 91 95 13 94 14 75 86 16 79 74 47 34 0 76 31 76 45 11 57 53 6 70 93 20 64 16 20 77 5 1 13 65 92 52 14 11 50 18 66 55 92 0 78 45 28 35 59 52 62 55 78 31 9 6 45 36 12 38 94 11 5 32 0 65 35 45 20 18 0 27 50 13 34 48 16 19 54 36 45 59 60 88 22 52 16 33 58 99 16 83 6 7 32 97 57 95 67 66 73 21 64 46 76 78 23 5 25 31 87 89 6 58 84 36 91 70 36 52 25 43 33 39 24 39 92 38 57 49 55 37 10 23 31 27 60 74 0 94 58 18 46 42 26 44 5 72 86 40 51 82 72 26 48 2 34 31 88 21 85 35 5 24 20 81 82 21 95 32 75 48 46 81 20 53 17 92 99 66 70 30 86
48 63 1 4 19 58 24 13 67 95 42 8 48 46 28 69 50 27 80 65 63 55 18 50 37 96 40 19 13 43 52 74 98 24 97 45 99 80 30 58 56 51 79 82 34 10 90 69 6 60 47 18 26 52 98 69 35 24 96 96 57 50 59 58 54 52 90 1 83 65 22 11 10 6 83 38 59 0 60 20 1 57 84 9 59 1 7 82 78 78 21 32 1 1 91 58 8 23 63 27 15 17 29 90 22 46 1 66 2 33 13 96 62 75 83 15 85 2 18 94 23 3 30 18 94 54 41 13 56 65 80 29 50 90 15 68 73 50 50 9 43 95 93 70 95 64 74 59 86 63 34 14 37 56 83 29 57 72 45 45 71 12 98 1 13 95 51 71 20 54 21 96 45 46 15 6 64 23 64 35 82 5 74 19 39 67 62 85 4 95 83 27 14 68 3 56 17 69 61 5 67 32 0 11 16 52 73 49 6 79 86 34 1 54 0 41 58 61 18 69 12 85 21 26 47 16 65 6 36 22 11 74 50 73 65 21 63 73 7 72 75 71 23 44 0 40 33 8 95 37 26 81 77 39 45 67 46 43 30 97 1 81 4 19 42 56 44 15 96 47 57 12 87 60 82 41 97 9 51 17 58 19 3 77 4 33 88 64 73 60 45 54 9 18 89 71 5 27 34 18 7 88 55 1 41 99 14 70 25 96 54 32 75 43 43 45 11 33 94 56 65 55 41 23 72 93 27 25 75 8 99 50 52 32 6 90 97 80 19 60 62 82 72 61 60 0 36 83 74 79 23 1 70 87 6 0 48 51 45 94 4 11 38 92 79 53 54 85 61 23 49 45 64 77 97 97 45 68 59 76 99 66 22 55 2 3 76 28 26 94 25 3 44 52 13 19 86 64 76 25
87 39 93 45 24 17 40 24 97 63 47 83 43 65 26 27 90 45 13 78 86 9 27 35 35 34 72 57 15 1 8 44 45 8 86 49 52 98 80 18 28 21 76 5 34 65 13 58 7 22 77 66 100 36 47 62 81 87 67 5 2 48 30 61 76 37 68 36 0 26 13 66 11 7 36 40 63 15 47 37 68 98 2 49 60 68 9 71 21 72 91 22 90 29 27 15 44 92 3 9 33 41 10 5 21 51 85 95 22 57 31 72 41 76 90 99 35 18 97 61 37 41 14 58 0 34 36 51 14 15 49 49 0 51 80 10 24 85 84 39 28 57 32 24 8 11 73 69 83 29 64 23 93 71 22 63 80 31 18 42 13 90 96 97 91 78 90 25 10 76 31 55 49 19 7 34 38 34 21 46 96 19 94 54 76 95 50 52 49 94 56 26 59 9 74 44 4 91 96 81 74 17 14 59 88 84 14 54 18 15 53 64 34 13 18 10 8 0 21 45 22 70 30 15 61 38 87 52 69 78 68 25 86 59 76 83 38 14 81 24 68 21 59 100 3 80 69 67 5 59 67 45 26 93 41 9 28 10 22 73 77 40 69 29 93 32 91 45 93 21 25 34 23 28 89 92 42 72 13 12 23 84 67 64 95 41 55 1 17 40 98 83 24 56 43 20 23 31 55 35 63 56 19 59 83 15 45 9 70 32 87 60 38 35 43 47 10 84 39 45 3 17 65 6 88 93 28 29 37 90 7 72 71 25 36 61 7 72 70 32 27 29 55 76 86 12 55 1 77 30 31 50 87 95 4 14 54 66 62 88 79 85 94 92 81 92 76 73 8 51 10 60 34 77 40 99 76 76 18 38 29 44 52 8 57 72 60 9 51 96 27 23 53 27 64 67 76 92 81 22
21 32 55 85 24 29 99 9 60 92 88 9 83 62 94 78 52 40 90 47 10 25 45 82 88 52 80 19 51 81 20 26 6 38 6 26 90 49 8 87 6 93 36 46 52 10 25 1 96 27 23 14 97 39 58 41 68 87 27 60 67 19 67 27 84 73 65 93 15 6 25 98 62 54 20 66 53 38 49 47 95 28 82 10 77 47 50 91 82 10 85 90 33 50 85 92 5 70 47 63 41 54 66 16 98 90 92 80 0 18 17 92 7 89 32 7 91 32 4 87 41 4 87 21 13 2 97 33 1 14 27 82 19 64 46 54 39 28 54 13 17 11 61 12 51 8 4 19 41 34 94 51 21 14 5 51 53 61 26 32 18 41 31 18 53 83 34 60 99 47 15 63 23 50 32 51 23 9 62 89 55 100 50 32 29 85 62 52 45 98 17 38 74 28 53 53 86 95 92 4 9 43 75 19 32 5 6 76 42 64 18 20 85 78 46 85 21 95 29 1 10 70 17 3 56 19 19 84 2 74 5 38 29 37 5 36 42 24 50 30 71 84 6 97 86 36 68 76 93 77 50 40 33 76 39 85 69 66 25 96 62 53 18 42 55 31 16 42 97 34 74 60 44 59 43 41 74 8 38 36 62 71 58 100 29 66 43 14 20 85 75 61 96 32 64 65 79 30 67 6 7 76 46 74 52 50 71 57 75 40 30 9 62 69 87 67 97 10 17 44 76 5 1 2 76 63 73 57 40 74 38 25 4 47 4 12 26 53 59 43 96 48 84 73 97 2 77 87 64 85 79 16 96 6 38 9 14 47 12 8 49 18 4 73 57 82 6 87 100 49 9 28 74 60 6 82 4 38 45 7 84 42 46 86 94 81 70 73 91 87 39 77 39 75 75 100 75 10 43 15
13 55 42 25 57 19 53 7 59 8 94 63 63 12 63 55 1 72 64 93 22 14 52 38 65 38 8 100 82 52 2 100 48 78 73 38 75 37 81 45 43 39 24 66 16 89 84 45 17 13 40 26 21 70 57 15 28 58 83 34 57 60 9 30 67 9 75 48 41 84 33 18 54 13 94 100 11 55 80 21 0 43 91 95 49 72 60 92 88 38 18 15 83 81 4 51 10 3 40 3 87 62 66 30 65 97 48 44 15 55 27 81 61 93 52 37 67 79 55 83 54 90 13 51 89 80 99 87 17 56 46 67 3 31 26 12 12 94 79 25 29 64 44 59 43 44 78 72 9 13 76 94 59 68 13 2 56 94 70 12 58 35 3 98 34 88 55 56 7 6 43 89 61 9 17 63 49 17 62 71 100 54 18 15 19 72 12 46 51 90 49 25 44 83 54 54 80 49 96 73 80 26 96 95 3 65 88 79 9 52 78 47 89 30 64 12 65 60 77 62 55 12 51 14 8 5 61 58 42 84 58 89 77 95 54 6 49 22 30 71 32 67 100 71 26 16 92 87 16 57 60 90 10 82 75 37 68 81 43 52 76 16 11 100 0 11 23 17 64 51 21 33 86 25 60 99 11 18 8 78 85 93 47 38 85 33 26 15 61 59 77 15 2 97 86 1 9 29 94 23 86 40 1 91 59 1 81 3 4 47 38 52 91 89 34 84 78 25 92 13 55 79 88 24 10 4 15 93 33 2 54 50 74 68 28 87 19 64 2 64 27 65 56 99 58 25 57 15 82 25 82 6 87 4 68 82 41 85 67 43 9 82 81 52 16 7 56 88 64 60 38 60 78 40 8 35 63 26 90 50 89 88 14 51 14 70 28 48 79 96 81 60 27 86 77 41 29 23 21 45
28 71 30 61 35 9 36 65 40 72 68 92 84 54 22 22 39 98 34 8 23 72 18 79 20 94 6 0 55 59 60 87 41 77 79 74 89 40 48 2 58 61 22 95 61 41 79 27 66 60 43 19 84 96 32 41 20 88 14 10 49 59 67 44 3 5 29 92 9 35 1 91 76 30 36 85 79 91 13 64 64 2 3 95 65 6 15 53 43 81 84 87 36 29 58 56 56 80 75 83 37 12 6 99 85 98 58 99 22 37 78 31 59 4 33 28 12 33 49 66 54 96 20 89 94 86 25 32 51 15 50 58 11 28 63 73 35 88 81 28 70 3 55 12 85 46 59 26 39 1 29 61 6 19 17 28 51 43 57 31 74 47 16 24 65 85 84 95 33 33 42 56 94 30 19 84 83 16 48 25 72 29 86 29 32 51 3 64 50 50 32 61 43 74 7 12 47 73 81 23 49 53 9 61 91 17 89 19 66 79 29 9 63 33 86 66 91 41 97 99 22 43 28 73 84 33 1 16 28 44 37 9 98 24 81 86 53 8 63 52 9 9 6 40 15 28 77 3 86 18 64 100 16 61 67 96 36 2 26 57 41 44 58 33 24 26 49 83 74 59 41 57 39 68 52 35 30 51 89 33 4 37 26 66 15 2 9 98 92 12 69 9 16 75 60 5 45 53 57 71 6 48 50 86 34 39 69 78 91 47 58 50 33 43 86 46 90 0 34 89 20 80 24 42 24 51 64 71 91 56 62 61 53 55 27 82 22 28 28 45 25 79 95 35 40 61 37 13 1 15 71 19 23 65 22 3 81 37 35 87 16 21 60 13 32 1 2 6 60 73 87 38 9 33 65 66 77 36 49 54 81 37 68 20 76 56 5 45 48 67 74 60 39 7 78 60 91 24 87 34
91 88 41 32 36 45 18 73 19 5 75 67 78 93 87 83 21 38 6 3 96 63 19 61 30 22 40 18 80 41 61 29 2 16 48 95 8 50 84 25 45 52 21 74 86 55 7 69 74 72 38 53 30 9 71 56 31 35 66 53 74 96 32 31 25 98 41 90 76 96 51 80 20 3 92 80 18 3 69 32 12 46 18 69 52 33 46 90 81 1 43 31 72 72 24 18 32 37 12 95 69 98 85 13 11 37 90 78 1 28 47 20 66 1 65 15 71 86 86 5 9 14 68 42 76 84 44 91 71 69 63 20 28 26 5 41 88 54 40 84 86 48 44 35 84 66 16 96 25 76 65 92 81 100 59 96 15 52 0 86 71 74 53 8 27 16 86 100 11 95 77 48 87 82 4 21 7 81 3 45 39 21 90 52 86 100 50 35 61 41 8 34 17 9 67 42 30 54 51 55 35 86 58 93 74 24 36 2 35 51 24 32 31 72 64 6 77 25 97 70 87 64 68 79 72 52 13 70 89 69 26 16 69 52 42 10 66 6 0 70 16 50 3 43 44 61 78 10 7 59 7 34 91 65 62 79 69 82 30 47 56 33 32 95 84 66 67 29 34 90 24 29 53 71 72 27 26 74 100 27 93 64 79 70 72 80 68 97 76 88 66 9 89 80 0 37 25 49 33 4 52 73 68 55 42 21 2 80 76 69 18 30 97 55 55 19 69 32 16 1 62 34 18 14 18 7 39 61 43 1 21 15 71 84 24 82 83 19 53 6 94 14 91 5 51 93 63 47 85 85 76 94 24 81 100 100 20 74 61 33 90 20 15 46 29 100 32 56 63 21 73 43 27 67 16 20 48 35 74 56 79 54 39 18 45 41 73 60 59 100 94 94 88 88 72 6 87 100 84 68
39 90 27 5 51 24 1 1 65 55 52 42 3 94 99 46 5 82 99 36 23 37 31 16 64 48 23 81 36 97 36 65 29 77 55 54 70 20 46 11 67 2 75 50 37 17 63 22 58 92 7 79 13 24 12 87 40 35 42 52 28 19 75 26 67 43 36 60 68 23 13 87 73 29 41 21 34 98 54 78 74 31 79 88 57 32 84 43 90 99 62 17 60 4 22 24 78 2 46 35 76 34 16 79 91 36 4 57 7 13 90 71 3 12 2 24 56 14 11 42 15 61 81 49 52 46 98 26 57 22 52 31 58 41 22 30 14 59 19 39 70 38 30 23 15 74 42 47 74 10 20 58 24 94 83 63 72 67 37 78 40 49 87 38 50 98 65 7 58 90 52 97 32 63 85 80 9 22 57 12 17 66 25 75 97 23 69 83 43 2 34 29 27 34 32 85 40 98 99 92 62 81 30 15 99 40 25 35 29 69 4 56 49 0 43 73 84 84 68 43 28 58 52 43 64 68 2 69 82 12 77 40 34 89 29 83 45 57 78 30 43 96 12 47 36 34 16 88 72 93 12 89 58 23 30 77 66 29 31 74 33 93 40 99 82 15 11 32 20 77 55 21 24 5 73 49 46 78 20 84 27 62 17 88 47 75 29 65 29 100 42 39 70 56 91 45 67 6 75 68 63 42 20 3 36 82 61 85 86 65 59 56 35 52 66 58 34 31 46 19 95 41 11 5 26 51 19 18 43 75 4 5 3 54 50 6 81 30 66 100 41 33 84 98 96 27 47 5 86 14 6 0 61 11 34 14 51 31 40 51 27 89 4 37 2 5 47 70 19 85 59 49 65 31 4 17 83 54 36 90 83 1 34 40 2 42 54 33 16 42 52 93 75 31 73 74 67 82 12 35
32 30 8 10 87 67 68 65 90 44 83 25 99 55 4 67 100 33 8 48 82 17 68 15 65 66 29 73 46 54 71 74 41 95 37 64 15 93 32 53 42 94 46 24 19 1 72 4 40 65 33 2 96 79 0 60 77 50 2 76 23 89 98 9 37 99 42 42 86 71 69 93 39 66 29 40 9 36 95 74 93 91 45 77 82 38 78 56 26 6 18 11 21 71 57 97 29 5 73 8 0 63 34 69 10 51 45 40 40 10 58 74 38 44 50 73 99 20 83 84 81 43 96 15 88 53 25 1 83 65 46 49 55 45 44 93 42 93 46 10 36 50 87 97 41 63 92 56 15 2 24 48 38 56 13 61 47 13 86 95 67 10 49 32 95 64 13 87 87 19 10 36 57 91 84 75 48 88 80 9 21 93 76 45 54 14 22 97 15 41 58 48 29 91 69 26 92 23 87 23 45 30 17 19 82 37 97 49 14 67 71 12 85 29 57 75 51 81 37 55 28 95 42 16 33 64 15 21 2 11 19 64 98 22 48 1 36 63 40 27 6 1 4 5 38 32 87 82 66 98 73 40 71 23 73 26 53 67 79 91 90 69 18 63 40 15 91 14 16 26 35 58 96 35 81 7 85 51 47 4 29 29 5 22 94 46 32 54 95 22 33 94 50 93 41 60 90 41 13 25 15 17 2 47 29 30 67 47 70 83 64 70 35 62 57 99 19 72 98 15 72 75 1 18 75 90 99 13 97 42 13 79 67 36 58 74 68 30 58 17 0 70 43 25 22 35 91 53 29 80 42 0 82 82 73 21 82 58 66 8 97 67 27 62 13 33 77 45 87 64 49 48 100 18 31 67 96 6 7 56 55 34 32 14 20 23 54 0 51 49 45 9 17 59 76 31 84 43 78 55
38 19 29 1 11 21 63 61 12 21 64 41 97 76 11 12 1 32 47 25 59 59 60 62 78 58 38 36 30 85 2 18 87 18 99 71 98 100 99 97 58 81 55 2 6 11 87 61 62 1 53 72 74 27 85 57 48 91 55 6 25 74 36 54 57 30 36 40 70 2 34 56 79 23 6 10 14 5 49 27 70 27 95 32 67 22 47 49 95 53 58 29 48 26 68 34 26 12 48 61 23 71 0 82 99 25 39 98 59 79 57 91 35 90 83 89 27 42 68 61 70 80 8 75 57 25 68 95 85 55 47 81 74 73 7 77 29 36 87 99 88 8 9 49 78 12 56 44 72 53 95 68 90 37 100 20 66 32 57 67 62 43 59 69 7 12 16 40 25 56 9 59 41 29 33 100 82 72 44 58 71 87 91 67 56 91 5 91 29 49 45 70 64 22 27 56 99 80 32 17 26 13 63 42 19 38 65 47 57 90 56 16 98 97 22 98 20 52 6 16 3 6 32 12 31 55 46 50 31 8 93 10 1 47 29 1 82 13 72 20 86 43 94 55 17 12 42 21 35 75 57 69 40 7 39 82 61 7 5 85 71 44 62 76 29 22 97 55 41 94 4 60 87 47 8 98 29 57 26 30 25 9 3 18 23 63 15 78 69 92 12 87 87 92 8 70 77 69 31 73 2 12 7 93 49 13 7 56 85 89 65 19 68 3 35 3 81 89 90 42 50 65 33 26 79 52 63 18 54 39 15 40 39 51 96 19 82 1 73 68 45 42 47 76 58 86 49 34 25 58 19 83 81 51 5 0 81 39 2 10 91 57 44 97 97 44 91 32 60 64 2 27 64 42 2 77 45 58 38 76 6 69 25 1 4 53 70 2 42 4 62 70 78 17 13 68 48 5 98 66
59 68 47 66 3 77 37 89 22 74 63 32 91 26 28 45 100 43 79 23 43 39 71 67 31 9 30 61 68 24 55 62 70 77 13 28 95 67 17 23 74 71 80 16 90 51 96 98 46 88 10 69 66 8 95 13 51 62 27 30 78 81 31 31 63 18 81 49 59 53 50 11 55 35 27 57 9 2 83 16 49 23 33 1 66 21 62 71 41 20 79 79 39 46 50 26 24 99 44 53 31 20 53 4 52 74 13 37 50 23 84 75 26 64 52 17 78 76 56 48 80 76 85 5 89 64 74 28 33 9 44 81 88 98 38 24 33 19 68 23 17 97 22 47 50 95 31 40 70 55 20 95 89 68 34 20 87 53 33 31 7 90 58 36 31 34 9 6 62 3 80 71 40 22 31 89 66 36 61 15 66 59 60 73 98 24 30 90 45 26 21 5 2 93 67 64 3 34 23 34 5 25 100 87 66 81 41 62 67 23 87 58 13 91 8 62 30 17 89 80 32 87 47 21 32 63 23 48 42 81 60 36 59 14 54 19 50 50 81 28 31 89 14 7 72 11 63 24 48 10 20 23 38 46 42 28 50 76 1 15 33 57 76 37 11 46 83 35 94 82 37 79 84 37 9 73 45 53 23 43 45 50 19 4 28 5 89 60 31 56 27 13 78 82 41 97 14 94 52 36 17 65 6 99 99 22 78 39 74 81 33 15 24 52 34 14 60 100 89 97 44 15 81 33 56 52 43 86 69 41 41 40 48 41 69 49 94 20 67 94 81 28 24 11 11 32 51 13 95 42 64 61 37 29 88 72 11 46 11 61 43 73 99 41 22 64 96 20 23 80 6 69 19 99 4 35 40 50 2 35 88 56 33 30 3 90 8 51 28 73 74 99 75 66 76 72 24 27 57 27
10 1 89 54 88 93 62 91 40 13 35 52 95 44 21 6 42 71 3 73 94 79 88 24 2 67 59 84 49 42 28 30 76 23 40 78 36 59 6 23 41 18 53 35 0 55 85 28 75 22 8 49 20 62 38 10 59 84 59 77 62 17 54 36 51 66 72 15 85 5 83 56 5 82 92 63 27 70 68 5 6 6 70 21 87 62 100 57 73 34 43 22 76 90 70 10 76 31 39 44 21 98 80 67 68 38 6 4 96 82 38 26 81 22 24 14 70 55 35 94 92 62 21 88 41 10 99 96 34 67 66 90 86 41 86 34 88 83 98 81 96 66 23 85 29 100 6 72 80 3 60 68 37 52 82 71 15 92 71 52 0 87 31 80 53 67 52 58 60 28 41 79 62 79 49 19 79 54 0 84 27 60 49 27 56 90 76 84 27 18 82 97 42 65 13 81 23 45 52 17 70 3 62 46 78 6 17 7 87 39 70 96 85 57 95 13 68 27 91 18 71 30 92 51 76 4 94 88 37 30 7 100 59 21 57 88 33 34 19 54 2 38 78 70 38 91 76 20 45 24 59 7 70 97 23 88 80 79 15 14 37 83 99 30 62 9 63 47 90 16 77 84 58 18 79 25 90 81 74 57 97 1 17 44 95 65 80 76 51 22 76 44 84 68 98 91 49 91 94 46 34 43 90 11 16 76 39 9 72 33 97 66 52 65 44 62 60 66 29 34 75 38 98 90 3 50 52 56 41 29 20 64 29 7 79 76 27 9 61 70 96 84 46 40 12 49 62 22 0 7 33 76 4 38 29 47 30 78 51 42 21 40 13 100 73 17 94 61 16 83 34 75 88 10 7 57 7 32 33 2 91 93 26 35 92 35 53 5 43 20 67 82 9 64 70 34 31 2 73 49
55 86 86 91 89 74 90 59 86 45 17 76 23 56 9 87 46 44 86 89 81 62 35 71 55 97 92 65 73 53 13 57 13 47 61 8 6 57 87 10 85 49 55 90 85 21 45 43 86 28 48 71 51 76 81 48 45 85 19 5 93 79 97 84 69 89 67 12 47 14 34 53 95 54 4 82 94 44 14 61 58 38 59 50 28 53 45 23 74 98 97 22 69 3 34 17 82 42 65 80 31 70 51 10 38 23 57 70 89 73 63 50 97 14 15 51 36 13 68 0 19 26 66 43 26 41 15 60 74 6 30 64 56 11 78 87 97 42 51 69 61 58 80 89 3 51 21 15 2 54 67 93 0 4 72 58 95 38 79 34 80 85 28 48 58 2 28 82 1 71 47 99 71 2 90 96 77 66 55 42 29 64 29 49 100 84 66 24 76 64 96 97 35 71 66 64 91 65 75 16 43 0 42 76 65 16 24 96 41 27 54 66 48 30 87 93 96 82 26 23 100 42 76 14 34 73 78 23 92 37 98 72 63 43 50 29 85 1 38 76 31 26 71 85 44 34 71 32 85 21 82 80 69 3 31 44 75 42 61 32 62 87 92 5 48 0 30 42 76 56 35 40 33 85 57 53 63 67 90 41 50 29 67 59 96 70 85 44 20 18 7 31 73 51 87 36 16 96 3 58 91 25 91 85 31 92 73 81 93 97 99 13 1 98 61 19 8 30 63 59 85 4 9 82 39 70 67 50 6 8 68 27 27 10 20 53 21 83 15 49 41 54 68 48 90 44 94 98 69 35 91 52 29 7 58 6 11 87 72 77 16 97 75 84 95 16 100 16 40 83 68 90 96 24 25 32 62 76 23 9 96 21 92 58 30 1 45 92 50 97 51 85 33 73 52 61 55 88 38 28
15 87 71 29 21 99 62 44 83 55 31 6 87 44 69 23 42 87 82 65 54 84 24 53 87 60 81 70 78 56 70 41 21 16 44 29 90 48 27 69 12 7 12 5 46 58 80 46 63 58 94 65 93 31 83 53 79 7 74 55 20 12 39 86 34 62 10 37 21 56 95 29 57 3 39 33 40 80 100 84 93 75 20 90 5 56 67 57 7 80 13 11 97 38 54 72 42 59 75 86 23 24 75 14 3 74 64 42 80 97 35 48 17 73 96 57 18 41 53 51 74 0 65 98 70 24 36 30 95 5 65 11 11 56 33 45 87 7 45 40 33 54 98 73 3 45 99 56 62 77 74 28 37 32 81 40 30 69 37 7 47 60 38 18 13 3 7 60 41 95 59 29 48 53 41 68 15 98 64 55 59 97 81 44 67 14 93 79 8 80 13 10 21 78 23 26 72 90 54 40 11 48 27 79 37 75 37 40 12 94 62 90 58 46 12 1 10 18 28 80 67 94 14 24 15 84 4 78 82 75 97 1 59 55 8 1 1 68 8 2 57 63 20 72 100 47 72 16 49 35 69 73 27 8 30 55 37 60 90 16 39 44 46 60 74 62 33 94 76 52 81 85 50 17 29 71 31 54 73 34 54 100 86 38 38 55 83 68 96 72 1 11 4 29 4 45 19 7 32 99 79 79 24 94 86 27 26 67 74 19 58 15 19 97 85 94 26 30 22 73 49 67 1 25 67 68 85 94 78 78 28 8 38 92 81 0 6 33 100 88 67 80 79 40 58 92 78 91 30 15 83 92 73 39 32 73 66 94 40 98 95 19 52 11 97 37 40 44 25 76 50 27 51 82 87 48 46 71 88 92 77 4 17 59 92 57 39 4 50 95 54 79 95 80 20 49 28 24 51 89
20 61 22 77 74 28 19 90 80 25 53 25 85 84 32 2 72 1 47 4 43 89 51 88 21 26 60 48 55 64 16 28 16 38 93 90 55 61 96 10 32 91 77 5 16 30 39 8 76 2 61 68 86 16 40 44 66 99 19 40 22 23 29 77 99 68 14 55 28 79 87 70 24 89 88 25 96 91 6 59 72 50 72 86 69 27 92 47 13 72 49 35 19 91 55 77 0 94 97 33 54 97 26 35 81 98 28 37 30 60 20 58 24 27 27 71 85 92 13 77 20 40 61 92 58 9 96 74 24 91 69 21 75 59 34 0 30 98 5 42 56 95 89 72 65 49 4 42 2 48 70 2 15 1 85 0 91 17 96 100 98 92 49 74 68 10 11 15 56 100 21 15 29 37 19 44 33 75 86 1 68 44 78 81 50 4 4 16 75 57 14 62 16 98 31 10 97 11 31 29 10 46 29 12 45 14 100 11 65 9 48 46 15 14 57 56 78 5 37 24 38 46 3 75 91 40 25 64 57 90 17 88 5 62 41 52 10 27 24 12 66 62 81 30 84 33 29 42 81 78 35 34 29 57 10 91 19 10 9 79 87 39 31 11 5 81 54 0 27 51 72 87 52 87 43 74 34 8 78 92 46 87 31 36 64 41 82 56 77 71 13 38 31 64 90 25 6 5 22 32 6 48 13 37 64 0 77 75 80 3 48 43 74 13 52 61 36 6 90 31 92 60 90 93 56 28 13 63 12 29 68 41 92 44 75 23 1 5 25 93 19 70 75 43 90 78 37 67 28 65 2 29 6 75 54 41 89 86 54 95 3 0 82 34 74 53 55 69 80 61 11 4 43 29 29 58 18 54 15 56 8 50 6 62 50 95 38 97 2 9 31 3 60 95 4 2 79 65 81 60
73 5 45 36 47 80 16 48 28 52 70 86 7 24 27 81 50 37 94 3 0 82 37 19 2 90 5 0 61 59 47 75 29 92 26 30 8 12 78 62 77 20 98 30 82 75 46 40 32 88 84 46 95 77 17 82 5 49 38 27 65 29 3 12 72 39 69 51 49 97 46 43 33 82 75 94 0 76 1 69 94 47 56 51 62 12 34 52 85 99 58 40 64 46 54 57 90 63 39 24 23 37 43 38 57 72 1 25 51 31 38 14 26 52 23 23 56 45 17 96 15 57 30 47 22 79 71 47 64 69 20 37 64 80 44 68 42 29 86 84 92 97 31 98 40 73 96 80 86 12 45 65 46 27 17 74 48 41 5 69 46 7 52 48 11 39 25 3 61 97 47 29 64 98 41 39 20 0 60 32 27 76 64 53 60 24 16 14 94 65 87 17 76 48 57 29 43 71 88 77 22 36 20 98 89 83 59 84 20 7 23 24 45 50 83 19 35 71 45 54 40 30 14 6 20 81 69 50 24 35 72 30 47 4 3 47 73 12 16 57 66 43 94 18 18 77 64 14 27 84 27 52 31 19 6 6 59 85 92 71 66 20 38 100 99 67 70 85 39 72 33 29 64 82 53 38 99 93 63 95 34 39 76 33 57 85 43 34 50 97 31 33 21 56 72 40 44 99 40 50 83 54 35 87 35 54 86 51 90 58 88 30 88 99 27 100 89 98 36 77 66 4 0 80 22 29 67 69 77 54 87 26 20 47 59 81 4 5 32 31 80 35 26 88 31 92 52 64 49 98 44 35 2 32 56 58 89 54 86 29 26 99 33 70 71 48 92 2 62 34 55 37 47 16 41 77 13 75 18 33 88 64 29 83 23 30 91 34 32 76 62 17 20 64 70 82 82 67 95 96
75 68 79 17 99 31 16 20 97 59 52 57 67 79 41 97 37 22 25 6 5 40 99 89 35 89 79 56 34 99 75 9 3 78 48 83 84 24 31 28 31 36 47 59 73 16 39 29 22 10 65 24 18 33 1 20 20 38 63 51 10 96 73 24 21 19 23 59 92 52 85 83 22 69 43 58 49 20 2 99 23 21 88 34 69 16 22 31 91 52 68 77 76 52 85 80 69 57 66 81 21 7 91 30 51 3 46 69 47 65 21 42 7 30 74 77 88 85 39 58 64 55 33 25 23 5 27 61 53 73 73 41 25 49 65 42 21 91 16 48 62 71 97 54 31 45 49 10 46 79 60 22 22 49 57 35 40 5 59 36 67 80 50 68 30 24 27 31 72 14 63 17 1 34 2 62 47 38 90 22 23 28 25 14 34 27 16 0 38 69 54 61 44 25 49 17 31 49 38 100 94 90 23 53 34 18 93 95 9 16 67 48 97 63 49 95 97 17 49 84 79 36 11 66 77 88 55 79 78 33 92 97 49 71 6 36 32 97 93 55 10 35 83 3 93 43 46 60 57 52 13 32 1 89 3 20 30 84 39 54 89 75 27 46 23 79 15 45 56 26 33 92 10 24 7 77 75 84 92 68 91 15 32 31 95 89 29 100 75 50 34 2 97 10 8 66 82 13 32 82 92 4 62 36 93 80 35 99 45 90 11 48 57 71 30 47 51 15 54 61 84 53 66 4 6 62 93 52 32 22 79 11 21 22 100 34 84 96 99 30 32 33 62 93 95 14 63 64 83 96 90 29 58 57 20 85 78 40 52 55 58 58 49 88 72 73 13 40 23 89 1 84 13 98 32 57 56 80 17 23 89 56 14 95 34 99 8 34 39 36 5 73 70 43 100 84 53 98 75 68
95 99 0 31 43 40 4 0 80 49 25 24 33 53 9 59 59 89 83 77 6 22 0 30 11 28 32 58 28 2 97 35 78 18 46 96 84 66 96 12 20 61 1 49 33 88 26 83 30 70 40 31 55 77 87 71 71 22 89 46 67 47 14 100 84 93 57 85 70 67 92 81 32 99 58 33 2 68 58 21 72 60 56 68 26 43 57 9 90 43 38 28 30 53 40 29 46 10 72 99 11 66 70 11 30 19 28 38 83 97 88 38 9 67 94 35 99 39 48 9 96 49 76 34 26 86 54 93 97 24 58 13 29 0 32 79 48 75 46 88 72 26 51 23 34 84 51 61 94 75 82 25 7 18 91 9 35 19 88 20 65 90 2 56 34 32 43 10 34 89 83 46 11 19 12 10 6 22 64 33 2 7 58 25 73 72 49 25 34 30 12 82 10 89 5 10 14 83 50 92 55 33 7 11 99 93 19 35 96 16 45 56 52 34 89 88 86 14 37 26 39 47 73 12 14 97 58 77 24 11 19 13 61 43 70 66 3 26 16 7 26 58 58 11 60 55 3 31 43 17 51 38 52 61 33 10 70 3 84 92 12 48 11 32 65 61 86 0 12 64 36 10 35 91 31 36 71 59 9 89 85 76 13 62 20 18 21 90 90 76 98 42 67 40 41 22 70 22 13 27 20 24 64 12 5 23 90 17 94 53 10 67 64 24 97 30 99 90 50 12 49 52 4 53 75 24 91 72 8 93 71 78 44 61 52 85 5 79 83 3 36 5 17 4 40 87 77 12 49 17 71 1 88 17 99 60 64 80 31 55 23 68 15 99 67 66 93 65 29 84 5 61 50 11 12 33 73 9 32 75 78 32 6 45 53 10 67 67 0 77 44 64 62 50 35 84 62 15 13 33
32 91 87 40 16 90 9 93 49 29 92 47 79 45 33 11 28 38 39 98 51 55 64 45 8 60 51 7 62 95 22 56 54 71 37 24 10 54 73 45 51 6 83 93 79 23 24 36 97 58 19 93 42 95 71 97 87 41 39 37 52 45 40 71 44 32 16 87 84 22 33 4 50 77 98 72 33 26 3 94 17 72 20 69 27 79 5 88 99 32 80 76 52 36 96 55 41 49 85 27 78 11 78 59 79 13 48 86 43 98 76 10 21 16 43 46 31 42 3 33 16 15 36 32 76 99 45 40 14 66 79 79 60 58 8 94 34 37 48 71 1 23 35 72 1 91 12 71 79 12 41 93 25 46 24 61 71 94 38 99 56 75 35 66 92 43 67 11 55 52 43 68 75 34 68 49 21 47 36 55 84 20 60 35 33 89 19 96 91 91 85 97 36 24 11 36 6 68 92 84 64 69 20 63 91 52 34 1 56 82 47 55 55 99 77 68 27 86 38 36 52 74 28 16 58 42 32 23 80 53 19 2 29 36 72 10 0 50 65 0 54 66 66 96 97 13 33 71 41 8 24 25 97 14 95 1 60 42 100 21 38 41 58 65 61 4 31 43 93 54 63 65 58 100 37 22 71 77 67 19 1 46 62 31 93 18 5 93 13 81 50 75 3 13 9 46 94 69 41 44 5 94 42 88 13 66 72 16 35 34 30 12 58 79 53 34 81 62 60 32 63 75 78 98 9 79 58 86 62 20 20 40 23 85 61 70 39 67 82 33 38 29 34 48 61 26 15 87 63 13 36 69 68 27 30 82 10 53 51 58 25 60 8 67 48 12 3 99 11 79 58 22 61 40 88 7 31 39 13 14 84 71 34 3 4 47 68 94 98 58 53 22 4 85 56 95 58 22 48 14
21 44 10 59 88 20 65 40 19 70 58 99 59 19 23 58 68 79 95 84 76 98 35 72 62 60 100 28 69 49 54 0 8 28 66 93 32 74 12 99 29 74 78 65 94 77 19 37 41 55 10 43 28 49 19 96 2 67 19 64 74 49 9 43 89 5 49 4 33 50 74 25 91 42 66 85 81 79 76 77 17 61 20 48 76 48 29 1 79 77 91 7 88 14 37 34 64 69 81 26 22 67 64 73 86 33 32 38 77 14 53 46 57 10 77 79 63 6 29 52 68 51 50 29 91 51 6 21 94 7 65 27 83 25 80 51 33 9 78 50 60 43 72 0 45 18 68 55 79 91 17 89 59 22 91 59 31 28 77 44 17 65 62 82 17 98 2 2 35 7 84 53 92 93 74 69 62 93 34 92 65 91 54 2 21 17 54 3 81 20 71 84 95 78 68 62 15 34 73 25 87 19 17 69 54 97 68 23 68 82 25 90 69 43 33 24 17 20 3 33 90 64 28 84 34 17 39 57 54 26 60 96 48 32 22 61 67 55 81 87 44 37 59 82 40 1 91 49 15 40 10 72 32 62 75 21 97 18 39 77 68 5 57 98 95 71 87 40 51 33 67 96 77 43 51 43 53 58 83 86 2 27 79 76 42 27 2 45 36 7 57 17 49 95 0 29 77 38 15 67 96 70 56 35 11 17 27 93 76 54 30 60 83 97 83 41 3 79 18 50 95 49 29 90 57 32 11 33 73 2 3 14 13 22 21 84 80 13 50 21 29 6 87 98 48 41 41 70 57 85 65 41 59 16 0 50 2 68 88 74 49 29 18 51 13 80 5 100 83 97 15 2 10 97 25 39 19 63 81 47 65 22 63 26 16 17 38 98 11 19 22 56 23 18 80 91 16 13 29 87
46 0 52 14 80 34 50 29 56 49 2 28 52 42 43 76 90 11 46 31 3 34 8 23 13 53 51 64 6 17 38 57 42 16 18 42 96 12 1 27 20 86 96 76 54 51 36 16 73 13 35 67 49 39 90 14 37 64 10 22 61 36 42 82 23 92 64 14 14 41 8 57 64 44 64 99 60 21 71 93 95 35 72 80 24 59 97 18 30 98 95 74 72 91 71 56 41 4 25 99 67 83 37 66 8 69 82 0 9 9 0 49 3 3 94 47 14 95 31 60 33 69 30 46 78 67 8 88 47 8 54 7 40 5 70 22 82 53 4 61 81 26 49 23 6 49 40 35 67 97 53 61 13 20 27 56 71 95 13 20 93 66 68 100 87 41 2 45 82 35 54 20 18 46 91 38 28 51 9 76 42 6 4 56 50 82 54 46 24 22 56 7 46 67 74 99 88 99 47 23 12 62 65 6 73 33 95 37 93 76 21 51 32 96 77 42 23 89 47 62 57 30 13 18 18 66 26 26 44 50 54 26 73 69 56 86 32 98 76 20 2 30 50 96 88 61 2 65 1 16 63 51 84 59 34 95 89 28 31 42 49 1 70 68 52 43 51 43 72 11 37 13 57 4 61 96 48 81 18 52 27 37 27 11 83 84 94 67 42 10 35 36 92 93 53 65 10 81 76 3 89 24 24 54 94 43 2 61 16 75 46 78 82 76 53 74 91 32 55 61 60 16 74 47 17 40 31 51 35 2 71 8 5 88 15 28 42 55 80 79 80 90 10 56 70 70 24 85 10 8 74 84 76 14 43 84 91 56 12 19 38 2 39 40 48 46 40 65 63 39 21 72 36 70 60 75 100 15 6 70 88 19 93 31 65 78 84 69 7 15 50 10 100 84 45 71 12 81 75 66
70 46 66 72 40 55 39 3 28 30 51 1 38 76 90 22 51 99 42 78 13 46 6 55 84 93 41 32 38 30 48 19 7 56 17 69 80 65 100 74 82 83 23 16 47 16 94 69 31 61 14 89 73 23 20 47 77 69 40 34 23 74 21 55 30 33 68 60 79 47 26 59 81 27 44 83 85 5 61 14 29 69 59 10 99 9 9 65 98 40 90 68 95 92 24 76 77 40 96 47 50 32 8 13 60 42 27 79 22 59 6 50 58 83 29 24 85 9 93 48 42 62 84 15 74 47 89 21 59 99 5 5 98 96 62 83 53 3 41 15 53 61 11 79 24 84 32 56 47 2 35 90 74 80 54 46 33 65 74 70 37 87 1 80 52 91 48 16 99 90 84 80 10 21 20 60 35 27 39 64 25 39 92 32 92 30 92 43 6 46 2 68 35 85 13 46 23 81 4 59 46 27 45 92 86 91 67 27 21 28 64 71 62 54 60 70 80 37 63 31 87 14 28 39 9 13 52 66 61 26 23 17 12 88 38 2 14 53 49 18 42 72 49 83 19 24 53 50 46 69 74 99 71 96 69 67 98 48 61 40 96 34 2 7 80 73 10 46 85 21 90 60 17 21 83 92 15 24 88 99 17 60 28 75 44 27 27 82 40 6 87 89 21 16 4 72 57 26 2 98 94 15 26 62 43 49 51 79 34 44 51 36 0 34 92 55 80 97 33 34 68 2 47 33 91 13 19 74 82 79 96 93 33 45 44 35 78 71 99 98 49 22 100 30 88 82 26 15 23 82 18 62 53 15 3 25 35 96 66 50 84 44 37 74 100 66 7 44 38 42 1 36 79 73 12 43 26 94 89 65 54 65 9 2 86 49 5 88 86 52 7 89 2 70 62 97 63 0 57 41
57 61 49 53 16 11 68 86 76 87 90 84 0 74 63 33 95 94 4 22 36 41 39 32 4 21 37 48 16 19 75 69 65 24 97 15 67 89 63 96 53 99 43 50 87 26 58 15 48 54 88 7 69 92 29 65 58 94 64 45 29 0 63 24 76 24 95 88 49 65 1 16 19 78 64 55 74 1 12 64 74 77 99 73 40 3 1 29 17 21 29 39 31 53 9 69 88 58 29 35 24 81 55 12 23 97 86 88 48 23 5 100 17 85 24 74 68 42 77 88 11 16 26 100 33 11 97 1 62 13 43 42 88 70 69 32 67 5 30 68 24 27 47 11 52 79 29 54 22 77 81 44 85 89 29 94 98 12 5 28 1 94 12 54 77 34 87 94 69 90 89 86 54 92 9 59 75 59 92 54 21 64 66 51 98 25 98 68 30 26 27 96 56 54 73 28 58 65 80 3 82 30 14 17 12 29 84 62 89 1 10 59 83 33 93 93 90 30 100 100 16 99 44 42 85 53 95 98 31 100 19 83 59 0 29 18 53 38 26 50 50 70 45 2 93 35 12 87 2 56 3 84 99 90 26 2 73 13 48 97 31 97 61 64 100 41 0 26 38 45 75 62 55 51 18 72 64 66 53 43 8 49 53 72 86 1 39 6 83 12 58 44 7 47 13 46 74 84 44 35 39 53 36 76 46 76 1 39 51 21 93 70 77 51 55 54 78 68 75 51 74 18 61 16 61 5 31 17 80 73 33 95 71 10 11 9 33 46 3 78 74 20 39 49 55 56 52 70 7 8 36 68 64 17 25 57 63 44 15 4 29 67 13 3 76 36 78 14 6 12 0 30 27 14 77 51 10 71 36 16 29 14 82 99 10 99 6 93 88 5 36 39 66 11 10 65 54 8 85 89
99 79 53 41 89 29 17 9 16 51 1 89 13 14 34 55 78 71 28 0 85 18 31 79 18 34 48 53 28 1 18 69 46 82 47 63 33 43 50 19 59 44 8 26 54 12 4 92 35 85 39 3 34 83 67 94 57 81 46 64 63 81 85 86 82 75 71 18 85 12 27 15 68 51 48 95 93 62 65 48 86 95 23 74 76 34 47 69 29 82 7 87 95 40 19 96 5 12 23 32 16 81 34 62 40 48 44 65 27 59 58 4 96 82 88 54 50 41 57 11 71 33 45 73 73 100 99 71 15 14 46 29 10 18 46 72 48 31 22 86 58 31 68 39 83 67 24 79 53 10 1 61 87 58 84 26 15 50 55 86 91 42 3 69 39 45 21 84 18 1 53 99 4 47 51 90 36 23 4 10 67 58 35 97 46 74 16 84 36 68 59 17 80 59 77 2 22 5 2 87 42 52 33 43 30 57 73 75 83 59 84 78 94 73 34 14 85 35 48 15 53 82 41 25 27 35 71 91 17 19 94 71 92 38 62 49 25 31 77 12 50 61 26 49 41 27 24 71 25 0 98 95 7 29 89 75 74 68 83 82 40 78 17 55 18 73 50 88 32 40 46 47 44 28 15 86 96 83 19 31 10 59 86 72 79 47 57 4 65 65 92 86 65 43 40 36 42 88 68 4 47 92 69 10 96 55 58 50 98 77 25 8 51 12 37 70 95 2 20 71 70 15 29 82 35 49 21 51 17 36 4 41 17 88 73 25 96 26 60 54 42 56 50 100 65 17 70 77 22 66 15 17 44 0 84 83 90 42 100 60 21 41 69 85 16 71 17 15 15 68 17 81 39 2 89 41 85 58 61 52 35 28 60 86 59 99 76 53 75 78 6 96 6 21 70 36 64 36 14 57
34 0 48 68 53 31 49 23 99 37 74 16 54 26 9 39 10 34 4 50 34 52 41 24 9 96 96 25 7 2 46 53 9 98 57 7 86 60 79 75 11 96 96 92 47 1 76 13 96 75 0 52 65 48 65 16 68 14 82 80 16 35 1 5 36 71 23 44 65 78 10 13 97 13 11 72 11 88 42 29 12 80 58 19 18 29 62 19 27 6 91 47 34 0 99 60 23 70 90 36 90 65 8 1 36 15 21 71 25 99 36 17 31 71 91 56 37 83 20 51 8 85 100 41 22 4 35 51 20 69 11 99 52 49 54 31 36 49 91 1 22 7 49 94 51 62 93 13 40 10 13 93 61 98 26 75 49 74 18 17 14 52 45 78 83 14 75 85 59 85 24 12 48 31 14 44 43 55 40 87 4 10 21 39 20 0 97 37 92 29 65 60 5 69 41 55 44 54 91 78 14 1 68 71 56 0 7 2 80 44 100 74 41 32 39 15 3 90 76 15 84 43 100 6 75 70 11 33 44 11 4 35 40 5 57 43 100 46 82 57 22 52 69 52 31 88 62 18 66 26 52 30 94 63 25 22 11 69 15 50 99 56 4 61 82 74 81 3 8 88 93 54 17 76 100 3 97 36 0 88 47 24 88 2 2 7 70 50 7 27 23 89 95 37 80 71 88 85 44 51 71 60 20 69 40 81 51 43 30 47 77 50 36 3 100 100 54 44 91 43 21 53 25 58 29 75 21 98 50 98 85 6 34 49 10 17 5 68 83 40 79 100 39 37 1 57 24 38 98 96 21 66 32 9 49 87 91 16 5 57 43 68 98 32 35 38 24 86 96 81 1 49 19 77 19 27 25 66 98 42 52 79 39 14 36 27 24 12 20 53 17 22 69 87 44 65 94 36 81 42
35 16 3 49 24 52 44 5 98 93 3 18 88 57 19 53 2 99 75 12 4 14 37 4 79 11 81 16 21 1 55 16 40 54 55 38 0 29 74 35 56 50 66 8 22 23 85 35 31 5 45 37 54 67 33 89 96 62 25 77 6 73 11 14 22 22 13 41 48 64 55 86 74 75 83 14 22 88 65 68 47 66 36 28 61 56 20 26 43 40 62 79 77 94 71 85 26 30 76 91 53 84 41 21 87 54 23 8 71 30 97 31 99 13 2 75 49 64 32 54 44 53 4 72 80 14 7 78 11 64 29 14 70 60 91 52 71 21 55 74 18 89 21 74 95 31 3 32 70 27 11 60 75 82 14 35 39 100 9 60 15 41 52 15 15 88 23 91 0 47 83 16 1 48 0 43 48 71 67 95 19 83 47 48 86 98 82 63 55 80 2 14 54 75 69 98 96 52 5 83 63 83 71 1 60 60 38 3 65 11 27 100 91 72 91 13 41 0 11 96 5 18 32 30 30 7 27 50 52 75 78 47 43 74 94 43 94 88 74 43 48 21 82 0 14 3 40 75 23 60 33 45 1 26 73 65 64 12 45 37 89 29 44 27 40 68 95 1 24 21 20 49 87 20 59 68 59 11 30 95 95 72 54 27 41 19 68 52 45 46 43 89 91 53 56 5 88 9 33 17 100 39 0 98 25 57 99 73 2 24 30 22 14 8 23 70 67 32 67 15 92 27 14 28 65 77 42 48 14 70 93 85 21 98 74 16 38 63 20 20 58 60 8 85 19 40 45 90 6 60 99 47 57 43 51 7 64 98 34 77 30 4 72 35 57 92 31 62 40 99 37 58 31 87 40 29 100 62 72 56 1 49 10 7 32 47 63 29 68 86 5 48 10 24 70 78 94 100 86 7
34 63 73 52 41 4 38 28 83 85 0 15 67 7 92 81 20 48 13 94 24 81 12 81 59 75 22 2 74 99 50 74 72 46 1 8 24 91 34 73 88 5 50 91 3 56 42 80 94 70 81 58 82 60 83 86 47 50 31 53 4 89 6 80 71 72 73 29 100 92 34 79 89 53 63 25 34 54 83 66 50 53 29 0 29 66 88 51 9 18 99 76 79 89 100 79 78 97 16 34 28 29 87 87 82 70 13 66 55 56 76 92 10 96 47 67 65 80 24 81 75 8 100 97 53 76 28 56 41 76 65 37 15 50 5 44 52 51 90 94 51 68 68 53 69 17 73 0 13 13 8 6 26 91 73 44 99 92 23 66 34 72 70 55 44 17 65 69 35 48 47 92 85 62 85 21 56 0 90 34 18 41 4 81 92 50 28 68 54 30 81 8 87 37 44 76 84 40 93 67 54 43 68 87 51 56 52 4 38 26 77 29 36 69 41 41 1 8 5 76 35 57 27 50 1 56 47 49 63 0 46 61 97 73 75 35 83 85 97 24 95 23 63 8 15 3 18 33 73 45 89 60 21 54 45 97 45 52 44 52 52 85 71 66 76 18 61 3 6 22 40 1 50 16 35 62 67 55 10 89 86 72 78 46 49 12 7 96 78 98 93 9 62 58 19 81 72 32 73 6 28 23 62 62 23 12 42 84 83 6 51 81 18 39 40 15 41 27 21 73 89 81 84 75 53 3 92 83 85 21 67 41 8 77 74 2 96 49 41 80 44 45 8 15 55 36 90 21 68 8 79 6 74 18 92 29 39 46 15 35 8 12 24 96 20 95 68 74 27 75 34 55 52 20 45 9 64 99 82 96 10 11 97 23 40 26 8 45 53 15 44 62 58 28 2 84 94 37 74 67
93 82 74 14 28 7 96 62 37 58 10 15 63 51 79 84 95 24 20 2 29 28 78 93 78 41 3 5 80 72 54 13 7 24 14 4 29 45 67 17 29 44 59 66 5 87 97 9 79 85 75 47 3 37 90 94 95 57 62 71 59 41 98 87 14 18 7 17 1 43 8 39 32 97 71 74 16 33 19 23 25 38 82 78 42 75 17 7 98 87 30 28 81 26 1 20 13 79 7 50 83 40 33 6 84 52 76 38 28 69 81 95 39 9 83 84 80 36 29 58 92 41 88 95 76 69 23 18 23 15 66 7 39 65 92 65 10 50 46 68 84 63 17 32 1 78 72 31 46 96 31 35 92 42 41 59 60 12 56 69 75 21 93 18 5 79 6 11 56 85 65 21 52 3 34 32 57 62 61 20 91 75 36 28 8 36 74 91 5 77 44 19 23 24 17 41 93 57 5 1 23 87 24 2 67 50 26 65 17 51 6 81 34 56 70 78 10 98 72 100 66 70 42 58 83 65 8 34 90 34 1 44 41 10 62 2 91 23 48 14 76 22 73 62 30 67 50 76 3 51 72 83 35 37 87 74 91 21 80 46 58 4 0 95 74 10 26 88 76 30 50 94 21 80 66 38 85 12 79 18 87 30 74 50 2 17 81 98 80 59 78 7 92 52 62 98 7 96 22 63 100 44 28 54 98 15 27 9 62 9 7 15 8 39 13 100 70 78 84 60 0 66 100 38 77 47 76 19 39 8 42 28 36 85 49 2 83 72 61 76 17 43 61 85 37 83 74 42 42 29 90 67 3 87 89 89 22 2 59 37 11 89 31 9 62 63 39 32 61 85 17 14 9 59 20 97 13 30 62 4 3 28 28 18 37 60 91 62 76 21 18 64 86 74 24 1 98 98 69 9
64 87 0 80 93 93 27 98 77 96 48 67 12 71 92 9 51 67 33 42 41 99 15 32 79 66 91 2 6 0 35 0 33 74 72 98 45 100 7 22 17 91 3 43 9 83 13 38 90 76 60 73 28 19 15 78 96 10 10 48 63 16 68 41 4 6 84 51 92 7 54 58 69 58 41 92 47 74 18 39 72 61 60 58 35 29 81 66 76 85 25 36 65 44 70 26 38 75 21 3 81 14 96 60 88 66 74 46 69 62 11 63 39 12 38 28 60 36 17 82 15 15 38 45 44 0 43 75 54 26 18 47 90 84 57 60 5 74 75 90 13 51 32 76 67 72 40 93 19 29 77 8 18 44 32 78 1 9 33 92 49 75 19 19 48 82 57 64 43 70 46 26 44 52 82 84 11 96 8 91 90 11 89 61 84 25 24 19 21 5 84 39 78 98 23 31 42 7 94 72 97 22 76 16 60 57 81 45 16 95 49 92 16 18 65 97 71 34 43 64 17 10 68 38 78 41 44 89 77 10 64 81 4 16 98 69 37 90 3 40 93 66 100 57 46 50 81 10 92 28 18 32 75 38 18 2 63 64 32 69 10 43 92 14 85 5 17 11 86 36 24 41 16 20 27 41 18 97 65 97 36 94 91 41 13 20 57 13 51 91 34 17 28 36 57 100 55 48 76 21 24 68 77 70 37 9 52 7 26 97 40 65 96 56 97 5 66 38 91 26 78 81 80 100 50 59 23 80 97 27 76 61 82 83 63 0 97 86 16 31 14 21 21 86 52 91 36 45 34 58 13 98 56 8 55 79 57 77 71 2 41 92 7 57 99 10 31 51 85 55 41 55 100 63 100 35 75 41 1 83 26 68 10 72 87 30 72 40 69 75 38 78 60 29 35 63 76 82 96 97
89 22 77 46 76 92 41 96 47 46 64 98 30 97 39 36 31 42 46 91 20 24 76 12 79 80 24 77 70 81 85 76 70 71 72 94 2 53 72 72 19 55 66 95 1 10 59 0 50 90 57 77 74 3 74 14 50 38 11 96 25 84 36 40 79 25 87 73 99 40 63 81 62 44 35 68 71 84 70 27 16 69 23 99 49 48 96 95 61 16 43 70 5 34 29 6 38 75 99 64 34 10 65 100 50 29 36 66 65 27 47 20 47 57 88 15 100 6 39 90 56 93 26 16 84 18 28 58 34 16 0 32 44 55 82 100 40 64 97 51 94 3 13 15 18 49 2 55 41 52 35 13 80 62 36 5 70 39 75 40 86 80 65 39 72 51 53 56 72 62 81 72 73 29 35 73 31 72 3 39 91 0 82 52 32 7 5 61 25 99 5 75 45 42 33 48 32 99 19 2 68 4 58 17 33 54 48 32 33 57 32 22 57 47 73 98 99 2 45 70 40 42 49 3 82 74 14 53 41 58 29 75 4 59 40 17 76 90 10 52 75 29 36 64 28 13 47 18 26 52 28 93 68 66 63 20 88 45 99 31 62 93 89 25 96 69 81 47 10 29 22 99 93 87 69 86 31 84 64 35 30 59 34 5 84 27 21 30 41 36 98 1 1 52 31 7 54 27 69 56 57 83 20 94 29 83 6 19 70 69 53 98 34 26 68 27 89 14 81 96 69 4 57 69 79 9 94 23 64 45 93 72 40 48 9 90 12 43 44 60 98 32 52 36 12 67 74 17 43 22 96 91 100 71 48 2 23 93 33 32 53 19 66 31 32 22 45 49 76 6 30 89 26 70 56 49 83 100 77 30 44 33 47 74 93 13 19 45 47 91 29 11 10 20 39 32 0 53 100 77
73 29 59 50 14 80 23 1 21 40 13 75 46 60 41 94 52 61 10 64 46 69 17 23 79 97 5 36 31 59 43 76 40 52 71 64 40 68 4 54 90 86 98 25 6 13 19 95 48 90 26 44 32 39 26 33 50 83 95 74 97 37 11 81 14 89 47 70 15 8 89 32 71 24 48 23 76 16 15 81 72 0 71 29 26 25 18 92 66 85 22 41 9 23 68 72 75 40 67 24 45 90 84 99 32 10 95 40 20 87 95 55 47 86 25 31 53 79 93 3 55 6 58 100 29 69 33 32 21 48 56 13 70 37 60 97 2 80 36 29 7 30 85 87 98 86 79 90 32 67 53 21 52 12 44 22 60 39 91 68 65 51 77 20 24 78 0 23 65 69 64 77 7 86 36 95 95 53 69 9 8 17 52 62 73 91 0 43 46 55 26 96 3 17 56 63 8 74 9 89 87 37 26 48 22 9 51 70 96 83 88 78 68 80 82 32 51 95 77 57 65 36 91 85 86 47 46 10 81 59 81 43 69 24 60 67 90 31 86 55 71 50 92 63 99 80 77 6 81 67 83 50 24 44 3 0 15 54 34 92 17 68 30 0 45 37 55 95 45 81 95 83 68 17 74 16 70 29 24 9 40 17 26 95 30 5 28 38 45 93 38 12 40 78 70 72 74 79 58 14 31 25 84 12 26 52 64 70 74 96 69 40 99 93 78 24 42 59 2 24 67 61 10 95 75 40 26 97 83 24 25 69 79 77 28 22 22 92 21 91 82 76 79 69 73 27 81 10 32 88 0 2 25 9 90 73 88 97 70 65 69 53 1 9 68 72 3 45 60 2 60 10 83 12 71 20 85 20 21 74 11 58 64 96 81 48 22 58 39 16 91 33 62 15 49 64 84 79 65 14
59 17 1 95 23 60 18 59 57 40 19 77 49 13 72 97 11 99 79 81 15 85 73 80 29 51 31 30 18 17 3 88 45 69 22 19 75 98 83 77 13 85 10 63 51 44 9 87 95 5 77 68 33 56 89 31 54 81 52 99 16 58 61 8 78 59 58 90 72 28 58 27 68 69 54 30 68 8 13 13 6 93 15 1 33 97 84 56 90 79 98 18 80 86 25 53 31 84 69 35 77 55 45 19 53 19 95 16 74 51 30 97 54 73 36 45 4 34 21 66 9 42 96 90 94 3 5 47 59 40 18 86 94 80 74 51 16 19 13 16 67 80 50 78 41 90 16 94 13 9 41 31 12 35 20 20 97 46 59 60 2 91 32 38 81 5 79 50 47 16 73 80 21 18 61 63 40 72 99 84 12 26 65 80 44 11 63 4 49 13 96 76 54 11 4 26 82 93 100 59 80 85 62 85 99 100 37 74 66 70 34 30 86 83 47 66 87 94 28 62 100 51 31 100 18 81 73 10 55 61 68 55 88 31 56 17 47 19 61 83 49 91 9 63 19 53 29 63 7 27 65 3 53 11 5 5 33 56 67 9 59 54 62 12 39 6 8 24 69 30 8 76 3 27 26 93 99 72 27 69 53 44 94 68 40 73 10 83 38 60 19 58 7 31 3 67 74 73 39 94 42 24 82 66 30 42 12 38 70 20 3 54 37 34 58 20 23 13 38 25 37 2 4 20 97 82 64 71 29 84 93 100 47 65 62 23 71 92 86 100 27 5 97 87 24 16 26 46 46 67 54 48 0 61 59 91 5 57 58 70 65 13 43 2 37 65 82 53 63 85 86 48 99 67 47 34 77 95 39 11 99 80 66 72 8 49 38 7 27 89 34 86 0 54 65 26 85 69 28 89
82 70 21 2 50 44 13 0 26 84 60 28 36 82 76 85 29 50 53 95 28 65 37 85 33 0 54 41 37 67 19 27 53 71 92 86 74 96 29 89 30 95 36 84 49 79 26 5 47 52 76 31 48 39 94 68 84 71 3 92 69 78 72 83 17 23 95 77 84 72 58 88 7 23 4 28 7 76 87 75 65 42 94 100 47 96 42 10 64 82 25 2 67 32 17 68 29 96 80 94 55 50 71 61 37 6 62 38 9 64 24 65 18 76 45 1 40 75 49 39 61 1 68 57 52 57 95 71 49 3 69 46 99 19 18 18 73 31 38 47 59 29 25 48 24 16 46 64 91 23 4 49 25 84 19 14 81 91 78 95 20 90 6 100 21 50 95 33 3 25 61 56 94 5 13 47 3 75 91 81 72 65 36 52 52 31 61 96 77 94 87 99 84 72 46 92 32 14 43 41 37 68 17 83 15 7 4 78 79 81 79 32 17 97 11 29 90 0 87 72 83 72 95 84 59 17 43 57 51 65 87 67 77 61 11 65 55 31 65 28 86 62 38 60 82 78 22 89 87 31 9 22 47 64 79 56 27 36 60 32 76 3 75 45 43 56 46 20 75 79 29 73 50 78 65 20 23 46 96 49 36 25 21 91 32 53 96 86 27 31 58 54 71 38 51 64 91 86 4 59 22 88 19 51 34 23 41 84 11 19 72 24 51 6 20 22 60 47 10 92 81 73 23 58 84 55 46 82 26 75 72 79 6 24 16 53 40 79 49 65 84 59 47 84 57 87 92 2 79 22 19 5 46 73 47 70 92 82 71 15 30 47 26 82 38 25 43 74 68 41 52 43 31 22 89 59 54 62 51 16 70 74 45 79 86 55 3 30 24 57 97 63 91 74 76 17 4 43 40 15
83 50 93 34 79 86 11 34 81 5 96 100 7 86 81 20 39 79 53 19 21 60 14 61 55 44 76 54 69 22 1 100 3 97 97 81 7 6 94 19 74 43 20 13 76 47 84 57 72 9 17 22 48 46 32 69 27 27 85 29 0 78 18 57 86 64 6 20 81 82 29 21 29 67 9 52 47 5 53 13 0 52 27 26 89 77 15 53 6 7 80 40 33 18 57 9 4 77 12 62 81 30 76 42 69 57 26 66 42 78 24 67 6 88 6 18 68 86 7 7 31 4 30 34 64 79 28 46 21 77 57 22 77 42 97 57 39 6 10 28 42 97 93 38 35 0 93 91 80 47 51 90 8 67 7 67 51 74 56 82 51 88 39 41 70 92 73 6 1 94 73 83 90 97 75 85 60 72 98 33 28 94 28 6 76 36 30 58 3 10 95 37 55 3 10 98 9 24 92 39 62 52 37 17 37 28 14 48 32 58 56 74 27 55 62 100 71 16 12 91 60 71 15 10 28 52 31 81 99 45 100 22 7 35 100 91 86 62 32 38 7 88 9 83 8 41 92 18 38 30 71 0 7 69 54 10 49 69 49 39 55 99 59 18 90 23 72 92 94 49 62 57 30 1 12 12 84 60 7 35 50 86 3 94 14 48 95 100 74 6 38 66 57 90 34 89 41 24 64 95 82 15 3 15 17 65 34 19 29 48 2 32 12 13 92 61 61 41 14 62 13 40 47 97 43 53 35 30 52 59 56 26 65 10 95 2 62 49 50 67 50 23 98 45 66 55 43 78 59 5 83 59 72 34 26 21 12 1 97 59 77 99 30 1 22 42 75 47 39 28 96 44 55 42 30 1 62 22 21 85 49 53 37 67 49 30 74 7 12 81 1 82 86 100 18 61 49 96 35 72
5 62 12 60 1 3 84 71 84 81 38 86 66 54 31 75 22 75 13 32 68 23 65 70 76 30 10 64 32 16 42 9 39 5 45 30 46 36 42 99 57 48 85 44 17 52 5 33 72 2 73 38 66 33 79 77 89 96 25 28 55 34 79 43 75 82 29 91 41 78 76 64 74 92 95 37 39 18 93 34 4 80 49 40 72 14 24 17 1 64 29 38 84 2 86 82 70 85 37 66 20 34 87 7 51 4 19 90 28 69 34 81 81 18 82 91 80 96 58 62 92 24 2 21 62 54 71 0 18 90 89 45 24 2 36 79 3 44 58 32 32 79 0 99 19 16 4 90 3 31 27 81 85 96 4 59 18 82 68 96 56 54 57 13 62 99 48 85 39 13 38 99 43 11 65 19 13 80 72 38 44 41 2 79 19 2 96 55 80 47 94 51 89 59 48 82 57 89 92 6 8 16 37 33 40 70 87 100 83 100 59 50 22 19 53 88 44 61 17 10 2 83 94 28 30 87 11 20 40 86 92 82 26 15 47 14 60 52 30 85 25 77 29 33 0 44 53 99 86 71 98 18 60 26 67 75 30 56 24 18 64 85 65 72 67 44 16 86 50 37 17 27 49 22 80 95 46 59 74 30 92 78 53 17 64 32 8 86 6 47 24 35 97 90 90 70 38 72 91 80 1 64 77 70 3 18 24 58 11 37 13 79 52 34 33 23 83 11 27 91 94 56 83 5 71 15 17 86 4 1 54 82 17 11 71 61 53 64 87 2 9 61 20 6 41 100 5 59 21 63 7 62 79 5 7 22 0 74 83 46 94 81 14 78 55 38 91 68 95 27 25 77 35 72 91 3 88 93 96 21 0 16 56 82 98 8 45 46 33 40 15 41 73 63 35 70 75 59 3 6
3 57 73 5 13 7 46 90 79 67 90 5 76 26 60 4 19 92 76 12 9 33 38 7 97 62 92 55 53 52 55 51 86 33 8 32 23 1 92 18 31 51 58 25 18 69 11 97 57 61 35 73 61 36 29 27 52 71 88 68 50 88 35 90 13 53 88 74 72 94 96 10 90 86 0 47 5 88 60 7 69 55 33 70 61 77 62 45 70 20 53 79 81 35 59 87 41 45 8 57 40 59 76 31 81 76 12 93 61 55 75 67 65 45 14 59 91 48 10 35 29 58 59 73 22 13 23 35 45 100 85 12 39 26 79 51 39 45 90 9 34 90 43 86 44 55 75 100 16 50 42 11 52 59 82 66 78 98 34 90 0 15 96 46 96 1 0 38 17 2 27 2 82 98 78 19 41 39 63 15 61 16 82 60 72 97 94 54 48 44 32 4 76 18 23 86 1 26 13 24 61 51 31 20 72 20 19 38 53 30 40 0 38 75 5 22 67 54 83 12 11 85 99 28 13 37 32 65 31 96 77 26 42 48 48 35 40 53 75 45 89 95 2 8 65 74 44 1 80 59 53 92 72 44 75 13 75 40 15 91 34 99 8 74 49 14 9 67 93 65 52 51 87 23 21 16 54 95 47 93 18 69 98 1 43 68 56 39 33 68 17 91 43 78 86 19 45 62 83 22 3 45 81 16 5 51 36 20 15 57 60 53 56 59 36 25 94 72 35 71 68 40 80 57 86 80 88 1 42 95 54 38 66 49 11 97 92 69 69 42 98 94 85 88 11 34 96 90 53 51 36 28 65 95 73 90 13 9 25 84 25 99 68 4 59 97 1 43 25 88 42 84 59 1 32 100 83 76 50 3 56 83 57 52 69 0 71 86 61 78 3 20 11 54 25 23 11 58 9 87
92 67 62 97 39 72 20 34 1 45 58 67 59 64 90 37 36 55 95 82 66 61 30 36 4 47 14 84 7 75 89 13 60 11 31 100 16 81 85 19 46 13 85 38 44 39 78 74 59 25 44 33 51 61 16 90 68 43 68 62 73 5 36 84 55 12 61 15 58 62 13 98 59 67 31 11 2 73 80 5 75 62 98 93 43 1 79 64 90 29 80 32 97 50 59 75 91 50 41 7 14 57 34 68 94 86 5 65 57 27 2 2 56 58 24 44 56 73 53 57 9 4 68 80 25 71 69 4 88 95 41 81 21 58 6 38 39 45 20 73 27 47 80 12 73 76 50 85 69 7 13 53 67 0 16 97 26 54 40 38 29 93 84 53 70 98 67 87 61 6 21 36 60 30 5 20 40 25 66 54 8 67 91 48 18 94 24 42 57 43 68 99 4 16 97 26 98 67 84 95 24 27 17 22 5 10 40 33 97 96 67 69 81 84 17 38 80 0 41 83 97 87 42 46 13 47 66 36 3 37 70 25 4 3 67 75 16 78 74 21 5 65 35 92 69 41 14 96 68 64 76 36 87 15 97 71 69 37 24 3 3 27 40 9 27 69 24 2 74 82 70 60 30 9 17 61 13 63 23 27 13 82 87 26 39 41 37 2 35 49 8 96 30 1 50 95 81 12 41 84 80 60 48 58 68 14 96 67 87 84 85 15 1 29 65 33 45 55 55 38 13 59 85 15 64 34 76 88 32 4 22 96 15 16 14 84 25 23 27 45 61 79 76 22 8 88 60 47 29 16 52 34 41 32 72 28 58 4 20 52 83 32 60 54 55 82 27 91 0 45 42 50 51 99 80 30 26 99 68 26 51 68 0 92 22 7 60 8 97 70 93 34 92 92 97 81 15 79 25 87
14 77 0 33 6 69 80 55 75 8 29 85 44 40 73 59 21 45 42 19 98 13 53 94 46 54 48 97 4 18 93 42 95 2 56 74 28 67 9 15 87 36 82 66 92 30 8 51 11 26 20 30 39 87 80 36 48 40 45 63 78 0 15 39 67 18 67 17 35 9 91 33 85 77 68 2 57 33 19 78 65 27 95 95 59 57 13 70 61 5 21 37 64 41 43 67 63 12 41 87 72 74 79 68 88 19 20 1 20 61 78 36 25 10 16 35 91 12 92 9 98 53 18 72 37 20 21 65 11 85 20 29 48 40 65 55 50 4 34 53 22 12 92 48 41 0 14 66 82 1 18 17 62 72 40 82 84 45 91 94 62 53 0 3 31 24 83 59 11 80 73 10 46 74 98 90 74 12 56 59 96 54 86 14 43 8 74 31 36 92 43 29 18 57 16 9 19 4 59 12 42 70 62 83 65 36 6 70 86 23 46 42 20 72 37 38 47 99 91 77 5 85 48 25 6 28 20 90 85 7 96 51 77 84 65 87 9 33 22 66 65 82 58 43 64 53 87 2 67 43 13 0 71 0 90 78 44 64 21 27 99 44 57 96 51 53 44 68 50 48 77 43 63 8 83 54 81 94 33 27 22 100 22 81 82 40 5 74 20 11 57 91 95 10 18 41 68 64 54 36 82 9 76 53 4 46 61 0 15 31 79 36 64 74 23 11 30 84 67 54 13 97 93 76 93 53 81 59 19 36 54 49 51 67 6 52 89 51 72 86 22 33 82 92 81 90 46 6 53 5 71 1 45 89 20 3 98 61 83 63 68 67 1 3 73 81 57 74 100 44 17 3 28 61 69 29 44 57 40 35 5 80 12 33 72 26 15 12 63 57 88 90 16 24 73 28 92 38 13 52
37 61 14 81 30 71 2 73 70 42 30 6 88 1 74 28 26 41 29 11 25 98 42 45 59 58 63 86 61 24 78 44 35 11 61 2 56 13 42 68 90 31 79 1 74 73 48 39 86 9 79 55 48 28 46 9 20 87 96 90 50 11 30 53 15 84 1 30 56 76 55 35 43 49 19 86 3 14 16 50 76 15 86 92 15 30 65 72 30 2 85 69 55 47 8 32 66 52 68 57 52 41 7 4 12 25 45 82 27 38 82 62 11 39 16 41 28 18 57 84 24 3 62 74 60 84 70 33 82 17 77 64 85 50 44 67 22 63 44 41 22 73 18 80 5 58 25 13 9 29 66 10 43 43 94 77 7 11 87 40 38 42 96 16 33 84 65 87 87 70 28 86 31 58 42 24 57 97 84 79 5 84 30 78 68 33 77 50 38 54 90 21 75 58 37 55 53 19 9 81 13 85 41 96 28 2 76 4 86 100 32 31 9 42 99 77 28 63 57 27 20 13 97 9 60 78 88 51 40 84 70 16 79 50 67 13 4 74 19 95 1 39 64 14 23 3 64 14 43 45 42 46 88 26 19 64 39 82 36 83 97 80 2 65 60 25 18 23 15 26 6 91 7 41 47 94 98 30 28 68 47 75 18 96 5 47 76 100 1 54 41 29 42 70 29 31 11 52 34 74 100 67 17 96 40 92 0 72 86 11 64 73 12 36 89 8 98 30 32 28 8 50 16 65 21 38 59 65 13 75 13 33 81 38 22 46 34 48 6 33 25 75 30 50 28 26 59 56 21 1 19 60 50 57 61 52 38 0 13 46 6 55 89 36 72 7 81 100 97 61 76 99 13 2 18 17 12 11 71 83 12 0 56 50 16 18 49 33 51 95 38 97 90 70 50 81 46 91 19 95
9 44 23 44 63 35 99 38 50 86 84 12 73 28 29 24 97 57 38 4 3 85 62 0 56 2 55 27 17 51 6 29 47 32 100 65 94 9 35 46 69 25 70 90 24 8 40 66 4 93 77 98 65 50 69 44 78 5 69 35 86 42 71 85 48 61 17 45 13 73 25 49 93 11 30 44 49 75 100 42 61 49 21 33 93 80 48 76 20 44 14 94 44 33 55 57 67 42 29 24 82 55 0 25 59 11 71 80 99 14 81 88 75 26 7 78 45 83 51 97 82 80 11 75 26 95 89 40 71 12 100 58 61 58 51 57 6 86 0 54 91 93 36 3 14 96 4 40 20 49 31 21 47 33 60 26 13 29 58 9 98 80 12 93 45 4 73 100 100 49 18 33 63 94 63 5 14 80 7 92 97 12 69 31 39 5 65 29 93 2 92 76 66 45 70 18 79 0 90 11 14 96 95 92 59 49 17 12 84 74 76 61 15 76 15 21 49 83 16 84 76 78 29 15 46 9 39 79 96 33 93 96 52 92 16 62 80 83 45 83 87 30 86 85 100 82 11 0 52 3 19 61 22 78 63 88 3 66 77 86 34 83 3 82 48 94 36 74 33 69 7 64 53 4 80 19 54 5 91 4 82 92 97 53 96 8 99 89 75 8 47 28 84 43 16 91 45 44 32 4 37 31 43 54 95 79 74 52 71 60 54 52 44 34 27 62 96 61 100 21 27 74 56 70 71 30 91 93 54 44 74 21 70 26 23 9 92 52 81 22 25 55 35 82 27 24 17 39 34 71 19 85 74 37 15 4 82 6 16 70 21 20 9 3 80 13 97 70 2 22 48 53 85 98 67 37 19 20 28 33 30 77 62 50 34 46 20 98 89 80 56 25 61 90 40 45 85 2 91 53
84 40 88 18 60 32 82 30 79 58 39 16 33 38 14 53 32 34 42 50 57 95 61 44 4 64 94 11 36 69 12 22 86 6 44 14 61 2 42 55 79 79 60 77 28 52 61 88 42 52 10 12 40 67 67 86 17 12 57 84 55 31 75 47 10 78 15 49 83 69 32 17 54 65 16 77 93 1 43 19 99 49 21 27 25 88 35 1 83 91 28 22 60 88 57 6 76 14 37 21 90 11 76 42 76 95 76 21 90 94 54 56 46 92 38 50 16 26 40 85 58 6 31 25 68 14 15 3 4 40 23 47 45 48 19 85 16 99 54 84 16 12 83 22 11 72 17 45 92 57 91 67 14 68 53 75 41 39 26 22 55 16 63 36 51 49 54 97 11 93 18 36 13 46 35 16 33 54 25 51 50 71 58 48 31 9 47 11 51 14 45 14 46 29 1 75 18 76 0 20 48 44 57 16 59 27 42 26 54 14 68 66 48 17 68 67 77 64 48 77 50 27 42 36 7 80 77 50 61 62 16 30 34 97 0 31 74 68 59 63 99 84 84 80 26 71 12 50 82 93 88 60 79 42 76 32 2 23 23 20 98 27 43 59 87 85 79 77 15 46 72 12 38 52 71 68 23 36 13 23 81 33 39 14 55 9 39 32 61 39 58 90 33 72 45 82 74 69 95 94 96 50 93 19 24 57 19 2 4 25 13 13 97 18 43 20 26 91 71 44 58 94 91 25 15 2 60 50 55 69 41 69 46 21 12 23 5 79 57 41 43 57 73 5 98 31 68 49 68 47 23 54 61 56 33 6 62 13 67 92 47 54 62 39 90 21 37 83 60 27 12 59 11 0 59 24 55 3 87 55 65 73 45 96 71 24 3 22 90 54 59 77 59 9 60 25 36 3 75 49
88 4 15 47 45 25 75 44 3 76 27 91 42 27 54 47 45 80 30 56 22 91 28 39 95 17 26 8 4 7 29 1 55 23 42 31 37 78 39 76 61 90 61 89 74 78 68 2 96 100 73 67 36 45 21 24 34 4 76 74 33 68 12 92 23 49 77 72 69 38 71 96 41 77 99 100 91 51 2 99 48 59 66 98 14 69 83 65 81 3 25 57 23 84 82 25 60 3 91 99 95 75 84 25 78 22 16 89 96 99 84 16 94 85 24 78 49 60 60 58 24 66 29 10 60 99 19 46 11 16 36 79 92 60 36 44 2 76 22 79 83 8 42 75 13 93 53 76 67 82 6 51 8 57 38 67 51 44 80 16 17 65 6 88 91 13 100 82 47 0 65 71 92 8 38 89 96 46 32 56 16 83 21 17 19 16 41 94 33 64 81 71 25 93 80 90 2 73 55 42 94 44 54 19 54 74 23 37 36 59 89 84 49 90 15 90 29 64 86 26 34 99 5 23 55 38 41 88 54 28 46 45 12 7 45 89 73 69 80 73 86 67 27 44 61 0 76 9 46 91 68 21 44 30 29 60 92 56 27 61 57 17 40 6 21 97 2 14 26 98 16 80 43 40 25 48 4 86 11 73 10 53 10 73 40 82 39 12 85 40 53 59 32 88 33 60 97 22 65 38 54 70 93 19 22 88 100 35 20 51 76 44 49 66 72 72 24 64 16 11 13 4 97 21 38 81 76 24 28 79 85 27 57 33 60 68 39 43 59 16 96 69 48 10 3 86 27 95 84 67 25 65 61 91 79 90 64 82 59 64 95 70 50 3 14 26 62 14 72 38 96 47 99 98 36 89 48 14 88 30 43 24 67 3 5 21 89 67 45 93 51 78 55 61 57 76 91 68 10 8
33 74 19 57 90 83 100 84 25 38 57 49 29 7 18 87 32 11 78 77 40 24 79 100 76 47 55 64 12 57 46 99 49 95 82 22 57 44 23 16 44 53 10 44 100 55 17 80 81 56 40 76 94 69 23 88 48 67 80 82 78 51 36 45 39 67 63 90 36 72 59 11 92 79 55 29 36 98 36 0 24 94 93 89 0 18 44 36 21 10 58 56 14 72 76 75 21 47 87 9 97 42 16 46 83 41 1 32 29 18 63 48 29 34 9 12 41 20 7 3 94 93 96 37 47 75 41 44 75 48 96 15 6 69 70 89 63 83 40 32 28 46 60 63 93 61 29 90 54 80 28 30 99 46 92 56 52 32 37 32 36 70 39 63 2 100 17 33 100 45 49 69 61 29 85 92 91 96 38 21 53 66 59 70 43 67 89 6 77 30 94 5 28 92 3 37 57 52 96 57 48 83 82 69 63 69 38 31 83 54 43 34 97 16 31 8 65 75 12 13 83 94 64 60 24 68 8 52 90 22 68 90 67 27 8 88 39 12 9 3 21 93 38 2 77 27 35 65 29 22 85 69 43 31 46 21 67 27 92 32 39 25 3 78 89 40 96 69 4 88 19 13 94 22 56 47 74 39 18 100 57 71 87 38 94 68 93 16 82 74 75 40 38 39 80 81 5 67 2 0 80 23 23 44 25 44 52 31 62 72 29 37 64 84 2 64 81 53 96 34 72 94 49 99 90 5 41 68 56 40 38 20 57 37 75 2 82 96 10 46 96 51 0 51 85 82 88 39 8 14 45 16 54 19 96 37 89 16 96 40 11 58 6 80 63 30 46 30 72 93 85 89 42 94 62 49 74 90 50 6 58 14 45 77 82 93 87 22 71 2 24 56 85 81 16 17 36 89 39 44
87 95 82 62 68 13 99 93 27 39 7 53 96 38 100 99 85 1 35 25 31 70 47 47 1 33 68 78 22 82 3 100 5 26 78 41 77 83 35 39 5 71 28 89 14 32 94 59 35 26 69 83 63 49 74 5 19 10 9 63 71 33 41 62 65 5 54 46 43 71 11 0 86 74 90 25 90 6 48 36 89 69 1 50 18 20 7 32 76 80 63 11 88 70 77 25 35 71 88 67 3 72 49 0 92 88 40 73 9 70 43 99 14 59 10 60 62 71 47 70 72 26 93 58 88 79 60 84 52 72 46 60 87 98 61 65 73 64 36 34 0 43 73 4 11 38 57 48 44 32 81 29 10 60 95 52 80 23 22 58 83 32 7 34 3 18 64 11 85 1 52 78 79 68 4 41 97 11 97 82 6 89 16 87 57 15 42 6 87 85 49 12 95 83 57 43 33 81 58 55 80 34 16 60 67 22 30 7 14 96 76 39 94 45 71 40 73 31 57 42 94 100 64 78 62 24 1 34 46 85 15 54 19 99 20 6 88 49 83 52 15 99 67 57 25 93 33 99 58 34 75 4 43 1 46 90 35 49 68 60 21 24 97 82 5 76 5 29 14 92 90 49 95 49 87 47 27 14 3 38 80 69 53 92 33 80 16 86 60 68 51 61 85 83 9 52 75 51 74 18 90 9 56 94 58 15 47 62 61 42 92 89 1 46 9 79 55 2 89 58 37 27 21 68 34 17 30 32 87 52 67 91 17 15 43 14 51 43 63 5 91 51 73 4 24 48 43 78 87 37 24 24 79 33 0 77 1 48 3 59 88 33 39 58 37 1 75 40 85 65 15 99 46 75 55 14 53 99 100 10 2 74 90 22 54 98 95 27 54 32 14 40 11 80 75 46 65 18 99 37
46 44 100 38 13 57 60 65 62 67 5 30 81 62 3 15 2 2 15 63 6 22 80 32 55 86 67 7 92 98 7 32 54 91 46 26 72 98 18 77 14 30 59 62 51 35 66 8 94 39 12 35 68 0 92 37 76 30 24 97 69 54 63 78 88 43 24 17 99 100 86 82 17 3 14 29 39 55 49 14 86 11 11 29 40 76 79 70 46 5 24 24 36 12 0 27 26 98 11 75 62 31 76 16 27 96 2 41 60 31 23 81 52 83 69 84 72 23 1 40 73 20 69 60 71 36 21 25 75 17 65 9 65 43 31 78 80 41 85 69 53 84 29 96 70 50 94 46 12 61 65 53 27 90 60 30 37 11 66 14 71 66 69 23 94 90 8 66 5 1 29 25 26 49 100 47 92 49 42 98 74 95 69 27 36 28 33 58 47 68 44 53 21 62 38 27 73 33 22 44 70 3 99 56 28 33 74 13 98 59 54 88 33 50 100 78 40 56 54 28 43 94 0 44 72 26 27 79 27 88 5 21 98 100 6 90 85 22 58 6 18 48 35 21 25 59 13 25 74 15 61 70 4 4 57 26 20 19 19 31 89 92 51 62 27 67 34 48 76 33 45 74 6 47 60 54 1 97 80 76 65 35 78 12 60 6 22 33 20 36 13 55 80 62 96 84 11 64 100 24 77 97 44 17 85 16 76 45 67 2 1 4 22 46 30 78 99 34 35 65 94 78 100 99 29 87 61 48 9 60 83 40 34 9 60 58 72 59 77 70 19 58 65 44 61 70 68 67 85 75 57 7 90 76 14 79 21 75 72 71 41 7 63 56 56 85 73 27 13 43 33 84 73 72 96 76 88 92 96 55 2 31 37 83 41 23 78 60 63 64 2 12 81 69 73 78 2 67 70 86
17 5 20 6 25 13 52 77 69 53 56 26 19 89 43 50 69 14 26 62 72 27 94 2 62 82 6 25 63 95 39 47 0 8 32 98 13 32 8 89 50 6 86 41 28 2 82 80 38 16 55 29 6 36 44 58 70 4 46 72 92 29 14 80 12 71 65 7 31 87 68 97 22 22 48 87 48 53 91 72 32 54 59 34 42 8 19 56 41 20 100 72 0 0 24 92 27 43 94 6 33 99 32 54 30 72 99 31 20 28 15 40 61 45 75 88 33 22 65 51 42 1 22 93 20 60 37 66 46 2 52 93 90 59 73 71 26 2 39 66 99 89 17 96 51 33 16 2 46 48 32 16 95 38 24 0 58 87 10 77 17 98 93 10 34 21 96 16 76 8 73 38 1 83 82 92 10 87 40 6 52 70 2 38 56 87 22 80 73 2 82 11 15 11 14 46 90 4 17 38 95 21 99 99 2 22 6 80 21 84 80 11 19 58 1 86 11 56 46 66 40 4 37 15 55 1 2 15 72 22 83 51 87 99 42 30 92 31 34 71 6 23 23 43 33 76 90 88 62 68 90 5 15 33 31 89 27 90 21 11 92 21 22 84 83 97 64 34 26 21 28 27 63 12 85 0 53 34 51 45 86 74 43 92 98 77 33 95 95 56 49 38 26 78 11 66 82 86 1 91 45 64 89 35 40 8 42 11 92 100 95 6 0 61 84 20 98 52 72 93 73 7 87 61 87 30 71 26 99 81 80 6 74 55 66 78 66 48 44 86 51 68 30 36 77 31 72 24 97 27 83 34 17 17 89 93 65 53 22 57 56 99 87 61 89 36 39 44 65 17 85 94 55 79 88 46 10 73 71 66 11 44 66 82 57 1 19 3 3 13 80 31 89 38 91 52 52 1 40 30
37 53 14 56 96 98 69 92 88 30 49 99 60 18 67 13 93 41 64 7 23 3 24 96 79 26 76 35 53 41 63 6 0 32 40 31 13 29 91 91 42 60 68 29 16 45 14 93 87 36 79 81 99 50 100 78 38 16 39 9 80 95 50 72 28 49 89 92 84 79 22 8 35 5 41 21 16 0 33 28 3 71 76 56 68 77 59 83 39 66 73 50 13 29 15 34 64 67 87 5 88 54 24 34 47 37 83 83 9 51 55 16 8 10 35 43 37 82 73 43 41 80 49 75 59 79 81 70 57 99 24 71 91 71 7 6 64 55 43 66 50 55 81 38 60 89 22 72 74 30 87 23 32 54 32 79 42 62 86 70 14 90 20 33 26 10 28 37 44 44 5 10 69 56 65 90 23 57 13 49 63 52 54 100 81 37 72 84 20 15 62 7 86 60 37 40 77 36 0 30 8 72 13 40 27 37 77 73 35 23 71 63 24 49 92 8 49 0 34 11 60 71 37 40 48 22 77 88 86 67 7 1 90 44 77 18 72 18 72 83 74 17 14 16 52 70 22 73 17 52 49 88 55 61 81 89 5 99 42 25 11 66 4 93 54 65 15 71 76 23 56 91 17 66 63 44 51 37 60 57 51 24 37 30 32 87 23 10 3 34 40 19 6 44 58 38 15 74 40 24 17 24 17 27 21 38 28 61 38 82 15 11 20 63 9 72 100 79 10 11 63 54 8 97 100 47 53 73 67 25 50 19 67 48 59 53 37 96 57 85 68 27 56 49 70 31 64 27 13 35 15 43 47 76 20 3 74 64 87 10 94 4 17 96 64 68 16 63 29 15 80 23 98 44 2 50 48 20 45 72 84 49 63 0 36 67 87 63 76 62 68 55 77 19 15 55 88 18 32 51
84 23 23 69 83 18 1 41 94 32 85 4 7 87 32 86 4 48 13 84 54 10 67 17 55 6 25 84 51 4 64 23 4 92 22 40 48 50 88 20 45 26 81 70 9 20 14 100 47 32 75 80 88 72 59 47 53 24 64 56 62 61 39 49 64 27 34 56 61 81 77 21 73 67 48 77 9 87 2 95 46 33 36 15 80 40 51 67 46 81 72 91 33 100 12 47 28 98 11 11 86 93 56 33 15 41 94 37 79 11 8 32 60 27 69 88 50 1 13 1 79 100 70 44 80 6 22 55 36 17 86 12 43 56 82 94 3 58 65 88 81 15 79 75 23 88 29 40 42 95 69 55 14 62 28 26 80 69 78 54 0 33 68 6 23 80 59 71 88 43 70 17 52 33 62 16 18 36 84 98 82 77 29 32 86 9 59 45 70 95 80 13 63 9 92 12 46 90 42 75 6 10 70 6 89 29 87 74 48 9 92 77 4 53 71 31 71 24 48 70 64 14 19 67 96 33 45 64 90 39 84 55 50 36 24 72 32 15 81 25 64 27 81 11 40 9 52 69 17 17 23 75 1 50 59 20 15 9 8 86 22 39 10 35 81 29 40 99 39 10 60 51 68 3 66 49 85 82 73 44 35 96 77 2 22 5 92 100 18 44 63 88 87 65 24 85 37 16 3 5 30 44 36 59 36 73 84 49 69 8 37 52 42 89 83 54 11 35 15 3 10 33 96 45 68 85 89 8 57 78 65 37 18 86 90 22 80 45 67 59 81 6 91 55 36 98 77 14 56 18 62 13 63 64 53 20 78 26 13 54 51 26 84 79 32 62 51 23 60 60 36 42 91 98 17 47 61 33 60 9 6 51 55 87 28 30 56 94 29 40 13 96 62 91 45 47 1 23 98 53
16 64 7 1 63 50 75 11 24 96 45 3 2 76 39 15 65 88 14 29 10 55 98 61 0 36 11 21 21 96 5 42 30 1 69 0 50 9 6 15 14 88 78 32 76 63 50 22 38 74 57 10 75 96 26 49 96 40 77 51 57 74 73 14 68 9 1 56 19 31 44 55 7 53 99 58 98 77 84 68 81 69 71 44 14 69 28 46 8 22 57 70 96 84 36 70 67 50 69 44 33 7 56 85 88 74 73 39 65 89 93 12 42 36 56 79 58 69 36 6 28 17 29 65 67 14 79 55 45 0 17 37 67 2 75 95 76 35 85 17 87 57 32 22 50 6 8 40 27 51 91 57 100 61 62 89 40 27 95 48 43 17 3 91 7 2 50 13 58 89 57 62 11 29 65 68 23 72 41 2 88 20 94 93 82 62 76 92 35 31 80 78 62 6 65 87 4 45 88 20 89 62 17 70 45 23 1 89 25 31 8 77 4 70 23 54 15 24 7 16 51 60 100 88 61 58 81 70 63 67 55 77 64 57 89 23 76 53 47 62 69 94 98 11 52 79 71 57 69 37 78 95 79 72 63 35 66 37 32 81 18 94 27 72 49 30 41 83 23 89 56 10 56 70 53 18 91 74 76 27 62 44 5 37 52 74 100 38 8 93 36 84 92 34 98 85 36 4 42 55 1 79 100 29 55 61 97 52 33 86 27 98 44 20 4 62 6 79 0 72 64 67 38 83 79 29 7 5 45 77 37 8 16 27 19 5 89 3 1 100 13 11 90 45 39 100 33 31 47 32 43 21 20 40 64 69 54 58 36 35 64 78 74 52 25 7 62 69 66 31 31 33 19 73 66 99 89 14 95 87 64 23 72 67 81 93 69 19 68 37 62 23 57 42 98 91 14 50 20 35
81 5 73 37 89 69 3 13 51 30 100 1 51 74 65 72 13 0 17 90 86 90 15 91 31 16 42 87 4 73 62 80 72 92 18 6 64 67 12 41 92 2 18 62 16 60 84 57 6 62 63 22 61 50 59 0 11 80 41 84 93 0 46 34 90 93 47 79 55 23 13 29 30 76 30 7 74 32 61 56 62 86 73 74 3 24 60 84 11 72 62 56 74 34 22 87 98 98 0 26 44 85 70 73 71 65 99 84 11 44 52 91 98 64 1 77 19 9 75 9 6 91 5 80 47 31 60 56 65 95 94 56 53 96 77 89 21 79 23 14 71 19 55 28 71 31 34 10 93 67 53 56 11 13 50 47 74 40 44 81 65 14 19 86 6 67 64 30 25 24 18 67 47 1 48 65 18 43 89 25 41 79 9 67 43 44 34 16 4 93 94 8 78 59 15 5 10 34 93 4 33 83 18 5 65 100 98 32 9 99 6 68 9 98 20 18 38 33 48 25 19 18 78 32 71 59 6 86 26 31 50 19 42 97 35 31 46 94 2 11 82 2 44 37 92 98 15 99 29 34 87 16 100 63 51 51 58 45 30 24 3 15 32 47 71 14 49 70 8 86 6 34 41 18 93 94 48 31 19 73 22 35 54 47 85 87 11 85 34 20 38 15 8 22 75 45 2 80 55 9 3 34 85 36 84 70 71 18 79 69 84 4 2 36 5 36 62 58 89 46 96 66 23 18 48 47 38 34 93 94 42 72 92 56 69 10 90 12 58 0 52 0 18 45 100 22 75 38 32 84 52 58 55 7 78 8 73 71 40 10 64 19 36 72 49 26 94 81 85 71 96 6 10 10 77 32 16 48 2 39 42 80 17 9 33 100 41 36 66 26 17 51 58 59 79 81 68 62 70 88
35 66 35 87 83 84 63 92 54 5 98 40 52 7 58 90 20 95 84 31 73 7 5 56 97 6 99 43 68 20 14 90 30 86 100 18 62 93 54 49 54 29 13 99 76 86 56 53 35 27 57 36 83 25 39 37 59 82 48 22 21 68 50 13 89 19 2 97 56 5 87 81 100 2 58 39 30 24 94 5 79 21 92 54 87 38 23 85 49 39 45 89 67 77 77 11 87 58 45 74 47 77 88 96 60 64 65 66 21 44 10 48 27 30 57 89 52 12 49 48 21 35 95 39 96 1 27 50 37 88 75 55 2 58 12 53 19 11 96 51 86 82 66 63 20 3 33 19 86 33 7 63 92 90 18 78 83 42 35 23 53 37 80 55 2 21 42 42 63 89 19 68 59 40 84 10 93 23 76 47 22 17 70 33 21 87 9 5 18 76 86 70 38 91 4 34 33 30 92 16 15 4 32 52 66 6 10 75 51 35 21 31 82 85 31 40 68 47 27 34 36 26 84 9 23 39 87 88 0 35 24 60 37 84 55 29 53 89 54 36 58 54 94 52 28 93 79 13 54 51 57 9 61 36 28 53 87 80 51 17 81 59 63 94 53 8 11 98 62 59 10 93 20 55 63 22 41 40 100 43 75 54 41 12 48 90 79 81 70 17 25 31 79 84 2 1 15 92 84 83 7 71 63 6 65 86 55 30 79 23 4 22 47 13 43 40 40 64 50 98 55 12 73 15 4 43 43 2 64 45 63 84 81 6 18 48 63 27 49 33 57 21 4 5 40 18 80 92 8 9 7 20 14 12 96 67 17 49 100 29 39 61 44 21 79 68 17 85 18 81 75 23 46 94 84 56 88 11 62 40 0 93 27 95 20 8 35 46 91 0 37 71 29 16 94 7 71 44 97 97
100 78 43 99 15 71 19 24 96 56 23 2 64 9 10 80 40 55 46 32 55 83 19 8 54 37 77 46 30 51 6 64 50 59 74 86 37 43 42 87 59 30 88 37 47 30 65 63 60 21 94 48 10 32 30 52 50 77 47 67 86 98 64 13 63 84 15 69 98 68 14 10 68 5 14 8 0 34 99 0 85 99 1 38 7 34 73 19 35 72 40 89 60 40 97 4 55 25 4 25 47 83 88 58 17 11 95 45 62 60 80 12 99 16 69 9 13 22 66 60 37 78 66 75 84 52 80 61 79 47 3 53 47 93 69 19 29 32 47 44 65 28 36 91 61 67 85 65 100 40 13 91 62 80 63 22 92 55 3 49 66 63 62 23 4 2 42 64 7 92 51 65 19 71 37 55 98 22 70 6 54 15 38 49 91 80 37 68 44 58 97 67 68 69 12 40 64 50 70 28 40 26 85 64 100 59 52 58 38 4 43 64 40 76 41 20 28 13 62 77 71 44 28 75 66 38 81 59 2 75 34 97 40 86 75 44 35 78 16 10 91 79 51 27 40 80 2 76 24 13 93 78 96 79 12 65 74 3 70 34 90 42 88 74 80 0 61 93 15 2 49 45 88 32 76 15 90 78 51 96 81 26 3 43 39 62 99 69 90 76 67 70 12 54 33 67 22 0 37 26 6 84 23 41 80 52 19 87 49 44 0 93 97 86 52 46 24 78 21 38 21 71 100 52 54 66 71 49 67 70 39 92 39 44 10 54 55 25 57 45 59 58 40 76 7 77 83 36 85 99 96 57 17 13 100 48 96 82 86 36 72 15 41 93 96 79 72 82 97 31 55 70 6 52 29 8 21 42 14 85 17 82 31 75 100 52 63 2 42 1 64 39 84 14 4 93 38 86 57 20
44 26 39 25 80 8 1 22 7 81 7 73 43 10 68 26 2 70 52 89 51 48 90 54 18 54 40 21 31 38 67 65 14 25 75 11 87 17 73 95 31 37 34 54 50 23 96 31 33 61 49 55 72 71 55 67 31 11 42 75 6 74 4 29 57 83 56 87 1 100 67 80 25 99 78 67 73 5 66 57 35 27 40 88 17 88 84 83 14 53 32 45 73 18 53 93 31 3 67 96 7 57 42 29 45 61 54 38 34 61 35 78 42 17 15 37 1 28 3 98 50 77 86 56 19 17 38 3 18 88 73 45 60 10 27 29 13 89 69 24 49 69 3 93 78 12 65 98 38 23 94 19 48 70 17 84 77 60 25 91 4 67 1 100 66 63 80 94 29 67 33 49 83 87 29 80 20 21 25 14 96 68 19 28 44 62 40 28 77 0 18 35 48 45 0 41 77 16 44 18 83 38 24 48 90 89 33 30 60 4 87 62 0 53 57 85 83 97 100 97 87 43 88 16 27 20 14 68 21 88 17 13 1 69 98 45 77 4 32 14 40 69 12 51 37 60 71 52 60 59 33 47 3 0 92 77 28 57 3 57 19 56 57 93 36 70 66 57 65 65 47 40 65 82 26 61 57 80 20 41 58 50 75 17 88 81 67 41 62 28 19 94 62 62 56 91 14 16 58 77 48 75 1 36 98 87 8 38 85 96 65 88 55 68 50 22 29 50 53 37 71 100 75 51 42 52 92 12 8 92 87 66 72 59 56 74 43 1 48 86 60 82 40 0 87 99 10 18 76 75 30 13 67 54 64 11 40 37 63 49 55 88 32 19 20 66 39 25 87 13 35 50 92 15 51 39 42 61 38 60 64 46 23 45 76 8 29 69 62 11 21 78 79 17 43 80 100 100 81 31
73 5 53 85 55 39 77 95 28 98 53 49 18 54 58 72 58 42 35 46 76 64 68 22 96 37 3 75 23 41 94 79 31 95 73 42 88 81 49 49 30 15 33 42 13 71 2 58 2 79 19 62 56 96 63 32 6 88 81 89 13 56 33 2 87 81 41 81 100 54 46 35 99 56 18 79 53 41 64 51 44 96 10 18 14 59 20 17 4 74 23 44 32 97 92 81 34 21 19 86 32 43 23 30 30 56 49 56 45 32 88 39 90 23 21 18 20 0 22 23 83 3 22 60 45 0 38 96 49 76 30 19 72 40 16 38 0 93 83 10 36 9 13 24 75 16 87 37 38 98 45 22 91 100 38 92 56 36 46 37 43 78 87 63 14 18 79 81 81 2 10 11 75 70 53 2 49 77 44 25 97 57 13 8 26 44 55 26 24 46 90 50 24 6 6 4 35 73 46 77 7 12 2 91 77 64 10 6 85 50 85 62 10 17 40 45 89 34 97 73 17 55 43 13 11 56 29 28 90 7 5 40 63 91 12 57 40 44 64 14 78 100 8 26 98 43 35 87 0 20 82 30 75 28 92 8 58 16 12 25 77 75 9 61 43 67 68 90 25 1 26 93 93 14 38 20 84 17 79 91 75 33 58 99 89 11 75 58 52 68 83 57 78 74 17 52 28 53 90 61 52 13 52 79 32 35 70 8 41 4 21 36 58 81 96 86 9 35 13 90 71 59 62 5 24 98 9 10 20 50 58 73 22 53 48 24 29 20 12 21 81 48 52 37 44 22 41 22 25 88 42 40 69 77 51 35 67 55 22 72 57 66 17 93 19 91 36 53 98 66 64 37 68 88 3 62 55 54 69 2 53 56 36 51 40 39 63 27 14 71 52 26 5 70 56 66 3 37 79 36
74 20 52 87 36 38 41 62 9 100 14 4 8 88 94 100 73 42 57 92 47 52 21 93 95 62 67 71 72 79 63 21 59 33 55 50 84 48 28 99 32 53 76 38 74 32 97 34 18 29 80 50 56 58 24 98 81 12 6 100 86 29 8 23 62 27 76 28 42 14 88 77 23 57 78 92 19 5 23 79 86 34 13 1 66 65 4 28 39 8 70 30 22 85 79 31 70 28 83 15 68 54 28 19 31 51 30 59 47 55 84 62 16 41 79 84 70 71 12 50 67 16 2 32 45 78 6 31 63 71 75 32 15 60 54 91 3 86 30 35 46 95 62 53 71 91 82 73 32 72 56 22 6 84 43 98 31 9 55 48 4 85 40 54 81 85 76 83 37 81 97 77 70 86 63 84 49 60 11 100 69 54 63 11 98 1 18 74 78 96 89 54 31 74 15 86 23 57 98 39 4 55 58 46 14 96 89 56 92 85 40 99 3 10 76 81 57 48 76 53 55 65 99 73 9 74 50 54 77 17 50 14 83 67 88 42 61 83 35 51 65 8 61 24 55 13 32 83 0 48 88 41 93 67 47 53 3 22 74 27 78 17 89 88 10 57 89 54 7 1 77 74 65 44 28 54 100 78 60 27 89 83 1 93 43 85 34 80 75 16 69 29 50 61 10 54 10 91 66 66 55 36 35 74 14 88 20 0 98 93 80 29 45 100 33 77 6 60 21 15 66 24 64 36 69 33 43 27 21 56 44 44 43 7 34 67 63 23 24 3 41 71 97 24 57 65 76 94 18 65 78 22 12 45 9 74 56 98 35 3 70 66 3 96 95 77 30 13 45 33 80 8 85 46 50 83 10 0 29 97 50 71 78 67 84 42 76 37 9 78 36 48 90 55 27 24 1 49 29 24
10 5 15 48 59 27 2 35 76 66 27 35 42 34 70 54 6 38 0 22 21 100 88 9 38 29 53 54 25 73 94 6 40 86 91 82 12 72 99 21 94 80 63 10 38 49 29 28 34 78 18 57 49 10 21 86 98 59 10 43 19 30 79 67 57 82 76 51 73 54 63 49 12 36 80 32 87 17 78 85 84 19 75 47 25 23 12 94 1 39 75 33 8 43 48 50 47 66 71 66 65 46 85 25 31 87 81 97 31 83 63 45 95 50 12 96 83 85 16 89 20 16 53 33 75 79 37 56 100 35 93 79 24 45 22 89 49 22 38 7 55 16 25 52 95 71 90 83 62 85 99 46 21 15 72 12 72 21 19 38 86 11 86 66 71 39 43 73 31 39 29 2 68 54 86 51 69 60 14 38 29 75 89 99 43 24 89 56 6 80 28 92 32 16 3 8 52 90 75 4 98 42 64 75 34 84 33 2 22 45 17 28 3 83 61 35 79 49 80 7 66 39 83 29 43 10 96 36 48 72 79 27 31 47 80 49 76 41 48 60 40 46 90 64 17 47 98 69 35 3 81 31 31 6 10 16 19 82 8 8 100 68 20 11 80 90 34 99 7 33 86 74 1 18 72 58 38 9 64 8 4 92 16 67 16 22 72 58 27 83 27 98 99 68 68 0 62 47 79 100 67 25 98 40 37 52 14 36 21 76 96 0 61 78 69 82 65 40 53 62 22 91 90 5 2 100 32 80 50 30 1 28 23 89 11 72 79 66 18 23 67 23 45 86 54 46 41 37 42 26 80 48 55 70 80 81 3 5 36 43 32 3 39 77 97 83 86 58 4 20 97 47 73 78 84 73 57 47 97 55 42 39 52 19 24 20 96 18 73 55 2 0 71 50 3 80 13 24 38 59
99 43 61 50 6 66 62 32 35 37 74 39 98 74 60 34 9 17 66 19 18 55 2 80 77 32 99 1 78 5 80 12 69 49 87 72 14 60 55 65 55 37 12 97 69 88 10 12 23 4 10 48 28 74 75 22 72 77 68 70 24 77 83 19 30 3 74 14 63 32 81 36 93 94 52 77 68 76 28 99 60 55 0 76 61 13 21 64 12 54 92 18 73 57 49 70 97 35 80 100 94 47 66 73 88 11 44 4 4 65 74 66 34 70 40 2 90 27 96 58 18 32 71 74 50 4 82 98 47 23 84 8 32 87 93 12 31 70 57 29 1 37 47 18 29 99 86 79 59 16 65 95 87 17 79 2 59 23 0 60 74 85 93 68 62 82 7 40 97 0 79 10 44 41 42 46 96 65 9 17 86 20 14 99 58 78 88 67 17 68 1 4 25 27 4 83 8 12 32 28 30 25 66 64 3 37 87 26 68 9 100 15 95 26 54 74 12 30 100 4 96 15 56 34 74 7 96 14 63 56 74 81 99 69 23 10 67 34 94 48 28 72 66 30 43 38 39 32 8 64 96 94 39 74 50 37 32 53 22 44 95 44 3 95 52 77 82 41 93 30 75 90 44 14 95 90 56 85 55 47 93 28 67 84 16 45 21 58 67 32 22 19 12 51 28 71 23 79 83 35 27 74 44 40 82 19 45 98 92 72 82 91 58 69 42 14 74 65 95 93 34 38 32 43 63 71 25 71 61 55 45 51 89 4 32 90 47 80 34 55 0 55 14 8 51 38 61 49 84 98 50 20 0 100 27 25 81 83 39 16 49 2 44 88 72 47 59 55 54 23 76 56 7 31 86 46 44 35 17 30 10 52 25 98 85 54 85 31 73 28 100 86 34 84 93 25 30 29 80 52
47 39 57 29 12 54 23 67 27 74 71 100 5 51 10 61 1 44 47 57 67 44 13 90 95 0 27 10 21 22 90 21 21 76 6 51 32 9 2 88 34 58 55 43 43 75 31 42 88 30 34 98 73 63 92 87 17 32 47 41 13 53 87 10 13 82 86 1 31 21 83 87 45 41 100 44 33 71 74 92 98 93 80 90 5 64 46 32 35 51 48 30 93 24 63 69 86 70 27 21 65 14 67 90 70 57 91 3 71 40 93 23 88 41 34 48 99 95 27 80 36 64 69 81 35 96 91 82 59 58 33 30 80 44 56 67 5 85 71 16 2 53 66 0 50 77 82 19 86 0 54 0 68 92 11 39 55 27 92 30 16 13 77 95 83 58 83 70 65 40 66 87 80 88 64 60 30 56 89 98 40 51 59 32 62 8 11 50 53 26 53 23 24 70 17 21 2 50 82 95 71 16 53 0 78 62 98 94 17 50 60 19 2 24 35 4 63 88 30 39 21 38 27 4 65 23 42 78 13 32 20 10 34 27 25 84 59 86 15 61 3 62 74 76 80 4 48 98 6 14 68 53 5 25 25 64 31 92 49 97 24 6 19 70 86 47 68 17 74 83 0 5 48 56 58 34 24 84 28 99 18 83 59 77 27 21 43 52 12 21 94 7 72 22 60 15 55 32 37 87 90 82 38 94 42 20 46 22 75 20 93 74 69 27 6 14 74 93 19 57 10 24 4 54 37 92 47 62 64 74 70 35 17 13 18 33 1 89 48 33 95 21 36 90 5 33 36 36 33 78 11 0 9 62 21 47 49 68 36 73 81 40 49 93 52 63 47 20 49 72 22 34 19 30 21 66 78 11 84 94 69 44 9 7 55 48 59 67 46 71 97 74 13 17 76 49 22 20 37 25
88 46 92 18 8 56 94 20 97 85 91 75 62 58 96 19 92 3 29 53 93 34 15 12 25 7 85 44 82 79 10 18 15 55 28 20 6 88 6 44 41 70 79 28 0 76 88 23 61 65 69 21 58 87 63 64 61 5 16 92 51 14 49 8 28 5 89 94 88 93 95 12 8 84 34 63 22 30 35 64 99 66 79 27 35 68 79 10 93 67 63 60 65 1 49 45 78 42 11 57 74 50 95 23 57 48 72 25 48 35 0 95 37 23 34 59 14 55 82 25 94 42 65 42 76 55 22 95 30 82 0 84 42 95 84 82 42 97 31 76 48 66 54 75 3 86 79 85 77 81 33 63 98 12 20 81 23 78 11 22 45 55 27 88 88 66 40 56 95 17 42 28 87 43 80 93 13 40 74 24 87 20 98 5 71 94 90 70 1 22 34 88 74 33 20 23 38 74 77 86 15 28 1 34 2 57 25 84 45 46 36 81 25 25 37 51 92 61 61 67 40 68 45 98 95 46 89 69 92 35 51 7 20 34 23 6 2 95 38 84 20 77 22 79 6 71 6 28 94 44 14 5 43 17 9 62 33 36 14 48 42 77 75 91 70 14 95 100 74 34 82 85 73 13 30 12 61 18 85 69 24 1 74 41 20 72 67 21 90 57 62 30 5 65 17 51 34 66 33 44 5 2 97 78 24 62 4 62 70 3 11 28 79 51 36 5 95 33 8 38 36 53 30 20 91 99 71 78 93 68 31 68 46 1 83 89 12 55 57 74 83 38 80 95 74 10 89 60 6 38 53 27 23 44 10 6 8 83 35 77 50 22 0 43 65 18 68 50 0 58 98 98 71 37 3 3 11 30 66 85 53 97 22 37 71 71 0 11 43 5 14 4 14 76 17 25 21 89 100 9
74 61 0 22 55 37 83 22 60 76 48 25 97 12 30 86 35 88 61 30 46 25 100 73 47 32 80 77 41 80 7 52 64 53 86 58 9 82 23 20 79 89 59 81 54 2 43 40 56 17 36 82 47 59 34 46 62 17 41 28 32 91 35 42 35 30 0 45 21 29 92 29 62 30 8 92 11 78 69 63 41 66 36 46 8 26 8 95 28 49 18 89 11 17 95 53 61 5 49 53 60 83 40 19 27 83 18 83 100 64 6 9 34 27 15 33 93 55 39 23 23 78 83 98 74 43 5 9 26 15 71 38 20 81 59 0 44 31 83 67 71 84 90 96 45 96 26 96 100 74 65 8 95 59 68 60 7 96 32 50 85 60 54 58 64 75 10 51 40 73 80 82 23 75 43 10 18 35 79 41 7 91 95 30 11 11 0 33 85 96 46 44 19 89 8 75 35 80 32 37 35 68 20 86 56 54 60 57 83 2 72 11 17 92 61 27 89 36 64 59 1 85 67 61 98 86 40 71 66 96 85 25 50 15 15 70 88 7 91 77 11 59 14 35 1 82 68 34 67 30 8 89 97 76 45 10 3 25 92 17 83 86 27 47 33 66 92 49 93 80 58 41 36 48 64 27 94 44 35 71 67 54 15 85 23 64 80 3 85 48 96 98 22 5 4 33 26 79 49 53 23 32 97 29 49 67 40 23 46 43 38 89 53 82 90 47 78 50 4 71 31 19 100 38 22 31 6 98 73 6 47 8 6 60 57 45 10 51 76 70 5 54 66 30 51 0 77 58 80 84 59 92 28 8 78 13 7 93 84 69 11 99 13 65 70 92 50 21 42 6 9 35 23 99 19 86 91 76 61 70 36 85 36 94 90 63 49 9 51 46 75 66 57 71 26 52 38 30 68 24
22 97 37 24 33 91 16 78 16 95 68 24 87 66 68 39 39 85 80 79 38 93 32 64 58 75 29 23 49 62 7 51 3 54 100 99 38 76 94 5 53 36 4 16 85 51 0 49 81 28 41 90 8 4 2 0 79 63 25 66 15 50 12 51 38 3 54 20 43 33 97 68 86 63 88 14 60 94 9 8 60 70 90 39 1 73 29 50 65 54 35 8 93 68 40 84 89 48 85 90 61 14 0 16 50 68 88 52 60 40 80 63 9 70 8 65 77 70 56 12 48 87 68 11 78 64 13 7 54 73 44 83 20 79 42 53 45 6 86 74 3 41 47 14 24 99 94 64 81 12 19 37 71 49 41 82 73 37 8 75 39 71 72 18 59 93 47 46 46 79 23 9 42 50 54 69 18 34 75 90 52 25 8 84 36 22 38 37 19 82 79 41 91 17 18 31 70 88 76 86 78 99 92 17 3 80 73 11 5 38 63 20 3 81 29 44 5 64 11 42 44 88 43 49 71 26 74 98 21 36 27 40 30 20 99 28 82 39 24 49 61 66 13 89 15 60 18 21 93 47 75 7 95 72 25 10 70 30 68 85 78 23 70 90 87 22 85 12 96 77 10 81 70 10 32 16 95 69 29 9 76 72 48 44 92 30 74 56 86 64 49 14 30 56 45 25 75 58 18 79 93 79 76 25 52 36 75 33 71 32 85 3 80 72 44 30 53 79 73 84 61 25 29 56 73 67 51 2 20 68 1 12 50 81 82 69 57 69 43 87 75 27 38 50 87 64 45 33 30 37 58 51 100 73 63 92 18 43 46 14 61 7 12 79 20 86 100 49 55 52 54 76 65 4 91 37 90 63 47 42 64 82 9 6 65 47 45 74 78 55 55 96 0 74 26 60 18 72 32 8
91 100 51 84 8 76 79 5 48 51 43 60 86 93 85 7 75 12 0 1 0 41 80 14 76 78 28 92 71 19 24 38 94 96 74 89 26 15 59 80 50 12 27 55 32 85 66 13 18 60 8 63 94 34 75 46 96 14 89 58 15 83 61 60 79 86 12 45 96 31 63 93 84 26 76 42 77 35 23 8 14 56 98 41 30 80 22 54 72 97 19 79 60 59 17 41 9 67 64 86 63 40 84 41 44 23 5 97 64 15 89 77 88 21 35 58 79 9 41 43 50 54 3 33 66 64 44 72 62 38 27 93 51 57 100 75 17 78 37 57 61 36 3 18 82 33 23 72 64 70 20 58 8 29 84 62 60 3 63 74 40 28 42 96 63 87 68 76 63 57 83 41 61 38 86 41 29 13 8 36 25 59 77 37 79 18 10 4 17 96 51 12 53 32 79 84 76 79 27 30 28 75 58 93 46 17 49 27 47 61 21 60 82 93 37 15 0 55 60 63 40 38 93 38 39 54 85 49 39 13 61 55 11 65 79 56 53 69 61 43 64 59 2 96 90 14 66 9 21 31 43 18 77 34 51 83 94 73 0 89 96 4 75 32 27 30 35 39 7 84 74 65 6 25 70 66 35 23 49 85 71 7 56 93 52 2 69 6 24 3 87 39 29 72 100 57 66 25 49 58 13 51 50 15 93 76 70 81 31 28 30 33 35 26 64 71 28 96 88 51 45 31 69 47 17 48 92 76 33 87 47 82 78 43 75 93 14 42 14 39 98 48 62 42 71 70 31 14 78 4 11 86 1 72 87 65 95 90 60 41 27 74 100 86 89 28 56 46 65 76 47 18 99 80 92 35 65 7 89 68 90 87 64 6 90 73 29 47 0 88 15 22 35 59 4 83 2 59 37 7
100 93 10 50 19 36 3 57 91 73 83 45 92 28 71 4 91 70 37 64 88 64 49 7 4 54 21 28 10 15 75 78 79 47 22 49 47 71 93 17 0 16 11 86 36 47 34 70 6 70 91 44 35 37 82 21 34 42 49 47 72 91 26 28 24 34 31 64 61 86 33 23 80 17 14 5 20 76 31 48 6 71 23 11 86 59 7 58 81 41 66 69 29 25 61 54 100 19 95 90 95 50 2 75 9 0 12 63 73 69 22 52 68 79 53 41 82 82 70 28 22 18 14 39 70 9 85 74 2 74 52 64 63 67 73 35 42 14 88 6 64 96 46 31 69 32 62 53 46 50 43 50 34 24 8 8 41 62 9 11 33 43 15 28 36 52 39 72 100 20 11 26 56 62 28 22 28 76 39 97 78 91 54 18 70 84 80 29 65 4 87 72 21 79 74 31 25 45 37 22 40 54 29 69 94 81 73 52 55 8 61 14 7 6 75 55 67 45 83 70 45 6 94 47 28 98 62 24 1 22 97 78 14 20 17 98 86 65 26 41 65 79 13 0 69 59 95 28 9 30 55 32 76 60 60 81 44 80 27 77 39 16 84 36 73 37 91 85 99 63 78 65 83 55 13 89 86 82 8 24 30 81 67 43 43 21 53 22 11 49 26 83 93 69 99 60 68 87 75 1 38 9 20 56 64 19 32 19 32 97 24 18 29 51 58 27 9 28 27 96 21 36 86 23 56 96 9 50 22 60 94 76 60 47 10 7 34 11 94 71 69 20 53 97 22 21 34 56 26 48 71 26 2 67 29 91 73 80 91 51 18 33 85 38 13 60 49 73 76 86 27 25 36 60 59 62 10 74 65 80 49 65 42 41 98 49 76 71 90 28 49 46 66 34 34 30 42 25 9 16
11 29 13 78 18 52 80 1 15 11 49 79 38 98 21 5 64 56 77 14 65 55 14 26 79 34 11 38 90 28 37 45 81 76 18 100 23 90 79 70 81 60 49 90 86 34 94 18 9 52 33 61 87 15 9 81 53 45 16 84 77 66 66 89 84 28 0 30 44 69 77 69 68 83 80 70 67 69 38 5 17 14 52 20 27 64 85 74 24 68 54 30 100 65 27 95 23 83 64 39 66 22 54 43 77 58 86 91 99 13 12 89 56 90 94 27 71 1 76 88 95 35 32 56 38 63 82 11 8 68 71 77 2 7 12 80 1 75 97 99 21 75 22 5 85 91 25 10 3 75 68 96 92 30 76 24 72 43 46 15 93 45 85 22 17 0 72 74 56 77 77 6 81 39 49 77 35 26 45 56 9 49 29 69 52 84 59 54 42 49 19 22 14 56 6 63 75 27 49 34 42 57 8 40 98 63 94 51 37 45 58 16 80 59 30 62 33 51 73 49 77 61 81 63 46 93 53 38 98 62 50 44 55 5 24 62 32 75 87 25 69 74 78 29 12 87 62 24 53 4 25 56 18 30 91 84 91 21 77 99 30 51 32 22 3 98 44 24 6 40 57 94 56 72 97 45 66 81 1 66 47 37 20 23 83 60 92 77 64 4 64 72 93 88 97 54 37 56 29 11 44 27 22 9 33 41 4 22 67 91 28 71 15 23 56 48 48 48 82 8 41 96 13 61 28 88 40 31 49 84 54 43 11 14 78 90 69 97 81 51 34 56 71 16 89 17 87 27 90 20 31 32 51 99 81 31 21 41 83 56 91 5 75 51 11 12 4 50 2 5 2 2 55 65 57 12 37 83 90 92 59 12 84 23 77 66 72 81 100 75 69 62 72 31 25 4 96 64 59 43
53 65 28 39 64 5 8 76 47 59 25 62 31 95 4 26 93 80 4 79 31 47 48 31 66 19 65 4 100 31 21 48 22 82 79 14 53 28 72 4 65 40 70 85 97 40 36 36 25 91 77 74 29 70 17 69 45 86 12 56 34 87 51 11 34 3 62 26 72 17 69 82 10 61 32 85 23 94 73 33 24 13 34 2 19 82 25 32 4 71 66 43 89 32 10 3 28 75 52 8 20 24 15 17 7 5 74 19 50 87 43 82 38 53 87 17 85 3 42 48 71 56 63 75 26 0 73 92 58 74 7 37 21 45 68 56 39 40 36 11 59 82 84 55 25 62 95 39 54 90 10 64 88 53 9 96 2 66 85 99 55 89 63 52 96 71 4 35 90 20 76 50 53 0 87 79 43 25 92 73 15 19 37 63 94 35 58 31 72 36 92 24 77 85 100 20 74 79 77 94 63 9 27 27 46 20 63 71 66 31 16 93 47 96 7 5 30 25 4 35 80 29 28 93 61 40 23 7 55 84 13 85 3 9 75 65 59 97 82 62 71 52 68 25 55 8 24 58 75 95 37 57 78 58 36 66 20 61 39 66 80 78 7 56 57 19 29 100 35 13 33 82 9 2 25 29 51 45 82 90 4 34 57 55 45 11 99 0 36 79 77 52 58 97 97 26 1 84 70 22 91 100 17 17 3 66 34 76 81 83 6 23 64 1 77 79 78 29 59 53 27 97 64 97 66 1 69 35 64 59 23 55 39 58 94 3 42 75 40 57 29 26 68 26 4 44 65 17 94 39 71 69 13 15 80 13 63 43 34 96 48 58 99 98 20 70 54 32 73 73 1 6 81 63 99 89 80 73 91 5 66 5 4 28 78 19 12 54 70 13 79 79 43 34 75 1 2 64 94 83
91 30 94 28 72 23 55 13 94 32 10 50 11 17 43 29 23 17 15 88 35 25 6 71 35 97 49 69 71 49 11 20 56 58 88 63 23 39 45 87 84 38 72 91 20 29 81 27 58 78 74 63 7 49 41 74 20 98 75 48 69 73 97 1 61 57 25 83 38 55 14 31 42 79 28 78 11 30 58 34 79 50 27 47 73 75 86 93 47 77 23 13 5 2 27 81 56 39 44 66 91 99 87 28 53 60 74 49 45 42 17 1 20 74 13 95 94 91 48 93 80 21 13 10 5 59 15 27 53 78 50 11 88 57 65 18 58 83 3 89 43 79 21 7 76 13 28 36 63 14 61 55 45 7 81 0 27 13 4 67 17 79 91 16 48 59 21 71 66 59 77 38 58 93 45 68 89 89 8 22 18 83 99 71 13 73 20 79 92 43 81 75 95 85 46 57 74 6 53 24 37 84 11 11 41 88 54 18 78 15 54 85 76 85 12 41 31 29 81 33 68 72 35 18 58 74 99 76 89 86 76 57 87 59 14 15 20 89 1 31 85 27 93 62 35 2 79 12 86 26 48 43 37 34 49 84 16 39 47 38 76 12 12 65 13 69 30 97 3 64 70 95 77 34 86 26 70 30 93 65 66 55 15 79 89 42 87 17 19 2 81 11 23 14 59 49 27 96 71 74 82 92 28 93 76 85 1 71 73 72 20 92 34 50 27 78 49 49 85 15 21 24 23 24 39 43 69 22 84 92 65 72 9 44 16 24 12 41 51 96 50 50 86 50 70 31 88 79 10 68 13 83 13 94 97 1 37 37 22 62 91 67 80 45 86 64 58 91 43 69 81 44 16 53 62 23 56 79 24 52 65 48 41 87 53 89 11 99 36 20 30 10 33 50 70 84 54 72 0 73
47 78 19 3 81 57 12 3 84 19 43 73 79 85 43 89 64 59 87 76 64 3 75 81 30 6 16 35 66 18 31 64 62 88 90 71 20 20 24 1 60 61 94 100 6 6 64 6 42 86 13 72 34 1 21 84 39 27 89 64 47 77 45 82 93 33 75 76 83 100 5 94 1 5 66 60 74 50 73 30 47 37 6 40 44 80 44 7 56 59 53 54 76 58 1 2 43 26 31 8 42 70 15 79 83 72 42 90 48 42 23 51 14 26 73 3 59 29 79 28 89 86 99 9 94 89 0 100 56 41 17 26 54 79 50 67 74 90 35 21 78 15 21 52 48 16 16 20 44 46 46 16 29 49 19 10 55 83 80 13 47 40 84 20 12 39 31 65 32 89 27 86 63 94 73 18 85 58 18 42 41 42 46 41 27 26 79 21 100 12 96 11 40 66 16 17 5 22 3 77 1 83 18 39 49 19 32 94 18 86 48 0 96 74 23 15 67 91 18 55 41 86 76 41 22 82 28 47 47 1 73 60 47 95 0 46 97 34 66 89 63 55 20 29 43 67 85 92 59 54 50 90 98 34 83 33 62 11 22 53 17 70 84 88 10 92 85 85 91 79 35 3 42 92 83 45 91 97 63 91 82 30 21 5 22 20 20 48 64 52 17 31 74 79 57 97 36 28 11 65 50 33 86 61 29 44 54 86 6 32 47 74 38 42 13 60 57 66 96 5 50 22 10 17 97 100 47 40 96 10 20 34 84 58 4 77 95 65 48 96 52 99 97 73 60 22 93 38 68 69 35 100 24 3 10 50 36 9 81 67 46 87 84 26 78 93 90 87 54 89 52 82 63 99 17 5 42 88 30 6 91 91 33 44 83 10 33 19 3 49 7 25 92 46 87 66 25 7 62 6
50 39 54 98 32 61 63 21 96 21 38 74 43 65 48 0 59 24 20 80 48 73 79 83 79 49 96 3 98 87 84 17 80 21 37 83 57 63 89 32 22 99 76 33 39 88 7 52 28 1 21 29 42 87 19 16 21 85 77 17 37 82 90 13 45 65 57 73 33 82 79 62 93 1 82 5 0 15 63 12 70 82 34 69 99 78 54 57 29 13 63 95 49 93 85 87 100 48 89 97 28 17 98 99 79 37 76 40 23 45 32 48 98 44 94 13 38 7 89 0 13 57 30 79 81 64 11 91 9 8 56 21 91 34 66 83 56 1 88 36 51 88 72 73 69 83 71 83 24 76 14 38 34 16 44 56 60 42 62 7 4 84 56 100 80 41 37 53 95 86 23 29 56 33 46 56 53 18 30 84 30 16 5 6 68 94 80 87 65 32 43 46 82 23 27 31 24 28 44 54 53 16 69 24 8 24 43 51 24 98 49 5 90 34 74 24 46 8 15 44 79 35 16 80 58 15 37 92 7 67 4 100 18 61 28 50 66 100 78 64 22 82 10 50 47 79 33 96 70 27 18 45 27 78 27 47 7 1 9 14 92 85 12 30 42 9 94 76 89 5 35 3 0 44 4 12 48 92 99 53 19 36 99 63 7 23 86 14 17 95 49 71 37 31 58 75 25 42 27 46 44 71 40 69 51 24 17 81 28 39 94 90 25 53 46 31 72 23 79 5 4 84 5 6 48 59 66 62 63 5 43 85 29 38 32 71 76 2 41 80 90 15 51 69 44 46 93 23 48 49 62 23 48 88 97 74 63 39 27 21 15 30 67 40 32 19 48 69 23 17 40 79 47 24 79 22 15 94 85 2 92 95 61 88 94 91 95 82 54 48 67 65 36 92 78 50 40 93 55 13
55 90 63 85 25 46 19 33 24 36 70 91 54 83 70 48 23 66 54 39 76 89 75 10 24 11 27 41 59 29 54 82 1 91 33 61 42 95 23 65 17 40 4 85 91 33 10 90 67 28 29 39 62 31 45 41 95 60 41 31 8 30 10 76 12 58 90 70 91 71 59 41 80 49 32 81 14 62 64 81 11 95 6 45 23 7 40 54 86 64 59 96 89 67 95 70 79 31 2 70 44 19 69 50 30 59 3 9 25 34 25 15 4 44 25 26 0 13 26 30 16 14 47 49 46 16 2 13 77 30 67 37 87 61 31 73 24 93 39 51 60 98 25 22 45 14 27 54 74 12 0 71 92 72 60 71 39 69 100 23 86 26 37 26 11 35 0 33 42 43 25 15 61 1 87 80 97 12 52 7 76 44 18 84 87 58 95 21 27 13 5 82 50 59 6 92 75 79 59 36 69 31 53 97 12 65 85 53 93 96 38 56 63 82 96 22 17 40 2 100 12 50 73 71 41 55 4 23 79 13 69 48 52 81 95 12 15 58 99 52 57 93 62 65 70 17 3 24 59 69 93 49 35 78 1 85 30 60 4 59 28 83 34 88 35 59 69 50 57 93 32 86 16 39 94 70 14 88 69 87 56 8 98 78 48 77 15 43 21 39 58 63 74 32 20 53 14 64 78 96 87 97 39 3 37 31 78 40 15 63 36 83 66 24 13 64 43 65 97 79 36 8 69 46 45 2 12 22 71 71 60 44 10 68 4 82 24 31 43 61 62 44 20 22 31 4 37 2 64 19 60 29 4 36 62 45 59 58 4 53 15 85 70 93 51 58 29 95 37 77 82 78 25 71 39 63 35 99 58 99 15 56 67 25 95 31 29 8 27 79 9 78 39 8 69 48 60 17 74 19
62 78 70 51 77 79 92 50 61 0 30 0 68 8 57 69 19 96 49 36 69 87 71 88 64 67 86 4 72 25 27 72 24 41 97 89 68 56 86 71 37 15 62 94 10 62 58 9 0 26 91 66 100 73 60 97 98 58 87 49 68 90 68 42 25 15 48 95 68 77 88 1 84 35 51 9 79 34 25 28 90 76 41 74 59 66 22 21 62 41 28 93 72 29 46 92 6 5 20 67 42 4 78 61 8 14 70 72 47 92 11 5 75 47 4 63 58 47 92 61 13 42 55 52 27 77 35 91 12 19 2 33 61 88 61 8 0 34 18 62 20 44 5 22 99 12 92 24 47 98 84 61 61 57 86 84 73 28 43 52 90 28 11 71 65 43 54 22 30 94 22 98 7 17 42 66 62 44 20 1 71 68 75 100 77 74 92 39 1 18 70 57 91 5 92 48 82 9 95 22 76 48 42 29 53 63 42 8 22 74 25 4 95 24 30 75 67 21 53 31 77 71 25 65 38 42 4 79 2 74 92 97 17 21 17 8 80 67 62 20 68 66 80 73 30 44 33 14 92 10 92 34 58 83 21 59 50 11 60 47 63 5 60 11 89 6 84 86 50 87 40 90 20 80 16 77 71 26 62 62 22 65 54 27 48 48 60 52 8 40 54 81 5 6 69 50 49 26 89 80 23 14 85 72 67 19 6 57 14 42 44 37 50 69 83 60 34 45 26 100 50 80 91 31 53 89 32 86 67 29 22 57 62 10 93 34 93 47 13 7 89 27 9 5 9 3 59 80 60 75 23 95 93 41 50 84 17 80 15 42 60 42 78 77 59 16 100 87 30 70 13 68 47 39 25 16 44 91 50 17 85 0 98 2 9 86 10 64 37 59 55 30 83 76 86 0 68 92 57 57
21 7 12 51 24 50 91 55 46 8 11 82 69 73 15 10 40 26 61 100 100 87 51 94 45 18 16 2 33 26 32 24 55 16 1 76 51 54 74 65 80 82 72 100 47 96 90 8 66 72 31 96 72 45 79 49 14 9 30 5 8 57 0 41 55 13 49 26 28 75 33 42 5 7 38 100 86 5 57 81 85 28 57 76 93 85 40 91 4 78 0 29 12 95 16 37 97 66 66 35 58 8 30 11 72 43 16 56 72 49 71 9 22 70 19 93 77 33 13 99 66 28 71 91 50 30 27 32 2 77 82 32 22 98 9 33 1 19 0 11 36 73 80 67 96 81 90 38 90 48 44 22 25 40 20 73 7 60 73 71 70 41 73 85 75 100 9 44 46 42 98 0 64 50 4 63 19 41 91 6 52 5 53 2 85 2 16 54 70 47 42 32 55 8 71 34 82 66 72 78 93 63 73 59 70 25 7 43 87 94 86 97 69 36 57 21 98 38 3 13 78 29 44 89 3 10 61 86 31 55 91 27 22 37 19 57 47 7 39 66 71 29 88 7 45 34 32 40 69 68 33 35 95 72 25 28 11 92 72 94 29 93 39 75 23 73 31 10 56 94 29 85 13 41 51 35 71 5 86 27 1 61 75 47 63 92 6 58 54 40 95 1 41 13 11 34 84 2 59 18 78 97 56 40 87 26 27 2 96 25 77 80 34 80 7 98 18 36 10 55 60 31 39 40 89 43 13 96 52 90 37 36 53 94 86 62 8 52 31 99 80 67 70 58 85 65 99 8 79 16 61 29 75 91 64 78 42 8 51 8 28 38 18 56 75 24 18 44 70 76 65 90 75 60 92 23 74 89 28 32 8 81 3 100 66 20 17 46 33 49 30 37 43 21 13 58 23 9 26 46
15 24 26 41 35 75 5 53 49 22 21 8 54 97 69 99 37 12 77 63 34 20 100 93 15 26 10 19 22 70 9 86 59 58 5 92 37 92 24 98 61 72 86 75 69 18 94 99 46 43 19 74 45 25 68 3 0 87 38 39 27 6 5 98 45 12 19 1 4 10 66 79 59 10 79 83 96 69 70 7 12 46 79 20 70 20 0 33 41 90 21 53 8 76 72 43 66 94 17 75 66 71 28 80 87 58 48 0 24 49 82 71 70 57 94 71 14 6 16 78 6 55 50 74 48 25 40 97 87 95 11 33 64 13 43 89 86 33 81 69 7 10 45 55 44 94 55 33 29 87 1 84 20 50 90 46 83 54 48 74 35 41 25 0 26 13 68 8 29 93 92 42 91 21 46 96 99 16 80 74 34 56 85 49 27 5 62 82 99 88 39 1 40 37 1 10 36 61 72 2 37 12 26 29 2 68 39 40 11 67 85 87 64 61 73 40 59 40 96 7 19 96 26 63 18 19 6 72 57 10 0 80 43 4 84 58 72 2 46 54 91 48 2 58 61 99 26 48 87 59 97 98 61 29 12 91 37 100 32 20 60 58 33 28 97 40 100 69 91 56 18 62 15 68 100 17 16 25 32 85 2 27 20 99 89 28 26 28 42 35 75 34 100 28 83 11 41 28 84 9 34 69 5 56 89 94 61 46 18 100 92 8 15 69 78 46 48 78 67 39 2 72 92 99 66 45 66 61 90 76 58 53 8 20 34 31 18 89 22 52 48 57 13 94 26 90 82 79 96 53 68 41 5 74 22 90 98 30 10 80 83 34 14 41 58 97 94 51 38 98 6 6 72 6 93 26 29 77 4 58 11 52 55 80 86 27 23 57 17 81 73 63 97 84 5 92 39 96 28 94
42 61 17 78 92 22 28 95 45 11 72 68 27 0 51 53 70 25 28 68 82 87 34 43 67 19 47 64 5 89 69 78 7 47 78 12 50 60 42 70 49 19 66 59 29 2 47 34 63 34 8 30 89 51 78 28 63 57 3 55 1 70 100 97 46 8 35 19 88 49 10 89 95 89 43 72 57 16 63 91 27 96 69 15 25 71 70 0 49 17 40 14 42 40 47 41 60 76 37 61 16 40 67 3 2 63 13 64 7 72 51 46 67 10 14 90 45 67 82 87 9 84 100 86 93 77 8 44 23 90 73 8 74 38 29 30 54 43 76 55 36 67 12 67 80 11 21 86 26 57 71 90 54 91 58 43 6 73 50 7 10 30 17 98 28 50 12 85 60 2 63 86 7 32 99 3 98 20 86 25 100 54 29 11 65 52 91 51 56 51 64 68 81 86 36 100 47 29 6 11 7 77 99 55 20 25 77 98 14 95 48 99 54 66 2 90 76 8 9 25 27 75 69 52 48 82 78 77 47 60 61 54 22 19 6 14 21 5 29 9 52 26 38 39 57 55 16 23 45 71 8 28 9 96 40 88 49 22 81 19 85 85 100 68 19 78 28 37 33 66 14 41 5 45 21 0 3 42 69 71 41 86 20 32 7 43 39 20 31 84 50 1 39 0 64 47 52 46 73 71 82 90 24 0 94 42 18 48 14 48 41 52 89 100 1 30 7 50 19 1 39 75 11 50 82 7 35 88 50 81 61 58 57 48 64 78 99 82 33 22 87 70 37 5 45 73 20 10 9 60 22 97 13 41 56 32 8 15 36 60 91 49 8 8 52 4 42 91 5 38 6 13 81 64 51 78 83 3 41 57 47 68 28 77 21 57 47 30 2 70 2 47 54 37 69 11 77 28 65 13
49 29 80 57 37 98 42 71 31 9 98 55 72 65 63 0 44 7 91 65 70 82 47 80 51 51 40 55 33 4 67 79 25 56 9 9 25 78 51 35 32 40 63 51 59 67 87 32 7 4 80 28 28 8 57 26 12 15 38 7 71 25 85 92 37 95 75 11 87 49 97 97 64 31 35 79 52 77 41 48 38 14 12 73 4 14 98 77 53 95 42 83 14 51 62 23 40 55 25 75 67 75 63 61 71 71 76 77 25 47 77 78 61 59 26 55 21 14 41 10 72 79 79 92 22 17 100 67 35 61 68 82 20 73 86 59 50 3 17 47 55 51 35 38 74 3 50 10 100 98 76 8 2 1 35 85 54 36 64 26 20 0 6 75 63 86 89 82 9 87 86 88 98 50 5 57 41 39 81 14 9 83 87 58 23 35 45 50 71 58 6 13 80 83 81 39 72 8 37 86 20 61 11 24 49 40 35 22 68 49 79 27 95 74 91 72 63 93 14 56 18 81 92 92 74 15 12 40 55 55 46 24 83 7 9 34 61 10 68 28 89 38 5 6 23 88 82 89 34 42 29 92 9 45 29 19 38 5 23 29 38 61 94 68 15 23 14 8 18 57 26 21 45 88 71 97 73 12 46 70 64 44 51 54 42 10 93 49 76 56 59 28 11 0 41 12 67 73 46 61 92 3 100 72 59 28 64 52 87 51 49 26 84 3 1 67 28 33 44 49 20 100 18 44 91 75 78 59 51 33 82 27 65 51 74 86 15 82 10 68 48 3 85 79 91 89 2 44 7 10 2 34 17 72 80 9 23 53 15 14 66 3 52 93 16 76 51 44 87 63 71 97 67 21 79 48 60 72 76 55 41 80 98 68 19 63 23 2 16 63 87 59 71 86 56 47 37 60 46 52
59 34 32 15 13 71 73 83 44 13 14 61 100 50 31 28 87 74 51 14 58 55 85 19 97 75 78 55 44 69 66 100 91 56 69 51 64 66 65 95 36 46 38 53 11 96 0 17 84 44 61 38 53 66 93 95 92 25 95 82 71 50 0 78 27 46 2 82 63 26 52 90 100 76 3 14 58 40 55 25 14 33 29 67 56 74 5 23 60 45 17 58 15 62 37 8 43 85 1 84 15 90 17 97 19 84 16 29 13 49 67 96 86 82 58 16 42 59 64 82 38 68 48 7 45 13 94 97 68 80 35 32 85 47 8 87 9 68 60 52 38 71 66 48 6 0 66 80 7 23 17 29 30 8 34 84 80 45 12 94 97 95 11 79 40 4 73 50 70 59 48 69 33 33 81 7 98 76 12 63 89 19 93 56 1 38 33 91 84 28 86 4 79 95 89 41 77 85 78 2 7 63 57 29 88 37 99 21 45 24 7 70 5 66 1 33 75 24 59 42 16 17 26 8 85 96 44 3 23 93 16 56 90 35 55 87 15 71 48 51 35 13 72 16 15 12 13 83 3 88 56 25 14 71 73 38 24 38 54 96 12 77 56 62 44 16 38 32 91 92 46 88 77 23 8 7 45 8 42 55 14 77 64 92 12 25 68 30 37 26 22 1 12 88 13 76 83 53 6 46 69 86 1 0 10 14 64 90 44 7 52 83 10 8 95 98 10 46 2 49 6 2 72 41 40 56 48 13 51 76 98 29 87 99 41 10 19 84 76 88 8 7 59 46 77 0 48 63 59 8 90 6 71 19 18 53 66 79 56 0 98 72 98 46 56 58 61 34 13 1 63 4 70 99 79 45 23 3 9 83 36 83 75 25 44 54 63 89 31 46 23 19 19 17 90 19 16 25 22 55
70 3 67 85 50 42 6 39 10 38 94 73 66 12 33 0 10 7 44 72 86 76 72 77 45 93 9 93 55 81 38 71 36 55 25 65 78 2 38 33 80 53 48 71 57 93 52 81 35 10 91 96 92 39 64 0 17 81 73 82 1 74 100 21 9 83 98 9 51 95 68 1 6 43 12 54 28 27 72 100 85 85 96 97 65 71 63 47 82 0 78 31 67 42 37 89 19 92 67 28 49 28 24 44 62 61 49 92 42 95 44 31 20 52 52 23 36 10 45 27 84 84 94 7 4 78 94 83 1 52 28 89 73 11 97 15 40 52 61 97 15 59 24 35 38 3 92 38 0 91 0 71 21 22 90 65 49 46 93 45 43 73 2 69 25 95 24 68 10 56 35 1 25 16 0 28 68 21 46 39 25 100 14 100 48 18 86 71 67 6 31 22 50 70 76 14 82 73 39 23 75 29 30 61 94 96 14 50 50 72 6 84 16 45 72 18 99 37 77 77 16 72 60 61 76 34 74 69 12 88 80 78 6 97 12 76 1 84 82 31 52 27 37 89 42 53 90 40 56 59 88 46 45 93 78 2 77 38 95 1 35 20 87 47 92 48 57 46 45 67 54 13 21 41 90 21 56 43 50 6 23 29 31 18 27 84 50 73 75 68 33 75 85 38 76 2 18 94 84 56 90 10 32 0 22 92 85 39 81 82 72 89 11 62 37 26 16 62 25 15 61 94 26 87 14 56 100 93 40 38 46 75 41 9 42 60 79 3 64 55 55 34 69 35 34 72 1 55 5 23 37 66 85 75 43 46 93 18 84 12 14 48 1 34 46 74 56 32 9 77 66 35 17 30 85 87 1 58 41 66 65 13 83 62 1 25 61 4 38 46 43 40 70 21 26 57 100 58 7 14
73 97 66 45 34 31 40 37 58 46 86 84 88 59 63 43 66 78 4 95 67 93 50 19 23 56 18 45 55 13 84 57 72 54 14 92 100 52 59 6 21 79 86 100 62 91 84 71 72 100 62 5 54 32 98 12 11 61 20 66 89 42 21 59 97 21 93 79 38 90 58 26 78 55 21 83 99 52 51 32 23 31 82 52 7 19 60 8 40 88 47 13 55 22 61 62 27 66 96 76 64 69 52 79 2 24 24 17 63 7 4 25 77 56 12 76 91 75 77 1 100 25 45 62 37 68 93 17 51 71 6 66 29 95 36 56 48 40 9 81 51 83 90 89 23 15 66 71 8 59 13 45 59 38 14 81 81 38 84 83 30 36 64 60 76 25 40 89 59 80 85 41 66 89 71 84 34 38 61 17 9 84 21 4 95 57 55 86 1 65 94 76 86 32 4 74 76 20 54 14 85 8 100 63 79 95 72 34 88 71 67 68 84 60 26 0 82 20 64 93 71 27 69 72 95 60 64 44 63 35 49 98 10 43 40 31 66 61 25 94 22 39 31 22 88 100 89 1 91 9 38 79 38 48 82 100 47 84 99 46 54 33 98 22 30 70 48 86 63 35 26 92 27 65 81 34 85 66 37 48 93 29 60 37 98 90 58 43 61 87 11 87 57 0 3 24 78 64 1 30 86 44 90 77 75 9 55 69 83 39 5 59 68 15 64 11 88 95 24 3 74 71 40 40 67 50 85 30 21 41 33 90 41 14 57 44 1 14 60 44 9 37 20 17 63 33 31 89 87 67 4 85 94 47 3 68 95 56 61 73 44 75 39 29 37 83 39 31 25 85 79 100 69 24 31 96 83 5 66 64 10 73 55 68 25 34 4 72 98 78 10 65 78 90 31 94 64 50 34 78
98 0 23 49 24 85 43 90 7 61 87 29 41 10 99 24 39 24 39 81 15 13 65 41 33 62 0 20 95 90 76 80 60 46 59 25 70 66 41 66 47 75 13 7 75 28 4 69 13 16 98 21 56 78 3 51 26 16 36 94 73 26 5 75 58 14 6 82 77 24 61 6 18 2 64 43 39 98 91 39 59 12 55 45 29 49 50 82 78 42 58 65 13 78 99 60 38 49 80 98 15 78 56 72 23 24 86 26 79 95 8 95 20 41 84 86 75 18 9 86 93 73 56 40 98 88 21 59 6 45 65 17 22 32 23 95 39 41 28 49 92 0 72 30 92 27 54 98 14 33 2 70 36 91 9 54 88 8 97 27 3 59 3 21 5 53 89 91 19 59 80 27 89 82 17 27 12 65 26 43 74 20 52 0 53 43 70 85 63 50 28 96 80 90 92 49 48 24 96 13 77 90 28 75 74 79 27 38 19 68 1 29 52 32 78 9 28 44 52 31 13 9 52 19 69 6 4 16 9 30 97 39 54 89 13 32 30 84 36 52 34 79 36 16 94 89 84 85 98 30 29 45 33 54 79 62 62 91 1 25 68 69 84 30 12 80 84 58 54 63 73 17 37 19 16 66 38 23 76 19 100 11 50 45 33 0 41 54 2 55 24 92 35 60 58 62 24 81 57 90 71 32 64 36 54 99 73 31 10 94 33 91 73 71 9 31 46 88 51 6 90 58 94 6 5 10 76 51 31 18 77 24 76 75 98 28 47 59 4 20 40 51 51 47 70 69 7 26 6 37 84 17 1 75 9 91 73 5 38 35 47 94 65 38 48 27 64 87 78 99 72 11 12 63 27 47 65 43 86 47 39 33 73 55 11 65 36 61 86 78 8 73 96 8 38 59 46 42 89 11
78 15 73 29 42 11 83 71 57 47 79 9 49 71 97 75 86 97 96 15 98 58 57 89 9 70 25 45 81 22 75 33 69 77 18 42 2 13 47 45 65 28 8 81 5 78 72 20 47 39 25 88 11 20 36 24 90 73 68 14 47 100 63 19 88 65 31 6 97 88 61 43 33 85 61 39 16 85 62 97 49 27 62 47 50 88 99 37 3 94 47 90 14 40 99 0 70 21 74 72 97 35 7 10 62 33 8 28 29 73 65 20 88 2 99 29 36 79 76 84 28 21 87 65 89 71 87 91 35 30 97 76 77 43 36 78 2 86 26 54 99 80 53 94 1 56 46 65 12 58 66 90 6 45 46 74 34 45 92 10 16 65 82 5 5 42 49 43 26 96 98 69 49 41 51 63 68 37 87 28 31 4 60 93 60 11 63 80 24 24 65 32 5 99 49 13 34 48 57 25 91 46 29 29 45 28 0 83 79 41 41 22 54 23 38 62 39 51 39 31 15 74 9 92 14 17 51 47 30 22 46 25 35 88 77 31 22 71 4 71 37 6 64 14 60 74 83 19 11 11 98 52 54 82 72 76 51 47 43 65 62 97 68 36 20 29 99 48 46 68 11 10 80 29 70 31 40 62 45 47 7 77 18 53 59 65 40 19 1 22 37 23 37 41 81 96 85 31 43 61 12 14 57 50 20 39 91 61 15 2 72 65 99 45 95 38 88 10 100 47 26 74 48 23 0 55 87 86 27 62 68 89 36 3 8 96 62 26 25 63 68 4 4 88 25 49 72 25 36 88 94 21 11 33 76 87 25 31 11 73 67 92 85 74 20 95 9 72 6 63 80 85 26 97 17 6 5 19 0 70 9 85 79 23 15 27 85 35 59 69 46 79 4 5 45 98 12 38 78 85
34 54 25 83 15 12 29 80 85 74 19 3 17 28 13 91 44 67 9 15 80 4 85 92 0 49 58 89 95 23 35 11 63 44 71 87 74 8 92 2 27 27 60 1 90 19 64 4 57 52 88 12 4 85 16 24 25 80 40 26 22 25 24 84 33 62 10 66 31 45 75 98 84 47 5 74 28 94 52 36 19 27 63 24 28 15 54 86 51 38 84 84 63 48 12 69 50 52 72 28 41 70 4 20 9 81 50 98 69 46 62 12 58 90 79 74 92 33 10 100 44 48 37 4 80 60 81 43 21 0 19 93 8 81 77 85 83 49 70 62 32 45 35 48 63 17 56 32 72 9 21 13 90 94 62 97 39 59 49 77 39 66 71 32 40 57 66 50 75 8 33 44 61 66 32 77 77 57 28 0 61 88 58 19 33 98 62 15 32 18 48 19 37 40 66 69 30 3 14 58 91 54 39 47 57 85 35 87 93 6 66 69 40 23 74 38 100 89 88 20 44 67 19 24 27 49 40 9 61 72 84 82 70 55 57 3 90 3 90 41 85 35 78 43 97 12 55 43 81 100 9 53 86 38 2 69 81 66 89 1 48 94 15 96 56 52 9 35 95 47 78 79 13 50 86 19 9 40 50 37 72 7 34 86 45 84 39 89 86 41 4 26 19 71 74 48 11 50 92 13 44 60 3 62 22 13 85 75 77 8 72 39 39 1 5 60 11 27 79 69 37 68 51 2 25 74 31 36 95 77 23 8 91 69 50 43 19 81 58 64 16 59 91 75 76 35 41 11 17 56 28 6 2 73 59 27 81 71 33 60 19 96 67 55 22 35 23 24 10 40 5 8 14 21 65 54 93 72 29 26 69 0 91 3 59 38 43 39 42 34 40 77 9 42 10 15 19 96 20 100
17 60 58 74 83 24 39 97 86 85 90 66 49 100 0 61 49 69 13 13 48 55 93 26 6 98 94 77 61 44 24 91 54 26 82 0 30 65 11 86 7 82 4 60 1 8 20 67 20 2 4 42 9 34 49 49 24 16 35 87 73 98 20 31 31 21 9 30 13 34 18 18 87 15 38 96 73 92 82 92 95 97 94 57 18 7 13 81 57 86 64 56 44 18 17 90 66 28 0 57 2 74 17 39 80 18 1 51 0 50 43 57 34 57 33 69 95 12 42 35 65 85 74 21 76 18 81 4 4 3 76 43 80 44 75 9 32 4 58 52 57 28 49 70 32 3 33 57 64 11 16 63 94 23 68 36 80 34 31 17 68 15 52 14 77 31 90 89 55 86 11 71 47 89 87 96 84 78 26 43 3 90 1 97 24 91 39 92 31 9 57 68 39 13 96 50 1 71 18 14 58 50 9 58 89 82 42 3 33 44 77 35 56 58 27 35 67 54 53 70 42 79 42 30 77 44 47 51 74 45 49 68 53 4 25 42 32 12 50 8 2 96 92 40 97 41 24 26 40 100 63 73 96 54 19 82 75 59 44 38 98 27 72 48 44 0 61 11 44 44 50 69 17 63 81 48 64 67 43 22 69 97 1 37 67 71 72 86 20 73 95 69 35 12 15 38 10 49 45 77 85 59 29 40 47 16 74 22 74 94 50 77 72 44 26 81 18 99 29 43 51 30 59 13 2 4 76 21 33 26 71 50 84 85 58 51 21 40 8 34 49 62 44 39 75 64 12 22 36 68 74 38 1 81 36 37 30 96 8 88 65 55 24 4 45 50 32 75 37 68 2 13 60 9 56 34 56 91 50 52 6 18 69 25 74 39 17 10 9 66 81 56 48 12 65 65 42 30 75 3
13 81 2 34 78 83 69 72 6 22 64 57 52 3 47 70 1 40 58 44 25 16 49 95 43 54 35 86 39 7 18 36 10 28 88 30 88 68 96 71 79 96 25 2 58 77 41 46 25 31 45 58 61 58 81 14 48 63 46 87 62 5 17 99 70 32 78 6 53 31 51 4 60 65 89 60 19 92 19 99 7 55 48 90 61 42 46 81 30 83 65 19 47 77 63 27 78 70 74 49 6 80 52 33 79 16 67 44 86 87 33 47 40 71 79 12 20 75 86 65 89 52 69 77 11 27 5 56 84 46 25 44 78 89 8 37 15 88 35 68 17 0 12 81 54 78 17 98 84 30 3 38 55 33 38 45 20 12 84 96 42 20 63 71 94 76 78 15 14 93 71 7 98 66 48 64 29 46 22 16 3 99 1 38 36 76 53 61 78 24 0 80 47 85 39 21 66 93 22 30 35 46 50 88 61 92 0 67 21 95 100 81 68 14 25 20 6 30 13 66 81 97 25 58 1 29 75 19 78 98 31 10 74 57 11 13 8 41 60 90 70 93 96 68 59 64 40 81 56 79 24 79 68 76 27 43 21 45 34 50 64 61 15 15 67 80 86 72 57 35 22 76 50 16 2 5 55 12 72 28 39 0 14 50 79 58 95 45 36 11 79 84 4 37 90 84 37 75 6 100 89 73 46 48 16 57 45 31 75 13 38 78 10 16 80 35 51 15 28 22 55 14 41 68 41 6 27 60 81 3 88 91 37 34 52 58 42 19 84 18 16 14 52 32 7 99 42 21 76 91 79 8 62 30 78 84 42 79 37 10 17 80 97 36 15 35 37 48 93 85 32 57 29 72 0 44 27 70 57 31 26 52 23 41 70 26 64 76 29 90 6 95 10 96 49 81 72 19 78 20
100 28 56 59 72 31 93 65 46 11 9 71 44 72 5 56 77 33 43 44 89 28 93 29 23 98 20 17 37 55 77 80 16 78 24 58 75 82 93 73 47 86 14 14 5 22 74 9 59 10 99 67 6 39 84 16 30 92 5 19 77 68 77 87 73 27 10 68 71 71 53 8 80 85 5 11 33 36 19 39 50 80 89 34 98 83 15 28 12 45 76 58 65 67 5 25 76 91 53 9 86 15 62 40 77 22 69 84 77 17 72 33 66 62 67 4 33 71 11 41 45 89 68 14 54 60 88 35 77 91 94 22 58 64 9 61 39 53 15 8 3 39 45 78 100 36 3 72 27 77 46 28 25 56 28 55 13 71 26 100 38 79 45 74 24 99 49 45 73 36 55 51 42 41 49 0 8 1 55 88 81 58 90 24 61 55 85 50 11 25 18 65 61 37 62 3 28 15 83 83 54 44 34 64 67 59 31 38 58 2 42 5 82 84 100 97 69 100 68 68 61 11 8 89 0 89 57 8 55 52 92 83 75 30 41 88 75 61 52 27 76 58 33 44 22 73 76 49 6 5 13 52 61 54 54 66 27 93 30 10 26 93 36 9 52 43 3 44 47 11 68 65 100 15 11 70 63 43 84 37 58 2 21 35 12 95 33 15 34 37 76 88 78 18 0 86 47 18 13 45 24 66 17 33 67 83 98 98 61 67 26 67 65 49 78 38 70 99 46 69 64 90 59 97 48 86 68 99 37 20 35 42 22 33 72 90 54 38 20 98 91 65 35 12 87 9 43 15 54 28 97 57 17 11 27 15 99 1 45 57 32 12 68 100 40 82 12 30 95 43 73 61 62 51 70 100 93 0 96 66 17 67 13 92 61 100 50 84 94 57 26 59 0 12 86 91 18 6 1 94
95 91 92 95 19 43 47 22 85 94 21 24 40 33 86 18 0 9 70 78 35 10 47 29 81 65 63 75 47 77 45 97 4 8 12 62 15 40 100 3 44 46 15 84 35 44 51 36 13 20 98 59 72 52 92 24 30 43 87 54 41 14 53 32 46 55 8 46 78 5 34 84 69 63 56 9 12 77 97 0 31 69 93 69 3 46 35 86 79 35 2 20 17 46 1 38 29 30 71 72 51 54 4 82 87 73 88 59 60 60 54 62 63 45 48 62 33 66 24 26 63 36 36 19 63 48 9 82 82 76 98 14 53 53 46 78 14 54 24 39 60 4 93 91 35 78 59 89 50 81 36 85 82 22 63 99 89 54 16 71 58 25 20 60 31 95 72 10 28 20 54 27 85 31 19 7 84 82 36 59 100 2 76 32 20 30 84 53 100 58 28 72 82 8 96 77 78 5 93 69 51 29 81 3 48 95 31 87 23 82 59 64 15 29 69 31 78 95 74 84 16 22 28 38 43 86 42 6 27 26 46 85 43 11 37 27 98 73 36 55 65 53 11 24 21 92 52 5 33 60 47 90 20 32 73 41 20 63 4 20 70 68 55 47 23 53 58 100 49 97 32 2 10 59 65 65 19 0 92 64 1 14 5 5 71 39 85 25 68 6 73 55 19 6 34 55 49 82 95 68 57 87 14 50 38 44 33 99 66 75 57 49 67 69 18 70 79 46 96 11 70 54 97 2 85 63 14 18 71 24 38 1 69 40 94 49 78 94 19 93 30 67 97 1 89 68 35 58 1 61 64 5 60 100 43 53 24 20 22 40 100 65 40 8 12 15 95 43 11 65 34 65 33 58 39 93 4 60 20 40 65 44 50 41 95 64 1 59 77 68 39 80 8 57 91 100 26 22 62 68
82 12 76 51 33 78 21 74 76 93 86 62 89 65 67 46 73 6 98 79 4 24 9 43 69 36 63 23 24 70 30 93 68 68 60 81 29 5 29 10 51 6 53 20 42 61 52 23 60 63 95 83 67 69 25 27 78 54 87 39 16 79 100 68 43 45 65 53 89 96 50 74 9 60 40 62 75 56 98 49 29 53 97 44 40 80 83 67 55 43 50 31 16 24 48 92 53 16 78 8 94 74 33 76 15 55 36 50 1 29 58 56 2 38 29 81 49 9 56 87 63 26 73 88 22 55 34 28 12 23 98 91 55 84 53 68 76 35 45 78 62 87 89 67 0 33 100 5 64 66 65 58 56 23 0 70 75 73 19 19 55 43 49 89 90 68 28 43 63 93 36 88 46 25 68 68 100 67 0 68 39 59 14 18 13 18 24 37 60 57 61 51 2 32 58 19 37 17 90 47 79 62 60 22 22 21 10 89 48 94 19 80 47 80 7 2 99 62 54 100 8 19 43 56 38 58 85 79 37 18 46 82 91 81 98 78 69 77 46 10 71 56 49 43 89 97 93 22 54 9 82 84 50 49 9 52 65 80 76 28 29 80 100 46 69 12 94 45 87 21 60 93 6 2 4 96 40 83 41 95 16 87 2 16 69 18 8 94 58 37 47 25 13 45 24 23 83 15 63 34 19 9 40 2 72 85 51 97 89 40 77 59 82 50 48 93 9 51 60 41 48 63 82 83 62 30 14 15 77 18 86 21 100 67 24 76 24 19 3 8 79 71 35 79 6 11 4 80 65 10 9 52 27 100 27 69 76 81 78 89 4 100 55 67 50 84 55 19 40 73 46 81 25 28 80 78 76 64 74 9 24 95 70 82 36 64 27 53 70 13 84 77 35 83 14 98 70 39 83 75
47 63 22 34 34 58 14 15 54 49 59 92 83 19 57 64 16 99 21 28 98 29 1 43 32 34 82 69 57 47 80 76 26 53 52 77 9 58 31 86 20 31 6 0 69 94 8 70 83 56 70 34 91 84 50 13 88 68 56 1 63 57 4 17 49 76 47 79 7 28 46 73 89 74 77 79 69 10 41 34 38 63 23 92 3 12 45 92 69 47 44 6 51 19 16 71 7 58 12 42 23 95 29 55 28 12 15 74 67 13 58 45 37 53 69 67 7 77 5 92 23 93 38 71 81 59 20 45 72 22 80 11 5 52 29 91 70 37 71 85 40 16 13 28 91 44 1 70 10 90 56 71 88 72 31 13 84 17 90 71 33 50 47 6 2 72 36 63 6 42 3 70 66 27 44 81 36 25 0 22 70 34 11 7 2 22 49 8 70 69 10 70 68 98 58 96 28 92 7 95 18 69 41 65 69 24 93 98 59 96 37 99 93 69 19 64 29 69 40 89 18 7 8 20 79 83 29 5 46 93 38 54 59 31 29 23 52 90 20 2 61 0 35 64 66 41 95 38 98 15 89 14 28 96 43 66 48 33 53 12 19 22 3 19 92 91 22 1 66 71 30 25 37 32 79 61 46 32 61 33 18 11 33 4 14 66 22 83 37 5 2 92 21 42 17 95 7 19 61 58 87 25 9 67 76 93 55 85 7 82 77 22 39 15 8 1 32 12 4 37 28 75 7 95 58 36 83 24 65 3 25 28 56 6 81 84 22 89 37 37 8 86 53 46 21 86 95 34 94 93 95 1 2 47 55 89 59 7 48 95 73 92 82 55 38 18 48 64 81 88 81 65 58 38 91 15 94 9 56 2 95 88 27 37 16 35 48 100 63 99 19 26 52 3 75 75 27 87 44 41
29 54 45 65 56 21 81 60 69 35 95 95 81 26 78 69 18 42 3 86 31 43 1 62 22 28 24 89 19 56 85 17 36 97 70 78 87 50 13 41 26 91 17 28 87 3 100 93 98 17 5 92 92 79 65 47 10 40 63 82 14 26 35 85 26 22 72 12 21 37 28 56 63 47 6 57 63 35 41 3 41 33 85 83 29 73 71 66 57 6 32 73 53 72 11 16 6 23 10 41 96 99 57 50 7 15 67 90 56 77 69 12 68 92 62 18 7 53 26 32 24 4 36 32 77 7 60 36 40 43 13 9 100 37 31 5 91 64 40 37 79 28 48 52 59 37 38 10 73 37 3 20 97 34 87 86 78 34 62 64 97 9 36 61 9 44 95 45 25 2 22 99 38 52 78 34 34 52 75 65 52 29 66 21 79 66 31 54 36 20 2 49 9 7 53 86 17 93 43 75 79 81 90 50 18 0 10 71 99 15 30 70 18 84 53 10 62 91 93 80 78 29 55 100 92 9 62 87 13 78 78 19 42 90 60 64 10 47 91 21 11 25 25 92 76 65 71 56 66 79 12 3 37 62 94 96 74 84 18 50 78 7 64 77 26 3 7 13 91 23 78 88 9 88 86 58 37 15 45 99 45 40 16 96 32 69 22 80 13 64 69 83 69 90 45 98 13 58 58 42 97 97 8 98 48 91 10 73 67 72 13 95 5 8 91 23 79 30 88 9 5 6 25 20 67 88 77 95 4 90 27 13 20 95 79 25 28 92 32 46 95 6 6 50 12 48 51 25 43 21 29 38 98 76 74 12 23 31 71 80 64 88 31 14 23 64 40 75 61 20 74 27 5 90 54 36 26 92 16 12 3 98 31 30 46 5 33 39 13 68 81 90 45 63 16 45 76 92 100 88
17 87 2 83 1 49 61 92 67 95 79 60 29 17 42 0 16 54 42 9 20 76 2 9 22 45 89 30 95 81 9 100 23 8 49 97 15 67 8 15 100 22 21 19 8 57 39 31 84 59 11 34 67 35 43 50 70 90 51 56 52 64 88 21 27 76 31 96 29 82 17 16 59 75 88 31 52 68 65 11 94 82 30 99 53 68 94 91 24 11 2 26 0 36 32 75 84 23 21 32 49 12 77 20 56 93 56 50 65 95 40 70 23 77 54 15 14 40 94 72 51 70 49 97 18 32 7 69 36 100 3 21 23 51 64 62 8 5 26 59 0 84 34 42 48 36 0 9 96 7 10 13 72 64 37 87 69 57 37 58 60 3 28 80 14 40 43 89 94 73 73 76 52 4 18 29 96 8 2 48 42 19 93 69 14 95 95 75 10 53 57 43 22 6 90 18 10 4 95 18 32 35 25 12 91 44 88 88 1 10 54 27 84 89 74 49 44 66 21 22 7 42 36 76 13 67 49 63 18 98 11 87 24 73 6 56 21 4 51 81 12 85 31 83 57 46 58 19 47 32 17 89 84 46 39 51 2 52 62 57 40 32 20 11 84 91 32 13 96 52 39 44 33 39 35 100 16 79 31 89 71 97 23 41 58 6 75 17 35 90 74 83 70 65 9 46 31 67 63 40 98 21 3 65 27 90 48 35 91 68 21 52 28 97 34 83 7 37 75 80 34 29 66 91 46 30 94 48 39 12 100 31 57 7 36 5 56 17 35 27 68 34 82 92 6 78 16 0 30 72 78 36 47 71 49 30 8 89 44 95 26 35 50 59 84 32 75 84 47 32 32 51 64 63 57 71 16 2 64 94 75 26 33 94 0 14 19 5 66 96 33 13 48 17 80 85 64 68 86 79
82 74 9 59 64 74 56 89 44 11 33 29 99 64 95 55 47 71 10 69 28 15 61 42 3 57 94 95 83 53 86 33 100 22 55 62 52 3 90 30 19 96 43 59 55 57 11 24 29 98 88 2 95 94 53 51 23 1 81 1 74 89 8 4 52 73 97 23 19 37 48 52 91 6 64 75 79 79 86 55 32 72 46 43 48 9 55 37 88 62 88 1 59 44 9 74 73 11 97 22 81 85 42 9 48 65 41 87 87 34 46 8 10 62 27 98 59 13 92 32 19 18 55 65 33 90 96 35 79 70 46 79 99 32 76 31 79 44 46 26 68 54 64 73 51 64 18 32 100 24 19 50 100 81 19 97 76 49 59 58 14 91 63 46 71 99 69 59 79 89 22 86 54 25 55 41 65 94 53 3 71 42 32 5 95 83 51 83 65 41 21 100 45 70 41 52 28 89 99 64 12 63 80 47 61 53 81 21 47 97 25 29 25 92 6 82 60 62 42 47 49 35 31 35 0 79 69 27 94 96 80 74 45 0 3 100 14 38 8 19 63 90 66 26 74 40 36 25 1 9 26 83 34 59 38 92 59 74 27 91 63 95 85 53 64 37 85 42 39 74 56 87 46 95 91 27 63 8 43 78 15 86 43 8 14 100 25 96 83 55 96 99 97 82 16 7 68 31 10 76 92 98 70 28 42 73 6 34 21 100 43 18 25 69 25 29 88 14 28 44 25 85 40 84 23 49 21 96 20 43 64 4 14 1 40 18 49 79 35 47 19 66 91 26 54 63 2 2 43 55 81 29 3 51 21 79 73 71 33 38 68 38 14 69 94 26 88 47 34 20 20 32 79 98 85 64 100 40 32 57 82 92 88 48 7 92 31 69 7 13 11 77 70 32 52 63 17 96 23 7
100 12 92 80 93 16 91 20 21 12 22 14 88 0 47 50 2 1 43 52 10 4 34 43 5 79 19 53 74 19 38 25 42 37 80 27 20 68 98 62 69 59 24 50 39 4 66 28 99 30 82 34 84 3 41 76 83 75 5 12 54 79 63 95 18 75 56 13 67 100 95 46 18 97 34 100 22 24 89 95 57 70 29 84 85 93 98 25 28 36 36 29 92 63 61 18 34 8 56 20 91 25 94 49 72 26 1 24 62 12 80 94 32 16 33 75 70 57 61 73 29 98 9 53 60 4 26 33 35 20 66 80 28 26 88 7 11 78 84 10 2 71 62 10 38 42 40 71 70 50 36 60 72 23 30 30 54 59 0 92 15 9 69 46 1 43 99 7 100 62 0 42 61 64 52 49 41 77 36 2 50 94 55 15 12 43 22 67 91 71 28 18 22 46 68 59 61 61 88 65 42 58 38 85 7 79 80 12 23 53 16 60 56 72 36 52 27 31 1 62 66 69 8 72 45 75 10 40 96 54 30 4 79 85 30 18 56 95 90 28 39 27 24 29 23 72 21 15 10 54 65 79 22 4 22 11 64 19 71 51 12 89 4 48 63 82 30 52 58 65 100 92 86 12 96 76 46 67 0 77 89 72 16 85 61 72 81 94 56 2 91 0 48 91 77 60 90 72 38 65 37 9 4 47 40 49 37 74 60 8 100 38 39 29 3 54 73 30 17 20 69 66 18 42 93 44 20 76 81 78 41 27 74 87 29 64 51 57 83 96 11 62 2 60 96 56 71 85 79 99 67 91 20 72 13 31 80 80 57 77 71 49 11 57 20 92 64 51 95 75 33 44 14 83 89 95 71 99 35 78 77 48 82 96 88 58 49 47 9 77 37 39 14 85 82 54 79 99 95 4
39 25 76 9 2 79 11 49 74 92 59 33 56 99 13 35 78 59 23 18 8 81 59 28 44 1 73 74 28 0 54 7 41 29 69 0 5 54 69 46 83 86 11 81 93 50 73 2 51 71 2 41 78 75 28 5 83 83 87 2 25 93 68 5 41 70 54 81 44 84 3 84 7 24 87 63 0 66 16 69 39 34 11 5 27 40 33 94 69 90 65 16 41 79 39 90 36 36 93 32 38 14 11 48 19 36 30 41 50 73 24 41 33 35 77 94 48 7 42 43 69 23 72 7 48 1 16 19 38 75 60 27 31 42 27 92 15 32 59 23 49 59 74 1 4 96 21 6 82 45 15 34 37 77 8 98 57 100 100 33 79 94 52 63 59 64 62 93 16 85 100 20 35 65 4 6 79 4 4 76 0 92 52 63 73 49 10 74 72 92 67 41 30 45 57 60 87 81 87 45 32 99 30 13 73 66 84 83 71 66 81 50 83 42 13 52 76 13 66 35 49 27 36 89 14 92 71 95 3 16 57 7 96 66 75 52 75 6 48 62 88 96 76 94 17 88 33 0 33 39 91 90 89 70 94 37 36 15 48 89 58 66 52 20 29 83 5 64 84 91 13 58 33 31 43 79 100 88 51 74 83 68 29 58 37 68 45 37 85 36 94 60 78 66 8 48 94 39 0 49 66 52 53 20 30 32 38 80 5 58 33 31 94 66 20 28 9 64 39 73 68 46 76 40 64 84 31 50 17 56 22 96 28 54 74 69 81 29 24 94 62 91 45 68 66 87 44 88 41 10 31 54 31 35 0 74 9 73 61 56 65 75 26 16 66 83 85 84 54 37 95 96 85 22 92 73 35 23 5 8 73 18 17 55 42 100 59 76 3 97 44 91 15 68 72 46 34 29 45 66
37 93 32 1 50 87 15 18 24 21 69 16 84 16 85 41 33 42 61 42 31 88 27 61 78 12 22 92 23 68 21 54 61 8 10 79 88 80 77 75 34 49 53 19 1 96 79 88 28 4 69 20 9 47 11 36 97 49 21 59 36 49 29 33 54 47 88 13 61 67 38 56 70 55 56 2 44 83 57 73 23 80 95 87 77 54 2 99 12 11 0 92 61 0 99 16 61 44 86 97 61 3 61 6 49 86 12 48 86 18 80 3 55 17 21 97 67 73 90 67 8 0 16 99 46 89 20 71 79 71 80 26 84 24 14 0 79 40 42 86 49 19 49 6 36 36 74 57 78 92 30 50 100 38 64 10 88 22 61 78 41 8 78 87 64 88 48 20 7 31 25 38 30 53 16 3 61 46 45 68 97 53 48 8 13 100 37 47 21 19 48 92 46 72 78 98 88 57 94 95 13 53 100 87 37 41 28 62 99 62 81 37 66 21 16 50 92 86 53 66 45 0 26 38 15 93 35 26 63 13 73 16 52 87 21 31 81 5 89 48 29 89 58 1 10 15 71 89 100 42 50 8 1 55 0 39 47 97 38 65 59 71 55 6 42 25 81 79 10 21 72 96 18 28 53 100 54 97 84 25 6 47 45 18 68 91 100 82 47 72 58 60 66 54 54 77 67 50 29 4 51 53 23 48 77 13 37 52 65 3 12 34 62 39 84 25 45 99 23 80 53 52 59 73 69 52 93 70 54 4 46 62 56 90 85 100 94 75 72 97 65 36 3 81 46 93 2 7 46 61 99 20 0 89 74 17 34 17 77 16 72 39 2 82 24 69 96 43 75 99 80 13 10 13 55 39 97 98 58 99 71 35 85 33 71 54 29 9 44 66 14 7 53 83 13 89 36 34 23 89
27 91 43 80 50 24 28 18 32 59 81 86 25 50 18 57 24 48 59 38 61 80 62 55 9 2 84 54 17 86 62 52 93 52 8 25 77 61 41 1 73 94 25 97 25 36 79 90 100 73 60 21 42 17 99 98 87 54 38 59 69 58 82 48 97 79 83 56 4 23 17 100 65 56 81 43 19 47 70 99 4 92 24 70 1 63 9 80 36 90 14 41 31 18 57 79 45 59 73 67 52 95 82 90 63 47 73 25 26 6 8 39 100 45 73 23 46 65 88 51 3 80 38 66 98 0 23 71 74 75 27 85 38 75 34 77 100 68 1 29 14 47 44 76 68 11 4 98 47 50 40 52 56 39 0 85 72 41 81 49 94 83 34 19 56 76 77 78 66 90 27 91 51 24 36 25 37 42 85 75 60 84 82 64 73 51 15 66 68 78 53 17 36 55 33 44 84 75 31 49 82 70 14 7 59 96 31 70 56 61 24 97 65 39 9 3 31 34 59 72 89 25 24 22 72 53 67 53 90 50 72 15 71 31 39 31 86 96 66 92 31 85 40 39 77 8 22 67 83 18 77 47 72 37 88 31 10 28 13 100 67 72 84 41 55 63 36 42 86 75 75 70 87 39 79 34 63 33 39 54 26 17 67 21 7 59 5 64 33 23 79 24 25 13 90 93 3 24 62 47 62 0 88 39 91 68 12 60 10 95 38 97 13 28 92 59 11 35 4 75 8 8 13 62 53 18 11 76 55 18 70 50 34 80 50 95 45 76 37 53 100 89 55 97 60 17 41 81 56 83 41 56 9 99 73 98 79 26 38 55 13 9 33 45 38 42 43 66 32 96 31 70 52 14 15 91 39 53 20 17 93 80 17 27 14 94 83 6 68 17 63 55 22 13 86 15 56 23 58 68
62 96 28 89 17 58 82 63 26 22 17 59 38 82 45 6 76 52 6 73 52 13 5 18 91 53 55 23 55 38 22 19 42 91 24 7 50 99 43 65 14 57 37 67 57 44 87 50 3 4 78 70 98 75 96 78 51 14 75 67 17 92 97 12 80 100 14 71 72 72 43 1 43 80 56 87 13 2 69 57 54 74 70 81 94 10 23 83 100 57 1 62 77 54 31 72 34 56 39 24 37 83 16 78 14 46 84 80 73 92 33 1 45 2 57 79 52 85 43 72 88 32 42 28 13 97 12 2 46 99 23 84 12 4 76 46 49 2 77 97 24 74 54 69 63 19 98 83 48 82 80 62 7 37 30 88 61 3 89 44 11 68 12 18 16 29 49 80 90 38 86 94 42 82 9 32 28 83 41 83 9 67 40 14 66 60 56 37 95 64 51 50 51 98 37 100 40 98 1 53 94 6 5 22 41 0 97 2 86 50 56 87 55 88 59 0 83 52 63 72 52 12 42 63 71 30 72 62 32 47 86 62 94 26 98 88 49 54 1 38 24 68 56 80 96 7 72 23 32 56 83 46 63 55 95 27 42 37 6 90 86 0 83 24 40 96 54 63 72 19 11 74 57 21 93 70 46 13 67 47 99 52 13 20 20 65 37 66 55 74 79 31 41 95 8 76 50 30 45 65 4 41 70 7 57 0 14 56 60 69 77 22 15 91 17 76 18 13 21 12 43 42 29 32 56 14 40 53 47 52 41 67 77 76 65 38 74 10 83 75 42 100 50 32 81 7 68 52 28 26 100 46 31 4 95 94 96 11 51 20 72 73 20 52 87 60 1 97 34 39 72 45 26 3 29 17 49 26 60 33 39 39 62 9 64 32 74 87 11 22 33 35 57 9 12 90 16 20 82 31
17 11 44 52 24 66 43 59 4 93 30 63 36 71 16 57 89 31 18 45 18 69 81 59 100 16 76 30 96 92 2 61 11 45 75 65 16 78 19 61 75 30 34 49 95 45 23 92 2 0 53 56 48 46 96 26 21 78 16 83 35 18 18 57 29 83 53 13 61 81 15 70 33 55 45 45 62 36 48 92 18 99 52 12 60 3 74 16 17 54 73 8 68 83 29 7 75 50 88 20 32 33 74 99 84 90 13 36 49 57 95 34 78 71 19 66 44 46 20 80 31 19 54 60 95 15 27 59 86 73 5 60 31 10 26 91 39 8 37 8 50 10 90 58 71 72 81 15 24 68 1 47 97 14 94 26 54 41 32 79 66 69 20 71 34 39 89 19 54 52 54 36 97 99 1 40 100 87 14 63 63 17 43 9 47 9 56 43 81 1 32 16 89 55 52 19 97 33 25 79 31 45 97 32 36 25 60 81 54 90 85 44 2 77 21 59 42 55 93 97 86 37 13 31 47 76 46 97 89 86 4 42 41 41 36 40 4 33 32 23 54 9 6 51 68 43 7 60 53 62 33 34 3 78 75 90 51 71 63 6 41 29 30 39 25 26 30 4 90 77 68 85 96 12 77 81 38 95 59 100 74 2 18 73 38 26 11 3 29 33 29 19 34 79 98 24 82 8 17 97 70 73 91 89 94 7 2 0 4 95 61 17 13 53 31 12 43 38 32 98 57 38 77 83 79 8 23 77 71 36 99 29 99 45 52 57 38 46 10 42 0 87 57 69 36 16 75 45 77 79 42 7 77 82 95 91 32 21 38 73 24 53 81 41 30 17 6 40 70 86 79 3 24 37 8 82 6 76 58 36 32 3 65 7 33 16 25 48 5 79 91 39 24 95 61 16 44 76 20 10
98 82 11 53 90 48 9 5 74 9 100 7 26 40 84 81 67 39 98 20 2 100 91 74 87 39 50 33 53 57 39 100 13 33 10 83 63 25 58 3 23 46 29 94 13 40 12 18 12 94 15 91 49 21 87 4 48 59 69 87 6 8 88 57 5 5 98 10 57 9 42 13 73 72 22 58 64 23 79 75 94 16 51 46 40 31 60 46 22 29 93 17 46 8 81 17 14 55 19 30 33 96 7 31 8 4 64 99 55 30 93 13 65 42 8 71 33 18 35 96 87 98 87 50 86 24 25 12 98 82 94 71 90 99 68 97 94 40 36 72 16 8 25 26 35 49 82 23 83 84 82 84 76 99 69 82 3 66 53 11 47 21 21 6 88 40 62 53 38 82 99 100 17 100 73 20 59 92 16 33 15 64 11 11 89 90 76 34 48 39 77 69 31 41 86 10 51 93 14 5 82 12 21 90 35 22 28 24 75 61 78 9 62 27 63 52 84 94 96 79 15 46 18 98 2 19 16 15 17 8 86 77 26 35 18 97 84 0 85 62 42 40 4 41 65 74 5 47 34 98 35 53 94 38 92 29 8 65 64 68 47 91 51 5 72 90 13 61 15 67 2 12 65 74 19 18 97 29 69 90 88 6 42 91 18 41 50 29 76 99 39 2 5 54 89 83 37 63 43 72 84 26 15 69 43 89 54 75 82 49 90 24 77 90 51 93 9 68 100 22 17 77 58 65 37 32 12 17 51 59 6 14 32 72 19 43 62 41 60 60 5 76 24 72 54 51 16 71 14 18 90 18 45 54 94 45 12 9 43 85 36 22 97 7 65 88 72 38 32 34 17 79 83 88 3 7 16 91 79 8 58 61 31 21 84 56 68 86 25 17 62 46 10 92 70 56 76 0 65 57
75 35 19 97 17 35 8 25 10 23 48 25 51 44 55 14 19 33 52 80 87 26 93 0 69 74 66 84 64 67 16 39 7 27 68 33 69 93 98 3 98 48 92 31 70 84 76 100 58 41 4 71 50 70 81 55 33 38 96 90 49 88 38 32 70 15 87 16 46 55 25 10 49 58 0 56 49 9 0 69 5 6 60 32 98 44 75 48 54 41 84 30 86 71 75 13 48 1 82 68 64 36 67 96 48 20 72 47 79 15 85 25 93 83 25 53 38 70 70 60 20 20 94 61 40 98 11 68 76 64 66 99 68 95 57 51 98 100 25 93 77 69 92 86 79 54 50 35 12 75 45 68 10 10 5 50 27 52 16 53 14 68 61 37 92 74 13 83 84 91 64 94 15 93 98 79 3 62 10 43 91 28 5 81 56 22 97 24 93 55 38 35 82 42 64 36 90 41 84 61 99 9 77 40 62 32 26 66 33 63 55 98 66 89 80 27 62 91 51 50 47 28 37 57 82 6 82 9 26 54 95 10 56 53 66 40 46 82 20 27 7 8 13 37 96 84 13 86 39 32 68 78 39 42 41 20 89 37 19 54 59 55 8 96 100 1 5 2 17 94 54 76 57 52 46 79 100 63 22 22 97 12 99 61 5 48 54 85 56 0 21 42 10 15 62 61 82 0 86 72 71 24 66 75 21 81 71 28 51 64 24 20 56 14 35 56 60 1 26 82 97 46 25 22 89 90 74 24 96 48 20 1 60 62 68 19 78 24 74 11 24 97 0 35 28 50 88 84 29 21 53 19 91 34 87 75 2 11 2 58 71 42 31 88 70 46 39 16 9 59 43 25 4 41 22 72 8 49 17 63 66 95 72 21 42 80 24 87 45 5 53 37 81 18 84 28 83 67 58 28
79 57 13 3 81 34 54 94 31 75 85 54 59 18 5 13 84 0 50 93 55 73 58 75 34 87 81 87 95 63 70 81 64 51 41 100 95 59 85 40 67 67 23 97 49 22 80 52 37 13 90 38 24 30 5 17 41 69 67 50 71 46 64 95 23 29 29 7 92 10 32 25 60 71 10 63 1 13 33 37 36 26 98 53 22 51 86 85 55 9 14 58 35 23 20 33 36 89 22 96 67 14 36 38 82 60 35 88 14 21 69 85 58 75 7 87 83 30 30 32 89 64 61 62 85 39 5 6 20 29 75 48 44 58 65 11 42 71 74 84 28 64 82 11 12 51 89 74 62 91 53 56 43 99 19 27 66 1 55 78 86 1 56 69 45 59 94 57 13 88 39 72 40 40 70 59 49 22 95 100 74 11 14 75 36 94 75 89 97 53 85 38 33 86 73 82 60 100 98 28 1 6 91 48 18 23 9 59 70 54 14 34 68 44 7 38 17 66 80 72 71 47 21 44 62 39 73 23 69 48 12 53 44 42 59 33 18 98 37 42 86 55 27 45 97 98 37 13 0 77 94 95 46 84 92 95 16 85 21 67 61 27 37 38 89 57 71 68 32 50 8 54 55 76 37 22 36 27 59 86 43 58 0 32 30 28 66 39 9 86 10 6 33 9 31 58 84 35 17 0 89 80 67 76 65 65 28 52 96 55 76 46 9 34 42 14 55 2 67 3 26 24 61 100 20 41 18 68 83 35 38 22 16 58 6 42 74 39 21 17 90 9 41 5 23 28 57 38 32 77 92 27 76 79 67 74 39 33 12 76 100 62 42 25 1 18 90 83 20 33 41 68 0 60 86 21 62 84 86 91 47 73 35 38 38 37 49 40 89 51 12 39 58 74 68 49 96 98 43 43
75 78 81 5 67 18 69 64 99 68 37 40 34 92 68 52 30 10 76 31 7 82 1 38 73 97 52 65 74 88 69 64 32 87 90 89 69 78 30 27 79 10 91 99 52 27 15 83 66 56 29 15 97 37 33 23 55 45 89 8 26 98 94 16 56 30 20 66 83 90 19 64 22 40 53 1 19 9 63 39 54 61 52 94 31 16 17 31 44 1 32 58 37 44 21 7 61 93 5 95 24 14 68 66 33 99 33 40 64 41 11 73 59 0 11 41 13 49 27 99 74 58 10 10 36 54 80 29 14 69 0 8 11 59 8 39 81 25 3 51 29 69 18 100 31 32 96 84 89 35 51 97 15 26 54 47 72 74 95 91 77 36 21 0 15 6 89 7 4 44 78 92 44 43 65 97 78 57 47 92 13 34 51 17 29 46 70 38 36 79 86 19 76 52 14 44 68 39 84 59 63 75 84 98 97 7 42 84 26 98 46 5 90 19 85 19 83 11 9 53 15 94 90 86 44 22 65 79 16 24 86 3 42 54 50 57 82 34 87 88 69 90 94 35 7 41 62 21 39 84 47 72 48 86 25 91 43 45 77 58 31 38 72 71 81 90 64 33 12 3 95 78 28 1 45 26 54 7 80 93 12 47 55 43 71 100 68 79 50 0 15 75 43 67 66 34 64 20 58 78 90 11 67 56 60 53 69 76 52 33 87 51 24 40 15 79 67 15 19 46 17 24 31 45 66 55 65 77 2 3 40 60 91 58 22 77 36 58 25 88 66 18 55 53 67 80 98 16 19 34 0 65 16 87 7 9 35 17 16 65 74 31 29 43 57 33 81 90 27 66 99 33 71 51 17 64 5 27 49 70 94 78 99 40 31 6 76 31 36 86 41 52 96 84 73 29 93 85 75 52
35 5 30 17 50 23 65 56 33 83 64 12 24 3 97 30 61 63 79 84 27 44 26 76 11 77 93 55 65 56 28 3 81 32 37 63 78 53 8 40 63 79 42 39 80 21 95 90 99 12 48 64 96 0 81 73 11 67 87 24 39 82 90 89 29 34 93 69 14 70 100 39 83 72 28 43 9 22 79 68 81 54 11 6 75 30 72 52 12 57 50 94 39 65 16 28 58 65 55 83 67 98 0 96 20 54 66 10 48 73 99 65 7 61 37 88 21 62 67 42 48 88 53 0 30 84 62 16 97 29 37 60 49 89 90 46 85 49 3 71 35 26 80 14 21 40 92 96 63 27 88 6 22 11 87 5 85 10 39 2 87 63 51 25 24 60 75 95 36 7 44 26 84 54 31 29 3 38 7 39 96 31 89 48 5 82 73 78 9 28 19 5 39 71 47 99 93 45 71 50 25 22 50 18 75 57 41 34 28 38 70 53 98 39 78 73 15 11 4 14 14 30 63 98 13 57 63 37 100 95 31 84 91 93 70 81 90 16 21 100 32 69 56 27 74 90 72 8 70 60 40 46 38 59 53 17 87 97 76 94 50 74 92 87 39 16 87 53 93 26 70 16 72 18 73 68 15 88 54 53 76 69 68 65 25 22 76 26 75 69 19 45 54 55 31 68 59 73 43 53 89 69 37 43 25 98 62 8 75 68 77 90 27 40 39 32 75 24 76 67 61 84 94 31 19 7 57 37 52 25 79 45 96 58 23 65 51 37 71 95 37 41 46 24 91 43 17 62 95 82 94 69 2 29 36 4 29 19 84 44 12 94 81 42 19 50 37 43 27 11 93 3 17 8 83 11 33 27 88 77 94 75 48 79 27 60 41 61 87 94 9 66 47 87 83 98 52 80 74 16
75 82 3 27 21 18 8 27 100 85 47 60 73 33 39 9 10 15 63 81 70 88 41 3 16 35 32 63 59 15 96 41 19 86 18 67 35 61 91 8 23 26 97 33 96 31 92 45 62 65 58 70 71 34 46 34 68 61 94 37 96 98 40 0 20 89 60 51 42 100 45 46 93 17 77 64 92 93 63 20 67 86 21 26 13 54 90 81 46 19 68 72 95 65 42 65 80 1 70 27 93 66 32 52 50 3 26 76 73 18 89 24 44 76 16 96 90 70 99 44 96 63 3 44 80 58 8 95 76 17 60 94 34 83 81 29 47 79 19 81 51 11 7 17 7 18 7 31 81 74 56 93 61 4 56 58 81 83 90 95 20 73 79 6 52 91 41 29 16 67 76 37 71 41 18 24 20 79 83 56 42 6 98 32 12 54 11 65 74 95 47 73 16 14 79 14 56 53 7 58 96 88 68 49 60 19 63 26 20 62 89 14 63 32 85 53 77 32 19 2 27 53 55 0 94 98 19 54 70 85 37 9 30 60 90 84 78 8 2 69 44 0 77 40 4 9 93 38 64 68 77 3 95 60 26 98 40 95 38 100 29 9 24 74 55 57 46 82 72 21 83 81 48 14 58 2 57 28 56 18 60 55 11 100 7 44 15 45 21 69 76 3 0 13 44 49 44 13 68 89 89 21 33 88 48 68 12 61 3 35 79 89 57 68 15 37 9 99 46 64 42 62 37 37 61 9 40 1 65 95 7 70 54 68 18 99 71 16 55 22 66 51 23 74 81 40 73 75 52 3 50 88 88 80 3 42 31 19 52 27 15 8 33 16 36 100 41 99 37 47 5 21 48 1 24 65 10 25 2 11 85 59 73 46 54 13 5 30 58 68 73 34 13 83 23 53 94 85 41 2
9 67 23 26 6 30 85 11 20 84 69 47 37 42 49 3 28 37 66 26 23 23 76 91 19 42 31 19 26 9 35 45 12 61 14 66 23 77 18 78 24 4 68 86 28 59 63 4 47 72 88 22 22 73 3 78 23 74 38 70 66 16 24 42 55 10 18 53 67 14 78 99 22 88 24 15 25 44 5 6 25 70 68 59 54 31 32 97 35 96 84 25 85 52 55 23 68 59 43 23 98 32 27 22 9 92 59 73 56 17 91 57 3 58 6 27 31 75 0 21 19 35 25 61 81 69 51 84 78 29 81 21 68 32 88 13 28 77 83 29 30 32 36 24 35 68 4 41 16 79 68 71 59 77 33 82 86 68 54 16 94 41 13 21 46 99 14 24 90 65 66 75 45 76 18 68 87 14 74 73 32 7 57 39 71 85 8 36 89 69 70 95 15 100 73 36 92 46 50 28 6 72 13 79 65 30 61 1 23 20 67 11 87 41 83 26 58 33 72 93 72 52 43 23 12 3 35 88 54 54 4 45 12 71 90 8 77 88 1 95 34 70 5 69 22 71 35 99 32 12 2 55 22 93 69 62 3 72 53 28 23 76 12 59 96 35 33 69 69 27 80 76 74 90 72 51 13 53 9 25 67 30 69 63 49 81 32 78 44 99 76 85 10 71 64 72 73 59 82 62 87 85 64 40 21 83 17 28 0 10 73 31 83 11 13 52 77 84 63 78 53 32 60 92 79 79 35 3 24 74 69 85 46 89 45 97 46 50 94 46 91 53 78 77 40 79 36 29 82 13 99 8 76 25 72 86 71 69 94 27 69 68 86 56 53 47 30 46 34 4 53 3 19 96 44 100 8 0 75 4 36 48 79 5 68 45 83 27 73 85 19 88 71 27 60 65 100 15 28 3
64 23 92 50 36 22 30 48 14 64 54 96 46 74 11 86 42 18 69 56 92 53 30 79 85 82 64 67 73 67 63 98 62 49 13 40 0 30 73 49 27 88 43 77 9 56 20 40 2 50 9 75 84 88 34 78 30 7 16 30 9 10 65 54 12 48 82 78 31 81 88 100 57 77 8 70 37 94 21 78 11 30 19 49 61 83 22 46 52 42 54 45 13 56 77 2 16 80 22 0 65 60 60 84 73 71 26 29 57 54 73 36 14 23 58 30 0 75 81 5 48 89 0 37 67 25 64 28 91 74 31 86 89 13 67 60 82 12 77 56 47 82 3 24 31 76 24 95 0 30 33 76 56 9 27 95 30 95 73 41 27 99 56 84 34 1 39 78 46 54 7 99 25 6 88 95 12 56 50 45 82 86 50 42 56 50 39 37 38 33 74 54 71 77 96 17 92 9 49 16 78 45 49 51 25 57 14 61 53 67 38 21 27 33 100 89 42 32 43 44 85 69 62 28 10 70 1 50 18 24 89 44 32 85 30 25 92 21 27 74 49 36 39 93 22 61 60 56 81 36 53 19 47 66 46 37 9 75 56 66 77 93 68 60 43 93 52 75 6 85 78 45 40 95 76 58 90 52 45 25 12 39 88 1 2 37 22 38 30 1 69 10 67 85 29 17 100 84 64 76 93 68 6 43 40 71 25 0 91 25 90 35 61 38 90 63 82 76 48 41 93 20 60 14 96 47 29 2 44 100 13 38 82 44 8 73 43 88 89 15 92 84 36 57 77 10 56 45 76 5 17 85 68 91 87 86 10 64 90 47 19 64 29 24 22 47 19 98 94 36 2 93 79 29 57 39 67 21 22 79 56 8 44 7 16 6 15 3 97 68 28 62 99 45 65 42 95 25 27 46
26 77 23 14 74 33 82 28 54 33 64 9 90 8 27 72 6 28 89 30 56 38 18 19 73 91 87 90 71 67 43 17 51 44 83 2 63 23 78 52 66 5 42 35 57 100 23 43 37 40 55 46 64 89 65 56 56 41 58 21 100 6 53 93 28 57 3 97 6 87 58 57 42 33 38 64 93 33 76 55 76 17 77 39 97 41 85 90 67 26 38 98 41 62 49 58 13 31 1 24 59 98 40 54 27 12 88 41 9 43 89 96 35 83 56 32 99 95 32 20 41 32 68 86 6 18 4 88 75 90 88 93 99 32 19 14 64 61 97 25 84 92 27 98 75 53 98 6 85 74 56 19 66 26 72 57 16 72 43 64 9 0 57 42 40 47 41 10 86 93 43 64 99 10 19 16 87 33 49 9 78 44 86 5 90 37 90 46 74 90 90 41 73 62 30 50 64 68 40 38 59 21 6 93 95 16 23 51 92 5 61 37 78 40 2 32 58 16 15 14 24 9 41 93 11 69 65 86 86 68 29 97 90 9 34 62 54 63 36 95 38 99 30 87 93 31 16 52 2 12 84 91 13 12 90 62 50 3 90 26 25 98 36 57 35 17 79 4 63 6 99 50 95 94 47 11 55 32 14 75 55 91 8 1 56 44 73 93 13 30 72 63 60 43 73 11 49 21 39 92 31 99 83 76 57 26 2 33 49 71 7 73 41 42 56 9 29 59 52 84 45 83 87 38 57 83 17 95 89 53 72 48 88 65 34 45 44 53 14 31 91 70 84 65 62 24 74 42 59 65 53 71 71 27 68 40 22 94 72 72 89 25 56 67 23 39 71 13 100 65 84 31 96 42 66 20 38 1 93 77 66 10 47 30 58 33 36 18 70 78 48 31 95 62 91 29 23 70 86 45
5 38 84 58 0 84 69 62 38 64 60 26 84 54 5 61 93 83 99 89 12 32 20 3 22 53 90 68 6 96 42 14 14 52 6 56 31 93 86 75 17 88 91 89 73 53 88 49 80 81 48 41 86 48 57 78 36 33 25 96 88 85 17 40 1 31 68 89 33 34 46 69 23 27 50 92 67 65 95 76 47 79 42 47 98 26 47 28 20 67 82 67 1 90 74 96 23 5 56 55 47 23 48 99 37 10 72 28 39 37 72 21 6 77 59 75 29 36 40 34 52 70 22 60 93 61 8 1 76 13 74 6 40 98 89 88 91 36 97 36 61 85 18 13 66 40 81 58 23 16 55 71 69 98 43 84 31 51 74 60 26 72 4 6 93 44 96 11 29 51 14 57 7 71 53 39 24 59 52 86 40 82 9 85 5 87 44 59 26 63 38 94 33 48 89 2 73 13 65 66 88 58 91 11 45 12 68 22 11 26 38 97 77 2 73 77 6 0 46 18 65 81 94 37 96 84 50 86 84 65 64 28 71 67 43 84 97 2 21 9 94 30 23 75 44 16 51 40 88 59 11 6 32 40 29 91 28 97 58 35 2 12 25 75 16 14 11 16 7 97 35 4 44 40 89 44 33 49 84 17 68 22 6 95 88 77 4 22 12 78 31 55 34 82 32 83 3 83 61 19 22 15 91 3 9 51 60 99 26 47 83 23 84 42 77 22 54 89 32 34 38 66 98 10 60 90 68 99 73 12 90 44 68 43 93 83 42 78 75 22 54 98 47 85 27 4 41 71 99 75 36 22 38 39 98 16 6 59 93 34 36 2 43 32 26 33 2 41 1 28 72 95 86 48 23 69 78 16 94 58 81 16 82 3 3 84 27 14 51 82 63 70 96 30 49 79 14 85 35 99
72 14 78 82 12 95 19 97 100 43 30 72 79 34 31 24 83 50 4 1 57 97 82 30 35 96 23 50 97 2 46 30 1 44 57 83 13 33 68 61 24 59 43 0 14 4 1 69 51 58 59 68 65 51 86 68 65 17 16 28 39 78 49 6 58 31 61 70 99 7 13 12 71 23 2 25 80 80 51 68 21 95 24 55 76 27 32 30 8 73 50 26 86 83 48 17 73 31 67 51 69 16 97 24 0 63 2 66 10 23 3 95 95 24 2 54 19 24 19 35 100 37 90 91 91 38 99 5 66 69 32 36 5 3 88 97 56 8 53 74 23 16 43 45 57 35 62 82 31 16 92 73 74 47 1 25 31 47 2 78 75 80 92 45 24 38 1 48 96 26 9 27 96 36 49 98 67 41 32 80 34 88 44 92 54 56 74 72 35 30 93 64 3 16 64 25 54 27 91 34 42 92 75 39 9 14 30 62 89 14 68 33 97 87 58 56 81 77 28 10 27 51 44 12 0 34 52 78 81 23 75 83 22 49 59 15 53 22 65 67 28 83 77 35 58 45 11 20 7 31 45 99 42 15 39 67 63 14 11 41 56 47 34 53 65 32 85 40 72 63 94 57 79 45 69 44 40 3 43 1 85 99 61 4 78 47 1 52 67 64 27 87 58 39 10 96 87 63 59 98 11 91 66 68 1 83 69 18 87 91 5 13 13 17 55 9 15 67 16 55 62 93 87 86 88 58 72 2 51 79 32 3 20 76 62 96 57 67 37 32 50 4 53 77 81 43 66 49 57 7 8 29 82 63 49 85 19 52 42 60 33 15 63 37 69 58 66 32 20 59 57 90 1 64 49 79 93 70 32 100 78 71 37 0 41 22 53 17 11 21 64 48 42 58 88 72 20 10 38 16
64 10 72 94 86 4 43 36 69 34 16 92 47 53 5 61 1 19 39 93 60 76 37 15 40 32 84 46 1 72 54 17 62 34 48 18 49 36 70 13 39 11 14 93 90 44 42 70 92 4 64 90 4 90 21 58 85 51 89 75 52 66 22 24 29 67 0 36 62 59 100 4 71 50 92 68 39 53 6 42 94 32 64 48 42 92 19 89 57 58 40 86 58 76 72 69 64 87 41 16 27 47 82 21 43 40 21 81 30 1 21 88 53 20 43 19 81 91 32 18 91 64 36 16 90 84 26 40 73 67 3 77 92 27 30 31 85 44 49 42 19 15 0 48 13 58 7 14 97 5 85 100 37 67 95 2 39 59 32 67 14 24 17 53 84 1 21 39 74 64 44 86 25 85 18 23 13 23 64 74 31 51 44 83 9 40 99 54 59 72 21 24 98 26 60 37 84 58 87 60 61 57 58 80 63 27 53 27 75 77 11 82 19 76 14 98 33 95 34 90 90 76 90 27 19 92 29 75 69 20 47 29 34 71 74 20 18 10 56 13 77 46 4 72 70 77 13 81 84 49 43 77 86 7 54 25 83 84 24 69 95 5 59 52 24 40 59 9 89 16 27 61 75 13 1 94 43 88 66 74 59 23 58 16 75 37 64 40 28 30 57 63 93 70 43 47 85 79 100 95 50 1 47 51 84 50 63 22 2 72 73 43 20 49 66 69 5 63 13 74 2 30 49 85 32 14 16 39 54 16 80 88 34 91 64 3 68 9 71 42 38 75 2 42 24 99 71 81 14 29 56 66 74 34 97 83 60 70 57 17 4 32 82 0 9 92 66 12 71 47 85 17 32 67 37 38 92 62 16 62 43 20 25 21 67 98 1 31 47 73 45 95 23 18 51 24 76 13 83 6
73 94 96 48 34 14 48 54 41 89 71 22 84 86 47 2 14 86 7 68 23 88 40 31 37 94 13 3 22 91 11 32 29 62 39 77 93 18 28 70 48 10 83 3 55 77 40 72 14 0 28 4 12 22 46 98 16 38 65 12 72 15 58 61 69 78 2 88 19 84 1 27 91 29 70 43 10 32 17 54 83 49 66 74 82 93 74 89 12 29 49 34 46 40 28 94 67 61 58 4 40 88 65 71 0 93 48 60 47 77 49 100 31 24 68 91 52 88 28 38 42 75 30 21 15 45 50 39 78 82 74 54 88 96 99 53 40 1 4 70 73 9 41 97 99 17 99 54 85 31 36 68 57 99 44 88 87 56 59 17 60 51 95 55 59 83 98 53 68 56 45 21 95 18 81 34 89 40 57 41 21 21 11 94 71 10 28 11 35 32 67 56 70 69 21 81 45 9 97 73 7 94 6 97 45 99 37 88 52 60 87 41 8 49 57 92 76 36 48 87 38 85 64 89 11 14 57 96 14 43 38 64 42 56 18 68 8 78 4 4 87 80 35 53 6 49 28 24 68 12 7 36 100 4 29 6 52 56 98 42 5 12 94 95 90 12 46 65 22 49 46 73 10 38 20 37 20 72 36 79 87 0 44 69 32 98 53 7 89 57 38 20 95 41 68 83 62 60 19 15 30 21 57 40 54 96 93 46 77 36 62 70 55 90 60 66 38 60 99 67 22 66 82 55 10 67 31 27 1 36 29 54 19 84 88 23 80 80 50 44 95 88 87 96 21 75 57 59 92 42 59 100 13 57 5 76 46 37 67 89 78 33 98 43 31 17 9 94 33 52 77 14 52 6 46 18 67 77 85 10 67 64 28 80 65 88 80 54 96 18 70 2 61 0 45 85 50 54 16 34
77 82 71 71 77 78 18 18 7 57 2 65 23 33 67 34 99 18 67 16 52 84 92 37 20 93 31 75 47 7 54 90 31 94 23 1 33 41 34 98 87 77 77 93 26 65 38 12 64 88 43 1 66 3 48 29 1 51 24 47 97 69 19 94 90 46 2 15 17 60 40 36 2 62 84 28 76 54 63 76 94 34 29 58 81 75 76 86 1 33 35 48 6 81 73 69 32 26 3 68 21 75 42 100 60 24 75 23 12 89 44 63 80 69 12 28 21 37 31 92 1 91 43 1 6 93 8 10 94 32 76 48 19 5 15 32 23 67 34 9 13 20 55 13 18 30 24 86 73 13 81 26 55 95 7 98 59 3 36 85 19 57 45 75 14 86 59 12 40 63 19 56 45 7 82 39 12 34 38 87 35 3 76 3 31 45 32 99 92 32 90 25 35 32 18 74 100 16 90 8 27 43 26 76 39 14 34 35 16 59 12 75 63 55 9 62 59 100 26 69 31 40 46 63 11 85 47 71 93 68 45 3 48 77 4 49 74 21 98 39 53 69 58 61 93 59 29 30 56 55 11 73 34 89 53 28 41 17 64 35 43 42 54 11 57 59 4 15 37 21 99 68 83 44 11 10 2 21 46 89 52 87 62 0 30 13 42 97 10 51 3 6 76 82 10 11 30 75 71 80 48 26 60 92 15 24 61 11 76 60 64 22 86 95 75 42 100 95 81 9 41 5 17 77 14 43 77 30 40 26 2 91 70 100 27 51 15 27 67 29 85 90 84 43 55 77 20 2 81 36 32 72 46 55 52 46 37 71 0 94 43 74 5 61 66 77 22 3 17 35 70 80 41 30 24 70 20 67 36 45 63 79 97 58 96 68 78 52 88 57 14 16 35 62 92 67 20 56 68 91
12 39 9 29 84 18 41 76 2 1 3 41 90 49 28 60 16 86 23 52 10 30 98 68 37 5 54 97 15 59 16 46 67 87 60 91 3 35 59 32 72 46 51 19 0 15 7 39 72 74 80 70 21 70 33 10 42 96 39 2 86 91 1 81 93 77 51 24 71 24 30 13 33 91 42 75 78 13 51 87 77 39 82 35 84 46 74 20 50 46 75 41 48 1 34 26 57 57 92 30 69 43 25 11 58 53 14 52 52 3 46 59 70 10 57 8 97 40 18 1 67 9 97 86 60 14 73 99 90 84 54 7 73 49 5 69 70 84 57 38 97 64 93 41 50 95 2 47 0 24 27 9 43 100 1 52 80 49 33 61 60 9 80 62 74 23 69 19 19 55 18 44 64 98 23 78 87 29 71 88 43 60 76 79 79 87 24 65 40 8 76 63 57 86 52 44 64 75 34 44 18 38 90 87 55 46 71 48 23 98 40 45 73 90 86 6 82 16 25 99 30 74 66 62 80 7 99 93 81 44 83 83 12 42 48 10 9 24 66 61 7 100 84 67 87 44 77 92 62 32 7 0 63 0 65 53 57 61 45 20 8 67 13 98 51 90 16 86 42 70 99 40 36 86 20 59 20 63 62 96 52 34 54 92 5 1 94 55 66 30 42 31 83 86 28 6 91 73 87 20 71 44 81 0 39 0 47 60 12 3 56 16 20 97 92 97 64 81 14 79 17 97 27 9 79 11 24 30 96 60 1 24 20 0 1 92 80 96 62 3 64 88 91 68 22 12 54 68 20 33 82 66 26 100 96 96 72 51 28 72 83 83 71 51 53 63 81 84 74 61 13 62 34 97 61 62 52 28 9 23 56 9 35 15 63 10 95 18 34 86 100 43 15 69 22 11 77 6 97 9
61 38 6 25 93 58 99 95 40 8 75 42 5 20 100 11 14 46 14 15 8 93 5 1 72 30 71 66 47 49 25 42 37 53 76 61 43 70 81 92 96 44 24 65 33 15 19 94 52 54 36 15 84 37 59 26 70 95 50 4 82 4 31 13 50 68 55 92 78 29 98 77 89 42 2 0 15 99 33 49 4 19 56 35 31 84 18 27 72 95 77 16 30 72 94 60 79 49 87 56 71 88 49 53 19 20 73 2 35 69 15 46 46 42 9 9 1 16 45 13 42 92 77 68 49 2 87 53 62 33 59 15 56 69 38 34 42 40 23 33 17 21 9 50 88 65 77 81 90 25 80 9 37 88 47 79 77 71 88 12 40 8 22 95 42 0 50 57 85 69 66 21 96 83 89 39 36 79 85 51 44 48 66 98 12 90 21 19 2 49 62 21 27 39 25 55 2 41 100 23 88 67 57 55 19 19 30 94 59 93 79 21 10 27 47 90 86 7 81 77 62 0 74 16 51 44 65 9 12 24 5 27 9 42 76 29 20 59 71 61 30 54 40 33 13 44 48 87 9 88 90 9 6 93 33 25 56 39 73 90 39 86 15 99 79 29 58 54 36 33 81 71 37 11 9 7 82 1 50 99 38 20 59 72 30 60 70 49 27 65 73 69 31 10 35 9 79 19 12 11 91 7 34 81 44 16 21 47 68 11 38 44 48 72 50 95 34 33 85 22 58 88 0 48 36 80 32 59 54 4 73 82 40 91 73 46 52 61 49 75 93 70 92 68 56 92 46 60 70 55 25 62 58 14 37 48 92 97 14 17 8 21 38 11 93 39 58 73 19 94 11 22 36 9 53 87 65 66 41 100 18 27 25 33 20 81 11 36 53 85 74 5 10 53 53 29 69 72 22 58
15 45 38 3 51 3 70 90 96 79 47 82 77 60 84 82 49 23 43 51 37 31 23 41 65 50 40 4 84 23 61 31 72 85 27 93 14 87 14 78 27 73 84 28 49 93 24 16 15 15 91 53 91 1 82 77 48 29 30 65 82 96 70 61 31 99 79 6 19 84 47 74 3 69 56 25 73 62 81 74 2 64 98 67 93 38 68 37 64 71 93 86 87 71 22 94 30 68 40 13 94 79 42 79 64 11 65 77 52 53 1 86 5 54 89 68 65 87 73 5 17 59 27 5 83 41 36 6 14 31 6 53 68 74 86 17 70 6 94 67 10 4 74 92 38 36 34 52 88 0 45 68 84 5 48 88 96 73 58 5 65 26 90 70 50 67 14 42 91 84 84 20 82 70 40 75 45 74 88 76 25 24 64 55 20 27 92 3 48 84 70 51 50 30 14 49 79 21 5 4 45 36 97 51 88 88 39 53 55 12 8 47 45 66 98 83 73 56 31 41 84 60 75 40 35 25 89 45 66 40 75 87 21 37 76 32 54 54 91 0 24 57 73 96 19 83 32 64 76 33 45 55 30 84 9 23 21 29 58 12 69 26 83 42 93 28 12 85 45 74 87 80 63 14 52 36 74 41 30 41 1 55 58 84 43 59 55 25 55 5 38 89 85 23 44 35 85 81 86 54 42 97 49 11 9 80 77 10 66 71 97 84 94 93 18 0 17 95 89 62 79 45 84 48 52 13 49 32 79 26 94 17 76 48 5 53 21 5 86 64 97 13 98 96 20 100 12 55 84 0 64 25 67 10 77 55 39 84 44 36 94 76 4 7 76 60 90 72 22 50 84 11 70 94 97 55 32 44 73 23 32 48 86 27 15 51 17 95 84 7 20 32 38 88 72 41 47 48 54 80
25 94 69 2 94 68 35 12 51 83 31 63 17 16 5 18 40 59 5 97 50 73 61 70 24 2 15 19 93 51 42 62 87 78 6 20 38 45 26 42 80 40 5 72 14 11 47 74 42 32 12 8 91 44 42 30 19 76 31 23 100 66 80 7 87 18 9 78 39 54 35 72 3 74 36 71 35 5 68 23 7 88 12 22 15 79 69 72 29 20 49 54 18 13 17 31 37 94 14 81 81 37 37 78 73 97 73 55 88 63 93 38 40 1 28 0 40 76 4 91 16 83 90 84 19 35 87 20 70 96 79 34 14 80 91 99 47 74 3 75 94 54 76 45 8 28 4 97 34 83 84 44 86 32 23 15 63 15 46 10 16 67 94 65 3 68 82 7 32 89 30 68 66 95 5 69 79 90 26 64 22 4 11 44 43 27 90 77 47 48 60 89 29 40 61 73 12 66 22 51 7 23 4 44 39 8 84 25 6 61 13 76 45 39 84 47 86 88 20 14 46 94 8 96 34 32 30 99 44 12 61 22 21 86 100 60 55 66 5 100 70 11 46 6 93 36 26 65 1 20 61 35 41 48 90 26 49 47 6 76 53 55 21 43 78 4 37 62 60 69 67 83 9 37 58 15 25 94 66 71 51 30 40 71 16 27 83 16 56 41 94 34 88 62 0 74 18 98 20 68 7 71 31 33 66 64 40 0 87 61 54 2 61 50 17 88 95 21 59 91 20 89 62 33 4 32 53 80 36 36 28 98 18 80 52 58 51 13 78 31 63 89 88 84 75 93 50 41 80 29 6 89 94 36 28 63 40 2 31 15 48 54 63 71 83 61 58 72 39 24 94 17 88 7 40 46 61 42 67 25 38 17 78 28 17 55 79 0 62 66 63 9 89 94 13 67 85 94 30 13
22 95 14 4 37 5 61 54 10 46 40 54 85 65 56 79 12 2 64 97 71 63 50 29 85 28 20 60 90 93 80 89 74 83 68 64 95 46 78 34 45 82 87 32 12 12 47 96 37 99 40 57 23 71 14 54 16 44 66 20 39 78 49 95 97 33 45 9 100 55 15 57 85 10 6 97 10 83 6 65 83 89 9 15 45 61 17 64 54 67 88 60 51 47 91 30 30 77 96 51 5 69 14 4 47 8 17 35 86 65 56 80 29 31 5 7 16 66 17 50 53 41 50 50 12 30 30 57 23 11 25 53 1 53 53 14 68 65 11 56 66 59 18 11 36 56 74 65 99 70 50 49 85 24 39 21 2 82 1 86 76 67 20 38 85 52 19 99 59 32 75 15 32 52 49 9 9 5 96 90 24 64 10 95 97 17 0 12 86 51 27 64 37 4 84 97 58 64 36 12 39 35 82 68 40 5 19 62 94 43 92 1 51 10 79 32 54 83 85 61 6 44 53 34 66 48 61 42 85 15 75 7 25 40 47 65 7 76 51 13 89 32 84 58 88 14 44 24 83 35 16 28 92 52 19 74 60 20 17 22 17 63 4 54 6 57 67 29 72 39 40 55 67 85 83 100 58 10 36 65 33 35 21 90 52 94 85 51 54 91 74 55 14 91 67 60 3 3 83 80 92 23 25 93 4 89 83 18 93 28 90 13 64 20 15 94 9 50 28 31 62 3 26 41 31 56 98 60 54 11 30 5 38 84 0 4 12 58 32 36 88 22 53 98 53 71 30 16 54 80 16 37 45 49 1 89 28 86 44 78 94 52 98 12 92 59 4 1 90 50 3 76 42 1 17 49 38 40 63 54 63 46 81 78 51 7 55 29 14 30 25 11 89 53 91 99 40 54 3 72
48 68 18 0 54 86 100 92 1 81 100 19 24 7 68 40 39 53 76 62 45 29 49 50 77 58 50 24 93 73 2 72 97 78 4 77 52 34 31 99 1 71 93 33 5 61 48 96 75 62 71 64 51 39 8 1 7 36 7 89 8 66 19 70 88 76 16 54 10 74 11 97 71 61 78 60 6 96 17 48 39 18 19 73 46 16 88 10 36 75 59 98 9 25 68 49 84 56 4 7 12 81 99 43 15 98 87 45 89 44 60 51 76 51 33 32 60 65 5 12 95 56 34 99 46 25 81 14 68 34 39 99 3 60 85 6 77 15 43 85 55 71 84 20 54 91 94 9 22 65 7 10 0 93 34 26 43 1 4 25 27 75 53 81 56 57 24 52 78 27 34 83 1 86 68 27 59 81 18 58 30 40 2 97 37 80 38 56 15 73 69 66 34 39 10 67 69 28 47 96 97 75 81 8 74 4 79 49 62 51 3 43 29 92 40 8 9 50 21 55 86 99 64 33 92 73 45 87 38 74 77 55 18 37 15 99 35 69 41 80 11 36 71 57 71 82 66 45 63 64 19 45 53 44 5 12 7 45 85 59 8 3 90 23 64 17 47 69 36 78 55 91 23 43 17 46 29 58 37 71 18 19 2 38 73 50 29 78 12 19 70 27 39 65 0 91 93 57 40 53 83 30 54 13 27 18 77 53 3 68 93 56 42 37 91 39 6 62 77 90 99 72 54 87 58 21 18 5 65 26 18 11 46 78 36 60 9 11 9 14 14 1 53 44 84 57 36 73 32 94 97 71 43 86 75 100 100 33 27 8 20 19 89 71 51 42 0 2 65 91 28 66 51 1 96 11 83 11 57 25 94 78 48 45 42 24 15 83 38 73 100 32 88 72 67 24 16 45 71 51
20 59 74 69 7 21 28 50 80 77 76 64 3 52 45 55 39 98 53 8 21 4 31 91 97 19 18 100 75 67 46 25 32 49 28 8 14 69 98 68 65 48 15 98 83 71 5 64 74 93 77 62 91 31 40 33 40 48 31 6 15 79 19 25 10 79 0 9 74 56 17 58 91 69 90 6 75 55 81 67 9 13 19 80 69 25 56 4 28 11 67 42 15 48 15 5 21 41 45 70 45 5 81 10 28 36 93 44 73 46 6 47 43 1 95 100 42 96 79 44 85 64 5 50 94 30 50 60 36 22 68 97 28 39 33 15 52 71 79 55 67 5 75 96 36 30 70 55 90 21 19 62 36 40 50 34 91 10 43 94 94 71 96 64 87 87 77 91 97 3 33 90 44 84 57 51 56 50 10 73 22 8 14 12 17 74 60 52 68 53 30 95 11 2 25 70 52 48 43 6 75 80 72 77 36 53 27 3 54 96 55 77 92 49 68 62 85 0 47 29 28 66 20 70 43 82 65 80 85 85 75 78 35 50 31 97 23 75 75 48 17 76 46 18 96 32 54 16 92 52 20 50 31 89 18 54 32 53 18 90 20 2 36 11 13 81 1 4 45 15 1 48 0 100 49 87 81 11 58 36 52 32 77 55 99 70 71 23 35 94 89 5 81 21 27 12 25 11 37 39 69 35 57 30 68 89 15 50 90 81 75 45 44 77 40 8 78 42 48 29 78 31 93 85 64 52 82 97 51 20 46 38 81 25 63 80 68 75 53 61 56 47 28 66 20 86 61 79 38 47 30 98 21 93 53 60 27 1 36 95 15 21 54 79 98 99 33 76 100 17 78 62 93 4 72 12 47 31 22 47 73 19 76 68 85 89 9 59 47 21 98 11 77 54 89 94 81 66 59 77
26 59 58 23 18 54 78 65 73 50 41 95 23 50 23 4 38 72 33 89 19 74 40 30 0 40 63 17 85 57 3 85 23 65 11 22 65 93 10 17 77 52 8 72 76 27 81 65 30 5 95 73 70 36 35 4 71 68 0 38 60 38 4 53 97 43 48 42 98 5 78 21 13 7 65 67 81 94 61 78 34 64 35 16 65 51 16 71 20 65 85 55 28 52 89 55 75 99 36 7 74 14 88 26 56 15 23 27 95 87 90 68 25 19 21 15 49 31 7 86 49 98 14 10 81 12 23 89 74 45 3 11 46 11 57 88 55 93 65 28 63 91 38 59 7 3 42 36 44 76 71 56 81 13 8 5 16 19 18 59 10 39 41 19 73 53 1 67 11 63 93 93 91 93 12 18 42 46 29 25 43 80 61 34 100 100 34 23 63 49 80 39 25 84 34 66 45 79 47 93 13 18 30 67 93 54 53 85 76 96 44 82 86 5 12 9 1 95 62 7 18 85 36 79 27 81 36 99 46 54 0 36 27 95 2 42 75 57 19 45 67 100 22 56 37 20 22 2 39 10 93 89 63 77 10 3 67 82 27 78 22 81 80 14 25 68 70 80 3 51 86 0 92 66 35 81 0 8 26 47 97 61 40 98 12 80 45 2 61 98 49 37 83 100 93 23 67 76 96 11 49 13 23 57 71 70 60 30 19 11 62 74 7 21 98 17 6 16 21 78 23 33 97 50 87 46 88 32 12 93 89 38 37 92 28 57 74 9 63 89 16 61 70 28 94 29 6 23 67 78 70 54 93 58 2 52 78 75 76 35 4 27 58 36 37 68 2 70 15 0 44 62 38 54 18 19 5 92 30 90 89 77 89 62 66 15 38 48 100 20 42 66 24 58 60 91 79 22 99 55
24 68 56 90 3 12 13 67 27 78 14 8 54 94 75 12 49 71 39 81 97 78 0 7 80 36 69 63 47 57 5 9 66 29 90 28 31 7 28 32 75 22 23 8 60 95 75 30 26 13 49 11 2 1 53 42 78 69 89 8 91 5 69 91 80 51 63 4 55 6 83 39 65 97 8 54 81 60 91 38 24 96 55 20 80 29 6 86 99 75 77 92 19 83 51 30 15 1 14 64 58 1 38 100 95 33 83 13 74 20 98 76 74 98 41 25 100 88 13 65 32 25 23 13 46 80 43 99 17 44 11 34 72 20 35 50 61 10 52 62 0 28 26 85 23 14 96 71 45 83 93 25 67 73 53 74 67 32 31 34 31 84 51 90 93 52 35 85 26 26 17 43 52 38 80 22 74 48 51 89 66 75 76 31 67 78 94 30 67 46 25 17 10 99 30 75 47 14 75 28 46 68 51 52 44 27 73 34 15 43 16 39 99 56 91 18 35 48 22 31 54 22 39 27 30 57 58 93 73 32 69 59 52 47 38 26 87 28 46 60 87 94 1 46 34 93 77 100 20 45 47 33 96 54 77 92 0 95 51 10 87 40 62 41 69 40 12 37 77 53 85 65 7 5 63 55 98 34 29 94 21 87 92 28 79 52 58 36 96 65 27 67 86 72 20 77 76 39 10 47 63 23 83 92 60 7 95 66 79 93 28 48 59 95 39 67 33 28 71 39 20 91 52 0 50 39 82 21 77 2 25 63 56 49 14 3 73 95 92 60 96 87 69 6 71 56 9 91 8 11 5 4 89 53 31 16 79 20 10 14 31 32 69 80 32 50 6 74 26 2 81 69 86 86 10 88 15 68 64 5 73 15 36 0 87 59 22 13 55 92 62 63 81 35 64 66 17 32 48 91
62 50 78 2 74 24 35 65 51 94 79 93 8 28 63 7 65 88 67 43 45 7 1 4 31 77 19 24 19 29 77 58 75 65 29 0 75 29 66 79 73 69 16 17 94 43 14 11 47 89 94 31 99 19 87 83 18 92 81 39 91 63 19 30 6 50 15 93 92 54 24 87 1 100 98 13 81 74 52 0 24 8 10 43 36 15 82 33 92 88 59 65 45 19 23 11 55 42 61 14 58 59 87 43 94 14 84 29 31 90 60 68 70 91 76 39 29 97 2 26 57 43 31 30 92 60 43 23 19 9 99 79 6 71 64 89 80 65 20 32 99 1 47 97 91 6 5 48 88 26 30 96 63 8 80 100 83 61 0 85 73 95 81 49 80 56 54 48 100 40 12 16 44 36 42 53 33 71 48 44 74 57 59 40 51 34 37 12 96 10 88 91 4 57 57 97 81 41 47 27 72 12 92 2 38 76 96 65 71 51 5 74 86 95 99 70 35 60 10 91 73 93 4 70 87 20 27 17 23 62 17 99 19 11 50 62 54 33 26 20 32 75 13 7 74 99 70 52 23 15 35 100 95 11 11 87 41 86 30 18 64 65 23 59 52 6 27 97 98 84 38 34 100 31 99 10 41 66 80 49 85 79 30 75 3 25 38 22 39 90 78 17 82 38 11 39 93 7 25 49 28 86 96 33 41 87 96 87 26 64 72 46 44 96 58 94 39 84 7 14 2 100 82 42 36 43 51 67 27 74 56 35 19 25 6 26 96 57 33 100 72 90 15 86 76 47 84 1 73 69 14 52 46 70 86 5 26 46 23 77 32 74 65 43 61 89 51 92 100 29 38 90 64 92 27 58 1 43 22 13 22 17 94 49 16 87 46 18 82 43 13 44 26 86 82 80 27 63 73 28
83 58 50 20 25 11 62 12 77 58 97 47 37 19 4 66 32 78 62 21 80 41 70 23 44 98 36 60 59 32 66 43 12 54 1 19 85 46 74 51 97 73 47 2 11 42 26 26 50 48 66 10 92 54 95 41 45 5 33 75 77 9 2 1 40 30 95 70 51 94 28 13 73 59 33 55 50 60 19 40 58 0 61 1 65 9 54 93 9 60 56 88 44 42 33 88 86 97 39 52 43 36 40 85 79 85 58 63 86 70 45 61 79 63 62 94 5 70 67 3 50 21 0 53 42 43 37 43 57 72 52 15 68 87 18 24 6 69 96 7 7 31 73 49 41 98 57 4 15 58 59 69 91 50 54 17 25 41 33 29 43 70 20 67 27 49 75 45 75 64 53 50 70 16 89 1 67 4 2 24 76 91 21 90 41 10 62 45 18 53 67 53 24 31 85 31 19 78 89 66 84 53 42 1 0 3 17 78 11 24 60 72 5 79 92 77 36 89 19 56 8 46 98 26 34 84 100 98 8 69 9 18 80 5 94 22 82 86 65 6 17 76 60 17 86 96 69 73 59 34 94 28 73 62 40 62 70 45 54 93 6 100 10 20 48 25 2 63 78 30 8 93 75 1 83 12 35 1 28 7 20 61 56 72 38 88 56 50 95 80 1 82 27 5 50 79 32 97 23 21 34 98 53 41 10 13 4 20 97 87 90 41 6 42 54 1 28 8 51 76 9 30 37 36 85 75 4 75 38 26 52 84 89 34 45 70 89 56 27 0 28 2 17 69 100 65 57 36 38 99 8 97 35 39 9 64 16 44 65 27 72 31 54 16 35 24 36 0 81 85 29 46 27 36 78 11 100 82 97 56 81 90 33 2 50 42 35 49 15 96 12 18 87 13 36 48 90 83 13 8
55 49 31 93 33 35 24 71 31 81 66 25 89 71 24 96 60 29 83 35 3 6 48 53 20 72 22 5 48 50 44 3 49 49 94 49 32 58 41 70 1 18 68 91 65 38 37 34 30 31 79 53 32 66 39 29 77 66 83 26 13 27 45 42 43 57 48 90 87 28 88 38 10 4 14 86 33 33 50 81 71 43 51 61 54 24 97 63 13 18 69 30 8 64 56 11 26 33 75 51 52 80 31 5 19 88 72 7 72 48 54 3 44 87 6 81 58 70 27 90 35 29 38 27 4 89 57 99 15 12 29 5 81 59 57 75 95 3 89 31 11 3 64 78 85 40 20 18 34 90 22 61 24 92 29 10 71 47 72 28 41 73 96 88 10 6 6 43 13 41 28 91 96 10 8 73 92 0 100 1 50 51 37 33 15 97 16 16 33 42 31 27 88 67 91 98 69 19 77 77 42 35 2 48 21 75 85 40 85 51 32 41 31 71 79 67 99 21 71 17 39 21 28 76 58 38 88 61 71 2 38 16 62 77 31 84 75 71 98 45 55 52 47 78 56 67 47 32 25 73 77 46 88 34 31 7 76 36 22 22 88 35 10 75 12 54 48 15 43 25 96 77 6 90 87 69 14 54 39 41 20 67 13 93 77 55 91 70 72 63 22 7 62 95 30 14 28 36 100 38 78 63 60 58 76 84 55 52 30 4 40 81 7 5 30 49 69 63 46 58 95 46 93 27 20 97 43 60 9 80 96 86 94 86 90 34 91 43 46 69 77 30 97 20 30 45 26 10 30 93 61 54 15 82 36 31 92 40 79 76 45 56 91 16 94 23 68 13 68 66 0 86 64 21 52 64 58 33 45 77 92 6 19 11 22 40 28 80 51 30 25 42 4 71 0 21 59 87 98 98
37 12 80 89 25 24 90 16 41 43 73 8 90 10 84 63 71 21 74 9 3 57 93 65 11 37 4 69 40 18 55 48 84 91 67 76 23 81 18 70 53 99 30 68 98 81 72 59 38 21 39 88 3 88 12 91 36 61 93 71 37 45 78 69 7 87 21 28 62 17 98 93 56 76 26 56 78 97 66 11 29 94 29 46 17 76 31 47 30 70 41 75 37 8 43 1 4 83 23 12 2 22 41 46 13 38 13 73 26 7 26 81 57 44 45 60 40 68 46 55 76 25 90 21 67 3 45 91 30 65 76 10 25 0 1 1 59 97 73 58 57 92 62 73 4 64 95 93 76 77 75 64 0 58 55 17 28 62 7 81 55 42 70 30 5 84 47 53 94 86 88 15 84 49 27 31 11 62 66 75 30 33 80 24 21 37 8 24 78 7 15 39 19 39 12 89 89 49 68 45 96 37 39 86 10 89 15 45 31 57 47 51 68 35 11 8 95 71 30 99 17 47 19 73 32 49 59 64 72 29 5 24 11 12 80 79 1 13 88 51 50 23 6 95 78 99 57 45 24 13 3 20 90 40 81 24 71 98 49 63 98 39 73 15 27 17 46 54 1 35 66 64 38 87 56 24 45 70 97 81 99 44 72 67 1 73 19 41 39 3 54 72 19 55 85 78 3 96 62 6 92 29 23 44 89 55 86 18 80 30 38 99 35 65 82 78 88 55 37 6 19 54 25 72 46 81 31 21 69 35 3 21 35 72 11 69 57 98 94 44 15 10 86 47 95 73 26 98 43 22 21 4 23 53 49 58 64 53 1 50 27 76 86 100 35 89 96 89 66 84 23 75 6 6 41 45 55 54 68 50 77 31 34 67 27 82 57 50 27 87 56 56 80 46 24 61 10 69 28 30
38 58 61 60 71 49 67 52 75 29 87 25 20 57 98 26 84 57 49 96 56 20 23 41 62 54 74 27 60 38 67 15 55 56 5 73 71 89 61 40 63 84 42 61 37 18 18 78 100 84 99 91 74 17 43 53 54 4 47 21 33 9 41 36 1 2 87 50 79 31 77 71 98 40 33 4 56 89 28 78 31 67 63 6 38 3 42 59 54 83 93 57 74 63 47 54 45 9 10 62 78 81 93 43 55 75 99 35 49 60 72 52 22 55 73 93 97 20 2 34 28 14 79 56 92 18 42 61 2 7 86 37 95 47 71 30 21 53 26 30 63 0 38 67 55 80 56 97 8 80 16 25 11 35 62 41 79 96 11 85 71 35 86 19 17 4 2 31 52 62 17 57 91 81 62 13 28 28 31 68 19 33 66 33 28 4 0 5 16 74 39 67 60 15 0 43 61 24 19 61 35 77 58 29 8 75 64 66 57 67 44 93 42 44 6 88 43 81 16 89 1 85 41 5 99 87 93 56 63 51 97 91 27 99 2 86 79 62 95 5 96 91 30 76 47 28 22 28 46 55 6 12 72 12 88 34 70 30 4 47 75 4 86 87 74 30 74 94 25 41 36 32 33 15 84 12 57 65 53 49 28 28 13 59 86 67 44 28 93 19 82 100 43 66 94 42 92 56 50 46 4 23 50 90 9 8 96 41 17 17 42 16 57 79 63 17 9 2 79 48 87 42 25 22 0 41 0 66 74 68 98 37 11 51 85 53 15 51 63 34 48 73 4 61 14 64 78 87 15 41 97 27 72 0 6 48 37 19 61 58 69 7 34 75 84 68 89 9 40 9 16 43 28 98 72 82 9 23 71 35 68 88 22 8 65 42 79 81 38 75 94 23 24 80 73 42 59 19 12 44
9 47 70 69 53 28 53 23 36 96 0 48 15 76 79 21 96 96 72 30 9 28 46 24 16 10 35 82 100 38 97 48 20 84 7 29 53 24 43 81 3 36 78 83 34 68 21 78 63 73 89 65 73 66 97 13 82 94 93 77 77 47 100 25 68 21 40 92 69 80 85 46 30 0 85 77 55 38 23 98 86 51 27 23 92 73 81 69 55 84 0 66 35 95 40 60 60 21 57 6 15 45 94 87 20 92 27 2 23 66 77 28 78 40 32 50 83 87 22 39 35 15 62 3 59 26 78 45 92 30 12 6 71 16 15 56 9 56 82 86 36 8 31 87 18 99 85 56 14 95 3 72 63 16 4 27 11 70 74 15 2 91 64 93 21 98 3 48 46 80 49 68 65 22 96 50 85 79 51 21 58 43 67 61 53 40 47 37 54 65 99 60 88 41 61 30 16 97 11 50 50 3 20 44 67 16 77 26 78 86 51 72 46 62 22 94 47 75 18 47 1 7 9 86 93 27 95 62 53 75 32 69 38 6 16 28 67 1 62 61 96 15 70 82 0 59 25 83 9 84 77 17 98 26 55 67 62 93 8 99 61 64 15 52 16 64 37 76 69 76 78 28 86 39 33 39 88 77 19 47 89 88 48 60 100 18 58 79 33 47 27 39 28 47 93 46 33 41 51 55 35 79 1 78 56 61 99 2 75 0 72 4 0 70 64 49 15 53 83 79 35 0 34 81 50 79 19 59 38 98 29 50 42 42 7 59 60 43 41 83 15 65 20 40 45 62 61 80 78 89 81 11 26 45 78 45 73 81 65 46 22 36 32 80 14 94 29 61 6 15 91 33 20 97 42 100 3 7 53 38 5 80 20 6 52 9 96 21 93 37 76 91 12 67 83 29 100 5 66 9
1 63 76 20 42 86 78 61 77 44 32 30 16 93 66 42 1 92 81 43 55 65 27 94 61 45 22 65 11 67 41 84 49 80 30 25 23 4 15 11 25 54 85 83 62 78 73 55 33 93 42 73 6 10 0 91 86 65 66 85 56 76 48 57 93 78 24 66 85 20 10 76 12 1 27 26 22 99 82 37 1 48 3 70 68 88 88 90 54 55 69 18 6 24 29 37 69 55 79 57 55 11 48 29 24 99 33 38 92 85 62 53 60 74 79 3 9 19 32 90 63 23 18 23 62 38 96 61 3 67 29 11 95 98 86 63 33 31 66 64 10 16 16 20 58 28 10 76 15 2 85 77 31 37 64 18 64 23 58 11 87 18 7 9 3 65 17 4 75 84 67 70 50 49 71 67 43 71 57 18 48 35 13 3 7 83 30 15 11 16 53 95 37 5 71 99 34 73 21 3 68 98 77 42 12 57 83 81 85 87 58 19 41 100 11 3 39 30 100 3 84 52 41 13 13 28 61 39 74 73 53 68 19 2 94 20 70 7 79 29 83 83 38 77 80 88 71 66 78 13 4 100 62 59 56 84 43 88 65 76 57 79 33 91 69 1 27 83 51 1 64 71 8 85 48 51 17 2 69 98 76 27 8 77 90 69 71 5 9 61 72 5 54 74 54 60 55 67 91 13 85 89 79 28 27 28 78 36 2 30 94 37 22 88 66 86 75 15 61 39 89 11 9 79 70 3 56 67 52 99 23 6 32 33 93 16 1 65 5 78 25 53 93 75 20 82 4 55 28 36 26 85 87 94 8 63 96 65 57 2 25 1 43 43 49 58 65 71 91 51 2 49 34 6 33 33 92 14 36 54 95 4 20 63 28 44 8 55 79 75 26 99 59 19 32 75 80 22 77 68
49 14 55 85 13 3 50 65 49 4 13 95 96 75 93 3 41 62 23 17 94 95 16 48 87 67 88 12 88 38 71 93 33 30 7 44 76 95 75 92 49 1 5 91 70 11 70 21 76 14 54 38 9 78 81 22 20 39 39 97 65 34 66 2 57 94 40 62 29 28 47 15 13 84 4 56 15 70 59 28 19 21 30 49 28 51 13 12 11 74 40 68 50 71 23 45 48 87 3 43 41 81 42 85 70 48 9 35 48 12 53 15 38 31 5 58 55 8 7 87 2 95 45 58 17 25 98 28 56 51 86 87 15 97 12 87 96 9 70 63 86 98 82 90 49 52 12 53 23 89 45 6 40 31 5 64 28 11 76 54 96 66 12 11 62 44 34 54 48 45 66 88 64 34 90 31 3 58 60 59 38 42 79 46 27 28 70 89 26 54 77 73 95 8 22 43 97 73 91 54 42 72 87 22 98 92 93 86 96 34 19 99 96 79 70 10 70 67 70 58 4 64 23 23 71 29 92 98 85 84 32 57 18 62 12 28 22 12 92 15 7 60 14 44 51 57 78 35 43 90 12 32 13 98 78 56 78 73 14 53 20 12 1 57 66 80 93 70 71 100 32 7 76 55 2 63 86 12 54 23 70 99 14 37 94 92 10 7 62 48 97 30 72 100 91 57 38 7 1 64 38 42 63 79 7 99 57 43 67 72 14 13 97 30 89 46 59 83 19 68 1 2 52 76 42 14 11 42 22 38 78 98 30 97 93 47 22 7 26 44 4 21 41 24 13 42 86 40 49 100 50 77 79 5 58 43 15 9 81 1 67 87 50 58 51 96 67 92 59 52 12 6 50 12 34 54 68 86 72 78 22 21 76 5 44 50 13 44 16 42 49 80 17 64 32 21 53 10 99 15
41 55 99 75 8 82 38 70 44 67 38 20 14 71 100 18 35 50 33 19 7 78 51 62 37 100 28 70 30 42 90 37 70 35 94 93 63 84 26 6 53 70 8 97 89 45 63 61 49 4 6 10 72 86 15 8 13 4 44 93 93 40 75 17 39 20 71 45 1 99 88 56 93 76 31 19 66 17 64 13 16 72 64 45 78 92 45 29 22 43 31 60 89 86 39 17 64 13 38 69 68 12 42 54 37 21 74 23 63 70 15 80 3 47 25 32 60 53 48 61 79 11 43 66 41 24 58 63 90 17 40 80 35 54 86 78 34 91 46 53 25 98 49 35 98 86 1 98 37 34 72 91 78 51 90 20 9 62 44 30 79 30 37 66 81 83 68 5 46 19 77 86 79 24 98 97 21 53 0 77 67 2 19 49 57 23 94 25 71 50 66 53 83 41 45 73 1 100 56 79 31 2 64 38 22 92 59 97 26 88 72 60 74 92 98 81 52 9 44 91 21 14 47 28 38 35 4 65 48 37 31 91 2 22 35 32 37 69 16 37 50 9 35 40 86 53 33 47 44 64 10 91 46 82 33 14 69 93 96 39 3 14 19 72 100 99 93 75 32 79 79 64 39 80 49 30 100 9 62 52 14 37 3 49 39 91 72 15 7 94 6 40 2 44 25 2 31 48 98 22 42 82 3 15 91 25 96 58 69 40 19 98 42 77 83 79 89 14 72 33 50 59 82 48 62 47 76 0 73 7 91 17 61 35 72 56 4 49 81 95 99 54 39 72 92 19 11 52 57 11 30 28 46 21 62 67 8 61 31 73 93 22 68 77 7 30 78 53 93 75 58 68 43 76 34 43 89 36 21 15 95 42 65 51 14 13 90 64 62 39 26 58 81 25 14 36 10 68 86 12
49 74 7 73 45 28 52 12 19 100 32 72 74 58 58 98 25 52 78 73 94 90 53 55 16 37 21 65 51 76 41 36 15 5 90 34 13 35 16 47 66 91 31 98 49 29 44 19 86 26 86 29 33 2 56 12 40 20 55 78 54 71 48 62 24 58 65 80 80 28 4 18 96 26 59 58 24 59 85 70 23 49 39 83 66 91 90 19 25 83 42 31 80 37 6 89 39 64 22 69 27 61 17 78 4 15 32 83 97 39 14 8 15 19 29 6 36 83 38 83 45 83 94 18 62 2 53 50 18 80 86 30 53 94 70 71 47 9 87 99 45 95 46 36 67 38 58 91 62 75 76 64 66 52 69 4 68 22 74 25 9 72 22 18 18 47 36 90 48 91 22 68 83 22 5 96 73 100 81 24 1 97 96 14 57 67 33 55 15 49 93 66 41 97 58 47 94 87 18 35 14 48 74 10 74 36 80 41 46 10 50 48 51 61 44 40 69 86 95 86 36 35 100 65 40 79 18 84 5 92 20 75 19 69 10 59 26 25 59 83 87 67 7 67 59 84 100 19 3 57 14 26 4 93 7 3 31 4 90 1 90 17 15 4 69 95 79 76 18 36 89 13 64 38 14 55 36 76 40 42 67 68 12 21 100 37 16 50 34 85 21 35 74 63 60 90 24 62 15 68 17 57 24 85 35 47 26 66 14 15 33 0 44 75 93 81 8 50 78 54 7 57 68 8 31 63 32 32 4 71 29 71 40 57 44 45 66 49 85 15 46 8 38 19 67 59 99 47 65 94 90 59 47 57 0 37 24 81 61 74 64 50 1 50 13 37 24 36 48 89 66 56 78 65 87 9 78 63 4 43 55 63 29 62 76 69 69 2 7 34 35 23 96 41 87 26 85 44 12 89
45 22 19 8 60 5 16 56 61 93 97 96 22 96 44 76 50 70 69 34 2 18 55 20 7 93 6 62 8 27 47 2 80 55 40 16 79 96 19 34 38 66 26 71 41 24 30 52 82 58 0 83 43 58 96 5 82 64 8 27 49 29 15 13 51 50 85 11 89 65 71 29 44 98 2 73 31 28 99 20 54 52 72 47 61 33 69 66 23 27 84 23 27 84 66 24 18 36 88 51 16 14 3 87 55 50 62 85 92 92 45 67 88 61 36 63 38 50 35 42 40 72 94 40 75 4 56 74 33 8 41 38 52 55 8 35 5 96 21 21 94 35 50 98 7 44 42 93 78 51 14 45 84 28 80 88 41 11 79 75 77 41 52 86 17 6 69 28 69 21 24 20 49 70 5 15 87 35 43 55 58 44 81 84 8 24 97 87 58 70 48 96 41 50 92 92 29 11 45 0 44 21 52 49 31 73 87 92 66 12 16 15 91 48 24 56 51 54 84 2 96 24 7 56 78 39 15 15 20 38 99 19 77 82 18 13 18 48 93 86 66 3 13 21 100 12 80 17 6 6 34 79 24 70 71 66 43 23 70 44 4 54 4 6 91 24 38 88 34 26 26 65 73 43 94 97 100 71 65 70 17 16 87 62 28 92 46 0 83 1 94 11 45 77 50 12 35 88 24 56 31 69 85 47 40 17 89 86 77 65 96 46 22 35 40 42 15 66 12 83 36 56 36 51 71 45 10 22 4 69 10 86 42 42 4 12 48 43 96 70 27 51 46 7 2 58 68 57 48 79 1 65 13 0 42 98 35 35 100 86 62 22 19 1 1 74 31 67 51 94 42 89 22 79 42 44 9 41 82 19 94 14 11 33 44 17 93 55 16 22 76 34 56 42 81 38 53 79 15 82
81 100 11 62 64 56 22 38 59 63 75 59 1 90 99 8 90 6 87 49 42 44 17 29 92 8 45 45 12 33 72 5 1 95 95 81 22 11 73 47 18 26 15 65 43 92 46 69 53 68 84 85 21 78 44 99 66 13 56 11 12 58 47 57 36 37 89 77 43 40 18 85 34 49 51 58 53 56 51 13 89 3 70 62 21 78 33 22 43 87 100 80 58 78 20 66 23 98 66 3 38 4 31 51 68 99 78 42 97 62 80 40 31 12 0 17 42 88 95 48 84 53 57 62 53 20 9 6 85 60 50 50 83 2 22 47 55 38 71 35 30 10 76 93 77 82 67 50 45 34 87 99 27 94 57 14 51 39 51 84 89 64 81 3 71 0 34 60 41 90 4 76 69 5 0 61 87 89 62 2 6 64 77 42 40 2 60 21 72 90 62 78 69 90 49 22 17 50 68 3 9 8 85 97 22 9 8 89 63 23 24 35 93 71 50 86 44 87 15 50 67 70 65 19 87 80 78 46 28 7 44 37 7 79 33 49 41 23 70 79 75 98 84 84 15 13 77 29 82 83 52 44 29 12 89 89 52 70 97 69 82 48 14 54 15 1 20 10 39 8 20 4 30 98 46 27 11 93 49 3 88 84 28 47 60 51 67 64 61 91 65 36 50 53 13 61 97 36 98 38 29 45 37 15 65 8 38 57 4 8 11 17 34 29 14 71 77 17 70 20 80 49 91 42 75 20 66 5 87 43 60 40 51 82 76 37 40 65 74 40 70 91 66 0 38 5 26 24 51 85 96 75 45 87 84 42 6 74 22 73 55 66 92 22 75 50 69 49 75 42 28 67 45 69 9 89 100 28 67 76 15 48 25 47 15 98 15 64 20 46 3 88 97 49 84 56 43 91 11 95
0 87 64 31 30 96 50 87 42 69 29 45 73 58 46 21 1 89 46 29 31 18 75 84 57 37 86 33 35 8 71 36 68 41 65 70 16 83 54 30 84 57 34 19 53 66 14 75 73 90 65 21 74 38 42 11 95 25 98 19 0 4 74 34 91 8 20 79 39 0 4 46 63 47 72 43 22 37 66 4 26 90 24 0 98 10 75 85 11 35 49 56 59 86 71 64 18 85 85 20 28 42 3 13 10 99 3 69 99 86 73 48 14 82 52 68 76 88 0 40 40 5 54 87 85 72 5 88 31 75 12 83 33 11 74 67 13 90 61 85 80 51 100 70 63 26 89 13 90 44 85 43 53 41 62 64 37 56 8 11 57 53 78 100 35 68 40 80 54 38 88 60 75 45 30 57 67 37 11 35 80 87 10 36 63 13 41 86 74 86 71 49 68 15 4 72 18 48 11 7 37 1 8 7 9 45 36 62 48 23 1 89 38 24 89 82 53 99 93 17 9 29 76 54 28 8 56 40 19 5 72 78 66 23 88 64 35 71 35 61 45 1 74 66 24 30 10 9 57 97 78 52 41 77 48 18 95 93 49 47 68 27 80 68 11 36 0 35 18 30 14 8 15 44 58 97 72 63 75 31 12 59 32 75 96 42 28 49 84 93 66 39 89 42 67 43 73 35 41 16 85 90 42 7 63 7 42 45 37 73 0 2 61 32 56 43 39 8 73 43 56 15 71 74 55 44 18 30 37 65 11 20 15 87 56 9 72 29 99 37 69 71 72 55 73 27 28 73 91 56 25 74 70 8 45 86 27 79 22 30 39 13 61 23 19 82 30 5 85 82 87 42 79 56 26 5 50 67 1 46 87 1 53 47 75 37 9 59 36 45 74 81 22 51 42 46 82 15 82 20
11 90 56 37 53 59 27 11 99 83 94 1 48 55 66 41 77 42 50 84 27 81 69 22 31 88 68 65 94 51 97 14 57 38 12 72 68 78 59 57 71 68 13 75 10 29 84 95 80 74 62 25 83 84 12 42 58 30 4 99 92 20 68 29 27 78 38 18 68 65 92 92 92 27 4 40 85 80 97 77 31 76 98 22 10 48 39 91 4 40 80 2 60 55 98 99 86 72 24 13 21 2 74 65 53 98 90 83 68 61 51 47 46 74 54 37 31 49 32 97 12 20 91 50 83 88 55 47 96 44 83 80 22 58 12 4 56 32 7 86 52 40 60 59 27 87 50 71 43 83 19 8 96 54 48 53 73 50 9 47 69 1 29 43 10 3 42 24 8 7 28 12 45 73 25 65 15 51 27 53 66 5 43 32 61 82 41 4 87 21 62 83 27 74 19 71 12 76 32 30 19 40 60 89 66 15 55 6 11 37 43 0 22 59 85 94 36 65 82 33 47 55 65 14 26 53 43 47 54 62 20 8 53 27 79 75 34 50 89 63 42 89 35 4 71 21 19 86 13 42 31 6 19 76 1 9 76 62 63 20 65 58 8 99 6 94 97 47 5 5 25 53 81 29 18 58 45 46 71 78 92 55 34 81 87 56 14 43 13 88 14 84 93 44 12 67 72 99 46 60 72 14 60 79 100 61 40 93 50 76 19 7 86 84 58 98 27 59 73 65 80 68 2 49 63 82 22 28 39 49 80 35 75 65 34 1 92 21 92 4 63 22 32 75 12 13 84 62 53 64 1 99 57 83 16 57 23 8 72 44 81 17 32 39 43 83 32 36 30 94 97 34 17 18 51 52 84 27 68 87 73 1 88 19 43 39 87 67 23 97 49 42 21 31 48 93 8 27 62 82
38 33 53 68 96 22 82 25 23 49 87 17 50 50 17 95 63 63 47 47 25 56 15 1 5 91 50 52 28 72 29 80 49 35 88 86 14 89 68 56 81 79 78 78 57 8 51 4 1 63 95 53 66 100 55 18 29 80 16 89 88 13 48 49 5 4 77 86 19 98 95 19 14 28 97 45 90 0 68 52 19 63 93 62 32 60 44 75 92 89 55 59 0 48 8 54 54 71 80 7 12 53 99 96 77 6 98 85 20 95 4 2 1 6 69 100 41 79 42 97 79 97 90 49 72 75 8 90 59 82 98 26 60 29 71 34 89 7 89 55 77 94 2 30 75 92 83 75 49 23 76 36 47 72 78 100 13 87 53 35 18 98 96 45 12 37 44 70 90 54 52 54 27 67 41 33 67 16 41 89 5 95 52 0 19 44 1 63 66 67 35 78 24 74 63 38 8 11 74 28 15 15 2 9 24 40 44 69 17 0 8 81 63 87 18 35 10 56 0 18 48 37 97 54 54 75 45 26 8 13 12 89 89 77 86 73 60 20 62 32 16 90 66 8 24 27 14 41 2 45 43 99 22 49 86 96 45 56 56 8 28 52 17 8 19 52 74 39 48 24 32 25 47 100 66 13 7 23 21 97 24 0 57 43 100 46 83 65 77 61 24 25 55 85 97 58 42 48 33 53 89 22 3 8 26 98 52 62 85 8 7 37 6 18 30 63 26 58 44 82 32 97 7 15 54 52 47 57 47 12 98 36 1 17 63 57 15 85 36 1 34 63 98 26 90 18 76 76 19 55 9 97 54 56 1 58 6 36 78 14 2 90 98 58 4 59 7 64 14 51 44 78 88 90 71 70 53 85 85 55 35 56 57 5 98 15 59 28 14 94 58 21 15 58 27 12 33 64 61 61
81 86 36 4 83 17 88 0 81 97 92 45 36 97 86 95 61 17 68 36 9 74 72 79 6 97 84 69 22 94 49 85 93 90 79 34 36 43 74 40 73 45 75 28 20 27 89 98 50 49 78 30 39 37 81 76 90 10 71 60 61 53 91 60 63 69 61 58 40 98 64 27 44 14 40 3 96 61 67 66 64 90 17 50 92 76 77 5 27 6 75 53 2 51 51 20 98 13 92 7 77 83 58 29 24 26 32 7 95 37 30 62 3 24 71 91 36 86 92 98 89 26 44 0 77 79 76 69 21 40 100 96 94 23 13 8 18 86 31 64 14 23 60 67 98 64 22 72 99 50 86 66 46 48 95 52 49 66 19 80 20 77 35 92 9 55 84 4 2 85 100 55 26 69 84 91 94 50 71 84 45 10 60 63 33 45 72 65 55 29 28 25 74 16 95 6 33 12 19 71 21 34 93 97 62 82 18 92 79 54 29 36 28 67 9 18 72 78 68 31 85 27 77 35 27 75 79 59 75 21 89 24 48 3 26 73 34 60 50 94 24 89 57 61 87 100 32 13 77 49 43 58 15 100 7 79 28 79 25 51 32 47 36 96 90 6 54 19 57 13 20 56 47 52 40 26 8 45 9 85 68 12 86 25 44 2 22 77 76 35 50 64 60 51 2 94 88 13 52 46 100 45 8 22 1 18 35 75 26 87 87 46 37 57 35 83 4 23 70 81 65 95 60 88 60 8 99 21 16 57 51 38 56 6 47 84 60 30 91 66 50 79 88 92 50 94 99 62 38 57 37 31 17 81 31 39 47 10 84 59 82 71 91 11 74 7 75 47 77 92 50 23 75 85 75 62 23 64 24 22 9 57 80 68 35 15 6 89 83 66 27 25 23 96 24 97 0 8 87 71
68 21 10 66 27 39 78 33 29 47 86 75 0 55 34 1 58 42 95 33 4 38 8 72 28 15 71 41 78 29 57 98 94 1 90 29 77 93 11 11 97 26 94 70 99 40 32 27 7 58 31 89 50 62 84 19 13 87 78 91 54 60 30 96 1 37 80 54 30 82 56 18 23 89 67 13 70 59 23 51 68 42 8 93 71 20 82 67 73 10 57 23 86 30 32 73 56 85 49 30 79 5 41 57 67 98 69 93 62 26 82 53 71 86 68 7 16 69 95 82 63 78 48 44 57 69 4 79 45 54 40 19 81 15 16 21 71 78 29 89 48 11 85 17 60 89 77 98 54 91 18 90 57 39 76 7 50 31 93 83 19 81 41 9 83 85 53 20 17 47 31 19 27 64 100 88 47 85 26 71 24 72 41 41 17 93 10 52 70 63 24 51 83 18 8 28 38 65 47 4 49 45 84 9 35 95 17 26 50 32 8 59 26 63 54 78 58 98 6 94 15 57 4 78 62 28 24 90 53 15 42 23 92 80 28 94 75 79 25 27 26 1 0 56 34 95 100 57 74 75 23 61 52 100 2 12 41 70 81 90 97 62 52 67 47 97 69 74 55 36 74 54 98 87 76 35 49 58 40 75 92 5 69 5 67 7 1 79 7 63 24 79 11 40 28 45 56 44 62 21 38 41 33 3 91 63 97 7 53 76 9 51 21 11 91 27 69 84 2 31 50 14 52 22 83 2 35 80 60 48 17 60 55 87 39 95 73 84 19 76 60 28 0 96 95 9 5 59 79 67 3 41 77 11 25 43 83 77 93 100 56 40 7 56 71 54 4 41 75 11 100 39 57 36 20 72 84 54 21 46 25 81 11 21 18 39 56 75 40 24 55 16 21 86 91 51 18 26 95 25
45 92 44 74 29 71 23 80 84 24 45 65 60 75 12 51 55 47 53 67 29 51 60 42 83 2 47 75 82 46 10 99 32 80 5 2 98 71 39 20 50 49 6 99 87 56 21 43 94 9 31 18 70 11 28 40 4 69 15 74 69 51 58 98 62 13 5 48 80 91 50 85 62 34 85 4 32 35 32 70 77 57 38 89 30 31 8 59 28 94 16 6 59 10 93 35 79 62 79 31 59 76 7 69 73 81 38 77 71 94 20 12 89 38 93 44 1 31 44 61 39 44 68 34 57 95 13 16 59 28 24 3 41 92 93 28 85 22 31 31 84 90 18 36 31 82 75 47 23 24 84 72 67 10 75 100 52 84 72 49 98 89 40 6 17 21 65 40 40 4 73 17 71 77 27 10 49 62 97 43 97 93 7 83 26 100 9 33 15 44 46 44 2 74 14 95 91 46 0 87 85 64 58 60 36 34 52 84 14 50 91 96 23 55 83 69 71 40 29 23 65 73 88 64 34 56 5 5 24 16 28 47 90 100 21 20 29 13 21 32 85 55 3 2 36 22 63 84 82 82 93 33 93 47 48 40 43 94 12 66 13 83 51 51 10 71 15 68 35 98 25 6 66 7 73 21 99 68 41 89 82 57 20 36 47 33 64 87 57 83 88 90 59 25 60 66 88 52 83 20 85 18 51 7 62 8 43 69 95 89 31 54 47 41 30 55 10 33 74 96 14 31 82 33 64 6 94 99 9 91 24 46 30 3 92 63 88 73 93 81 50 33 44 77 71 28 40 63 96 79 12 2 87 93 49 11 96 81 57 84 18 2 67 79 99 57 14 51 41 91 8 24 20 80 35 84 4 36 20 57 64 96 16 83 71 62 19 5 1 30 41 31 78 23 55 51 72 10 18 29
74 39 27 64 82 67 19 23 81 51 47 51 16 19 15 81 27 1 7 79 57 34 38 26 15 29 68 91 15 30 72 65 40 27 17 65 1 50 84 44 73 52 92 73 31 91 0 49 82 88 68 7 31 86 87 13 86 23 32 41 47 12 65 3 35 80 5 67 40 89 72 36 84 4 81 96 49 63 74 36 31 13 69 30 41 59 35 37 76 68 72 72 34 48 12 91 89 49 71 83 73 14 35 81 96 68 38 20 94 72 87 47 61 13 56 93 96 9 73 50 13 54 90 96 30 14 9 98 22 3 16 62 8 92 10 23 1 100 11 100 29 58 38 93 53 70 93 42 6 47 18 99 54 60 75 57 51 80 12 70 70 9 36 40 6 73 88 52 12 72 9 39 84 94 86 62 95 73 50 53 81 48 65 75 48 44 47 76 84 27 63 48 11 32 84 42 22 76 84 74 4 79 35 9 28 27 52 62 84 7 1 15 88 68 90 46 45 66 42 59 79 100 92 90 69 11 55 80 94 13 93 12 49 41 28 14 61 53 9 70 85 76 65 20 47 8 86 59 73 38 14 76 9 21 15 34 48 31 22 35 44 49 58 10 98 32 39 86 73 79 47 83 19 26 95 83 71 74 36 99 76 59 96 42 86 13 22 96 67 9 6 27 39 50 92 53 11 36 29 85 70 85 16 82 44 12 46 44 59 62 100 31 76 8 53 16 52 10 33 32 76 98 65 83 63 95 77 61 55 92 78 46 99 63 97 30 47 31 56 52 78 52 10 38 89 35 100 19 27 74 32 77 3 20 19 11 50 100 25 62 19 29 79 59 84 86 87 43 39 96 94 7 94 79 10 87 62 97 90 19 83 46 47 93 6 90 50 26 54 59 33 75 55 84 46 13 15 60 27 2
1 27 61 69 0 26 38 29 52 75 62 39 42 56 77 40 67 5 56 87 43 76 68 46 13 80 6 36 97 72 39 60 83 31 88 81 89 22 4 100 30 75 52 30 86 10 18 73 19 79 5 61 33 59 69 96 66 77 19 54 46 64 60 29 56 62 82 94 7 3 71 30 31 49 70 75 1 82 100 14 10 46 5 72 48 39 91 27 74 52 40 70 29 8 62 70 90 19 10 22 6 44 21 74 96 26 59 31 17 31 68 26 52 76 6 60 17 78 24 34 38 29 95 97 41 32 24 98 91 91 4 90 5 75 83 51 95 50 27 73 69 59 73 89 13 72 61 34 80 87 24 67 55 95 68 21 64 85 6 67 32 52 68 61 41 85 27 15 4 78 72 36 60 8 84 91 75 100 75 40 5 51 81 42 89 50 38 1 32 70 22 95 20 55 1 17 56 9 81 18 73 33 21 11 24 66 46 88 23 97 75 35 41 5 87 61 68 91 24 94 1 43 75 84 26 30 37 21 89 44 27 7 22 29 25 16 89 26 67 40 71 51 66 30 31 58 32 40 24 69 70 61 34 49 50 70 31 57 36 93 90 62 63 22 25 47 94 60 100 86 12 26 46 20 97 0 58 62 76 30 48 1 44 50 42 23 3 39 48 15 63 71 92 2 20 55 46 42 90 96 44 60 33 4 95 62 44 90 15 74 100 24 75 29 59 29 61 61 8 72 66 96 19 92 81 0 55 0 52 32 67 69 77 33 12 99 25 59 89 39 85 46 77 89 97 75 33 14 46 12 55 9 9 8 24 16 11 100 6 70 18 51 53 90 99 53 62 16 39 29 53 29 38 33 73 96 55 37 89 91 92 68 42 58 60 33 90 23 44 55 14 62 30 16 15 91 19 29 47 39
17 75 52 14 65 33 54 23 22 100 88 23 81 67 88 1 30 11 99 95 7 97 89 46 79 22 14 40 47 42 23 87 26 60 45 92 53 35 0 34 75 99 32 27 97 43 99 13 95 97 54 56 85 58 50 30 86 56 4 75 71 76 92 33 38 68 65 86 14 3 15 51 59 68 22 91 41 98 44 5 41 79 3 99 0 41 10 97 70 52 12 100 52 82 78 10 59 75 25 99 56 60 53 3 31 55 77 92 16 28 89 41 64 78 31 23 41 6 46 85 59 81 29 70 50 54 65 83 36 40 14 16 90 9 78 36 92 65 75 13 1 59 54 37 67 31 95 75 78 10 27 40 100 31 12 3 66 100 58 52 5 30 19 83 44 46 20 22 82 34 94 28 54 76 84 22 12 61 13 25 16 43 11 55 17 100 38 60 14 29 42 34 53 76 82 32 26 57 80 43 41 29 67 100 66 95 71 89 52 41 71 29 18 56 61 54 13 2 2 23 2 3 89 71 15 63 69 44 29 20 25 87 33 22 88 45 27 92 35 98 84 56 80 98 88 78 2 1 87 74 11 55 16 21 10 16 92 1 7 76 93 86 85 27 23 91 37 43 74 94 54 78 27 83 2 58 75 68 54 3 85 85 90 29 98 97 48 43 52 3 89 51 87 25 74 60 7 22 79 76 96 36 46 74 84 86 76 98 79 46 41 61 50 75 45 83 16 91 46 89 32 16 72 57 47 97 45 51 8 58 55 84 26 33 63 57 54 85 1 23 54 93 65 53 1 79 11 15 35 96 3 23 13 37 49 36 56 71 61 83 100 32 79 70 71 22 71 42 8 70 85 22 98 37 10 55 79 58 81 98 4 21 99 63 87 98 0 11 80 73 88 33 0 94 35 1 62 20 47 4
68 59 96 30 48 69 76 45 59 26 25 87 64 62 38 55 65 99 99 24 18 56 59 70 58 70 66 51 30 39 54 39 8 80 20 75 31 32 12 85 57 61 74 80 34 43 17 32 99 35 35 27 23 36 44 4 97 25 60 88 19 4 68 39 23 98 4 23 11 39 96 73 57 1 56 74 67 15 7 24 79 2 51 86 48 3 60 66 10 57 79 47 6 3 61 4 8 15 21 54 5 64 30 56 50 52 38 28 54 91 24 56 38 32 0 85 35 64 11 60 16 84 8 1 3 11 88 62 74 24 89 98 90 44 94 22 30 49 44 36 64 57 53 23 25 59 60 57 6 9 83 12 66 33 93 80 93 7 58 68 9 5 32 42 82 35 10 34 63 97 64 56 5 40 18 92 66 46 83 98 100 3 98 65 33 29 5 38 37 0 77 99 34 42 27 8 28 88 4 54 55 89 58 56 41 57 90 29 57 53 11 40 27 64 99 3 92 61 47 85 73 20 76 25 41 32 13 48 10 7 86 5 45 40 97 14 38 79 88 6 17 39 33 88 47 94 9 14 87 9 68 65 26 36 49 52 77 44 41 5 19 42 2 90 20 7 0 73 70 36 60 99 41 16 19 88 14 81 34 73 8 100 98 33 33 59 40 10 50 34 12 47 83 92 95 87 88 26 70 99 67 58 58 1 21 96 80 56 82 99 57 66 25 30 5 56 45 30 57 75 3 52 35 86 1 14 53 87 45 93 3 50 36 43 62 87 1 28 47 5 41 81 58 9 78 88 74 2 22 66 14 96 60 22 28 99 51 73 91 22 37 98 0 47 2 19 37 55 69 96 49 88 65 60 65 69 9 99 18 57 5 75 80 65 12 89 33 28 74 6 33 43 98 45 22 36 7 39 96 26
67 12 100 13 60 6 70 38 86 7 35 100 26 2 96 51 7 1 96 30 20 90 89 42 87 84 84 29 75 98 91 92 63 32 100 70 18 17 65 27 21 2 36 14 37 45 86 99 87 12 66 16 59 99 71 48 47 98 60 50 63 85 55 57 60 27 68 48 63 24 5 55 49 61 5 60 92 33 21 99 7 49 0 29 65 47 91 35 47 54 33 95 67 48 17 79 22 43 87 11 86 11 18 72 11 86 23 82 78 14 31 85 16 31 44 36 23 28 0 98 39 4 78 99 56 62 43 89 94 62 22 28 92 82 93 24 4 10 11 32 11 9 86 47 94 96 22 95 50 97 68 40 59 82 39 71 6 0 23 13 39 100 89 20 70 3 93 91 37 5 88 34 68 37 61 79 85 91 38 61 44 29 60 61 40 83 9 12 51 14 48 38 90 90 26 26 41 37 0 1 94 8 25 87 8 36 99 0 3 52 84 50 12 17 34 96 55 29 92 84 21 24 55 41 66 4 45 23 15 73 32 58 30 79 82 89 91 0 22 89 28 44 78 49 24 40 97 52 71 85 27 31 55 28 77 7 30 70 33 70 97 27 45 45 78 73 23 52 100 87 59 15 54 28 30 69 30 58 85 98 29 59 99 56 85 83 23 9 0 77 26 10 85 48 73 83 82 74 50 40 27 82 3 72 48 87 32 46 52 48 42 84 48 95 37 66 98 54 14 56 11 26 48 71 4 52 65 55 42 99 92 43 53 25 16 70 93 65 30 14 97 80 42 69 75 60 27 12 42 71 65 41 4 47 20 16 98 94 99 95 10 60 41 66 41 6 3 26 27 14 32 68 54 36 46 67 12 39 35 93 43 50 57 91 45 34 38 57 59 0 47 3 50 15 39 25 37 84 23 35
3 77 18 4 30 18 35 4 31 100 35 0 99 68 67 33 75 74 51 79 36 3 44 9 9 1 3 26 33 84 0 82 74 5 13 24 4 63 88 48 26 69 50 20 37 17 41 20 83 31 31 97 27 84 6 52 25 20 99 96 71 61 73 100 34 49 100 75 12 40 70 94 21 51 44 3 42 52 60 34 6 76 30 46 11 24 8 80 30 24 8 8 62 18 57 49 74 38 39 54 59 28 9 73 85 21 22 56 0 55 17 84 96 55 98 81 54 68 13 24 31 46 96 14 60 71 63 90 43 18 99 86 82 86 3 45 48 21 81 23 93 95 33 6 8 68 36 24 82 9 60 30 68 46 14 2 63 38 38 90 47 88 1 82 28 85 90 21 5 75 89 14 3 50 5 18 4 68 37 8 86 92 78 40 96 21 70 17 76 19 53 6 57 86 93 51 21 55 13 19 3 57 9 45 26 30 58 64 58 30 68 43 38 15 88 9 27 26 86 90 73 36 58 49 31 15 28 76 79 4 65 88 33 44 17 36 50 64 34 38 23 27 63 7 47 55 34 52 89 32 24 21 10 46 22 60 85 96 22 100 73 45 14 14 22 29 92 29 54 85 93 79 41 73 13 20 96 73 1 55 41 96 95 17 73 47 94 89 90 9 76 88 32 6 90 18 29 31 87 15 43 43 11 90 55 72 55 0 63 63 58 54 53 90 99 59 38 1 82 86 76 19 5 37 54 45 41 28 40 3 14 40 85 57 41 37 12 86 33 93 72 83 94 12 7 56 87 50 79 40 41 70 12 46 23 4 34 71 22 43 34 66 14 11 4 27 99 94 93 88 55 88 60 6 7 2 52 5 54 40 61 75 72 88 28 60 99 69 89 77 92 88 84 41 29 46 100 49 25 69
32 7 79 89 73 54 42 82 74 4 54 11 80 69 66 69 51 11 38 38 100 8 63 27 49 19 67 27 52 3 2 44 29 46 1 13 59 81 19 85 54 45 1 57 87 30 58 83 48 53 89 28 86 53 15 52 91 25 19 96 1 64 97 1 9 63 79 58 39 1 18 76 47 70 80 35 31 31 46 34 85 81 20 11 75 38 60 60 34 72 96 77 30 74 63 99 23 22 34 80 4 69 66 72 82 46 31 40 57 57 44 12 1 4 41 35 65 73 3 40 94 68 18 85 8 9 7 25 18 55 40 89 87 24 31 30 49 39 72 92 7 80 96 38 35 93 98 86 0 90 22 10 51 8 95 45 4 51 6 36 54 90 51 84 52 77 61 13 60 56 53 26 94 57 44 21 59 75 91 18 1 12 36 6 82 31 36 43 67 87 17 55 99 76 73 21 3 51 84 50 91 49 27 10 100 93 11 94 20 42 58 48 32 12 26 39 40 42 45 80 46 42 53 11 23 15 74 27 0 70 25 86 66 75 74 19 100 58 63 63 6 94 53 79 95 76 68 11 50 21 98 21 37 17 61 77 92 78 9 92 21 55 79 26 31 46 21 61 28 92 52 22 46 58 33 85 32 40 23 72 91 6 100 8 79 64 76 18 75 80 64 79 1 34 79 29 69 0 82 62 51 25 0 95 69 69 3 71 28 46 79 94 88 26 54 74 70 41 44 19 37 93 46 3 41 8 74 43 84 20 91 43 45 93 33 69 33 3 59 5 12 73 20 33 4 99 88 18 30 39 80 44 76 48 32 3 70 16 98 46 56 20 11 9 18 56 51 39 23 83 68 89 87 43 41 42 95 52 65 36 62 70 55 57 80 88 9 40 89 31 51 80 64 96 9 70 40 10 33 2
19 50 83 28 13 32 79 21 85 54 45 72 40 58 6 38 53 64 48 30 19 60 38 26 37 11 1 69 81 66 51 73 14 13 37 37 21 1 65 19 39 55 55 46 19 31 5 99 15 57 74 95 33 16 8 51 23 64 8 49 49 77 38 8 49 45 12 66 83 93 49 85 67 31 78 93 76 12 48 93 42 20 94 36 93 92 60 78 15 3 19 11 90 2 46 85 80 83 81 63 57 52 41 5 34 97 68 58 58 66 90 87 25 42 54 3 67 57 100 56 53 94 40 80 37 86 9 70 34 6 16 4 54 87 100 46 72 12 92 95 43 47 56 10 75 42 96 76 96 19 41 49 95 63 16 15 58 62 63 80 66 49 39 10 61 58 43 86 30 98 11 64 91 13 100 77 89 88 63 82 90 51 55 25 11 10 89 1 64 33 79 72 37 21 51 95 9 65 39 21 24 42 80 1 70 91 11 94 49 78 91 79 83 98 40 29 92 40 47 13 95 3 84 36 50 54 7 42 13 85 89 76 25 43 73 66 61 99 82 5 35 34 27 87 50 59 84 5 97 71 95 37 79 73 36 69 80 83 50 66 44 50 31 91 57 7 9 42 2 77 54 5 89 83 36 32 58 31 20 92 36 89 40 79 46 90 93 34 21 41 2 98 46 27 39 67 25 6 83 53 96 2 57 66 81 67 20 13 89 55 87 64 35 12 52 89 89 94 56 69 96 3 10 1 16 0 33 74 43 61 85 74 61 10 81 52 4 10 69 85 65 91 81 59 33 47 51 78 99 60 71 16 40 68 53 100 67 61 99 62 39 8 44 65 6 42 87 96 28 97 54 89 73 84 41 61 98 19 87 54 40 18 41 5 52 99 24 67 100 56 92 47 9 79 26 84 5 64 62 47
81 14 62 69 21 57 28 53 54 25 59 70 28 71 80 62 40 63 45 16 90 15 11 62 40 74 2 29 35 8 25 28 85 93 99 33 35 3 3 93 2 92 96 69 88 10 29 90 14 29 40 10 94 91 64 18 6 4 38 96 30 89 71 25 2 61 57 48 25 32 5 35 16 41 60 11 68 87 11 91 72 65 12 62 49 18 54 4 94 50 24 99 75 57 74 51 71 18 37 98 66 71 88 84 82 28 9 55 54 90 88 38 26 25 13 33 6 83 35 89 72 30 70 10 77 38 25 10 46 73 54 33 9 19 99 51 87 97 3 77 3 7 96 25 52 7 55 25 57 29 41 38 75 8 5 35 82 43 90 96 42 96 85 67 20 93 92 88 4 63 53 41 64 15 13 32 94 55 67 35 69 85 51 85 3 14 88 61 26 71 84 58 93 7 70 90 35 4 84 64 79 78 41 49 55 6 95 42 51 50 5 95 19 31 58 58 71 55 69 53 17 22 40 88 3 37 61 46 41 45 61 73 29 40 27 84 3 48 35 95 29 89 10 25 88 81 15 35 58 0 13 57 22 55 27 82 18 100 45 82 60 3 89 99 54 13 13 34 92 71 90 41 20 78 46 50 21 57 35 28 25 93 23 92 49 77 0 89 15 36 67 60 28 29 49 62 71 98 58 59 85 18 24 47 30 18 21 0 88 67 94 71 32 54 8 19 16 86 29 43 57 20 55 9 68 95 63 10 84 1 43 58 71 60 6 56 76 69 32 64 36 43 4 66 9 4 64 82 19 72 9 0 61 53 32 7 92 82 23 69 66 6 98 5 92 5 55 67 99 30 0 17 56 64 42 100 0 64 54 77 87 11 79 32 1 21 12 96 58 46 39 79 14 19 17 73 96 94 1 5
71 62 8 97 20 12 50 47 28 26 42 32 71 47 73 55 90 61 34 56 25 12 54 34 43 75 17 1 21 35 66 86 4 94 47 98 51 59 71 69 66 84 60 4 100 14 61 77 82 34 74 71 92 51 68 15 44 70 14 0 6 20 54 84 54 22 35 68 75 14 69 90 44 98 14 57 84 91 48 25 2 38 90 33 90 20 6 0 55 46 100 35 44 40 0 2 8 4 99 6 52 82 32 2 8 33 12 45 11 49 17 91 70 28 22 6 30 6 44 54 57 21 0 23 63 11 38 55 10 41 97 65 20 19 89 89 47 10 1 83 100 36 70 7 89 19 91 98 44 87 10 98 9 41 77 36 6 78 70 80 62 47 46 18 65 90 26 85 39 92 39 69 21 6 62 29 84 61 100 93 42 73 9 90 93 4 54 36 99 10 45 7 100 70 89 77 49 97 59 51 28 86 38 37 79 91 20 19 26 20 42 15 53 16 91 19 59 67 63 45 89 75 38 75 81 59 64 0 93 95 90 90 81 11 98 80 14 98 39 64 94 3 37 53 47 31 93 89 75 98 18 12 39 73 94 60 81 5 64 91 91 22 12 72 89 12 95 33 80 73 15 21 93 71 52 92 68 1 82 46 39 66 12 20 88 88 59 19 29 85 53 75 44 47 14 48 31 45 10 67 10 16 90 9 68 0 31 74 33 25 47 59 45 97 83 12 92 4 1 73 15 63 83 5 100 69 90 59 48 89 71 52 6 53 12 17 46 96 52 84 1 27 55 8 74 1 92 45 23 38 25 64 56 60 42 80 26 97 18 56 77 20 27 83 70 93 52 85 32 50 49 39 70 74 55 78 78 53 56 60 61 34 85 34 10 55 38 43 88 96 65 84 93 67 86 90 40 76 59 10
2 17 95 41 0 5 41 79 86 79 56 56 65 13 81 68 26 75 8 97 46 67 47 69 85 84 60 26 57 58 14 17 79 32 14 92 68 63 15 74 1 61 47 63 27 33 96 52 50 30 95 51 80 42 62 85 10 71 64 49 71 13 78 85 3 30 42 6 49 88 85 46 50 63 76 54 48 81 6 34 3 10 5 60 43 78 82 17 80 50 34 64 100 64 56 4 91 56 63 37 88 9 75 33 16 13 86 73 55 69 50 78 73 16 92 8 87 47 43 83 49 34 75 99 58 70 86 17 43 68 41 45 71 21 60 83 73 1 84 35 65 62 3 81 7 91 15 29 63 15 10 64 72 39 64 39 80 18 4 46 65 9 73 82 70 89 13 86 49 14 44 9 4 79 66 13 84 62 18 21 72 47 55 19 59 29 67 82 3 10 79 2 45 91 53 66 38 34 33 19 43 56 7 91 30 44 89 32 67 54 96 67 78 86 95 16 36 29 89 25 54 31 88 36 98 37 74 7 25 96 45 15 23 58 53 97 68 95 63 96 61 57 74 19 96 42 81 24 46 64 44 59 39 62 55 88 63 83 47 49 78 85 31 32 90 70 53 73 92 96 65 19 4 81 42 18 64 88 13 7 59 36 69 59 14 12 86 76 31 38 10 15 84 19 51 34 12 11 26 37 64 76 30 35 75 26 89 98 94 79 76 16 25 23 54 35 62 62 69 35 39 45 56 86 46 15 30 88 22 93 83 57 24 43 65 42 87 70 21 78 31 47 91 24 22 62 27 5 79 93 99 56 83 22 78 91 19 75 39 99 64 72 76 1 90 17 41 74 5 25 28 70 22 71 57 54 95 91 90 14 90 82 17 81 59 36 73 7 8 8 8 20 36 100 67 30 84 9 32 31
96 30 7 19 25 41 10 1 91 35 27 21 20 86 8 4 26 12 89 13 61 29 91 24 42 20 7 29 80 37 1 82 26 21 45 65 69 49 55 87 54 8 91 56 60 94 16 60 6 32 69 50 91 28 46 61 64 55 63 86 19 14 74 20 55 54 30 73 15 60 4 15 64 49 58 54 4 15 30 4 63 37 70 79 90 65 17 55 13 10 32 43 36 49 35 40 76 82 11 94 78 71 80 22 40 72 70 26 58 44 100 6 51 55 60 51 0 85 20 16 78 80 93 21 64 99 92 69 70 40 63 98 14 62 88 94 84 60 80 34 69 94 78 21 22 89 55 63 29 89 98 90 8 84 23 86 46 47 12 4 85 43 10 31 82 31 70 82 18 91 3 47 73 40 44 95 84 77 26 72 6 12 61 49 23 36 21 32 80 83 58 25 59 89 64 8 23 89 24 95 56 64 76 70 45 77 74 75 71 15 43 44 18 44 53 43 29 12 26 48 29 100 93 47 31 15 70 33 22 40 48 58 39 36 27 78 95 29 28 55 35 84 17 54 2 49 87 23 43 67 26 12 69 40 69 15 46 55 82 100 76 83 30 11 88 23 75 2 15 38 65 1 27 18 99 3 46 81 39 53 66 28 99 8 53 20 40 11 26 43 17 43 65 40 6 8 11 86 100 13 20 98 65 77 38 100 61 70 24 50 32 84 92 83 53 99 55 59 73 67 23 86 26 98 64 2 45 82 77 25 55 93 82 12 40 28 53 96 19 36 82 63 56 6 79 56 48 45 36 9 9 97 60 10 100 76 87 38 6 78 62 27 35 41 68 48 10 91 80 18 17 11 72 4 14 78 28 19 11 45 11 68 100 43 87 70 23 92 96 3 10 41 95 55 34 88 64 15 32 40
43 40 29 44 13 3 18 43 38 37 20 37 83 57 32 88 84 19 90 45 1 76 79 8 58 27 84 47 31 72 30 6 7 63 100 20 30 82 94 19 49 91 13 53 55 5 50 66 63 94 87 43 25 65 68 36 21 37 21 1 13 3 22 15 94 10 75 58 77 50 95 65 41 79 65 17 68 71 50 63 75 68 5 26 71 93 93 41 64 92 12 51 84 73 52 88 13 33 69 51 80 38 87 5 2 71 99 74 32 17 96 74 77 95 100 35 93 40 71 23 82 34 2 92 5 73 33 14 66 19 51 95 32 13 11 74 94 1 16 100 92 56 31 58 44 15 39 42 25 96 78 25 67 15 71 58 9 70 77 88 28 93 89 51 52 74 27 40 59 15 7 48 88 98 53 26 80 69 6 72 10 48 54 23 93 33 15 16 39 62 75 48 88 4 46 20 70 85 38 70 19 7 22 92 42 29 48 24 38 82 1 69 73 97 81 28 2 89 98 48 24 93 84 39 22 68 11 23 42 96 16 42 86 29 56 62 17 75 70 36 62 17 68 98 7 91 65 62 6 22 66 96 25 28 52 72 81 94 21 6 6 30 44 79 79 62 12 37 56 6 47 97 87 91 92 9 87 2 16 1 63 73 6 25 34 35 4 72 48 71 14 55 63 82 93 61 17 50 87 28 88 0 79 54 55 78 32 72 58 85 12 96 71 13 9 13 93 10 83 8 28 100 30 72 64 31 32 15 50 9 4 43 92 64 30 17 98 23 30 0 41 5 77 0 81 32 21 24 72 14 68 59 79 63 65 61 98 94 37 92 84 43 13 91 79 21 17 89 65 70 60 8 15 26 40 70 72 92 9 40 10 60 15 100 10 18 43 87 55 94 71 82 56 75 10 15 90 8 28 52
38 67 54 81 69 82 67 54 9 37 83 51 39 19 15 31 31 39 62 78 89 17 27 39 65 13 57 80 34 19 86 34 54 92 18 69 69 51 25 77 27 72 21 6 74 96 37 23 45 32 94 15 63 39 90 41 37 4 60 98 81 56 56 34 36 67 27 73 23 0 57 45 79 68 0 57 96 16 42 12 84 91 26 36 93 91 93 72 8 59 45 42 48 28 76 96 79 63 66 7 98 95 92 58 48 92 65 43 48 47 86 8 80 25 42 77 5 8 53 58 54 95 37 1 14 93 59 67 7 98 3 56 43 83 71 24 73 47 65 85 77 89 3 66 83 22 89 37 42 42 42 26 94 78 6 59 85 92 49 46 13 88 40 94 31 86 78 76 57 0 21 93 54 89 25 28 30 44 47 9 40 53 14 66 33 76 54 96 55 36 66 79 1 85 92 63 94 5 52 49 48 35 69 47 4 56 20 32 99 96 6 44 51 95 26 40 35 45 72 91 26 76 92 73 63 30 39 11 27 48 48 25 93 47 98 59 27 69 30 93 37 48 14 100 66 76 26 96 15 46 97 67 82 20 23 70 96 3 46 36 91 3 52 95 8 96 47 93 42 20 81 6 35 82 98 74 92 7 5 85 97 11 42 81 85 36 53 16 96 78 4 2 74 78 73 92 20 30 7 76 69 72 61 12 56 38 80 3 71 57 31 73 92 91 75 69 59 100 17 62 70 74 79 20 38 89 44 98 35 0 30 83 45 45 62 96 77 90 94 27 65 41 17 55 27 48 51 3 9 45 17 40 69 17 15 33 68 21 69 58 15 3 85 46 4 78 7 16 24 84 3 25 2 46 8 2 68 38 100 7 93 12 17 75 20 30 85 59 90 40 86 56 1 1 98 1 25 70 47 0
55 45 16 48 20 63 55 57 61 96 48 80 84 65 75 31 20 92 11 10 10 6 60 97 21 22 0 34 90 40 100 3 16 87 18 17 55 21 13 25 35 62 42 32 48 37 18 82 8 16 11 15 81 49 59 16 22 92 54 84 15 26 32 1 83 44 7 34 30 63 69 3 54 14 5 56 22 75 68 21 100 78 14 74 54 40 21 94 15 7 72 34 11 32 4 85 33 76 47 93 97 4 65 57 91 47 13 70 11 33 84 89 0 42 95 58 96 37 45 29 23 93 2 14 41 69 63 40 43 50 50 23 69 17 57 23 26 53 15 9 15 94 76 80 20 20 6 24 69 33 67 39 28 9 75 82 89 94 80 41 53 1 54 32 42 43 95 31 85 82 9 98 14 89 40 94 14 61 84 65 53 82 50 51 18 67 88 6 9 16 94 14 87 67 79 56 18 59 65 16 51 28 63 79 2 98 44 19 87 79 11 94 11 45 61 3 10 71 85 10 53 48 74 57 6 39 99 50 79 22 8 25 47 96 37 91 51 98 69 83 52 84 31 35 22 93 62 96 4 41 95 22 9 70 17 53 3 13 7 73 84 50 41 46 78 27 24 68 79 25 19 94 44 55 17 83 66 97 52 50 45 77 58 12 43 48 55 26 61 28 56 75 76 70 73 59 39 63 92 19 44 54 47 45 60 50 28 28 43 73 60 73 64 36 72 16 40 82 77 87 14 40 63 30 21 41 25 14 70 66 62 71 48 98 65 87 34 42 39 84 25 10 81 75 85 63 7 88 23 52 36 90 78 92 16 21 26 99 72 77 14 18 11 21 89 25 70 31 74 9 92 0 14 97 35 1 54 88 59 77 14 10 47 97 59 53 29 24 2 50 56 66 40 83 64 68 68 57 91 52
54 95 46 100 18 41 9 64 48 90 32 49 61 91 83 100 4 71 33 74 54 54 5 25 52 80 54 32 27 36 45 97 48 81 15 20 36 32 37 6 35 38 70 13 26 0 85 46 22 36 13 83 2 11 70 15 17 10 19 89 15 57 56 10 29 13 73 42 70 100 53 76 37 97 100 81 61 80 23 12 29 79 23 71 4 69 28 78 85 29 54 85 39 34 20 94 31 44 39 86 99 25 27 71 79 68 90 47 28 23 41 87 70 66 95 92 60 75 71 45 62 82 3 89 9 88 79 88 86 22 61 92 91 29 61 40 90 26 70 57 75 70 43 37 91 32 82 56 29 51 36 45 55 9 48 72 76 24 55 80 8 93 89 88 22 53 19 7 89 16 79 66 58 42 58 22 28 21 53 80 41 26 9 69 5 99 6 50 52 85 43 61 58 95 24 84 61 66 81 55 61 88 67 44 45 23 27 53 72 39 8 0 15 50 28 36 77 1 81 83 91 26 85 28 54 56 16 21 54 69 58 28 53 38 39 25 10 99 94 11 71 20 49 21 95 23 49 23 66 74 12 61 92 62 17 45 30 34 40 46 12 88 100 65 4 85 56 46 88 92 4 70 40 69 91 19 81 78 25 70 12 67 53 5 24 87 89 35 24 78 22 11 0 79 86 19 14 84 25 32 45 77 65 40 48 16 31 57 2 21 9 70 10 15 34 83 38 4 60 16 42 85 29 17 23 74 76 55 72 6 79 37 40 6 43 47 46 35 44 84 59 13 43 35 95 79 87 57 56 91 66 34 26 89 92 26 11 21 50 22 96 55 84 50 73 71 67 32 65 85 54 98 37 48 72 77 91 5 36 22 3 32 68 0 50 84 31 64 30 91 98 60 17 21 52 58 17 5 18 18
34 73 40 62 76 7 1 24 73 40 13 86 82 96 13 8 21 23 66 20 21 6 53 78 32 65 27 75 71 18 2 90 23 77 41 41 74 32 11 21 69 69 52 62 87 73 0 85 84 62 76 71 16 56 30 89 51 1 60 32 95 86 88 63 20 53 83 66 94 87 37 24 90 15 67 41 89 52 39 47 77 30 99 78 96 17 3 34 94 87 24 69 55 9 7 25 81 61 11 54 17 85 12 14 86 91 62 49 17 83 73 21 49 16 48 40 66 45 31 66 12 47 97 11 36 76 92 90 96 88 78 14 3 95 18 82 34 25 83 62 63 100 32 52 38 3 65 65 37 30 99 12 2 98 23 59 90 24 20 78 78 28 76 68 96 41 87 48 25 83 81 65 89 97 36 65 28 13 81 44 56 2 33 10 4 46 85 85 95 18 31 26 8 77 44 49 84 26 67 98 100 52 38 4 60 95 12 33 35 11 52 76 44 98 67 50 64 10 32 75 55 20 62 4 0 85 92 47 45 74 11 52 98 4 58 2 45 78 30 27 66 12 54 36 92 72 63 54 27 75 25 87 51 28 7 37 45 87 58 14 57 80 99 90 24 21 55 81 23 16 56 57 99 33 75 54 83 63 90 97 39 70 52 45 7 91 82 43 75 19 50 9 6 43 9 14 65 9 26 64 18 32 52 19 6 1 67 14 38 14 62 91 40 61 4 65 12 70 30 73 71 29 64 31 54 15 83 84 85 94 76 53 83 19 79 68 96 100 98 0 56 43 0 96 4 26 87 100 24 17 8 45 0 34 72 8 58 20 4 43 82 41 3 75 27 63 28 26 37 18 46 71 49 49 77 1 44 3 83 9 48 78 94 9 95 68 36 58 26 12 31 6 94 92 39 33 64 84 23 97
100 25 92 72 33 37 99 9 81 99 53 18 95 28 95 79 40 22 2 98 72 27 35 24 49 94 57 13 10 45 77 6 38 0 100 73 16 87 62 61 22 32 59 86 9 75 45 84 33 40 61 78 46 15 66 11 52 92 18 4 94 70 22 37 4 71 95 14 64 42 18 29 69 49 20 49 43 66 56 92 57 57 81 84 43 22 75 68 3 81 71 7 36 9 71 66 89 69 83 70 82 72 18 81 29 55 48 49 49 29 77 35 94 4 38 65 44 3 86 83 55 6 52 92 25 94 95 2 81 36 38 70 26 41 55 64 30 16 14 41 41 3 80 12 46 13 56 19 57 77 10 51 100 78 54 52 79 67 15 46 41 83 90 97 1 30 45 99 81 53 0 35 93 55 70 51 90 41 29 64 73 71 18 32 100 32 91 0 86 6 8 9 83 85 25 43 51 35 48 43 51 40 48 32 50 60 54 56 97 26 32 21 71 94 22 65 15 11 15 72 4 54 43 47 33 39 50 80 86 11 5 45 95 15 0 96 56 5 70 41 71 53 26 44 11 14 76 11 39 100 20 61 26 67 4 66 11 17 16 72 70 80 41 2 46 5 92 58 84 44 44 33 26 85 4 4 31 100 75 97 73 26 67 6 39 74 14 90 74 51 34 52 18 85 91 95 0 4 98 4 49 37 19 36 5 16 55 36 42 86 65 71 25 99 87 50 79 64 40 2 71 22 28 41 62 14 49 68 20 93 38 22 78 44 71 59 58 25 46 1 35 57 7 45 18 27 84 61 61 43 44 25 70 86 81 16 70 51 87 20 67 3 37 74 47 56 52 31 14 33 9 42 95 50 64 39 25 10 7 81 71 79 89 35 37 23 51 71 81 58 1 100 34 68 54 74 66 31 45 80
49 2 28 89 59 3 5 58 65 41 55 26 72 50 92 59 76 45 75 27 2 100 33 16 69 83 83 12 77 73 9 14 89 7 19 100 76 35 55 53 30 90 39 36 22 19 25 7 66 52 50 17 80 77 53 78 47 99 68 71 99 65 60 95 52 93 35 31 95 57 46 85 71 82 71 73 79 31 78 57 77 98 31 30 21 8 60 18 47 83 17 87 4 76 99 60 28 6 37 85 48 93 50 55 4 72 35 36 52 99 64 48 86 42 11 0 62 18 13 74 86 62 7 67 34 47 14 8 88 5 56 72 13 49 58 79 71 41 84 14 87 74 100 11 6 64 54 3 90 94 25 40 42 0 64 54 71 74 1 62 64 45 57 67 59 75 87 59 78 32 92 31 48 23 20 84 100 77 77 70 34 54 14 31 91 3 39 11 0 60 29 5 9 74 43 46 27 27 11 100 5 71 86 78 69 1 22 8 82 37 87 2 57 52 94 71 47 60 29 32 2 55 99 23 35 56 15 66 81 37 67 0 35 100 10 44 61 2 33 98 62 75 72 13 23 86 47 73 55 44 31 95 33 74 17 14 3 56 26 14 96 23 67 2 74 12 86 21 35 49 53 73 22 90 1 41 42 56 10 9 48 49 32 72 12 50 36 94 62 47 75 78 8 26 52 59 76 73 96 97 99 72 76 12 74 98 39 5 84 7 47 57 73 33 91 37 5 52 84 0 34 1 21 99 52 32 52 18 70 40 66 99 29 32 93 84 22 92 35 8 93 86 15 83 49 95 69 37 17 77 34 72 34 33 3 70 31 22 16 35 54 58 99 29 49 46 90 18 69 4 17 38 64 52 45 96 58 31 11 41 58 85 73 35 62 21 13 48 28 88 98 36 15 37 99 6 6 96 62 86
77 46 12 98 53 8 87 0 29 59 90 86 35 68 55 78 59 21 26 37 95 32 82 24 74 61 10 95 30 54 67 54 42 41 21 7 31 59 78 38 69 74 44 29 42 53 14 65 14 34 98 42 72 81 15 82 53 15 27 28 95 31 77 10 4 89 41 38 31 36 76 78 66 58 32 89 63 91 51 50 41 44 30 53 19 99 87 85 17 74 93 42 7 42 65 39 84 90 56 29 28 82 98 31 76 48 74 87 77 42 17 55 44 67 71 76 71 97 56 90 100 14 5 50 50 25 27 61 88 21 13 27 37 19 99 62 70 30 73 79 49 29 27 83 3 63 12 23 28 36 73 58 92 82 20 42 36 39 60 9 98 38 71 91 84 83 96 12 35 94 16 73 33 70 68 83 15 61 71 41 17 65 27 52 19 83 28 97 8 70 6 18 16 70 95 12 98 83 21 53 6 90 17 18 93 1 15 2 56 2 42 30 100 41 97 24 67 63 47 16 1 86 61 78 17 9 90 70 55 76 84 6 56 70 97 100 10 5 77 19 76 73 33 51 88 98 38 36 69 69 27 22 99 95 18 26 45 17 64 41 98 11 8 3 72 9 74 65 46 34 35 6 94 90 41 100 24 34 32 40 96 5 11 70 35 3 51 24 73 91 66 90 63 55 13 93 86 60 42 59 26 54 30 80 54 18 81 74 66 76 53 66 62 24 34 1 88 54 88 18 48 38 63 94 2 49 10 57 38 20 35 61 37 40 15 16 8 22 53 21 63 46 8 57 70 83 66 80 38 64 16 4 8 80 2 63 93 36 12 55 46 84 13 54 35 70 43 62 59 49 56 10 12 71 78 1 34 98 56 42 83 34 10 15 97 1 79 59 66 61 76 29 31 64 33 77 89 27 8 82
51 7 63 0 17 31 60 82 87 4 18 66 29 44 17 85 90 75 54 19 58 40 78 87 77 37 35 32 62 32 74 41 89 97 90 27 54 69 24 53 83 40 48 60 60 91 3 25 31 84 38 89 78 43 58 12 23 98 45 15 52 34 71 67 55 32 85 93 57 56 13 98 80 52 82 28 46 6 59 71 27 50 77 28 89 72 21 32 39 31 40 38 94 39 46 59 58 76 32 14 45 69 57 56 87 68 91 28 46 54 8 22 13 31 39 42 48 81 67 14 35 19 0 89 99 19 56 49 86 0 46 95 36 38 19 20 98 31 34 16 64 64 27 99 37 84 91 63 99 85 35 27 83 46 66 40 95 38 87 55 10 83 78 73 23 27 56 41 6 3 39 37 52 58 70 39 77 20 46 4 9 71 78 17 5 1 53 16 43 13 2 68 71 24 33 57 57 75 15 30 2 32 80 64 68 8 79 61 33 16 37 85 82 5 3 62 43 4 76 78 78 21 86 94 88 73 13 96 78 79 33 6 39 98 42 22 1 29 20 19 18 40 46 80 83 85 83 58 1 23 41 73 53 49 98 45 28 5 24 11 84 86 30 78 34 54 40 13 27 14 41 80 21 81 66 48 58 14 29 18 5 25 28 70 11 46 84 92 34 55 85 72 16 25 45 85 75 63 86 44 80 42 68 12 94 78 5 94 90 50 2 62 0 30 79 100 9 20 23 85 34 33 89 21 49 51 72 10 42 53 72 88 54 95 52 98 2 7 46 85 67 94 60 70 15 20 79 40 22 31 35 62 27 9 80 15 51 28 100 50 77 9 91 24 59 56 43 85 8 44 55 91 66 64 44 82 29 67 83 2 22 76 40 53 61 1 100 81 19 67 85 55 63 27 69 28 14 43 43 15
58 13 2 30 85 21 70 74 78 64 82 20 7 24 86 54 39 1 25 87 42 7 80 83 40 81 75 54 64 38 93 30 45 77 35 16 97 29 37 39 94 7 1 72 98 100 32 71 97 35 62 91 7 94 98 48 24 69 71 1 41 30 73 42 65 7 27 99 3 82 18 67 0 38 38 96 37 30 71 86 97 38 99 96 82 20 72 76 78 55 26 76 100 16 25 63 22 38 33 47 68 81 6 5 18 56 84 73 30 88 83 4 59 20 23 8 62 17 100 20 62 57 34 59 69 57 55 15 5 75 92 62 94 27 9 48 99 21 43 90 57 81 9 62 46 51 1 15 31 41 74 38 37 26 31 40 44 27 5 63 2 96 22 10 37 24 65 47 62 53 7 16 1 57 43 13 16 32 59 73 84 53 18 18 64 51 14 9 19 53 44 3 15 80 83 47 1 69 68 60 24 44 92 37 85 24 27 31 76 87 78 23 53 46 96 21 41 24 53 80 91 86 86 34 81 3 29 51 7 15 41 60 18 66 45 6 36 93 47 25 38 98 90 63 56 83 31 23 58 14 5 20 26 70 75 5 6 6 48 37 8 42 88 52 29 24 68 52 72 60 64 74 9 93 53 47 6 33 8 41 62 49 26 0 68 30 24 42 20 12 95 40 33 54 41 42 95 67 30 12 95 96 18 38 92 11 44 89 87 52 10 45 44 5 71 60 49 60 79 43 45 6 53 74 12 62 57 74 64 87 95 42 62 83 50 70 6 94 3 57 28 1 3 94 73 40 28 92 21 36 48 9 74 70 36 57 66 23 26 17 21 18 96 1 33 2 56 67 98 90 87 58 21 58 12 0 14 18 3 50 75 92 57 53 91 75 90 72 89 51 61 18 4 34 59 43 70 95 4 36
25 63 35 87 9 59 69 35 90 26 95 85 97 23 22 77 11 77 93 11 17 26 56 96 62 11 93 59 78 51 0 96 3 82 71 72 40 98 8 97 51 97 25 97 5 48 2 96 77 18 77 88 17 50 94 48 43 36 80 13 100 27 75 47 9 20 22 86 11 86 51 12 20 0 86 25 76 82 67 60 94 77 11 0 67 81 76 96 1 33 99 62 7 46 19 20 55 47 100 19 33 10 17 22 57 43 63 10 29 96 35 83 88 72 42 86 75 34 60 71 90 2 91 26 46 47 78 4 56 87 85 14 72 18 63 34 90 56 86 32 46 55 2 73 78 44 33 97 43 8 45 96 83 3 95 57 0 89 34 27 50 84 20 13 9 68 11 51 12 69 9 61 5 78 55 26 81 28 76 66 9 82 90 50 38 76 83 13 78 6 96 52 92 53 58 87 84 77 59 57 52 24 25 70 65 12 5 45 67 44 3 25 63 91 73 15 51 60 23 80 14 76 54 13 60 40 92 32 58 14 23 42 19 58 97 36 45 60 36 71 41 27 79 58 48 53 20 45 81 58 35 66 39 94 86 53 62 41 1 90 96 97 20 56 99 24 4 78 38 96 76 43 34 96 70 46 94 43 40 77 35 89 44 18 11 5 6 76 77 79 13 82 58 21 46 54 59 26 66 54 20 84 12 42 29 47 99 38 16 38 80 9 5 6 52 74 2 20 46 77 6 100 54 78 70 1 17 57 89 43 15 37 87 96 80 70 63 19 52 17 59 60 75 37 10 73 53 64 22 30 12 35 56 52 65 26 91 38 47 28 73 11 89 74 60 11 43 89 1 35 91 27 43 89 64 62 60 73 86 79 37 31 29 2 72 48 34 38 58 35 35 49 74 42 24 18 56 36 66 50
9 6 65 38 82 32 18 54 1 50 18 13 42 86 81 95 66 49 32 22 4 52 97 49 4 70 75 81 0 60 94 77 28 78 81 72 92 32 77 78 25 45 35 17 84 0 69 10 84 93 94 53 85 18 21 98 9 2 41 99 64 26 90 47 32 90 35 18 63 67 13 52 48 72 30 61 40 63 23 72 86 50 57 37 55 62 33 52 66 79 26 44 78 29 21 23 88 24 83 41 89 31 43 34 41 13 56 84 75 16 90 44 100 4 7 55 79 18 44 33 72 68 91 15 77 19 19 39 75 84 19 57 41 16 39 55 35 25 42 13 72 9 13 53 97 97 17 34 30 81 53 43 46 19 24 93 36 57 81 6 0 32 100 48 26 0 48 41 92 60 96 51 58 80 11 57 33 39 90 45 91 66 4 62 82 70 25 69 87 96 50 60 8 38 68 54 6 7 37 33 36 49 90 80 93 50 48 90 49 11 22 68 70 20 89 84 68 43 6 19 88 25 91 5 7 95 97 6 63 52 50 38 61 47 6 58 6 67 9 66 88 51 5 97 91 96 84 82 39 31 66 94 79 83 4 52 5 22 48 93 75 29 29 75 64 66 1 1 76 71 4 88 49 56 100 50 49 34 86 76 35 86 72 83 48 89 52 65 35 7 2 25 7 73 65 6 12 39 59 66 56 25 98 12 6 26 97 72 13 88 9 10 48 7 61 49 46 63 88 23 0 57 94 12 96 72 2 90 14 25 47 100 61 35 1 30 51 32 89 80 82 89 15 26 7 94 97 97 45 77 84 78 32 11 2 5 69 24 17 9 86 72 76 32 51 48 75 22 39 39 53 59 80 63 47 71 29 73 81 6 14 78 13 93 51 62 98 91 71 52 65 87 37 33 78 95 40 35 10 28
97 19 5 16 41 50 73 16 46 87 91 57 5 77 75 83 75 24 90 63 8 82 1 53 1 29 82 40 0 56 27 18 65 24 90 63 44 97 78 88 20 89 84 53 0 36 97 44 100 30 19 19 69 39 39 35 74 84 51 68 47 82 6 74 16 50 14 45 17 99 90 43 2 93 5 17 62 62 49 28 89 94 85 82 65 69 89 13 76 51 45 10 88 9 5 62 65 12 72 7 25 14 56 21 48 61 97 18 37 64 5 0 29 31 48 79 59 34 51 99 49 2 74 91 52 18 9 1 9 44 38 66 77 73 60 13 50 26 56 30 64 77 33 55 51 97 13 76 15 35 88 28 64 6 14 10 75 32 25 14 30 64 67 30 88 34 28 33 31 36 45 21 48 1 51 11 37 49 92 27 60 30 63 58 99 49 0 37 18 9 16 59 48 29 75 16 9 57 70 33 28 63 7 72 92 73 69 33 96 91 36 95 81 18 14 55 14 88 53 82 30 57 23 94 3 53 42 64 92 26 10 24 88 66 70 65 15 22 54 31 24 65 37 60 38 14 79 40 69 21 62 63 9 8 31 54 84 85 25 29 81 10 49 53 53 42 61 10 24 84 74 16 56 5 44 76 48 54 5 83 33 22 23 91 55 16 23 54 70 4 51 78 39 93 31 87 68 99 85 17 8 72 54 87 94 23 66 1 24 53 69 2 73 31 40 62 10 51 51 2 7 13 70 25 30 71 43 39 89 69 61 83 18 90 86 89 23 10 24 97 74 29 27 76 26 2 81 83 44 78 84 81 31 38 7 36 12 44 72 37 57 66 17 97 88 21 96 17 44 87 24 24 80 68 46 16 35 25 5 73 98 76 68 45 76 65 45 8 80 75 92 81 3 23 30 84 52 93 3 81
65 6 58 16 83 41 19 93 16 20 28 94 24 97 100 81 67 28 81 26 92 14 29 77 46 90 6 23 30 82 53 5 32 62 61 78 75 85 94 60 24 77 100 30 21 58 48 56 43 9 95 100 48 59 53 53 12 96 85 51 65 40 62 31 29 69 36 22 79 59 61 26 78 91 18 18 8 33 18 92 25 77 8 46 63 57 7 71 81 83 94 77 23 77 84 94 69 49 34 32 19 21 26 31 21 94 59 67 60 2 51 32 60 10 73 0 88 50 45 25 19 45 46 57 1 35 78 97 32 66 89 8 84 37 31 14 27 94 72 30 55 53 61 16 74 25 35 30 50 97 30 41 70 5 65 19 87 83 21 13 73 93 87 62 6 6 55 18 32 27 11 46 86 16 35 49 83 98 0 89 85 63 56 58 51 74 27 47 8 22 17 35 54 30 68 22 53 84 99 65 34 90 77 81 64 98 16 53 89 14 62 16 26 69 60 3 32 50 69 90 50 55 65 68 4 97 2 45 8 77 76 13 78 78 6 21 95 90 27 44 41 82 76 4 88 18 58 7 35 29 73 10 23 73 93 7 50 96 20 23 95 36 2 87 24 64 79 85 40 32 95 40 27 48 63 20 53 88 98 19 43 1 48 95 72 57 69 64 39 54 23 26 9 84 31 74 14 11 17 89 55 27 38 2 74 73 72 19 12 66 30 90 16 24 43 90 68 53 3 71 38 25 79 40 95 28 73 5 64 54 17 7 96 88 35 61 82 86 1 39 4 25 0 30 4 38 95 77 55 54 26 92 8 40 98 30 53 40 27 85 53 49 68 41 83 41 49 48 81 65 54 25 96 77 71 11 1 1 52 54 37 63 8 57 43 67 44 56 50 50 35 19 3 62 28 35 77 3 5 6
64 78 39 78 100 74 26 64 46 88 37 90 99 69 31 71 52 33 90 3 3 41 47 43 29 80 15 56 59 3 24 52 75 5 38 100 38 2 1 39 54 21 3 62 13 32 46 77 36 45 63 84 52 5 7 2 3 22 36 2 45 85 79 37 77 29 64 89 45 32 84 3 100 56 79 100 68 2 27 42 6 21 4 88 34 14 72 2 54 54 23 4 58 54 71 42 14 89 24 23 55 61 67 48 68 70 42 81 17 40 92 90 42 24 90 43 18 80 2 7 18 75 12 37 44 71 16 52 70 69 13 77 97 24 95 89 23 68 2 41 41 82 6 98 56 22 16 10 85 67 85 48 33 47 64 84 58 41 96 100 50 89 25 30 46 28 23 57 84 41 18 25 47 5 73 29 1 24 41 75 1 72 98 9 96 71 35 40 20 67 83 19 55 50 48 8 91 7 81 53 20 40 10 14 27 92 84 7 22 8 0 94 46 98 22 41 62 99 50 91 62 63 92 49 93 77 45 41 30 4 33 98 5 97 43 16 45 23 85 50 99 57 23 26 8 80 32 50 36 38 93 34 65 15 75 21 10 37 39 80 17 73 76 17 22 51 91 18 13 8 83 65 73 99 15 96 44 96 11 90 41 54 55 13 15 4 9 46 6 94 45 28 18 51 63 45 27 60 36 98 10 91 16 7 100 80 27 59 78 2 46 62 23 64 98 74 96 68 15 69 7 58 18 75 16 89 66 11 86 56 75 39 33 3 47 72 46 67 61 26 95 65 7 16 41 47 78 78 96 76 54 45 26 40 95 83 81 77 96 17 80 16 86 80 91 31 59 1 17 89 76 3 12 98 57 35 69 22 47 32 4 51 19 77 65 22 95 68 37 54 7 80 71 66 93 81 38 36 9 41
20 33 86 66 15 18 94 100 91 64 85 42 24 49 98 52 24 22 42 34 35 97 38 41 67 18 11 80 46 21 15 59 60 19 74 78 16 25 98 71 8 57 39 52 61 26 10 27 41 62 92 88 75 28 41 65 84 56 48 94 4 75 99 16 100 23 9 4 1 48 95 31 47 31 33 9 93 98 17 68 47 92 48 42 70 2 5 36 15 44 49 71 20 55 79 80 85 38 75 22 57 7 15 100 36 92 72 49 11 29 61 68 1 55 60 12 12 43 78 52 16 5 93 38 35 90 61 56 87 24 80 5 69 66 91 20 53 49 63 41 64 51 8 81 67 67 5 49 89 21 97 54 70 77 62 1 20 53 59 81 95 24 61 64 75 47 99 79 33 53 62 9 91 40 95 4 48 19 78 0 54 13 94 54 99 36 0 16 27 19 54 98 66 16 51 80 84 93 50 7 88 99 92 8 87 17 91 54 8 71 44 54 23 10 86 5 90 21 32 19 7 45 86 89 52 28 10 17 52 41 79 72 44 100 57 31 93 25 84 32 46 81 88 50 21 31 43 37 9 14 47 98 15 93 31 42 84 33 62 20 99 36 31 1 28 84 58 83 93 56 39 30 22 31 58 35 25 76 14 14 93 19 77 1 55 55 47 17 18 57 68 6 73 49 14 2 23 86 25 5 19 58 21 90 16 83 72 66 81 4 13 41 2 45 21 3 56 30 85 8 63 95 84 54 10 72 91 51 31 20 79 65 77 62 38 66 14 66 93 60 94 64 95 43 16 88 32 70 60 16 8 77 22 24 23 64 64 99 69 78 10 34 24 21 34 3 69 30 25 64 35 98 37 16 88 96 97 32 78 64 13 84 94 74 36 12 74 86 33 16 8 58 18 72 62 86 86 62 20 57
44 36 25 51 27 57 66 4 29 62 31 99 2 100 62 87 69 17 45 0 86 65 42 80 62 34 98 86 51 13 26 15 42 87 43 81 63 32 15 75 80 75 46 2 97 0 88 75 53 48 90 14 16 36 6 13 98 42 17 57 63 69 32 56 36 51 2 31 90 68 44 64 32 42 43 83 22 83 79 20 12 48 94 84 38 54 62 86 97 79 7 96 29 28 51 89 82 57 2 31 47 21 64 58 55 50 72 78 88 40 49 60 10 72 8 55 36 70 5 77 54 42 36 31 81 53 66 15 17 29 13 51 88 77 1 66 100 78 71 70 4 98 18 68 94 8 51 61 78 39 83 84 57 49 57 15 8 24 13 46 58 66 92 35 37 36 35 58 5 54 64 11 56 14 33 86 84 84 5 53 53 37 66 16 87 95 31 34 63 61 100 74 20 8 49 58 6 17 80 70 23 62 37 80 45 84 9 62 91 12 37 33 44 4 51 94 34 17 48 56 59 57 89 23 70 6 37 69 8 76 91 65 66 66 25 88 52 86 33 27 5 10 72 51 99 68 78 7 21 44 86 80 21 35 43 68 89 89 43 50 6 36 77 98 21 18 58 90 69 25 34 90 100 59 99 0 81 20 77 42 96 67 42 37 38 86 63 8 53 43 33 16 88 92 98 45 57 32 34 54 86 83 88 29 55 36 23 100 85 67 46 65 0 10 88 13 47 7 3 10 58 96 33 61 58 49 69 68 43 24 32 82 15 61 87 56 94 21 0 60 43 64 22 97 100 99 25 63 11 59 81 33 26 67 65 0 23 86 79 20 74 80 27 41 8 44 4 12 43 61 69 27 91 27 30 95 59 99 14 24 32 25 45 22 58 12 80 12 85 39 15 88 57 6 92 93 7 4 8 60
97 30 24 19 90 85 25 9 54 20 20 64 56 64 41 78 45 49 88 100 50 11 13 75 59 62 31 23 4 52 10 74 44 31 93 7 40 23 38 19 93 6 96 42 14 95 30 94 97 21 7 27 76 29 36 90 60 87 21 96 99 47 45 21 29 32 50 47 95 57 84 67 58 53 29 39 25 40 50 34 61 100 62 81 57 36 81 97 13 80 19 1 73 23 48 69 75 24 25 66 28 1 61 94 43 32 73 83 24 69 12 24 66 52 65 40 27 3 42 17 48 47 56 81 34 57 49 14 75 14 11 99 33 37 33 27 95 67 22 61 51 48 36 5 78 100 84 45 87 45 54 85 57 84 78 18 83 39 86 77 88 30 14 54 28 36 34 98 62 51 77 9 93 31 26 13 84 97 18 9 54 77 64 31 16 28 53 87 50 93 59 34 9 80 100 12 83 1 90 32 88 32 29 67 81 73 10 94 58 34 21 65 69 46 22 91 10 97 73 17 45 97 68 77 39 69 1 39 45 67 38 5 11 26 50 96 0 83 89 95 12 80 15 69 35 76 57 22 82 95 25 62 63 68 23 68 15 9 75 78 94 69 8 23 74 1 98 7 50 20 21 12 57 67 73 63 85 45 56 12 84 38 69 52 90 57 96 66 93 57 11 54 82 62 60 48 45 34 49 78 41 67 22 93 44 29 62 40 62 67 38 33 40 81 17 80 21 75 60 27 68 25 26 92 5 76 17 88 34 24 14 34 38 89 10 89 19 54 74 9 78 100 73 28 82 74 33 9 69 19 89 87 53 81 56 73 9 17 40 2 59 3 19 71 26 21 52 20 2 43 75 4 22 50 86 32 97 12 86 47 79 64 16 31 14 14 85 76 87 11 17 75 80 87 35 85 91 6 44 76
38 83 80 51 89 17 78 71 35 67 3 14 56 93 98 83 25 50 4 37 50 36 92 86 62 39 62 51 57 51 56 82 11 49 47 37 77 1 20 65 3 54 77 74 34 15 78 73 65 13 67 67 91 19 80 38 67 80 100 39 70 52 9 55 85 11 25 39 78 10 61 69 25 91 82 25 96 23 35 14 62 5 71 84 4 23 22 6 3 21 98 34 72 9 55 91 83 3 100 70 76 72 45 75 77 24 16 1 49 97 80 1 48 18 95 1 4 26 88 58 6 37 78 22 8 21 4 41 34 17 15 100 3 96 62 19 41 34 89 62 81 36 69 59 66 3 66 61 66 83 35 65 41 1 51 89 43 2 18 13 13 34 42 65 33 45 68 14 52 10 78 11 57 49 8 45 68 79 36 19 25 29 4 14 79 22 100 28 50 83 31 63 80 16 15 2 97 51 74 40 76 23 50 55 8 91 20 8 17 89 99 12 77 4 37 71 19 42 34 1 52 0 66 40 16 35 96 6 64 96 3 56 26 46 35 36 1 5 17 53 30 59 31 60 63 22 35 12 7 98 54 25 54 90 98 28 1 94 12 86 11 24 26 12 6 9 55 79 63 81 57 98 53 75 68 98 1 63 51 68 47 38 19 84 18 12 98 86 54 75 37 12 17 72 56 83 91 85 33 43 53 50 76 24 59 53 77 7 35 93 42 80 60 38 44 97 68 0 60 73 99 82 29 81 93 72 73 77 83 25 50 31 6 26 31 15 18 77 11 33 73 39 100 30 58 91 98 36 30 32 4 16 66 76 80 87 48 59 61 48 11 53 2 52 70 1 90 81 4 17 1 11 39 48 79 80 28 5 30 52 61 58 47 41 35 28 9 13 65 61 31 75 29 3 82 79 78 38 76 74
61 43 37 20 30 51 14 57 33 43 55 19 76 95 9 7 100 83 70 55 61 6 84 58 75 10 39 27 45 34 20 51 92 33 63 10 12 84 40 84 100 100 9 82 36 35 86 17 35 72 75 85 54 22 36 77 65 36 90 96 28 16 83 56 8 75 55 69 56 58 15 46 28 82 45 23 70 4 59 57 46 55 91 51 10 85 29 8 93 34 2 97 7 41 43 55 32 35 28 62 85 45 0 54 70 93 13 47 52 69 25 96 18 34 61 11 33 93 50 93 91 3 42 84 97 30 32 71 42 70 61 86 92 46 95 98 24 52 21 27 69 83 33 46 11 26 36 52 50 89 6 60 8 27 8 62 42 27 39 13 15 34 12 78 28 38 6 67 92 39 35 22 63 91 55 13 80 87 34 2 17 44 86 62 31 84 24 18 63 10 69 47 67 33 16 81 16 40 51 18 48 92 88 83 28 63 1 60 63 78 33 56 58 39 45 78 28 39 96 0 5 45 30 88 83 91 7 83 93 27 77 27 22 36 18 35 11 13 27 52 18 96 42 85 40 84 13 34 100 32 82 36 12 37 40 33 10 35 71 59 24 61 29 72 88 52 80 34 19 90 88 28 1 31 13 74 12 3 3 48 14 100 61 7 90 21 29 21 47 17 25 48 92 52 39 24 62 6 84 35 35 43 81 8 81 44 25 94 28 22 70 69 6 69 46 81 6 92 49 39 5 59 87 0 86 48 85 79 1 18 78 76 38 31 79 46 93 91 74 82 96 51 74 52 92 85 66 11 35 26 25 51 36 81 27 0 7 64 42 73 0 82 73 29 50 7 74 84 48 39 69 70 77 33 91 87 46 18 43 100 46 92 31 41 5 24 96 44 71 50 20 35 55 51 40 25 61 82 40 88
36 83 3 36 74 17 27 73 38 84 91 100 44 29 85 52 45 43 44 56 5 11 24 57 31 100 79 59 39 89 73 70 31 47 5 21 86 77 96 38 28 15 31 82 45 91 61 45 70 92 35 1 42 39 98 3 41 78 31 9 56 44 44 33 16 89 100 62 81 58 49 91 91 7 39 21 73 57 36 16 91 30 54 50 37 1 85 74 91 45 44 16 57 93 79 79 53 28 15 94 47 25 17 80 70 21 4 57 37 41 44 25 86 22 18 3 84 8 65 59 26 30 7 45 75 89 36 45 71 26 83 14 91 33 80 1 14 5 25 70 10 50 63 58 77 11 28 1 49 60 90 15 79 49 68 84 2 41 67 92 89 59 17 99 90 100 42 84 96 27 0 9 50 47 98 90 75 53 50 36 19 50 2 57 75 100 7 88 87 51 21 85 83 9 41 80 49 30 87 41 86 92 19 36 22 47 47 46 52 15 64 19 4 12 78 4 9 38 79 9 92 17 29 89 59 75 63 10 29 6 18 66 17 20 53 26 33 15 99 35 27 41 22 33 3 21 96 92 18 87 98 0 45 43 80 81 44 27 90 18 13 34 16 94 36 73 82 17 80 4 18 87 72 79 81 82 63 5 89 81 23 46 28 41 42 98 6 18 57 68 21 94 76 33 25 44 96 69 41 99 74 88 73 4 55 2 8 77 93 97 61 64 56 85 32 5 18 66 0 29 32 40 51 92 15 92 86 78 41 4 66 40 65 98 90 9 73 26 41 31 45 19 96 38 58 54 65 65 66 80 23 25 10 64 80 82 15 53 24 80 2 95 23 5 95 44 4 61 29 99 50 46 62 93 87 70 18 93 65 43 82 17 42 40 28 19 46 35 41 96 51 68 18 100 100 39 39 17 1 65
81 36 9 74 77 82 95 20 41 86 69 27 74 44 27 32 33 62 11 47 60 43 72 21 13 51 69 79 24 14 9 19 90 26 91 75 75 26 54 51 95 69 64 74 40 12 97 14 30 30 14 55 56 12 25 36 74 21 98 96 90 95 30 38 58 57 45 63 63 72 22 38 100 26 59 95 13 66 90 35 73 20 85 14 19 56 54 24 45 16 76 42 26 15 31 45 78 69 9 93 68 31 89 55 28 36 83 55 81 9 44 26 38 98 76 69 13 52 33 11 40 20 100 58 86 95 62 77 72 82 6 47 9 37 63 81 78 53 80 15 87 44 66 92 61 32 83 74 68 41 35 51 42 24 44 52 53 38 0 43 1 72 52 80 79 8 20 42 76 99 53 40 18 60 99 53 11 88 29 51 88 24 8 47 70 21 66 86 47 19 28 95 13 56 25 57 0 90 16 72 53 93 39 83 2 96 95 72 66 31 57 77 11 47 9 67 32 0 47 71 92 50 4 32 62 7 64 85 23 52 71 13 36 20 25 63 72 58 4 4 97 0 99 81 73 83 35 86 82 64 50 17 31 87 43 75 90 72 58 10 19 3 41 97 6 88 86 82 79 3 96 71 82 90 25 19 90 13 60 48 51 1 94 59 29 96 70 1 55 24 21 96 37 99 3 85 25 80 37 40 16 90 42 52 5 31 83 83 93 11 8 15 30 95 57 69 81 0 10 12 17 68 24 23 48 86 6 13 9 4 92 48 69 62 73 78 95 79 42 37 28 4 9 44 74 21 27 52 6 64 56 9 63 72 50 43 40 68 39 39 5 21 16 15 74 96 56 58 57 41 50 91 28 13 4 49 60 93 1 6 66 21 80 76 40 50 71 60 45 88 34 4 68 44 82 61 46 60 94 66
54 22 4 83 32 75 94 68 80 38 18 50 45 83 37 96 10 93 62 7 76 24 53 100 99 48 47 54 20 87 100 17 17 62 61 11 87 38 66 90 59 67 59 29 50 6 83 13 16 46 87 68 2 12 69 13 23 63 70 22 70 23 8 56 58 86 41 47 53 92 56 24 92 14 94 50 33 2 46 28 50 68 71 65 90 6 46 72 9 75 86 39 96 94 85 54 95 97 54 32 19 26 91 14 70 8 76 75 69 66 40 81 54 10 77 46 89 65 47 92 66 60 42 85 92 28 44 21 33 74 14 32 48 74 61 92 30 94 71 55 16 15 14 32 4 17 84 99 34 93 81 52 39 63 10 43 54 51 17 59 7 36 70 75 3 81 49 93 10 4 37 94 70 78 83 38 73 4 80 38 27 8 29 67 84 2 58 61 91 2 9 23 41 9 90 48 71 53 39 74 24 24 35 99 81 36 56 77 51 15 36 87 77 16 74 1 22 17 100 29 63 30 67 97 7 96 11 68 96 58 68 76 60 51 42 55 95 82 18 88 56 92 33 38 68 83 83 40 63 18 5 43 100 92 47 19 92 44 58 77 98 80 95 68 72 22 49 82 62 20 97 45 29 11 31 61 34 41 4 15 44 79 52 52 90 81 91 49 83 28 31 68 56 0 76 100 70 31 64 73 74 25 42 97 98 82 82 15 55 64 19 7 26 82 23 31 52 99 78 9 54 42 52 100 8 22 1 92 93 91 20 53 15 56 12 6 85 35 14 46 64 15 91 46 48 84 26 69 72 35 33 13 35 87 14 86 29 94 41 20 94 36 44 79 86 56 64 53 42 33 81 68 1 54 69 80 83 50 93 25 91 14 98 99 79 15 98 26 88 73 41 94 53 29 100 40 54 2 18 54
96 87 10 41 45 95 71 52 13 35 51 37 84 80 12 60 15 7 50 15 61 62 74 34 45 8 53 36 66 41 41 56 18 29 71 43 13 85 59 38 2 41 76 13 76 83 46 69 84 17 58 37 50 65 92 33 64 67 78 62 44 0 70 71 13 34 63 43 77 87 44 7 87 90 57 43 41 21 26 67 68 79 41 31 73 58 65 13 19 17 30 56 93 98 46 52 53 17 49 31 52 38 55 53 53 2 23 84 17 19 4 38 90 80 95 11 2 26 98 37 78 69 99 27 26 8 49 41 96 45 37 7 30 40 12 24 45 59 13 59 62 73 1 89 61 21 83 60 39 85 88 59 44 59 20 8 69 74 44 26 28 45 8 66 81 39 21 2 4 23 72 30 21 16 44 87 17 50 7 70 58 11 48 84 20 83 49 83 93 93 78 75 80 47 49 56 35 36 68 71 86 7 24 18 54 50 98 70 55 43 49 10 53 84 69 81 43 10 89 55 73 1 8 68 44 49 34 40 35 17 56 31 27 14 74 0 90 7 69 30 67 60 54 20 0 80 48 6 2 47 85 2 94 84 54 54 20 53 88 29 79 36 94 53 76 7 38 37 69 27 76 58 49 32 18 71 78 54 75 13 24 56 96 96 9 54 3 65 91 43 8 8 84 25 36 16 4 77 80 95 9 68 7 10 91 49 31 10 80 26 50 84 49 84 50 90 69 4 76 35 33 80 0 75 65 29 11 16 26 81 50 50 8 77 37 22 74 58 12 18 19 21 81 79 15 93 88 93 76 88 63 37 4 42 68 10 57 61 53 84 33 31 13 97 15 29 33 85 27 62 12 44 30 7 87 13 69 88 98 81 17 31 26 27 5 24 21 44 100 61 35 10 24 92 100 8 47 7 72 68
11 7 47 24 31 26 63 92 34 59 85 23 71 55 44 28 43 71 15 68 66 40 89 1 27 72 68 92 78 37 0 100 31 67 72 97 42 64 8 55 33 85 42 81 68 85 35 52 27 19 15 18 86 42 26 77 3 3 75 36 5 1 87 75 66 52 22 32 21 17 78 71 86 96 48 3 69 19 63 2 29 34 18 69 88 65 14 95 94 93 24 80 37 35 2 17 15 67 93 77 35 9 19 27 77 32 48 47 67 64 70 86 59 70 66 29 94 22 26 46 44 62 47 16 56 41 56 11 96 14 32 66 12 76 8 14 64 6 79 43 89 15 0 3 33 71 70 84 94 60 76 31 17 2 71 68 50 65 46 57 53 98 36 83 42 40 22 52 14 17 90 65 60 7 12 44 62 52 98 15 31 17 87 62 67 71 20 99 88 93 63 77 81 6 90 22 30 28 5 53 79 16 2 82 25 65 34 73 64 95 48 95 87 91 7 51 61 61 64 49 89 73 66 26 49 2 52 95 53 72 23 14 85 43 25 97 77 41 26 55 18 23 20 15 63 90 68 46 18 84 59 17 64 6 42 52 25 69 15 88 58 38 26 50 57 0 2 68 78 64 38 71 55 69 24 67 27 75 35 39 58 95 32 3 65 59 44 21 96 56 94 51 63 54 50 78 77 98 47 100 66 51 51 48 97 28 61 8 52 85 6 44 25 32 85 84 87 97 16 67 9 89 78 96 37 66 75 39 49 98 93 43 99 36 53 60 84 95 75 65 92 70 27 67 76 5 24 27 24 7 79 6 40 39 72 73 87 53 20 46 54 53 25 90 6 76 15 88 90 90 50 2 34 88 46 64 96 71 4 68 17 94 29 47 94 28 11 44 57 50 17 46 69 3 21 13 28 30 58 88
14 74 58 41 24 32 88 72 72 65 81 12 48 97 91 1 26 58 93 67 98 94 44 0 57 13 12 63 19 58 29 66 2 49 13 68 5 66 42 37 5 3 34 28 30 30 73 12 42 86 97 51 45 89 8 78 19 69 30 89 64 81 93 81 97 15 87 37 84 80 51 88 2 20 93 24 13 28 17 60 51 90 23 68 57 13 64 31 9 20 26 18 81 78 42 65 7 0 53 77 77 92 91 73 45 73 63 88 26 30 85 39 67 74 66 87 97 75 76 8 71 53 25 82 69 61 5 41 90 100 5 45 32 12 24 94 53 81 94 7 54 36 91 43 35 6 6 24 38 62 48 70 84 10 80 77 4 49 24 5 20 53 13 44 1 25 92 27 83 81 22 81 6 84 3 34 1 88 41 39 0 86 53 77 56 30 92 85 52 62 14 16 68 37 4 67 93 46 16 23 84 95 54 98 47 79 87 22 51 31 7 76 65 16 35 1 33 88 4 57 20 88 38 100 48 38 65 92 42 91 42 21 66 94 71 67 43 85 53 22 13 94 54 57 50 5 34 39 45 96 44 83 55 80 57 63 54 67 39 96 29 39 65 3 8 42 66 56 79 21 68 84 40 38 77 23 71 39 5 21 79 65 87 11 16 90 10 21 3 6 12 18 85 92 18 5 23 83 34 4 5 34 44 73 22 18 74 14 20 100 47 56 25 52 6 79 36 96 51 30 95 69 2 49 66 17 59 77 22 95 95 18 92 28 25 38 80 1 56 5 4 8 39 46 15 21 42 25 88 35 86 5 56 33 75 71 42 7 11 56 58 49 31 86 7 28 90 74 47 12 89 35 92 63 86 22 77 87 14 79 39 78 97 17 48 95 84 6 37 81 62 55 4 39 31 64 86 75 15 11
45 25 4 86 61 27 70 24 14 48 50 83 2 62 79 50 38 80 53 30 80 32 36 39 73 63 62 69 81 70 31 31 39 75 84 59 2 67 52 61 95 55 91 17 12 98 78 9 27 93 8 35 95 27 42 85 46 57 70 26 37 9 46 55 29 16 7 51 93 42 30 29 86 14 44 61 91 11 64 30 4 84 10 70 3 10 79 63 74 74 81 1 81 5 85 27 55 87 3 37 58 45 14 27 11 33 31 2 16 91 38 2 25 4 100 54 26 45 81 79 89 97 20 60 25 12 48 27 30 31 26 50 63 25 37 77 59 17 58 44 3 33 49 87 59 67 3 55 1 19 93 56 55 18 74 69 11 80 33 54 8 38 87 49 34 66 80 78 22 2 77 18 53 98 61 52 77 100 51 54 68 36 25 44 73 14 46 6 75 69 70 83 76 32 81 67 90 50 45 25 23 0 9 58 85 53 25 33 14 64 77 70 68 76 52 14 62 48 69 79 46 67 71 51 66 97 34 85 11 9 81 20 6 75 69 89 50 100 79 60 65 57 34 6 88 12 75 25 26 68 11 50 64 28 57 77 77 64 28 76 27 76 59 31 41 57 19 42 67 81 21 32 60 53 69 99 65 23 46 61 2 22 89 37 17 8 53 58 46 17 36 18 23 93 19 87 24 2 20 11 12 48 48 80 97 63 7 82 81 61 27 63 13 45 54 2 49 53 95 21 68 62 15 71 21 14 66 75 4 32 7 39 92 70 66 42 93 79 34 97 84 97 36 60 66 59 100 84 5 46 49 86 41 92 0 78 63 57 90 78 55 13 67 24 86 96 99 19 8 70 44 15 80 68 88 50 5 43 1 35 92 3 64 28 58 58 70 45 24 69 40 3 45 35 78 36 74 5 2 18
16 5 26 61 53 30 50 20 67 33 32 3 2 11 82 73 7 81 62 67 34 82 88 26 46 45 11 99 95 43 90 84 58 89 69 31 84 47 86 34 49 98 77 40 10 90 97 15 88 79 74 99 43 15 5 42 43 90 74 85 98 46 37 43 16 100 86 69 28 56 9 96 68 25 50 19 43 25 20 43 59 40 65 81 81 11 8 64 21 93 45 67 98 20 61 68 67 25 84 30 4 8 13 13 89 38 40 96 65 64 21 14 12 63 24 55 24 1 83 22 33 9 17 33 68 60 38 90 58 79 88 73 76 21 33 89 74 7 51 25 52 33 78 81 58 12 15 62 65 51 0 2 56 32 1 48 45 21 61 2 88 20 1 97 96 21 36 11 73 18 92 11 20 43 17 56 45 24 83 15 89 44 20 82 62 45 88 87 60 55 94 42 66 79 21 5 10 17 79 16 71 58 56 22 59 10 5 55 61 76 88 25 37 91 0 61 59 3 86 83 18 76 9 50 70 94 85 29 31 66 18 79 59 64 27 85 51 21 11 67 22 72 23 45 12 51 57 87 22 55 73 21 63 19 66 86 42 25 1 24 46 80 59 14 47 0 39 40 83 22 56 42 80 1 93 31 70 47 1 90 51 48 53 75 20 15 20 85 41 97 77 91 81 68 21 71 16 26 97 42 40 25 65 96 84 2 53 29 16 82 28 94 81 64 34 61 93 62 42 1 12 39 33 31 83 90 53 26 21 22 32 49 32 14 40 93 59 16 40 17 39 83 86 60 72 74 40 57 86 28 37 71 85 46 70 52 63 77 36 99 10 56 47 38 93 42 8 72 14 49 67 41 19 1 64 39 71 94 90 43 10 31 10 84 2 72 26 84 91 74 24 20 93 1 29 100 73 37 46 38
49 31 13 44 3 55 96 38 81 38 8 31 80 90 46 31 67 36 65 95 99 64 25 40 18 74 99 36 87 56 70 8 81 38 85 57 65 5 13 55 29 59 42 83 21 88 67 75 12 67 76 72 2 43 31 89 61 9 9 13 88 77 92 57 2 20 48 43 60 41 71 68 98 70 40 9 100 24 40 58 81 94 88 34 75 13 66 48 54 97 66 77 77 93 17 17 53 55 1 17 59 16 70 5 71 58 2 41 67 37 17 44 87 9 42 6 71 36 43 55 61 36 65 54 58 90 71 84 94 33 51 56 82 81 96 94 98 64 50 67 97 23 6 27 11 22 88 81 83 98 9 93 26 20 9 86 85 83 26 90 64 5 6 96 38 54 80 69 56 2 37 34 20 31 63 52 22 94 45 59 19 11 36 29 90 56 15 22 80 93 23 30 99 13 75 85 30 6 67 64 61 19 59 99 24 11 47 72 21 69 3 49 89 59 96 86 86 44 10 21 65 49 69 64 16 62 25 98 39 47 58 10 53 94 10 34 61 45 29 6 93 30 9 52 5 5 10 83 1 35 9 58 33 76 58 99 33 74 70 83 88 20 61 75 86 12 30 7 99 73 29 51 87 93 28 56 82 35 4 35 18 64 35 20 76 24 93 77 22 71 41 64 92 66 82 36 84 91 15 30 86 97 27 49 89 94 61 10 88 66 3 82 90 30 74 0 65 31 54 44 64 23 4 12 55 19 18 2 97 57 65 53 23 62 27 41 56 18 11 81 31 47 66 57 47 12 83 65 50 43 92 77 53 13 3 20 60 53 8 68 43 81 6 67 88 59 48 87 69 38 53 57 22 62 73 44 67 33 1 38 58 31 69 8 8 72 48 1 11 87 11 75 20 25 10 62 90 63 83 83
88 86 77 93 58 1 96 83 52 55 55 59 70 60 22 36 95 94 88 75 52 57 33 19 5 76 15 23 85 86 9 13 19 93 33 34 81 61 39 97 1 16 29 97 7 98 98 24 1 69 95 1 67 64 0 5 28 67 8 94 89 40 44 85 26 83 61 41 72 24 30 83 56 32 100 36 16 9 46 65 91 46 47 27 5 78 100 13 57 91 72 26 4 47 80 95 93 20 89 39 65 41 87 4 0 8 3 27 99 8 48 46 64 2 59 52 0 0 60 23 19 94 33 59 42 84 80 88 79 84 44 13 87 50 91 83 94 3 85 75 9 81 63 48 80 56 84 28 29 49 75 47 59 2 34 33 49 82 86 75 44 2 77 83 62 63 0 99 99 12 57 72 9 34 57 8 33 95 31 48 95 54 99 97 83 85 29 69 97 22 100 53 10 86 9 49 76 8 55 74 37 32 18 92 13 16 11 37 98 36 75 59 58 79 72 78 22 13 93 8 81 48 70 53 52 63 34 28 54 97 48 18 41 96 65 39 85 81 22 4 86 41 18 100 100 77 49 39 82 73 42 37 26 36 56 53 57 27 45 17 94 69 27 8 84 68 82 37 61 80 55 3 96 97 66 97 10 34 51 90 33 92 72 100 37 79 6 0 43 63 65 1 7 83 58 2 54 21 24 83 64 93 24 52 89 68 46 98 2 82 17 40 74 68 82 81 98 60 8 2 15 48 65 20 83 35 25 25 67 9 12 78 42 29 82 12 56 28 28 60 35 26 94 9 62 73 66 14 57 65 85 40 40 14 53 79 40 75 16 56 12 95 46 4 81 31 76 56 9 1 66 70 64 45 73 93 34 15 58 62 18 92 58 89 6 13 85 7 36 2 77 89 90 56 56 24 70 44 96 47
6 1 44 28 33 70 78 43 78 60 100 26 58 71 50 62 29 26 35 94 48 94 2 39 41 76 78 19 24 78 100 84 49 18 68 94 77 6 43 68 2 8 78 44 92 37 39 57 53 1 45 73 58 60 90 79 26 61 40 15 39 51 44 13 69 93 44 60 46 12 23 62 32 44 77 94 82 54 76 50 55 78 48 71 22 90 2 80 18 60 66 71 20 4 28 77 36 46 98 64 62 2 95 51 50 96 41 7 98 26 47 72 61 0 89 62 75 82 87 76 35 85 93 26 57 48 5 4 18 78 48 31 100 51 88 90 56 92 70 16 4 23 50 75 59 48 17 1 83 48 10 70 96 60 15 37 4 62 70 10 70 51 90 80 12 35 14 79 85 18 50 42 0 30 83 53 29 95 28 30 54 73 58 33 18 81 13 25 6 33 5 44 94 8 9 7 78 52 65 17 35 23 54 76 69 57 31 31 25 39 60 21 23 54 62 31 81 33 21 91 93 51 99 95 38 33 99 76 47 97 11 83 8 57 46 26 25 58 6 0 18 9 74 28 86 18 28 49 62 98 35 43 8 72 93 74 69 2 81 34 9 85 52 82 47 80 37 11 65 92 19 28 16 94 93 17 26 39 79 43 12 92 36 88 79 48 1 38 61 11 50 85 29 1 6 46 59 81 63 15 51 58 10 16 68 73 49 23 59 15 52 10 46 31 66 30 87 52 63 17 19 6 15 48 41 0 43 6 90 15 59 46 19 76 71 63 86 10 84 11 38 72 95 24 48 35 55 32 85 20 96 44 80 71 7 36 73 11 44 15 99 41 6 44 31 57 83 22 5 43 94 36 93 0 69 12 74 41 43 56 57 11 94 66 56 23 49 97 12 8 52 11 53 94 30 59 13 30 10 34
7 84 58 28 19 39 18 47 16 72 68 1 47 60 52 20 59 59 83 1 44 83 78 36 27 17 22 63 30 73 24 72 11 31 26 73 6 77 49 83 92 75 86 2 28 15 90 85 95 20 84 30 4 55 93 26 64 93 89 80 21 81 91 43 14 57 89 62 95 72 34 78 87 26 27 73 44 93 47 33 47 26 12 76 55 88 1 38 74 21 11 21 82 69 19 50 7 6 30 29 3 41 13 44 27 32 77 51 44 19 66 81 25 77 5 97 66 85 31 86 19 51 72 62 3 74 76 24 67 0 11 37 29 65 63 32 31 88 56 13 26 54 28 62 67 0 22 82 97 9 45 30 74 20 29 83 72 54 74 77 31 50 72 44 10 61 44 73 55 91 13 85 5 10 14 3 45 24 88 20 0 16 50 14 32 83 95 34 93 51 50 62 10 27 97 31 0 2 90 24 32 33 6 6 1 48 99 33 7 49 3 73 52 76 38 87 89 48 25 34 93 96 84 12 53 12 24 34 77 49 18 8 28 95 2 48 76 53 9 54 100 25 3 98 56 4 13 74 71 39 85 86 77 50 63 100 18 59 57 54 42 22 70 60 65 50 25 37 98 44 32 9 84 85 13 2 31 49 17 52 77 75 25 82 78 65 37 14 36 86 35 62 41 3 87 44 5 75 12 25 13 28 25 7 66 17 0 65 96 94 26 56 11 57 17 4 59 12 12 62 22 67 26 64 46 15 54 52 74 7 21 67 31 79 68 12 42 73 34 99 25 99 21 83 71 41 7 76 9 29 84 17 33 30 42 6 72 15 83 40 84 74 96 18 32 15 27 78 7 83 83 25 45 78 57 78 67 10 52 76 7 68 24 9 10 36 30 69 11 65 80 58 34 8 51 61 81 99 81 45
42 75 65 40 44 21 18 48 66 74 7 53 30 63 36 82 13 27 41 92 85 49 87 21 55 34 57 59 51 96 7 80 69 34 45 9 16 39 1 85 65 19 76 60 99 59 48 12 51 31 84 92 63 4 100 99 36 47 19 56 17 62 94 100 4 72 77 87 46 43 76 33 81 9 27 3 41 26 31 12 46 76 2 33 94 97 88 1 75 57 46 51 38 90 44 71 9 93 10 96 72 62 81 40 12 92 56 18 5 36 6 91 15 89 35 17 25 65 43 78 17 7 60 11 99 13 13 7 12 20 5 27 69 88 10 21 98 93 52 69 84 96 7 35 80 36 58 98 23 60 96 2 38 8 83 22 98 44 24 56 6 94 67 1 30 87 87 2 80 67 49 47 74 55 80 16 28 72 42 27 41 20 15 8 41 99 55 82 19 41 95 12 20 96 46 60 6 92 18 8 20 32 4 95 14 68 68 76 86 9 17 39 30 55 68 78 98 4 59 12 28 40 63 57 75 12 70 32 81 32 78 12 72 63 78 34 80 47 28 45 13 46 17 31 9 37 92 91 41 93 17 45 29 95 63 38 50 23 5 32 13 17 53 90 52 60 1 69 13 49 87 30 65 50 34 27 65 31 79 18 98 82 52 63 78 18 61 60 71 72 16 56 88 0 8 5 10 60 55 0 80 70 78 62 32 66 60 81 88 18 11 80 24 70 64 40 66 13 84 31 92 13 17 40 25 52 41 37 95 31 35 76 88 65 93 71 9 8 80 45 51 48 75 28 96 87 46 41 64 86 37 31 70 87 18 59 64 29 76 72 6 21 89 21 97 29 15 16 27 42 72 34 94 52 49 36 96 42 39 6 35 39 30 83 3 63 70 43 41 88 35 52 39 69 89 44 9 57 49 82
1 43 1 63 3 41 11 44 65 45 85 28 0 14 32 47 48 15 60 56 6 94 48 45 34 34 91 83 76 55 26 69 64 92 44 59 13 1 46 40 16 49 66 12 6 92 15 78 20 31 0 29 76 21 20 6 19 31 51 47 17 21 94 12 1 9 65 75 35 34 20 82 51 90 57 36 20 72 43 92 71 61 16 71 92 52 84 86 43 77 92 26 18 65 12 93 28 16 59 0 44 27 84 15 49 44 42 29 33 44 4 30 99 11 35 50 12 22 2 47 51 89 90 44 31 63 84 15 39 1 5 69 35 38 34 28 22 8 5 75 85 52 91 9 77 23 82 51 56 75 1 13 84 15 64 38 74 5 49 17 27 15 78 4 8 85 35 65 39 47 61 71 62 96 74 61 48 36 81 62 20 36 16 75 17 50 67 51 79 50 12 99 9 75 62 3 77 63 80 14 57 90 31 53 27 88 12 98 61 74 28 29 20 89 95 34 9 59 41 12 16 60 35 56 23 78 86 24 65 40 60 25 6 35 75 24 72 81 43 70 26 55 39 15 83 95 88 96 37 43 17 40 98 25 4 84 69 27 38 42 97 58 5 87 29 91 47 88 50 41 59 57 29 1 31 38 86 29 6 90 54 54 8 66 96 22 70 59 51 96 72 70 38 24 87 64 16 59 63 28 88 10 53 30 98 43 21 57 29 62 12 40 17 31 79 27 92 53 61 31 21 59 85 91 36 97 25 89 56 11 60 27 18 50 26 37 67 50 57 83 74 59 89 25 76 19 28 56 85 30 81 70 22 85 75 98 74 80 3 23 1 66 56 38 16 11 17 56 52 93 36 65 37 7 80 55 45 28 70 89 4 77 5 14 64 37 3 65 63 39 78 59 99 70 70 57 85 28 27 78
66 10 81 93 53 65 75 0 18 70 63 33 6 71 26 79 41 63 82 25 25 19 23 18 15 47 44 97 18 8 6 60 3 39 83 77 36 73 49 87 96 9 79 70 96 72 43 8 65 62 55 37 60 54 49 90 78 81 94 32 62 5 97 87 40 30 63 77 41 53 19 15 87 84 29 61 43 78 92 16 35 14 48 47 19 89 87 61 21 88 49 52 1 72 10 12 22 0 35 16 78 91 76 70 40 7 88 32 69 100 29 98 31 22 74 68 37 52 95 78 85 14 60 40 25 34 31 85 91 0 24 51 44 49 56 33 78 95 94 53 96 0 46 77 65 54 45 57 73 29 36 44 25 43 51 81 58 38 98 65 52 83 51 15 43 23 92 5 39 10 55 13 80 69 20 81 16 28 69 94 88 14 43 7 72 38 13 75 44 31 95 59 26 32 38 11 44 14 60 20 72 96 72 87 26 10 73 25 72 6 27 44 69 3 49 22 70 27 83 87 47 75 49 41 39 57 64 77 93 72 39 85 68 40 83 18 83 86 60 34 20 79 29 6 4 20 3 60 15 59 81 1 18 2 35 47 24 9 99 45 94 17 18 23 71 53 56 26 73 20 16 24 57 66 3 96 37 27 24 34 56 9 87 3 32 44 96 78 45 87 68 76 74 72 81 98 84 76 72 72 84 7 82 0 75 80 10 39 11 44 71 21 71 75 17 87 56 41 4 24 10 53 56 56 70 56 66 15 49 6 33 73 74 44 77 85 23 1 65 45 28 58 34 90 53 48 39 25 48 64 25 11 26 9 80 10 17 32 85 64 62 2 9 96 50 98 11 63 2 49 48 38 5 88 44 25 34 32 68 19 7 39 57 18 56 84 28 82 12 23 77 82 67 44 99 86 65 54 99 70
94 11 47 79 96 22 4 73 54 16 44 63 35 60 77 35 51 95 36 78 4 62 10 66 98 33 92 82 65 14 2 23 79 74 25 93 88 28 41 77 49 100 18 3 60 39 19 90 84 100 93 78 85 90 13 61 83 38 67 41 20 49 13 63 1 89 75 95 61 54 61 37 83 67 65 3 56 99 6 5 30 88 46 22 68 80 33 85 56 58 54 31 80 74 72 35 89 6 14 18 46 81 41 62 12 78 24 8 6 76 19 76 33 25 23 71 51 29 96 0 84 56 76 61 33 44 83 97 46 64 36 88 24 36 6 24 82 96 10 13 45 93 34 68 99 26 93 81 97 76 45 97 27 13 56 25 12 70 91 58 79 100 14 73 54 5 65 48 52 62 2 99 58 51 60 56 82 41 28 10 13 21 78 38 61 81 70 94 16 17 79 77 74 8 96 22 22 68 30 47 42 4 94 33 4 0 79 60 3 75 16 12 36 32 67 78 27 83 65 11 49 19 62 38 3 69 57 95 18 70 17 64 31 8 60 5 36 72 1 40 68 5 79 15 48 43 2 26 74 20 22 21 35 84 63 23 31 32 34 30 37 71 22 0 16 67 13 58 77 16 69 81 96 27 74 83 69 76 34 22 63 54 53 66 37 67 23 20 61 72 57 45 26 99 83 91 57 28 14 32 68 20 34 38 71 53 15 15 80 8 85 29 72 100 53 18 37 46 29 52 25 36 21 11 100 32 64 48 7 59 29 44 16 60 58 53 57 11 0 58 94 32 63 33 32 96 4 87 42 55 46 62 27 100 48 82 34 36 67 88 29 35 23 17 86 62 92 74 43 43 79 97 30 18 82 19 28 77 34 75 27 61 38 13 2 14 38 19 27 44 100 44 89 20 98 72 20 59 11 10
96 60 19 33 37 87 32 76 76 4 46 64 33 9 66 89 77 17 36 45 100 61 67 59 59 97 67 86 45 26 53 91 48 69 80 90 28 19 74 84 53 88 48 97 86 68 37 75 19 88 76 39 65 23 54 97 27 60 52 8 71 53 45 40 81 61 17 82 12 64 1 60 40 4 18 94 76 92 14 29 45 31 37 83 36 53 97 12 14 92 43 1 42 99 37 43 92 77 72 97 53 43 9 23 3 30 62 29 29 79 37 50 29 59 20 61 92 65 69 27 82 27 31 43 19 85 78 66 8 42 15 61 88 65 75 33 74 48 38 24 98 34 75 91 83 94 88 35 83 3 21 85 86 83 56 46 61 51 50 66 23 54 33 100 63 31 60 5 92 20 55 51 41 63 94 63 15 68 25 39 26 21 11 29 17 61 90 7 22 7 64 98 100 36 84 26 40 59 58 36 31 42 6 19 26 47 38 4 63 97 93 22 20 38 68 74 54 42 2 61 28 42 4 25 52 92 44 89 18 24 87 29 15 95 47 56 13 44 59 47 76 62 37 50 76 37 0 81 96 95 42 38 97 83 98 2 36 12 3 66 87 3 45 44 45 2 91 16 36 30 59 60 9 4 31 14 45 26 1 35 47 98 19 8 43 4 16 25 21 98 81 93 20 82 37 61 17 70 1 85 86 3 98 12 56 8 80 15 68 74 61 39 81 1 62 13 86 46 43 38 14 100 74 32 56 70 4 87 9 49 3 25 88 52 56 60 87 38 5 92 14 60 38 12 88 90 9 29 55 85 82 52 45 88 54 61 93 46 2 6 77 12 37 40 12 5 9 65 59 65 75 95 27 53 46 97 9 71 23 12 59 34 51 65 17 83 90 38 66 65 27 44 66 3 29 17 21 20 59 34
23 100 18 89 72 34 12 93 90 51 86 6 9 6 81 31 53 63 95 12 35 79 50 40 54 0 25 81 3 31 24 10 67 13 23 87 49 76 28 1 97 30 66 88 74 28 16 81 43 70 14 14 57 65 38 78 93 63 83 60 28 70 19 10 80 9 61 66 20 32 74 63 6 100 34 43 51 16 93 63 2 66 42 10 88 8 68 12 34 70 50 97 35 24 56 69 85 73 72 78 42 49 10 68 30 63 73 63 65 60 20 77 0 29 13 55 13 71 89 62 47 25 49 88 71 46 8 91 37 72 14 26 3 56 51 91 84 0 72 90 52 32 3 4 47 33 75 69 95 7 22 77 6 85 18 59 91 35 58 93 2 79 61 68 63 81 21 19 34 41 87 67 30 82 4 16 64 50 83 33 18 67 49 75 11 11 51 80 3 52 76 62 30 77 83 80 96 24 78 1 27 10 93 90 39 2 99 55 94 65 9 78 50 81 55 92 23 49 93 6 10 96 94 53 88 67 37 11 26 63 63 3 2 5 88 65 44 17 92 28 61 40 34 31 96 62 76 8 72 68 7 100 28 16 97 85 58 74 11 0 77 20 41 75 59 49 52 42 27 21 43 40 70 43 98 64 34 45 61 86 38 35 99 10 40 37 16 64 10 88 66 4 39 49 67 0 22 65 53 17 76 59 84 53 61 35 56 59 36 62 26 7 23 50 88 56 70 24 47 86 83 68 93 52 7 44 49 24 9 88 31 43 34 18 0 88 26 17 67 89 19 4 48 50 16 38 92 84 94 95 82 5 4 95 22 54 16 21 1 31 74 22 52 39 32 65 30 66 60 100 11 36 56 46 34 57 89 6 23 39 36 3 98 52 97 56 73 33 62 74 46 57 87 59 66 68 36 28 50 74
32 21 71 65 69 99 58 68 88 36 31 53 69 43 97 70 64 69 83 25 16 3 62 58 8 8 6 15 3 69 55 59 29 79 10 93 8 11 12 40 44 85 44 40 25 42 45 59 5 24 85 83 17 34 96 69 53 68 75 39 6 18 35 50 94 93 36 54 86 12 11 86 27 47 9 7 1 57 68 15 30 52 25 62 72 63 79 54 92 63 40 2 49 42 36 50 75 96 52 21 35 30 88 44 29 20 65 82 83 2 86 41 49 90 12 60 64 68 45 5 23 71 87 89 3 96 76 11 68 32 36 62 90 52 77 3 62 24 87 87 27 34 53 83 40 82 60 90 29 63 43 61 45 0 27 42 81 1 11 49 2 16 55 10 10 17 86 92 47 24 5 52 88 73 53 26 93 35 2 39 75 73 100 4 96 20 72 17 28 5 3 66 99 10 39 64 20 2 70 88 45 92 40 22 5 48 80 25 43 77 38 38 46 26 17 77 92 85 28 6 38 86 64 45 78 31 23 61 85 59 27 8 88 30 42 23 30 18 18 11 30 75 99 22 15 96 50 32 43 25 44 62 74 16 87 60 40 38 76 32 48 48 5 32 41 27 22 64 38 4 84 60 97 3 13 18 96 47 91 97 72 11 28 87 53 95 3 40 90 6 97 52 56 57 53 1 26 78 7 31 71 7 5 6 26 38 14 26 65 18 61 58 74 67 46 81 18 7 93 6 2 98 17 0 54 65 99 81 89 40 80 29 14 72 53 13 50 55 65 68 34 65 94 78 98 2 84 1 35 54 82 96 23 43 28 55 3 93 79 60 20 21 30 72 30 67 21 45 78 81 59 20 86 90 3 99 92 40 87 83 41 42 89 3 74 82 91 75 17 57 4 32 53 35 29 1 72 98 11 91
36 26 16 82 64 67 4 94 63 57 70 30 69 44 47 47 26 4 83 43 6 28 80 33 10 26 100 94 67 2 9 54 100 69 96 48 83 73 54 62 35 54 86 2 77 12 84 32 3 56 69 68 41 94 41 0 60 63 13 57 55 70 35 18 18 46 32 12 27 94 91 88 52 24 14 44 65 55 34 83 46 70 79 5 21 88 3 43 58 29 68 46 73 3 92 32 86 72 71 62 81 39 52 13 20 17 92 63 88 52 90 67 15 41 20 1 27 90 45 92 74 34 36 66 21 31 74 75 38 37 98 50 9 8 83 66 5 80 71 10 95 75 69 44 73 73 23 16 30 49 12 24 42 29 85 93 1 97 71 59 40 65 23 99 63 29 91 79 28 55 23 86 15 52 49 9 73 92 5 85 98 31 77 97 88 47 37 33 50 29 41 79 8 58 0 89 89 74 49 66 8 31 38 7 91 13 61 22 56 23 27 85 85 12 34 8 77 93 52 68 81 81 60 4 40 65 73 54 64 37 66 26 5 44 15 15 33 84 25 30 71 39 34 28 27 66 7 79 97 43 31 5 45 13 46 50 82 62 92 31 73 91 2 19 46 97 100 98 36 45 9 93 37 74 61 68 52 49 21 16 96 48 10 56 96 82 26 87 86 54 10 17 18 38 30 31 70 40 95 51 34 27 71 1 74 69 22 61 22 97 15 26 77 52 0 57 62 53 92 22 92 51 73 75 23 56 35 95 9 58 79 58 80 50 32 93 51 10 10 38 96 69 22 64 21 8 31 10 81 37 55 74 56 87 14 52 81 83 97 3 84 30 73 41 34 89 77 81 75 81 49 75 86 18 15 65 95 44 96 83 98 78 20 11 33 95 48 61 34 53 1 30 94 44 61 94 4 2 57 6
34 14 51 29 22 100 31 6 65 97 81 9 88 69 3 100 96 48 67 19 84 48 100 63 65 21 88 74 6 70 46 69 79 0 32 43 28 37 61 28 10 73 53 67 1 85 49 37 60 7 92 67 32 10 8 50 19 39 59 73 41 35 3 68 30 68 9 18 26 52 81 27 4 81 75 8 7 76 66 18 95 78 24 46 24 19 41 0 70 11 43 19 75 76 13 88 48 64 46 42 29 56 70 40 12 53 57 38 52 5 88 98 2 66 16 52 19 59 90 95 76 15 28 15 100 42 46 6 76 30 11 31 26 30 72 41 96 63 67 74 16 98 94 52 63 10 38 8 22 6 24 44 78 82 40 89 91 15 74 10 99 20 21 50 1 67 5 28 95 96 97 40 52 60 60 8 66 23 42 58 27 43 9 80 75 75 86 14 93 98 26 72 67 18 80 75 25 21 63 9 59 57 60 63 1 87 72 28 84 73 35 34 21 44 99 74 72 21 15 75 15 33 62 22 12 26 31 4 37 77 20 77 48 50 24 48 47 24 46 49 11 12 99 30 40 34 85 45 36 63 39 33 50 72 89 79 37 39 11 4 12 87 34 0 47 37 85 60 19 37 52 27 93 89 7 75 59 52 44 93 44 52 18 52 64 84 45 78 47 83 0 84 74 23 68 89 64 25 86 52 31 57 40 99 40 42 1 54 22 35 37 20 38 18 88 27 5 79 49 14 60 58 67 1 62 12 38 5 41 95 36 64 27 50 74 66 66 5 97 33 8 89 89 87 62 47 23 91 85 22 61 53 26 50 42 29 97 85 37 52 10 6 75 70 92 86 93 97 81 61 24 80 86 61 59 41 44 70 40 81 7 97 91 75 48 85 66 100 3 32 97 62 62 78 78 30 92 10 95 58
27 33 53 83 52 90 80 87 40 10 24 29 77 68 100 49 25 52 79 60 34 98 60 1 44 87 92 68 49 29 42 35 90 8 50 55 14 51 48 12 99 12 67 99 83 89 59 92 76 49 40 19 50 58 72 67 77 41 16 15 82 99 71 74 77 11 42 99 0 58 68 48 20 64 97 57 61 11 91 99 54 17 77 61 26 35 13 64 64 67 60 67 38 27 20 10 14 100 64 8 79 25 41 91 43 86 24 33 28 57 81 12 7 69 96 44 10 80 64 97 55 57 16 48 97 60 67 13 81 37 75 7 61 20 99 30 31 36 15 64 30 7 47 19 50 58 57 41 37 3 40 100 98 36 40 90 32 56 37 38 40 95 58 92 92 47 1 35 19 20 24 94 58 22 47 25 70 7 6 24 23 33 53 67 44 56 6 63 32 51 66 5 34 81 12 28 79 75 3 33 23 30 40 44 68 60 70 14 1 77 97 24 42 93 92 39 65 35 3 39 39 32 59 53 67 83 35 17 49 75 26 73 46 63 11 70 12 48 14 29 96 3 44 58 76 8 66 56 2 46 88 65 20 60 0 65 91 1 71 2 90 45 11 53 43 82 13 27 83 80 60 60 31 73 83 94 66 14 4 52 55 89 92 57 37 96 61 26 18 1 49 0 45 97 17 28 76 53 59 33 85 64 67 52 44 90 38 97 37 21 51 90 67 87 93 98 36 69 53 94 31 94 26 3 37 31 64 30 70 0 79 45 6 32 82 43 25 34 51 31 7 59 16 46 10 36 56 98 4 82 43 42 89 51 45 16 33 10 78 10 3 13 36 36 71 45 52 34 50 19 56 83 58 76 90 74 42 65 99 17 20 21 50 94 65 63 16 81 44 5 8 17 61 71 13 83 48 49 47 50
36 6 63 65 37 82 10 24 94 0 74 64 91 81 85 41 22 96 40 24 100 31 13 65 90 14 41 9 97 47 62 9 45 48 34 54 8 6 55 21 45 36 7 44 53 72 42 10 76 96 46 65 62 52 9 10 55 72 94 0 62 23 22 84 91 2 95 29 6 2 84 17 88 66 56 20 1 74 33 85 94 85 56 68 9 46 96 48 74 87 33 43 89 57 22 77 86 56 11 35 7 79 95 65 94 31 0 80 81 54 32 20 45 82 26 86 80 100 7 92 21 50 67 40 34 27 18 15 98 81 70 60 60 85 25 18 30 62 28 89 3 29 7 38 69 36 29 61 82 60 60 22 7 5 8 85 61 59 36 1 87 84 0 19 12 90 24 24 59 92 76 60 22 79 53 43 69 55 77 70 56 76 93 65 17 17 15 77 38 38 67 67 75 53 95 35 62 25 86 59 60 97 35 45 50 54 83 78 66 57 95 13 18 52 85 74 38 47 54 76 17 89 84 36 78 16 43 30 73 85 7 72 9 41 65 10 99 88 35 20 70 16 81 39 35 48 12 22 34 70 54 91 41 74 28 95 98 55 29 13 21 4 6 83 56 18 79 49 13 84 79 1 8 18 47 78 21 25 65 27 36 58 38 15 15 70 22 51 85 21 99 24 67 3 66 34 63 72 0 24 48 2 40 58 5 77 32 85 38 11 73 41 91 79 91 85 31 42 45 27 28 38 41 59 10 60 43 31 38 44 21 41 99 100 86 1 29 2 42 40 88 97 36 10 99 9 72 44 72 69 21 82 83 43 72 24 42 71 73 5 65 78 19 88 37 28 72 26 46 14 43 75 44 87 63 61 44 39 92 72 88 99 72 38 22 6 85 2 48 100 40 19 23 90 15 15 29 58 95 34
54 30 33 9 29 78 42 41 7 48 88 52 2 48 30 69 94 38 89 1 44 54 54 27 82 54 28 96 12 30 34 98 75 3 11 100 83 31 21 16 41 43 93 38 83 79 28 47 37 55 96 2 83 76 44 53 61 36 76 73 49 72 50 76 66 40 88 99 61 3 63 1 29 67 12 73 65 11 76 54 39 77 23 34 45 83 38 9 59 61 24 59 78 31 4 72 93 97 80 56 77 45 84 27 59 50 16 92 35 98 17 34 84 55 2 54 6 66 17 77 53 50 53 65 17 55 67 36 51 7 100 3 31 50 89 8 77 100 63 24 82 25 6 35 83 81 86 92 54 39 24 66 79 6 46 41 73 69 57 53 83 64 95 74 87 60 45 41 29 11 80 74 95 31 88 22 96 22 98 84 5 89 37 93 22 40 100 100 27 20 3 49 62 29 62 74 42 73 65 81 6 5 75 13 30 59 47 32 25 25 59 86 70 98 25 4 80 83 33 35 71 19 19 80 44 65 5 21 20 62 98 62 99 22 19 68 36 54 61 88 96 92 87 27 99 44 44 28 83 55 34 65 72 8 5 84 91 42 51 25 11 73 94 77 37 96 57 2 10 46 23 89 35 4 40 47 12 48 55 30 38 2 31 76 72 39 14 29 54 93 39 21 76 74 24 77 36 17 62 15 58 9 90 53 78 73 68 55 21 57 66 27 89 15 67 53 69 36 56 31 39 80 27 92 49 85 44 80 43 86 60 46 35 35 39 75 30 22 37 84 29 75 10 16 81 13 32 51 20 9 96 54 37 13 50 1 60 11 39 63 96 11 34 98 72 56 89 96 11 32 69 42 19 44 39 96 96 64 80 55 95 24 29 49 79 93 6 50 11 43 100 51 47 2 96 18 43 53 17 80
80 34 25 68 19 30 12 93 16 51 22 58 25 86 31 93 40 56 32 85 57 29 30 94 83 24 16 52 70 58 17 56 47 21 49 72 25 99 80 75 77 94 58 30 0 20 32 52 2 50 44 76 83 95 19 19 78 55 18 5 41 21 82 100 2 2 51 53 95 26 91 86 94 53 48 92 38 89 35 10 43 37 92 67 32 8 40 95 86 25 44 79 99 52 97 100 41 57 95 81 60 23 96 3 87 27 16 95 8 83 87 75 49 39 13 7 57 87 48 64 26 1 4 31 32 92 10 22 72 81 33 28 4 17 99 1 49 77 2 64 33 63 11 34 62 91 2 13 68 58 93 75 16 27 17 56 27 93 77 39 58 0 40 66 26 35 23 78 56 98 1 52 51 35 10 98 74 46 2 49 66 62 78 1 48 43 51 89 2 92 69 92 20 55 78 99 65 6 73 44 100 17 78 3 64 48 51 19 63 42 33 11 12 31 9 92 19 16 82 71 81 43 59 10 97 18 21 38 69 66 41 95 73 45 59 79 40 24 32 48 89 35 92 41 57 71 15 17 37 0 42 98 52 48 51 52 4 56 45 82 82 22 88 8 66 52 93 30 89 36 55 94 29 77 11 67 99 79 33 4 29 33 11 31 74 25 26 3 86 85 57 68 52 36 71 8 82 83 49 8 10 69 81 16 36 33 87 37 87 15 21 100 87 84 56 25 52 74 23 81 55 91 70 0 42 86 14 53 77 59 89 51 68 86 61 74 43 20 22 1 11 2 10 90 97 15 47 86 15 57 69 23 37 89 64 67 27 95 99 31 15 6 75 96 53 2 15 64 19 82 100 45 75 84 83 58 53 61 79 42 75 34 76 44 51 43 52 50 93 1 12 97 81 55 3 43 54 23 87 47
73 12 90 44 33 16 73 10 21 90 23 80 81 50 80 52 41 78 6 27 66 57 56 18 73 53 26 4 76 56 40 37 18 51 6 5 86 29 27 27 8 26 63 52 77 6 95 97 42 6 53 26 19 75 24 88 12 30 23 52 16 85 7 7 64 100 92 22 19 64 61 32 45 98 8 98 37 90 66 37 51 44 69 11 57 16 62 83 17 77 20 91 51 88 86 3 8 30 41 74 94 86 36 89 38 94 62 67 24 0 8 78 52 5 59 7 62 7 40 47 69 46 48 61 50 10 74 49 40 59 5 52 90 2 19 51 94 20 84 40 18 9 90 33 4 64 68 14 54 70 5 48 22 51 74 46 12 11 43 32 36 4 22 89 2 35 86 69 3 17 73 20 17 76 83 59 78 88 98 40 74 92 99 16 27 93 100 74 72 35 63 7 99 58 30 66 15 85 76 26 37 78 6 87 62 55 28 27 56 30 4 86 84 4 90 84 81 90 87 53 84 49 46 72 28 15 47 28 57 24 24 44 87 95 13 95 27 72 85 48 43 61 8 4 26 16 35 87 17 1 30 32 63 43 7 63 26 56 100 89 15 20 11 23 50 22 98 99 52 27 72 40 52 58 43 8 54 53 70 13 39 5 83 12 75 74 5 43 2 31 34 48 0 99 75 44 76 4 13 100 53 4 45 33 4 19 78 79 90 51 74 58 19 53 98 53 39 1 91 24 52 66 80 6 99 54 4 78 25 38 43 96 20 78 26 93 37 6 64 7 7 26 21 45 81 8 98 81 23 29 81 15 38 1 7 80 23 89 28 39 50 65 49 86 1 39 49 39 8 57 78 41 62 3 77 4 57 39 32 86 43 54 47 55 94 98 95 13 11 73 13 57 54 1 46 28 100 19 17 23
22 98 1 73 41 79 12 56 91 65 27 27 35 93 52 3 97 81 72 93 11 30 39 32 0 32 42 79 77 97 94 19 69 53 67 94 76 4 27 59 78 83 100 57 99 93 21 20 28 93 18 89 23 85 67 34 84 63 18 7 60 39 26 39 48 13 43 74 60 22 70 94 38 5 48 39 35 95 99 88 18 72 24 36 49 26 4 87 59 80 61 72 50 70 37 0 65 0 16 85 73 42 86 81 90 24 37 75 6 90 74 75 74 4 76 96 49 46 22 57 80 26 70 46 44 98 0 100 68 8 20 82 99 19 71 69 73 41 94 43 36 93 66 37 43 66 41 78 90 95 80 95 41 91 42 0 5 96 11 85 3 45 24 88 81 88 3 18 65 43 6 92 48 24 8 5 28 54 54 67 43 90 43 73 60 92 83 1 19 25 6 44 51 80 42 53 59 10 29 11 82 95 35 38 99 4 7 41 48 26 74 10 92 23 65 35 17 97 32 83 59 23 49 65 16 23 58 55 55 68 57 97 28 89 15 5 15 82 7 16 81 77 78 11 69 71 27 97 18 18 11 49 98 30 85 87 35 51 20 84 3 32 52 80 40 32 80 32 64 38 22 22 4 6 35 16 100 39 71 73 13 33 16 97 62 39 44 37 99 2 60 88 10 0 28 16 7 17 66 84 15 3 86 10 30 11 48 23 90 81 77 8 54 74 39 79 59 19 61 8 82 28 39 55 90 22 84 45 81 33 65 67 41 7 53 95 3 23 40 49 4 45 7 88 50 71 5 22 90 9 94 70 49 6 94 35 21 33 89 26 12 47 78 90 4 36 100 93 40 75 45 18 6 12 79 89 49 79 87 51 41 100 3 53 21 48 52 84 96 0 19 32 34 57 15 8 65 19 0 47
20 58 69 71 87 84 87 40 9 100 2 96 96 26 4 92 43 67 38 50 62 3 9 19 29 38 18 87 68 96 39 74 95 56 77 72 42 45 53 24 39 65 27 33 58 49 55 15 5 54 68 79 10 67 59 66 42 69 36 59 55 6 9 83 89 52 42 91 95 80 27 0 51 68 77 33 59 71 31 7 60 83 52 15 77 14 58 80 73 77 100 36 91 38 87 80 19 27 78 73 95 79 2 80 52 38 46 59 64 54 52 0 71 28 49 33 52 77 59 10 90 4 25 45 26 12 42 81 85 85 69 93 59 66 56 6 13 40 58 20 88 48 18 80 4 97 94 76 32 77 62 90 64 40 87 84 81 25 11 6 22 65 40 45 41 33 98 7 52 54 93 66 53 38 93 11 77 89 76 96 49 99 49 98 77 36 11 66 86 76 6 27 96 12 37 44 22 27 74 75 71 95 52 55 17 52 95 26 12 30 52 89 5 68 100 22 66 61 70 43 60 78 5 84 63 1 27 91 93 9 93 95 62 16 85 81 71 67 10 22 14 40 26 62 50 7 2 94 89 100 69 42 76 34 0 64 36 87 42 97 70 96 43 96 28 97 4 41 87 75 80 52 52 28 49 10 84 46 98 90 5 86 9 84 43 4 28 96 54 95 18 72 77 28 54 91 68 91 52 10 54 88 32 73 34 32 83 10 32 5 96 63 73 55 65 8 38 15 99 31 26 67 93 96 88 37 89 29 55 59 11 92 66 90 30 79 72 64 2 27 23 32 91 0 28 62 11 86 90 28 92 79 5 83 21 10 48 6 16 38 18 81 31 79 58 37 65 44 24 55 26 44 52 5 13 48 47 1 38 75 50 58 96 5 61 94 29 24 42 79 21 98 52 33 56 83 5 39 95 83
68 87 67 22 23 52 86 56 5 42 79 94 72 37 60 22 13 45 100 14 4 100 30 66 79 62 64 37 74 81 7 79 43 88 100 66 84 54 70 59 77 82 0 29 20 28 18 83 42 7 100 61 36 53 38 51 91 85 53 55 83 28 74 83 75 83 76 53 9 71 14 93 11 82 100 60 25 84 57 62 35 83 23 63 39 5 80 39 45 52 21 83 57 72 40 45 10 90 7 42 80 37 22 61 51 69 73 2 78 43 16 81 79 96 92 96 90 45 90 96 42 43 72 96 36 78 10 98 49 76 18 53 88 85 56 34 60 59 38 60 86 69 31 21 94 7 17 4 35 67 99 82 44 45 43 1 92 82 27 31 28 29 60 35 14 21 21 75 36 39 66 15 36 2 62 74 94 14 80 56 74 46 57 31 4 75 3 85 5 59 63 14 12 53 65 14 49 37 66 25 52 97 42 44 66 56 67 63 14 68 0 91 69 18 34 78 29 85 15 91 93 53 8 14 14 67 18 26 40 20 41 62 94 60 48 65 92 25 69 17 99 93 21 44 56 82 94 16 27 26 7 33 64 37 47 67 60 71 55 71 51 90 73 12 88 81 84 6 41 10 66 38 35 68 46 81 17 72 25 46 40 7 26 94 20 92 50 100 78 23 40 31 81 41 10 86 7 78 80 28 97 71 24 56 37 55 97 50 24 37 13 83 23 29 44 64 16 83 94 7 26 79 32 82 44 4 35 91 58 69 30 50 78 77 36 69 52 18 100 96 43 25 43 75 2 3 80 19 22 1 14 10 87 26 16 69 13 7 81 24 89 49 44 87 61 75 91 92 36 4 16 93 33 11 76 30 32 8 36 68 23 21 62 59 97 17 0 69 31 54 63 52 72 12 2 31 34 2 99 25
63 79 95 64 65 89 32 29 47 19 0 32 18 54 60 88 58 12 12 24 81 9 90 56 2 31 14 34 54 4 77 3 40 54 15 48 92 30 33 26 53 5 58 95 56 11 41 55 83 86 69 93 85 85 94 14 67 92 99 88 72 36 0 39 23 42 93 55 43 2 23 42 35 7 45 62 70 36 47 47 36 62 94 86 67 7 16 59 14 46 43 22 62 10 4 91 88 8 88 27 55 48 21 49 57 28 80 18 72 26 94 0 99 100 78 40 40 16 93 13 23 94 16 24 57 13 52 85 88 13 55 100 34 29 16 2 45 61 27 33 76 56 78 72 58 43 26 31 54 10 79 27 72 23 57 1 74 98 90 59 63 74 65 24 28 27 98 6 71 69 49 14 14 20 67 20 73 65 45 23 45 76 16 98 91 66 17 18 78 7 50 98 96 85 75 59 78 75 39 11 57 25 97 89 18 5 28 83 54 57 48 0 94 25 48 97 4 72 72 48 84 31 88 3 93 14 66 94 100 31 22 100 14 36 74 39 70 10 20 87 88 17 37 44 46 57 80 69 77 33 23 87 31 15 76 73 47 27 60 15 45 57 32 43 72 88 80 15 92 42 20 33 23 74 82 53 3 31 59 55 16 20 75 0 21 82 10 44 4 70 33 18 53 93 5 76 80 83 37 39 50 78 10 15 51 51 18 61 97 52 36 10 19 5 1 36 57 24 6 17 71 90 63 44 88 81 5 72 73 98 90 19 55 4 35 15 65 9 34 88 58 77 53 40 29 61 46 9 13 17 34 68 100 13 27 0 67 42 35 37 16 82 96 72 76 63 29 23 83 82 18 66 81 84 44 91 37 91 37 24 60 32 42 53 61 91 87 57 53 8 4 23 45 21 8 12 88 93 58 25
93 40 1 23 39 66 26 25 100 45 13 15 63 29 7 44 41 42 6 86 83 5 42 1 14 55 98 79 24 2 0 50 76 49 75 28 44 59 80 55 46 6 57 78 86 43 16 48 74 90 20 43 56 21 54 53 19 96 10 21 70 81 30 92 32 38 51 96 50 29 55 20 66 100 47 8 34 30 64 9 23 20 18 72 58 15 71 17 67 44 50 70 56 56 91 98 21 1 23 63 85 10 98 92 35 23 68 99 21 73 94 39 82 95 39 24 88 25 41 96 92 91 56 4 3 35 5 13 19 16 89 66 90 26 91 44 10 53 36 80 88 90 87 14 36 51 36 13 61 88 8 19 39 56 17 67 16 23 11 83 60 70 82 14 40 23 78 28 68 25 61 62 46 4 2 0 3 14 33 74 60 37 83 18 83 1 58 47 67 96 19 50 29 72 2 46 43 86 32 75 7 90 91 60 64 46 81 75 95 0 8 76 11 39 82 88 79 49 77 94 36 87 50 10 25 82 8 9 66 15 96 69 33 88 79 76 26 35 40 11 16 32 74 95 61 12 58 57 63 29 90 4 4 61 17 6 61 5 24 97 31 67 47 23 48 4 4 65 81 17 4 93 56 49 5 5 94 50 28 66 24 13 18 97 14 1 76 95 5 76 51 28 53 4 63 44 34 59 96 94 40 60 7 36 64 13 80 43 88 31 22 60 24 60 64 29 98 33 100 50 0 37 14 98 92 72 57 38 22 54 35 88 55 12 70 65 79 93 78 3 60 28 17 73 81 93 30 28 21 44 34 89 64 31 56 28 97 10 55 49 4 6 4 82 69 46 40 9 36 43 0 94 80 58 63 99 44 19 77 9 47 47 84 78 66 51 78 10 75 29 15 91 64 38 52 63 19 77 92 99
36 88 62 90 74 82 24 7 34 85 98 60 11 18 20 51 93 52 27 17 86 14 10 66 61 65 40 23 71 8 99 30 8 65 59 90 99 29 34 48 54 36 42 95 93 51 37 5 40 7 38 30 54 64 93 21 45 83 39 22 71 18 2 20 8 69 68 41 32 32 87 24 51 9 10 0 96 2 44 99 25 59 58 85 70 5 25 72 30 99 10 30 58 53 44 19 63 20 13 61 31 39 31 98 66 31 98 71 68 20 86 38 38 95 56 15 58 90 76 69 45 64 42 49 51 94 38 8 58 10 97 33 69 43 84 46 69 79 39 15 68 70 78 86 43 99 21 91 40 55 88 4 81 82 28 94 19 43 40 19 51 37 84 21 56 97 96 5 97 12 50 81 82 78 56 96 21 24 11 84 44 7 63 76 58 6 42 47 55 85 84 47 74 16 79 48 19 97 34 66 26 32 51 58 93 93 68 2 56 57 71 96 83 99 54 18 13 55 68 88 9 61 63 26 59 54 55 38 74 53 36 53 88 65 98 50 50 30 46 38 94 7 1 68 50 45 40 87 20 1 74 53 85 97 98 41 60 17 68 39 16 83 19 36 99 15 90 34 84 60 26 41 0 29 58 58 30 77 63 94 23 47 46 84 12 50 29 74 69 46 17 96 12 31 96 4 27 83 75 28 100 8 89 66 72 95 36 13 14 87 80 17 95 66 11 85 61 16 8 34 7 7 50 61 73 43 48 23 14 60 35 23 73 99 62 34 73 74 84 80 26 58 97 51 96 13 95 65 83 44 52 93 49 33 83 40 18 21 67 8 44 23 0 17 89 89 51 63 40 12 77 83 11 90 10 77 32 59 78 19 19 23 10 89 68 89 60 33 68 1 73 77 21 31 62 85 1 54 26 35
79 8 43 75 16 12 41 76 36 56 37 89 70 9 34 50 84 50 92 16 44 20 58 45 25 14 13 86 16 1 61 58 26 20 23 71 21 66 59 45 69 15 11 84 75 88 93 64 25 60 92 59 52 8 100 61 16 91 25 63 95 93 79 18 68 81 13 35 45 15 1 10 76 73 61 42 97 13 9 77 20 65 74 71 0 7 92 89 3 92 62 41 61 31 8 89 29 52 93 24 64 32 18 8 29 11 28 9 20 44 52 34 26 81 91 30 31 19 69 84 78 1 33 15 91 86 63 66 22 41 7 27 6 86 61 25 72 11 17 93 40 41 74 10 69 88 17 0 19 98 28 66 20 66 55 79 71 70 73 47 99 30 55 46 8 83 71 1 44 42 61 12 29 11 85 71 97 13 8 8 10 61 44 43 54 37 63 63 69 78 63 95 50 90 47 24 69 62 86 44 90 53 70 71 58 82 21 24 39 33 83 61 91 77 50 78 68 59 14 0 73 70 20 77 55 50 68 46 14 69 99 45 66 81 76 24 54 67 25 81 29 4 57 10 29 96 100 61 0 75 57 90 26 88 56 12 25 83 68 77 70 96 64 69 79 41 6 27 13 100 23 59 83 14 33 97 4 10 53 30 37 52 9 57 28 63 91 16 79 67 80 88 36 74 54 79 50 60 95 82 82 55 59 86 11 93 15 89 69 49 32 68 31 45 46 51 100 65 49 74 32 36 6 51 24 25 91 34 67 13 41 35 86 83 98 16 14 76 27 34 92 65 56 26 38 22 2 53 85 92 6 16 26 55 78 57 86 30 92 4 76 75 22 72 51 85 34 55 9 16 66 62 20 26 79 94 23 12 79 65 17 65 84 8 75 87 13 56 58 9 70 90 29 99 9 79 97 77 29 100
3 57 38 12 44 42 83 89 66 18 57 99 98 13 11 87 63 30 22 79 22 53 98 75 79 78 47 68 27 69 12 29 91 94 32 25 79 42 4 54 25 53 52 77 98 79 54 35 9 24 45 98 69 71 31 72 19 63 19 8 67 33 98 98 80 69 51 76 47 5 52 18 95 75 21 34 78 47 98 73 18 99 31 66 51 3 64 84 16 90 9 96 44 14 42 93 37 90 49 9 70 67 6 96 91 5 16 2 83 89 100 51 78 10 78 87 89 1 87 83 36 11 16 32 64 33 73 47 30 26 24 66 60 3 99 48 81 59 37 78 26 79 64 32 52 15 66 73 14 90 8 86 34 49 23 79 87 78 14 70 6 21 100 69 29 17 6 27 24 65 79 43 93 34 1 79 9 26 25 68 63 100 32 57 88 39 57 13 36 4 10 43 33 45 11 57 71 45 74 29 27 75 54 21 66 2 24 49 87 84 23 42 60 58 79 97 40 76 13 44 56 84 29 99 48 29 32 92 6 70 83 76 87 31 67 86 26 67 7 43 44 59 29 49 60 86 61 41 60 76 56 29 33 3 87 34 47 59 92 78 97 94 55 64 10 63 71 53 18 34 95 58 66 11 39 64 50 74 89 90 91 87 18 11 31 85 69 94 18 33 31 36 47 20 54 12 61 85 16 73 27 70 76 79 65 82 30 94 80 53 96 66 61 79 41 16 90 98 52 69 19 71 81 75 69 84 15 15 6 70 9 60 57 1 14 84 81 62 26 33 29 33 76 64 10 43 15 87 23 25 12 44 86 25 48 4 23 5 83 81 73 80 69 6 63 53 29 53 93 12 33 30 78 79 38 32 89 0 26 43 48 7 1 97 45 92 73 76 93 10 62 81 2 31 59 46 67 86 50 63
9 69 63 89 3 75 39 23 58 49 27 28 80 57 61 99 28 35 93 11 93 59 18 48 54 70 58 83 84 7 96 43 93 47 53 11 14 11 48 91 38 80 55 66 88 66 95 42 82 18 67 31 91 13 72 27 72 38 65 15 71 80 13 72 3 38 94 52 56 50 84 96 81 68 62 83 57 15 19 100 83 65 77 70 53 95 88 56 15 36 73 77 2 24 34 28 63 30 45 35 99 28 3 42 4 28 89 39 69 25 15 20 100 83 60 56 26 44 20 64 5 60 46 22 46 88 64 8 24 40 45 73 15 25 14 30 29 11 93 69 86 88 61 11 59 5 49 49 22 45 49 9 36 38 95 89 46 5 14 79 46 23 27 0 44 27 60 21 80 76 43 64 12 40 53 51 16 79 96 11 74 0 8 98 65 87 15 38 5 96 34 88 75 18 55 92 23 64 99 69 57 16 77 24 43 49 21 86 22 24 27 55 76 15 86 62 97 2 47 56 2 31 68 80 43 87 18 23 96 24 75 8 16 31 54 22 86 39 2 69 91 97 46 44 16 95 78 54 57 80 7 32 44 70 4 32 18 23 8 23 62 92 20 81 53 43 42 12 50 70 7 100 45 53 97 62 81 1 74 73 38 99 13 33 86 11 94 67 27 48 68 0 36 98 11 41 55 11 94 30 83 89 75 49 3 37 75 89 40 89 2 86 3 71 14 76 65 71 73 10 30 16 56 87 93 9 32 19 43 96 94 20 57 98 85 20 34 52 58 46 70 21 86 78 64 71 46 91 95 41 98 32 32 8 22 0 47 86 74 57 35 26 80 85 25 22 17 43 64 15 20 3 45 71 11 98 22 20 100 92 51 15 12 29 73 28 47 48 66 44 32 70 22 46 93 90 49 2 5 33
37 32 26 74 21 12 27 3 68 31 22 11 45 15 61 62 59 38 90 56 21 42 73 55 79 9 43 54 20 44 64 61 3 62 32 60 50 45 18 76 18 1 48 26 82 61 11 42 9 70 23 59 92 95 76 27 62 88 3 68 15 48 49 39 8 10 16 34 80 19 34 75 56 4 38 96 88 40 12 55 51 39 9 4 76 41 51 95 4 57 17 29 61 57 96 76 88 99 28 8 16 50 79 69 29 4 71 59 36 6 80 82 86 44 91 19 78 91 48 15 47 96 76 52 63 16 4 96 21 64 69 20 53 79 28 44 7 75 70 7 2 55 28 40 23 93 39 83 92 41 19 91 3 41 33 55 36 4 5 30 29 44 36 11 61 76 97 78 11 81 95 72 32 93 29 8 58 83 16 73 86 20 6 9 43 18 37 96 14 97 67 14 28 26 57 17 29 84 50 95 93 19 94 77 39 91 48 35 53 92 60 48 17 23 40 3 90 30 86 49 94 73 78 78 84 26 49 10 27 83 69 27 58 43 39 17 99 84 88 39 65 52 77 50 67 79 54 47 47 59 4 8 55 1 34 73 54 83 60 18 46 94 22 85 92 98 68 53 37 20 95 58 58 54 75 38 44 82 1 14 53 42 51 64 22 20 68 47 3 2 90 57 35 49 51 12 78 35 32 23 28 38 79 70 53 99 1 57 60 98 96 6 30 64 19 86 74 22 25 64 49 19 41 65 19 10 66 100 85 89 88 43 41 83 50 28 86 7 22 89 100 76 59 26 42 93 4 73 43 1 20 6 11 27 44 57 52 17 1 94 1 95 53 42 31 49 88 24 56 99 28 45 85 17 18 67 78 80 21 1 75 84 29 39 96 65 36 53 39 29 32 10 80 6 69 72 28 88 85 47
92 0 9 15 23 3 46 63 51 91 63 27 28 8 91 13 8 34 94 18 83 65 41 77 39 28 76 36 96 11 32 42 11 41 81 43 82 75 51 68 39 100 79 1 99 11 13 20 89 33 48 72 80 84 32 59 80 99 14 39 40 29 49 54 21 33 81 77 71 2 0 44 64 65 72 24 45 76 15 67 3 24 73 54 42 85 66 22 8 17 23 71 71 54 99 22 5 81 78 47 55 89 3 91 50 41 76 25 11 31 19 97 89 82 18 28 22 47 28 19 34 43 91 69 76 0 95 100 97 38 85 28 54 76 10 96 26 87 83 88 17 35 25 4 96 51 54 33 58 40 93 51 62 99 24 78 73 98 97 54 26 50 96 74 98 66 47 39 6 68 89 30 25 71 73 52 24 14 87 50 4 94 40 98 91 87 94 99 1 11 92 54 70 100 40 20 11 64 6 21 22 49 99 69 96 93 22 94 56 66 66 85 79 48 73 55 19 64 13 93 76 27 49 68 67 30 98 7 90 83 7 23 5 21 18 47 55 71 51 29 32 80 12 60 54 84 91 0 86 34 78 27 26 76 57 38 24 48 34 65 84 43 52 52 34 11 35 37 33 56 73 55 58 86 61 85 9 1 42 44 52 81 25 10 43 93 63 30 62 17 93 14 3 99 52 40 42 72 9 43 68 84 60 89 34 3 57 36 31 1 93 94 76 61 4 64 79 44 53 55 54 55 29 46 52 82 71 92 45 64 48 99 47 100 52 96 99 2 51 91 20 42 42 58 11 5 70 8 12 98 77 71 3 25 52 71 31 49 52 81 61 62 49 91 70 37 69 77 74 45 63 35 9 88 54 29 39 48 75 16 26 51 26 11 97 79 15 36 10 2 65 65 7 36 90 34 81 84 51 22
97 83 64 25 96 36 6 55 19 8 14 52 36 93 31 0 1 12 100 74 14 82 79 19 74 26 35 56 23 1 40 96 94 97 50 18 2 13 41 78 6 97 21 38 91 60 81 3 35 48 87 18 53 36 64 24 40 41 62 92 42 83 50 84 5 5 60 73 34 8 27 12 3 13 16 51 92 97 77 63 81 74 96 64 14 22 24 78 43 69 14 33 55 81 21 21 70 75 93 29 100 17 20 78 20 91 47 41 24 80 84 26 11 37 3 68 10 67 56 28 48 35 82 50 42 68 65 67 5 6 66 55 25 17 27 16 51 75 21 9 69 16 99 0 33 51 74 83 37 43 69 40 77 19 91 75 28 67 64 34 46 27 24 42 42 76 10 10 32 48 73 56 80 42 77 60 15 86 48 81 39 88 77 43 12 34 64 8 28 60 59 49 22 21 41 0 45 37 71 36 63 71 4 73 35 69 18 95 50 3 59 93 31 58 63 44 12 100 24 61 8 38 28 18 31 83 29 28 51 49 79 14 77 23 18 85 85 36 21 61 20 77 68 5 61 21 13 85 45 23 44 17 21 30 57 24 83 76 64 83 37 80 0 79 87 61 22 47 48 91 75 17 6 42 30 25 65 71 37 55 45 89 67 41 15 87 40 43 38 20 20 22 22 60 86 46 18 25 91 2 12 98 27 35 0 3 39 54 41 13 20 82 95 69 85 22 43 66 59 79 14 16 55 19 53 30 80 60 46 100 42 30 37 77 99 75 84 24 15 29 75 34 36 74 37 30 56 55 49 72 52 98 76 77 37 5 85 33 38 72 7 86 92 91 95 91 36 21 34 96 85 25 82 2 28 56 36 85 10 68 83 82 2 4 19 15 32 7 19 28 81 77 65 79 68 35 27 8 37 86
2 32 100 82 8 24 59 48 9 33 80 77 67 24 0 45 100 68 100 92 70 41 54 57 12 29 80 79 48 57 77 89 23 81 0 74 91 39 52 40 57 22 44 55 26 49 23 4 6 65 30 28 62 29 23 73 52 60 58 69 86 42 99 13 95 32 9 29 25 98 38 89 88 75 64 58 73 9 26 20 68 25 83 73 1 61 22 33 83 75 65 76 61 55 86 44 60 73 1 1 60 31 28 88 99 27 55 65 27 28 43 35 6 4 16 55 72 75 39 10 20 2 30 54 44 60 10 22 74 76 10 72 33 49 13 7 12 64 53 97 1 35 38 19 14 7 66 74 69 67 87 85 24 60 36 31 38 38 65 33 30 83 54 52 14 77 56 30 46 31 20 53 70 59 51 80 65 66 97 29 96 53 43 85 63 60 63 50 90 18 66 39 68 67 99 26 69 61 32 97 42 32 31 34 2 86 94 15 46 1 69 94 35 92 81 84 91 79 85 14 30 93 16 79 43 65 20 66 77 11 52 63 5 29 65 25 40 24 64 33 23 62 50 39 27 13 4 46 7 35 22 36 0 22 49 30 87 2 69 72 69 63 90 72 25 54 77 43 99 95 99 61 31 1 31 64 100 7 78 89 36 48 47 26 9 0 20 9 15 95 69 65 89 31 13 81 0 67 95 38 42 13 69 11 20 30 88 53 41 99 64 33 2 32 82 45 40 52 0 9 51 68 77 27 52 32 57 45 91 87 55 40 56 10 13 33 57 64 60 37 21 85 84 52 32 61 65 78 75 2 25 90 35 52 4 7 9 72 60 5 36 72 7 84 57 8 43 24 60 60 77 64 9 35 30 80 69 12 78 77 6 22 52 70 72 34 39 42 73 9 65 82 86 84 71 64 93 46 94 56
28 30 19 6 17 1 71 15 6 17 56 25 59 94 26 69 88 27 20 14 0 31 64 45 78 33 76 26 3 22 21 90 94 16 54 83 88 79 73 60 100 98 35 70 38 55 45 63 57 5 34 36 80 54 48 0 87 82 51 37 23 86 19 54 62 20 91 34 13 30 58 69 84 93 39 10 98 48 44 48 6 3 94 41 37 50 95 87 16 51 25 63 98 82 4 7 29 14 36 62 98 0 59 80 8 1 50 3 65 21 15 31 8 50 17 4 71 45 55 65 14 23 72 76 58 13 48 19 76 63 60 70 12 87 12 74 20 6 0 52 2 47 93 22 53 90 77 29 54 80 5 87 86 81 61 53 66 37 95 15 13 19 23 99 13 24 59 48 48 45 38 72 92 34 26 3 67 56 13 7 70 34 19 21 27 87 36 43 51 69 31 63 50 13 48 44 46 71 50 29 1 4 26 70 29 27 38 12 66 45 8 80 36 12 28 16 48 18 56 39 55 28 57 74 67 93 17 36 92 73 95 54 32 93 24 17 99 84 5 14 23 69 52 95 83 75 38 45 51 94 37 62 78 75 8 90 55 83 14 9 99 84 35 63 72 90 0 45 0 45 87 50 76 33 26 13 67 88 63 94 49 26 75 46 85 1 3 15 19 48 27 56 32 87 62 0 89 65 35 32 28 44 14 17 13 40 45 8 42 84 100 96 46 4 69 39 83 29 99 75 66 27 4 52 38 90 97 9 14 52 42 38 12 78 66 58 37 51 29 23 78 77 13 100 85 61 54 6 50 58 78 3 57 67 37 2 2 89 43 14 56 0 98 92 46 51 25 23 25 96 89 13 22 22 90 4 39 23 99 82 32 15 56 11 35 17 51 58 10 59 79 38 43 7 21 91 63 15 66 69
39 26 1 28 32 10 87 34 75 63 66 67 51 5 21 35 33 8 65 6 89 93 58 68 9 75 71 32 73 51 14 4 21 77 36 36 24 39 19 28 19 14 96 84 6 68 66 4 8 84 28 32 81 49 26 94 17 67 90 0 25 74 96 58 9 65 66 12 18 86 31 48 84 40 88 0 13 32 68 52 53 95 86 95 23 73 78 14 32 14 15 3 13 90 7 17 32 14 38 10 9 3 25 71 69 6 59 53 64 57 6 38 98 99 23 10 97 71 51 8 20 45 63 82 67 89 58 33 37 82 25 41 35 6 3 35 3 63 6 54 73 94 38 66 49 26 2 44 30 59 82 77 67 56 16 59 61 14 98 35 76 79 13 20 27 59 59 14 9 43 99 8 69 3 81 0 23 9 36 18 80 9 51 13 98 3 86 40 11 67 65 64 36 52 11 16 21 65 11 59 33 41 66 27 45 4 37 76 25 24 68 41 51 43 42 61 48 59 39 55 62 96 57 7 53 6 71 70 4 7 99 98 49 82 96 36 79 43 56 93 99 82 28 95 41 41 3 36 95 66 34 20 75 16 20 93 3 48 65 41 90 1 42 43 23 27 81 52 100 55 44 42 44 37 17 84 16 74 41 54 51 32 25 29 48 48 85 38 85 85 49 9 59 63 72 86 52 94 53 78 49 63 58 38 48 58 29 7 96 13 35 61 91 98 93 70 50 65 43 46 6 63 19 22 70 9 5 53 70 82 84 91 22 64 18 71 31 71 36 64 18 24 74 1 50 12 74 41 10 29 36 86 18 48 86 21 59 60 20 100 32 13 49 30 37 61 23 68 73 33 49 100 56 2 69 88 30 84 29 64 86 78 11 57 18 100 29 52 56 64 55 90 74 2 37 93 65 29 86 5
1 57 84 43 57 90 74 28 78 32 42 82 66 18 3 22 29 83 10 6 70 69 46 88 9 70 95 9 17 2 66 92 100 84 97 14 49 7 9 84 70 71 72 14 92 67 24 54 19 86 7 33 8 16 34 44 68 54 27 33 77 67 88 33 22 48 15 78 72 15 22 55 64 34 50 48 78 27 97 18 16 86 10 87 52 92 28 14 99 30 39 40 19 4 99 76 27 17 75 55 66 33 14 51 42 40 52 78 48 97 47 2 39 5 3 13 0 83 64 49 5 14 50 54 68 56 33 83 67 89 14 68 50 36 66 65 16 39 21 95 37 86 13 16 68 82 100 96 77 11 53 89 57 83 98 8 20 84 48 19 83 10 1 81 97 13 36 50 34 82 64 22 11 5 35 76 39 64 38 68 56 31 88 97 16 48 80 74 21 57 7 56 62 90 76 91 15 95 59 91 21 99 9 17 8 23 39 29 86 79 4 73 63 94 49 59 79 64 100 90 8 17 38 61 6 17 43 32 55 84 55 93 51 5 99 76 6 34 24 83 80 20 18 79 18 12 65 71 19 35 31 70 51 78 42 53 34 30 4 67 10 84 21 28 41 30 71 84 47 30 82 86 78 87 69 75 88 92 5 46 8 16 67 22 97 52 79 38 20 35 80 5 83 76 78 80 94 65 0 57 99 88 55 18 68 34 78 51 92 86 77 46 88 55 98 64 10 35 54 91 19 55 19 31 60 42 83 23 39 80 47 39 19 6 2 72 9 37 39 97 2 76 16 6 76 39 14 81 3 78 4 35 73 66 42 82 40 13 32 45 11 72 87 93 79 74 60 14 16 22 60 5 89 96 87 10 85 69 61 3 73 10 78 85 49 28 74 37 89 57 67 42 51 11 16 88 26 9 78 48
79 81 17 94 86 38 93 9 22 12 82 92 93 38 94 69 32 86 4 37 3 74 27 15 95 85 16 76 10 53 8 90 7 86 59 68 5 70 42 65 19 33 55 0 52 38 67 68 84 74 93 14 91 90 11 19 44 36 5 83 95 92 75 60 57 6 0 78 3 88 14 54 30 25 11 57 51 8 71 65 39 18 42 40 74 65 38 63 33 49 36 33 35 5 94 77 62 92 95 46 78 82 82 29 95 92 15 7 91 78 95 38 71 64 37 94 29 60 43 56 46 25 20 37 4 85 89 26 50 36 36 74 89 41 52 85 67 38 4 52 10 37 96 22 74 61 68 27 17 26 53 75 36 38 29 38 52 98 24 14 48 9 74 47 23 21 57 12 18 3 73 59 42 89 32 9 40 91 22 78 45 14 25 63 56 46 48 48 77 79 88 28 47 92 63 11 23 11 92 74 97 30 87 13 100 41 21 67 67 49 20 87 90 20 34 77 46 60 99 52 65 27 71 97 45 63 51 31 81 78 100 100 48 38 24 26 2 52 33 89 13 35 75 90 30 1 65 17 95 14 53 17 37 92 68 21 27 90 18 17 65 35 82 55 97 91 85 50 2 35 30 71 90 10 25 47 18 27 47 63 72 94 59 39 29 58 37 68 27 61 33 1 75 28 16 7 2 96 38 11 71 79 93 67 5 66 89 70 99 17 98 88 34 55 78 31 6 80 69 88 39 86 20 56 31 15 70 12 70 41 89 1 68 32 86 25 32 82 50 85 36 45 78 1 13 58 100 85 1 31 82 53 91 66 36 85 44 77 37 52 42 75 70 86 90 26 100 67 81 43 70 78 25 57 66 76 54 99 9 10 78 40 76 86 95 59 90 55 67 28 70 95 10 86 33 96 59 48 77 30
76 39 11 97 7 63 98 43 54 94 80 2 8 11 39 35 58 32 91 50 1 83 88 48 10 12 85 40 59 37 93 85 35 14 51 27 30 0 11 34 98 92 50 47 80 21 28 12 58 13 11 10 63 31 36 26 12 69 30 34 98 52 86 27 56 60 96 13 50 47 34 6 23 86 50 71 59 11 59 72 8 85 78 27 12 43 37 45 53 35 33 34 92 43 24 30 72 31 29 74 83 61 4 91 39 14 80 47 71 39 12 10 1 27 38 46 56 38 15 15 69 45 3 41 72 56 12 40 4 18 53 77 44 41 26 32 39 35 67 55 90 72 96 37 15 94 51 35 39 56 57 84 77 51 95 32 8 98 84 30 52 94 42 47 10 86 37 46 4 50 16 56 97 100 47 44 86 47 58 94 63 18 1 7 12 71 28 38 48 98 29 58 67 69 14 26 55 16 35 8 22 20 9 30 44 16 77 50 39 23 100 27 70 50 59 41 61 73 74 96 22 63 34 25 100 28 100 39 97 61 74 34 46 83 96 92 21 17 79 67 37 17 37 66 94 27 58 1 75 91 42 30 14 78 61 11 29 33 10 34 68 42 76 90 81 23 91 95 75 69 22 56 39 67 86 95 47 98 56 58 50 21 38 92 42 89 82 13 94 29 61 2 98 60 51 5 39 55 46 87 38 70 7 6 22 79 36 94 42 99 87 66 75 94 84 71 71 41 94 63 71 28 82 88 19 13 42 77 89 99 82 69 32 82 17 18 39 62 55 85 48 21 80 61 31 40 11 79 61 7 58 87 47 29 13 5 69 65 23 37 17 88 88 89 61 24 56 47 58 11 57 95 58 98 19 33 88 74 16 82 99 79 32 38 10 91 97 87 77 86 41 34 64 62 7 5 35 10 97 42
3 89 21 96 32 8 68 99 81 51 82 23 59 70 36 57 27 59 35 98 37 20 13 49 74 13 98 92 73 13 62 79 100 80 4 75 34 31 5 73 90 11 94 13 72 71 26 62 26 44 8 11 63 41 53 54 34 68 12 33 29 100 45 22 73 10 39 81 82 53 39 5 69 52 67 73 15 42 0 78 95 64 68 46 0 95 84 37 67 62 13 79 54 88 100 32 45 92 76 43 2 3 52 54 96 9 31 53 45 11 51 41 14 82 96 4 75 57 96 61 48 84 69 0 57 56 4 16 75 84 74 46 74 12 36 53 6 36 66 43 31 82 24 93 84 24 8 37 76 70 76 90 76 92 33 92 33 90 5 6 76 64 15 41 72 82 80 45 85 36 81 0 96 47 57 83 19 19 87 23 4 87 77 2 74 1 80 97 69 92 17 70 70 45 51 91 6 28 40 55 100 89 58 87 19 21 99 76 29 90 73 46 65 90 28 98 65 7 87 18 49 55 70 24 78 69 25 58 49 69 90 83 99 53 38 81 42 27 93 56 70 59 76 10 37 11 26 81 46 17 63 87 23 88 66 90 54 68 94 33 60 5 8 72 1 91 20 23 84 4 88 3 14 98 75 60 28 34 85 58 15 24 68 2 29 38 43 5 49 65 43 74 92 52 59 64 67 64 78 42 61 15 95 89 52 6 4 23 37 70 6 54 65 91 10 3 44 6 6 32 30 51 33 27 68 91 98 59 90 12 92 1 9 5 17 40 89 18 58 26 30 24 54 66 70 61 81 81 76 12 90 84 88 69 85 20 98 14 66 84 44 79 4 0 43 86 76 5 72 92 20 98 48 88 22 66 0 34 99 84 24 59 88 39 19 0 48 86 16 18 10 38 39 1 94 99 77 26 91 72
25 30 35 47 88 53 37 50 9 85 81 13 96 95 76 3 13 0 67 36 74 2 88 62 59 95 90 53 40 97 18 47 17 100 64 56 55 98 23 32 27 66 72 64 22 33 76 91 62 25 0 9 85 3 25 13 0 75 6 96 28 97 46 3 54 2 28 64 7 60 44 64 44 24 39 2 53 8 64 71 93 22 40 44 64 86 14 30 42 14 45 5 0 16 80 9 79 65 82 100 58 51 15 65 23 63 81 96 71 51 57 86 99 23 9 73 25 45 46 45 65 31 18 33 87 22 51 44 84 65 49 28 90 33 81 96 96 99 98 74 46 32 85 18 27 86 66 68 64 25 80 13 6 24 4 25 63 53 90 20 31 49 24 95 17 70 15 21 45 23 31 53 95 0 38 13 41 78 60 29 79 29 14 17 34 30 29 33 40 93 47 79 7 48 34 1 22 18 94 97 58 51 5 73 93 98 95 74 66 35 21 19 73 77 46 91 61 25 86 30 50 69 24 32 97 24 81 86 1 29 100 72 60 62 58 25 49 97 53 83 39 92 26 32 74 47 99 61 0 61 89 16 34 48 18 79 28 19 97 30 61 95 22 49 68 81 85 26 77 49 13 100 10 42 18 67 28 71 76 83 36 38 71 43 23 65 85 0 4 45 24 12 58 72 62 48 4 66 23 45 59 82 75 29 47 7 81 85 21 88 55 60 2 76 99 46 95 21 29 87 84 39 89 46 20 10 38 96 83 86 37 20 88 71 65 94 16 62 22 2 58 40 35 40 75 52 10 74 50 11 16 86 7 1 33 33 67 99 40 20 25 19 74 47 55 14 59 28 44 57 27 98 37 67 4 43 95 55 67 22 68 39 20 68 82 10 74 11 95 44 24 7 20 74 47 69 38 12 25 74
86 75 15 12 34 49 45 90 41 14 39 29 42 24 15 88 56 50 12 78 83 22 88 73 69 51 49 18 67 40 62 85 60 73 86 36 24 42 17 96 23 8 10 76 57 16 28 94 32 13 88 94 34 27 53 10 14 43 52 40 52 68 43 71 18 98 5 39 86 80 77 96 13 58 26 40 47 45 80 83 50 8 44 29 44 2 56 55 43 23 23 74 43 41 27 1 44 25 95 28 43 53 66 82 50 28 77 63 100 34 100 74 72 76 27 60 30 96 100 94 19 46 51 54 44 34 96 86 70 9 6 76 14 0 40 96 19 78 40 12 57 27 6 57 44 27 0 61 92 92 96 54 79 71 40 52 63 98 7 25 32 81 19 61 59 22 50 71 6 0 72 94 41 42 65 60 77 33 11 88 48 43 96 47 46 56 21 43 52 76 69 96 5 52 97 54 17 3 99 50 90 8 79 89 80 24 13 81 63 67 98 78 83 20 56 47 75 10 80 27 81 40 2 7 83 60 75 77 67 7 72 33 77 69 83 49 68 22 52 36 60 30 6 93 72 85 50 95 98 96 44 89 80 46 3 70 63 54 33 95 24 15 37 7 52 93 71 32 96 15 99 41 48 82 95 70 3 93 42 84 73 24 4 25 87 75 46 54 3 61 69 10 50 99 25 54 79 11 74 34 84 82 53 5 77 26 20 64 7 65 66 5 6 36 26 99 79 13 81 49 80 90 100 45 13 18 88 31 82 40 73 45 3 96 52 37 80 66 50 58 85 28 32 45 40 46 75 52 40 97 46 96 50 1 27 61 75 69 73 66 28 21 100 96 43 33 12 76 21 62 49 39 52 7 53 27 15 50 82 44 24 15 9 54 55 16 87 80 33 78 39 91 47 26 75 43 61 34 89 61
73 85 93 0 16 60 1 53 65 51 52 86 89 30 60 56 96 97 16 4 4 6 84 94 22 27 15 10 70 10 21 55 53 42 21 76 22 70 2 37 3 19 46 84 7 48 95 11 92 64 7 56 23 52 17 89 4 54 58 39 88 100 4 54 64 51 43 11 74 94 62 89 77 26 49 49 41 39 82 17 67 50 95 71 99 68 35 1 24 26 64 37 97 5 53 85 16 75 42 10 27 79 71 55 82 47 34 23 47 44 13 54 19 89 1 71 41 43 74 86 65 67 42 85 80 7 61 11 68 55 41 16 30 71 100 48 7 20 86 17 17 31 74 96 29 49 96 57 79 0 60 86 73 83 20 72 83 37 59 55 2 29 27 9 25 28 41 17 67 89 77 51 2 35 18 94 90 83 11 1 44 59 69 0 81 22 41 16 49 46 80 86 31 40 91 34 18 17 79 66 61 38 67 49 51 92 80 86 83 17 39 40 88 96 32 47 26 64 83 27 75 98 25 9 23 6 71 3 86 39 52 49 69 35 17 100 27 17 27 7 69 10 64 4 73 56 77 65 87 50 24 68 98 90 8 19 73 96 78 76 79 1 46 78 24 93 16 74 61 86 49 50 79 25 46 48 68 87 56 24 86 19 38 86 87 46 79 95 8 5 42 90 28 84 24 24 19 43 49 86 97 23 40 87 57 59 13 85 67 59 22 50 58 100 12 75 86 14 89 76 54 42 7 74 100 1 44 61 75 43 94 42 87 69 80 6 50 79 74 100 25 57 75 6 80 63 38 59 65 76 36 4 79 23 46 65 37 40 83 45 85 54 50 62 14 57 37 36 58 96 35 14 24 31 100 37 34 42 59 55 92 61 8 76 34 79 44 36 64 5 30 27 81 12 79 46 61 99 26 69
81 82 11 13 8 75 57 62 61 49 59 89 100 45 9 41 90 93 33 70 49 17 4 10 32 51 100 67 12 94 19 24 41 18 64 80 99 58 56 72 55 69 92 96 43 30 23 7 62 78 95 29 63 5 22 77 40 81 95 25 29 95 59 12 51 20 69 72 43 69 44 57 59 98 33 40 100 54 66 31 21 51 42 55 64 51 39 78 11 31 32 90 100 21 88 82 79 8 96 52 30 6 37 18 71 1 48 11 94 97 7 24 23 99 38 33 10 17 34 72 20 38 5 5 11 17 66 52 46 58 50 31 11 7 11 36 56 1 0 32 19 91 35 19 61 71 52 82 91 81 71 92 22 46 3 59 18 94 18 6 30 32 55 96 81 14 49 19 24 40 19 18 13 84 94 15 83 23 5 90 38 78 83 83 76 62 19 64 90 36 40 81 2 36 43 11 67 58 31 53 64 72 61 100 58 6 25 72 17 38 94 41 84 80 62 13 96 86 38 71 81 69 91 35 46 66 81 15 43 76 24 43 33 14 43 73 91 14 44 12 0 44 37 80 66 19 32 20 39 28 18 47 39 99 76 30 23 40 55 84 34 10 100 43 20 23 28 40 60 36 20 34 1 89 85 5 28 27 13 6 56 76 24 98 85 61 71 68 25 68 8 23 65 35 24 24 84 59 26 87 56 45 45 24 95 98 66 33 40 86 91 27 82 59 69 60 3 51 71 26 99 85 22 69 7 22 27 45 23 34 19 27 71 89 29 30 63 84 17 77 22 31 35 39 60 87 43 48 15 92 42 32 53 13 72 47 85 54 5 90 16 69 72 0 57 88 68 28 66 54 37 36 86 74 64 64 25 49 44 19 69 98 62 44 48 52 18 7 24 79 85 52 28 92 38 22 23 38 4 18
45 48 71 1 22 44 77 80 23 58 35 95 48 79 32 6 59 95 4 66 77 17 66 13 10 1 1 28 19 94 3 82 55 39 15 46 15 38 7 3 51 52 6 91 28 4 99 98 13 4 58 72 9 32 4 9 12 1 12 95 73 11 100 79 23 35 45 30 88 77 46 21 38 14 33 9 60 50 99 52 65 77 23 83 3 21 9 77 7 66 23 28 22 70 9 59 81 67 66 23 90 93 53 78 83 50 33 34 70 50 2 39 92 78 11 44 7 75 3 49 44 98 46 90 6 9 82 40 1 51 45 62 35 50 14 63 45 11 100 15 75 2 30 7 79 61 69 77 52 63 15 40 79 100 32 1 52 82 84 96 53 1 8 5 64 21 67 80 15 63 26 88 91 96 40 51 35 75 65 51 95 70 97 42 80 94 25 44 41 93 41 16 72 87 45 81 45 57 17 86 34 97 89 9 68 93 57 19 4 46 63 61 57 85 65 62 7 51 59 61 40 35 96 53 8 45 72 9 89 56 74 100 39 49 32 11 15 11 53 40 9 77 84 91 53 8 1 37 69 74 50 29 83 21 17 88 9 65 73 54 64 96 14 90 28 40 96 55 87 24 42 8 100 21 67 25 97 53 32 77 2 15 98 17 82 62 77 60 86 5 35 30 85 33 63 8 50 4 31 99 21 52 48 62 44 97 97 5 26 29 53 18 62 62 88 32 51 93 15 24 33 37 93 26 46 86 6 22 26 67 40 40 39 27 54 45 83 26 47 82 63 75 20 63 89 49 0 100 45 70 78 9 7 28 34 35 20 87 97 86 85 90 1 57 11 55 58 91 90 61 85 54 85 37 96 32 58 19 23 43 9 11 18 94 62 38 78 11 67 35 68 40 80 92 17 18 24 1 63 82
26 80 67 50 58 57 36 30 55 45 21 61 5 50 61 34 72 89 51 34 78 92 40 77 100 28 22 11 100 45 64 88 18 9 45 29 64 49 85 15 85 14 31 81 87 4 76 37 38 12 14 14 29 66 71 32 0 0 53 5 42 35 56 14 50 81 31 43 100 54 82 43 53 74 24 35 43 89 94 15 79 19 85 3 6 69 91 84 61 57 27 77 61 8 50 83 6 76 43 87 25 92 27 98 68 45 59 26 65 79 24 47 45 55 57 69 17 74 76 75 48 33 12 42 54 30 25 8 62 82 14 80 18 54 26 74 32 66 15 47 59 17 21 66 86 77 70 12 25 51 51 32 61 41 19 66 65 29 85 14 82 72 34 0 29 53 78 95 24 100 21 2 28 71 27 37 33 17 59 25 83 28 72 47 5 45 26 90 19 10 68 27 40 62 77 59 17 81 45 80 32 8 39 99 48 0 64 61 41 10 49 75 40 77 45 80 58 61 19 11 51 6 97 42 68 73 36 50 26 91 20 80 24 98 11 25 35 89 72 64 25 99 27 77 29 91 64 43 76 12 77 83 77 16 50 65 86 76 64 38 70 74 28 15 20 1 59 91 81 9 50 95 64 100 65 41 60 50 28 7 97 87 0 35 15 92 51 5 95 60 56 67 63 23 2 87 45 0 39 11 37 11 31 97 13 37 47 60 63 66 43 64 50 6 76 53 95 81 45 80 46 0 45 41 51 18 26 1 70 17 83 93 64 57 50 46 99 47 56 55 18 98 83 64 71 12 29 82 61 75 89 15 53 13 58 38 39 83 98 37 80 39 5 66 58 62 75 41 69 54 76 70 60 42 72 61 8 29 14 19 51 16 38 21 76 84 58 80 10 39 62 90 13 14 9 71 6 5 31 11
71 8 34 44 14 5 75 11 98 37 0 81 88 42 46 64 23 25 91 90 29 30 6 57 47 93 23 27 30 96 10 75 98 96 63 75 10 83 70 8 17 20 58 42 83 92 40 40 75 73 7 100 24 22 7 70 37 75 89 55 99 36 7 28 37 4 44 89 59 67 20 92 32 38 65 91 63 65 70 28 77 29 27 3 7 95 84 74 51 87 24 55 76 83 26 57 5 23 9 24 21 7 40 90 44 49 16 41 89 12 79 64 25 71 20 33 84 64 60 69 48 1 98 30 79 75 37 42 7 68 54 15 77 38 3 67 45 81 13 18 56 97 0 37 30 68 40 74 1 97 58 7 39 65 85 67 58 73 90 79 24 40 21 16 38 48 96 9 38 95 69 47 86 98 16 0 58 83 34 38 54 12 96 14 77 2 10 98 41 82 47 53 2 5 90 85 43 67 79 73 22 59 71 99 33 22 73 60 7 41 67 50 41 41 99 48 50 37 31 78 18 100 63 44 79 83 84 56 11 0 65 12 11 86 60 9 67 25 37 3 95 32 67 47 29 70 69 62 67 2 96 42 47 21 12 56 98 76 15 99 48 99 87 87 0 72 53 81 80 45 0 54 92 96 77 45 25 39 48 85 44 8 45 36 96 37 14 93 82 4 21 67 48 88 36 44 11 38 44 99 70 73 94 60 0 35 6 17 10 26 27 2 0 1 36 21 18 81 32 23 35 57 72 68 48 66 36 71 16 62 85 15 4 20 30 39 28 79 25 7 20 48 44 75 10 31 50 35 42 82 80 67 15 48 68 14 85 92 98 81 45 86 15 51 58 35 56 58 25 44 66 43 40 12 14 24 3 8 46 38 11 15 58 88 60 26 65 100 36 59 11 98 59 21 86 61 48 39 7 18
26 73 100 61 80 54 99 76 54 52 65 73 88 96 0 30 28 62 27 25 27 71 65 98 76 7 67 0 79 65 88 93 53 76 36 70 58 96 14 59 86 85 78 25 99 76 88 13 6 47 68 90 23 44 52 81 97 0 6 42 3 67 73 55 70 91 7 16 1 12 99 53 70 59 82 13 14 6 69 10 69 51 7 57 85 33 56 67 49 13 20 45 97 63 97 23 5 84 99 22 87 89 3 74 42 76 1 72 15 46 65 16 66 65 11 37 12 59 92 11 58 44 56 9 14 26 14 57 45 25 56 38 22 89 22 13 40 49 49 56 14 58 12 29 19 94 62 35 48 48 38 84 59 1 39 73 18 8 54 33 28 42 15 93 3 99 54 98 43 93 47 41 18 12 28 85 51 43 8 46 72 13 2 46 70 44 2 92 15 1 73 38 37 49 38 90 4 65 53 73 10 16 95 36 14 76 17 75 60 5 35 78 90 72 48 100 11 18 49 50 80 82 0 15 16 27 53 37 99 52 75 59 7 97 13 47 85 70 53 77 48 54 90 84 17 9 97 30 95 43 68 29 61 16 84 41 20 52 54 87 73 83 39 10 56 1 48 80 37 82 78 53 49 33 24 87 85 1 3 93 46 48 94 72 11 44 17 21 19 32 66 83 85 91 8 60 99 19 45 65 88 66 2 12 82 100 63 80 64 67 96 41 60 84 95 76 63 86 22 9 7 39 25 26 52 68 35 62 11 47 97 42 7 55 27 79 64 34 23 90 42 97 75 17 76 78 65 78 8 27 54 22 66 8 46 3 34 27 0 2 96 54 47 71 56 46 78 9 3 57 82 11 66 28 88 59 92 76 26 42 5 23 61 89 83 83 48 17 44 94 44 23 95 56 71 95 90 3 23 12
97 16 90 72 31 40 3 40 82 8 64 41 90 74 68 97 89 51 91 1 86 88 19 74 16 68 25 72 72 43 52 63 59 97 40 43 53 53 3 38 11 51 39 53 64 17 28 96 30 19 29 64 46 98 74 49 52 22 99 76 10 68 77 32 79 64 36 48 9 32 67 60 39 32 43 1 78 41 25 24 99 81 67 33 51 92 24 1 42 60 71 37 62 7 23 44 8 12 85 26 58 12 53 86 24 51 11 11 48 49 93 7 10 22 67 72 26 34 40 49 65 20 39 4 72 89 62 36 87 19 56 60 25 47 31 80 67 33 87 100 93 27 19 50 50 22 59 19 83 42 68 97 24 63 47 36 72 84 8 28 39 93 4 49 54 98 77 26 24 33 40 43 16 50 91 45 72 46 31 46 22 63 98 30 85 66 33 13 59 69 76 81 77 70 35 55 42 83 60 100 37 10 92 54 25 62 33 86 8 0 36 73 4 82 44 88 12 23 7 41 73 42 95 21 100 89 4 80 53 31 99 12 91 82 46 70 52 84 89 37 66 40 48 63 87 29 88 78 81 63 45 52 53 14 10 7 98 12 35 43 84 74 75 16 88 97 21 70 25 68 48 52 72 26 11 47 84 80 85 3 58 59 21 66 9 26 32 24 23 96 23 69 96 74 93 58 14 68 37 81 56 10 26 34 99 33 27 5 40 73 94 68 31 5 10 43 69 2 36 39 70 36 87 83 19 29 34 35 29 12 49 92 82 18 33 81 22 48 74 45 42 23 54 85 25 39 86 35 20 78 16 49 17 86 77 87 65 82 13 66 15 94 5 85 25 78 33 63 61 38 83 51 73 78 79 6 34 78 63 19 56 47 25 48 94 70 21 49 12 74 97 87 64 86 9 36 84 72 53 51
91 96 34 21 44 46 63 83 49 42 57 78 75 78 74 16 57 81 23 12 86 37 3 84 66 87 5 44 50 13 66 64 24 73 35 72 60 48 41 52 49 27 87 86 39 89 14 25 10 58 70 97 6 80 3 12 81 79 73 61 40 83 1 84 52 90 100 13 16 88 54 36 80 92 54 73 46 96 39 43 39 71 49 51 97 29 5 80 42 41 39 48 15 40 93 96 85 95 56 5 40 11 53 67 58 14 95 38 87 0 88 84 51 86 65 16 81 21 82 71 28 47 82 40 31 79 24 51 36 3 18 10 38 97 19 96 28 96 80 21 53 42 54 21 20 42 19 82 73 43 89 39 53 21 16 42 5 23 17 18 63 11 72 43 61 75 87 60 59 22 81 21 23 87 30 11 73 73 41 86 55 61 91 72 89 96 68 43 11 32 84 53 37 51 3 69 39 74 6 42 84 57 89 88 73 83 4 42 100 87 54 8 49 70 79 35 44 7 44 80 23 17 76 47 86 59 12 3 32 36 37 88 15 22 19 22 34 57 19 82 69 31 59 59 71 33 43 24 65 13 21 95 42 97 68 16 85 10 76 4 60 6 78 81 26 17 61 63 77 83 97 50 81 86 3 71 88 37 89 27 70 93 93 41 98 73 100 72 18 6 73 56 76 63 46 68 19 73 17 15 22 53 43 42 85 74 83 82 50 83 75 66 55 92 7 35 9 86 38 13 64 61 23 65 11 53 33 37 48 71 51 30 62 5 78 5 1 91 54 0 72 1 94 0 96 72 17 67 78 44 33 29 44 23 50 14 20 85 43 58 14 3 100 36 19 99 99 48 25 93 87 88 17 56 15 26 0 55 7 49 71 22 24 83 27 95 26 89 96 34 72 46 13 20 70 93 40 70 24 18
49 94 86 59 40 68 92 57 59 90 79 29 35 75 84 52 0 98 82 24 23 70 32 31 26 11 97 87 62 12 39 62 79 32 57 80 4 18 71 6 82 55 0 45 10 89 65 34 100 99 93 89 86 18 28 44 100 88 80 58 99 9 35 44 8 32 12 75 11 53 96 7 86 65 52 89 71 35 87 2 74 50 3 72 42 23 19 89 15 27 88 78 92 86 18 84 62 96 33 37 57 66 23 17 8 36 45 22 70 77 1 75 16 6 93 63 1 22 13 53 83 43 20 18 81 42 0 70 97 81 31 87 83 99 91 89 50 13 75 21 53 2 74 74 68 20 71 17 35 30 82 94 20 33 29 33 40 7 49 93 80 85 99 7 68 50 79 38 24 36 10 61 46 4 29 36 39 58 100 21 85 8 68 78 36 58 29 30 32 30 40 69 74 74 58 53 8 88 41 88 53 2 39 91 55 87 26 9 9 42 38 87 8 86 98 80 83 21 79 46 47 58 45 48 80 100 39 19 3 59 9 28 78 3 77 92 15 81 13 64 83 70 62 86 85 16 4 54 21 97 93 60 62 71 33 47 91 68 39 61 11 82 85 80 91 92 89 8 99 8 70 13 11 96 49 91 46 81 88 75 74 30 43 70 89 6 79 61 48 51 94 8 56 87 55 19 21 69 63 10 30 23 21 90 31 44 29 52 55 44 94 86 17 35 96 34 67 26 11 41 55 39 71 19 23 36 100 99 49 82 38 58 77 68 56 42 93 88 78 65 7 64 68 38 23 9 80 78 9 64 72 32 86 79 67 36 16 26 63 61 19 19 13 35 54 87 33 93 33 18 66 7 53 18 57 53 18 37 29 66 81 78 6 69 47 63 25 49 85 66 90 54 14 51 40 81 47 38 72 34
43 52 48 43 96 90 45 84 61 33 92 100 1 62 10 97 77 94 77 33 82 36 42 30 78 30 27 16 99 56 93 1 96 74 59 25 87 80 95 59 98 17 91 64 58 1 52 24 67 83 95 73 59 94 35 23 53 18 60 44 19 59 94 29 22 56 2 14 52 84 88 79 29 36 4 21 84 13 42 85 42 26 95 25 58 86 77 74 74 99 21 75 81 5 30 41 52 16 67 45 77 26 53 12 22 49 98 36 8 26 20 24 85 93 69 34 18 67 14 89 27 91 0 34 46 97 29 19 58 36 39 38 96 78 48 74 8 17 88 21 14 91 80 0 46 67 32 72 98 24 85 50 45 12 10 97 33 34 81 36 0 7 99 90 42 30 40 11 38 72 24 54 87 42 40 77 43 57 2 6 77 17 92 92 10 87 56 37 71 54 92 53 24 11 5 68 90 58 40 26 74 3 39 83 91 99 96 62 61 5 99 91 52 61 50 86 61 32 100 38 95 78 65 79 44 53 50 85 76 37 77 9 56 82 98 94 5 55 61 26 80 68 0 63 53 57 94 23 97 99 32 88 19 32 19 16 34 47 10 74 18 26 46 46 74 70 30 14 50 50 42 80 26 26 86 90 55 2 68 92 86 97 5 82 78 5 16 60 89 77 8 68 59 42 92 66 5 65 15 97 72 91 26 16 41 47 70 77 17 49 9 25 19 49 66 83 18 67 93 56 21 41 52 95 38 82 36 76 23 44 29 76 76 70 15 12 28 4 40 91 70 35 11 99 17 90 77 33 25 62 28 94 70 3 67 9 15 75 46 64 31 38 2 96 14 12 90 79 17 11 97 15 38 16 16 32 67 60 46 80 29 30 51 56 88 97 69 50 34 44 88 85 95 88 100 45 81 23 75 39
61 8 16 93 31 78 56 5 49 99 87 20 90 99 88 66 69 100 27 65 32 63 35 36 86 29 82 83 56 76 38 24 31 38 56 2 88 62 46 22 9 38 1 72 64 16 32 19 11 46 100 89 16 28 34 75 96 100 69 2 53 83 70 89 36 80 53 77 56 96 95 3 13 84 48 30 12 85 74 24 74 55 59 41 51 59 60 91 27 10 78 75 43 46 53 83 52 0 65 58 31 57 73 96 49 100 6 62 25 10 21 62 73 4 93 18 9 68 69 21 5 31 48 22 92 26 13 26 26 39 8 27 24 64 37 94 98 83 0 97 4 56 4 38 10 18 58 9 31 44 8 33 47 84 73 11 94 79 58 37 73 80 98 11 97 86 69 17 70 48 36 72 91 88 51 95 65 84 20 100 58 36 47 31 83 99 41 39 87 42 86 70 14 97 96 9 35 64 25 84 30 51 59 57 93 43 94 99 38 37 12 36 67 75 64 10 71 36 17 52 18 11 65 25 45 97 88 7 91 29 30 94 43 64 8 67 22 28 46 8 44 12 60 50 83 62 10 29 29 83 43 23 52 40 82 26 92 54 63 0 34 9 64 38 99 63 24 100 98 9 11 37 44 20 62 29 81 24 48 6 2 95 34 100 28 30 99 8 60 54 92 96 7 25 74 98 92 43 89 32 49 94 8 15 28 95 51 22 38 59 35 53 84 69 8 85 82 47 10 47 28 26 36 45 62 89 68 9 24 42 75 59 80 28 98 8 11 95 36 82 94 3 45 34 2 30 29 8 12 58 87 23 72 30 27 74 81 11 17 69 87 40 56 26 25 60 33 22 36 29 49 75 41 20 72 15 48 74 16 75 23 80 64 44 87 34 39 34 64 81 88 90 17 42 99 93 0 66 28 96
55 98 88 62 9 84 86 20 96 69 63 9 87 83 95 15 3 61 41 6 81 9 87 54 67 47 21 100 41 55 91 22 21 83 21 50 8 64 91 64 32 48 61 47 66 92 2 41 47 42 93 11 0 81 84 57 75 22 45 2 83 42 31 48 45 30 64 35 61 36 51 37 58 30 69 83 79 66 8 100 78 50 28 100 60 68 5 74 90 24 59 83 0 16 10 14 15 58 49 86 7 24 20 92 95 71 37 23 10 73 79 12 78 92 43 33 5 0 57 13 40 16 0 2 90 70 37 88 1 48 70 46 29 44 4 49 44 67 23 20 13 66 54 23 46 80 86 63 35 16 65 47 24 18 95 60 37 72 34 29 9 34 65 4 42 65 14 52 71 24 99 43 24 18 23 40 96 11 48 43 56 82 3 12 73 67 9 21 92 51 44 1 61 78 55 71 25 61 18 95 2 47 85 100 65 4 47 18 75 16 6 23 52 99 82 75 93 75 0 34 80 41 19 42 13 10 40 47 76 36 46 100 74 72 35 46 77 16 5 17 39 60 3 3 34 77 0 53 14 25 35 70 75 70 40 42 82 61 56 88 83 63 2 56 24 95 36 73 97 43 8 12 84 82 59 57 54 26 38 14 74 74 54 83 57 31 12 94 20 37 59 17 64 24 0 42 64 61 6 13 39 20 7 68 16 48 43 38 43 12 89 51 14 20 9 50 33 0 61 92 73 70 55 4 13 69 55 5 77 60 87 88 22 16 11 72 0 54 74 38 91 85 47 74 45 32 10 98 6 76 11 46 98 40 13 87 89 53 80 7 31 83 84 33 73 33 46 84 86 30 21 43 79 17 91 33 72 27 68 16 60 48 72 29 80 52 82 40 21 96 20 34 15 61 57 92 29 18 52 64
95 90 44 2 21 23 31 72 34 17 83 96 42 29 44 56 19 86 32 33 13 13 6 37 76 68 85 10 97 99 46 51 74 42 70 27 83 51 54 98 93 25 46 61 10 6 10 95 7 27 2 90 69 63 4 21 29 86 46 43 62 52 2 87 37 12 67 71 86 32 70 74 70 93 74 5 48 37 19 75 15 35 15 48 19 36 12 89 41 39 54 42 7 16 62 78 89 51 55 91 83 88 77 30 95 60 11 2 29 25 66 97 5 29 100 57 80 69 48 16 55 44 16 61 47 77 74 39 64 90 85 25 56 44 12 24 48 2 34 5 97 76 4 76 18 79 15 26 19 5 30 20 52 10 65 22 91 62 17 2 23 43 25 50 18 66 53 38 50 62 29 67 28 84 91 32 55 62 94 20 30 49 97 3 92 85 17 57 7 25 50 93 74 96 34 67 80 81 51 27 93 40 6 28 4 45 68 89 8 87 96 44 88 40 97 56 2 82 80 34 38 9 67 54 91 78 89 18 89 49 35 63 44 82 9 71 87 74 99 67 87 41 74 25 14 92 60 31 91 79 22 5 84 59 35 15 79 29 15 60 49 77 100 9 72 33 69 50 49 84 31 65 54 51 74 78 85 42 10 72 31 27 52 96 29 44 97 97 5 58 10 84 65 95 56 51 74 9 22 23 43 67 98 56 72 92 84 63 3 20 4 89 65 56 37 42 56 56 34 35 11 3 2 33 70 69 15 4 8 90 74 82 51 66 8 90 49 1 21 76 31 60 54 26 61 96 96 32 84 11 62 71 52 24 40 18 31 48 62 76 13 68 31 20 9 29 49 37 35 50 80 24 46 17 57 68 74 32 83 62 8 73 91 24 10 68 14 16 76 76 65 40 67 58 61 37 33 10 88 82
22 90 86 23 63 22 15 19 61 40 92 52 97 78 58 75 100 98 65 20 95 37 91 89 38 41 55 78 59 97 54 32 33 51 4 47 86 48 98 5 67 56 46 29 94 88 54 65 38 77 76 4 4 61 97 54 65 6 6 99 10 93 4 23 36 27 31 90 49 5 15 96 64 70 94 71 9 59 35 99 51 40 48 70 70 21 22 37 56 76 33 26 91 11 95 30 23 26 55 57 88 8 15 86 89 34 76 68 67 39 72 9 42 69 9 59 89 82 93 75 31 58 42 53 26 49 30 9 100 21 24 1 62 73 9 79 100 10 2 52 55 38 67 71 4 57 66 1 94 95 69 97 90 32 85 46 87 76 33 72 4 3 33 45 69 53 5 36 32 77 97 98 0 54 50 100 5 69 46 33 80 9 78 82 76 68 62 97 11 97 63 94 0 24 3 81 80 60 75 29 87 45 3 59 92 98 70 6 86 72 14 4 6 3 50 90 93 92 54 61 1 49 58 7 77 53 25 0 4 82 2 90 94 59 27 59 100 92 70 76 32 56 36 42 35 30 10 28 64 12 65 30 43 64 53 8 95 84 91 39 94 2 0 34 53 33 83 79 63 46 24 43 12 29 64 100 93 24 87 44 44 63 73 73 73 58 3 63 61 22 11 62 82 81 45 84 14 72 34 9 18 4 64 72 47 91 34 65 2 65 78 65 73 56 22 53 100 82 83 40 68 36 28 61 86 58 53 95 98 62 27 22 20 68 55 54 23 81 53 0 52 37 12 28 34 97 61 34 44 64 76 88 98 11 28 94 98 59 69 54 22 84 95 77 0 41 85 71 50 58 71 70 56 50 80 94 56 13 30 26 13 57 95 77 10 46 32 12 73 61 92 31 2 8 3 70 92 63 67 92
99 24 13 1 38 75 9 68 71 92 36 60 47 28 33 12 24 28 80 94 21 86 53 65 58 56 100 38 37 64 65 1 85 34 95 93 13 92 92 6 77 87 66 81 7 41 94 9 10 25 4 72 44 82 48 62 25 93 92 73 35 45 59 50 71 19 59 53 63 91 0 42 30 18 46 19 45 79 10 55 98 2 20 17 88 38 0 15 86 99 99 36 86 54 59 5 36 26 84 26 69 87 33 36 68 91 84 24 39 50 93 63 76 63 38 94 8 72 33 23 41 96 76 62 64 39 28 55 83 93 35 51 77 79 79 24 38 94 39 19 52 2 76 80 48 71 21 55 28 97 13 83 8 81 48 44 30 33 2 67 5 54 89 58 98 95 45 49 97 13 41 16 19 54 70 62 94 81 80 22 3 71 21 16 86 6 25 26 54 73 60 1 96 3 50 98 19 5 89 10 48 93 70 56 88 32 21 34 18 31 94 81 35 42 99 24 89 53 54 100 61 61 1 55 22 64 77 68 12 25 47 94 84 77 17 13 84 89 65 53 35 89 80 56 46 85 59 6 99 94 99 81 18 32 31 34 90 84 53 75 4 73 88 24 61 49 94 87 16 93 96 65 57 49 83 40 90 28 15 60 69 79 11 70 26 56 13 65 60 77 87 4 81 67 81 62 32 81 41 39 51 97 22 59 21 60 65 90 8 99 44 33 84 100 13 13 60 10 9 15 34 29 18 67 19 79 93 90 84 79 65 70 40 4 50 22 88 27 23 32 61 21 14 99 71 54 28 69 88 59 16 8 18 72 96 56 95 66 42 91 75 77 42 93 66 1 5 21 87 57 23 30 44 30 5 75 42 90 7 95 58 11 39 28 11 56 86 39 25 17 93 84 10 4 36 98 68 41 53 23
84 56 21 61 79 77 67 82 40 90 44 46 78 65 29 14 58 96 36 72 7 63 19 53 54 46 53 12 67 19 100 41 12 28 58 33 19 67 98 1 0 74 92 85 38 45 27 72 94 39 61 58 3 30 71 77 1 46 24 5 21 29 98 49 30 66 16 78 92 49 78 92 48 76 35 13 42 83 27 91 42 100 77 74 87 21 55 16 73 70 74 90 56 70 95 15 81 21 27 53 92 68 93 28 39 96 89 22 24 84 97 97 91 65 69 75 74 14 52 49 25 13 81 22 4 35 16 80 75 30 85 32 27 45 69 59 97 5 29 41 44 33 39 34 37 49 17 74 0 26 96 60 20 69 12 57 13 54 15 54 94 83 91 54 74 8 45 72 95 39 5 62 56 83 30 82 41 32 96 96 43 8 96 47 3 23 94 12 32 97 10 7 13 81 81 23 78 71 65 71 75 4 78 82 50 54 36 64 55 12 35 90 33 21 18 40 53 69 1 45 56 20 2 70 46 52 73 84 87 15 49 42 91 68 28 95 98 98 77 34 26 95 96 87 48 62 5 39 4 65 87 23 96 83 72 92 10 8 57 57 57 71 12 78 98 47 28 51 75 26 61 85 55 69 60 14 36 72 9 29 28 10 40 15 32 49 29 60 6 49 99 58 61 93 11 86 39 73 40 93 79 14 38 0 25 43 32 57 89 1 77 36 79 24 14 90 42 57 68 94 19 88 14 46 70 70 74 88 80 81 19 65 31 85 40 76 51 53 21 79 25 95 78 62 78 21 85 93 79 96 41 30 56 53 25 27 90 45 27 29 89 69 32 59 45 11 74 86 47 89 23 55 55 25 67 89 58 40 98 19 49 7 29 33 58 86 53 12 50 48 12 50 58 7 67 91 49 64 34 7
1 75 27 42 70 15 58 8 21 64 22 0 10 25 1 69 21 0 20 5 77 0 34 85 95 78 78 68 32 18 54 68 14 93 42 44 85 10 34 96 81 51 49 10 14 41 16 74 53 52 36 18 57 36 31 3 29 82 33 68 60 100 56 0 66 22 4 75 62 83 46 80 12 97 29 23 88 86 45 78 46 88 71 91 88 43 56 5 48 57 85 25 38 29 77 1 94 2 25 99 67 100 78 26 49 18 5 65 99 10 37 14 97 98 55 58 96 9 36 36 40 50 37 14 4 100 98 9 100 1 64 27 31 19 2 53 94 11 81 76 63 34 32 100 44 2 84 61 92 77 3 3 48 67 91 73 54 95 28 87 88 27 79 99 12 72 68 11 57 81 56 42 70 22 67 81 77 53 62 100 27 53 95 16 21 19 46 87 16 82 40 16 47 94 9 10 28 51 46 89 11 62 42 31 86 56 71 98 35 30 20 79 6 55 64 98 8 87 58 36 34 100 11 96 72 29 75 52 6 3 42 48 28 60 39 93 3 33 65 28 4 23 64 22 41 86 50 68 29 4 20 50 59 71 11 77 77 37 88 72 46 91 30 12 88 37 76 85 60 92 12 97 82 81 39 36 22 32 86 69 2 55 34 41 48 64 38 39 69 100 41 78 89 96 42 66 61 66 78 90 64 71 90 90 24 38 60 22 85 44 55 60 26 62 42 96 37 85 85 88 6 75 26 31 24 34 60 63 69 12 37 87 31 0 22 24 97 23 15 50 79 44 20 31 49 72 7 11 75 34 46 41 32 57 27 71 89 14 47 26 59 53 45 46 94 3 58 82 11 34 14 97 8 81 29 30 87 26 48 3 50 89 93 91 33 63 93 37 0 75 5 70 17 90 70 50 32 15 8 45
46 88 68 19 43 45 81 8 45 48 46 86 76 30 87 8 90 61 57 78 49 17 76 24 58 56 50 57 80 92 57 50 57 10 46 13 69 90 87 35 43 66 55 30 24 7 100 15 71 29 4 44 6 10 73 29 34 43 59 12 53 54 7 53 99 42 82 21 63 60 43 100 28 72 34 91 65 55 41 25 0 18 84 69 78 23 78 1 5 64 83 76 48 58 78 3 30 43 99 93 42 40 66 1 7 72 20 35 83 37 71 35 63 7 10 6 26 57 26 24 34 94 88 12 82 41 34 0 95 67 55 29 60 40 22 98 43 91 46 33 83 95 60 40 71 39 32 71 57 74 67 45 12 100 20 93 58 37 9 70 28 84 41 56 3 93 53 95 71 5 21 53 10 32 26 54 87 91 63 43 66 57 94 32 50 14 99 32 11 21 65 77 51 55 92 15 45 38 74 6 80 24 65 56 43 87 83 29 58 69 61 17 73 67 96 0 46 11 66 41 87 52 21 89 7 17 30 56 28 17 66 9 97 80 13 81 31 81 27 55 14 83 16 69 34 32 76 97 49 42 24 49 0 78 0 66 89 25 14 75 45 6 31 15 83 19 72 85 83 95 18 27 6 39 75 49 14 56 2 2 31 33 60 47 91 65 44 36 77 74 58 14 59 47 67 35 0 60 17 39 83 89 8 0 69 11 93 89 65 19 68 21 45 68 75 74 5 98 26 5 13 70 95 39 2 3 32 74 96 94 66 43 64 10 93 70 65 37 95 24 37 87 23 53 7 20 14 63 98 82 63 25 14 69 26 14 77 23 16 19 52 15 90 49 12 42 1 1 44 14 47 69 45 29 11 62 7 84 62 56 81 29 94 66 73 69 36 88 14 62 24 34 33 93 57 55 20 40 34 4
76 82 56 21 75 71 88 78 12 1 61 46 0 8 23 73 51 4 55 58 55 8 99 73 34 62 52 44 5 23 87 83 16 16 13 85 88 30 97 30 97 76 34 34 12 92 30 27 98 13 52 73 65 94 15 93 68 42 3 68 46 49 76 66 42 20 73 54 35 43 40 22 61 36 68 56 59 49 60 98 77 85 28 67 8 5 99 62 35 24 99 78 61 78 99 26 26 82 12 19 97 58 60 9 93 88 27 36 57 62 56 48 35 79 25 17 67 62 21 40 87 37 23 99 81 82 80 74 49 71 71 30 49 56 52 56 55 45 36 88 9 97 15 35 7 19 5 16 27 97 75 7 90 77 36 95 97 54 11 61 69 33 100 20 47 81 43 81 82 8 67 1 17 55 57 34 1 45 39 37 89 56 73 82 7 26 20 76 72 13 62 50 24 2 90 93 53 66 49 47 79 90 25 43 6 34 82 69 26 50 9 3 91 1 66 4 12 4 62 14 86 60 25 9 89 83 0 42 14 71 89 91 26 14 77 44 87 100 91 93 51 86 14 100 12 62 26 3 73 10 45 12 33 44 84 38 43 69 14 63 50 49 7 97 42 17 44 73 89 48 26 49 54 7 9 31 42 18 51 26 64 56 46 1 6 0 97 18 14 97 15 28 59 53 1 2 22 90 82 44 53 77 2 11 62 59 95 50 64 78 52 16 50 87 58 42 32 78 76 54 6 44 0 63 85 56 14 26 39 71 40 78 95 58 78 57 38 22 90 21 70 76 23 38 33 36 30 97 55 60 32 55 43 51 30 49 73 77 6 40 41 14 21 0 31 28 65 35 35 96 61 1 82 19 34 86 60 15 20 25 6 63 50 9 15 4 10 35 98 50 37 0 96 58 89 95 89 97 43 24
16 38 68 31 62 57 33 50 49 95 85 73 87 34 15 40 80 48 29 82 70 31 17 64 26 60 38 40 18 42 72 81 44 85 65 99 41 6 48 16 6 78 6 83 83 22 65 79 52 100 70 89 61 66 0 83 64 46 44 5 88 37 80 46 56 32 87 20 8 21 47 74 72 36 10 64 12 92 12 7 30 58 47 48 1 64 57 31 73 77 15 90 98 20 0 41 59 9 96 76 36 9 72 9 74 60 78 15 40 82 50 38 42 8 14 73 96 22 97 27 96 31 95 53 10 71 25 86 61 64 24 64 11 35 79 45 96 73 40 83 52 95 48 20 46 77 3 83 93 35 25 49 87 62 3 23 94 60 11 65 54 72 24 32 31 35 63 35 26 15 76 38 86 64 97 54 20 79 45 29 68 91 63 23 56 90 64 62 28 47 63 41 40 94 2 98 68 76 17 62 29 62 70 35 13 43 47 2 4 73 40 2 95 99 4 62 8 7 31 86 64 80 53 46 43 38 32 42 71 12 56 89 15 37 41 7 57 49 4 5 80 33 45 98 7 11 76 14 28 51 99 63 66 17 28 22 25 66 83 80 24 35 62 4 77 50 18 89 16 0 92 98 97 27 66 76 12 73 85 86 72 37 23 59 99 52 64 65 47 9 31 61 17 70 82 33 65 22 65 47 98 21 26 16 27 95 64 15 18 52 74 70 24 53 83 60 27 0 96 25 75 13 82 43 53 57 45 44 10 11 21 77 69 23 63 81 52 86 47 5 78 23 92 57 6 6 28 25 92 63 22 67 97 10 76 14 84 11 76 5 78 90 98 38 24 2 100 66 100 12 82 31 26 27 43 92 41 38 76 17 63 56 10 41 24 75 8 56 69 6 68 73 6 56 27 35 64 9 87 92
15 55 46 86 9 12 1 68 28 15 70 37 43 41 54 48 2 33 98 39 74 49 32 7 43 98 32 41 63 79 17 97 33 81 69 47 51 22 22 29 11 83 58 23 24 64 87 77 16 55 30 72 50 54 40 58 0 48 36 31 5 52 95 57 78 75 57 8 58 53 44 72 56 23 56 79 13 92 22 48 22 100 62 52 17 1 34 8 35 40 85 0 42 27 44 37 21 27 38 82 79 83 39 38 12 11 56 83 86 31 95 38 39 69 65 73 2 83 93 7 73 55 36 16 69 30 21 62 83 74 28 80 28 0 35 37 82 20 74 30 51 96 66 81 85 75 94 61 53 40 60 11 79 5 9 49 33 99 87 9 11 54 56 28 0 85 16 32 10 64 93 60 61 63 71 72 94 89 82 17 17 25 80 19 41 40 61 68 14 93 90 5 70 97 20 59 32 69 6 100 30 48 89 17 80 97 96 46 20 8 39 49 58 81 46 35 19 7 37 43 39 91 48 39 52 10 94 28 9 96 79 33 49 19 8 5 17 77 47 50 19 9 64 98 28 60 11 24 84 94 74 75 1 92 28 72 16 62 15 76 34 98 98 42 38 44 53 32 42 94 74 91 52 4 15 33 8 63 69 12 34 42 77 45 77 25 59 38 49 52 80 14 25 5 78 94 2 24 51 88 59 100 64 33 74 30 2 56 92 38 16 99 61 7 31 81 56 86 73 5 30 63 6 31 67 66 25 35 91 91 54 6 52 57 59 17 92 94 16 44 13 35 67 42 80 60 49 8 46 17 73 57 80 23 13 60 25 43 66 55 14 28 30 42 1 42 60 44 96 71 88 64 26 3 78 100 59 22 83 16 6 1 84 31 26 95 93 59 16 79 79 19 9 53 43 92 97 9 38 42
76 83 96 64 38 3 6 0 34 28 18 50 35 77 31 81 90 28 47 77 57 31 47 70 33 72 88 13 77 72 27 45 26 73 67 34 54 33 14 100 25 36 37 56 16 62 37 47 68 49 67 75 72 17 71 76 59 35 69 2 2 1 72 39 95 4 50 41 38 0 75 3 0 37 0 55 21 48 84 76 6 65 5 53 2 32 61 96 71 23 26 7 30 60 94 24 84 27 65 79 77 25 56 31 8 80 28 81 72 49 76 93 17 35 42 13 31 33 60 56 47 50 37 0 81 89 40 64 8 98 81 21 70 72 33 87 78 84 4 39 45 46 17 65 13 57 48 6 98 26 21 96 72 36 43 63 83 37 17 42 1 77 75 33 82 14 1 99 53 28 79 73 55 71 16 75 20 67 65 17 85 1 97 73 84 93 30 68 1 10 64 38 93 59 71 47 20 60 37 86 70 28 24 42 95 67 28 71 32 18 78 15 13 99 48 42 7 57 97 32 28 85 8 96 63 1 36 57 86 89 92 54 59 46 86 46 67 84 14 61 16 20 34 43 4 91 40 58 75 100 79 32 32 55 74 62 26 1 12 84 82 67 79 34 58 36 9 14 72 88 29 27 96 20 100 5 80 61 28 30 0 37 69 77 97 59 98 50 1 79 12 47 56 70 49 95 47 26 78 82 73 68 19 42 37 70 63 42 7 35 79 79 75 18 61 74 79 10 75 23 1 83 39 9 85 91 56 22 51 39 71 49 30 51 75 87 78 4 48 96 67 62 32 11 52 2 46 28 28 11 98 31 2 71 55 30 25 82 70 86 30 58 24 50 54 0 81 9 47 70 37 67 75 80 0 39 39 92 40 13 54 93 67 8 52 69 42 40 71 35 14 92 68 80 89 22 2 45 2 8
22 67 34 32 41 98 70 34 97 49 89 90 87 69 69 94 22 81 38 17 63 30 88 12 59 19 16 46 91 84 19 26 63 15 91 60 68 43 58 34 31 26 5 16 22 53 7 19 22 22 64 79 90 22 30 59 25 16 59 80 62 49 82 35 34 22 99 62 58 41 94 55 32 48 63 94 65 72 76 5 45 87 17 66 60 75 95 23 75 91 47 47 93 86 24 64 61 86 4 2 50 31 49 56 11 59 8 61 39 40 80 92 21 84 85 38 52 72 93 73 99 55 50 46 2 76 100 1 22 1 88 21 79 62 47 62 87 73 49 35 100 18 50 3 2 30 48 72 15 75 2 14 73 63 21 49 69 23 50 63 45 35 79 71 14 40 49 63 82 97 28 34 38 79 37 58 34 83 16 3 30 28 0 36 92 1 92 85 82 81 86 23 7 76 1 92 53 3 50 60 4 13 35 11 3 29 40 21 18 80 23 17 44 16 72 63 73 46 53 77 40 10 27 42 70 64 25 44 28 1 37 52 19 3 79 71 84 45 46 87 97 57 38 55 90 2 51 56 70 0 42 13 70 6 91 72 94 91 25 43 42 86 30 91 27 17 38 90 58 24 58 88 87 4 59 75 6 76 3 4 96 84 25 35 86 7 55 35 78 76 66 4 3 30 86 62 23 60 51 93 68 76 7 74 42 8 4 93 45 96 22 51 76 57 48 6 3 60 37 79 54 28 35 65 41 77 39 54 36 85 20 7 92 38 83 31 97 47 61 63 95 33 35 9 90 96 26 46 15 1 20 95 73 7 80 21 46 25 17 73 23 6 29 11 96 29 34 82 42 21 55 91 57 91 62 59 91 20 2 34 30 68 78 8 39 4 60 76 85 22 36 53 16 17 85 41 12 3 63 13
43 0 86 60 66 47 55 24 28 11 36 75 53 95 86 49 89 2 24 34 6 48 44 88 64 35 10 34 39 62 10 81 9 73 62 33 42 65 67 66 1 11 14 81 65 8 69 30 97 85 66 3 82 100 54 12 92 44 95 66 14 31 87 5 71 66 65 72 20 17 41 4 33 99 25 51 30 94 73 76 54 43 77 25 15 45 38 53 92 48 18 15 83 21 74 31 3 11 43 3 58 76 11 100 46 42 93 34 57 81 27 47 96 6 2 95 36 99 21 56 53 18 16 92 93 88 1 63 28 69 8 72 57 19 97 83 47 91 45 86 85 24 3 59 63 1 82 59 78 85 43 33 95 89 86 60 39 73 99 53 78 17 41 18 11 40 37 42 25 12 10 92 9 90 38 46 31 8 49 64 50 83 49 69 98 30 59 47 9 31 77 26 24 98 39 48 9 14 84 4 47 29 33 64 8 62 3 83 82 24 40 0 25 99 40 14 99 83 76 19 88 19 75 37 97 61 84 87 56 63 71 9 95 86 17 0 57 3 45 10 61 22 8 6 26 92 0 29 13 42 16 74 95 30 9 41 2 76 96 48 10 14 25 89 6 75 95 75 23 48 72 81 25 58 8 68 43 87 95 71 67 91 60 95 88 65 79 83 0 2 3 84 75 7 34 14 71 61 6 88 13 78 41 57 60 91 2 28 98 67 46 7 10 92 14 19 11 13 11 58 0 4 94 93 70 33 46 33 63 35 28 49 54 19 68 35 48 0 25 21 60 34 98 7 34 15 31 13 35 45 97 49 69 41 26 29 4 52 58 3 19 82 77 90 92 23 99 6 15 41 24 73 67 82 8 16 63 45 90 51 60 53 26 81 30 73 68 63 64 50 23 98 98 69 52 40 54 43 52 67
37 38 55 65 61 46 63 10 38 19 80 53 99 83 58 59 24 26 29 80 42 54 45 89 51 80 30 78 58 13 85 65 68 80 19 73 58 77 14 39 87 15 33 97 9 16 27 70 60 57 7 0 47 38 88 21 41 54 18 35 32 44 14 18 79 38 22 24 77 92 9 50 2 89 90 73 81 58 53 94 99 85 88 27 88 87 10 29 27 88 52 82 5 45 19 12 38 60 90 51 79 28 78 92 41 22 81 4 56 8 13 61 92 30 88 1 14 15 32 22 2 28 86 11 54 35 72 28 43 57 53 43 33 54 9 65 17 8 61 31 15 62 58 47 28 59 73 84 23 31 31 13 62 8 7 80 2 43 5 4 21 0 84 22 66 88 51 96 0 7 4 19 33 78 74 76 100 9 25 12 75 66 32 99 28 3 74 43 97 68 79 43 48 65 28 77 58 43 38 0 4 37 54 66 28 13 92 25 33 38 48 45 80 90 63 90 9 33 39 70 36 54 91 43 25 64 56 86 97 95 87 70 5 23 1 11 51 96 41 4 87 71 66 2 9 79 98 40 39 90 29 20 89 64 10 37 5 90 56 69 95 79 32 46 50 13 10 13 100 15 73 85 90 77 14 81 50 13 73 41 6 53 73 28 44 65 28 79 93 43 40 10 30 97 38 8 58 89 35 9 54 37 70 14 36 6 83 82 93 47 23 45 1 34 32 8 94 37 3 11 76 34 57 74 21 96 54 76 59 52 83 100 0 78 59 65 90 50 79 17 82 94 0 11 6 56 40 76 5 71 91 88 66 59 53 87 67 87 13 18 100 87 36 94 69 21 60 62 84 76 57 1 12 33 3 59 23 56 84 63 86 95 22 2 1 45 60 99 33 6 61 22 69 92 6 25 46 26 16 41
46 87 92 66 84 31 98 15 31 93 49 14 51 14 74 71 74 98 53 48 44 81 63 43 32 71 2 93 59 54 70 78 17 10 35 99 13 26 30 88 4 42 55 13 54 16 27 28 1 22 65 37 60 12 43 3 26 3 57 26 82 51 17 63 50 65 53 87 26 30 83 64 69 5 21 49 91 58 25 77 56 56 89 88 95 61 19 24 34 62 31 9 84 83 40 15 50 4 89 91 13 16 53 85 15 59 72 38 43 5 83 74 64 18 51 50 100 95 78 21 90 13 40 77 45 41 38 80 65 40 5 22 61 42 77 99 61 38 35 69 6 80 65 38 61 44 45 13 15 76 97 63 85 78 78 22 20 42 74 100 72 62 30 63 4 99 80 64 70 94 29 1 85 9 84 18 78 50 5 70 31 21 34 71 2 87 69 42 30 14 6 72 5 61 29 46 9 53 93 66 79 0 5 20 44 41 0 21 96 91 78 42 41 11 70 91 18 80 21 0 29 90 49 70 70 3 7 6 19 60 68 19 15 51 91 65 17 50 22 12 35 11 74 39 24 77 89 7 80 65 75 57 91 1 30 89 3 84 8 55 42 26 20 97 10 84 41 35 28 75 30 85 47 25 16 82 16 36 74 57 12 13 41 24 57 68 26 34 39 86 58 32 57 40 68 13 38 28 43 50 72 26 99 53 25 66 39 12 43 8 21 98 59 51 77 36 79 37 77 46 60 20 43 100 24 6 78 87 69 93 2 47 94 62 62 84 20 67 59 76 1 37 45 43 56 55 71 34 27 78 5 71 0 50 70 30 4 30 77 17 57 66 84 79 97 33 46 98 21 2 42 58 66 11 26 97 1 33 2 47 15 26 52 15 77 88 19 61 71 78 71 70 59 61 9 54 58 17 48 16
29 15 64 20 36 54 27 55 24 68 64 1 35 11 48 37 18 60 3 71 78 87 87 63 96 97 95 90 77 20 39 23 22 71 9 42 33 19 19 21 78 88 12 89 53 20 8 83 2 66 61 66 3 0 68 26 42 21 52 1 75 25 22 25 84 11 23 44 6 78 61 34 44 86 13 32 19 25 85 10 30 79 11 92 90 93 42 29 32 56 43 10 62 56 54 27 12 65 67 90 36 86 25 70 23 65 30 40 94 17 5 73 36 10 20 67 93 43 30 7 41 67 63 40 71 71 88 71 5 58 19 30 95 75 66 62 40 91 80 37 54 33 98 65 15 23 59 89 13 89 31 72 37 5 81 31 27 62 78 17 52 23 100 7 16 1 19 11 24 94 86 17 97 21 50 26 93 52 58 2 64 39 13 36 36 65 81 100 32 87 45 29 47 68 6 90 77 8 46 1 20 2 30 57 6 38 65 18 98 63 25 30 49 11 57 47 83 11 68 47 41 34 50 60 16 48 81 43 10 70 39 45 56 88 97 3 22 54 82 54 50 2 23 38 80 22 52 9 71 3 19 80 69 50 24 76 89 96 70 29 16 52 17 74 68 71 51 28 31 11 30 17 54 39 10 9 83 54 21 44 40 42 73 32 93 96 16 36 11 15 77 80 16 27 15 24 19 88 80 22 20 100 24 43 0 9 15 54 4 62 79 15 99 8 41 64 57 2 18 87 24 25 55 40 50 36 28 55 17 97 64 53 83 81 35 38 41 90 23 1 85 2 63 89 46 19 23 94 26 52 68 98 8 2 64 5 61 65 65 73 31 7 86 32 86 38 0 31 33 81 54 99 70 82 27 30 48 86 26 30 58 99 55 47 27 90 42 41 72 36 0 50 23 72 39 3 55 63 92 59
88 89 36 85 54 34 76 2 61 66 74 50 50 16 74 97 34 100 43 22 90 97 92 58 58 56 33 37 99 66 8 80 89 52 85 48 93 100 14 90 83 7 83 51 72 49 64 78 33 14 62 17 38 41 72 51 40 65 18 80 13 67 13 49 4 53 30 92 75 29 61 50 91 21 8 98 46 60 8 61 7 14 16 82 66 60 53 0 49 2 26 7 11 2 64 72 21 30 16 25 53 60 16 42 44 33 75 41 53 43 24 53 82 21 64 78 99 77 82 98 42 45 78 1 42 81 58 21 96 86 22 67 87 25 24 77 15 40 47 69 72 3 92 31 41 22 71 73 47 37 7 12 27 4 99 83 3 97 40 27 3 100 68 43 42 6 70 11 46 17 4 60 99 48 71 73 10 49 58 7 44 27 56 48 53 36 82 17 72 90 59 35 14 51 3 52 68 23 28 95 17 49 98 46 49 30 53 27 22 27 61 39 8 73 50 2 54 52 12 99 55 27 29 40 17 16 20 73 36 57 5 86 47 76 100 70 90 41 52 25 40 99 59 82 46 44 89 17 40 96 40 96 70 41 46 93 79 12 37 99 83 60 79 97 62 57 14 93 40 74 33 81 42 19 83 77 98 40 61 9 22 18 93 42 91 50 43 2 36 94 62 11 76 41 43 11 39 52 51 99 52 87 35 53 1 73 34 92 94 84 30 49 0 77 87 82 66 3 99 94 35 8 92 44 58 5 57 10 98 5 10 80 91 10 1 96 39 94 37 69 50 63 67 68 12 83 35 25 59 69 13 94 65 27 82 82 41 63 67 65 5 80 58 22 13 60 30 54 97 20 74 60 24 56 50 43 30 85 82 94 74 59 74 27 17 16 17 93 87 6 75 15 46 81 21 78 91 28 95 56
54 41 78 42 19 19 16 83 35 80 92 29 96 98 42 17 73 97 64 88 29 70 60 26 24 9 62 71 85 20 13 81 98 82 35 59 53 75 86 14 50 82 21 10 7 6 26 80 17 39 63 46 61 79 5 61 3 82 40 78 19 63 43 17 61 27 28 39 24 6 61 38 22 87 36 52 25 24 41 70 86 29 33 15 20 87 26 68 86 25 23 80 21 68 53 23 52 19 54 17 56 19 12 68 47 42 97 9 99 5 67 79 53 6 85 78 46 63 7 58 38 97 44 74 15 55 9 61 49 100 37 38 19 54 74 10 82 89 16 85 8 62 0 45 78 5 97 83 57 38 79 3 55 7 48 29 22 16 48 11 34 41 60 40 57 19 16 82 30 77 44 24 92 8 25 34 93 5 29 82 75 82 4 13 65 0 80 26 21 13 59 21 85 19 66 68 82 84 6 3 27 58 48 56 92 75 35 82 86 41 37 22 44 94 9 89 53 22 2 69 68 22 37 67 7 7 22 43 25 100 83 63 92 28 33 95 80 36 27 9 90 76 24 98 98 37 74 57 76 63 81 9 67 77 7 67 41 35 9 16 61 91 26 28 29 48 52 60 59 33 69 52 23 51 5 2 81 1 33 24 38 99 26 99 100 76 88 99 43 26 8 13 53 19 24 75 13 20 9 17 96 73 20 24 95 0 71 26 80 18 90 68 0 64 8 7 2 13 25 3 52 74 90 6 2 100 27 68 54 91 89 92 79 52 62 1 19 34 0 81 49 34 67 79 49 10 20 40 46 57 33 90 17 67 95 54 40 57 27 33 0 54 36 31 1 7 28 90 30 31 35 35 8 14 17 10 1 15 7 20 99 10 54 62 68 73 68 89 82 45 7 74 72 40 28 42 55 78 35 12
63 61 78 98 85 64 90 3 95 37 70 21 72 69 56 55 39 92 81 0 54 51 47 26 60 90 70 80 92 52 57 98 94 30 51 2 48 82 74 92 88 95 42 63 75 80 18 56 96 14 84 70 29 25 40 15 31 55 59 100 68 10 26 30 39 49 76 84 67 97 57 75 98 87 8 51 82 82 4 45 76 24 26 56 51 10 60 84 98 86 60 99 42 12 22 64 40 76 21 14 6 42 91 75 27 22 82 31 83 58 33 71 27 21 19 42 14 66 23 82 53 48 41 22 67 63 44 14 16 88 59 22 17 92 13 33 58 3 9 65 5 11 18 98 55 8 33 8 40 92 40 86 8 81 88 43 10 65 47 54 84 77 64 49 7 84 59 6 18 25 24 35 81 43 67 96 1 67 0 43 60 76 50 76 15 60 87 48 45 47 45 5 32 28 26 21 74 87 37 26 23 89 0 37 25 11 32 5 5 40 48 68 82 39 44 4 17 85 78 52 74 28 68 0 61 4 52 22 42 7 73 63 18 16 72 83 35 77 13 92 72 76 52 83 27 37 50 20 31 58 87 8 21 27 25 85 46 41 69 15 69 59 8 91 25 95 70 15 27 79 14 88 61 67 85 79 32 58 63 77 81 15 34 21 72 42 41 85 46 22 20 47 82 90 96 62 87 39 14 63 87 70 71 52 98 63 27 2 4 100 85 1 88 69 15 56 93 33 79 34 36 79 100 63 11 41 43 3 4 57 44 14 59 9 11 83 86 22 17 77 80 32 19 47 86 93 97 20 52 4 84 52 36 33 86 71 51 53 95 37 7 26 23 55 7 50 76 56 93 60 87 11 26 85 11 7 40 57 32 6 11 65 50 50 77 11 14 25 40 45 99 20 88 74 65 78 28 29 37 40
71 82 8 99 75 90 8 97 54 88 24 7 84 68 13 96 45 60 79 59 20 100 20 84 3 86 24 49 76 75 51 49 44 41 37 34 51 59 61 13 19 13 83 89 74 69 69 57 10 87 7 4 46 17 14 26 70 97 77 67 45 74 57 45 64 41 15 0 11 94 11 76 34 46 6 62 3 11 9 3 67 35 87 93 44 10 19 30 76 26 20 42 43 50 24 13 47 1 60 76 35 72 58 32 80 64 54 3 74 93 17 51 65 65 0 43 80 63 98 76 3 0 12 58 39 90 56 31 52 57 22 23 96 44 75 56 84 94 66 63 71 73 77 51 57 78 73 10 28 55 38 54 27 15 23 76 28 35 4 50 40 74 10 50 47 94 53 81 95 17 93 43 62 74 20 67 18 42 90 8 84 38 49 84 62 41 31 37 64 20 21 38 35 85 42 86 13 60 73 65 84 11 69 96 96 70 57 96 85 92 64 56 100 37 3 85 27 31 18 5 56 46 93 9 38 33 27 88 17 40 28 66 60 76 31 14 66 0 93 97 46 34 52 40 66 2 21 12 92 85 4 20 99 91 67 0 25 93 7 20 69 83 46 68 70 45 15 4 79 13 10 97 94 65 48 20 14 96 29 12 23 18 77 44 40 85 75 43 19 86 94 58 83 78 6 14 66 96 73 76 38 13 7 64 28 16 2 75 87 89 0 87 23 26 95 4 48 1 22 24 35 20 17 15 21 42 20 20 37 2 95 52 36 39 82 84 67 80 32 58 81 57 68 63 9 82 97 86 66 96 36 9 60 13 47 21 45 73 100 97 90 90 26 38 52 18 5 95 34 70 75 25 68 96 99 98 69 66 29 95 54 91 36 81 62 62 21 71 82 54 100 20 41 37 35 58 77 53 15 92
6 82 63 36 89 90 71 45 71 95 2 45 10 31 12 33 87 48 93 35 71 53 46 50 50 1 6 12 56 23 40 61 59 66 85 52 79 98 88 50 56 28 53 39 44 82 0 61 75 18 6 31 20 56 89 45 35 55 83 42 70 0 94 29 59 84 80 17 52 23 58 30 89 22 0 94 18 85 98 84 71 1 97 61 93 48 62 75 98 9 54 87 49 41 30 32 79 60 61 36 26 90 59 16 6 47 26 83 11 40 78 10 59 65 16 95 72 22 29 15 46 69 13 11 48 94 83 79 80 5 16 56 35 88 54 13 30 44 30 91 71 23 16 10 57 98 45 61 11 51 67 60 38 87 27 100 53 75 100 12 20 25 52 42 50 91 1 40 40 87 40 87 84 3 28 95 3 23 67 100 27 15 73 44 53 34 98 30 85 22 40 76 97 68 75 16 33 36 18 24 33 26 50 21 17 49 38 21 36 55 75 92 65 55 53 73 22 18 5 6 8 46 76 57 4 3 78 36 7 10 0 25 31 64 25 0 69 78 74 85 38 68 39 49 3 47 82 77 91 2 69 14 41 46 57 17 92 53 73 43 36 21 30 10 53 14 81 61 16 87 90 63 55 75 7 12 36 45 56 31 66 16 69 32 88 2 72 94 72 94 63 67 75 1 44 76 73 42 28 1 23 37 95 38 34 45 97 19 96 18 96 86 82 55 74 5 76 42 16 39 26 4 92 98 4 63 9 91 91 73 58 24 35 73 47 21 26 64 66 65 3 16 71 12 81 51 35 10 91 59 23 88 10 97 52 92 2 80 29 16 73 23 3 23 1 78 84 58 1 51 67 28 0 8 52 46 79 29 96 64 35 66 3 12 60 82 41 32 6 35 66 92 49 8 15 31 50 32 75 59
98 21 11 82 60 61 26 0 97 12 47 70 60 67 2 9 60 85 47 59 46 90 58 73 0 75 82 44 18 63 7 59 53 17 0 49 24 90 31 22 32 86 21 66 90 55 5 69 28 51 77 68 40 58 42 49 87 3 48 55 100 89 75 30 54 47 31 12 77 17 33 70 80 75 13 42 11 70 12 39 75 43 46 4 57 32 16 63 39 8 5 14 80 57 18 24 53 65 18 20 64 45 46 41 67 4 3 87 85 40 42 18 28 36 34 85 37 20 58 79 28 43 64 8 100 95 89 6 86 6 89 57 80 99 88 86 93 63 62 67 88 90 66 59 89 79 82 96 97 32 86 95 63 59 0 59 25 12 19 84 83 10 1 33 90 72 12 54 70 65 33 9 90 57 67 92 88 74 44 88 75 41 24 46 100 100 28 49 41 78 74 24 54 33 45 26 8 1 82 88 76 6 34 6 81 6 38 47 4 78 93 62 28 23 88 98 71 98 70 72 26 38 4 99 53 4 99 25 20 32 40 66 23 47 51 23 70 28 30 44 67 76 32 85 65 52 68 96 20 66 42 12 2 72 95 25 91 7 40 28 98 25 22 26 46 72 96 0 60 54 14 91 54 70 51 51 46 13 25 34 36 78 22 10 100 82 68 33 64 53 15 8 43 95 4 3 100 87 55 11 56 39 99 1 27 88 8 55 92 54 68 11 48 17 36 90 13 73 100 37 20 86 43 23 51 50 12 7 91 25 96 94 44 46 7 10 14 60 48 14 53 84 65 23 90 38 26 10 27 100 3 57 15 88 45 81 65 27 28 50 24 28 10 29 9 88 42 68 33 73 9 43 29 20 3 43 71 37 56 61 17 13 46 10 2 79 53 15 68 58 31 70 92 25 19 83 64 25 51 5
39 21 92 87 28 70 64 79 29 73 84 28 43 53 100 76 84 35 66 25 32 20 93 95 40 59 63 75 33 36 81 39 28 18 3 29 26 82 89 45 60 9 31 19 2 1 90 41 14 38 9 55 66 10 34 98 90 76 11 35 26 22 20 1 30 85 24 0 88 10 56 2 10 36 14 80 59 5 78 32 25 91 90 12 77 81 85 44 16 65 85 10 61 55 54 96 38 45 100 94 51 76 55 34 15 3 6 40 83 29 27 45 7 93 29 90 92 47 85 61 66 26 43 87 91 81 82 45 29 79 33 68 23 40 89 41 12 49 16 75 46 67 14 49 58 87 20 82 54 84 27 100 82 44 58 98 46 70 41 93 59 29 73 6 59 99 86 24 10 36 53 28 27 80 36 50 65 8 62 81 55 72 63 0 20 94 37 74 98 42 53 7 31 74 17 75 81 43 58 40 42 1 62 5 65 71 42 64 26 72 65 30 4 57 72 47 96 35 60 25 4 88 56 44 6 4 97 48 100 20 56 79 1 19 12 1 2 30 99 47 3 24 27 41 29 38 18 2 16 61 71 57 12 16 55 27 36 2 85 71 8 12 89 36 68 17 32 91 41 19 65 49 48 77 32 9 2 2 8 21 92 98 15 29 44 53 47 31 71 54 82 67 47 71 10 0 37 10 91 78 62 0 15 22 2 96 22 82 66 58 40 43 61 22 93 72 86 88 23 27 95 61 5 22 16 2 94 21 22 50 31 28 11 90 98 90 61 44 23 8 54 51 7 34 69 73 64 71 74 93 6 84 95 10 3 75 23 57 69 38 80 85 81 4 92 79 27 31 26 57 51 67 51 53 40 72 65 48 77 34 97 73 24 11 74 5 25 96 72 92 94 53 52 2 87 17 71 12 44 2
63 22 28 4 53 84 87 86 14 2 1 59 15 20 7 92 66 100 77 13 88 2 36 29 73 74 89 19 47 22 37 15 17 97 29 65 37 3 89 91 16 91 24 57 34 89 50 24 72 77 11 30 78 2 73 89 97 93 23 71 94 14 42 65 63 28 78 19 9 1 80 47 84 44 95 31 6 16 60 96 77 6 74 77 57 62 66 66 47 91 59 90 53 85 27 73 33 35 75 25 89 27 12 61 50 34 89 63 31 98 90 37 81 45 32 95 13 40 100 39 8 95 82 30 44 0 1 61 81 0 86 26 55 62 79 94 88 90 80 27 37 22 74 65 92 9 1 17 51 62 93 76 15 74 34 94 81 15 80 1 74 27 91 57 2 1 41 58 61 33 24 30 47 69 64 51 14 66 34 84 23 15 98 57 55 21 3 79 97 71 6 66 52 43 52 90 99 58 40 50 75 71 80 68 86 5 51 42 1 61 3 42 13 31 82 87 91 74 79 48 23 9 75 76 40 77 51 12 38 67 14 77 6 93 23 24 30 59 53 78 7 43 6 65 14 58 46 70 36 33 34 83 48 20 39 17 15 48 10 60 63 34 25 81 70 90 20 69 90 29 23 53 50 74 27 47 46 20 49 46 75 42 82 28 33 66 7 59 29 22 74 92 39 1 53 29 94 70 4 23 90 24 33 46 75 75 63 23 11 96 70 70 41 61 84 66 14 56 96 9 13 66 32 97 94 31 61 73 28 51 63 7 89 70 56 15 13 35 38 34 61 12 65 7 36 24 60 52 49 0 96 43 2 54 2 69 48 50 90 46 43 57 90 82 80 41 44 2 55 35 47 1 19 61 23 22 57 84 45 1 70 77 61 14 70 88 45 63 19 94 51 35 100 84 22 95 95 0 52 33
97 23 52 96 79 91 100 5 89 66 32 67 2 21 23 93 79 24 35 23 72 76 44 43 91 53 77 32 95 77 1 34 11 43 85 56 60 87 17 79 28 18 99 96 62 69 94 11 82 95 41 51 60 90 64 76 96 8 57 99 0 97 26 60 98 10 46 77 16 94 68 55 49 83 26 89 50 82 2 18 41 39 10 85 7 61 0 35 81 47 79 28 7 44 2 85 8 30 55 71 32 74 8 15 19 63 0 43 9 58 70 36 29 49 10 7 100 25 46 80 22 28 97 100 62 95 83 24 30 13 62 86 79 43 43 61 36 48 52 39 97 67 5 30 99 19 51 21 11 67 13 37 6 16 75 35 91 63 52 92 71 91 43 16 37 85 83 98 89 80 60 74 78 44 13 60 34 55 80 68 99 31 100 72 53 12 23 91 17 91 47 23 41 61 63 12 51 26 93 93 52 61 83 0 96 56 59 66 62 85 77 99 48 1 59 71 78 93 74 26 13 74 57 1 90 12 9 71 30 9 81 78 59 91 77 48 47 6 87 41 94 36 43 67 10 82 50 7 86 49 42 89 18 35 60 30 64 51 54 64 78 50 29 90 52 61 31 83 13 71 5 50 0 41 15 75 37 31 96 65 6 59 43 64 41 31 83 95 64 5 4 15 62 76 99 92 64 40 39 45 94 47 71 25 8 59 56 66 86 97 92 22 3 40 96 31 68 32 24 34 66 62 68 41 65 47 0 91 20 62 92 54 61 14 88 37 76 19 84 55 59 88 93 59 13 69 79 30 33 43 0 66 23 71 5 43 5 1 13 80 69 83 5 24 98 62 100 60 59 80 86 20 51 21 2 69 61 33 57 26 40 16 68 54 77 24 76 40 97 2 82 79 23 88 33 75 41 28 69 85
25 92 46 5 8 14 88 33 84 84 36 97 52 99 26 97 55 4 45 74 5 94 43 5 62 83 41 26 2 59 27 74 47 74 21 58 26 47 69 86 18 83 83 96 57 89 53 55 41 99 62 98 62 58 96 71 1 89 14 17 15 68 43 10 40 17 16 57 51 36 28 47 77 14 13 60 99 25 91 53 22 59 4 17 18 25 93 90 29 47 80 70 72 44 24 64 79 96 92 93 27 21 99 50 34 19 91 95 90 34 88 47 73 60 29 49 25 78 25 96 25 66 28 77 61 28 32 31 100 100 47 83 81 45 90 42 8 70 46 6 97 6 5 72 26 97 70 26 77 34 9 33 51 39 14 81 94 78 1 65 78 48 30 15 70 63 25 68 54 86 82 72 53 23 73 77 14 81 82 77 35 10 43 73 24 41 46 99 70 91 13 19 36 97 78 94 29 10 29 22 66 58 8 8 14 34 52 10 12 59 9 97 7 73 28 99 80 49 18 82 5 32 16 17 53 16 53 8 99 50 53 58 48 73 57 53 30 97 64 34 64 9 53 51 9 96 72 60 100 95 88 40 85 0 94 33 44 49 14 1 20 40 34 16 70 11 60 62 46 77 44 93 9 63 78 11 3 6 82 34 30 37 20 26 95 38 33 91 26 76 90 94 39 42 11 75 16 87 76 29 49 16 65 55 80 79 77 99 35 60 63 87 37 17 10 80 20 5 99 31 67 59 7 69 6 95 81 23 50 10 78 3 77 29 34 89 16 50 45 19 20 63 10 83 36 16 20 23 68 44 26 74 73 32 16 41 30 70 84 77 23 66 9 78 48 34 85 86 77 20 68 69 81 63 0 0 28 6 9 94 43 88 84 2 46 61 14 62 32 28 28 13 6 93 99 38 25 80 39 0
7 82 78 75 52 62 57 8 64 27 64 92 13 83 41 9 0 4 67 49 10 38 83 28 83 84 43 50 57 7 54 50 75 38 95 77 56 79 89 99 44 73 67 22 52 63 91 97 42 3 68 41 77 57 78 37 87 76 0 44 62 47 61 42 9 15 43 47 36 74 53 4 97 60 91 44 83 77 91 11 80 69 74 51 36 86 21 68 16 54 84 80 93 93 100 81 66 25 54 97 22 56 64 48 3 13 0 12 36 42 42 66 73 80 15 86 0 27 3 56 0 77 82 72 61 3 35 29 10 64 63 64 97 11 59 39 59 45 44 28 9 55 35 25 41 89 32 45 83 27 74 89 19 33 7 16 35 76 66 60 54 65 49 19 23 55 41 65 52 5 72 35 13 64 2 38 0 69 95 67 45 65 17 85 4 33 64 75 28 92 39 24 29 16 35 37 55 18 37 20 83 22 23 69 5 29 26 80 64 4 75 92 51 56 89 61 40 41 69 33 94 76 73 60 47 68 68 74 3 12 37 38 27 98 40 45 66 48 17 74 24 1 56 19 32 70 26 66 62 76 69 68 99 84 52 60 32 93 41 91 37 49 22 41 7 90 69 35 32 76 69 39 29 69 31 2 92 92 80 51 10 76 88 72 88 9 30 86 51 15 7 61 10 77 4 96 17 51 97 85 54 14 54 80 1 88 66 23 3 22 7 80 56 2 37 96 73 77 36 84 57 73 26 34 12 70 18 4 20 23 71 84 0 27 25 36 6 70 95 72 56 76 63 70 90 47 30 35 86 39 24 46 78 81 86 84 48 98 20 30 90 15 11 22 8 18 74 74 68 83 81 80 1 85 73 59 43 90 4 52 25 95 58 33 25 47 73 71 51 100 18 41 57 67 92 77 67 96 3 26
14 19 99 8 77 93 26 0 47 32 93 26 84 69 88 42 30 12 24 88 65 73 73 52 10 12 23 24 41 28 33 70 18 12 21 100 8 44 2 77 76 3 16 34 6 12 83 59 18 62 85 28 83 62 16 40 97 4 40 28 82 9 7 10 99 26 83 23 70 41 85 3 69 53 38 1 16 84 78 20 68 45 51 26 47 37 23 40 8 80 12 38 12 75 47 65 100 68 47 88 77 3 39 13 59 54 76 67 57 34 76 62 24 28 73 18 74 34 37 95 18 26 99 21 7 48 39 8 91 94 79 76 52 79 79 100 64 37 25 12 96 26 97 8 71 69 21 48 7 20 24 7 75 38 15 59 1 16 32 7 50 9 55 39 69 25 82 4 67 72 34 43 52 99 39 97 81 94 57 42 99 58 100 32 28 0 58 84 85 49 44 77 25 60 63 63 15 33 89 94 10 37 39 12 27 42 48 66 57 30 10 99 13 73 1 49 21 30 14 56 100 85 75 62 92 37 99 56 31 79 68 80 96 47 9 31 18 82 43 22 39 66 65 28 95 29 87 97 59 27 4 11 40 24 86 89 12 31 80 86 52 71 74 95 7 82 41 57 33 31 90 70 72 87 80 37 28 98 57 42 96 87 73 26 37 36 88 22 90 17 59 31 25 47 14 62 79 10 38 66 93 72 17 92 39 43 39 46 51 61 75 64 75 94 74 32 98 12 59 43 37 44 19 46 15 51 81 25 85 71 98 33 86 67 91 13 14 95 26 27 41 12 12 36 26 20 91 57 43 86 3 41 92 56 38 65 66 57 4 32 0 95 53 80 34 44 43 54 24 88 45 55 16 25 42 37 85 40 39 78 40 2 49 91 17 47 7 49 60 24 7 7 28 26 11 65 58 100 76 68
90 64 25 49 8 95 1 100 67 47 43 94 99 41 5 14 9 74 65 16 98 36 62 55 24 7 2 69 38 52 29 43 91 81 15 47 100 84 61 30 71 20 13 64 69 6 86 76 73 79 15 20 62 30 66 60 19 62 68 46 81 99 10 33 47 8 15 75 24 4 26 62 31 70 61 5 18 82 11 37 81 63 85 35 57 63 13 48 80 48 65 100 23 78 44 60 26 32 98 59 23 19 29 80 21 67 92 51 10 80 13 94 61 12 97 89 5 38 12 10 43 84 46 34 66 95 72 10 71 91 27 58 88 79 53 9 42 15 98 84 28 45 52 53 16 65 39 91 33 6 93 83 63 29 23 100 24 39 81 24 90 59 83 30 56 54 66 18 16 62 91 22 16 14 39 30 31 79 42 3 40 21 72 7 13 5 42 97 43 87 58 79 61 29 25 63 0 65 87 23 9 66 59 82 83 54 63 14 3 79 77 4 80 68 6 4 91 52 9 73 36 94 80 72 39 28 54 54 35 57 13 36 44 83 88 26 15 5 19 95 13 59 9 23 58 78 66 73 55 86 5 6 83 12 17 61 92 78 4 99 76 73 93 32 51 66 94 36 38 23 81 93 60 10 72 55 22 93 56 60 82 82 12 74 54 26 57 21 95 35 17 11 18 98 93 26 94 73 25 10 33 25 12 0 2 93 35 70 9 21 70 48 42 3 6 11 98 20 3 79 69 99 74 71 6 100 7 6 94 29 67 83 73 12 66 27 67 83 11 12 6 62 50 62 13 90 83 52 85 29 16 18 45 47 33 42 66 4 17 67 98 84 10 47 48 98 42 18 43 30 87 95 34 36 56 9 82 33 20 52 44 22 62 69 42 46 86 17 49 14 52 47 90 57 9 10 58 9 56 82
80 29 72 47 1 94 95 12 69 52 10 54 99 4 55 23 60 47 9 96 84 95 57 3 26 65 55 95 91 98 82 28 51 4 66 47 52 22 97 99 39 40 31 86 84 72 31 75 76 2 16 14 75 11 78 52 50 98 92 30 61 92 74 6 44 97 59 71 36 72 12 45 66 61 94 42 50 64 80 37 67 10 7 19 2 31 51 89 92 13 55 89 73 11 66 2 86 1 21 66 76 98 74 76 47 88 25 75 71 46 54 95 60 14 45 25 50 97 22 40 16 83 69 1 64 84 14 18 89 57 8 93 27 92 94 60 17 57 73 63 24 55 37 35 97 70 78 35 64 21 60 87 76 98 72 56 80 85 34 56 79 72 18 39 30 63 81 70 5 25 18 99 43 49 55 28 80 65 64 84 45 0 32 98 51 28 6 38 65 16 53 27 10 19 63 36 12 78 60 92 81 97 43 45 43 13 21 15 2 10 29 46 96 97 16 77 86 34 97 16 43 66 74 93 34 80 50 9 0 1 37 54 71 44 36 89 53 30 94 83 85 45 51 15 62 34 30 33 11 64 4 79 18 99 44 72 8 53 55 75 80 67 44 70 21 93 64 32 44 60 84 84 43 30 51 88 39 56 100 95 18 9 97 37 56 60 73 93 82 44 33 91 27 92 65 11 28 94 89 85 19 76 84 84 89 82 38 5 82 71 22 20 29 36 15 4 78 45 10 57 15 17 64 88 56 50 16 18 48 83 35 13 46 99 36 16 72 7 9 72 100 40 46 18 99 36 22 78 71 5 81 44 96 89 31 22 40 39 80 94 97 60 14 23 66 55 100 97 47 18 72 43 21 35 58 94 61 89 80 99 41 93 63 67 85 66 64 84 89 5 72 65 96 12 74 29 90 13 57 54
34 21 58 3 52 71 56 76 68 59 46 22 83 64 27 14 59 79 70 28 70 58 81 38 23 7 83 80 16 7 41 73 47 58 55 96 6 93 44 42 21 34 96 66 67 8 72 79 100 57 94 53 42 45 5 6 81 93 98 97 15 28 5 4 21 27 91 29 5 29 66 57 39 58 51 91 26 60 97 33 25 97 62 17 21 49 29 11 81 24 51 86 49 18 78 46 18 7 52 43 55 1 59 61 80 51 89 75 86 18 9 56 31 52 85 90 65 32 48 74 43 56 43 51 69 56 59 55 59 26 40 10 100 4 24 11 49 9 42 44 61 58 44 14 39 74 19 47 46 81 82 5 48 3 49 88 18 48 72 19 4 45 36 79 69 47 19 9 1 87 2 60 63 67 42 86 75 78 6 44 88 99 48 95 42 63 23 45 74 81 91 32 39 36 7 87 9 27 5 33 78 16 75 18 10 62 88 11 61 38 65 39 63 53 15 36 45 7 41 34 55 12 3 21 7 25 87 7 58 15 11 90 59 31 94 72 5 75 83 80 45 11 64 60 93 69 18 93 23 73 36 61 98 60 84 44 8 67 57 44 30 15 46 24 29 51 68 55 38 81 97 76 45 91 98 31 14 37 64 89 99 84 81 80 23 67 79 19 93 11 89 1 97 44 49 52 43 24 67 19 5 6 8 21 79 97 24 34 57 85 91 35 30 89 79 57 48 8 5 30 45 21 18 38 66 71 100 65 4 66 94 9 62 8 75 69 52 21 98 88 67 82 79 34 19 52 95 38 16 77 77 22 41 71 52 77 45 53 70 28 52 16 35 46 44 34 35 98 37 2 60 55 91 100 72 51 46 45 16 15 52 52 29 84 46 34 22 59 76 12 41 95 81 51 34 26 95 8 15 18
73 58 53 14 97 74 2 45 96 51 46 66 50 36 0 61 3 43 53 43 61 20 5 5 80 67 20 56 67 38 82 31 22 86 37 31 31 26 52 98 82 19 24 97 15 38 82 27 40 45 82 18 46 21 42 59 27 45 44 100 90 15 71 21 55 45 87 54 91 93 39 14 7 24 7 49 69 49 50 17 94 2 13 45 27 92 29 64 47 55 56 71 17 32 18 96 36 61 60 88 72 80 31 13 97 71 93 69 62 52 3 36 41 70 34 34 42 73 46 8 73 6 2 45 3 87 7 58 41 20 62 20 94 67 73 92 28 21 51 59 42 65 96 79 86 100 72 80 25 69 43 4 37 65 14 11 30 97 40 13 88 65 34 98 82 20 83 54 82 54 87 86 11 30 16 89 24 97 31 40 86 20 93 31 26 13 57 55 11 41 4 49 46 8 43 25 58 7 25 77 98 31 16 48 12 87 67 92 65 75 44 67 20 69 92 0 35 72 95 25 36 25 80 13 4 51 60 48 31 97 38 23 71 75 46 53 18 4 44 94 18 36 87 26 46 66 81 36 4 26 57 74 11 64 8 69 62 90 82 84 60 51 78 73 97 90 38 1 59 3 83 75 68 92 71 44 49 56 30 40 10 23 49 98 8 16 89 64 95 39 43 26 82 38 89 32 41 70 25 16 54 37 17 7 8 12 48 15 28 65 82 90 44 81 73 54 45 66 18 72 20 4 24 36 35 77 22 44 93 2 76 93 27 81 84 97 45 78 79 25 79 44 68 17 98 94 41 66 11 76 33 25 5 95 94 60 5 36 83 42 51 60 53 4 66 13 23 27 3 23 94 43 99 28 92 90 71 47 69 2 62 68 7 10 40 34 78 67 44 97 100 62 70 78 33 56 14 61 37 11
64 26 77 31 60 59 46 83 59 91 54 55 0 15 43 26 50 75 16 7 59 54 79 86 40 37 44 78 86 15 7 44 42 1 28 40 45 78 94 63 59 63 55 82 6 10 18 87 74 60 31 50 81 33 33 65 95 69 28 3 59 94 73 11 56 23 37 26 31 77 44 13 59 85 37 46 4 75 65 2 19 15 12 44 29 44 12 91 9 5 13 21 6 11 15 23 39 20 67 24 20 82 38 63 74 41 30 36 75 35 40 63 20 95 37 18 97 35 96 29 98 62 32 78 1 73 95 10 87 36 72 92 61 33 61 90 97 64 50 56 78 25 9 63 37 56 59 78 53 58 20 45 67 29 10 69 26 38 27 86 94 15 47 68 26 0 89 86 63 96 55 49 18 85 39 9 76 52 48 59 24 85 49 90 90 100 56 21 14 47 69 40 50 46 24 66 37 0 54 17 84 89 16 86 71 41 87 48 56 64 55 75 96 6 44 94 92 49 90 68 23 81 88 75 9 25 93 50 84 44 48 48 76 93 78 0 71 83 69 45 33 8 97 91 43 4 51 26 49 78 7 83 69 89 56 86 3 52 8 53 86 48 5 54 14 69 58 26 51 23 43 57 99 71 4 37 65 1 27 72 37 58 96 8 89 11 68 36 68 39 31 63 76 93 46 75 53 84 59 75 69 15 52 60 21 81 41 88 7 38 27 40 84 2 72 89 81 65 16 29 8 86 83 67 95 80 4 75 73 41 4 43 10 98 3 42 67 26 18 6 53 87 52 50 43 11 68 23 64 65 36 32 0 8 42 0 9 72 0 18 90 67 44 48 79 91 10 10 10 99 94 68 83 35 23 69 55 31 47 70 20 63 36 34 40 16 75 91 55 5 98 81 21 79 20 42 12 79 72 47
66 81 4 69 13 14 47 34 22 26 65 9 6 38 18 79 96 28 42 66 55 24 19 80 74 21 74 62 22 67 18 26 23 26 71 83 37 12 74 91 37 48 97 20 43 15 46 33 26 27 6 7 51 16 21 3 45 84 33 15 66 97 53 99 34 48 8 79 54 39 80 100 28 92 22 12 43 99 45 55 72 6 62 16 91 26 4 100 35 50 28 14 19 5 6 66 60 5 74 98 20 4 62 57 21 31 53 75 36 34 94 56 18 62 99 64 0 11 84 45 33 99 15 11 63 13 96 38 40 45 47 40 67 3 26 69 7 47 100 31 34 70 100 6 9 27 84 33 24 29 75 95 92 34 16 35 24 57 74 61 42 49 100 92 21 58 65 7 42 66 50 12 72 16 24 9 52 91 40 56 10 64 84 47 67 46 29 25 25 10 8 75 99 86 18 74 8 31 3 64 19 53 97 81 29 83 20 62 24 14 21 29 1 74 4 98 97 27 85 72 32 35 23 61 87 4 7 85 17 45 83 74 42 35 0 20 13 89 39 65 39 69 50 25 93 90 73 44 21 99 65 92 67 14 24 8 23 99 72 4 88 87 86 92 38 77 27 56 95 74 39 49 70 57 82 36 20 38 37 46 76 43 3 78 88 7 28 72 97 27 54 41 57 75 40 69 39 76 59 100 74 5 32 26 35 30 21 4 54 13 48 100 27 45 61 88 84 49 89 57 86 86 55 54 6 33 4 63 94 2 26 35 47 0 73 57 0 18 45 33 78 51 86 45 33 48 64 56 17 98 29 83 12 14 33 71 62 76 0 20 55 10 19 65 54 51 83 80 76 70 81 51 45 11 79 8 80 90 12 98 75 34 40 28 63 96 97 79 28 62 44 28 34 35 41 87 46 78 19 0
74 31 76 5 79 48 27 32 87 28 23 95 38 53 67 93 68 21 68 46 15 82 83 100 26 53 28 91 61 97 88 39 37 83 48 57 32 24 15 69 90 56 49 11 71 99 51 74 13 28 84 55 24 91 42 21 61 60 18 66 3 87 2 93 69 29 52 72 1 65 40 72 97 35 69 98 54 98 52 77 83 44 69 43 84 44 45 25 14 85 58 53 36 38 32 63 98 24 59 56 7 26 53 54 88 57 97 54 29 73 65 96 56 83 8 0 47 82 31 41 30 58 84 5 40 40 8 47 33 59 11 53 72 35 83 3 95 20 57 35 14 6 73 53 62 60 36 59 98 24 52 50 95 39 94 2 41 25 77 28 40 33 74 24 73 64 57 10 83 21 48 59 25 25 32 6 26 97 27 52 20 98 25 92 67 19 67 87 19 34 100 1 68 60 1 77 88 79 31 92 83 37 3 94 21 46 52 28 39 88 59 46 69 2 20 77 87 50 26 58 6 82 16 88 4 61 44 74 36 71 35 84 65 1 38 22 75 56 80 45 63 41 82 32 1 64 84 4 66 5 30 14 80 7 57 43 69 37 31 13 74 89 79 11 30 38 37 71 76 93 92 43 0 61 13 57 26 33 23 48 85 18 44 34 45 67 36 19 71 5 31 23 25 93 27 27 65 70 58 33 88 87 14 5 56 100 56 0 61 92 21 18 19 53 70 1 55 84 1 78 42 66 4 16 28 23 71 27 23 36 28 91 30 72 21 75 33 60 28 87 68 47 21 4 82 56 39 49 62 24 37 70 32 98 39 3 45 57 78 98 35 79 92 91 26 14 73 96 1 42 21 79 47 77 12 74 37 90 77 23 53 96 23 33 55 24 7 24 42 53 2 35 43 9 61 33 84 98 25 89
93 35 59 38 40 31 31 50 4 62 8 81 9 7 37 15 42 72 82 43 71 54 53 25 97 75 7 70 83 32 67 64 56 78 43 0 61 24 46 97 47 63 10 9 77 72 9 81 97 84 27 17 71 20 20 7 72 20 55 58 75 16 41 66 37 11 60 19 24 17 17 72 45 80 71 79 18 40 5 19 7 5 96 72 73 67 45 52 93 84 44 39 70 40 27 25 6 62 51 18 29 37 99 52 58 31 63 74 83 12 77 85 33 54 35 9 44 99 38 42 33 77 29 48 45 30 9 80 63 77 29 18 5 1 35 99 69 49 99 31 35 36 51 10 72 89 17 48 73 65 31 56 11 13 5 16 20 6 44 67 23 40 87 50 58 89 97 38 71 0 62 50 41 97 45 36 10 97 78 62 48 92 5 1 35 83 47 36 44 10 97 56 68 16 23 36 83 40 58 79 24 38 100 3 43 80 27 63 27 78 43 49 25 11 55 36 4 73 71 28 20 85 6 1 34 52 80 46 10 4 55 40 58 25 72 67 50 17 98 45 29 70 51 9 81 83 64 29 67 12 31 19 16 65 78 43 9 85 40 44 46 42 97 98 50 61 53 95 45 1 68 99 62 35 24 11 62 75 50 65 98 78 58 20 94 23 25 53 45 52 1 34 99 15 28 24 23 26 90 77 91 73 66 68 33 35 56 22 65 82 23 69 29 83 92 31 68 29 47 94 0 94 46 8 95 81 23 20 53 85 54 30 85 84 25 16 38 38 46 12 38 52 9 36 94 67 25 43 49 14 87 39 16 75 25 60 90 17 45 1 50 6 62 50 56 45 82 37 72 18 17 39 44 90 94 50 20 51 87 96 18 49 74 51 36 39 25 11 59 32 40 63 18 70 80 5 53 19 7 43
55 71 67 59 40 82 54 36 55 12 21 70 54 66 30 89 70 67 49 9 18 15 92 94 10 85 44 91 14 100 67 32 92 94 30 70 76 73 57 40 51 9 47 80 72 79 19 13 71 9 72 87 62 77 24 24 82 97 64 1 69 83 8 7 72 68 72 49 34 18 11 64 12 11 20 0 52 23 11 83 74 80 22 31 15 34 39 56 69 34 66 58 65 50 90 62 66 54 58 10 40 26 99 33 19 30 52 2 65 92 74 44 45 77 26 32 56 14 55 26 7 36 80 6 30 73 32 80 34 75 65 74 77 76 80 51 67 68 7 9 65 58 51 21 34 12 26 42 35 27 8 14 17 9 14 87 10 59 86 70 26 42 17 88 72 99 3 69 36 61 80 83 94 78 20 46 93 9 48 96 82 63 67 78 12 4 57 46 37 33 45 61 62 84 73 63 15 50 73 49 15 84 88 9 94 83 57 45 41 69 22 60 40 28 34 30 66 33 40 13 5 98 6 37 71 94 56 76 30 64 85 67 80 53 84 9 75 88 45 75 36 80 86 69 19 95 56 92 13 33 17 29 38 12 47 32 39 31 55 27 37 9 45 54 50 66 80 22 45 25 0 97 6 9 75 2 84 32 68 83 29 36 84 35 63 70 96 94 28 96 78 9 89 71 64 13 89 27 99 63 12 98 4 71 80 56 34 85 9 86 20 11 33 0 5 5 97 79 56 78 95 14 55 33 50 54 18 22 32 95 87 90 96 46 99 92 49 26 52 50 85 36 74 66 43 68 82 32 66 10 85 23 19 33 29 55 82 90 77 61 15 70 52 27 56 66 40 31 7 52 50 41 0 44 97 43 97 20 92 52 72 85 76 17 94 83 40 40 43 67 24 92 22 40 12 85 40 4 25 89
99 50 78 73 46 0 41 90 95 46 27 64 71 79 57 16 46 73 55 9 6 91 67 28 24 18 67 75 87 71 100 20 51 42 50 88 4 98 82 60 64 60 23 43 77 24 72 70 12 47 18 86 46 75 51 26 16 62 66 17 43 38 90 58 52 47 11 98 72 32 30 80 85 87 55 88 8 39 34 32 69 6 6 63 96 0 63 12 69 39 83 66 73 47 38 32 73 24 97 60 3 78 95 19 3 51 82 70 86 11 7 37 41 32 0 74 96 14 35 41 41 20 60 71 16 43 94 41 48 81 82 65 45 28 32 20 40 58 93 99 57 23 48 81 43 29 60 76 35 63 69 68 22 4 67 12 37 12 29 31 33 6 41 29 63 50 70 40 98 20 83 44 64 24 83 70 25 96 39 59 46 28 90 24 13 44 29 50 70 41 58 87 32 76 4 2 40 14 31 74 90 61 35 55 91 65 72 43 44 99 86 41 36 39 14 82 85 61 98 3 1 88 68 4 19 36 1 20 5 70 86 24 20 15 36 26 36 28 21 32 17 2 17 19 98 40 28 97 63 69 84 50 86 71 76 57 19 76 43 96 13 10 0 50 20 27 57 16 81 8 33 71 85 67 69 75 58 74 22 2 87 87 31 97 94 22 70 19 90 40 99 71 100 12 87 64 64 63 94 92 8 4 54 77 23 66 97 27 19 53 58 13 88 39 79 17 3 14 17 17 19 54 89 51 77 59 63 85 98 44 99 49 63 83 74 82 79 70 75 33 31 76 81 71 33 60 23 88 31 40 63 17 83 30 14 40 19 40 89 25 29 96 33 81 24 46 89 98 74 85 21 72 7 18 66 95 28 82 86 95 96 10 46 87 62 14 60 90 1 10 48 4 12 49 100 51 77 88 7 95
44 89 40 53 30 95 34 77 37 21 67 21 61 49 74 74 57 80 61 73 68 97 100 79 73 43 80 71 73 63 43 5 96 100 1 69 93 73 96 55 4 12 11 31 5 55 64 45 28 36 42 0 58 79 15 18 24 96 15 84 35 94 5 54 11 38 76 88 16 87 4 8 48 6 43 91 8 17 32 68 89 40 17 61 98 66 75 41 67 55 81 90 28 48 68 64 99 73 49 35 33 1 51 98 77 69 16 52 66 3 81 61 32 60 22 97 91 36 11 61 95 50 12 1 99 34 6 90 52 42 53 21 67 43 12 98 95 70 82 90 74 69 26 79 16 88 8 39 34 95 60 100 52 62 87 52 72 9 7 27 11 23 35 50 63 93 51 64 35 57 84 2 53 38 24 16 77 27 28 83 9 22 85 69 35 62 52 38 17 59 14 94 4 94 80 74 27 95 5 80 11 38 9 74 51 56 11 28 100 32 0 5 44 66 96 100 4 99 49 100 66 90 48 13 82 58 89 80 87 97 59 42 53 37 90 49 9 19 41 99 10 46 42 45 90 81 5 53 22 51 17 76 67 84 35 61 20 18 23 24 71 16 65 38 98 93 50 34 76 74 98 41 81 15 82 29 58 4 99 29 76 39 43 8 94 45 24 16 31 9 5 1 22 96 3 2 66 29 91 65 57 35 81 74 69 95 14 36 76 58 90 7 99 64 62 24 63 3 34 47 38 81 22 82 60 65 72 79 58 41 81 70 50 89 17 62 32 58 74 40 52 41 11 77 91 7 46 12 80 51 67 44 5 23 73 29 19 86 48 72 9 49 12 88 1 28 35 6 13 23 29 55 68 100 90 89 37 87 46 55 28 7 33 0 49 64 33 48 19 36 89 99 95 4 20 100 95 67 76 20
77 40 44 73 13 50 64 39 20 85 100 34 60 69 12 52 90 98 72 55 76 84 32 40 25 57 83 18 45 6 57 64 32 69 97 64 35 89 19 69 31 36 91 63 79 13 85 92 81 1 37 17 64 76 9 65 73 5 99 26 10 39 76 29 91 82 32 78 29 24 9 3 41 99 100 36 48 66 63 94 72 85 14 30 86 18 100 11 70 3 58 99 19 89 66 83 51 44 82 75 51 58 8 32 87 40 51 27 97 75 85 31 51 83 45 36 50 77 78 26 81 60 78 75 49 69 76 46 75 42 7 24 93 75 0 6 30 42 13 71 21 56 66 5 36 65 78 17 83 100 90 30 53 14 12 1 33 4 67 4 60 25 58 52 92 43 30 15 75 8 5 82 46 49 87 43 69 52 65 51 35 48 55 68 19 37 21 36 22 37 45 7 18 22 46 84 4 50 79 13 92 46 94 75 27 60 12 70 26 50 78 18 17 12 32 96 80 71 3 69 11 11 48 60 86 32 27 93 10 74 92 39 95 85 11 19 62 47 82 32 23 61 79 44 55 55 24 67 78 38 65 93 48 63 84 72 68 2 66 84 27 10 28 4 9 86 70 82 11 12 81 50 29 68 19 43 29 63 19 88 78 56 84 3 19 84 81 80 64 35 39 95 39 92 30 70 39 63 23 38 37 87 45 56 65 92 81 12 72 18 99 86 84 0 66 94 71 26 67 48 34 47 97 39 38 54 90 36 56 74 4 61 20 27 70 60 25 68 13 98 65 75 78 51 40 58 16 34 94 17 61 45 76 41 0 77 15 71 83 67 10 18 8 23 62 90 60 64 46 79 79 26 27 90 68 60 98 22 36 82 72 49 65 68 99 34 69 7 97 49 15 52 66 42 76 9 78 55 28 10
36 43 28 43 83 61 76 16 6 38 76 39 41 10 67 70 71 42 15 94 88 22 96 86 5 3 78 21 25 81 51 77 62 100 50 10 11 67 94 7 47 22 27 68 35 29 84 62 43 17 42 93 51 22 56 46 95 77 30 58 75 33 61 31 29 30 95 54 31 39 42 74 76 95 13 7 47 74 63 11 72 26 6 91 61 6 8 22 96 49 15 84 65 52 73 55 69 77 65 64 37 68 80 96 68 62 5 45 83 3 22 25 0 73 44 58 14 16 99 83 91 41 8 35 38 35 84 2 2 45 13 86 12 15 91 72 42 55 17 7 52 10 1 42 55 0 38 40 10 63 65 7 84 56 13 36 73 81 9 93 61 85 55 100 98 73 25 42 81 67 58 47 63 25 65 33 47 97 38 14 51 76 15 44 45 75 18 98 57 42 59 13 47 32 2 97 77 49 11 73 39 55 70 91 74 31 70 22 79 99 55 73 33 62 54 95 39 60 24 22 9 23 78 75 80 23 61 68 29 64 27 2 17 56 31 91 37 42 69 4 25 70 88 44 30 79 99 48 100 17 68 52 55 44 36 8 34 37 62 19 54 3 72 92 12 31 26 11 39 86 2 37 80 48 85 72 93 71 38 10 93 88 14 32 79 10 7 78 77 57 17 3 39 47 21 84 91 0 63 52 69 35 16 71 53 62 41 41 55 68 31 66 32 25 41 54 95 18 96 65 9 74 91 52 2 15 53 70 6 27 49 55 97 70 73 0 37 11 39 94 86 56 14 80 29 0 10 7 19 26 36 82 47 6 25 60 24 36 27 9 10 10 92 99 36 22 12 56 84 95 69 94 71 25 60 87 0 99 19 48 78 100 26 92 89 43 37 73 61 51 90 78 47 66 98 53 14 21 95 23
46 37 82 22 26 25 35 53 22 81 10 61 75 50 87 55 3 20 6 98 80 31 72 22 36 84 98 93 80 40 92 80 44 35 62 4 26 68 44 8 42 84 62 61 2 28 68 75 53 54 50 3 94 78 15 90 68 29 12 17 72 17 84 16 72 33 29 55 53 7 68 37 11 70 83 13 57 28 58 98 45 87 57 97 91 53 97 59 10 58 21 2 59 48 47 97 12 86 21 26 62 97 88 58 1 82 45 64 33 22 43 82 65 27 9 4 9 34 81 93 78 14 51 63 83 96 99 71 30 19 53 72 64 24 39 17 82 33 53 49 49 74 13 87 70 18 23 98 82 62 32 19 96 93 77 93 82 5 34 33 18 10 63 18 50 5 31 41 95 88 19 65 99 18 87 15 26 49 48 27 48 5 11 80 26 13 12 32 90 78 72 42 36 10 9 97 32 44 53 87 11 37 9 77 18 10 32 11 61 13 35 5 65 56 13 2 3 12 57 47 81 5 11 63 42 42 26 14 17 54 16 80 35 1 96 18 2 68 53 41 90 57 50 3 43 94 57 50 77 82 7 83 99 42 58 91 66 41 80 66 67 15 9 19 36 69 66 21 14 79 63 91 83 47 36 70 89 8 74 50 11 18 99 37 23 61 33 51 15 5 48 18 80 46 56 40 87 21 33 47 76 10 6 81 9 9 99 81 3 57 6 86 52 40 53 11 24 91 43 80 16 89 17 31 92 95 50 91 6 73 23 49 44 64 5 47 41 39 61 60 7 18 25 15 61 57 58 22 51 87 66 26 64 42 71 26 4 77 52 11 86 80 90 36 8 71 96 3 55 26 48 17 86 21 41 9 8 81 62 16 79 55 51 17 80 94 22 15 48 22 53 66 39 34 73 77 55 37 32 83
20 76 30 30 74 10 28 71 47 31 76 44 13 83 38 1 83 77 74 54 24 83 81 55 80 86 48 70 4 58 46 18 26 23 57 100 93 33 40 35 57 66 81 82 44 91 35 1 84 83 7 6 6 73 74 37 93 23 70 20 8 15 1 1 63 18 85 77 95 60 78 3 72 50 88 75 99 87 87 69 77 38 40 18 82 64 39 40 14 77 11 75 28 40 13 13 30 4 96 29 63 58 15 34 50 72 64 87 49 1 51 61 72 29 62 3 83 36 30 32 58 89 61 18 91 24 38 75 29 82 81 83 18 41 90 0 4 5 55 27 54 88 85 2 35 64 31 7 49 64 59 75 83 81 91 96 63 18 13 18 31 6 70 15 81 2 16 57 59 10 63 63 51 44 40 95 91 64 89 27 61 85 6 49 64 13 98 81 82 61 18 29 35 40 22 24 12 57 8 90 56 72 38 21 15 47 30 23 39 12 8 98 18 53 80 27 36 44 38 77 90 10 34 37 95 65 2 18 42 12 36 42 58 38 19 73 19 38 81 17 19 6 28 63 81 100 41 46 20 66 98 69 61 92 13 69 7 75 95 89 59 50 40 11 10 1 43 21 45 41 38 24 97 50 80 79 45 60 35 56 59 67 87 17 46 35 41 45 22 92 31 75 36 98 13 2 84 66 77 73 27 70 66 42 29 98 66 46 69 0 11 69 76 51 77 61 50 15 47 16 99 65 49 91 5 30 49 96 34 42 82 69 64 72 1 11 1 47 16 23 2 54 85 26 72 33 55 97 14 3 98 11 46 55 93 5 25 13 49 48 60 81 4 60 51 60 5 63 99 75 35 58 72 95 69 63 76 58 6 37 7 66 66 70 89 75 79 99 12 99 51 28 23 2 93 43 4 14 97 20
85 36 98 12 52 93 72 39 2 25 76 47 62 81 4 26 22 26 76 34 43 63 88 96 24 31 31 19 34 47 34 93 20 26 30 17 59 1 29 15 55 47 3 43 50 97 3 88 64 63 52 54 18 97 83 25 86 68 19 6 56 53 71 93 6 84 26 9 80 15 72 53 36 47 27 36 82 28 91 53 91 8 29 91 47 11 85 91 92 14 67 57 61 67 58 75 45 94 57 29 98 27 61 3 25 45 100 29 41 63 85 13 37 80 20 58 24 64 82 20 57 46 78 74 93 7 21 45 1 38 1 16 31 37 62 35 54 37 29 46 78 50 47 81 27 10 21 73 68 50 21 6 91 3 42 5 56 47 45 10 41 20 29 85 91 9 5 95 31 75 59 45 6 28 94 56 27 6 81 32 91 80 67 9 73 18 49 99 99 77 71 48 63 25 23 14 3 32 95 65 46 67 29 58 42 0 92 61 29 55 76 63 17 17 10 12 11 22 96 77 78 10 46 63 48 48 25 48 94 33 66 5 42 32 4 20 55 29 6 41 74 21 1 43 14 68 31 31 13 36 13 38 97 49 13 44 39 27 73 1 84 6 0 58 92 82 82 55 43 36 6 91 73 65 5 28 99 95 4 3 79 18 59 94 81 10 59 7 70 81 76 23 27 87 99 31 13 3 17 68 22 83 9 19 93 93 85 16 67 53 15 14 88 49 62 33 31 80 28 41 33 95 2 87 63 3 90 2 9 94 85 3 9 27 77 34 45 77 99 68 59 21 18 34 96 55 18 92 73 85 27 0 8 65 60 88 53 30 75 65 5 32 6 0 49 66 53 73 55 43 61 47 74 22 43 100 65 61 52 33 46 30 55 8 70 91 31 87 57 41 23 8 60 14 17 18 16 67 30 34
1 97 38 36 9 80 44 48 45 86 99 74 65 76 66 38 61 46 92 74 67 2 40 27 87 70 37 54 64 3 44 71 53 15 43 72 14 19 46 45 34 34 9 17 32 84 72 100 86 55 0 28 100 92 92 7 27 81 84 2 90 82 12 77 0 38 44 36 35 71 70 73 8 67 86 2 100 33 91 14 4 9 79 91 88 14 35 75 82 9 45 12 70 99 73 73 34 76 94 95 82 39 9 99 41 43 37 65 72 40 84 44 31 69 63 32 14 26 98 75 73 10 1 75 35 61 89 0 22 55 46 31 98 4 23 91 27 52 50 53 32 82 71 19 72 28 95 36 71 21 13 93 3 21 38 65 16 11 95 38 49 18 89 57 5 78 36 65 35 54 54 6 43 55 9 74 14 25 91 21 16 8 9 4 69 0 2 13 72 81 1 96 65 33 83 5 16 22 45 71 57 40 84 82 75 100 50 9 83 88 92 92 2 61 65 79 61 99 67 69 93 69 80 88 100 35 87 32 7 66 76 18 68 74 63 43 35 60 6 28 61 96 25 80 70 34 43 49 72 2 26 27 72 70 84 41 89 76 86 80 32 88 72 74 17 45 78 89 100 64 65 51 91 39 0 22 30 22 12 74 9 23 89 33 54 72 50 71 0 48 0 66 49 19 32 99 99 53 19 86 61 2 87 48 18 94 92 100 41 4 82 81 45 61 64 43 97 39 14 100 59 69 14 92 73 48 26 43 62 96 76 34 91 61 19 41 94 88 63 5 70 69 34 50 23 19 96 58 62 40 13 64 20 62 10 20 74 55 44 1 85 35 23 100 88 47 58 27 54 83 38 18 82 0 85 68 55 63 31 17 47 34 60 91 87 68 64 63 0 31 36 5 64 89 23 11 11 40 90 7
35 93 5 42 52 31 51 17 50 87 12 54 62 40 86 5 47 69 91 23 62 0 27 84 65 61 38 51 93 32 49 5 87 4 68 32 78 43 40 35 72 52 8 30 57 87 99 54 82 95 74 52 67 48 81 38 24 92 70 59 6 89 15 42 90 82 63 62 12 83 30 50 1 98 5 37 78 72 77 82 79 7 33 79 29 4 89 50 44 87 43 91 93 65 1 71 31 21 64 15 56 78 84 23 23 72 98 4 75 54 20 43 82 69 7 46 91 40 55 66 24 41 37 22 73 55 27 57 68 72 95 6 64 87 65 1 79 9 51 41 75 1 74 42 56 48 52 43 37 94 32 88 81 87 0 82 4 7 1 24 21 58 51 82 52 67 40 58 69 75 70 41 52 78 87 39 40 41 92 79 48 50 74 30 44 48 83 88 96 68 98 52 81 42 54 98 99 65 75 36 52 39 38 74 40 45 18 57 23 32 33 76 51 52 12 1 25 57 89 81 34 93 98 82 15 37 5 14 17 85 68 72 99 29 78 93 12 96 48 55 97 96 1 97 38 39 92 16 85 15 22 22 0 85 2 18 38 25 90 56 30 83 52 20 38 39 82 81 10 75 24 67 77 70 26 58 26 92 9 70 4 100 56 41 7 62 36 44 46 46 51 5 94 6 99 24 100 90 72 68 30 92 2 33 18 25 9 58 16 18 86 79 37 89 20 93 72 71 68 56 41 40 99 90 5 67 75 96 72 41 67 15 14 3 69 53 76 56 4 28 1 27 44 7 85 95 81 87 34 10 89 68 88 47 17 67 63 7 68 39 55 71 10 6 76 34 99 79 22 34 16 37 9 47 59 28 76 51 42 45 74 88 47 22 85 26 23 78 56 78 86 65 88 44 58 6 77 99 44 41
42 18 60 54 6 8 10 31 38 42 23 67 45 85 49 4 64 21 34 56 10 2 50 56 18 91 89 30 94 69 6 78 93 68 80 6 3 79 80 47 55 33 28 97 77 3 91 64 26 45 59 55 29 16 51 42 100 91 41 77 54 60 94 97 59 100 36 51 25 16 66 92 76 42 86 2 20 97 34 34 35 10 88 22 56 68 56 88 54 30 86 56 22 26 85 45 18 85 6 27 61 34 81 49 4 55 0 16 2 10 69 88 27 69 79 11 56 21 16 1 48 5 47 1 67 76 7 61 67 40 56 65 73 51 46 16 51 19 24 72 38 20 88 6 95 37 81 62 79 57 70 29 57 14 40 61 74 32 87 5 8 63 17 3 98 32 24 27 96 15 31 39 93 67 37 35 62 81 29 56 53 60 52 56 85 56 66 55 46 0 18 87 85 96 88 19 60 53 93 94 1 63 12 62 40 76 96 66 1 41 11 93 19 12 93 13 0 41 24 57 78 70 25 92 16 46 96 65 80 37 57 33 19 97 86 47 50 62 51 36 40 38 52 91 1 18 94 13 31 76 96 98 47 9 98 56 39 85 79 38 85 99 99 31 71 85 57 44 71 93 77 81 56 22 6 35 99 30 25 48 93 49 33 82 38 42 67 90 5 57 16 89 3 1 47 9 67 64 89 10 13 77 34 53 54 98 72 76 19 30 52 58 79 25 39 75 4 65 77 89 56 26 81 30 92 97 60 3 81 24 31 99 54 15 22 19 30 63 61 100 71 43 26 20 78 91 57 96 44 7 56 76 42 85 99 87 79 77 67 23 37 90 87 1 63 41 3 64 26 93 28 24 88 63 3 13 97 70 97 5 32 28 12 81 40 7 90 45 79 45 63 8 0 5 74 50 70 65 5 85
2 73 29 59 98 25 100 57 60 33 9 46 92 13 49 1 64 46 88 62 52 22 69 44 45 0 5 34 8 47 83 98 65 59 89 39 74 11 6 38 18 52 39 13 92 33 69 77 60 6 15 83 66 20 82 72 2 68 77 43 46 77 7 19 2 22 15 29 47 51 85 63 37 77 46 72 13 60 54 28 6 83 62 24 34 85 74 85 7 20 28 14 20 80 28 61 10 67 70 79 30 47 93 83 42 49 91 89 64 89 1 44 92 4 7 22 67 93 19 24 66 22 47 70 34 81 89 88 97 42 39 64 22 71 20 83 7 69 96 1 8 91 92 45 3 39 19 60 20 9 73 13 77 85 58 52 65 52 66 12 47 62 39 80 88 10 95 1 12 63 99 67 54 83 71 61 13 87 91 68 29 78 19 16 68 68 48 82 41 73 44 69 62 98 4 72 22 92 70 32 97 14 98 88 42 25 24 25 7 18 9 22 27 73 87 90 30 66 13 1 27 99 52 1 85 66 65 26 18 97 32 54 99 37 88 1 43 62 12 82 65 14 29 9 74 83 77 24 9 34 54 89 44 10 35 7 67 67 14 2 14 40 93 22 64 34 96 75 60 55 53 53 54 100 86 17 45 9 57 2 91 23 15 66 18 96 93 54 59 41 73 22 52 5 30 29 100 100 61 78 88 85 44 31 65 97 48 66 42 94 94 67 30 43 28 76 25 98 33 86 58 55 15 41 45 30 57 79 41 56 92 45 0 13 64 75 7 87 5 12 74 9 100 17 15 57 29 1 44 74 14 7 18 28 63 82 22 16 11 16 93 92 10 14 73 71 23 65 53 41 41 23 8 66 48 24 33 4 25 58 27 99 69 75 55 9 13 40 44 74 40 63 2 2 44 98 34 40 7 24
59 91 53 9 90 6 31 91 46 74 63 10 81 3 44 64 10 89 77 60 42 0 41 99 71 88 52 13 81 14 20 12 10 86 35 10 32 24 96 34 4 51 30 67 89 43 97 80 75 82 46 58 92 26 44 9 42 95 45 23 96 46 13 79 20 84 15 93 58 41 18 98 2 29 2 48 83 32 10 66 47 75 59 67 53 94 97 21 56 21 50 14 76 20 25 89 10 92 46 43 58 39 58 58 48 18 33 59 69 39 34 10 86 93 79 48 9 17 75 94 75 46 66 48 29 61 38 93 91 5 30 87 25 30 86 65 88 82 13 34 90 56 70 33 64 55 42 78 19 99 83 30 85 56 15 35 34 59 33 84 7 29 32 58 68 43 55 86 92 95 91 62 26 53 10 77 43 39 63 55 44 23 67 12 90 93 64 49 100 98 6 95 43 92 0 59 74 100 48 50 91 3 68 97 62 27 43 61 35 83 17 79 32 4 47 34 14 12 41 92 4 14 53 79 44 50 24 94 25 59 33 65 5 23 84 68 69 50 29 60 5 83 14 34 88 80 3 20 75 46 52 35 4 81 48 16 94 71 79 22 47 91 4 28 8 80 35 24 98 79 28 25 1 33 92 25 85 28 58 61 49 59 50 50 52 30 55 58 69 32 45 48 98 13 47 13 68 86 32 45 25 86 29 87 94 41 83 65 39 55 25 74 39 44 35 27 57 85 5 10 0 50 51 62 0 26 46 45 89 56 65 26 58 23 17 13 94 82 99 80 63 30 100 4 25 76 63 54 46 48 85 25 65 62 36 91 73 14 13 51 41 40 79 48 85 13 36 42 14 88 53 63 46 58 35 11 47 9 47 78 21 54 94 74 34 6 62 89 58 51 95 9 1 33 96 79 94 89 32 21
43 13 20 7 67 11 88 17 31 28 71 56 16 9 82 57 79 58 50 51 35 96 79 25 81 72 45 57 29 60 11 33 44 44 48 25 52 83 11 32 31 48 43 50 56 35 0 3 5 80 91 26 23 28 24 42 95 95 22 70 0 12 65 80 60 7 27 75 25 64 67 14 34 59 89 73 57 52 84 21 78 3 40 23 71 72 52 67 73 52 54 19 20 48 44 89 61 68 8 48 7 75 7 83 63 67 25 94 2 98 54 15 27 17 45 36 42 23 21 50 95 15 31 53 99 32 10 66 88 42 94 64 81 3 95 6 77 50 96 27 67 98 22 4 97 14 34 48 12 7 18 26 57 28 23 93 98 36 54 57 84 63 39 16 35 89 61 91 66 85 61 63 12 9 22 99 100 96 3 16 21 18 46 11 48 55 7 32 78 30 36 75 21 43 91 86 11 90 80 85 47 9 16 95 67 98 57 28 71 45 79 34 56 92 71 38 22 0 14 40 41 92 9 100 1 47 90 100 38 83 86 92 46 11 74 23 73 91 75 1 87 6 49 22 56 33 88 23 96 1 68 12 39 93 64 60 36 18 61 59 4 36 8 3 80 73 19 34 93 30 25 20 97 42 49 78 56 58 97 2 71 41 85 97 92 47 83 55 32 25 1 14 96 30 35 24 52 69 99 38 59 27 53 19 36 62 97 96 4 31 66 24 46 82 93 14 6 61 25 60 18 9 28 27 25 78 10 34 31 55 51 15 51 87 91 48 47 69 47 70 50 2 74 18 35 25 54 10 57 52 80 64 77 7 41 85 72 66 3 59 87 7 33 84 28 33 70 99 3 26 85 56 78 32 44 92 28 47 55 44 51 73 94 24 89 82 51 23 2 50 19 44 48 39 89 64 16 82 57 21
23 39 28 73 58 65 16 36 94 93 63 40 19 39 41 58 36 0 85 64 21 37 45 23 67 97 32 10 32 98 41 96 80 66 17 56 45 79 98 35 39 93 40 99 100 4 41 21 50 13 77 52 38 56 39 4 79 2 45 93 16 84 71 94 17 76 76 95 57 48 99 46 48 53 47 24 77 24 4 52 39 82 70 71 31 64 83 92 56 48 10 68 54 56 9 31 7 41 91 8 89 69 48 37 8 96 61 42 93 47 5 48 12 74 32 84 84 77 79 38 76 96 19 63 4 77 21 63 59 7 98 85 7 35 39 36 36 91 77 26 7 39 37 64 62 24 92 81 43 39 49 94 22 82 11 32 18 69 54 70 98 21 39 3 2 0 84 82 73 5 75 85 97 50 85 75 83 30 88 53 38 72 31 40 31 35 59 23 6 91 99 58 14 46 34 97 47 21 49 57 27 13 6 13 75 84 73 84 9 89 90 34 7 32 53 0 22 66 27 35 31 59 94 38 97 43 87 76 57 26 97 62 9 44 57 49 17 96 83 89 70 96 59 20 2 92 56 25 68 11 77 51 76 92 6 80 18 81 30 69 11 61 77 64 2 21 74 0 23 44 24 2 5 86 30 23 42 44 20 44 21 96 88 31 90 71 32 45 93 28 46 58 68 90 97 12 7 69 80 33 18 55 33 16 56 96 62 98 47 15 60 80 39 0 79 98 75 71 72 2 52 36 97 87 18 67 5 52 65 36 47 97 26 87 4 77 19 14 12 4 52 99 6 32 4 23 73 79 13 23 24 91 3 3 7 16 75 87 84 48 3 37 91 96 98 35 94 72 83 45 32 54 100 40 1 87 25 18 29 38 69 51 91 68 70 45 2 86 23 60 2 13 7 47 20 29 99 40 92 16
68 20 71 60 45 97 87 18 49 66 13 77 29 50 31 85 61 48 37 58 85 15 69 46 45 94 23 13 89 6 73 76 13 39 37 2 1 43 42 31 39 97 35 17 72 4 14 26 24 96 63 76 40 85 11 55 98 85 2 93 44 92 74 56 45 76 66 3 10 78 17 49 41 86 12 85 98 14 63 38 8 70 1 11 28 62 96 58 59 53 76 86 97 51 61 65 36 26 77 31 48 45 27 76 18 35 76 60 90 76 95 82 1 9 41 47 12 59 57 35 93 57 63 48 80 23 43 82 53 57 52 86 29 77 4 28 100 47 37 72 62 51 62 64 51 41 99 33 86 79 31 6 8 42 41 50 12 92 37 13 41 85 25 70 1 60 50 93 23 78 89 54 65 50 22 10 65 90 44 96 55 15 37 45 47 81 85 30 46 62 78 29 10 54 75 54 92 28 84 14 27 18 56 33 93 14 82 33 8 50 29 66 17 31 87 43 59 76 91 58 51 45 57 96 12 69 61 82 16 48 35 80 0 6 68 67 95 41 52 94 85 90 73 77 15 98 32 58 39 75 94 76 94 49 21 0 18 20 84 94 60 50 76 74 65 27 41 82 47 4 37 65 18 51 39 1 32 47 95 36 91 48 5 1 15 43 33 65 4 83 40 75 74 96 79 77 58 78 73 3 53 51 35 14 12 68 33 16 76 30 85 87 3 41 68 84 79 88 21 22 61 56 53 75 67 7 66 25 18 67 37 2 82 75 46 93 48 68 61 78 61 23 97 57 7 85 24 60 8 74 6 15 31 56 49 86 51 32 17 32 77 72 78 88 45 70 12 65 90 86 48 23 1 39 20 96 44 6 64 22 25 16 68 87 11 58 62 27 22 29 28 52 64 31 3 1 34 98 66 40
10 8 86 19 6 98 67 86 27 20 7 18 40 82 51 97 54 34 1 75 78 89 73 4 24 46 93 65 83 25 92 78 59 43 58 22 51 75 35 95 14 8 30 22 6 59 30 46 1 3 45 37 64 13 36 6 96 63 30 64 40 68 44 92 29 83 40 42 65 25 21 67 5 75 3 49 37 74 95 25 52 25 42 19 79 89 7 20 86 82 20 65 68 79 33 41 47 5 75 89 80 20 49 33 8 85 75 95 45 85 88 94 7 63 100 29 99 78 39 72 86 82 26 95 51 65 10 13 54 98 65 40 92 65 75 52 4 34 71 55 68 6 7 81 45 41 92 88 34 92 42 33 87 80 50 22 21 60 2 18 9 88 12 80 54 20 38 81 8 78 54 41 18 61 97 28 53 25 32 100 65 57 75 29 38 78 15 34 17 44 99 85 31 35 48 9 76 69 2 51 88 69 25 39 51 77 29 12 47 75 93 51 11 43 18 8 57 96 42 92 64 1 87 15 16 27 6 38 17 41 64 91 64 81 7 66 95 67 59 80 99 59 78 99 95 48 40 83 4 21 22 62 52 18 42 47 7 98 4 68 20 95 33 69 56 0 88 98 39 23 73 12 69 99 85 48 87 70 14 1 77 61 0 9 77 46 49 30 34 68 77 20 54 40 65 31 42 27 71 18 82 33 59 23 17 78 8 11 75 28 33 38 21 15 27 3 19 20 49 56 75 100 16 21 63 4 45 44 56 55 18 67 94 56 47 33 97 67 34 23 76 40 75 16 91 41 37 92 27 97 76 64 58 49 53 32 77 27 38 78 55 7 68 60 91 54 45 89 98 67 94 92 21 51 61 82 91 41 49 8 39 0 36 25 47 70 31 25 80 65 81 99 4 63 9 0 26 77 18 69
16 13 60 51 16 50 55 78 45 39 11 58 39 98 45 9 66 85 75 45 42 70 68 80 4 2 2 100 30 2 84 78 50 94 9 41 76 32 91 61 6 98 61 75 93 18 87 46 97 95 85 44 10 83 57 53 36 14 17 90 58 66 85 47 48 64 71 80 84 10 18 28 59 5 80 14 65 57 11 36 13 46 26 12 13 35 86 60 53 100 84 47 74 6 32 98 90 99 46 43 19 57 91 1 15 22 12 19 78 50 0 61 0 82 82 84 24 63 38 17 70 11 66 87 77 7 62 5 79 34 7 16 35 13 55 46 37 90 68 79 28 34 93 54 52 89 36 48 8 26 78 33 78 55 36 0 98 14 74 24 4 50 30 75 87 39 28 11 46 52 8 82 64 48 22 88 30 14 79 20 30 66 89 33 19 91 40 73 19 79 55 73 21 82 53 6 83 73 67 48 48 69 78 68 39 35 91 6 79 50 35 73 12 95 34 52 97 49 8 59 66 18 16 28 25 51 36 95 44 51 1 13 73 30 58 55 66 76 54 23 4 49 37 70 68 77 41 79 53 27 31 65 34 53 25 81 2 53 30 77 85 2 26 92 81 78 44 88 76 24 45 4 39 78 10 33 53 19 71 77 36 39 5 53 98 91 79 98 28 20 62 19 35 51 94 57 60 37 33 41 9 15 19 0 43 82 29 21 87 8 56 39 60 75 9 21 48 38 50 95 46 43 63 5 80 66 14 50 87 68 28 53 72 26 6 43 13 39 84 50 68 13 95 13 72 92 58 87 89 22 37 16 73 67 58 68 37 65 100 15 52 51 49 44 47 77 77 76 0 21 77 80 22 1 81 81 58 57 93 64 21 80 72 71 44 71 31 38 42 80 1 57 65 25 79 91 51 41 26 12
100 25 57 53 0 40 86 87 40 67 61 0 70 27 58 63 53 66 93 84 26 19 59 39 64 95 65 60 88 45 63 61 97 59 83 64 44 15 68 68 75 97 47 14 45 45 69 39 74 55 97 90 12 84 94 26 86 58 32 52 9 28 9 4 89 53 52 100 29 91 88 29 48 77 88 40 69 13 18 99 71 25 59 0 95 42 49 7 4 90 50 67 9 7 54 27 27 5 80 14 81 8 73 96 63 5 0 67 84 99 12 90 96 59 57 97 79 3 30 78 8 51 61 87 85 33 64 34 90 71 24 18 21 19 53 47 42 85 60 16 53 79 8 85 96 86 51 56 35 19 77 29 84 67 66 63 66 23 93 98 31 97 29 21 88 90 87 41 88 24 6 21 70 59 3 82 34 11 37 86 80 63 34 56 30 91 34 51 87 34 84 9 55 73 81 39 53 21 61 34 98 0 34 79 31 48 50 45 72 39 64 75 96 1 51 73 98 75 81 64 40 56 82 90 67 14 50 23 37 36 76 36 56 99 3 64 99 47 45 79 50 67 2 18 81 100 81 29 64 69 29 52 66 70 49 32 56 96 36 41 95 99 51 77 3 25 0 8 81 31 15 58 38 54 50 95 84 15 63 72 100 61 80 58 34 14 34 99 69 87 37 52 47 25 0 29 72 88 55 4 27 90 8 72 66 31 15 31 18 39 0 37 17 74 23 59 37 7 28 1 33 28 47 93 98 72 76 10 63 37 29 32 90 51 97 14 46 25 55 2 47 20 76 28 95 98 27 60 75 86 66 30 34 31 51 57 99 48 2 8 44 7 4 57 34 42 74 39 77 15 51 49 82 42 71 1 47 32 88 70 98 63 89 81 13 46 68 97 83 60 100 58 12 87 65 73 94 34 56 94
94 2 24 88 7 5 72 49 1 69 36 22 22 3 9 91 74 28 86 32 83 2 3 64 25 75 34 97 55 43 43 21 88 31 45 52 94 0 89 59 68 54 32 54 12 95 73 56 57 75 30 89 91 26 80 53 12 64 61 59 6 12 0 91 58 77 69 56 0 3 51 32 25 57 86 31 19 72 62 62 27 2 67 87 51 2 6 16 99 14 78 10 56 39 70 32 33 79 21 29 11 12 61 46 13 79 70 32 21 60 32 23 0 85 18 22 50 52 42 82 0 44 91 66 24 55 80 89 55 81 74 77 81 59 17 38 58 71 54 34 31 57 50 24 3 37 77 99 30 70 70 51 76 4 77 34 70 26 71 27 37 46 4 37 24 1 0 19 67 59 42 52 50 64 32 62 75 70 53 89 26 89 31 86 96 77 18 40 8 20 6 43 16 2 1 67 37 21 70 11 94 58 32 20 30 94 16 78 96 64 43 15 29 30 35 66 76 48 34 70 45 37 10 88 34 91 89 79 34 90 28 65 67 2 53 49 52 49 5 76 46 80 48 54 60 6 20 43 27 45 77 94 9 24 63 88 88 2 77 21 34 87 52 71 0 45 76 79 80 23 52 9 64 30 20 72 39 35 73 83 61 30 85 93 81 53 95 64 26 93 43 39 60 49 81 90 81 28 2 15 83 42 3 18 84 6 47 15 86 7 90 98 77 21 32 3 75 63 75 1 26 67 73 91 46 18 72 4 77 75 48 19 61 36 69 100 7 54 50 17 42 57 41 62 10 28 60 6 5 14 74 98 71 95 85 63 30 68 27 69 90 73 40 53 70 54 73 11 87 62 20 66 86 57 97 69 9 42 50 89 17 96 29 35 74 44 74 88 87 19 10 21 18 64 49 91 42 41 76 68
91 61 17 57 35 45 53 76 60 25 80 81 73 78 14 9 6 72 57 16 43 30 14 14 71 1 43 81 24 34 74 12 43 74 51 32 85 99 20 76 63 20 10 83 99 29 65 21 91 12 71 59 64 24 72 80 21 63 42 60 60 6 100 52 41 33 37 44 8 41 88 98 44 97 3 26 77 1 65 95 95 82 85 53 38 54 23 3 79 97 74 19 36 54 84 7 86 45 16 28 19 97 74 40 0 99 10 21 94 59 93 65 72 36 21 12 92 77 41 22 13 61 15 55 53 4 88 39 9 34 69 95 39 25 37 75 80 62 6 98 64 54 90 82 13 52 21 12 14 65 84 7 6 39 90 90 52 73 96 11 100 6 6 69 12 52 8 66 8 61 46 16 44 55 54 26 8 96 88 77 9 31 68 31 72 17 65 38 36 65 5 94 17 50 64 66 41 41 2 39 44 33 85 8 42 94 67 80 41 51 20 0 74 22 85 25 92 66 66 14 51 18 10 92 64 13 38 13 30 89 85 32 31 53 60 3 64 33 24 13 24 29 48 67 43 40 9 85 75 81 47 67 42 49 46 84 20 36 68 56 57 82 2 60 23 11 45 59 62 91 50 89 19 11 72 31 55 83 25 4 49 40 53 17 62 57 79 8 72 34 93 34 95 77 51 70 57 73 41 5 51 16 20 73 25 63 71 79 59 88 93 37 19 90 40 75 84 75 20 15 62 91 0 53 96 33 11 8 53 83 40 39 47 5 96 51 68 98 55 89 77 61 87 78 28 45 39 75 2 7 74 92 1 87 87 20 72 64 64 70 30 84 29 14 96 48 49 36 80 92 21 20 28 64 45 67 32 62 78 96 19 31 67 52 88 13 39 11 69 31 64 14 25 70 61 38 52 15 11 62
73 46 54 86 79 32 66 82 12 46 36 59 63 13 46 41 74 85 71 80 27 88 61 29 27 68 32 36 30 31 74 75 24 2 3 6 47 44 52 67 83 3 41 35 58 2 42 64 0 59 62 72 43 25 67 74 57 16 98 100 76 18 74 44 67 42 96 95 47 4 24 61 53 1 29 59 12 23 17 90 85 6 85 13 72 74 8 66 73 29 98 4 84 94 7 93 5 7 37 14 2 12 40 9 90 76 71 29 89 97 86 89 26 55 34 66 25 11 37 98 46 60 60 35 50 65 65 89 58 91 25 57 57 64 37 81 84 41 25 82 81 61 5 82 99 23 19 48 33 88 80 81 97 62 1 62 35 51 70 62 91 41 82 26 32 7 52 46 30 76 16 29 75 16 64 83 32 82 23 57 93 22 33 87 87 84 14 5 66 45 15 64 4 43 73 7 29 5 34 75 25 77 83 72 5 29 63 7 18 10 100 9 51 45 45 83 25 99 38 77 13 53 61 26 20 77 13 91 16 80 29 9 92 9 32 64 16 92 91 47 76 70 7 30 67 73 62 11 64 2 6 44 39 18 25 34 14 6 86 26 49 49 6 65 94 37 40 78 60 75 55 92 17 11 55 21 21 9 54 9 4 96 88 88 64 96 7 0 47 76 98 78 18 56 45 34 85 84 2 18 76 39 4 2 2 83 5 75 57 69 98 73 47 8 20 27 16 90 38 65 23 95 36 96 9 81 74 40 67 26 95 53 43 70 56 16 24 33 91 98 74 9 100 43 69 74 20 96 77 89 46 34 60 14 98 55 90 24 85 49 89 30 87 53 99 47 20 63 41 36 58 64 5 59 60 57 41 9 95 47 99 19 39 62 63 95 30 83 14 91 17 11 5 92 93 6 87 31 78 95
10 52 53 16 47 26 29 3 71 6 93 38 11 27 8 5 75 80 40 99 2 0 7 3 86 4 25 16 75 56 71 96 93 25 9 83 70 100 17 78 64 86 54 13 81 96 2 40 73 10 28 49 20 72 10 74 17 43 96 7 97 56 28 100 56 76 38 43 78 25 65 57 51 80 19 17 22 11 11 21 22 23 15 92 19 73 5 3 96 64 16 35 10 42 75 2 91 20 81 15 76 11 37 22 75 74 10 24 62 4 66 11 75 74 2 39 91 96 81 57 27 99 82 71 19 70 3 2 5 0 23 92 4 78 58 40 35 44 23 80 100 96 60 58 7 68 60 94 54 95 66 60 29 83 50 4 49 62 83 29 85 3 61 59 47 82 90 11 45 90 95 65 27 8 92 83 13 54 52 22 0 22 86 68 39 53 66 13 96 45 28 44 29 13 88 4 27 5 20 32 61 95 23 93 84 98 91 0 72 28 8 37 78 50 74 97 59 91 21 5 16 19 86 44 99 63 4 5 25 62 60 94 66 94 10 32 1 74 12 81 12 88 62 27 98 9 18 98 29 31 53 47 20 87 89 95 51 70 71 95 100 30 58 14 93 19 64 77 34 86 54 89 75 25 14 61 82 2 50 41 39 21 29 83 47 21 8 61 99 94 94 74 73 22 12 30 78 67 21 48 8 61 72 46 69 60 46 13 3 44 90 77 88 68 93 2 49 73 71 15 59 87 57 21 28 96 15 72 1 3 91 86 35 0 66 90 21 5 19 31 2 58 28 76 7 18 17 34 78 65 100 44 39 64 10 22 54 67 46 3 51 13 47 69 85 15 17 90 84 17 27 63 71 31 37 75 20 81 70 72 41 81 44 67 46 73 97 38 84 95 27 63 70 95 59 61 43 71 14 12
64 14 22 24 27 53 54 9 86 24 46 62 81 84 14 79 1 56 90 67 72 47 33 58 95 37 32 49 17 87 15 36 6 37 44 97 95 28 79 38 67 8 63 76 68 74 74 26 90 63 12 67 82 4 43 38 55 62 41 95 93 93 14 6 73 36 72 90 4 1 33 39 5 70 69 26 29 42 4 81 51 71 98 19 54 23 65 75 100 13 11 29 58 56 65 31 17 45 53 43 88 81 41 72 99 25 3 8 98 80 46 93 75 13 14 6 60 98 92 69 92 59 79 25 70 48 89 14 55 1 67 50 6 74 51 33 38 75 47 38 39 64 75 4 60 63 30 8 23 45 71 77 23 27 3 57 7 97 61 81 32 89 94 64 14 67 19 51 32 36 75 0 42 95 21 94 6 76 81 12 29 13 69 32 99 98 41 39 10 7 96 14 31 60 46 49 46 56 67 28 1 36 19 42 73 22 28 6 82 23 81 80 74 66 44 92 84 64 97 61 27 100 22 35 65 64 73 81 35 41 22 59 20 69 84 63 83 13 49 33 4 43 79 4 30 17 7 69 96 27 82 57 66 33 46 99 44 28 8 50 92 65 3 1 16 92 3 41 43 45 55 14 99 27 47 80 58 89 30 34 14 31 91 79 75 14 57 98 40 43 5 59 41 64 52 88 35 38 78 65 95 31 8 79 86 54 57 23 99 100 16 80 26 88 23 62 12 91 72 65 0 27 41 92 56 75 42 27 42 99 32 63 25 68 99 17 35 35 33 36 15 84 40 35 21 32 37 15 74 34 3 67 97 8 35 60 9 13 71 12 27 23 41 36 46 13 74 34 26 76 86 51 46 40 64 14 19 58 38 23 98 85 70 5 66 100 11 65 97 99 43 28 48 43 52 2 87 36 96 78
59 71 3 15 18 80 71 85 10 78 18 57 66 52 34 4 20 68 53 13 90 62 83 46 2 69 96 22 69 84 88 17 27 13 43 62 4 49 40 86 73 31 67 24 51 23 66 47 7 56 98 2 46 54 24 33 45 25 46 13 74 8 40 77 71 0 10 8 66 55 92 8 100 23 64 47 87 31 29 97 49 90 86 97 48 71 60 98 28 85 94 91 6 55 64 64 31 67 41 62 84 66 51 94 5 0 19 6 31 13 35 47 40 11 55 26 33 100 21 68 16 13 7 79 35 85 32 19 85 36 70 24 14 90 88 4 11 43 75 73 91 32 29 42 88 87 37 1 41 49 100 6 33 92 38 14 53 87 83 33 13 54 85 49 91 98 6 48 58 22 22 90 80 74 20 53 39 86 1 72 85 89 51 79 9 94 50 22 29 92 18 34 10 71 62 33 94 88 94 70 67 36 63 22 7 63 5 91 69 12 60 66 88 100 26 71 40 55 99 37 49 64 69 93 48 60 100 13 49 37 6 20 25 1 7 15 21 98 53 99 97 34 21 33 62 67 42 71 88 68 97 83 60 35 35 88 73 52 65 1 61 84 42 8 92 85 4 81 58 90 79 26 42 82 0 51 74 4 4 52 69 37 37 27 41 46 17 95 19 85 24 92 82 74 46 99 13 32 57 91 46 4 91 44 59 1 32 5 51 26 68 27 29 58 51 71 24 1 33 69 56 84 93 71 52 15 85 70 5 71 60 63 85 26 6 59 16 90 52 66 42 72 19 57 48 57 71 36 98 6 9 89 66 57 57 24 94 7 30 47 71 16 86 56 40 29 100 14 49 0 20 32 10 92 74 98 36 13 82 44 88 81 19 21 38 99 81 50 8 40 11 59 14 40 19 91 5 25 66 69
84 55 31 88 79 53 89 83 95 41 86 19 64 31 6 77 75 36 90 92 31 30 74 39 99 99 42 66 21 23 87 75 70 3 63 92 28 25 31 49 42 48 5 7 9 36 80 20 47 99 20 38 12 49 15 40 22 15 45 39 91 22 21 65 71 100 19 90 32 39 92 28 8 43 43 69 39 65 68 61 15 19 81 0 10 63 73 84 81 37 79 44 73 38 35 97 1 87 23 33 32 99 35 50 83 1 70 26 18 72 55 23 3 59 38 70 15 38 11 52 83 97 93 41 41 76 4 19 18 32 66 99 1 80 19 72 19 18 35 94 38 8 65 85 19 95 24 66 0 19 31 97 18 96 76 67 41 89 58 30 69 11 51 99 1 57 74 63 15 60 61 81 33 63 7 77 40 75 91 31 86 32 11 34 47 41 1 34 57 13 34 77 38 40 99 45 81 37 80 91 77 3 20 16 6 27 45 47 13 69 96 0 66 32 51 91 17 57 52 2 56 37 60 42 66 60 20 78 2 97 57 98 87 24 0 41 5 30 54 37 41 45 54 97 24 57 66 0 39 39 73 90 63 39 80 46 72 26 38 98 72 7 45 20 77 39 98 1 70 65 99 100 16 0 56 56 6 7 66 81 34 80 13 43 28 39 14 62 34 79 1 9 17 99 87 22 49 69 57 17 37 94 33 44 97 26 86 36 66 84 3 73 20 88 23 24 7 86 16 32 54 0 19 97 24 58 40 91 28 16 0 37 99 6 97 69 85 44 21 75 67 22 7 54 34 25 62 14 89 24 9 80 6 99 93 5 62 27 45 85 59 44 40 70 68 96 50 36 85 42 25 64 21 66 97 51 27 82 88 38 99 39 92 15 62 89 76 65 9 31 100 57 26 17 89 76 35 52 27 87
73 77 84 47 7 72 66 84 72 46 86 30 73 9 3 97 55 16 51 90 47 17 51 88 8 85 97 55 60 73 62 77 86 50 64 9 95 62 87 48 43 35 51 1 62 30 0 26 59 51 61 45 44 36 62 10 78 49 39 12 95 35 79 5 63 89 50 46 34 64 85 84 94 27 4 25 11 55 50 52 18 86 8 0 58 7 38 61 82 48 27 51 69 17 24 94 46 39 25 94 94 48 91 99 70 18 5 9 10 90 10 41 66 47 16 4 78 8 98 10 69 68 18 63 3 15 52 30 41 73 51 45 35 82 41 82 15 7 52 80 60 29 35 88 75 57 7 2 4 13 68 42 18 26 99 76 46 83 61 38 59 66 79 49 45 39 71 64 60 43 84 7 66 86 66 48 5 55 72 77 94 73 98 81 34 73 18 63 6 35 95 35 45 43 49 15 64 27 86 83 46 37 76 79 57 68 5 35 43 82 26 40 73 99 14 85 12 29 70 12 0 31 27 94 68 19 90 61 31 30 26 98 51 73 84 22 3 19 10 25 36 55 9 72 10 61 5 69 54 39 5 84 3 90 60 53 75 42 54 18 48 100 57 31 74 22 50 90 14 78 85 74 5 36 89 30 97 70 59 35 73 23 19 45 78 100 18 58 44 2 39 39 39 33 3 18 22 37 37 82 34 26 22 5 54 72 44 83 89 100 14 63 81 42 56 78 96 40 99 33 20 47 62 21 99 63 58 100 96 46 46 29 95 54 26 15 79 65 0 96 69 17 17 67 74 50 52 16 2 29 100 98 6 15 68 9 2 17 20 83 43 33 59 83 21 58 79 95 74 70 44 33 93 63 71 54 22 18 46 15 85 99 46 82 91 45 22 83 92 83 17 93 82 90 97 6 59 73 85 40
4 8 15 5 53 49 25 4 30 70 74 38 14 54 55 7 52 94 46 65 61 58 16 56 17 40 50 4 62 33 88 74 26 74 14 48 48 44 30 94 22 3 54 99 69 56 61 12 45 72 47 20 19 24 48 53 15 57 35 65 40 57 92 96 93 5 79 16 41 35 81 62 60 21 2 56 39 11 93 23 94 75 35 60 53 70 67 40 90 88 1 7 20 67 55 17 40 61 78 28 72 70 86 28 22 18 53 89 11 16 96 55 88 25 1 63 22 96 72 66 17 75 94 61 45 61 83 14 64 35 52 3 49 85 79 44 2 96 51 85 14 53 85 19 65 78 2 3 7 89 84 37 66 46 80 78 95 93 63 44 94 79 21 79 71 67 66 28 83 8 15 52 12 63 72 50 95 10 14 67 72 71 25 80 35 71 61 71 88 43 96 44 10 61 61 57 43 34 43 16 33 81 36 34 25 73 93 17 60 95 5 66 88 29 90 41 10 18 92 23 100 18 95 40 23 57 19 47 68 45 50 30 67 74 29 34 92 35 63 3 35 40 16 55 83 65 28 83 32 57 59 100 30 48 16 65 42 27 79 33 72 30 11 84 37 61 2 32 18 96 61 78 51 7 5 33 41 96 82 19 16 84 97 31 57 27 44 2 52 97 26 32 39 79 1 88 63 60 20 58 83 74 91 41 36 89 73 2 85 4 95 69 37 62 2 43 18 100 79 23 39 73 36 72 22 73 25 84 78 20 56 22 52 27 7 16 70 99 16 100 89 61 64 72 25 90 93 20 79 29 91 87 29 38 32 73 77 42 40 84 68 56 43 51 88 55 86 3 60 2 0 77 56 10 27 31 80 53 47 37 83 23 25 60 71 44 51 40 87 36 50 84 94 58 6 47 99 41 96 44
69 89 52 17 69 40 5 79 9 36 29 70 50 40 38 83 59 45 82 90 67 60 55 19 28 68 14 35 49 91 0 76 15 41 13 18 29 73 67 34 19 90 46 28 81 32 92 78 65 90 11 22 96 86 51 52 92 66 87 2 18 28 25 96 41 47 24 27 57 64 34 76 91 8 10 30 52 49 20 12 92 77 51 35 41 85 26 59 68 84 26 28 71 85 15 54 98 81 13 65 64 19 94 20 73 9 41 45 77 73 65 3 69 83 87 49 60 1 92 63 81 33 40 42 86 15 21 28 18 95 13 55 16 86 49 94 25 63 86 95 82 17 57 91 48 96 64 75 97 6 82 28 87 89 48 100 37 63 13 89 33 55 20 49 18 22 96 37 47 47 37 72 5 14 86 18 73 13 32 24 58 47 64 8 69 78 47 37 92 53 93 98 73 48 66 100 63 35 49 23 14 65 93 7 0 48 18 77 55 42 45 2 63 64 43 41 43 49 7 24 10 26 55 19 95 44 78 87 58 99 70 71 23 88 24 81 63 21 65 59 55 56 87 28 21 61 85 1 19 96 63 74 2 85 77 34 51 80 23 50 12 59 51 68 89 37 43 12 66 30 79 83 89 50 1 24 57 16 87 46 62 22 10 43 69 3 54 66 19 66 53 44 11 48 77 61 4 81 20 55 62 69 99 38 16 52 72 71 27 11 38 11 85 84 58 96 64 86 49 54 41 64 67 78 48 89 1 33 76 17 44 38 41 1 45 28 90 98 6 74 68 26 53 9 58 21 84 87 29 63 76 89 38 67 21 92 27 24 77 0 34 52 81 44 60 16 38 8 70 5 40 34 48 65 54 72 66 59 83 6 87 55 75 39 18 12 42 8 94 57 3 87 16 62 54 0 49 58 75 62
59 68 98 29 77 30 70 100 8 32 50 33 33 99 29 11 18 1 27 97 35 72 53 48 50 30 40 2 40 81 59 42 20 19 47 83 7 61 9 70 60 76 15 34 57 75 81 41 66 81 95 40 88 97 72 56 55 7 96 54 77 70 44 37 28 86 52 84 34 31 12 70 70 28 11 15 77 58 38 32 12 48 12 35 75 61 51 98 64 77 52 60 17 32 82 21 63 14 62 92 16 95 54 6 60 49 61 23 33 92 9 93 95 97 88 17 97 57 6 45 22 67 13 25 82 34 60 25 3 24 95 80 53 18 18 74 25 52 73 26 83 0 77 12 13 90 21 27 75 36 41 50 49 100 90 11 72 56 28 48 52 30 49 86 96 32 22 82 11 12 74 58 56 15 54 0 73 27 19 94 38 7 10 21 79 73 89 49 5 22 10 10 61 49 17 24 60 41 83 3 52 84 65 88 38 86 64 5 17 83 70 57 55 31 51 10 11 18 22 5 85 31 0 16 66 46 66 26 27 9 63 11 67 69 79 36 10 10 16 79 55 41 23 19 92 6 93 53 9 5 96 63 69 8 14 66 86 97 59 68 82 23 23 42 76 67 66 35 89 52 46 67 33 11 72 42 68 0 44 11 76 12 36 81 83 74 33 91 2 92 0 69 34 7 78 27 74 54 6 82 79 56 70 61 98 6 13 38 31 9 12 1 30 16 3 74 67 85 60 48 26 18 79 91 63 24 50 45 2 62 14 42 31 16 14 55 44 74 69 0 64 71 20 84 47 41 52 34 71 27 62 85 100 81 95 20 26 12 23 76 73 74 95 91 46 63 4 15 98 21 87 15 2 56 30 5 97 10 84 89 22 55 24 9 49 14 12 97 16 60 24 90 62 94 81 74 19 33 6 98
94 93 61 77 38 75 60 90 67 91 28 20 89 37 43 59 29 8 17 77 37 29 42 96 83 40 100 69 38 89 82 65 72 37 100 17 32 15 40 16 51 2 95 81 93 79 95 36 98 90 12 24 89 14 27 100 34 42 97 41 91 33 9 81 22 56 32 24 70 51 68 69 98 49 69 70 67 46 75 14 57 42 86 33 65 0 74 17 42 9 100 72 6 12 86 62 38 50 74 24 5 2 72 87 36 90 60 56 49 42 97 12 26 35 97 54 6 1 2 7 85 5 34 26 29 30 76 41 59 42 37 84 80 54 75 71 21 76 36 34 99 99 15 60 46 21 15 85 78 5 34 38 40 67 7 98 82 91 19 12 99 38 37 54 3 27 89 81 4 58 38 64 37 30 73 58 95 91 36 8 52 79 38 99 53 75 48 48 43 81 73 45 68 98 31 100 32 26 38 76 78 13 8 23 1 99 96 33 24 5 48 37 84 82 85 100 11 55 72 94 54 58 10 50 57 83 81 42 8 78 41 23 1 8 61 99 46 0 72 46 87 5 31 73 71 11 49 62 44 60 90 98 47 37 40 54 31 56 27 54 10 79 1 29 72 26 39 21 54 48 80 92 15 44 75 100 74 11 85 88 55 96 33 18 31 47 17 41 60 28 42 20 70 56 28 3 55 30 53 4 27 3 50 47 38 67 33 31 97 93 88 30 38 46 12 42 33 90 21 43 68 62 10 79 77 15 27 6 16 59 73 20 16 6 12 33 11 59 59 78 24 84 3 91 21 40 26 29 8 71 85 87 68 65 27 10 48 10 60 79 95 37 80 82 44 45 3 5 84 76 66 58 36 21 73 34 7 80 11 56 9 0 17 87 72 77 78 32 37 4 68 71 25 60 63 12 79 38 9 50
55 74 22 34 67 72 43 84 14 21 38 97 54 76 55 53 66 100 79 13 100 38 97 19 6 90 2 84 1 7 18 85 8 28 86 21 22 86 33 66 44 64 94 85 73 8 90 25 62 56 8 87 97 78 84 55 97 77 73 42 34 7 43 71 73 100 6 20 42 71 0 64 95 47 18 19 78 1 83 62 94 4 31 35 60 41 99 68 22 30 9 42 0 45 80 53 98 81 65 21 77 75 37 79 98 20 24 56 42 33 76 50 10 13 28 58 96 57 25 85 79 60 41 55 33 89 53 21 61 91 94 81 52 24 41 69 69 74 2 88 55 2 2 2 59 4 41 0 89 93 86 23 93 22 87 24 45 17 99 76 24 75 35 19 66 81 78 94 43 1 88 54 58 41 68 12 46 34 58 38 18 81 91 49 55 15 72 2 81 92 86 66 20 8 51 62 81 41 2 15 74 11 27 56 69 27 62 92 76 20 4 77 65 92 100 26 35 49 25 11 48 46 23 31 3 98 10 81 3 85 70 91 29 56 14 42 72 98 88 57 69 48 27 39 54 98 73 32 50 49 17 24 53 34 2 31 11 3 16 97 66 34 42 44 8 40 51 47 79 97 38 89 92 82 63 50 98 64 22 45 86 14 76 70 55 16 13 69 9 62 44 39 11 4 8 19 16 66 93 61 21 25 15 75 100 66 91 72 48 56 78 8 51 80 3 44 56 85 0 2 32 36 56 54 94 25 27 42 70 24 41 76 73 98 35 100 44 13 55 6 20 5 9 38 58 35 1 51 16 25 93 28 31 46 95 41 30 96 70 25 47 0 84 18 35 74 98 15 76 87 48 9 67 71 50 53 44 72 53 10 99 60 90 69 94 44 60 18 51 74 41 58 7 60 75 7 15 32 47 75
87 10 25 94 95 16 13 57 28 54 34 96 24 6 67 88 73 0 54 18 0 98 1 26 48 89 53 57 15 3 75 32 57 21 74 39 24 3 3 67 8 98 10 100 51 21 26 69 84 13 66 85 11 70 57 77 60 91 52 92 24 16 96 9 6 58 29 93 83 44 77 50 65 17 59 98 94 3 19 81 46 13 22 54 24 47 53 13 35 96 40 44 64 43 46 71 78 50 4 79 60 82 62 98 78 79 49 47 65 94 70 9 9 25 76 29 56 43 26 65 21 61 7 70 46 1 23 67 97 25 2 25 39 76 71 88 1 2 35 97 13 6 50 21 1 23 43 89 2 34 38 61 86 59 97 33 1 60 19 18 9 82 38 39 87 17 62 86 79 33 54 91 55 15 80 34 83 81 38 42 12 7 97 66 34 96 53 51 57 85 31 31 65 97 19 50 4 15 9 13 55 53 83 78 14 61 86 27 60 94 96 78 13 5 21 51 70 9 68 36 15 30 17 67 59 41 98 31 87 70 62 58 3 38 64 36 28 50 97 41 15 67 90 8 71 74 61 37 0 11 45 64 96 47 86 81 7 82 12 14 22 89 11 9 84 17 89 49 99 50 70 15 3 40 83 93 99 41 3 28 64 34 85 81 93 73 87 15 86 33 72 29 37 65 54 68 94 81 73 95 96 100 27 65 35 75 39 100 73 64 7 32 37 16 29 82 2 37 90 66 49 96 67 6 35 29 86 98 25 90 84 49 0 92 4 47 78 25 18 43 99 39 74 44 42 2 86 98 78 33 58 82 13 16 4 27 27 2 32 80 52 57 20 73 82 91 71 53 3 69 76 86 86 87 58 74 35 45 91 64 30 13 17 61 14 33 1 68 60 46 22 22 13 82 96 75 90 54 10 57
53 17 51 29 32 76 43 48 31 98 63 17 67 99 66 99 21 25 47 89 5 88 91 22 17 60 96 98 10 15 73 52 25 79 27 13 87 49 51 50 94 80 66 28 4 49 100 17 93 4 89 89 97 81 8 11 99 26 100 41 37 2 63 82 25 88 32 28 9 40 36 86 4 100 69 96 90 92 85 99 15 52 38 12 60 67 59 8 12 41 39 9 11 72 72 68 94 83 49 85 44 60 26 35 70 51 85 1 47 56 77 0 13 96 88 43 61 15 95 100 90 4 33 86 33 37 94 90 35 31 31 45 61 77 5 12 10 90 25 77 52 4 44 46 56 93 42 49 95 30 54 22 2 54 81 13 36 85 14 100 41 63 68 15 52 33 38 10 59 68 65 49 1 60 100 29 60 48 96 40 24 3 33 77 21 49 50 36 86 46 58 46 21 90 22 5 80 85 87 28 52 50 99 12 87 73 19 71 60 25 18 93 77 3 35 73 33 55 70 95 98 60 35 28 13 69 17 79 34 42 94 70 0 39 35 94 23 67 46 20 18 61 99 89 12 95 15 77 63 35 99 63 65 31 88 79 25 58 71 20 6 3 21 66 84 23 18 85 98 74 28 80 92 31 39 91 10 97 31 76 28 43 81 88 9 22 60 91 65 28 16 42 58 93 5 30 12 25 28 95 36 76 43 19 28 4 72 27 97 15 4 64 59 65 44 1 69 92 30 96 3 49 24 18 34 71 13 20 84 24 23 14 80 36 78 76 33 76 79 4 76 52 62 46 58 48 30 32 49 57 53 64 4 79 86 37 42 47 94 68 59 26 17 45 80 13 55 64 6 63 9 1 65 94 71 70 7 19 2 32 35 70 22 2 50 21 100 33 69 79 2 54 69 75 56 2 3 69 49 65
47 81 74 95 63 57 88 61 79 78 78 80 41 43 3 89 28 22 95 4 58 62 40 87 69 72 22 9 78 60 5 88 51 8 33 18 70 13 35 54 12 60 57 17 9 10 50 10 62 50 40 24 71 23 62 85 71 20 20 65 58 54 92 65 25 34 83 13 57 23 65 71 82 37 67 0 5 2 35 49 100 17 100 68 60 35 21 91 25 99 37 33 29 21 26 59 37 72 94 34 26 29 89 45 32 51 47 1 55 94 78 71 11 80 54 8 46 66 65 87 64 69 75 81 54 62 19 93 35 21 53 17 37 40 70 96 20 88 11 44 48 44 91 99 75 54 13 44 31 64 66 24 54 14 15 90 55 64 26 61 66 56 8 44 5 65 35 69 41 99 93 82 35 42 57 83 23 31 49 67 29 100 29 85 42 87 89 39 8 75 20 56 28 29 10 99 61 71 60 87 99 4 81 34 90 93 39 54 42 84 86 47 17 60 56 23 31 51 65 100 8 50 98 2 16 24 12 8 34 21 26 54 90 70 8 88 60 10 73 68 17 96 80 93 27 86 51 88 93 56 7 75 87 11 20 47 48 29 89 45 6 80 12 90 64 18 52 1 55 51 24 16 83 15 66 61 2 65 28 72 65 48 89 2 50 88 89 50 85 59 54 84 50 9 66 77 63 75 93 24 85 77 9 2 15 9 9 100 72 67 67 35 24 42 50 33 77 96 61 61 91 62 20 39 51 7 86 25 22 87 63 60 22 20 96 64 42 31 72 61 46 5 90 49 86 72 93 26 59 60 95 65 94 16 74 75 17 100 1 2 54 26 70 2 44 16 44 16 44 81 91 2 67 97 19 52 42 0 47 49 85 11 80 95 64 74 26 55 52 35 45 96 22 30 25 100 1 69 95 42
49 51 82 74 73 89 43 35 91 93 57 69 53 61 86 57 85 70 72 59 62 6 94 98 51 79 20 94 2 15 5 78 46 19 97 75 71 21 40 16 18 25 61 7 80 68 89 39 10 43 14 81 32 99 37 50 45 71 12 99 5 14 23 31 73 65 40 24 61 54 68 51 1 49 11 52 8 30 80 0 17 10 93 68 61 39 74 73 75 39 36 67 68 18 35 53 28 59 9 64 75 91 67 99 26 88 75 78 97 95 36 31 46 17 14 52 66 21 30 83 98 58 28 85 36 83 72 19 1 55 47 69 18 2 58 51 59 88 24 62 100 48 15 26 59 29 65 32 22 66 61 23 6 11 61 50 72 43 88 80 21 76 36 54 79 43 28 62 12 88 2 22 72 57 7 42 48 48 88 86 89 87 87 32 7 2 49 12 23 50 3 54 96 36 22 95 1 8 27 80 72 12 76 83 85 82 60 30 73 9 13 38 79 45 19 26 80 25 68 5 67 85 91 13 56 1 1 21 93 82 72 90 54 86 65 43 52 62 3 49 24 36 95 61 81 98 25 40 48 97 8 4 64 29 81 41 89 81 50 53 35 26 21 0 17 13 10 78 54 69 5 24 35 95 87 51 88 21 87 13 88 49 10 84 11 78 89 60 20 93 21 19 60 99 98 13 4 86 96 25 91 85 58 17 2 26 60 45 76 75 17 28 59 47 22 30 33 48 61 68 94 90 29 0 15 48 12 81 13 59 16 64 53 98 83 100 38 43 37 88 34 39 43 90 69 15 79 5 57 42 43 20 53 17 99 37 17 47 69 29 18 0 21 97 46 4 36 79 80 25 95 75 82 27 73 71 0 39 87 25 33 44 63 79 52 9 49 70 41 25 85 73 68 72 26 12 31 34 50 95
84 66 91 49 91 76 25 18 8 78 49 4 2 24 50 93 88 54 82 30 70 15 88 43 71 37 61 85 88 84 33 93 6 88 51 58 91 46 36 23 40 46 1 43 69 69 48 17 5 40 56 1 77 81 26 28 53 12 56 70 19 58 13 51 79 52 86 16 61 68 26 33 33 4 38 12 70 44 81 100 23 3 42 37 36 90 32 44 34 75 21 18 4 87 31 20 19 65 27 45 72 55 3 91 96 65 9 70 68 55 29 11 54 78 48 97 66 61 31 59 96 6 24 26 5 0 58 20 64 84 85 60 64 10 46 23 23 53 98 99 57 19 34 15 75 3 37 68 17 35 91 3 16 76 93 23 31 42 98 86 62 85 37 43 87 47 2 31 20 95 5 66 77 38 5 70 26 89 30 86 44 27 81 45 5 80 84 97 49 86 55 53 4 61 26 3 71 12 75 19 60 82 53 2 13 66 77 50 88 69 52 41 69 53 28 5 8 67 1 68 37 44 13 65 0 91 98 2 76 43 37 66 73 48 53 76 28 43 54 75 83 10 42 88 81 68 63 95 97 14 76 4 33 68 37 81 12 25 90 34 50 98 10 67 47 94 93 35 82 64 59 63 24 16 70 55 36 56 17 77 32 8 55 85 24 26 93 6 55 59 5 37 0 82 8 41 29 93 73 43 38 59 50 21 18 81 60 6 65 71 94 84 1 32 11 44 11 67 66 68 29 19 91 34 9 21 53 50 82 39 48 1 44 82 85 88 100 92 52 76 85 45 34 76 14 82 8 38 2 66 18 21 45 68 45 54 69 78 73 5 73 43 98 60 64 10 3 78 94 69 26 3 7 20 39 78 69 89 64 98 7 94 57 28 19 6 26 100 5 29 97 44 4 99 9 84 2 95 9 85
68 49 16 26 59 61 74 70 55 42 4 49 96 0 17 9 96 19 53 16 70 14 16 43 14 82 64 49 29 1 20 65 84 66 53 15 38 97 92 78 88 99 92 34 20 45 37 7 10 19 37 15 76 33 65 25 100 62 83 1 6 37 62 93 82 51 22 34 30 76 90 80 61 36 31 85 92 61 17 100 68 73 52 97 28 55 55 64 77 28 5 10 91 44 20 41 52 25 44 2 76 12 25 52 23 83 63 3 91 26 31 3 9 14 33 34 30 87 19 81 0 75 11 11 47 64 31 28 37 90 50 43 27 47 53 10 76 96 10 98 32 94 55 11 21 7 70 96 96 0 48 63 17 75 16 19 88 5 66 75 26 1 15 25 89 87 18 78 91 65 45 81 30 52 90 97 84 51 16 26 78 34 40 71 3 85 36 20 17 31 44 97 36 75 82 61 42 19 22 25 58 86 7 74 76 12 32 99 47 54 27 82 52 92 45 9 51 65 48 38 47 60 91 94 80 4 21 66 92 44 74 20 1 63 71 94 53 42 5 60 38 23 12 5 78 45 80 80 75 71 82 41 20 8 53 75 36 94 17 56 56 85 91 74 28 61 60 50 36 49 76 56 35 45 82 40 47 75 1 58 74 96 85 61 11 33 63 53 56 24 72 66 99 44 46 99 58 11 3 99 10 66 91 37 50 37 76 92 13 25 12 75 70 71 47 96 22 47 37 43 36 10 78 77 69 10 95 55 19 64 67 58 23 62 6 6 21 59 66 30 68 79 97 45 0 4 56 12 10 89 52 34 45 39 8 40 64 7 53 15 66 4 77 59 37 98 84 25 18 37 82 26 89 58 74 28 11 9 6 70 94 51 66 21 5 40 35 12 31 28 100 35 20 94 68 26 72 24 54 79
95 38 58 53 4 80 38 23 25 68 43 74 88 0 41 49 84 57 43 68 14 1 22 20 55 78 97 71 88 20 26 29 21 91 70 1 11 37 81 3 21 90 22 18 42 2 99 44 2 66 33 88 14 67 16 52 22 78 32 73 24 4 53 18 78 68 85 39 86 40 19 48 29 84 83 94 84 3 13 93 65 9 82 11 48 73 89 61 68 53 0 53 20 19 62 51 83 9 88 29 21 56 43 59 32 6 71 26 78 34 72 100 27 47 77 89 8 29 16 48 11 38 17 3 51 82 56 93 3 73 90 61 72 40 36 61 41 83 31 42 67 58 37 27 94 70 59 60 68 47 32 5 52 40 51 55 31 98 13 36 91 94 3 98 23 84 70 76 85 62 92 71 6 69 97 88 88 14 26 46 28 72 60 81 83 90 20 58 61 24 89 61 86 77 79 54 34 63 52 53 37 29 82 38 8 56 33 13 35 3 3 73 52 86 98 76 94 97 33 57 28 24 33 36 39 97 12 85 72 43 12 82 67 67 63 39 83 50 39 20 74 2 74 15 39 4 71 59 46 34 24 47 86 1 99 97 10 1 24 97 62 68 68 95 34 12 70 22 64 92 60 57 71 98 90 98 99 37 45 15 17 80 15 86 77 18 99 63 36 79 50 45 47 92 76 59 9 17 81 84 42 69 41 45 6 49 74 11 13 23 3 26 92 9 37 26 75 87 9 69 15 33 62 3 11 56 41 21 23 49 35 54 65 11 77 27 24 90 16 19 13 84 26 49 26 41 7 95 88 89 65 90 90 49 6 42 73 81 75 2 37 67 34 73 67 46 25 18 95 0 22 30 27 72 53 59 33 100 50 35 23 61 30 85 10 35 86 92 26 33 84 66 16 65 31 7 47 9 23 81
77 68 33 97 48 25 5 34 26 34 81 88 85 80 70 16 18 18 35 10 73 70 48 65 65 28 91 15 87 60 47 89 51 91 49 98 45 64 32 61 79 7 54 33 38 43 53 39 0 91 45 97 68 20 20 18 3 98 7 25 59 48 61 10 35 40 15 37 65 3 7 23 85 68 39 2 71 24 75 88 4 73 32 64 72 10 46 8 53 87 2 22 52 64 10 34 53 16 28 78 29 21 88 23 61 0 45 1 68 98 24 95 34 64 53 64 30 92 34 85 87 69 23 38 47 12 75 31 4 37 77 76 65 67 21 48 93 65 26 70 41 99 5 4 46 75 58 81 49 72 3 41 33 11 89 5 8 85 14 16 89 19 91 83 79 15 80 63 37 84 1 96 50 63 39 70 15 64 18 7 75 42 96 22 4 77 86 23 71 26 70 17 60 20 66 11 45 52 49 79 66 20 64 65 73 61 53 74 79 66 69 87 66 64 13 36 14 77 73 41 92 9 5 64 74 30 10 23 11 6 57 68 50 98 90 85 66 35 26 19 40 68 66 2 21 56 34 52 56 17 62 44 53 75 98 22 3 33 45 90 95 17 99 44 39 9 63 94 64 83 31 65 96 94 56 37 46 89 59 14 79 55 84 62 87 75 94 11 97 43 4 80 74 79 83 36 68 76 12 21 42 65 15 88 52 40 16 76 33 8 90 78 78 48 60 28 0 34 63 21 23 34 58 8 13 11 7 28 49 76 70 40 24 63 96 93 13 22 41 54 90 64 51 57 76 83 72 70 54 86 26 81 32 81 39 9 88 66 67 0 70 74 60 30 56 65 69 33 78 58 44 28 97 65 100 2 91 48 9 71 15 77 11 2 76 79 3 83 26 43 36 58 39 96 90 14 19 14 48 3
78 22 27 9 36 42 79 24 36 89 61 16 47 18 53 41 24 1 52 47 47 41 59 82 43 47 17 24 86 90 25 66 86 10 65 23 37 48 21 52 85 96 18 94 78 74 1 55 97 10 23 79 5 94 56 79 43 19 21 7 45 51 51 21 27 47 63 49 10 8 8 57 22 53 37 87 85 45 6 22 27 11 67 45 98 34 97 74 77 56 98 48 62 20 63 12 34 76 81 8 86 17 19 52 17 1 86 46 89 29 11 66 62 5 30 0 20 41 33 76 55 27 86 30 13 35 86 88 12 8 99 27 8 78 57 89 40 38 15 59 86 2 79 16 47 33 44 44 2 82 59 93 76 89 82 74 45 28 89 86 76 28 18 41 100 46 2 89 44 85 43 64 92 93 10 50 81 38 70 82 73 99 62 45 39 77 51 92 76 98 95 54 25 89 37 48 85 84 97 66 80 3 34 80 50 94 43 78 45 45 43 75 87 56 83 50 74 85 55 18 61 48 53 98 73 49 27 29 11 53 92 51 0 17 51 47 7 17 54 10 20 2 37 20 3 57 22 48 94 40 27 24 71 20 16 65 69 75 57 92 24 73 83 19 74 32 29 79 61 38 41 35 20 89 60 68 78 25 62 62 7 64 83 29 85 94 65 67 79 74 25 1 20 84 41 83 17 14 92 60 85 61 6 92 20 80 58 35 30 73 4 94 11 64 53 57 48 44 94 53 32 96 42 2 8 76 28 20 78 90 73 5 64 9 37 39 28 54 93 63 33 61 80 30 32 66 21 99 42 21 56 82 7 98 6 35 50 72 57 93 6 32 46 67 12 24 32 87 9 3 81 60 53 18 60 3 84 78 63 38 99 48 61 64 65 6 53 93 96 39 55 35 26 33 33 82 65 73 52 69
45 16 50 20 30 1 93 33 100 81 44 72 8 56 75 34 61 35 19 35 5 99 66 68 85 5 1 55 12 43 13 32 57 79 31 81 41 52 10 3 8 82 71 39 78 38 59 29 7 31 14 64 73 32 20 50 75 11 84 54 42 78 41 3 50 42 0 56 35 9 6 24 52 34 5 54 19 29 67 70 31 42 19 52 64 44 85 34 58 94 50 43 82 89 34 48 58 22 11 33 14 11 71 72 52 60 30 95 86 48 3 52 98 25 69 59 57 99 84 91 28 26 99 87 12 10 86 95 73 73 74 64 58 12 66 88 6 51 16 31 56 75 8 79 31 99 15 7 27 55 100 0 67 55 63 93 100 53 85 4 44 17 25 66 44 19 5 73 7 45 61 66 37 57 61 68 76 96 73 42 49 16 11 54 97 8 29 64 32 61 71 92 56 42 95 56 97 9 88 34 68 82 21 42 48 92 34 62 42 87 53 78 73 81 20 27 88 41 14 55 62 68 92 32 47 29 85 20 54 57 89 68 59 45 76 67 79 94 52 12 5 69 55 76 53 83 74 18 81 76 49 94 16 91 35 79 40 81 51 37 55 29 80 17 4 76 75 67 55 30 78 19 71 85 95 97 80 75 90 78 25 5 26 68 81 5 2 15 1 39 91 22 73 0 12 49 25 42 6 12 92 21 75 96 75 8 10 36 43 7 96 7 22 40 52 77 87 27 17 42 44 8 21 59 23 58 12 36 9 42 59 8 66 28 94 19 15 27 30 37 91 72 89 88 17 4 40 50 67 68 48 91 40 89 1 50 94 20 66 26 21 81 1 53 33 13 54 57 65 39 33 85 10 57 10 27 12 37 41 34 39 22 47 44 49 1 64 45 21 27 89 75 64 65 57 81 26 48 98 10
70 82 66 75 74 29 99 67 31 93 13 86 71 78 25 73 51 83 80 69 73 46 43 67 23 98 39 93 96 87 6 23 65 4 27 57 69 50 42 42 47 17 96 65 58 42 60 46 84 14 23 60 41 74 42 29 54 76 15 11 83 65 77 66 18 2 40 44 32 44 89 98 94 92 40 53 25 28 42 81 15 25 11 7 75 50 90 33 41 57 26 42 9 29 42 98 52 42 90 72 29 27 82 39 31 93 89 91 3 23 43 10 14 78 67 11 25 48 13 20 88 97 3 6 97 5 99 84 19 14 71 70 35 86 42 82 52 17 96 88 33 78 85 44 14 67 57 56 76 61 41 27 49 28 56 98 33 49 78 77 43 23 86 81 78 55 34 20 68 41 70 99 36 68 50 52 0 85 93 43 26 54 0 61 69 13 68 75 98 89 37 56 3 97 85 91 33 98 44 67 34 66 53 37 16 65 77 14 22 27 3 30 95 27 76 2 18 14 40 10 73 52 67 9 84 43 62 9 55 88 25 50 76 48 82 12 69 43 29 68 55 59 39 13 31 75 2 2 83 2 14 64 39 25 29 7 96 46 100 57 77 66 94 4 12 42 32 15 67 53 63 63 11 17 68 3 19 69 72 83 49 19 13 84 51 11 77 96 23 92 83 48 95 46 30 22 56 70 24 17 12 53 41 18 89 76 23 44 40 15 38 27 88 99 2 39 87 93 79 40 44 25 5 20 25 14 21 18 10 86 60 15 17 59 99 92 9 36 71 28 81 5 76 30 95 71 87 17 9 57 89 30 36 2 25 33 15 99 54 26 49 87 43 95 79 37 93 55 84 87 83 75 0 54 96 74 98 48 33 78 63 9 85 75 23 78 35 35 58 1 27 16 100 6 97 54 25 61 56 28
96 15 79 85 47 3 4 94 35 47 15 90 43 22 60 88 100 7 40 20 73 59 5 8 38 14 61 60 16 15 4 22 4 4 94 31 21 22 32 82 11 38 60 29 54 46 68 93 96 42 29 17 74 74 21 93 35 33 43 86 31 30 77 5 99 23 38 44 74 18 44 73 66 68 84 57 44 60 83 49 87 69 62 36 60 40 63 0 55 31 74 25 46 82 30 65 29 89 5 60 92 1 11 46 78 29 67 23 91 8 79 66 89 78 69 40 15 99 55 86 45 25 71 57 48 1 60 9 69 76 51 84 45 0 72 62 33 5 90 33 84 8 46 7 71 49 45 55 84 69 12 45 80 44 10 67 77 35 42 17 71 5 73 18 57 35 8 17 51 94 6 37 1 7 1 43 10 50 59 73 4 35 53 42 81 51 95 42 100 42 55 83 80 100 25 50 57 78 35 56 11 14 67 41 18 25 75 56 60 7 3 69 82 64 30 24 97 31 93 36 49 28 23 82 82 69 28 56 79 91 85 11 100 62 96 60 62 16 60 64 4 3 55 89 62 17 86 58 75 86 8 98 33 11 4 73 32 49 93 72 38 34 92 1 41 92 16 0 89 0 32 96 32 34 88 96 71 50 29 49 9 29 13 14 63 25 89 64 1 64 63 36 52 17 68 26 33 22 91 80 6 8 26 20 79 24 56 11 48 47 55 87 0 92 90 91 68 46 57 25 39 36 8 70 87 49 26 10 54 19 77 96 22 58 4 56 28 41 93 93 100 60 28 97 33 78 32 93 95 4 89 77 28 75 62 95 49 77 23 35 97 73 80 89 38 52 92 8 69 98 71 84 94 68 44 47 94 3 58 79 15 60 54 100 98 60 48 76 64 94 3 30 17 18 78 5 41 11 42 92
79 55 11 13 79 56 59 92 66 47 6 21 21 46 59 92 70 65 35 9 87 76 98 51 66 53 60 12 63 80 70 92 86 21 58 100 21 19 27 45 52 73 35 76 6 7 15 65 91 84 96 50 4 6 24 85 68 10 95 53 68 9 16 30 31 94 73 80 48 37 62 56 57 43 57 32 64 60 48 19 14 83 26 60 43 35 69 88 75 84 95 63 3 71 25 36 90 79 15 46 87 88 95 11 68 79 28 96 91 53 10 81 71 55 43 76 3 11 82 94 70 32 14 84 67 98 74 36 19 89 67 21 88 30 71 74 43 96 38 29 25 100 35 58 18 97 28 19 41 20 26 0 6 24 38 40 8 73 5 84 66 62 16 47 30 44 63 69 38 73 65 82 43 29 100 67 16 56 7 20 68 30 85 74 10 66 5 68 71 5 96 38 90 21 53 72 75 84 11 37 8 70 14 47 56 54 9 72 64 76 85 12 14 43 28 87 35 63 70 75 39 94 99 82 42 43 88 17 27 79 35 38 42 45 88 5 82 40 49 50 50 20 99 98 62 41 30 53 87 91 96 61 91 71 77 95 48 65 85 60 72 14 25 96 67 94 41 87 98 78 23 23 59 44 76 83 97 70 73 61 97 60 99 97 61 0 59 2 56 34 75 41 72 27 4 53 34 82 90 39 12 72 32 59 84 54 89 35 1 65 56 95 74 46 1 22 74 43 71 27 41 11 84 49 85 81 41 17 27 11 92 58 63 81 63 13 44 43 1 88 20 40 94 87 42 1 31 65 35 2 12 3 71 29 34 89 91 33 5 74 5 43 47 64 39 2 99 58 81 21 26 53 73 47 60 15 68 87 93 53 67 43 89 91 13 85 67 22 2 95 13 53 87 48 18 93 71 46 74 99
55 65 53 70 8 25 14 53 17 69 3 0 24 46 11 7 18 93 76 70 54 68 50 96 45 61 44 88 42 88 26 2 46 34 17 54 93 10 74 78 44 79 39 99 22 15 56 34 2 85 56 35 9 4 31 52 96 84 64 81 14 28 84 10 40 92 74 87 35 7 88 75 4 35 36 5 59 27 0 68 41 40 63 69 78 67 59 2 94 43 9 73 4 58 6 44 58 31 25 69 13 9 3 71 89 12 20 90 15 88 21 55 59 47 90 51 72 17 97 90 90 22 16 10 47 83 43 99 16 78 58 3 88 16 56 3 72 7 7 69 71 47 68 72 52 100 15 25 74 41 18 14 65 33 31 37 28 8 98 78 92 27 3 83 30 81 24 61 12 68 99 13 28 61 65 99 54 80 15 73 7 44 11 5 25 82 84 57 84 66 51 71 68 57 14 84 31 82 93 8 91 1 30 8 75 99 12 48 19 42 41 13 71 20 13 38 43 61 97 25 28 95 89 92 80 56 95 2 4 89 25 37 31 98 7 37 86 17 48 61 84 5 77 23 30 6 29 8 64 82 54 37 58 86 94 90 62 51 15 42 2 22 96 60 29 81 67 57 78 46 14 98 36 70 73 42 55 12 35 40 11 61 27 8 74 23 70 90 31 34 29 80 97 15 45 87 35 24 76 85 69 12 52 9 56 77 53 93 92 96 98 82 91 8 16 43 57 10 37 26 28 91 63 58 16 47 99 20 45 80 69 51 12 15 99 41 66 73 64 34 57 69 62 38 25 58 69 62 45 51 81 13 79 47 34 82 50 46 1 50 95 57 100 96 84 34 42 47 3 82 13 29 55 100 46 73 98 52 81 14 70 76 26 42 82 45 80 50 52 51 92 52 39 16 62 89 12 74 8 68
59 58 5 19 84 78 49 58 34 47 49 75 63 72 90 57 37 81 5 67 65 84 59 21 50 83 5 16 50 40 6 98 56 47 45 32 30 2 40 99 62 55 51 58 18 98 31 42 9 11 24 64 37 97 71 32 7 49 43 95 8 37 4 47 82 60 78 54 91 32 11 9 4 3 22 34 96 65 86 31 53 0 67 71 45 57 83 96 88 77 57 59 25 92 53 67 12 54 66 92 77 17 0 20 13 12 33 70 3 80 92 21 61 100 7 96 2 66 37 4 67 40 69 94 41 21 91 13 97 6 97 61 47 19 54 69 57 77 27 61 62 88 93 71 33 9 8 77 100 89 27 79 26 72 96 19 12 95 66 16 51 55 21 49 92 24 77 54 34 81 38 66 38 45 28 17 48 12 58 36 28 80 52 97 88 44 65 20 32 24 7 50 38 61 42 67 13 76 2 83 1 50 2 78 28 53 6 81 81 31 79 0 74 24 89 77 91 35 38 54 43 72 57 17 84 49 42 37 27 97 43 31 26 30 71 12 95 37 1 62 52 18 90 64 51 50 5 31 73 27 79 13 4 19 26 2 55 69 86 1 97 100 81 60 49 96 69 37 67 54 51 3 15 16 64 19 33 89 6 69 66 71 72 44 96 100 46 67 84 74 71 91 40 2 13 14 54 55 27 67 79 42 28 76 57 78 46 35 66 86 80 92 92 80 4 6 52 67 15 69 35 67 95 24 19 99 24 43 78 68 57 67 15 88 83 35 94 90 34 67 85 55 85 46 28 30 91 56 58 9 58 9 13 73 98 22 15 75 79 97 1 42 0 84 97 85 45 4 17 31 6 5 33 89 55 8 99 50 79 59 62 28 25 93 15 19 55 49 2 6 72 47 41 67 30 98 24 99 56 72
57 4 58 38 62 63 4 100 36 43 27 66 19 74 36 13 85 45 14 60 53 23 72 3 31 50 55 94 42 27 90 89 94 90 53 15 13 65 37 43 18 38 39 88 76 13 62 77 34 54 2 88 61 68 27 79 55 97 83 45 64 6 6 2 10 23 43 6 72 77 35 19 34 85 22 0 98 2 35 52 14 86 58 51 25 99 12 33 57 41 96 72 75 83 80 100 12 70 5 88 92 3 34 74 22 66 83 13 64 24 60 41 44 41 96 1 24 51 0 35 4 65 92 26 19 41 99 47 10 46 47 84 49 61 5 15 32 1 16 27 32 73 4 97 55 78 46 30 48 20 72 37 70 41 97 97 8 58 24 61 80 44 68 56 44 46 69 1 15 37 12 43 61 39 5 86 81 46 65 62 4 41 38 64 78 26 82 42 2 40 4 79 38 3 5 4 65 9 28 36 94 29 76 44 97 63 66 84 41 55 24 59 88 10 91 20 85 29 63 8 13 44 89 62 57 68 60 70 1 59 81 14 97 5 42 17 50 15 19 3 20 29 99 91 13 32 78 8 92 48 24 86 39 31 63 38 15 72 73 74 61 56 9 97 66 7 39 31 85 7 61 32 26 42 84 52 22 60 6 23 21 93 12 25 97 43 71 42 3 35 40 42 0 76 71 52 12 50 76 64 38 85 29 21 66 73 18 74 72 82 54 59 82 60 96 32 98 53 53 2 55 75 32 80 38 0 7 77 54 96 91 19 15 86 77 53 78 39 66 85 3 74 78 24 48 1 36 83 93 7 54 89 7 61 5 10 71 33 21 4 97 39 3 5 58 95 44 76 81 82 74 4 32 80 9 44 9 27 41 14 33 83 68 60 24 30 15 49 89 10 68 52 36 39 21 38 92 78 51 96
42 35 52 100 39 28 18 63 79 80 81 26 3 61 80 87 84 64 71 90 2 48 61 53 16 98 46 99 98 18 38 79 47 95 14 78 5 73 40 87 9 57 38 16 34 28 67 61 11 96 29 19 17 8 2 87 66 47 3 49 20 45 56 30 17 40 9 61 10 85 66 24 88 66 84 57 33 36 66 1 99 7 46 18 67 37 6 26 49 46 5 13 40 59 83 95 12 19 84 57 45 46 49 32 2 87 2 92 49 87 74 90 19 33 17 21 38 23 17 64 95 58 20 84 98 25 69 5 89 24 83 6 55 28 81 37 31 5 96 74 34 72 69 96 81 33 57 69 46 55 33 60 54 42 87 79 9 70 69 7 38 89 52 43 12 73 55 31 81 66 56 85 75 74 22 91 50 33 65 43 32 54 52 43 43 36 81 47 6 34 78 59 57 25 69 93 3 13 60 3 70 53 75 29 85 13 35 64 67 63 82 23 7 34 23 39 32 13 62 37 15 91 55 40 49 10 90 13 37 2 39 33 36 40 68 2 48 4 65 47 32 22 7 22 14 40 32 4 50 43 1 23 57 40 82 83 43 22 25 97 43 46 85 88 35 20 29 17 84 0 80 74 96 79 35 2 85 60 66 84 14 29 18 57 3 54 10 6 13 57 23 56 98 67 42 51 90 32 30 83 41 18 99 94 63 30 38 82 92 80 5 42 32 17 54 0 55 0 46 3 15 2 1 89 56 90 86 39 79 48 90 36 62 79 88 60 27 39 5 49 92 26 60 37 48 55 4 71 37 69 13 15 89 28 78 62 77 12 77 12 43 80 40 85 33 40 37 59 40 31 1 2 64 100 78 67 40 38 22 17 67 17 28 24 81 93 81 10 83 3 6 81 92 90 44 7 58 60 37 16
17 25 64 78 68 70 0 17 64 59 97 46 40 15 22 6 43 36 21 17 4 22 81 23 82 70 77 31 77 31 15 46 14 11 38 99 1 61 57 44 1 36 36 89 97 73 13 11 75 100 80 54 73 37 33 5 77 36 92 52 42 69 5 74 89 80 73 33 81 13 7 44 31 89 96 36 52 41 25 33 65 84 71 29 51 66 83 88 2 38 99 96 92 7 90 31 92 7 31 27 92 92 75 46 48 94 33 24 78 73 77 12 28 73 76 29 7 31 74 67 76 22 99 39 74 12 96 69 47 68 4 48 70 57 99 46 57 17 1 5 9 15 9 43 16 41 87 73 38 96 86 52 15 4 12 29 21 96 30 72 3 71 87 44 96 93 27 81 7 69 37 9 17 79 76 29 68 74 94 71 13 93 36 32 79 8 94 51 43 77 41 89 2 52 68 48 74 96 4 39 24 78 26 42 50 69 57 39 10 40 1 100 79 96 22 78 90 96 91 93 85 28 99 9 78 36 61 6 49 37 68 66 28 74 81 39 70 61 13 28 54 82 40 92 37 10 100 67 35 77 30 44 20 45 10 42 12 30 9 29 91 74 58 58 74 13 30 22 19 6 81 27 8 69 70 0 79 61 34 77 93 4 90 31 76 38 87 94 12 83 47 6 68 82 2 92 44 21 81 54 43 54 65 14 14 8 22 95 12 89 65 15 30 74 26 87 45 81 55 37 53 94 91 96 5 87 82 69 58 57 68 77 32 29 55 11 27 13 73 20 84 92 49 53 53 94 20 55 67 49 57 36 86 74 51 8 72 56 55 64 98 84 75 29 21 91 48 86 33 24 98 50 59 21 33 32 77 55 51 55 94 91 6 28 79 88 73 10 45 41 10 25 71 69 35 9 46 81 87 42
90 97 12 31 50 99 26 78 67 38 0 66 70 32 9 76 65 72 77 24 39 91 88 79 3 92 20 41 70 34 55 100 19 74 23 5 25 58 12 49 68 46 84 43 38 41 99 19 94 49 27 76 1 44 0 52 10 15 19 88 18 91 36 12 71 25 91 100 46 72 13 25 65 31 20 57 66 88 34 82 77 71 4 14 84 82 90 39 64 35 58 75 1 59 70 56 76 87 98 65 39 89 80 88 22 51 16 95 86 16 23 82 17 93 53 73 93 84 91 85 61 40 62 73 7 11 62 30 27 53 10 8 97 33 74 22 47 53 1 51 5 17 62 4 23 4 4 73 10 54 23 99 91 68 39 32 92 3 49 100 24 43 93 45 42 25 44 67 26 88 18 67 25 81 30 3 61 65 79 62 39 79 10 56 15 20 85 7 92 94 12 66 53 15 0 59 16 27 4 7 47 16 89 82 93 67 84 71 51 7 41 69 9 97 68 95 81 18 40 70 36 39 44 45 69 16 5 60 54 65 45 88 9 77 97 69 91 54 27 66 41 68 81 0 11 52 82 93 10 59 38 79 6 55 14 72 15 85 55 71 54 77 32 21 18 60 76 88 100 83 67 11 4 91 7 96 84 23 56 93 53 41 60 50 76 91 27 18 78 3 81 35 49 27 43 68 53 59 11 66 14 46 33 65 81 10 65 60 72 39 76 73 5 18 18 0 48 52 41 58 72 57 34 27 81 74 11 44 95 45 53 67 12 84 25 46 61 4 79 40 33 26 70 100 96 46 89 43 81 58 49 74 88 59 2 48 85 15 94 81 61 0 15 76 82 6 90 90 74 29 5 52 4 14 74 18 93 55 92 97 25 1 24 38 97 74 70 70 19 94 15 75 44 62 3 80 79 82 88 50
86 32 25 97 71 40 40 90 17 84 60 73 91 67 24 24 95 63 34 15 71 16 35 16 32 60 63 62 56 74 45 65 95 33 52 1 10 10 49 74 76 16 56 20 14 48 18 45 97 55 47 57 95 86 16 84 80 0 3 52 8 70 89 12 94 37 43 91 54 68 17 88 20 37 95 14 21 28 40 20 27 29 92 62 68 85 73 97 100 68 23 57 15 11 2 1 98 60 91 44 99 37 91 78 90 71 42 67 62 87 59 77 71 57 85 47 37 15 18 95 20 17 79 32 34 81 71 3 18 37 85 56 46 59 80 41 74 86 70 7 31 93 97 56 11 14 68 59 75 28 15 20 58 23 95 62 97 72 27 28 91 21 55 59 50 38 16 39 36 53 75 64 28 11 6 73 53 11 31 30 66 84 93 54 63 8 53 45 38 72 41 42 60 8 16 89 62 58 9 15 9 34 67 35 94 43 86 84 65 94 4 42 29 20 79 67 50 9 5 80 59 31 53 50 22 79 52 58 30 84 16 78 22 75 81 85 67 98 66 36 59 40 23 42 89 89 7 42 46 15 83 32 56 16 80 86 79 84 66 5 38 90 10 18 7 99 16 36 6 47 98 27 81 72 4 32 67 32 38 8 1 77 11 19 100 3 63 60 4 64 83 1 7 0 14 76 83 85 50 63 94 80 8 22 26 53 67 49 89 80 64 24 72 91 93 73 92 13 34 68 24 53 62 58 72 9 82 53 1 42 35 97 67 73 97 14 56 0 89 8 68 13 39 58 35 53 61 12 7 3 65 46 74 95 48 38 63 3 98 13 77 61 79 29 10 81 87 10 84 53 91 29 56 35 72 31 94 64 23 47 43 56 38 80 12 39 29 74 2 54 69 42 60 35 88 21 47 97 63 7
7 11 12 82 35 45 25 23 27 17 39 68 43 84 58 98 12 11 3 51 26 83 99 56 61 0 61 29 38 62 18 45 17 12 89 36 56 85 9 51 40 13 76 60 82 78 5 21 85 60 29 12 100 22 58 5 51 85 55 23 0 54 59 79 17 47 67 28 16 90 32 53 43 54 55 46 78 31 43 57 39 35 73 6 18 98 62 32 52 75 37 55 43 74 20 66 65 86 7 69 67 55 19 38 3 71 32 1 55 9 61 70 12 31 26 70 57 6 42 5 77 35 19 53 81 65 39 27 89 37 43 11 86 85 90 46 60 2 59 83 38 13 5 74 82 42 7 83 95 78 38 27 94 26 82 38 37 68 11 75 57 88 30 32 14 64 78 36 51 12 58 74 52 31 71 50 49 80 37 29 65 17 35 99 61 86 0 61 91 98 93 24 86 84 56 72 6 26 74 11 22 42 41 87 4 6 3 69 99 79 36 71 89 35 46 63 27 76 68 37 11 54 79 7 63 66 78 48 25 76 39 52 94 11 37 51 99 89 12 34 43 60 48 83 88 73 1 47 39 34 20 25 74 14 24 6 55 22 43 11 88 86 61 91 38 69 89 29 18 10 79 19 21 35 39 58 34 92 84 68 8 4 56 92 58 43 33 72 7 100 0 76 70 31 90 34 44 80 45 81 76 42 95 61 14 41 5 50 80 22 50 33 93 31 61 92 13 45 47 20 56 63 46 36 42 15 94 48 80 35 58 52 99 31 51 51 19 6 64 75 20 14 53 93 57 35 71 58 53 29 74 93 83 26 99 17 64 23 95 87 85 14 54 11 45 65 82 68 5 39 100 9 78 35 88 77 9 33 61 41 12 11 31 54 54 77 82 19 26 94 41 49 52 31 29 11 56 26 60 16
73 31 25 47 49 68 59 80 86 79 44 63 51 31 93 70 22 0 71 74 16 11 76 46 34 10 15 99 54 66 98 45 83 32 85 62 68 63 82 57 93 8 20 25 16 88 34 43 3 3 15 16 37 17 29 56 10 15 2 54 15 48 34 60 98 33 48 74 11 29 28 97 48 72 91 42 0 66 58 8 88 76 41 19 60 27 89 47 38 78 78 8 89 1 25 69 4 32 92 17 74 13 35 54 68 62 91 71 98 49 89 25 28 24 30 50 46 89 34 46 63 23 95 26 30 31 75 61 66 75 36 38 4 90 83 100 23 48 60 9 97 83 1 82 77 94 0 13 98 47 37 60 97 33 33 50 85 49 97 84 12 9 66 54 6 95 62 29 67 28 25 16 98 8 15 85 27 10 81 30 48 40 57 16 72 26 53 95 33 82 27 58 43 63 8 43 97 84 86 0 42 97 38 88 50 97 65 72 80 80 93 67 62 14 21 20 31 53 23 82 46 51 99 44 99 90 64 28 77 100 45 56 96 45 81 48 58 53 34 5 76 51 69 81 84 52 27 17 49 90 67 66 50 42 24 54 34 61 68 17 5 54 35 67 76 96 19 60 18 63 5 25 28 78 13 56 22 4 92 53 10 86 30 38 78 29 64 36 38 13 22 53 56 7 68 85 21 56 40 15 26 21 89 4 33 47 3 46 67 0 93 68 29 45 31 36 12 58 77 56 61 77 83 41 95 51 74 29 0 46 22 93 74 24 18 99 3 91 44 4 27 29 26 42 36 84 26 31 13 59 89 88 83 34 24 48 42 50 75 39 71 61 20 98 72 78 67 41 42 4 17 41 0 40 57 87 32 40 37 39 33 0 52 76 83 17 100 37 100 96 33 98 16 50 18 52 79 31 21 42
54 83 14 59 67 37 26 33 50 21 50 9 63 45 39 72 1 47 0 18 49 64 98 6 69 41 45 31 26 29 87 92 15 85 21 16 16 61 53 60 57 18 34 20 84 65 21 42 32 19 59 77 10 42 85 75 72 13 79 35 17 76 14 76 38 48 5 41 86 100 58 97 32 34 60 2 16 22 79 50 71 11 73 98 66 18 22 68 84 100 16 10 5 37 96 89 1 44 18 73 88 54 60 4 43 56 83 22 81 17 20 65 61 56 66 67 69 28 12 78 10 73 88 87 15 93 34 31 85 73 14 14 25 48 13 45 45 2 50 93 95 12 91 33 0 93 62 92 14 83 76 18 37 49 14 75 54 45 49 35 5 78 47 7 57 59 13 57 52 38 86 89 52 57 11 44 26 46 67 98 49 39 56 8 79 54 57 94 74 94 21 27 48 80 62 96 67 79 42 14 63 46 13 43 85 65 45 5 49 52 7 13 35 78 47 12 71 19 85 82 97 53 11 35 4 98 59 71 20 41 49 2 69 22 70 59 38 22 95 10 65 93 60 10 79 41 59 62 100 22 81 31 83 40 84 74 31 5 51 29 20 4 47 23 42 3 1 98 18 16 31 34 86 82 15 62 61 31 99 13 82 99 98 23 38 5 24 22 42 88 89 20 16 62 0 24 78 9 76 62 69 73 58 56 4 46 37 34 64 55 53 47 46 52 34 80 3 64 79 63 78 28 79 30 28 36 56 37 54 8 31 99 19 22 77 44 3 72 18 40 18 90 3 95 12 88 73 67 88 39 61 86 74 70 82 99 64 14 81 65 32 1 19 1 90 6 77 0 10 78 66 18 31 50 53 90 79 84 42 98 53 24 92 66 77 34 32 89 13 8 84 27 57 1 35 94 63 22 66 87
76 31 38 47 91 53 13 36 42 35 87 26 49 23 99 77 98 97 0 83 4 43 52 56 15 62 15 86 4 78 24 71 86 90 72 14 13 85 50 0 23 14 17 23 7 34 39 9 12 21 53 97 60 41 26 4 1 77 21 4 55 40 92 44 34 93 3 29 39 20 49 29 86 22 58 34 52 82 91 88 83 90 31 56 99 98 0 17 82 57 53 83 55 49 44 43 73 3 40 62 12 52 46 31 86 92 29 30 7 78 65 33 66 38 37 7 67 28 4 87 2 3 98 10 28 34 62 69 94 55 2 28 57 59 39 47 80 83 0 80 88 79 86 37 12 54 93 57 61 27 36 16 34 11 73 97 46 73 52 62 38 88 84 86 88 21 87 67 74 36 33 56 56 87 35 77 70 44 42 31 7 60 54 97 41 65 69 75 48 55 28 30 88 18 76 13 32 58 11 0 5 0 26 67 11 63 46 18 24 71 80 64 97 84 59 18 55 21 100 62 84 96 27 59 94 54 10 26 46 58 12 55 49 1 44 69 97 22 99 89 75 41 68 75 28 83 36 46 99 69 19 43 47 68 9 74 36 26 87 28 29 83 76 90 8 23 45 84 72 4 80 25 54 37 76 73 74 94 45 22 27 74 38 13 31 65 37 10 25 5 42 77 29 87 6 62 8 55 38 29 60 2 77 55 30 89 77 40 6 86 9 8 3 65 49 10 47 34 61 7 35 4 21 8 98 49 33 86 9 49 1 80 89 82 69 55 95 97 29 86 16 12 35 91 33 46 60 90 27 6 72 35 43 18 19 23 35 38 19 73 15 36 4 20 68 49 62 70 63 64 2 10 87 15 48 100 75 1 21 47 36 12 31 15 38 67 27 77 3 50 36 94 10 72 31 100 18 12 40 8
5 75 9 1 27 25 6 10 55 66 53 36 25 24 11 86 1 75 50 97 23 23 73 24 93 53 16 16 6 30 17 3 81 33 66 51 80 17 27 10 96 78 20 81 29 36 95 93 64 19 87 80 80 79 58 54 2 62 94 76 15 83 25 5 18 28 97 93 91 73 49 2 14 63 25 72 99 11 26 59 52 62 13 6 0 31 58 95 57 62 79 58 60 95 52 47 90 45 62 78 18 83 44 55 28 9 29 94 81 75 49 57 95 75 40 22 37 65 18 75 90 86 31 16 49 29 85 18 100 71 14 46 0 82 19 9 57 40 41 24 30 69 71 38 9 6 22 79 76 74 99 65 77 94 56 67 22 82 54 63 0 93 73 66 85 97 53 51 38 72 61 70 5 64 19 16 10 7 57 29 32 26 86 0 95 74 94 18 19 60 26 27 43 41 3 54 36 94 71 57 32 8 43 17 33 42 100 23 19 72 57 69 71 13 92 83 25 87 90 61 25 91 14 35 61 61 8 58 93 20 98 2 94 59 24 52 25 36 46 63 38 41 64 82 23 18 52 70 74 39 80 53 99 22 98 76 33 90 32 77 58 100 92 56 64 39 79 76 76 0 66 28 80 46 100 9 92 9 95 54 57 82 30 48 65 9 64 73 91 83 99 43 38 56 30 69 36 96 100 47 39 34 90 43 2 54 60 8 86 61 12 53 93 72 38 50 32 99 55 65 29 24 89 83 9 70 46 88 50 24 74 54 30 49 51 93 78 37 59 93 60 93 92 20 100 84 25 6 89 64 41 56 88 79 53 38 5 89 92 37 42 65 20 46 51 73 74 93 82 0 61 64 23 53 95 78 88 54 83 19 68 82 72 38 57 36 16 33 58 34 54 71 93 65 5 44 61 98 2 22
93 15 90 62 63 27 85 17 97 5 68 50 23 61 29 91 59 82 12 75 66 75 97 41 45 21 1 81 39 78 5 10 83 6 48 84 100 61 35 18 55 14 75 30 63 3 32 66 28 80 58 85 90 97 68 41 13 88 52 54 86 92 70 7 76 42 9 90 82 28 97 75 90 58 76 100 15 8 12 52 17 82 11 50 58 74 15 96 59 3 11 99 15 81 71 48 54 44 84 62 20 6 20 55 41 33 52 98 57 41 49 68 81 13 42 16 74 41 99 27 100 47 40 100 69 84 39 31 59 90 86 20 14 10 64 16 31 50 29 7 95 96 22 50 52 58 47 91 82 59 87 11 54 92 47 99 39 64 94 48 32 58 94 100 2 32 36 0 35 75 62 89 78 11 24 3 54 37 57 75 84 90 27 79 95 68 19 83 15 62 73 43 97 53 13 58 20 13 90 87 99 4 41 67 63 44 82 26 81 1 32 49 34 6 86 68 47 60 69 39 96 48 25 49 20 96 73 44 84 80 7 46 61 81 34 45 71 43 36 56 69 61 20 94 33 31 71 72 47 22 18 55 58 13 82 60 60 84 22 22 97 83 38 24 36 79 5 58 25 35 85 49 60 14 90 59 92 72 72 34 56 1 85 19 62 17 4 82 34 41 29 85 15 60 81 89 42 46 46 40 67 82 91 53 65 55 66 29 76 54 4 93 21 53 34 40 2 36 73 5 17 66 72 40 93 85 98 42 92 81 10 23 95 37 91 75 15 22 44 73 47 77 21 72 4 58 38 6 89 39 33 51 67 61 13 93 31 28 82 73 97 18 11 36 38 10 34 9 69 39 48 81 36 83 71 23 55 66 56 39 81 52 8 63 57 69 65 40 42 9 71 89 17 68 86 15 71 88 25 9
29 77 43 61 31 13 90 88 28 75 90 8 54 39 35 3 71 20 80 39 28 80 64 33 89 67 94 80 67 38 10 84 0 23 29 70 58 94 40 69 37 60 32 36 4 51 28 26 39 54 99 60 98 90 21 94 2 35 23 80 18 43 61 41 46 2 27 71 63 30 31 37 58 21 32 61 61 88 24 34 47 8 64 94 87 13 51 65 4 36 25 67 29 94 13 38 36 94 19 41 12 14 86 66 14 39 59 1 19 67 89 32 60 23 4 45 19 48 24 19 4 73 95 81 67 76 60 26 33 71 39 75 73 89 60 87 39 22 100 74 14 87 79 93 22 14 84 6 91 29 33 38 69 8 55 90 65 98 87 52 22 50 92 56 44 51 11 75 52 46 53 77 92 73 89 15 86 51 41 25 6 7 42 18 50 69 66 22 95 80 91 12 51 0 63 38 26 92 23 51 84 69 62 5 76 84 61 14 12 64 83 88 10 13 4 63 38 30 35 7 77 29 89 37 75 3 82 24 75 71 12 27 94 78 29 32 40 4 83 1 97 31 21 81 39 34 71 69 58 89 63 64 33 100 66 100 25 5 69 55 5 60 57 15 87 92 14 30 50 69 60 93 71 54 2 95 35 41 33 25 33 14 93 17 66 11 95 42 87 65 3 78 19 16 34 8 25 78 4 11 25 3 43 11 12 35 94 29 50 79 24 27 3 18 58 90 54 14 35 24 78 56 73 26 61 80 43 69 16 77 8 59 35 73 18 0 58 63 21 96 29 45 79 19 36 23 5 48 77 77 23 87 94 15 72 30 40 49 1 41 80 51 91 33 7 91 73 69 35 15 31 94 18 97 5 81 21 83 64 34 25 58 12 5 96 20 62 85 62 59 2 18 40 20 48 22 23 46 6 47
96 80 24 53 62 37 75 44 55 20 1 53 97 54 3 89 13 46 74 56 13 3 89 1 52 86 68 71 57 43 22 93 20 79 92 29 75 65 11 20 84 89 12 71 91 5 29 78 38 37 48 71 56 91 3 64 36 65 98 67 69 72 11 89 1 62 26 33 47 68 47 20 29 62 92 36 85 33 46 11 42 70 73 29 50 90 48 19 31 7 62 39 18 74 61 84 4 46 47 92 92 85 69 96 38 56 98 75 15 23 21 19 30 36 55 97 47 63 46 46 14 90 83 64 59 95 45 16 95 60 79 2 72 93 7 20 55 19 24 92 46 82 66 6 21 9 91 64 58 13 85 45 29 11 39 35 98 25 43 83 66 43 89 6 90 88 84 97 58 60 12 73 43 48 20 31 66 93 20 21 41 0 2 7 76 3 46 10 80 1 67 40 44 88 34 15 0 4 96 13 3 4 35 13 70 75 88 17 37 29 56 8 70 84 76 37 57 0 93 20 35 9 84 49 99 27 27 44 25 65 9 100 79 69 86 33 31 69 87 31 40 2 64 47 63 72 92 47 30 52 12 72 88 14 10 62 32 98 25 3 47 6 28 78 49 16 14 51 5 73 26 62 96 25 84 57 29 44 96 29 49 45 15 100 65 69 87 87 37 14 14 3 60 40 42 62 12 98 21 58 26 97 4 46 39 9 93 44 27 51 77 15 87 5 74 66 98 3 44 43 9 5 64 10 79 25 43 82 38 57 23 19 93 75 54 29 47 55 25 18 25 86 94 47 30 64 71 4 72 63 51 45 50 76 18 6 100 72 4 96 31 46 67 93 96 39 99 52 98 0 56 42 71 62 60 71 27 63 71 17 55 22 96 78 31 49 76 90 88 31 37 47 96 37 22 44 19 61 81 15
80 48 65 83 96 86 35 85 85 80 82 53 76 96 96 23 47 25 9 79 99 93 3 89 47 87 53 69 21 74 92 43 45 4 72 12 96 26 31 91 1 2 1 36 70 48 95 79 87 39 91 90 19 4 67 18 25 8 63 46 79 50 68 32 61 82 19 82 55 93 73 82 33 77 38 43 61 60 35 61 33 50 13 1 88 70 48 69 23 5 73 28 65 15 14 50 58 92 40 11 98 73 24 42 91 83 8 89 20 66 0 35 14 64 36 59 54 18 59 5 61 94 1 55 70 56 36 99 69 25 52 24 30 82 43 98 42 66 55 88 52 23 0 62 87 11 70 69 20 57 65 62 36 50 63 56 57 65 96 41 98 53 93 55 14 70 85 80 1 54 30 5 26 35 37 0 71 82 59 99 56 19 34 29 79 97 76 91 56 6 1 48 65 30 68 80 38 48 76 74 51 15 92 28 16 42 23 90 37 5 24 96 81 26 51 91 80 20 27 53 59 71 23 67 36 42 18 74 94 72 59 79 84 49 51 72 68 51 63 52 22 14 20 65 87 100 35 46 6 22 98 87 46 42 78 31 14 80 23 53 63 16 44 72 54 71 14 59 80 48 8 91 48 37 68 5 26 85 92 31 21 86 94 11 22 4 54 36 4 22 21 38 2 43 99 31 84 74 30 13 4 28 45 78 38 42 81 96 63 88 49 71 28 88 46 0 39 84 78 27 13 37 35 6 6 33 72 85 35 66 73 10 72 69 48 33 78 28 100 33 4 11 72 22 61 100 68 10 8 77 42 86 17 60 59 82 0 88 17 68 45 70 11 55 62 37 58 69 13 72 42 11 1 6 5 67 62 77 91 38 90 43 59 66 43 39 10 81 2 24 2 87 72 97 21 26 75 36 24 7
43 55 93 92 65 41 79 92 72 63 84 96 31 91 42 64 85 97 53 60 35 57 32 98 83 86 16 66 68 85 39 67 70 13 83 15 60 62 51 35 93 0 24 1 39 64 87 19 81 70 37 97 37 43 24 25 68 79 90 25 86 55 44 10 23 65 58 84 43 45 16 32 31 73 1 89 42 39 56 22 2 47 100 26 91 46 70 13 8 28 78 23 90 10 83 39 85 2 32 49 61 94 12 73 86 51 81 0 50 41 91 87 18 21 0 84 69 90 79 58 0 61 74 17 11 7 16 33 74 57 12 54 36 69 58 77 90 31 27 47 47 62 49 4 56 4 16 62 30 31 24 72 59 80 0 98 68 25 32 92 15 0 18 5 75 96 25 14 94 45 21 0 55 50 36 63 94 59 81 36 14 75 97 100 58 63 11 60 88 58 58 68 62 41 8 62 66 11 38 61 8 72 82 57 95 40 86 62 16 94 11 69 77 9 37 46 7 58 100 90 37 92 85 92 46 64 90 90 92 72 36 30 34 55 77 45 92 55 16 59 98 8 51 93 97 76 28 79 60 31 79 84 37 21 52 87 88 85 54 72 46 92 13 90 97 44 26 84 50 52 32 70 65 62 33 53 76 88 52 20 70 75 93 78 41 11 33 12 87 68 59 16 3 42 36 70 43 39 100 87 35 92 21 64 54 10 60 57 7 8 24 70 87 20 99 41 46 14 83 71 88 29 100 79 21 47 74 28 55 1 29 29 73 29 77 23 41 51 79 17 80 34 43 41 40 1 53 26 78 54 86 96 40 26 48 72 14 93 58 28 50 98 91 26 10 64 10 56 36 13 61 63 56 82 63 79 67 72 96 77 47 26 91 96 97 13 1 15 85 32 27 10 98 41 24 10 59 17 32 35
1 15 83 13 70 37 11 36 60 12 17 44 66 14 87 26 45 82 3 27 50 22 9 45 21 60 31 50 58 28 75 72 36 78 23 71 51 74 36 53 84 45 85 78 90 67 29 3 24 50 56 1 8 100 100 13 30 54 39 14 9 44 35 1 71 36 6 0 88 26 92 93 49 41 7 56 20 40 90 78 61 0 94 16 19 26 13 99 21 0 81 73 53 11 16 78 30 52 78 89 77 36 67 75 92 95 78 42 10 18 91 36 16 90 96 6 90 9 52 35 52 79 11 64 59 61 41 0 38 35 68 74 92 61 69 82 76 32 85 23 43 41 64 11 72 91 11 16 62 99 20 68 69 57 53 100 60 78 82 13 78 76 92 13 48 66 1 20 8 87 99 3 83 69 8 49 74 16 60 5 76 32 17 4 17 19 9 61 26 77 3 46 19 61 41 27 75 71 98 70 41 84 51 42 20 75 78 79 38 98 20 35 35 49 37 9 0 54 41 50 74 5 45 51 17 46 59 50 44 76 68 45 97 66 54 38 43 7 40 37 36 65 53 25 24 93 26 55 27 19 77 51 99 72 17 71 84 52 69 11 31 13 90 76 69 69 51 78 57 65 10 81 96 53 68 63 63 46 3 77 69 36 52 57 14 96 49 60 1 0 13 93 99 43 6 27 70 76 79 84 60 19 63 12 71 83 54 49 15 10 47 3 69 48 47 97 77 88 66 31 20 76 33 72 12 31 15 79 20 57 28 33 14 65 27 38 7 21 57 40 29 45 22 8 96 100 65 11 87 76 44 18 58 4 35 86 52 26 21 52 32 55 36 62 14 17 26 58 7 99 90 90 22 83 54 49 51 8 85 43 62 27 43 54 96 50 37 20 62 97 5 78 10 90 57 83 26 92 78 97
2 78 99 41 39 59 15 17 5 1 62 85 31 23 0 18 91 33 6 23 68 85 55 48 11 11 22 83 9 0 31 96 1 16 73 49 43 83 8 38 55 27 72 93 23 72 41 58 49 5 82 87 73 43 36 73 96 94 30 35 48 75 25 58 84 95 84 24 67 32 49 41 84 42 12 95 87 24 73 96 49 28 98 10 85 58 60 30 55 85 90 32 29 66 69 53 100 22 31 40 91 99 87 54 5 39 9 47 11 75 89 59 51 26 56 60 16 43 86 98 95 36 79 57 1 86 10 83 53 47 66 51 75 23 57 49 58 2 100 29 81 58 9 35 82 9 11 39 73 70 51 50 73 17 19 97 22 43 41 98 44 91 81 56 19 54 74 90 75 0 61 11 31 7 4 37 30 51 15 9 73 42 93 30 16 67 59 92 18 73 48 40 9 97 52 13 16 2 28 52 20 95 52 39 42 36 3 31 62 37 74 63 49 65 57 32 57 46 10 93 36 11 41 8 62 81 93 10 51 83 81 57 8 77 75 42 82 68 56 11 59 56 35 7 11 85 3 29 38 89 27 91 82 71 89 72 7 40 38 12 2 66 63 42 42 0 34 28 1 73 8 58 28 89 75 49 94 96 75 81 33 76 80 99 10 96 22 98 8 69 50 100 80 56 5 56 31 58 52 11 61 45 56 37 97 40 4 98 54 1 65 18 72 26 92 63 43 64 83 57 45 53 45 90 3 82 45 51 12 53 50 87 77 27 44 62 3 50 35 23 45 93 91 97 25 61 68 95 55 2 21 57 96 1 36 78 50 61 0 82 72 16 87 99 73 29 97 13 34 82 17 30 57 30 26 15 23 97 15 7 61 55 22 18 54 6 42 31 66 99 71 67 30 28 80 22 96 34 80 75
71 37 92 87 44 88 85 40 93 89 78 9 23 48 35 47 3 46 89 49 14 23 57 30 59 93 22 15 4 24 74 75 8 37 19 68 88 36 73 46 58 16 61 75 81 51 69 52 39 44 17 11 24 78 82 22 91 11 28 20 27 100 82 42 68 64 90 0 36 36 59 100 1 87 26 77 18 86 69 70 87 97 15 98 49 72 39 63 99 96 88 31 52 25 1 26 69 94 32 64 0 71 41 91 58 60 91 37 100 58 32 92 40 23 84 90 65 86 68 78 47 23 9 20 13 82 61 60 48 95 32 7 4 82 55 87 30 19 20 75 79 59 84 77 30 69 84 67 58 31 40 93 45 61 33 0 96 37 69 80 4 70 44 24 2 50 93 37 15 86 4 100 22 93 47 21 81 71 89 13 37 1 37 32 37 58 35 17 6 35 40 42 83 96 12 79 86 27 1 53 14 80 7 83 90 24 7 23 62 17 35 45 94 14 86 20 58 95 67 63 28 77 11 68 37 27 14 4 46 39 39 50 48 88 45 24 41 19 94 79 24 46 15 34 26 64 3 69 4 61 53 91 19 32 20 57 82 58 61 57 18 21 64 9 48 52 80 10 39 72 35 17 64 84 20 72 20 48 58 39 97 64 45 45 36 41 36 63 38 24 59 85 80 84 59 88 16 14 4 2 6 2 31 1 59 13 8 56 25 45 8 77 1 91 35 4 76 0 64 79 62 98 77 27 55 98 8 8 52 73 94 19 96 37 76 58 7 32 57 50 32 88 75 38 92 55 10 34 35 61 85 87 81 49 29 63 73 40 76 1 16 97 93 90 22 60 29 81 29 81 10 33 88 40 9 49 74 45 44 28 64 14 73 17 78 89 13 86 12 26 23 76 60 56 94 80 94 3 96 36
56 73 46 78 81 7 3 76 7 27 38 69 8 50 29 7 61 37 28 82 23 39 89 42 77 45 98 79 90 19 89 3 58 100 3 34 45 72 83 25 79 36 72 41 35 65 83 81 20 76 2 66 85 34 45 33 7 59 14 83 25 13 24 34 81 72 82 55 75 3 45 16 15 76 24 37 93 3 88 87 2 57 26 81 6 29 24 15 34 69 40 12 29 19 63 26 15 13 70 92 22 29 23 78 9 96 54 12 45 7 58 75 66 46 44 75 61 100 41 6 95 100 44 62 1 87 32 47 37 83 20 66 51 10 32 55 70 9 51 84 20 3 73 46 89 17 5 61 18 95 2 24 6 26 35 61 65 49 43 13 2 12 69 10 65 3 65 61 42 11 66 5 97 72 92 3 65 64 90 50 75 25 55 38 2 0 75 35 93 27 76 96 18 64 79 5 18 54 85 26 43 0 45 17 60 15 10 85 45 79 67 92 75 72 0 40 93 3 1 16 66 62 43 75 31 79 41 46 35 3 66 91 67 37 66 26 0 70 82 30 77 94 25 59 35 77 50 41 95 88 18 48 35 48 98 59 25 80 92 1 92 16 56 5 59 64 26 29 89 3 61 23 89 73 77 98 70 98 56 31 37 24 49 34 33 76 7 69 95 33 59 10 56 10 11 3 27 27 50 21 30 34 45 56 84 59 55 47 75 27 24 68 93 82 34 36 93 63 25 29 73 39 54 39 46 7 89 4 38 9 69 17 51 5 85 76 49 18 19 35 83 8 27 11 74 48 4 61 7 61 53 98 64 0 35 17 39 3 43 59 30 15 20 36 85 63 35 31 1 5 8 32 38 63 38 66 37 69 46 43 41 23 75 46 100 2 83 67 52 52 45 81 100 100 10 18 43 75 74 3
30 87 95 100 93 70 35 87 0 13 95 74 37 21 62 2 31 0 41 48 35 29 39 72 1 34 25 56 56 6 26 55 0 100 20 27 43 70 87 78 93 16 88 14 3 54 37 46 64 90 5 82 40 93 73 52 47 10 57 91 45 1 19 36 66 48 10 25 80 14 14 72 60 7 42 90 48 19 25 59 31 5 81 72 5 92 52 38 53 42 82 11 15 54 24 8 27 76 33 40 0 2 44 97 82 26 36 38 29 86 98 70 35 71 13 6 46 17 71 77 78 74 4 83 30 17 60 12 59 46 7 94 22 50 13 42 48 66 2 17 80 27 86 88 68 34 7 61 61 5 78 79 44 95 32 47 30 6 4 30 35 37 71 49 38 4 6 65 18 47 67 66 43 24 1 38 74 62 97 57 17 63 31 6 58 0 18 22 99 9 4 8 36 77 28 1 44 2 65 12 67 66 42 27 41 60 0 56 14 67 54 80 97 19 71 75 50 25 93 29 46 50 31 7 57 16 39 2 65 70 10 38 15 72 71 7 12 50 24 73 40 42 35 36 67 87 10 5 90 31 70 32 93 95 2 17 36 70 84 83 56 61 100 12 4 68 67 27 20 85 28 99 70 10 85 46 83 73 89 42 43 69 45 45 31 3 16 79 10 34 49 71 31 17 30 62 72 99 5 5 68 42 14 72 88 5 93 48 55 99 68 55 92 83 94 3 10 82 84 70 24 91 40 46 27 21 81 68 62 15 7 39 66 33 98 27 42 50 69 46 76 75 94 49 36 89 59 55 84 51 37 83 81 7 68 70 74 18 2 96 10 42 26 94 48 80 96 60 15 4 68 81 15 90 9 7 49 3 0 21 53 84 39 60 12 78 65 24 49 65 93 12 25 42 81 19 87 72 9 94
25 70 18 84 15 27 70 3 59 56 50 88 85 79 10 58 76 35 51 79 63 31 54 89 54 85 37 14 68 32 6 70 62 32 2 36 3 44 27 11 28 41 14 100 62 44 3 26 44 54 43 93 75 76 58 52 60 85 69 42 98 90 94 9 82 24 62 7 63 39 96 40 76 81 9 93 35 29 80 62 74 63 1 85 74 93 41 27 51 18 7 30 43 64 37 25 89 15 9 76 26 76 57 10 58 91 81 13 28 63 53 88 92 57 27 93 95 93 82 15 26 34 79 51 91 8 28 44 69 59 23 30 91 10 29 62 56 48 37 77 46 86 14 79 52 92 41 61 100 7 82 83 96 62 6 53 15 88 21 56 15 2 32 16 7 5 64 0 83 62 71 41 49 39 93 97 95 35 10 97 25 93 79 77 44 21 19 98 36 30 18 80 30 9 31 87 36 56 100 27 52 7 73 56 99 49 20 28 42 95 35 22 86 73 98 86 89 0 39 4 31 68 52 53 16 31 92 98 51 9 96 54 12 17 80 65 9 52 34 10 59 38 52 47 20 27 7 38 92 74 19 75 77 38 90 2 66 69 65 58 60 96 23 38 16 0 44 88 69 84 35 45 81 29 52 61 89 55 2 12 73 13 7 73 75 43 43 34 91 32 85 60 30 70 83 61 23 91 46 56 10 19 0 6 27 85 68 61 14 62 10 5 61 24 89 63 7 33 92 15 14 58 99 35 27 40 52 45 98 31 80 17 99 27 67 76 43 76 58 26 24 78 35 29 5 11 33 84 94 36 59 5 65 89 71 68 25 89 69 43 75 11 35 50 87 17 45 30 8 56 0 1 41 40 55 26 97 56 1 17 68 36 27 82 86 57 93 45 50 75 60 30 10 6 34 27 53 87 60 71
8 71 52 25 70 81 32 31 68 93 34 37 61 9 9 19 34 33 3 26 88 44 14 63 42 36 11 50 43 58 67 7 94 12 81 72 34 25 75 28 25 15 33 45 77 55 8 38 24 85 64 11 36 12 100 38 22 0 20 38 68 55 86 98 57 79 74 14 92 75 28 86 40 54 50 76 72 5 87 96 17 27 82 74 94 53 15 51 9 61 2 30 29 69 92 4 87 92 33 62 22 60 57 75 36 42 77 55 81 44 99 37 52 60 4 38 22 96 14 19 77 52 77 5 44 37 75 51 34 16 82 18 27 36 23 83 99 29 42 91 29 16 40 91 84 68 58 46 57 8 9 76 15 84 26 81 68 46 29 89 19 3 38 85 48 70 81 1 87 92 81 3 12 42 24 35 82 0 75 17 57 100 74 84 24 19 15 21 11 46 17 51 76 59 48 18 94 19 9 35 86 20 93 99 6 53 8 42 59 75 61 45 83 97 88 12 39 5 15 40 48 77 79 86 42 26 17 57 20 84 17 2 28 39 63 88 17 60 29 90 43 45 24 91 56 14 32 7 20 23 57 47 22 30 99 28 12 7 20 87 35 91 92 4 6 82 64 98 37 19 59 28 24 47 18 42 1 78 29 63 24 67 5 56 35 0 69 42 15 75 29 57 21 3 52 66 18 97 97 73 72 36 43 38 36 69 16 48 83 50 53 62 76 49 86 24 51 89 41 66 60 41 68 84 32 54 18 94 36 43 95 50 9 94 85 24 42 13 22 41 78 84 40 4 80 93 40 67 86 29 49 32 45 77 90 0 18 85 87 24 1 80 39 69 68 11 13 71 24 52 23 19 2 59 39 50 19 10 63 92 51 71 27 95 10 87 29 26 50 13 3 66 10 100 78 4 17 94 28 64
10 38 30 84 60 95 45 33 70 25 51 49 25 25 5 31 99 20 40 93 62 96 88 35 31 72 40 40 41 12 74 10 46 17 77 50 42 13 21 25 87 29 9 57 95 64 68 63 91 99 91 97 3 69 73 59 21 17 54 11 42 14 59 97 51 69 46 40 54 90 76 26 62 15 75 8 75 0 87 28 92 48 11 86 68 95 90 100 97 97 96 82 41 47 84 3 58 24 89 94 67 51 99 67 45 61 25 11 78 74 31 76 53 10 35 47 10 90 98 7 37 3 34 2 65 50 55 79 87 7 0 59 1 58 57 29 71 17 70 86 46 74 42 81 79 42 43 42 96 44 68 86 56 92 1 43 23 50 79 45 83 0 30 37 59 74 12 68 43 13 5 24 80 20 67 62 32 66 42 26 52 50 57 89 92 21 57 97 82 75 71 20 56 55 43 71 34 84 88 15 10 22 93 6 76 83 54 33 96 11 85 91 8 55 75 98 8 82 17 36 40 36 74 32 85 3 80 49 7 100 2 82 76 96 62 99 86 59 60 83 74 56 56 16 22 15 66 47 14 38 17 18 43 28 75 95 6 12 94 11 63 75 79 90 82 70 61 68 72 94 33 79 62 74 55 29 20 93 45 21 11 75 94 76 43 36 6 27 75 29 32 59 22 87 5 11 27 46 0 87 35 34 96 3 0 37 36 7 8 16 85 13 91 27 1 47 62 86 3 25 86 1 85 44 40 71 35 53 88 90 11 95 63 18 48 1 51 77 39 71 43 87 92 68 83 65 12 65 86 39 8 23 16 98 97 50 49 9 92 11 98 61 31 32 90 13 60 99 91 34 99 74 73 98 21 77 4 85 73 25 68 27 28 33 52 54 67 10 58 89 14 7 37 55 40 27 88 13 32 36
31 90 64 61 59 53 38 11 31 30 32 97 62 8 56 49 35 99 98 87 49 56 68 48 93 1 9 51 88 97 98 74 31 17 22 66 69 13 39 58 99 96 38 50 76 39 7 23 24 48 78 48 45 23 47 6 72 96 65 7 6 26 10 27 55 18 88 85 76 93 19 9 97 72 12 16 85 93 2 96 6 98 7 13 19 65 44 85 63 0 43 8 13 76 58 75 1 57 0 100 24 56 52 15 8 55 25 19 88 73 78 13 81 6 3 13 59 29 42 4 98 96 39 50 30 10 19 1 65 75 20 37 49 70 15 83 45 96 15 28 12 38 79 56 95 65 6 36 18 8 98 4 37 63 0 94 92 38 93 52 63 13 90 32 86 91 95 69 46 2 30 56 29 41 5 62 44 49 69 7 40 39 24 15 29 20 75 54 19 86 31 81 3 17 89 82 86 99 71 60 79 2 90 13 50 30 33 92 69 90 76 3 83 1 89 12 57 27 91 52 25 16 84 7 95 32 20 79 67 20 58 93 61 17 99 17 91 69 22 89 8 93 73 49 31 62 49 74 70 13 17 46 98 30 89 10 40 59 10 48 57 59 32 87 89 46 7 93 95 31 12 86 80 54 55 14 58 17 82 34 23 100 73 56 51 38 70 51 92 39 96 87 70 30 36 55 30 33 83 77 83 81 11 65 41 88 67 20 44 21 40 30 47 22 90 42 28 47 31 53 94 59 26 100 28 0 93 64 50 87 40 7 34 96 79 42 52 25 44 46 90 85 53 44 18 73 99 17 65 85 33 57 72 67 58 99 9 7 65 11 90 66 41 58 42 48 99 8 74 76 12 59 30 49 22 34 64 54 1 97 93 70 88 43 28 76 68 67 88 88 65 5 68 53 45 55 17 79 30 98
31 64 69 33 11 99 83 60 95 73 43 95 54 2 3 67 94 20 85 54 60 5 7 35 49 30 93 79 82 12 100 36 69 17 59 90 53 68 80 14 66 92 18 84 65 50 38 72 60 19 22 58 0 33 42 89 20 53 34 86 76 8 8 97 90 16 63 80 24 87 1 50 82 58 55 6 24 14 6 10 11 13 48 99 83 29 11 10 89 83 84 60 47 60 61 12 10 19 53 92 44 5 62 33 24 27 38 17 76 25 0 3 47 82 100 53 89 70 51 1 77 3 46 59 29 79 20 75 37 72 84 50 65 53 84 58 22 74 95 50 4 93 68 11 95 48 59 90 98 33 81 50 56 70 80 31 74 12 49 71 81 27 49 99 98 18 11 65 30 3 28 45 42 51 58 22 33 48 84 97 5 76 0 67 95 96 70 98 8 40 96 63 6 18 28 83 21 37 66 70 22 26 64 44 44 10 47 65 15 17 37 12 14 71 25 31 62 31 4 92 91 33 29 87 92 81 94 85 52 70 67 87 77 38 91 45 52 69 87 45 65 83 80 18 26 97 14 34 25 18 30 98 6 45 47 72 94 34 37 9 87 97 72 52 2 83 85 21 30 45 42 43 10 60 56 28 10 47 50 9 55 4 54 14 45 37 15 99 79 64 49 60 100 41 46 97 93 2 75 26 88 42 89 95 29 0 94 78 39 54 76 59 24 83 88 69 84 61 0 11 18 67 25 78 28 25 62 45 79 46 66 65 12 54 84 40 78 97 73 68 91 14 29 35 13 72 71 89 31 43 7 75 61 37 68 15 42 85 22 45 93 23 7 83 11 26 24 44 90 92 89 3 82 19 34 49 57 15 4 28 94 92 14 40 16 59 35 5 91 10 68 63 72 25 33 2 25 2 53 60
65 86 41 20 0 97 60 52 30 40 8 37 85 64 70 95 17 23 24 14 18 44 41 41 62 53 84 48 91 87 4 68 4 34 20 85 53 16 1 83 99 83 72 19 2 21 57 78 69 93 19 41 65 89 71 60 33 74 34 87 97 92 26 1 59 97 18 20 86 58 35 12 29 65 21 2 34 87 100 96 3 47 83 86 77 95 17 61 12 11 53 90 60 61 17 18 87 73 33 56 33 8 21 82 71 79 62 9 37 98 50 35 95 87 61 67 36 20 32 60 47 97 66 77 0 4 52 69 22 0 40 35 76 93 30 84 29 48 37 25 3 51 48 28 98 51 99 16 28 74 87 67 65 67 90 69 85 72 53 6 24 58 19 6 98 38 90 41 54 41 8 45 96 67 70 32 57 48 100 32 82 30 48 18 33 58 76 5 79 46 86 91 13 19 72 81 80 19 53 4 40 36 70 87 16 82 17 48 42 17 32 79 91 99 73 85 92 36 80 83 81 54 86 68 33 21 32 85 66 22 29 71 33 38 28 21 51 84 99 41 45 75 5 8 56 77 97 49 48 90 50 46 70 68 4 51 34 90 98 67 70 96 88 61 51 93 99 28 59 63 84 71 94 22 34 66 45 8 74 85 62 34 73 61 8 69 29 81 82 66 15 50 18 27 7 10 44 63 99 23 15 93 68 30 44 24 30 31 93 11 35 40 15 8 44 43 11 43 21 40 35 79 99 58 36 58 89 7 92 63 72 22 80 82 12 51 48 30 90 12 76 2 13 30 62 21 47 94 26 83 33 77 91 81 14 89 51 47 48 71 4 59 92 95 23 27 44 94 7 18 26 91 63 93 12 9 49 99 1 31 98 53 48 0 15 36 8 4 51 46 22 54 61 69 61 19 14 98 97 57
44 12 49 31 59 83 33 52 16 95 77 99 63 88 87 89 37 10 25 92 34 39 37 56 2 53 29 87 81 98 63 15 61 57 48 75 31 100 3 63 46 40 87 65 63 30 14 92 16 87 63 7 27 78 57 37 58 45 39 73 6 38 91 51 25 37 87 100 33 86 77 51 29 87 51 46 79 39 39 42 10 40 42 62 76 89 50 84 46 48 68 86 7 51 41 16 81 61 12 0 6 45 100 60 22 16 70 94 89 94 13 28 72 69 32 53 56 42 11 15 57 28 7 0 45 45 100 95 26 49 74 71 33 10 89 70 55 57 47 39 33 25 44 63 26 67 25 81 7 96 40 89 80 42 15 21 84 28 81 25 46 42 87 82 24 66 18 38 98 84 25 84 50 19 81 15 78 45 83 32 23 15 25 79 64 43 65 38 17 62 72 39 51 94 97 21 91 12 88 30 16 29 90 28 22 25 38 35 83 38 70 37 41 8 88 5 22 44 5 63 87 55 1 7 70 38 76 51 93 5 41 26 72 72 47 70 32 72 59 78 48 28 83 17 1 100 0 66 14 6 85 69 32 35 47 39 5 11 14 69 65 28 38 100 93 100 7 30 53 57 89 19 7 32 98 85 91 87 2 68 87 51 9 38 33 84 71 81 35 20 39 99 88 50 46 68 18 77 74 28 76 29 55 86 20 23 95 2 6 85 79 70 62 6 17 14 47 43 35 50 75 57 68 39 1 3 41 7 64 9 34 51 12 54 64 76 100 9 73 15 23 25 46 77 27 27 13 40 80 63 48 14 13 1 63 61 60 73 47 92 72 60 63 93 100 16 81 17 96 63 13 35 68 61 13 15 80 34 96 0 97 19 87 45 82 75 85 42 17 24 69 57 89 40 89 68 2 82 30 1
97 44 5 89 36 21 81 63 33 24 60 91 83 40 85 84 59 50 50 10 63 24 91 71 97 57 51 86 27 39 47 56 14 84 13 30 44 44 5 76 54 86 68 38 9 74 18 64 67 56 19 84 61 54 61 77 46 57 56 78 40 57 24 97 72 20 2 79 7 45 92 7 56 13 22 93 81 22 75 98 65 20 57 46 43 16 91 95 82 22 90 8 27 3 67 52 82 62 36 48 18 27 94 84 33 28 42 21 6 27 64 18 70 91 12 96 19 63 18 59 71 72 25 13 23 85 67 13 71 73 99 65 75 78 75 58 62 41 98 45 0 31 15 51 50 14 98 95 47 62 75 93 45 84 31 54 31 6 76 82 73 96 18 5 59 42 99 54 19 90 94 49 63 32 67 93 0 33 70 96 81 47 16 22 46 15 86 50 33 58 81 16 24 91 0 69 12 93 37 14 90 99 49 90 71 69 63 47 51 56 39 47 15 83 36 60 8 77 34 28 80 97 73 95 67 57 85 22 73 51 98 19 33 88 24 82 44 48 55 96 29 28 57 71 23 14 22 9 57 74 78 87 77 50 82 13 6 48 47 78 99 64 53 87 9 36 13 18 30 39 29 51 78 7 44 95 71 57 20 27 94 70 11 93 26 84 63 59 0 93 74 9 40 12 95 47 70 28 9 94 78 26 9 55 25 70 81 11 31 58 83 86 54 99 66 43 43 97 31 33 1 99 47 84 26 39 33 3 96 19 44 7 89 87 22 6 75 88 40 25 45 83 37 64 88 49 38 42 92 44 97 92 76 66 53 24 25 51 97 32 92 61 36 80 92 77 10 95 35 22 30 51 66 41 52 41 45 15 65 36 93 90 70 54 26 12 55 87 39 41 93 29 92 13 79 59 18 54 8 19
38 82 65 73 44 91 81 73 88 53 31 79 24 35 50 34 30 69 38 98 72 90 58 85 29 6 29 54 46 83 67 78 67 60 72 0 31 67 76 97 5 89 17 85 41 67 88 1 4 50 47 39 87 93 95 5 15 47 94 47 18 92 7 28 57 1 42 65 2 23 29 16 100 59 76 58 58 63 66 23 29 92 9 29 23 50 3 83 94 21 98 33 86 50 4 72 39 17 75 94 73 53 16 51 24 1 48 40 72 89 36 5 26 43 8 75 96 82 51 0 46 80 45 55 96 30 97 2 87 98 51 28 7 23 56 50 84 15 2 70 10 18 76 12 59 31 52 37 36 0 43 83 30 77 53 86 9 14 26 82 88 70 4 11 21 22 59 53 80 15 49 99 10 33 17 61 19 55 70 57 91 76 12 61 4 69 48 69 5 49 6 77 41 28 46 39 75 79 0 38 36 45 25 17 77 7 18 6 48 35 4 15 22 6 39 59 46 27 8 0 6 69 60 42 52 69 54 76 29 67 25 41 77 48 27 44 7 22 73 69 26 0 27 28 47 57 89 69 19 63 54 79 35 10 51 88 26 60 10 89 18 90 94 7 14 20 68 58 56 70 11 33 67 38 52 55 84 45 25 61 16 62 34 41 12 63 70 56 11 7 95 97 65 19 51 13 86 98 21 33 89 86 10 64 29 89 51 78 75 30 96 5 18 25 48 34 93 12 83 61 38 82 45 19 93 7 88 55 90 21 97 85 69 82 50 36 76 61 58 15 68 0 12 90 94 90 75 94 14 30 93 94 44 47 14 95 40 34 20 92 92 45 55 20 58 97 40 50 42 16 91 45 34 44 3 77 66 83 19 60 74 13 91 71 98 40 3 38 8 30 49 65 41 38 36 58 57 65 19 30
1 20 5 28 56 66 8 37 16 82 75 88 53 80 37 91 94 63 21 85 54 72 99 97 98 69 79 54 77 39 45 75 90 65 45 46 35 80 87 97 96 7 92 4 91 19 35 31 12 97 55 78 70 46 7 5 71 72 98 75 4 13 69 17 83 12 33 55 58 14 12 16 45 6 12 87 8 59 44 100 37 86 84 43 27 16 99 43 61 86 34 53 21 15 12 88 49 83 24 8 5 88 38 3 69 44 54 35 59 58 17 92 58 32 86 5 37 65 49 48 64 21 52 38 23 65 75 28 77 82 64 97 12 44 80 61 77 85 58 3 36 90 34 51 50 10 90 69 32 59 56 57 41 46 74 39 65 83 13 52 48 86 8 24 27 51 99 55 68 76 63 75 12 27 90 32 98 11 65 99 93 91 99 22 68 75 25 70 72 39 95 84 61 25 5 37 72 22 57 70 6 4 91 75 28 3 32 51 68 79 92 87 86 45 7 82 78 22 81 22 6 71 47 3 12 89 98 95 62 58 33 36 50 76 54 43 57 82 48 88 100 65 92 58 92 64 94 28 80 45 7 92 18 83 69 1 1 6 83 23 94 98 29 54 81 43 48 12 88 3 14 65 62 89 86 74 95 51 65 22 88 5 13 55 85 34 68 5 38 24 22 0 46 19 42 85 68 82 77 96 70 53 12 32 51 47 93 82 11 92 31 61 4 100 81 5 48 11 48 15 57 97 80 63 6 81 75 27 4 4 4 73 79 70 49 52 5 77 10 94 49 63 77 62 9 19 48 53 52 51 31 11 31 22 74 79 28 32 85 47 31 65 43 33 72 44 22 78 85 62 77 69 92 15 56 88 93 85 69 41 13 20 61 39 13 0 74 36 13 58 7 18 34 80 77 33 85 97 29 46
40 84 53 55 89 90 50 9 88 94 94 12 31 57 96 82 94 21 30 55 82 25 36 17 13 28 40 42 57 14 17 2 3 13 79 98 56 21 2 50 66 12 46 54 74 97 49 0 62 93 47 97 92 83 27 72 14 40 10 80 6 71 77 59 31 88 57 30 71 35 93 26 93 79 78 45 86 8 36 59 38 59 60 95 49 88 63 37 41 42 96 96 29 49 37 65 11 20 52 32 63 12 88 5 33 70 17 71 10 66 13 43 4 7 70 71 58 5 94 9 2 37 17 59 56 84 42 58 16 68 36 99 89 63 31 34 67 63 78 14 17 28 31 2 7 47 27 20 3 51 52 81 10 83 70 10 68 51 13 17 52 0 90 82 76 18 44 63 62 52 35 17 19 71 92 99 27 96 27 28 50 7 74 17 58 69 83 4 32 69 69 33 51 10 2 55 88 52 25 14 87 45 53 36 30 99 32 62 47 6 96 69 28 7 21 41 35 94 37 7 1 84 72 80 80 21 84 81 73 9 18 11 94 40 81 5 58 0 26 11 41 77 97 36 31 73 30 1 31 36 85 39 84 93 87 82 4 64 8 74 70 25 65 71 1 14 37 79 26 3 99 5 87 97 54 49 15 38 7 80 5 49 26 99 95 18 6 75 16 74 19 44 86 31 37 11 86 1 17 70 83 66 79 77 38 57 75 85 78 22 14 42 80 63 51 87 22 24 86 53 35 73 71 0 91 38 72 12 11 26 68 59 77 89 89 89 21 16 72 56 27 3 18 85 54 32 40 95 46 53 68 35 64 80 26 8 47 14 2 80 80 10 57 42 89 25 38 0 69 17 66 70 41 47 37 90 30 85 70 41 91 47 13 62 67 86 50 17 61 57 59 68 11 24 89 44 19 79 86 64
11 56 32 41 56 71 57 90 91 43 65 90 6 37 38 78 78 94 66 37 42 8 72 83 21 47 71 75 80 43 33 47 91 38 51 4 27 7 88 53 85 2 30 67 72 83 5 35 80 94 100 72 40 32 2 97 11 96 0 78 81 95 2 99 55 55 39 75 47 13 65 15 85 15 45 19 9 65 57 47 9 42 47 28 85 16 63 71 67 77 51 45 59 21 80 92 49 36 11 67 91 60 85 67 22 29 99 80 66 37 33 96 19 93 50 98 64 84 0 43 0 35 100 36 52 22 56 52 44 49 56 77 21 45 33 34 30 97 32 4 15 43 72 49 53 93 0 5 83 26 21 57 40 67 47 29 6 78 92 84 41 15 67 19 32 60 68 28 76 22 35 66 54 44 57 87 85 98 96 35 63 66 60 95 39 81 21 33 87 30 23 18 31 15 42 98 5 70 79 48 90 21 25 67 23 1 33 47 85 19 57 6 20 79 30 8 5 84 2 94 86 5 77 13 24 43 10 19 82 90 93 46 55 86 69 92 12 44 47 8 44 23 14 56 58 30 57 79 90 36 87 5 88 29 28 82 32 32 34 84 59 45 84 74 13 4 33 15 52 23 53 43 40 38 35 99 38 20 86 57 36 94 90 22 19 44 27 86 18 65 85 19 6 68 43 65 57 86 14 78 77 26 92 86 21 21 90 30 16 38 25 0 47 35 18 5 16 4 14 9 36 69 66 10 6 70 42 52 18 87 84 11 65 7 75 52 90 76 100 13 25 63 59 42 82 70 48 47 28 26 93 40 61 3 83 100 27 83 38 35 41 14 63 91 50 83 29 40 22 87 74 36 92 68 0 24 49 53 87 81 23 30 39 20 98 62 45 67 32 37 48 12 0 83 25 89 8 97 83 16
98 84 13 100 69 21 38 12 76 8 82 93 92 27 72 34 74 11 66 0 40 32 73 70 46 51 31 33 96 77 83 36 18 91 95 50 82 67 16 43 78 41 71 76 26 40 65 81 70 2 74 90 83 99 30 71 25 4 89 35 66 53 92 31 92 82 93 9 13 13 73 44 76 94 39 22 67 61 47 34 64 95 75 11 37 11 25 58 97 22 73 2 73 16 98 30 0 12 45 94 76 52 13 70 4 67 99 95 41 39 50 77 4 71 95 86 26 86 37 78 16 16 83 64 72 82 18 25 23 8 33 78 47 29 25 16 49 57 15 44 59 65 21 7 48 24 38 1 42 66 32 64 97 93 76 96 86 13 15 63 27 9 55 43 26 91 19 27 58 19 99 99 70 10 46 27 35 37 59 11 89 87 65 80 32 11 49 34 7 85 2 36 95 88 17 20 39 96 21 53 83 92 37 9 24 27 16 1 0 93 96 21 61 55 72 8 29 35 58 94 83 80 37 67 3 60 61 61 10 64 55 79 89 89 52 91 1 50 81 88 38 74 52 33 28 4 17 68 60 93 35 0 62 26 22 36 14 76 26 9 28 42 47 56 87 25 26 49 99 63 3 50 93 70 52 84 79 84 70 56 45 46 82 18 19 98 18 21 10 78 29 10 77 70 92 87 23 27 28 19 73 29 87 57 68 11 0 13 85 97 78 10 75 14 85 23 7 25 65 71 52 30 29 46 9 44 51 80 19 100 70 64 13 65 3 84 6 3 30 37 52 26 46 59 41 55 15 94 11 38 22 13 74 77 91 3 44 54 85 73 58 40 43 86 35 69 63 32 27 7 56 20 95 51 61 45 34 7 21 51 50 74 41 1 24 84 60 56 53 41 87 73 83 75 59 88 40 90 97 30
83 46 42 4 39 50 23 27 38 69 85 30 85 5 50 28 35 1 6 11 81 39 30 29 98 52 35 61 31 1 55 20 89 29 4 57 39 10 64 22 80 65 60 23 24 5 70 35 8 53 97 10 45 63 24 55 95 45 67 15 97 34 17 100 29 23 92 39 12 77 89 42 18 5 16 23 82 51 5 75 10 28 61 13 47 56 16 57 40 90 15 38 8 23 65 83 43 44 92 96 66 90 89 88 42 51 76 50 75 90 60 49 26 40 82 83 52 66 28 24 82 22 73 28 91 57 94 58 95 0 20 82 80 78 37 37 96 42 2 85 24 32 60 56 90 97 76 63 98 53 84 77 71 28 71 81 27 93 93 4 69 16 70 54 14 5 10 57 55 48 52 68 29 33 52 67 6 51 68 94 46 27 53 30 76 55 66 96 73 12 99 17 16 76 88 35 8 23 39 80 15 13 18 32 34 10 55 75 98 85 10 1 9 88 52 38 81 43 92 26 7 42 31 55 71 52 0 63 51 64 41 93 23 52 45 67 86 11 23 21 27 63 41 17 99 13 22 79 90 80 43 89 42 13 60 93 28 22 36 77 21 10 24 51 76 34 48 36 45 26 62 50 16 83 8 88 85 2 97 6 9 90 73 100 99 69 87 72 75 96 59 54 17 43 49 87 35 28 41 44 69 61 87 7 38 48 77 58 22 65 74 11 69 4 29 59 30 0 69 74 23 8 29 15 20 53 39 19 16 87 52 97 63 42 92 30 38 87 21 19 8 37 72 10 95 32 26 87 20 15 79 50 45 97 46 46 92 48 61 54 67 90 66 53 87 26 12 60 79 89 87 13 93 82 37 10 19 67 20 27 31 7 22 39 81 97 37 3 71 60 7 92 5 64 57 25 97 57 45 81
