41 60 59 43 2 11 70 25 22 56 13 31 47 18 3 28 17 18 45 1 40 56 51 33 84 46 43 50 22 35 24 76 46 63 34 88 67 0 23 81 91 38 72 69 12 50 23 90 3 55 10 21 35 76 91 95 5 99 100 21 78 28 2 20 21 43 12 72 97 25 37 72 0 74 71 71 39 94 94 61 70 73 1 33 16 15 23 68 62 16 60 65 3 60 14 91 25 8 21 21 80 76 40 52 98 15 8 43 93 10 44 88 83 24 61 92 31 73 21 20 57 80 32 5 27 93 6 7 23 63 83 55 62 77 25 93 50 94 34 76 25 73 62 97 77 35 35 63 3 84 85 39 7 73 4 12 93 19 36 95 79 66 98 11 15 47 39 15 81 84 96 87 82 83 52 92 38 77 89 11 87 9 8 48 14 0 43 49 33 51 93 21 49 70 9 92 11 63 5 35 43 18 87 12 77 79 54 45 23 73 73 82 27 35 5 30 77 12 79 70 2 73 78 22 87 50 48 64 98 5 91 69 73 45 13 62 42 55 85 56 39 11 36 40 0 20 24 55 94 89 11 27 69 85 82 59 51 66 62 97 49 88 6 7 76 17 3 67 19 40 48 54 65 97 92 63 56 81 18 94 7 72 31 45 45 6 77 30 67 83 57 75 67 8 26 47 54 25 74 12 58 45 8 36 8 15 36 30 56 60 78 3 62 79 51 10 91 30 19 79 73 31 96 10 77 94 40 31 35 37 31 32 48 10 69 48 75 22 61 29 85 0 40 12 100 88 37 36 69 59 84 45 87 83 87 62 50 100 65 64 59 66 9 63 42 18 85 97 99 1 100 51 56 7 59 87 65 44 61 43 6 4 55 30 82 24 100 31 31 28 34 96 40 32 88 99 16 10 0 100
77 66 100 79 90 48 0 54 1 22 46 1 33 28 32 28 3 7 62 29 49 56 78 48 21 100 91 11 29 24 25 43 77 95 98 35 4 39 47 7 37 63 5 34 0 7 44 9 82 68 91 25 62 27 70 78 71 82 31 23 76 53 78 58 98 34 72 23 43 40 10 37 77 13 27 15 15 51 94 4 15 90 53 11 61 58 32 89 70 50 25 8 25 97 11 0 71 14 27 74 54 18 89 16 36 35 5 83 17 67 88 29 0 52 43 29 44 21 42 79 36 30 41 38 9 18 85 82 97 89 24 83 76 34 38 78 84 11 42 65 16 64 4 72 91 5 17 41 1 12 68 27 7 65 59 76 55 55 68 53 62 44 90 63 60 60 63 4 12 56 88 50 17 92 21 75 14 79 94 2 51 2 65 78 25 58 69 76 45 25 13 8 0 37 33 17 14 21 30 52 80 6 88 11 76 65 64 19 82 8 86 28 36 8 95 26 84 66 83 34 98 40 87 97 4 26 87 53 10 3 33 59 93 62 29 61 42 1 67 36 55 23 48 51 23 11 69 63 75 79 32 40 81 4 78 34 21 25 30 32 75 61 9 22 71 28 49 12 66 51 98 90 26 40 18 52 76 27 27 23 43 77 89 57 83 28 0 34 39 27 10 95 14 30 55 45 76 85 69 52 29 65 86 23 33 6 3 93 60 87 76 57 0 8 92 43 53 33 60 92 87 72 3 88 100 90 65 66 22 62 52 17 16 90 52 85 70 82 45 14 58 4 93 23 6 77 21 15 54 71 40 33 87 90 94 90 30 82 34 32 7 85 23 57 83 3 96 48 78 21 19 90 97 34 35 27 23 96 58 58 86 37 73 37 77 78 92 84 48 73 9 29 41 52 45 96 73 30 48 49
92 19 45 35 8 84 20 6 77 5 57 29 64 68 84 86 49 8 66 3 30 44 16 5 80 26 16 56 60 57 0 67 88 48 37 20 21 89 92 60 42 70 74 36 62 94 99 93 69 95 0 82 5 31 44 17 34 90 26 50 73 32 45 74 18 92 68 64 75 87 22 78 94 66 57 48 55 69 60 58 15 14 25 51 64 85 55 49 35 12 13 21 37 89 61 89 16 20 51 81 70 57 68 69 86 24 96 38 96 35 1 37 71 9 26 33 60 29 8 91 74 34 24 73 16 5 62 9 78 20 14 10 47 84 86 2 25 75 1 70 68 48 99 25 82 82 3 3 45 43 17 0 23 31 92 61 68 62 19 16 39 52 56 88 2 86 54 81 7 24 39 72 57 9 5 13 82 3 6 92 18 40 51 39 86 39 48 4 78 39 12 23 45 68 96 93 59 2 50 24 93 82 53 2 19 42 10 22 8 34 28 78 45 100 48 93 100 43 100 49 37 100 44 39 64 46 74 87 41 70 25 15 33 100 56 86 98 51 20 24 94 40 79 11 84 20 85 64 91 72 87 91 57 96 32 48 19 53 10 42 45 59 48 84 14 43 73 20 7 8 1 26 23 13 5 52 66 77 44 17 68 100 91 49 31 13 46 91 94 26 72 39 44 47 88 0 97 75 69 57 22 67 19 58 34 48 82 75 73 39 86 75 83 84 0 20 24 90 16 26 85 83 33 99 4 37 12 29 65 9 54 34 77 98 30 66 94 31 24 83 46 87 29 10 90 45 3 100 69 0 48 72 6 22 93 8 10 34 66 33 73 71 5 21 62 50 86 99 63 61 95 78 52 89 45 95 41 80 80 4 79 91 16 84 3 91 95 75 45 74 29 3 4 99 31 8 58 73 81 65
35 92 6 79 99 1 77 89 58 82 61 98 43 37 10 20 34 52 42 91 78 49 55 6 87 36 38 31 68 46 11 38 60 48 20 83 44 7 93 73 2 39 11 93 92 1 60 51 26 100 61 27 94 50 65 45 66 37 9 55 99 49 65 44 20 40 85 64 28 88 3 27 75 24 1 23 50 70 75 50 61 68 29 59 100 28 45 4 84 23 2 25 31 21 5 23 96 43 30 52 18 29 43 23 78 13 85 40 59 91 35 99 43 97 90 37 1 7 27 41 52 88 47 5 91 0 51 89 76 68 3 54 19 13 60 3 71 35 74 63 22 25 58 15 17 61 18 45 67 76 75 36 84 63 22 87 69 87 9 34 99 49 70 69 66 58 58 54 62 30 87 67 86 90 27 51 31 8 71 17 1 57 33 89 37 87 35 86 27 15 75 70 28 78 76 12 34 26 82 41 95 69 47 3 19 2 97 3 58 35 19 41 12 75 15 93 58 14 0 45 90 99 59 90 94 22 27 12 63 46 78 37 0 68 69 31 89 76 21 27 14 79 17 45 37 13 91 84 15 28 60 78 55 52 25 38 35 71 19 20 20 94 12 91 14 86 33 37 55 94 73 89 69 24 59 51 74 55 45 65 71 57 46 43 32 67 91 57 29 36 80 11 73 78 61 68 58 4 35 81 69 96 17 46 87 90 8 52 99 24 54 33 85 15 59 19 80 82 0 84 64 55 68 42 50 22 98 61 91 62 59 56 73 11 86 51 87 93 74 51 47 14 32 41 29 1 60 31 45 61 40 22 100 72 48 23 54 48 97 21 57 3 69 82 44 85 43 53 36 13 78 24 77 20 83 17 11 30 36 84 35 86 73 36 21 42 40 65 52 36 91 1 62 27 37 90 40 48 56 38
30 12 66 50 81 100 23 64 2 10 33 55 70 32 78 98 87 81 82 8 81 26 75 55 62 25 90 82 59 99 20 6 16 32 60 98 55 81 62 83 2 26 30 38 55 42 53 99 0 17 54 7 32 53 36 19 71 42 90 86 40 78 74 91 10 3 43 92 69 74 23 60 12 36 99 89 39 97 23 88 48 57 15 82 18 99 14 88 88 70 91 66 83 40 50 11 23 95 93 15 61 83 30 95 71 26 34 73 40 3 31 0 56 74 18 26 1 13 61 76 33 38 96 20 95 1 40 32 0 13 40 34 98 76 86 77 46 42 6 91 32 51 50 22 55 89 33 27 56 81 57 9 98 98 1 7 41 73 95 22 80 19 3 62 15 64 43 3 78 63 32 71 16 68 38 91 88 75 54 48 46 22 34 80 69 8 12 87 96 36 59 82 46 67 41 15 58 8 76 99 20 49 93 62 44 46 34 8 20 49 93 45 37 56 61 52 65 66 18 30 54 60 35 46 60 57 13 94 91 52 75 42 87 55 23 72 4 97 49 34 7 10 49 21 2 9 1 6 32 39 73 33 34 10 34 19 5 20 27 29 15 88 46 100 62 83 75 9 72 19 14 70 52 59 31 13 83 57 5 75 48 83 54 31 68 94 11 7 68 21 99 11 80 49 97 35 97 68 78 95 100 0 66 42 48 3 18 18 78 10 10 1 24 76 45 51 0 39 10 89 70 59 55 19 96 5 99 57 49 37 32 15 0 0 47 12 95 37 96 37 22 85 20 73 19 95 61 40 14 40 64 55 38 98 68 71 57 50 69 46 63 79 63 24 33 4 11 89 0 36 38 2 4 7 80 8 50 68 65 36 73 91 5 64 84 22 87 82 0 99 6 90 54 31 50 11 69 99 8 56
60 83 32 72 44 29 7 57 56 70 38 0 20 47 2 77 39 77 84 49 52 29 5 35 27 78 81 12 38 49 50 36 26 6 64 93 57 74 10 15 43 59 10 84 87 95 68 52 93 4 40 89 86 34 21 36 65 75 37 8 36 85 22 54 52 27 100 32 19 22 57 18 56 12 5 18 45 80 7 20 19 49 70 22 83 59 73 12 54 23 79 25 17 14 27 75 57 56 34 77 84 65 73 94 31 100 32 34 75 85 47 12 15 92 23 0 91 94 89 5 32 59 20 5 23 73 51 98 76 50 78 31 72 11 9 21 40 13 55 1 81 62 93 41 77 55 88 78 6 19 47 76 50 68 53 5 2 89 28 20 39 28 49 65 78 34 62 26 3 99 58 82 42 36 100 8 38 20 66 48 61 10 41 26 59 78 33 20 57 58 26 12 37 20 8 59 90 94 26 50 82 71 4 89 7 55 27 10 99 3 44 30 97 12 57 23 75 73 55 58 11 83 65 68 20 67 15 26 2 76 33 56 48 11 64 69 15 22 35 16 36 71 36 57 66 65 82 93 68 91 4 89 73 92 32 4 75 67 42 81 98 84 30 87 65 70 37 21 38 32 94 19 14 82 18 95 80 59 17 1 18 20 53 31 50 35 89 78 52 59 100 98 79 30 89 32 32 32 87 28 9 52 16 86 3 5 47 34 43 99 24 11 52 34 55 7 71 31 63 67 18 31 19 86 72 1 39 93 58 15 83 29 87 23 80 79 77 35 91 29 100 28 11 47 68 26 39 91 95 97 40 93 18 17 0 67 68 16 79 94 22 32 70 24 46 44 98 11 26 97 73 97 20 17 32 38 8 11 44 88 90 56 54 12 100 58 57 4 35 21 85 45 0 5 30 89 77 7 6 36
62 41 13 59 39 11 35 90 26 25 83 18 1 4 27 3 28 34 48 0 6 75 31 76 79 43 19 1 3 54 61 63 8 74 35 29 20 95 20 3 95 62 6 24 12 87 100 87 31 58 83 46 53 78 82 87 69 82 43 51 19 25 43 98 61 12 23 28 96 12 46 58 65 75 91 26 50 20 41 40 35 41 76 48 5 37 94 99 27 11 60 44 80 21 99 67 95 7 79 68 90 73 91 32 89 1 41 95 34 86 49 43 71 84 11 46 47 48 1 69 62 50 74 79 68 74 16 79 50 54 46 84 84 22 37 0 96 21 24 71 48 75 57 65 41 14 84 7 31 39 99 83 53 68 88 55 16 48 95 43 2 99 88 48 23 50 74 7 79 17 63 72 15 100 2 19 87 64 88 33 16 26 48 86 29 41 51 80 63 34 27 46 23 25 77 11 59 62 87 39 9 22 50 88 8 74 36 82 46 44 23 39 14 69 61 37 22 83 33 9 40 9 58 80 20 76 93 27 63 42 44 65 50 5 66 47 9 53 69 24 39 39 1 2 95 39 13 44 24 21 89 28 58 69 21 95 38 100 23 66 12 94 26 39 24 51 57 71 70 88 91 52 48 31 72 9 31 86 2 27 71 2 57 38 22 6 20 48 45 48 86 99 86 50 32 6 66 66 35 8 15 83 92 75 25 67 65 65 46 64 28 53 20 70 23 87 71 56 32 47 81 97 31 18 90 34 61 28 32 12 52 77 46 76 97 4 94 27 69 77 74 31 81 33 72 83 9 100 38 67 56 6 84 29 25 37 46 45 76 61 1 44 78 24 7 18 33 44 3 67 53 60 83 48 69 77 3 94 18 23 14 12 24 13 74 14 73 38 0 8 41 45 58 28 85 38 2 74 1 34
65 55 87 41 54 98 31 0 15 17 36 29 20 57 8 0 31 61 49 19 33 36 52 99 27 72 92 6 60 1 79 98 83 16 67 61 58 50 95 97 20 37 80 52 39 63 35 22 30 60 94 52 1 3 40 41 48 27 64 22 21 15 49 42 65 30 48 46 94 57 83 63 65 2 77 51 64 4 76 56 42 55 20 17 79 86 84 55 97 30 60 40 8 98 4 3 29 86 40 8 67 23 3 15 24 68 80 38 28 7 31 5 1 11 68 59 81 92 97 63 78 66 86 58 86 97 51 48 47 41 19 50 78 73 88 71 4 32 58 19 60 37 87 78 28 68 13 65 50 49 58 47 7 18 58 42 56 55 76 23 40 65 20 91 24 53 59 72 71 68 40 81 70 72 80 1 54 16 50 76 57 38 25 21 43 93 52 69 52 30 49 78 33 57 38 8 74 17 27 77 98 78 86 52 73 79 86 51 78 42 84 72 40 73 30 57 85 86 36 91 67 4 84 3 21 60 64 60 82 16 46 15 42 29 37 59 7 51 96 34 62 84 30 60 4 55 47 43 86 85 94 98 78 100 82 85 76 33 78 58 36 20 90 38 84 59 72 36 32 29 64 13 67 90 29 13 38 59 79 28 87 60 81 59 95 25 37 24 29 99 41 77 27 75 1 89 41 51 66 74 71 8 82 12 97 2 31 54 14 32 46 43 26 40 48 20 60 79 75 30 32 89 46 96 60 72 81 67 22 31 67 80 93 14 86 58 29 32 2 54 1 97 85 29 20 82 75 11 58 7 24 80 92 39 59 43 81 59 7 32 18 73 51 26 83 44 54 92 30 3 69 41 95 90 34 39 9 38 93 6 64 84 66 1 34 66 36 53 80 38 4 48 62 19 24 9 15 69 62 45
86 17 82 93 49 86 15 4 9 15 89 7 57 3 15 31 50 100 57 21 21 32 7 41 43 53 13 41 58 39 79 18 41 66 88 33 4 68 63 69 49 87 0 11 73 22 46 86 32 61 70 4 44 41 82 97 15 99 67 67 93 70 47 25 15 93 9 52 99 17 11 27 31 34 58 46 17 94 23 49 73 78 96 34 82 42 55 35 33 3 54 75 72 87 60 35 11 10 1 42 29 14 7 99 5 1 65 10 66 28 41 82 14 81 8 38 50 53 4 94 55 67 20 82 11 78 91 28 86 10 34 42 83 51 48 10 39 41 25 27 70 97 55 30 88 48 44 90 34 55 78 93 43 66 31 54 63 4 91 95 18 34 96 26 69 78 49 53 42 47 16 57 29 49 29 63 99 83 77 60 70 23 89 7 35 11 74 30 86 99 80 100 54 58 29 39 65 97 21 5 54 97 28 24 7 16 11 92 61 63 57 55 11 11 0 76 72 41 69 43 9 12 62 23 34 27 63 30 44 45 7 81 5 58 46 77 59 93 77 21 35 78 29 70 68 99 35 91 99 20 93 42 76 93 68 80 16 8 76 59 20 85 74 30 29 55 54 21 13 30 60 70 64 99 62 84 22 82 16 18 73 32 44 29 15 34 77 58 56 36 15 68 23 14 18 76 43 4 86 12 27 7 61 68 33 50 63 25 16 97 53 25 43 11 48 76 91 64 32 44 57 46 86 12 37 100 33 28 27 23 63 77 89 6 85 66 59 52 80 61 58 24 60 36 66 11 12 100 16 18 46 0 99 61 24 89 70 24 29 20 50 42 84 51 1 87 0 3 64 19 32 19 55 57 91 25 90 19 26 27 61 97 29 27 97 99 75 69 35 91 43 58 84 60 74 47 87 3 0 52
44 93 44 3 85 75 1 85 93 15 1 42 43 87 22 0 0 67 7 66 71 7 85 25 26 51 97 41 1 5 16 20 63 24 81 52 2 100 95 30 13 67 16 47 63 19 88 28 1 74 48 78 84 32 0 62 1 10 81 40 100 38 74 4 20 75 41 23 72 89 71 21 28 24 72 32 60 76 91 24 92 0 32 49 44 91 91 50 63 12 29 93 57 67 92 69 10 12 87 44 45 32 41 60 4 95 98 54 14 34 54 76 9 21 51 54 54 85 87 97 18 59 72 82 6 1 26 0 82 49 75 52 13 64 47 99 99 7 85 77 28 6 6 3 21 90 3 52 79 93 17 60 16 48 12 71 55 72 55 33 88 37 59 3 93 8 32 27 100 46 12 55 33 95 8 49 24 16 28 18 73 84 23 98 11 23 42 26 76 2 56 33 9 30 72 21 68 2 91 75 60 62 14 70 36 70 20 45 78 56 24 1 69 87 2 9 67 79 48 25 61 9 2 36 70 48 4 3 68 53 1 82 46 38 21 73 80 73 100 57 70 85 46 33 63 63 82 42 85 35 9 31 29 38 81 3 59 28 49 94 63 0 56 71 17 34 31 72 94 36 58 52 52 79 41 17 55 78 91 87 9 20 98 8 91 55 49 8 80 21 96 46 78 64 59 13 44 63 92 11 54 86 60 63 63 38 24 36 74 49 74 10 68 45 3 24 5 6 34 7 63 46 20 68 56 92 56 81 20 80 38 78 71 70 56 96 18 2 3 89 51 10 91 38 77 19 62 69 50 43 44 53 2 82 79 64 78 96 37 75 37 40 79 70 97 22 94 70 38 46 27 74 16 49 73 26 66 31 43 14 7 34 50 35 32 52 53 30 93 6 16 8 45 26 68 29 32 4 95 11
32 11 30 21 13 97 94 71 48 9 13 51 29 50 9 42 78 80 69 70 97 76 15 37 39 55 21 20 99 79 47 73 12 8 27 43 33 30 44 100 18 7 57 97 29 47 78 72 95 18 62 14 47 82 65 44 41 68 69 8 88 86 98 78 2 63 72 96 32 13 2 53 70 84 94 45 14 50 77 92 6 60 88 50 98 87 65 81 37 5 51 3 66 33 3 40 48 47 36 18 26 21 8 16 94 56 34 69 40 69 100 98 96 44 27 31 20 67 5 65 33 50 58 65 56 5 87 5 4 60 89 36 6 95 94 97 64 37 78 27 58 63 84 99 76 35 62 98 42 7 92 83 82 75 97 98 8 29 45 91 59 82 98 21 67 32 53 95 43 26 52 53 12 67 66 19 93 89 53 60 100 21 18 86 63 94 60 74 18 67 10 96 36 94 80 62 89 9 35 90 95 3 71 82 65 51 42 4 82 62 45 26 44 48 55 63 55 29 22 83 31 55 38 27 53 64 29 99 95 20 81 100 1 9 65 3 59 6 6 24 80 15 39 49 82 94 80 43 27 63 30 6 9 35 8 63 96 31 34 57 11 74 80 37 78 62 2 54 62 0 14 84 9 57 71 49 56 78 59 6 64 19 79 66 17 51 38 79 66 8 1 41 94 64 10 46 31 76 54 41 75 11 49 57 55 21 46 51 43 16 1 34 32 11 47 1 72 51 1 52 59 43 21 86 76 34 13 54 100 49 6 43 40 84 72 90 54 21 66 56 74 67 4 15 100 51 94 17 15 15 9 74 73 23 93 15 67 91 77 24 21 85 92 69 31 6 36 47 11 38 28 27 74 81 15 48 25 17 10 84 100 29 98 39 92 91 46 30 23 50 22 52 11 25 43 98 27 74 39 28
23 66 60 91 5 9 74 4 65 76 38 98 73 84 11 42 32 91 53 53 52 85 24 70 6 59 92 44 14 60 96 89 67 28 43 41 79 90 30 28 3 19 91 9 7 80 30 35 58 99 11 61 34 100 71 33 29 84 60 7 79 60 52 61 53 14 3 70 14 93 60 60 20 71 59 67 11 75 26 81 68 11 89 46 5 14 76 41 63 10 23 73 98 69 46 20 87 1 65 53 84 51 61 70 37 77 14 93 95 51 9 2 46 28 37 78 72 42 98 99 20 93 67 46 38 50 57 3 45 40 19 88 45 91 39 63 11 45 76 58 99 80 14 44 80 47 74 9 58 69 91 11 60 54 60 77 67 26 38 5 85 33 84 68 71 23 11 14 10 81 65 73 25 32 70 37 68 7 67 19 78 86 91 64 19 23 28 94 50 34 66 8 73 50 36 72 9 59 1 25 90 93 16 66 89 6 43 41 62 59 55 34 56 94 36 57 20 83 73 56 95 74 80 10 32 53 76 61 28 94 96 18 81 60 93 91 26 70 25 26 35 69 100 14 48 73 7 68 25 23 71 42 3 46 93 48 52 86 82 57 63 36 91 98 15 6 39 44 87 18 52 85 7 86 64 12 50 18 53 94 49 96 48 87 88 23 15 100 10 48 72 83 92 30 12 15 41 27 4 60 62 17 79 10 34 91 59 83 49 47 14 85 85 27 37 58 45 94 80 52 4 78 46 54 46 2 7 69 13 59 33 84 54 26 26 14 27 37 84 62 73 42 22 28 30 43 68 20 100 69 56 52 27 60 48 36 93 5 91 95 82 94 41 32 61 42 37 25 42 6 76 27 98 39 56 10 32 71 38 64 47 57 32 87 85 0 14 28 24 19 7 37 42 34 15 10 75 13 54 16
20 76 91 51 61 64 19 29 74 66 7 71 10 55 24 70 10 93 73 23 26 48 17 68 17 8 90 92 100 10 20 55 64 19 91 24 55 15 54 13 57 32 2 33 61 50 42 53 43 100 67 60 84 72 5 1 32 4 93 35 44 61 75 62 18 59 51 8 25 19 36 82 99 84 80 1 12 1 30 17 19 29 94 65 78 64 42 56 87 31 69 78 96 64 85 56 83 98 25 21 86 99 21 33 16 77 67 27 80 100 20 41 7 23 16 51 64 0 46 95 58 100 8 83 68 42 28 35 33 16 41 2 41 41 95 97 78 63 59 28 41 40 51 16 39 18 35 1 76 73 39 98 89 94 20 63 71 13 33 44 12 82 71 66 23 12 64 60 93 82 33 38 0 59 84 94 73 55 18 89 57 71 85 26 48 51 32 22 5 60 29 9 87 16 30 58 1 80 12 31 92 31 78 88 68 25 33 9 72 53 58 86 83 19 45 26 65 34 2 85 1 56 44 44 43 82 75 33 72 72 76 91 35 45 25 66 84 56 32 34 71 75 5 72 69 48 27 86 46 97 75 18 92 24 60 13 90 18 30 51 47 53 27 28 39 95 52 88 61 96 70 83 86 30 90 5 86 50 88 46 58 57 6 99 36 55 6 69 86 43 58 45 23 1 80 57 38 14 83 55 98 58 68 8 90 46 89 28 41 46 6 24 53 56 62 92 78 74 63 69 96 7 22 54 75 57 11 67 26 35 32 51 2 4 75 46 43 10 26 13 49 31 77 75 24 73 22 67 50 4 92 61 42 10 37 14 58 59 77 28 100 8 0 75 51 71 50 16 29 48 58 82 83 86 75 56 2 38 100 41 50 17 79 64 72 100 53 18 61 83 98 17 3 30 6 55 11 52 46 55
84 28 15 22 40 63 13 93 17 69 14 19 70 79 24 56 83 23 20 70 23 24 8 100 77 75 30 95 5 38 71 67 74 70 42 55 48 59 82 84 76 39 11 38 70 60 18 5 93 6 54 96 81 13 92 81 21 90 5 10 15 38 83 34 13 23 54 57 41 50 15 90 62 92 66 77 50 27 5 96 11 88 78 83 6 15 58 61 1 84 50 34 27 92 100 1 48 5 10 6 35 37 32 41 2 8 16 7 99 92 57 99 72 22 4 13 53 54 93 64 61 1 61 33 96 9 30 36 42 78 35 16 65 6 29 75 0 39 60 40 21 42 11 52 62 44 71 95 63 38 45 15 24 65 11 30 16 35 11 82 75 94 68 14 98 49 9 75 15 25 69 36 46 85 41 84 65 74 6 40 60 49 45 89 26 55 76 66 25 26 93 21 34 85 32 50 1 99 15 5 47 31 81 24 14 30 6 22 60 41 71 84 73 33 74 33 15 82 18 24 1 20 15 3 25 12 30 13 50 58 78 25 70 72 65 29 61 11 91 85 3 58 9 22 11 59 21 30 42 11 45 91 44 54 51 99 50 4 59 64 66 80 45 84 84 70 37 8 19 50 48 38 44 88 50 20 82 33 28 91 97 23 9 81 78 55 91 35 42 42 56 5 69 41 12 50 74 99 60 92 68 69 74 31 24 64 57 61 23 9 75 81 5 10 38 59 62 44 17 42 25 90 32 18 21 70 83 81 14 68 58 79 25 0 10 78 28 63 96 95 96 95 81 91 60 29 3 27 65 77 11 37 76 9 56 74 61 33 7 75 14 82 63 73 43 31 3 11 19 90 22 64 3 31 29 78 66 15 83 45 38 68 89 26 55 38 7 33 19 71 53 33 30 95 61 78 97 39 50 49
20 85 24 41 40 51 61 19 3 44 73 32 79 24 86 56 15 97 55 50 66 84 28 52 16 3 90 1 15 14 35 88 33 25 40 51 2 20 32 22 46 88 14 98 73 67 96 64 4 20 32 51 51 77 69 97 62 82 67 11 52 14 45 76 54 59 100 30 35 23 82 90 28 96 1 44 88 2 53 18 4 17 53 45 81 29 14 12 31 6 30 21 63 43 84 84 5 20 76 34 56 80 30 33 89 81 19 54 75 36 33 27 48 39 28 33 70 63 52 39 97 74 34 51 4 5 7 8 97 30 76 87 25 19 45 66 26 20 23 84 62 53 82 33 33 54 92 99 48 72 72 57 25 50 56 14 37 21 19 55 76 33 26 84 15 65 88 1 14 17 96 78 16 29 59 61 89 73 39 2 67 29 77 42 38 73 6 12 50 13 56 76 45 15 88 25 26 19 37 21 33 14 84 55 54 39 63 89 85 39 12 48 30 0 59 10 36 100 93 13 10 22 31 73 43 4 14 100 8 99 41 69 39 79 95 31 9 42 41 84 95 88 61 71 63 39 46 80 74 45 56 39 14 32 97 21 47 48 33 41 40 74 89 35 51 84 69 44 64 24 16 97 2 80 7 42 29 33 50 32 29 92 32 94 36 13 92 40 32 73 61 84 16 58 74 55 86 95 66 70 10 15 32 83 81 14 6 4 90 93 23 85 25 32 44 63 49 34 45 35 70 12 30 94 31 19 25 11 6 8 11 25 37 25 29 27 45 31 72 90 98 57 74 52 34 85 24 84 78 14 33 8 59 52 8 24 62 95 82 55 76 84 36 57 33 17 67 72 80 41 19 56 24 91 35 16 0 3 89 54 19 69 17 19 27 49 92 14 83 9 29 14 82 65 85 25 84 74 81 17
100 66 86 62 61 3 22 49 8 46 84 25 40 31 24 5 14 5 27 99 61 96 67 61 83 32 81 79 55 31 28 37 86 45 1 59 58 4 52 69 60 63 78 100 46 72 79 7 67 18 83 74 72 80 96 21 78 46 74 83 85 25 65 35 55 88 29 37 73 1 66 12 97 49 67 76 13 59 77 22 12 93 98 89 66 72 12 8 7 86 71 76 66 89 17 45 22 80 20 80 96 63 90 45 73 91 35 43 65 91 99 42 79 0 46 95 76 28 8 30 79 55 95 50 4 5 93 28 56 61 40 39 100 56 29 6 87 27 7 77 91 18 93 95 90 70 57 68 37 14 37 27 9 71 10 3 71 66 84 54 7 73 80 92 51 76 33 60 12 27 37 9 75 96 71 36 13 65 3 74 35 18 91 10 88 69 72 7 84 36 26 39 16 74 39 25 24 89 51 40 48 40 56 95 20 2 8 73 7 73 29 20 56 77 33 41 95 38 91 62 88 85 86 91 95 49 50 2 99 76 56 29 85 51 67 97 27 60 8 77 60 3 40 33 22 54 7 42 5 93 77 78 95 36 18 63 10 32 83 23 85 92 59 9 58 46 87 27 57 49 12 61 61 44 73 0 49 54 100 74 62 68 47 33 40 2 73 6 88 13 7 93 27 31 94 51 22 72 95 71 95 34 19 10 26 91 84 80 26 9 84 53 50 2 41 52 24 46 83 39 23 48 69 61 45 98 80 37 92 28 29 1 80 29 95 45 65 9 85 42 14 91 72 50 43 50 57 69 75 72 5 26 13 32 19 49 98 19 69 52 92 83 0 39 72 37 22 58 39 94 22 78 89 31 3 100 43 80 3 76 44 80 87 27 35 76 7 20 63 16 2 23 81 62 34 72 45 94 20 91
51 57 57 94 66 48 99 38 66 21 66 40 53 48 37 87 34 56 82 62 100 16 48 3 63 82 77 71 19 92 99 54 24 0 46 40 20 5 88 86 78 84 6 66 27 47 52 72 61 18 35 68 88 99 43 43 42 44 90 12 43 63 30 100 15 17 61 0 48 2 11 28 1 83 3 35 14 7 8 32 50 9 1 79 52 20 16 39 70 77 84 70 99 57 70 71 58 83 7 69 43 18 13 78 85 10 58 47 98 4 68 11 98 100 15 11 78 44 53 9 7 34 60 24 31 36 24 67 76 41 57 76 37 47 66 12 7 0 11 46 73 25 24 96 22 26 11 31 61 55 12 39 63 72 42 30 53 54 22 14 54 87 16 39 97 6 44 90 22 81 40 82 80 37 82 83 49 72 23 42 91 52 88 43 81 21 71 58 11 70 9 58 22 83 42 70 77 0 31 30 83 45 72 90 69 59 67 55 32 52 40 44 86 88 70 17 57 20 48 29 13 43 82 92 29 14 67 72 10 83 65 27 85 30 22 75 85 20 82 38 21 98 13 4 65 18 55 57 22 90 31 3 51 19 47 18 43 74 57 16 92 39 64 20 95 56 50 77 84 93 73 81 24 78 41 78 82 58 68 98 18 1 41 24 63 66 99 46 7 9 26 100 66 85 56 79 79 58 63 54 13 1 52 83 53 66 41 99 67 28 95 35 96 16 84 93 90 56 3 66 7 47 85 25 39 60 73 24 27 24 81 48 58 0 67 22 94 5 63 93 90 42 28 92 85 8 79 28 33 35 30 78 94 43 76 98 70 77 16 73 27 83 95 97 23 59 71 46 82 85 73 82 52 77 5 17 66 63 70 45 33 22 27 34 29 17 94 79 75 60 83 29 73 16 20 44 56 86 33 36
7 17 7 37 89 56 41 73 34 52 22 14 59 32 8 19 54 40 83 7 45 27 41 72 96 40 24 85 40 73 74 26 75 46 43 85 8 12 95 94 93 97 3 20 14 32 40 92 81 90 7 37 85 83 18 22 82 52 36 1 37 84 34 57 25 15 91 77 23 72 54 18 62 16 10 77 51 64 41 2 100 23 16 50 88 64 35 93 1 50 20 24 64 71 67 26 78 96 58 11 90 74 52 25 70 13 89 13 87 57 65 34 80 74 88 89 89 28 80 86 57 88 53 84 99 45 44 67 8 73 58 70 68 88 10 99 75 95 23 12 58 61 4 86 59 4 39 93 19 77 77 68 0 12 89 89 17 69 65 46 20 16 43 19 32 95 32 15 57 79 29 31 3 65 96 48 21 1 16 80 73 67 76 25 46 90 72 48 93 100 80 4 29 77 31 17 69 87 58 86 50 38 91 44 45 100 5 51 3 29 14 39 34 35 16 59 79 29 66 90 78 13 85 93 16 28 93 48 55 27 73 80 32 81 7 84 18 43 5 76 36 99 41 82 1 92 52 49 91 32 21 72 78 52 61 40 98 45 74 6 49 34 9 17 83 18 83 56 78 58 24 22 8 7 86 81 98 51 13 92 48 4 57 80 0 94 6 0 33 66 48 99 44 67 37 55 52 41 23 83 59 100 45 89 18 30 30 98 39 4 66 64 26 33 7 41 55 49 64 79 66 48 69 86 76 26 2 36 51 11 60 34 15 73 37 88 10 0 29 25 92 26 8 88 67 17 81 83 41 38 92 22 41 12 30 90 0 67 93 47 69 20 80 96 17 18 7 28 45 73 98 3 59 49 89 60 48 97 65 24 89 92 41 90 20 33 36 45 39 81 66 65 84 88 40 17 42 12 55 48
15 85 52 46 89 87 59 58 35 54 96 77 27 61 65 59 13 82 12 76 28 40 78 22 36 8 35 86 1 95 95 43 63 19 23 13 90 20 56 94 35 14 38 9 45 53 8 43 33 29 60 81 14 30 38 86 6 90 79 2 42 17 88 3 65 40 4 11 43 76 55 96 81 26 52 54 38 4 75 54 78 46 23 86 51 42 81 2 97 96 64 84 75 51 65 55 83 83 23 71 38 69 33 23 72 43 40 19 52 14 19 42 46 26 41 46 49 24 54 65 12 63 92 13 16 2 65 86 0 77 24 44 28 56 84 36 9 13 93 69 100 73 30 52 24 95 59 25 9 18 53 40 89 88 43 43 52 8 1 48 25 70 15 26 54 10 87 87 88 76 19 86 40 51 56 74 26 56 77 19 30 72 76 63 56 18 19 89 67 53 64 41 35 41 15 99 19 35 1 32 20 20 89 82 57 5 42 86 4 37 81 32 12 68 31 69 20 9 23 5 53 69 22 18 74 100 97 33 74 96 34 95 25 22 69 97 21 33 33 65 85 66 99 75 46 27 72 72 71 32 83 84 53 14 51 54 70 25 59 18 32 72 15 86 10 38 53 33 94 53 73 74 5 67 49 85 20 40 17 8 5 25 68 70 81 54 10 85 17 60 61 49 46 56 34 8 86 34 24 41 58 59 82 65 57 32 63 24 90 81 39 33 82 51 66 55 3 14 68 37 88 98 60 11 11 38 36 12 97 73 19 28 31 59 100 30 96 77 94 47 47 46 53 36 39 82 64 85 72 0 43 73 58 44 49 45 3 83 3 86 45 0 44 50 71 27 4 15 15 20 72 42 85 21 15 57 11 50 27 42 23 69 74 99 17 23 80 32 90 60 13 77 31 45 89 9 73 68 16 69
96 79 58 45 86 1 20 44 76 15 54 49 68 63 16 91 12 93 85 77 95 65 12 52 69 52 94 47 27 54 22 10 24 90 2 45 88 3 87 82 0 69 23 78 83 15 77 43 75 54 35 75 46 62 81 41 70 24 86 28 21 6 6 16 15 7 35 91 52 64 55 32 66 86 22 88 10 28 64 1 77 63 89 42 78 26 81 47 96 81 66 77 88 74 69 35 58 13 49 90 96 67 19 93 95 81 14 38 12 57 85 90 91 37 84 17 81 99 3 59 69 95 15 75 64 33 53 94 42 33 15 33 21 99 15 79 37 81 60 100 43 7 28 82 44 1 69 94 27 9 74 64 46 53 44 12 90 52 72 71 44 30 35 62 100 76 2 86 34 48 6 40 31 59 50 86 7 62 27 59 53 63 10 44 6 54 44 72 22 1 60 5 69 42 81 86 15 55 82 5 1 45 12 37 81 27 82 33 97 43 45 18 82 55 39 30 65 7 54 40 89 3 69 73 63 5 85 62 75 11 10 80 72 9 47 56 71 33 61 12 6 90 34 39 43 20 45 80 83 93 22 84 22 94 74 47 80 19 65 44 56 92 76 100 9 63 54 38 30 0 9 20 37 73 82 33 25 19 14 42 86 0 100 48 49 52 53 2 68 53 39 62 1 6 16 96 68 83 56 67 46 98 86 3 37 0 30 15 83 88 85 63 6 8 67 22 30 93 90 94 94 18 11 90 18 44 34 73 61 6 86 31 33 37 64 41 97 51 66 96 7 61 13 73 50 1 55 22 25 23 21 31 15 42 14 60 77 95 64 25 99 99 2 58 92 20 45 83 85 61 76 93 31 8 0 8 20 61 65 30 89 97 45 24 77 21 6 31 77 97 32 97 13 65 13 57 57 33 73 90
98 16 26 2 3 77 69 97 85 0 71 79 98 68 67 73 27 81 80 20 68 34 37 45 34 93 2 96 45 60 2 38 25 10 39 63 56 5 64 91 75 45 71 90 15 36 88 31 9 73 37 90 48 41 85 48 48 96 59 65 64 93 0 88 85 2 38 59 100 98 86 17 6 40 13 7 50 74 26 58 99 19 46 100 55 77 72 44 48 34 60 83 67 6 99 92 9 67 31 12 88 86 89 1 80 9 97 88 89 78 32 78 92 96 28 91 70 41 3 72 45 79 62 88 58 79 70 24 72 97 25 75 8 24 27 66 63 71 42 88 37 96 7 17 57 53 34 23 82 58 17 17 25 89 22 0 66 95 41 45 31 66 73 6 9 16 4 78 56 71 73 97 25 71 93 47 14 74 4 6 12 65 71 100 47 94 3 97 16 38 87 42 54 25 90 42 27 39 33 95 22 76 74 45 48 37 64 58 99 94 26 30 57 96 20 85 36 85 18 16 97 50 34 95 33 58 38 23 67 1 88 61 9 28 12 38 29 11 54 61 32 86 1 53 42 26 25 5 20 5 40 74 79 10 23 89 71 29 56 68 77 42 72 18 75 65 13 32 40 47 33 63 77 0 67 61 99 98 4 70 23 7 78 78 35 27 39 20 54 33 3 97 56 6 98 30 5 81 58 18 85 25 51 62 88 32 29 54 87 31 86 5 53 22 41 17 11 47 82 73 16 74 34 48 21 81 77 33 88 7 8 51 22 8 66 20 54 25 84 41 61 55 93 43 2 9 58 96 66 84 82 46 10 4 79 89 38 8 34 9 62 87 81 16 70 21 43 40 32 19 88 84 61 41 78 28 16 38 66 53 13 58 43 52 79 40 97 61 24 47 70 50 38 61 10 21 100 86 75 44
50 60 31 41 21 9 62 65 11 68 19 90 70 86 96 18 88 79 78 66 98 16 22 84 40 8 43 73 93 70 35 48 54 16 82 80 38 11 80 27 5 73 59 6 99 81 24 62 56 82 73 91 97 40 18 41 93 37 97 28 86 82 82 35 50 62 37 91 14 7 32 27 33 27 72 50 68 47 29 64 13 78 84 15 46 29 68 4 16 55 60 80 12 54 35 74 64 75 73 9 77 52 67 23 0 71 95 49 21 93 90 14 2 90 41 29 90 73 13 68 74 54 30 23 47 8 2 68 36 10 78 32 91 85 55 98 83 56 91 70 62 99 73 32 23 42 65 1 97 37 19 74 37 74 21 16 65 42 38 1 80 11 47 97 8 19 34 69 86 95 96 100 77 91 79 93 91 31 74 43 39 49 43 43 54 44 92 80 92 2 34 27 77 38 35 89 24 69 3 60 65 97 22 46 93 47 3 17 37 34 56 32 72 86 22 39 59 48 14 43 28 53 55 60 60 91 93 0 71 38 64 26 0 63 92 37 7 60 81 44 68 12 40 15 44 86 64 18 95 14 84 49 51 73 85 25 22 91 67 11 80 63 55 66 1 90 96 67 91 93 74 50 23 76 90 18 26 69 32 85 11 87 32 23 7 82 29 70 7 20 1 2 57 26 29 49 100 91 9 98 27 62 70 48 92 4 66 76 92 93 47 31 64 66 10 81 55 83 28 83 24 40 61 18 76 16 38 89 74 93 82 66 68 61 74 88 79 54 53 20 83 76 89 79 20 80 74 19 3 69 92 26 51 71 89 59 69 87 72 49 92 50 75 59 61 11 37 68 94 72 40 20 81 71 15 30 35 74 71 96 1 6 73 15 63 42 84 47 92 10 99 17 41 19 24 80 85 59 34 46
57 18 6 18 23 23 50 52 45 48 38 55 61 40 56 50 16 11 30 31 73 32 43 10 79 94 32 91 30 88 9 86 0 25 95 35 34 31 100 2 6 38 26 85 26 23 64 16 50 54 14 48 69 3 42 52 50 86 98 86 29 17 44 42 68 49 23 75 63 84 48 80 85 54 33 76 62 30 100 80 18 40 72 12 87 54 70 78 26 5 14 73 11 47 25 68 56 31 13 6 92 86 74 74 43 43 52 11 66 61 67 81 50 86 10 100 74 50 24 10 55 52 39 3 6 73 21 54 80 22 54 82 8 82 2 47 59 8 23 0 47 5 76 65 88 47 18 62 57 40 28 69 25 27 52 20 85 79 81 86 80 86 71 61 27 37 13 30 98 4 54 50 28 50 72 7 11 33 33 21 73 88 21 15 49 79 3 70 10 95 12 30 43 87 98 41 2 83 62 56 26 85 99 13 81 100 53 85 70 7 18 3 56 91 91 49 14 95 21 58 43 8 76 90 44 57 98 66 3 49 48 62 17 78 1 87 45 56 77 36 63 48 10 3 84 10 22 91 93 71 40 92 32 79 51 67 48 58 87 10 14 79 97 40 68 60 41 97 50 29 67 91 63 60 62 2 1 97 89 40 9 69 87 60 80 82 35 97 6 8 5 99 42 66 8 50 4 84 71 48 76 47 39 37 55 51 73 48 22 94 69 35 20 85 98 56 43 36 56 93 48 55 95 56 20 0 33 29 71 19 81 27 86 23 9 96 7 98 27 70 52 9 28 7 6 74 25 69 73 9 25 26 1 31 74 13 81 89 17 54 35 89 35 37 45 40 10 19 71 34 17 6 36 7 4 48 90 2 57 57 84 14 29 53 14 81 57 100 73 93 1 56 60 62 36 0 10 29 81 55
76 72 58 60 92 95 61 13 72 4 47 52 68 47 15 38 88 35 37 31 25 96 22 37 4 32 65 81 77 27 72 62 81 29 74 52 52 57 22 15 70 5 34 78 68 2 57 11 39 52 60 69 36 24 92 32 17 60 41 73 59 28 87 0 10 40 66 50 14 34 19 72 91 52 29 68 7 45 95 34 29 40 45 59 94 52 75 22 31 83 62 48 70 31 5 44 38 60 14 24 76 51 92 1 30 71 72 83 5 77 77 75 26 76 52 3 38 16 24 93 23 3 15 74 55 50 71 46 81 95 42 8 66 96 74 93 31 86 28 46 56 50 70 46 99 95 19 92 28 38 49 47 84 33 80 16 56 31 57 65 35 28 82 8 13 87 20 31 71 25 69 92 82 22 90 91 99 17 72 42 7 70 11 81 0 68 43 100 26 77 11 43 88 86 99 21 56 25 95 60 63 12 43 10 50 79 46 60 10 90 72 13 19 12 39 48 19 90 58 81 14 29 92 96 79 10 17 35 6 15 32 81 49 59 39 59 15 84 36 71 97 76 71 83 90 39 27 4 26 77 45 71 7 35 69 45 94 67 30 87 30 54 70 12 22 12 84 82 2 78 69 99 56 39 21 88 36 56 48 69 40 45 30 48 61 72 33 42 16 52 88 61 45 61 6 14 86 93 24 74 55 24 46 55 86 91 63 87 36 48 70 56 37 63 29 85 94 22 89 43 8 39 3 43 46 42 42 64 26 1 6 33 10 54 62 39 45 61 89 43 58 96 41 75 42 51 57 28 100 84 20 23 27 90 80 88 90 19 84 90 23 29 35 8 11 99 71 84 85 93 47 25 34 35 66 74 33 15 17 50 90 60 83 17 62 61 88 81 6 95 94 1 43 72 93 4 44 22 67 82
57 18 59 40 57 27 91 71 13 45 71 37 91 39 22 74 35 32 87 13 12 54 95 58 44 39 35 82 45 22 0 12 13 1 18 87 31 77 59 62 14 86 23 38 36 32 29 63 63 47 35 36 0 18 84 47 31 72 60 5 27 0 75 61 14 81 50 27 49 94 74 78 84 81 63 75 12 42 23 51 7 98 63 51 69 39 17 44 27 51 17 30 40 46 68 99 92 9 6 74 75 96 56 19 31 100 0 67 71 0 7 91 57 60 100 40 2 90 91 18 23 78 22 65 31 0 82 43 30 80 50 85 71 7 41 14 62 2 57 74 51 32 48 49 40 78 50 16 78 10 2 80 56 24 97 43 24 75 16 18 21 66 12 17 77 45 63 100 80 100 48 84 64 51 2 3 72 45 42 4 45 27 52 15 57 15 92 86 92 18 48 36 35 60 89 85 42 65 46 91 6 20 98 15 84 22 51 72 56 69 27 85 47 46 53 94 59 10 45 38 87 8 15 7 89 38 64 58 41 8 64 48 43 25 23 74 55 95 21 47 70 32 85 78 40 84 57 53 92 96 98 77 73 65 54 28 39 82 76 61 40 64 43 65 62 29 79 39 67 84 85 7 80 2 26 77 41 53 40 49 28 71 50 66 56 37 25 100 16 47 81 28 40 56 23 33 51 35 72 18 9 24 1 7 100 9 37 44 6 4 67 3 47 29 58 77 10 49 56 11 98 64 90 7 58 88 98 15 69 94 33 35 58 68 12 23 45 83 70 97 97 5 52 13 65 14 73 21 75 25 43 6 36 76 13 2 93 4 19 89 36 75 48 5 83 27 23 77 9 27 75 38 69 34 39 51 15 33 73 69 89 100 87 18 19 28 41 40 99 23 3 41 58 46 90 13 28 8 43 79
90 45 11 4 45 41 54 100 53 50 15 71 21 93 33 83 79 21 42 4 25 75 28 77 19 6 47 79 95 15 79 4 53 69 27 44 18 26 14 19 30 31 72 52 14 16 51 35 73 32 61 83 19 82 14 50 86 90 79 41 43 75 88 35 89 90 89 24 13 88 37 54 27 33 67 96 28 63 26 62 79 23 83 18 62 44 36 10 32 27 64 71 26 30 60 40 54 84 37 32 10 98 39 49 39 21 47 73 90 71 25 66 94 44 65 2 71 75 7 4 5 24 24 76 49 16 98 46 95 10 77 86 92 41 43 42 69 1 27 25 61 94 89 91 34 30 66 24 25 10 14 82 62 33 14 8 6 41 76 54 27 52 2 53 83 55 69 59 54 96 62 73 94 58 57 86 5 75 73 1 52 91 78 85 41 46 7 41 23 11 100 15 8 1 61 2 3 63 38 21 100 63 58 46 36 70 17 76 2 64 5 50 100 94 84 99 9 7 4 68 90 33 11 61 37 80 49 33 80 46 53 77 30 89 66 94 38 10 64 53 73 6 72 21 41 70 27 12 81 10 39 13 64 82 19 23 30 41 96 59 31 21 13 75 5 51 21 47 62 42 2 14 80 60 9 45 81 69 94 99 57 10 63 0 77 69 97 21 89 90 0 54 60 63 37 60 31 62 77 44 6 75 66 43 96 97 71 42 7 56 17 0 27 46 88 54 4 30 94 61 44 13 42 97 76 76 50 49 29 23 16 99 0 11 88 89 73 93 84 72 73 42 83 56 77 2 39 17 42 55 16 73 23 19 49 20 96 68 44 75 74 24 93 77 82 29 43 54 49 86 89 55 67 59 42 49 20 67 95 35 57 69 38 35 58 39 59 47 9 59 15 94 88 2 31 76 19 79 83 4
0 84 96 4 9 92 63 10 93 89 41 63 58 45 98 34 53 77 94 81 70 95 44 70 67 91 3 73 21 38 51 60 19 94 44 16 58 79 57 2 67 52 85 63 54 80 34 8 70 89 68 81 55 37 51 59 36 47 6 5 25 75 20 48 86 52 75 1 63 71 64 29 61 3 58 11 9 62 3 66 79 86 92 27 31 92 5 34 48 15 83 57 83 79 90 72 57 13 99 28 66 30 1 33 50 24 39 88 79 18 51 26 23 13 24 25 98 24 2 53 32 86 69 76 47 40 62 50 36 62 5 76 76 16 34 61 73 56 27 8 12 42 37 1 88 50 24 38 1 7 70 70 81 29 21 45 37 51 38 88 83 25 78 58 54 19 64 95 48 38 44 91 30 50 39 58 17 7 20 77 38 59 95 64 25 36 88 88 66 34 27 43 42 12 85 5 6 86 36 38 94 4 6 99 9 47 13 30 26 32 69 21 2 33 66 72 58 59 97 72 80 73 28 28 43 86 93 85 90 20 18 98 67 14 55 17 26 62 5 96 55 98 14 26 27 8 68 39 13 83 99 21 42 63 0 89 44 0 60 89 65 63 92 77 37 17 7 54 61 16 87 61 18 74 68 98 88 78 94 79 83 65 23 50 18 40 87 67 83 79 16 68 20 85 20 58 71 55 3 24 33 10 75 16 58 92 38 33 77 44 41 88 14 42 75 41 58 87 4 7 36 11 76 66 16 20 61 61 50 75 14 92 65 57 32 79 74 8 28 79 50 55 85 84 65 13 3 99 88 63 45 88 38 94 23 83 4 22 37 26 94 15 54 57 45 48 14 23 99 35 77 38 100 63 42 57 59 37 35 4 77 35 47 17 59 34 92 86 13 19 100 35 34 32 60 63 12 80 15 12
47 32 47 45 79 68 37 65 76 12 7 23 12 11 40 73 13 66 71 58 14 59 67 99 71 95 91 94 2 8 35 71 34 37 22 22 72 79 49 58 40 68 42 2 98 8 81 67 3 56 43 45 80 2 69 44 81 79 74 85 35 100 43 37 94 74 15 54 44 46 56 69 66 63 4 16 46 61 32 16 95 16 36 33 98 32 90 91 55 92 90 77 16 49 65 83 13 71 56 69 39 63 48 8 41 36 89 96 87 76 34 7 3 73 83 41 60 1 30 51 79 46 25 34 31 36 59 55 2 90 99 11 83 76 69 37 86 94 48 15 23 76 50 36 88 76 58 26 13 19 100 100 100 96 59 74 44 53 36 55 29 36 16 13 1 95 30 91 85 19 5 43 24 66 10 51 74 49 67 61 98 33 83 66 78 48 86 24 61 11 54 69 12 1 75 10 69 81 37 95 15 14 40 30 26 70 66 61 24 25 86 76 23 34 98 37 18 53 12 31 68 79 61 94 39 74 38 28 19 36 73 31 29 20 47 38 25 0 16 20 44 84 64 49 79 79 46 51 18 10 0 14 25 58 43 59 64 6 68 66 83 92 81 53 28 53 5 82 97 7 41 19 97 81 95 56 29 14 13 46 27 76 68 4 33 53 34 86 76 1 24 51 85 61 96 18 94 28 3 73 26 66 64 31 10 25 9 57 50 61 38 81 28 62 54 24 73 58 73 92 69 70 86 66 57 8 93 22 11 1 51 98 30 82 60 43 99 65 56 37 88 1 78 97 39 81 88 95 45 35 31 50 83 94 82 46 66 38 94 11 38 84 87 43 64 48 18 66 9 77 12 15 93 42 48 6 99 50 95 99 42 34 30 9 72 34 4 45 83 83 38 79 11 54 43 88 79 24 82 69
59 13 75 62 10 68 50 16 62 96 99 79 21 91 90 80 28 78 2 33 24 95 26 40 63 64 89 45 84 35 88 28 28 40 69 98 89 16 89 2 34 16 39 67 68 68 10 100 15 46 56 39 34 41 67 77 88 68 60 76 67 71 26 14 87 89 17 21 2 6 13 8 24 81 8 91 58 19 66 61 94 88 95 78 52 98 94 28 89 60 43 64 83 81 2 16 88 92 65 39 76 16 12 88 93 93 93 38 46 15 40 70 26 29 50 36 73 84 43 19 10 76 23 12 82 34 84 67 13 65 13 37 48 34 88 83 20 90 29 69 51 94 77 21 12 92 41 48 33 17 20 33 30 9 35 1 13 11 59 71 81 26 6 20 7 3 53 48 83 70 1 70 55 48 47 1 15 62 1 44 55 59 83 11 17 90 47 35 58 50 61 54 59 83 89 17 57 64 42 17 25 35 0 64 70 25 83 27 19 84 15 88 70 28 32 81 94 84 60 18 93 100 35 97 40 18 90 54 51 91 43 75 82 79 61 31 32 1 3 7 15 64 62 73 15 84 41 43 31 42 17 76 55 89 16 20 24 89 47 61 2 91 24 7 65 62 19 65 24 64 97 19 2 46 38 32 75 97 41 1 69 24 89 55 32 18 57 65 71 82 91 68 4 17 47 29 61 16 62 37 84 29 37 55 99 84 43 20 50 13 75 34 3 47 97 24 40 5 14 97 8 91 3 7 100 2 73 8 2 11 83 91 63 19 83 24 38 65 59 13 49 27 81 78 30 25 67 28 31 19 74 94 41 30 76 67 33 49 57 60 3 76 26 8 51 57 36 27 98 38 88 48 28 49 41 82 0 47 33 92 22 61 63 26 31 13 13 90 67 37 44 85 58 83 47 83 84 95 72 63
68 89 20 72 26 1 11 78 54 47 18 67 78 26 62 67 13 75 60 16 28 19 32 41 29 62 44 54 71 64 23 77 67 61 45 36 53 14 36 77 67 96 25 91 39 89 30 10 13 60 86 27 27 24 56 25 36 94 77 41 84 42 63 46 6 40 47 41 79 88 100 13 21 18 93 19 14 60 39 37 83 57 15 61 52 48 96 5 73 42 21 7 16 9 82 84 23 83 44 87 90 69 92 95 46 97 100 45 23 93 45 23 82 64 89 2 89 26 18 64 96 91 73 20 89 99 90 85 68 65 57 61 64 27 70 90 75 57 87 52 58 45 70 92 35 90 97 89 21 70 61 20 88 2 75 60 52 40 81 5 27 38 96 0 7 78 99 45 96 39 29 40 51 35 73 80 41 38 10 81 31 27 70 70 73 52 18 6 80 68 29 59 6 1 27 53 37 19 56 97 87 73 27 72 15 54 27 51 86 56 90 10 22 3 99 66 56 50 46 28 15 55 19 73 60 70 38 27 40 24 39 59 73 62 0 99 28 16 1 95 39 18 98 91 99 35 89 35 45 99 79 23 47 24 50 88 40 2 63 7 18 95 17 11 53 62 86 15 2 66 82 97 76 53 36 87 50 92 19 90 0 28 44 71 84 83 58 89 69 48 26 21 90 35 6 95 5 2 76 23 75 80 21 4 66 74 55 30 55 17 1 32 39 42 98 12 82 19 22 5 84 1 43 1 30 74 70 46 43 19 86 77 81 91 79 75 14 27 26 63 24 100 4 90 39 99 5 36 73 21 38 89 93 59 2 19 26 11 20 19 55 81 46 46 68 71 28 85 47 10 1 18 81 99 7 46 98 44 19 35 74 14 44 24 61 27 79 5 38 31 76 93 31 70 45 84 86 87 4 68
41 69 62 76 91 86 86 92 99 62 82 51 99 39 26 37 84 13 67 86 87 59 49 37 78 85 68 64 71 23 55 0 1 92 89 50 42 43 47 17 74 38 15 8 18 6 25 93 76 13 30 88 75 69 19 45 95 24 64 20 64 3 67 64 85 85 31 61 71 44 11 80 47 28 9 99 49 5 71 67 42 13 94 45 78 75 83 23 87 100 10 7 55 2 30 61 84 96 56 24 98 36 52 32 90 98 33 43 56 59 68 81 51 28 18 49 74 51 70 22 14 51 93 30 12 19 82 49 56 67 51 73 64 19 36 46 74 29 26 8 82 6 71 47 17 44 29 32 11 78 90 79 100 34 62 1 73 84 90 92 8 75 30 100 41 1 86 11 14 49 81 93 94 33 88 13 75 17 64 42 17 31 19 7 22 7 15 39 57 64 83 12 88 93 61 5 0 74 14 21 79 82 32 94 12 82 58 72 36 71 79 48 72 4 0 72 24 74 11 45 97 38 17 46 64 16 67 82 46 31 17 24 10 31 98 83 68 6 91 18 34 99 20 22 88 91 97 55 62 13 48 97 3 7 12 68 75 53 38 66 51 65 38 34 1 63 53 71 54 42 27 88 3 70 17 49 0 87 67 5 80 64 15 22 86 29 83 67 86 99 12 59 54 5 48 24 83 99 2 7 63 3 62 13 12 30 82 33 96 39 10 90 92 48 45 93 91 55 18 70 58 4 81 57 72 65 22 6 79 77 70 85 31 84 77 16 53 36 81 80 58 83 4 98 72 80 86 72 53 98 69 67 80 50 95 100 28 77 6 57 100 41 79 43 83 18 27 62 40 37 35 6 77 55 19 93 28 33 32 74 25 64 68 2 66 26 6 53 5 67 14 29 23 0 42 74 35 0 27 46
28 44 66 18 82 71 29 92 80 90 63 42 86 98 96 47 46 31 54 38 29 27 5 25 98 36 30 74 55 27 3 26 27 65 12 77 10 6 78 51 41 24 61 67 26 93 90 91 48 20 59 60 32 5 19 43 28 49 72 88 42 54 17 34 51 28 42 69 8 85 85 47 57 3 21 34 66 7 49 75 48 86 80 11 32 56 53 52 29 45 47 17 71 20 53 48 92 99 15 66 16 16 79 100 15 48 65 21 72 29 6 22 47 22 9 69 68 1 8 94 96 53 4 76 52 86 100 63 15 34 90 36 10 44 13 64 3 69 70 51 95 72 13 25 37 52 33 9 35 97 68 0 67 74 4 72 29 98 97 48 94 84 1 16 69 30 31 14 73 67 19 70 22 55 23 100 48 19 78 82 94 7 43 77 56 73 23 70 2 43 56 23 88 39 34 87 73 37 44 21 13 92 87 75 77 11 0 12 88 36 15 67 5 26 75 53 47 97 27 44 66 68 9 87 17 12 73 0 46 93 66 47 34 36 94 100 61 63 82 10 46 46 99 50 73 56 69 87 45 5 35 26 75 40 76 3 43 69 94 11 86 49 87 53 16 70 26 31 9 13 26 41 73 44 0 36 80 64 54 98 68 33 85 16 79 26 79 24 31 34 13 17 46 28 4 39 16 25 14 74 82 40 54 29 20 55 29 70 50 88 14 20 65 86 77 26 53 100 41 72 46 11 97 8 98 2 13 77 95 82 31 74 20 21 71 38 57 34 49 84 69 3 64 46 62 82 100 35 15 71 25 60 7 12 16 12 92 29 90 54 49 11 21 6 7 40 59 46 15 87 54 44 16 16 38 10 19 36 78 65 20 38 21 77 83 66 13 92 9 13 90 59 23 67 70 60 49 87 77 16
40 52 0 3 72 41 54 80 31 22 18 26 8 69 78 71 1 98 22 62 84 16 26 43 58 41 96 1 50 49 65 94 30 28 43 2 95 13 49 9 84 31 12 34 37 89 18 25 50 58 53 16 50 55 43 6 61 44 96 23 93 5 71 6 96 12 18 57 29 21 81 29 76 81 96 76 30 98 5 24 5 83 85 42 85 6 86 76 77 71 95 35 56 36 15 50 27 38 95 65 43 94 19 98 21 100 75 88 45 60 3 83 91 40 42 79 14 88 10 2 91 5 60 61 21 9 66 53 74 85 47 41 2 2 65 43 41 47 2 34 10 85 43 41 72 36 64 65 3 73 89 54 53 13 13 91 97 19 89 0 77 30 47 18 95 67 62 97 12 75 17 34 56 63 88 22 100 30 95 49 17 28 28 47 76 82 82 63 96 56 48 80 85 9 62 76 72 51 56 96 85 29 51 61 33 79 55 21 69 61 59 48 14 4 17 75 42 84 47 36 0 5 54 60 26 53 28 51 63 23 17 90 97 76 18 26 31 6 40 39 99 31 63 12 77 39 81 9 25 60 48 62 35 17 31 19 16 52 31 88 32 21 37 51 1 98 14 71 11 44 98 62 73 46 21 15 36 96 23 37 42 10 58 32 72 96 49 87 31 69 44 3 69 10 63 73 92 42 7 49 35 41 74 86 54 48 54 29 73 79 48 39 94 77 20 68 9 18 85 39 33 4 63 44 48 17 51 25 77 10 77 48 76 44 50 52 99 8 9 80 90 92 51 54 91 43 34 96 10 68 56 57 13 13 32 24 22 34 9 79 96 33 17 31 29 28 5 23 14 37 73 43 8 44 55 73 62 90 19 26 77 16 70 88 95 28 11 2 16 45 59 29 7 79 49 40 40 96 67 80
15 79 28 71 7 70 18 46 55 87 0 20 39 92 64 76 93 21 87 54 26 100 86 38 67 79 58 98 29 69 94 6 17 96 61 92 56 36 79 61 100 2 8 3 6 34 56 80 20 62 55 47 55 26 41 93 14 48 0 91 37 38 1 10 1 16 100 25 10 11 73 66 69 14 50 3 42 84 16 94 91 49 84 45 67 53 34 16 77 77 98 62 97 89 40 54 4 15 22 48 30 11 64 49 25 59 63 86 17 19 75 89 58 99 83 51 84 10 65 14 38 79 39 77 64 96 1 59 85 11 1 96 33 62 27 27 2 50 60 15 68 9 50 49 43 67 9 49 15 30 24 88 18 3 38 46 11 49 7 51 26 99 100 41 91 93 9 100 81 27 25 8 36 61 85 97 43 17 34 32 38 83 5 87 40 96 12 1 68 5 79 2 16 89 60 53 49 69 35 68 21 40 29 71 83 43 8 99 58 45 58 95 42 10 35 77 37 25 48 38 87 28 31 62 70 68 62 60 30 44 9 42 59 30 73 28 48 73 29 17 35 29 26 79 70 70 5 56 65 93 49 74 53 12 89 8 48 29 63 56 60 80 14 80 52 60 52 92 89 86 59 15 59 73 18 6 28 53 93 24 79 72 67 87 12 70 40 76 57 86 69 13 17 73 0 53 55 57 36 70 41 41 76 21 87 39 29 52 81 3 38 69 77 24 12 63 99 95 77 16 36 58 53 7 77 74 80 62 95 69 15 40 90 96 19 8 30 38 86 38 11 49 30 49 21 47 47 43 32 68 62 49 18 30 86 20 69 71 47 13 14 85 89 27 30 41 16 20 57 31 76 90 5 0 55 8 78 39 0 81 77 38 10 14 98 59 15 75 79 35 100 90 58 96 85 12 97 50 1 77
8 44 90 90 8 33 59 52 85 59 66 84 46 62 96 32 72 2 88 64 69 89 70 94 50 51 87 12 36 81 70 3 32 76 50 58 63 67 74 79 48 22 2 83 72 77 65 49 11 8 70 92 87 19 74 20 78 20 51 33 29 32 3 7 38 81 88 18 68 91 75 39 75 73 99 52 9 50 54 41 4 41 2 95 92 7 58 54 64 32 55 20 5 40 14 37 82 39 21 60 99 97 43 69 28 65 55 52 69 84 38 36 46 59 31 78 66 94 82 16 7 46 11 19 14 71 14 72 4 43 42 34 52 68 36 99 91 61 26 88 0 92 52 10 58 53 80 81 72 100 7 47 43 41 52 89 27 9 83 34 8 87 84 34 11 23 73 57 84 36 65 68 60 31 96 12 95 47 33 34 69 49 54 96 61 96 32 43 61 64 68 63 90 13 25 78 99 72 4 14 24 41 3 76 85 55 28 46 37 1 57 1 31 89 78 59 8 74 53 0 5 79 68 18 81 25 0 49 90 77 51 30 87 60 58 44 22 66 79 96 19 37 1 35 2 45 84 26 17 95 66 68 82 90 49 70 2 52 36 80 17 83 53 33 57 21 21 21 33 29 90 90 64 95 40 24 91 69 48 74 13 60 2 68 78 42 1 6 44 83 23 73 96 26 76 28 2 97 94 51 19 60 93 93 15 88 66 7 14 78 5 16 40 33 14 50 74 23 79 73 19 46 44 77 87 60 47 1 87 27 46 20 58 52 9 89 59 72 92 39 71 46 12 15 40 78 3 74 47 0 46 69 69 26 22 9 80 89 75 26 80 86 89 9 35 98 18 57 21 51 44 56 74 61 50 62 20 33 42 82 78 65 94 9 82 94 94 82 60 25 53 10 29 68 67 81 71 51 94 72
72 48 15 35 50 73 66 79 18 5 6 21 8 56 98 67 97 49 47 61 52 83 77 46 81 12 27 12 27 7 90 3 47 94 38 10 56 35 44 83 55 42 47 72 65 74 6 24 40 27 6 52 14 38 88 63 17 10 92 59 87 63 46 38 37 41 25 35 57 47 31 81 45 76 37 50 12 22 92 16 15 85 2 18 18 5 62 64 41 71 67 18 24 71 16 54 1 41 92 71 5 54 27 69 47 65 17 14 87 49 52 57 75 16 10 36 72 32 17 90 19 50 43 98 43 89 85 35 50 52 25 61 18 78 3 13 100 33 83 30 74 84 2 47 53 14 90 92 76 63 18 74 42 100 65 48 49 31 35 34 66 63 60 13 56 27 55 28 40 67 52 99 95 93 50 39 29 38 21 74 26 17 9 57 84 78 42 10 9 79 42 65 40 38 85 56 78 63 44 17 56 80 64 63 50 23 81 85 26 45 96 91 54 42 70 66 81 14 81 96 2 55 53 55 69 38 69 22 5 79 96 37 78 15 22 53 90 44 49 17 8 82 6 73 40 83 30 66 19 94 87 1 54 86 42 42 48 13 42 25 22 33 69 100 86 42 82 100 34 16 88 84 64 56 97 90 61 0 76 16 56 3 76 17 4 40 90 13 91 79 53 18 2 62 93 61 21 35 43 39 76 5 67 27 44 16 19 25 93 11 12 72 100 43 59 7 28 33 96 12 37 51 78 6 73 26 65 58 75 13 43 92 69 97 12 42 43 42 38 76 77 92 73 40 58 78 58 45 39 38 35 15 15 49 33 81 64 98 23 31 51 53 51 68 50 76 77 82 4 29 87 27 94 43 2 21 79 58 25 93 70 4 66 38 72 69 33 35 79 82 9 52 18 32 44 70 36 87 38 6
89 67 36 87 46 12 33 73 79 30 14 13 13 79 64 55 36 98 61 27 49 18 98 4 43 36 66 48 2 56 47 46 97 67 41 90 22 12 16 61 39 12 27 64 80 87 27 74 32 53 78 30 50 96 21 20 38 32 19 63 41 70 85 64 79 98 17 59 19 79 48 29 45 25 88 78 70 87 100 24 74 0 5 33 58 71 43 12 99 77 2 68 50 43 55 28 41 74 87 52 30 49 3 8 48 84 39 63 33 73 93 14 74 92 50 33 9 21 20 28 50 24 44 84 56 2 66 84 100 70 80 27 38 4 79 78 68 37 52 82 84 85 77 91 91 59 90 58 43 75 63 4 34 93 60 38 26 46 18 66 71 46 13 97 100 66 2 70 7 98 61 61 5 77 65 19 13 30 36 18 91 62 20 37 12 70 96 5 94 42 11 59 86 11 11 64 18 94 68 32 53 60 66 37 80 80 56 46 85 79 61 61 49 43 3 22 23 25 3 80 55 32 52 76 49 35 29 95 45 37 62 2 27 62 40 89 18 96 71 68 80 16 98 26 36 6 29 50 66 90 69 37 73 62 86 49 79 89 93 60 90 74 88 7 72 52 45 71 80 45 74 7 51 39 45 80 97 11 7 83 24 82 29 53 40 98 5 14 44 78 100 36 32 35 43 33 81 39 27 53 79 84 49 28 3 63 9 62 50 64 83 79 78 100 11 45 53 94 27 69 37 25 32 64 59 93 76 54 92 59 92 44 50 64 19 71 38 19 93 66 91 87 81 76 54 46 81 50 46 14 33 79 26 31 5 70 91 37 88 46 48 22 84 48 7 3 44 10 81 78 98 97 89 40 37 69 5 96 58 19 70 24 100 52 53 97 70 53 29 11 57 69 97 86 2 27 75 14 32 100
62 25 20 2 26 36 52 47 10 48 76 45 0 4 99 84 25 29 46 89 29 40 72 40 26 0 94 100 53 39 4 66 15 84 50 57 4 10 48 37 63 75 3 21 46 17 25 19 42 99 71 3 78 21 67 79 51 4 59 50 47 34 16 51 46 7 74 72 56 61 47 1 13 45 98 64 1 40 10 11 93 70 98 95 20 78 13 56 39 58 90 15 38 79 83 29 32 50 80 34 27 12 6 47 39 6 45 82 64 23 0 61 83 60 19 17 49 72 96 25 43 35 79 19 72 20 12 94 90 33 28 21 41 93 91 17 96 85 22 66 46 64 38 68 9 28 43 82 50 27 83 57 8 0 7 13 14 53 99 59 8 32 26 50 1 47 39 53 41 3 88 27 30 78 11 75 3 44 31 49 25 38 68 55 90 88 14 13 48 92 51 40 39 69 5 76 17 35 89 3 42 95 82 56 21 76 79 77 18 68 29 60 46 70 67 17 82 2 9 2 14 76 27 47 24 9 72 3 63 45 6 25 19 29 32 79 14 8 44 87 56 88 44 6 17 67 0 100 83 40 53 53 75 7 8 81 90 86 98 5 13 28 39 81 67 97 58 81 25 94 96 72 67 83 79 27 18 98 61 82 51 96 26 58 52 15 11 73 22 71 92 3 31 68 12 50 12 75 25 88 12 9 69 0 29 19 63 23 54 29 99 7 16 47 74 35 81 17 85 98 85 53 51 52 17 69 40 16 79 10 61 71 63 7 98 21 99 8 72 90 81 35 84 61 13 1 35 63 18 11 91 12 98 50 54 67 4 75 8 26 16 30 81 100 39 56 0 25 14 61 99 40 5 23 77 15 20 84 76 18 4 28 26 34 95 90 15 8 3 9 29 70 16 94 20 32 90 10 3 53
80 50 25 66 14 1 68 7 42 64 42 87 100 36 11 71 94 12 60 20 41 32 65 41 3 31 62 98 9 98 5 12 21 61 33 66 68 89 71 51 92 10 97 32 44 98 98 5 70 52 71 81 29 39 50 41 82 63 53 88 49 75 56 100 74 4 50 59 86 92 4 57 38 53 5 79 76 11 16 69 96 6 21 24 90 20 93 90 64 94 72 28 66 38 22 75 69 74 76 83 74 8 34 85 12 43 80 59 35 97 9 60 48 21 28 54 88 67 52 42 68 46 78 17 32 43 53 7 39 82 48 96 1 7 57 39 15 9 49 62 56 0 86 91 22 16 70 100 68 56 44 88 52 19 84 59 73 51 89 91 2 14 77 60 58 20 5 19 84 90 28 51 68 43 92 52 40 73 81 64 69 58 28 63 86 83 20 48 11 65 5 88 42 2 55 15 14 8 8 1 1 12 3 52 90 59 60 82 16 95 64 50 65 5 84 44 24 72 23 4 42 49 63 63 25 23 16 70 48 41 23 72 82 47 8 62 21 0 79 2 19 78 2 80 94 100 35 21 94 69 16 44 63 12 98 79 75 76 81 60 98 93 15 19 95 64 30 65 31 75 15 81 98 92 48 14 88 42 0 99 52 82 46 88 93 13 96 90 4 4 64 33 26 41 34 34 75 55 76 32 52 46 35 54 38 100 51 77 46 38 72 66 53 76 34 24 52 73 54 66 7 80 100 0 77 38 21 53 21 65 87 36 100 41 74 29 32 21 41 68 86 91 7 86 45 5 49 74 50 86 44 45 72 92 25 39 0 84 98 87 17 75 72 41 25 88 54 70 40 26 80 71 19 29 4 60 23 11 25 15 52 47 78 25 84 88 24 45 42 34 75 38 54 47 62 70 95 97 31 4
46 68 42 30 99 30 43 31 91 99 66 2 44 36 79 87 74 71 16 22 57 94 90 24 2 21 0 71 87 42 39 27 63 76 3 29 12 34 59 12 63 33 8 32 69 9 19 46 37 84 11 28 27 1 95 69 26 30 3 27 96 10 76 59 82 1 77 81 25 49 79 29 3 44 88 71 68 55 47 86 85 40 46 41 82 36 96 24 63 98 1 83 84 44 23 8 80 38 50 39 37 25 88 48 56 0 64 70 52 50 50 41 6 82 41 19 60 53 74 27 49 71 87 99 71 98 51 39 15 11 51 13 97 8 82 49 54 55 48 68 8 34 92 32 21 38 24 29 61 14 95 22 62 70 41 24 76 70 42 37 91 66 51 38 69 3 65 69 87 20 32 57 28 52 100 79 66 20 94 3 86 12 15 5 37 42 62 78 68 72 69 44 48 56 30 39 21 47 27 95 91 1 89 2 43 6 95 2 59 96 83 66 45 85 62 79 42 82 51 19 58 40 3 3 69 91 13 39 76 31 85 69 13 92 56 84 20 59 89 55 27 34 29 64 60 46 85 20 76 93 75 0 13 69 94 0 65 74 55 63 31 3 71 31 47 79 63 77 58 15 13 5 14 33 80 98 97 75 2 66 7 11 94 29 75 61 87 36 38 91 65 79 21 38 91 83 57 8 16 89 39 21 66 42 84 21 23 9 41 73 42 89 62 39 48 45 75 73 0 68 6 1 45 68 24 9 39 84 84 32 91 8 51 86 46 46 15 49 96 100 1 48 83 94 93 25 29 35 32 26 42 84 7 73 8 84 35 16 16 11 48 21 88 20 9 14 74 70 25 75 54 51 8 100 79 23 8 16 54 75 11 77 45 12 26 44 50 99 42 61 75 9 26 15 69 60 83 10 14 96
65 94 88 54 48 62 18 93 75 66 74 80 30 49 92 39 50 21 2 45 41 9 30 20 32 9 35 58 56 21 88 83 76 60 100 70 46 63 5 16 69 97 78 56 81 61 25 24 17 40 35 78 6 11 64 33 78 90 28 24 73 25 96 45 10 92 66 30 49 33 92 48 90 9 58 64 14 58 45 100 87 61 19 72 90 15 62 79 74 24 73 99 49 6 53 68 51 44 22 92 1 90 75 45 49 24 19 8 54 49 83 34 33 23 69 12 33 51 87 55 66 12 63 98 93 62 70 3 64 73 58 84 65 77 51 49 92 90 52 38 31 52 42 9 9 65 6 16 26 32 82 65 15 0 94 72 64 42 54 75 68 16 9 44 37 36 42 89 58 25 54 12 8 1 53 62 71 65 37 79 35 96 51 67 42 10 90 46 96 76 54 11 64 42 27 27 97 71 98 40 84 12 34 84 89 48 87 33 22 53 30 76 53 47 84 96 24 27 13 40 91 95 63 16 81 44 71 43 17 39 66 57 24 97 59 87 73 96 88 97 11 34 26 88 6 77 10 67 48 17 95 85 53 32 53 42 81 70 53 99 14 68 23 60 77 35 37 89 13 53 1 88 25 86 49 25 67 81 19 9 88 56 25 56 89 79 37 78 45 13 59 30 5 11 97 55 53 59 52 22 9 54 83 81 9 43 95 57 17 55 12 43 53 50 41 41 95 65 16 79 90 46 74 33 57 40 80 52 55 11 16 86 81 8 71 10 87 74 18 20 53 0 49 55 74 41 23 31 12 4 99 4 100 93 5 66 33 11 15 16 58 74 91 3 81 34 0 12 16 95 100 65 27 63 89 24 98 70 28 97 92 93 7 48 12 34 85 91 29 40 55 55 14 40 54 61 23 31 51 13
33 72 9 62 75 47 63 40 64 9 33 27 86 60 92 50 38 89 100 24 28 11 89 97 59 48 81 91 5 56 42 60 48 28 71 4 100 76 29 26 92 15 26 27 20 82 84 81 37 62 94 92 92 92 75 84 12 61 59 52 79 17 12 62 45 51 26 96 92 18 60 96 15 0 50 33 16 89 57 53 71 13 3 85 62 39 39 94 89 27 98 75 46 4 10 10 76 28 41 7 71 36 42 92 97 10 17 0 97 53 31 7 56 41 2 21 82 45 58 22 83 4 83 27 40 42 74 51 37 56 71 23 51 56 7 99 0 32 9 20 0 0 42 1 57 61 41 76 80 23 83 80 22 100 87 66 3 18 22 0 100 37 38 72 50 0 61 80 66 71 6 69 42 59 12 29 64 57 32 98 31 93 0 90 23 74 92 13 95 32 27 30 64 49 59 34 23 95 64 34 3 5 37 95 74 45 13 31 59 42 71 74 15 81 8 65 35 79 91 61 45 5 64 47 12 62 83 34 30 47 1 70 20 39 64 34 65 26 16 26 75 98 79 67 39 89 16 81 65 67 35 66 58 71 76 80 69 0 82 90 34 93 62 86 85 1 23 95 46 78 48 62 65 0 4 25 37 19 56 73 46 28 90 4 89 20 85 13 73 68 38 20 80 51 24 75 77 86 0 75 41 70 60 35 69 56 43 92 84 92 10 73 60 83 32 92 19 98 47 66 66 9 29 38 45 83 74 65 16 37 92 31 74 77 30 95 63 100 63 96 78 23 65 81 96 56 76 35 75 68 73 64 79 70 70 2 6 9 12 18 93 23 54 15 50 98 84 71 89 48 65 36 97 10 91 73 75 84 65 85 84 95 46 40 53 88 5 54 78 30 3 89 43 61 47 91 75 23 16 20
47 4 5 39 17 35 70 48 70 88 48 30 96 8 87 28 55 99 83 68 2 7 25 60 62 96 35 27 39 33 63 22 90 39 17 86 27 10 61 55 3 92 86 29 68 91 74 60 72 50 58 45 17 12 77 1 18 90 64 61 68 21 71 34 95 25 39 59 51 34 84 10 6 26 1 75 15 14 77 1 61 73 39 46 25 62 61 89 88 57 46 63 28 38 68 0 31 35 84 97 65 93 62 29 86 54 37 8 21 53 1 74 17 40 13 63 55 46 96 11 93 98 32 37 73 7 82 72 89 1 91 78 4 47 38 72 18 16 26 24 24 9 17 16 20 49 74 48 83 54 49 0 62 33 77 14 80 98 65 95 6 79 78 79 57 26 83 78 28 87 7 58 61 11 19 90 78 22 87 25 44 96 72 36 11 73 81 76 98 28 54 29 74 61 83 76 52 28 3 24 33 29 84 91 39 7 55 91 11 43 30 40 16 91 24 13 78 0 72 53 66 16 23 78 93 14 76 7 4 66 17 97 74 37 30 30 1 7 10 23 15 81 53 90 61 56 0 73 33 54 15 54 90 20 56 99 38 73 75 72 71 35 97 62 25 70 55 28 80 53 29 58 92 35 45 22 51 75 1 55 59 82 69 44 61 14 52 90 98 72 12 67 19 35 96 26 69 75 86 63 40 5 85 16 73 40 78 42 90 49 24 8 98 44 61 62 52 68 14 5 15 20 30 77 56 99 99 35 16 71 51 55 98 19 88 72 44 88 21 5 46 11 23 62 20 47 94 62 81 80 6 47 98 77 83 95 1 20 83 95 33 40 59 87 64 48 24 62 91 0 91 21 77 73 49 97 35 7 87 63 24 43 66 71 95 54 10 65 90 94 3 26 99 37 55 93 25 53 76 83
6 63 12 52 14 16 37 99 14 18 47 47 99 81 33 17 55 8 74 25 13 98 7 7 90 40 16 92 20 46 96 17 44 59 82 21 22 13 59 63 90 19 86 29 13 92 90 9 35 87 20 72 52 81 35 69 83 15 100 32 83 47 54 57 7 73 97 88 95 44 38 16 30 33 49 92 77 2 24 23 90 17 62 65 91 23 65 10 61 55 38 6 84 29 44 86 24 42 95 81 25 86 95 11 64 43 20 100 93 13 55 89 54 90 68 30 99 36 45 61 25 94 90 55 95 26 22 45 52 25 41 15 84 95 43 41 44 83 11 84 12 100 33 98 13 97 100 74 9 2 70 13 54 37 41 17 78 38 81 26 71 93 82 31 70 55 44 21 97 18 64 34 53 56 53 31 93 5 25 75 64 91 98 24 4 79 41 9 41 77 56 39 58 59 55 64 20 87 32 51 34 57 37 19 61 15 60 69 19 6 2 70 73 15 32 33 32 14 41 24 81 71 80 19 75 32 30 23 0 60 89 30 38 59 51 50 77 4 69 33 26 92 43 84 65 43 15 26 9 29 45 91 42 79 20 73 15 65 53 34 21 61 35 60 28 9 52 75 91 36 65 64 82 38 81 1 80 59 96 27 74 41 36 18 63 19 65 59 70 44 83 56 54 36 51 58 39 64 59 5 18 0 77 18 65 83 8 8 45 77 50 31 53 20 63 18 9 28 91 94 0 93 58 85 99 64 50 67 70 9 98 2 18 29 24 37 93 82 48 89 8 4 63 34 21 55 72 39 68 52 40 50 32 83 90 43 77 62 92 61 35 67 90 96 38 81 7 97 51 74 56 36 92 55 40 47 11 55 24 96 7 94 84 63 24 25 86 37 36 11 4 62 7 23 99 36 68 49 49 3
84 50 22 42 51 74 67 26 92 63 36 15 20 9 95 98 61 2 82 99 59 12 82 12 9 47 5 91 45 50 54 100 35 72 19 25 24 89 52 84 36 5 3 88 68 12 26 80 94 87 41 59 45 82 30 47 72 98 29 15 62 7 77 71 33 67 47 99 39 44 87 1 3 39 48 65 42 71 38 89 5 23 9 59 95 47 96 21 54 78 13 14 72 7 35 74 42 52 57 38 43 79 98 28 55 79 1 10 63 2 45 53 53 39 14 86 88 84 26 5 87 94 62 41 80 79 75 78 98 33 6 10 40 65 92 37 44 54 68 94 87 10 91 51 74 60 82 34 46 35 43 14 78 22 85 45 80 63 21 94 74 90 40 93 72 38 89 78 49 39 39 73 48 93 77 49 74 66 21 60 69 79 51 48 92 75 95 47 45 9 98 72 57 91 22 62 2 1 16 100 53 43 85 7 14 11 65 89 10 98 75 20 91 16 66 73 7 100 81 6 77 51 61 27 100 42 48 19 60 20 62 9 65 6 61 53 58 86 67 62 59 30 71 35 13 37 9 53 10 41 67 4 38 71 57 70 9 76 63 49 91 94 67 22 98 13 58 79 49 93 33 66 10 53 0 62 80 98 15 64 88 54 10 83 50 64 25 48 95 20 43 26 32 49 5 24 41 96 54 46 28 96 64 52 17 61 58 0 54 68 44 41 98 58 69 42 68 56 53 11 64 22 83 87 28 19 99 50 76 78 30 45 47 37 68 84 22 96 67 75 27 81 49 51 49 65 11 90 89 44 44 98 44 42 78 48 13 39 56 30 84 23 37 42 85 93 62 24 1 23 81 85 55 19 51 9 52 63 77 69 19 1 40 52 21 47 96 17 72 30 73 39 32 95 66 56 63 26 74 53
17 48 63 58 48 43 27 30 32 50 11 33 0 8 4 11 19 19 13 38 36 63 94 66 73 28 83 4 33 81 10 65 28 16 17 87 73 3 10 80 86 100 75 50 13 4 83 57 29 84 36 81 49 66 87 43 75 78 9 34 39 11 7 11 38 16 83 29 95 19 47 96 39 11 97 76 26 5 90 7 29 30 40 11 83 40 2 6 20 89 2 77 42 16 32 8 14 42 53 89 94 54 62 86 48 73 96 5 53 12 18 14 89 54 21 66 99 8 59 78 54 68 15 69 22 61 65 84 37 94 69 52 77 86 59 32 50 32 32 87 44 5 25 67 64 16 8 98 100 72 37 88 93 57 63 64 19 90 61 13 16 78 14 4 41 1 54 39 44 100 100 60 57 16 38 14 3 53 25 27 64 59 74 95 16 68 6 84 87 4 80 81 34 52 22 93 89 32 62 75 66 24 45 85 64 2 44 73 4 14 52 9 29 60 35 46 3 66 18 10 43 69 76 53 60 20 62 3 57 16 95 32 49 97 57 5 55 26 52 14 46 100 37 29 42 3 74 37 62 18 78 84 70 28 13 56 55 30 51 46 37 25 4 4 71 82 24 41 38 51 56 21 16 18 56 41 76 22 19 34 84 5 64 96 54 23 57 6 78 72 19 27 58 65 88 97 46 62 11 70 83 31 47 25 22 60 42 35 30 30 49 38 52 0 27 83 51 54 23 55 16 24 98 77 74 34 30 75 22 89 81 18 77 59 22 5 84 56 9 40 86 10 57 10 20 7 14 34 34 33 54 73 16 24 46 8 45 64 93 78 53 53 96 5 32 5 76 0 49 86 63 92 40 11 55 50 5 67 74 17 40 97 38 90 28 98 70 76 84 96 40 19 10 92 36 99 34 5 94 78
17 35 61 50 25 83 63 55 11 82 87 99 44 2 29 95 57 33 4 22 67 13 16 10 86 18 91 18 48 73 79 65 27 30 59 41 69 0 56 48 26 63 97 48 95 11 13 1 64 89 97 49 58 5 82 6 71 11 2 100 40 38 78 51 13 95 45 96 77 22 57 87 78 15 67 68 48 20 61 93 88 98 17 85 81 60 12 60 9 7 79 45 34 47 1 43 8 15 73 29 80 59 12 79 71 65 76 93 67 20 25 76 49 12 60 30 37 82 75 0 5 75 15 21 15 92 4 50 88 24 14 14 7 19 37 43 82 1 72 41 87 88 67 20 7 13 14 14 42 89 54 74 87 79 95 67 88 98 35 10 26 13 66 100 45 40 18 55 79 77 5 33 66 10 61 96 63 89 71 68 28 84 22 57 81 20 87 64 97 28 7 40 29 55 6 30 99 46 88 71 42 23 72 12 42 55 28 0 68 86 40 23 88 47 50 35 54 87 51 90 13 61 1 1 31 52 6 3 63 73 53 24 88 66 50 27 71 25 9 96 24 97 67 83 76 24 84 82 70 86 10 90 17 1 22 12 50 20 52 37 86 72 46 25 70 40 10 19 42 32 34 18 69 11 77 47 44 30 92 58 21 90 4 7 3 30 30 12 73 72 86 83 43 64 55 21 19 33 57 41 82 16 20 10 12 82 94 25 58 0 58 45 7 42 65 3 87 26 22 23 31 82 32 50 3 54 93 78 46 23 20 32 79 49 43 30 77 82 86 32 36 59 63 36 71 56 64 42 41 100 36 77 100 57 0 41 96 65 53 45 7 50 24 0 69 18 93 17 22 40 40 2 55 77 9 26 67 85 39 69 95 46 61 1 43 59 33 4 75 32 60 81 22 75 9 38 63 6 11 45
1 80 91 85 2 46 38 69 48 69 5 27 66 28 44 7 100 53 72 93 57 52 21 64 86 75 28 62 79 60 64 40 78 70 63 10 56 82 7 65 47 66 50 1 0 97 39 10 8 62 34 13 2 67 34 44 13 42 50 80 51 24 60 54 88 93 33 13 60 65 98 90 44 52 42 33 8 19 2 12 17 59 25 100 20 78 81 54 83 76 64 24 66 52 34 19 22 63 5 37 87 85 66 10 60 60 78 88 67 23 24 31 64 45 78 69 7 74 68 18 99 42 55 75 57 76 9 40 67 58 84 99 50 34 62 54 54 44 48 53 91 53 26 12 79 35 85 32 36 34 29 66 40 58 71 99 34 86 87 64 9 33 7 53 5 31 100 67 8 19 3 99 61 76 12 37 41 38 65 54 54 70 51 61 97 98 11 33 9 84 92 47 60 58 27 75 37 64 77 76 68 57 18 29 83 70 13 97 79 45 76 21 22 77 46 95 34 36 39 12 26 60 79 81 90 16 49 34 35 10 0 42 57 17 6 12 38 83 16 31 91 96 79 76 17 77 78 57 29 76 15 26 80 42 82 72 45 11 23 91 33 52 63 27 4 8 91 51 51 97 51 74 71 45 35 78 25 82 83 20 63 46 29 46 6 64 16 61 56 70 65 28 70 65 96 27 47 80 40 56 93 32 9 98 41 72 7 78 19 66 78 21 90 49 52 7 85 30 76 85 37 34 61 61 28 31 13 34 34 57 93 30 26 100 4 19 53 75 52 73 65 44 69 82 34 64 55 71 20 82 73 61 84 82 33 15 79 9 91 80 19 50 28 6 41 26 53 46 44 93 19 77 60 67 95 22 100 65 49 40 54 37 49 79 44 49 87 76 85 61 68 49 62 51 84 68 1 96 86 50
37 90 49 76 97 9 25 35 32 37 76 69 38 99 82 9 30 93 68 71 21 55 65 44 32 8 46 69 52 88 100 10 68 79 2 69 55 57 44 83 40 29 93 39 80 21 15 49 84 39 79 45 36 91 54 15 53 76 79 15 78 76 74 46 17 26 98 64 78 11 98 95 78 27 42 85 25 2 75 49 34 37 67 6 28 16 89 92 13 16 61 73 40 37 8 23 63 30 4 71 34 77 79 84 97 28 28 6 42 20 94 20 63 67 8 63 74 21 80 3 98 37 68 62 85 46 21 96 57 65 3 19 50 75 79 88 52 41 6 45 38 85 78 7 96 51 82 99 87 0 9 41 87 18 1 75 54 22 76 91 19 90 15 78 87 85 76 11 52 17 37 55 22 54 92 99 56 83 64 77 2 96 64 49 66 66 53 90 0 58 92 99 27 69 57 10 77 14 95 31 49 1 30 4 6 40 31 65 20 47 53 1 63 9 81 37 18 55 67 8 83 70 69 66 91 89 37 89 11 6 94 60 71 8 53 85 46 82 62 41 45 22 47 92 44 96 15 57 83 30 45 87 72 21 32 7 83 13 30 96 45 40 22 74 6 5 12 99 74 49 43 67 59 19 14 70 37 17 22 92 9 71 7 68 26 19 20 71 72 36 4 83 35 93 7 43 86 63 56 75 66 66 25 23 38 1 5 48 65 20 44 49 3 42 85 53 22 27 33 53 1 62 86 41 24 2 35 24 49 68 11 54 3 56 63 20 58 38 51 79 3 73 9 63 23 50 27 2 32 41 74 64 10 1 100 28 4 88 85 88 25 61 91 71 6 38 52 34 42 36 59 36 96 15 89 96 92 31 11 96 88 99 35 48 23 47 58 17 1 84 9 40 20 72 21 81 46 85 32 41
10 62 48 43 79 60 59 18 100 91 41 70 100 34 23 26 16 72 64 40 28 82 1 31 66 74 1 80 74 36 46 80 42 1 43 59 89 59 56 24 59 59 2 11 40 26 33 38 71 41 3 27 75 34 86 55 82 74 57 22 85 88 0 39 32 92 65 12 45 20 70 69 11 30 19 34 0 18 35 84 32 83 38 52 43 21 26 65 11 55 34 95 86 46 89 5 62 82 37 84 0 35 65 32 21 53 24 91 36 3 45 44 78 50 85 12 88 37 11 35 73 41 55 6 61 50 41 47 78 1 69 74 37 81 96 81 46 92 68 45 28 36 5 71 56 30 6 56 50 11 45 15 27 31 55 78 61 62 14 24 84 25 45 7 96 11 50 27 86 48 17 39 76 80 61 37 9 41 80 47 1 39 83 68 96 17 12 34 92 29 4 75 13 19 41 23 97 70 2 64 5 96 2 21 43 1 56 32 14 9 69 11 60 17 99 62 10 1 35 10 39 81 100 52 2 40 19 67 81 55 72 97 95 75 25 78 41 32 27 71 63 74 1 37 85 72 63 57 100 78 23 4 72 24 70 47 21 45 90 31 12 32 73 63 20 55 36 55 79 0 74 95 61 64 85 24 32 10 4 99 82 87 29 60 11 58 22 73 84 93 78 35 78 87 20 55 70 12 86 43 36 92 52 44 8 66 16 86 70 100 59 69 56 60 9 90 91 62 77 94 12 67 33 12 5 39 29 82 12 40 29 14 92 40 94 39 30 52 72 94 57 73 100 66 37 72 55 61 36 95 99 22 48 11 6 67 57 2 41 56 66 94 57 51 36 82 54 9 52 92 97 83 95 67 11 15 21 50 76 3 89 74 2 46 78 98 28 9 4 55 32 60 9 52 26 7 2 26 24 8
1 3 76 29 65 65 18 54 20 12 16 66 35 34 42 48 49 43 83 11 24 82 96 73 0 99 91 76 38 86 5 98 32 22 16 83 46 72 15 77 30 34 73 13 76 25 10 24 89 26 44 82 45 64 8 81 68 100 59 39 74 83 5 19 44 44 2 37 10 45 57 19 59 70 88 24 0 67 69 18 25 11 68 48 25 87 15 58 23 35 53 49 78 81 18 61 23 98 49 70 27 75 94 18 22 29 30 11 9 60 69 59 93 62 0 62 20 58 74 44 3 52 64 93 31 74 42 68 68 71 18 60 100 50 43 19 79 99 73 66 13 26 12 99 94 17 91 82 27 60 53 84 97 8 36 4 83 91 49 43 20 14 2 45 4 44 75 7 90 60 66 22 14 66 66 53 49 3 29 8 99 9 12 52 41 54 40 88 73 36 39 80 37 74 89 45 15 17 87 56 61 33 94 74 75 18 15 54 80 20 85 18 68 62 42 56 5 60 14 53 4 41 10 46 10 36 2 57 38 35 22 70 36 92 1 25 75 40 5 91 58 55 6 6 88 36 68 85 57 74 61 7 57 84 98 1 23 5 5 33 39 85 79 59 90 6 70 2 48 50 48 65 4 3 62 15 40 15 28 9 30 49 14 92 43 38 91 66 76 88 37 100 75 0 25 93 84 35 60 90 71 81 53 61 12 94 22 33 45 11 42 81 25 37 59 69 69 63 32 31 10 3 14 97 60 72 2 59 55 79 70 66 0 75 2 80 2 7 67 83 66 92 59 44 83 76 88 64 90 86 92 70 32 86 67 6 91 7 23 98 96 84 36 90 65 94 98 90 33 2 95 31 53 50 47 20 17 48 40 68 11 91 18 72 83 10 33 43 81 11 8 53 28 59 77 83 31 71 53 25
20 19 5 86 88 82 54 2 70 57 89 50 51 10 9 48 16 64 22 41 73 33 0 31 98 80 28 54 49 8 85 40 15 73 18 21 36 40 63 93 6 75 31 0 10 35 35 97 2 14 57 27 94 15 18 99 24 34 71 35 39 42 86 73 7 18 86 18 84 40 56 3 13 82 17 10 88 81 34 6 47 67 30 53 27 80 91 51 87 26 26 69 30 56 29 43 15 15 6 15 84 53 37 37 0 73 61 18 79 37 90 77 5 13 100 28 28 6 89 63 49 62 27 8 46 46 84 97 65 7 22 22 35 61 55 63 100 95 97 61 64 39 36 11 61 98 78 63 80 85 39 1 73 83 54 85 44 64 92 18 29 12 42 54 35 9 53 7 9 39 69 39 0 4 71 26 30 34 61 9 26 47 1 44 87 96 78 54 16 27 62 98 85 99 92 55 61 15 92 68 44 91 92 87 93 23 78 74 26 61 90 70 94 4 28 42 77 71 99 73 95 63 76 7 64 23 9 24 64 1 82 58 30 96 73 49 39 88 62 80 91 78 10 64 43 96 75 97 6 14 77 16 75 10 80 96 89 12 39 81 42 89 62 54 88 68 97 19 71 70 51 44 72 51 100 17 19 18 26 54 54 77 67 85 73 9 78 70 49 18 96 22 88 42 100 39 98 52 80 14 87 3 81 40 98 58 4 16 54 7 72 3 64 41 28 69 18 18 69 36 68 99 15 56 81 99 44 66 67 74 30 79 7 74 45 39 60 34 88 25 96 60 34 28 24 37 84 57 88 52 78 64 17 12 12 50 99 66 51 34 76 15 79 49 64 70 61 36 77 74 86 78 95 96 54 33 16 74 43 87 18 98 14 8 54 52 44 4 73 83 57 74 56 6 59 23 67 78 52 0
70 61 26 29 54 50 30 33 63 46 41 68 60 17 87 33 21 10 34 51 61 16 66 32 20 22 100 20 91 73 25 26 38 71 51 76 27 15 100 56 2 89 45 7 81 48 95 32 29 11 70 51 12 23 90 53 14 55 18 26 40 3 73 51 50 57 8 34 44 50 39 64 47 59 45 22 40 7 85 74 87 29 29 68 21 77 41 10 29 1 95 75 99 12 64 11 50 40 54 19 52 9 22 3 58 49 100 82 37 58 6 79 45 65 35 27 43 93 55 71 88 48 71 64 50 16 61 2 41 7 7 85 36 96 35 82 65 81 70 83 34 25 31 77 85 2 77 19 70 39 12 14 84 62 68 95 67 97 50 5 37 81 83 24 27 77 53 69 81 84 71 76 36 61 4 2 71 60 53 86 80 31 43 18 48 53 66 96 68 86 31 80 59 94 92 93 6 44 10 51 10 54 36 31 51 10 67 93 16 72 41 96 50 18 73 8 60 94 96 2 59 76 50 21 95 40 24 17 54 33 49 74 47 86 15 11 8 31 88 0 30 95 78 43 71 70 75 43 96 27 13 99 54 62 31 46 82 62 55 96 39 73 43 4 94 98 64 88 42 25 91 3 88 44 34 1 91 76 11 66 63 57 65 38 79 1 100 4 16 59 28 31 3 92 35 13 68 99 27 2 90 28 52 45 44 37 14 90 27 99 29 44 55 9 42 57 21 43 76 5 47 32 61 55 26 19 5 90 20 80 97 44 62 1 71 15 38 6 91 21 71 98 7 46 97 22 67 96 34 48 75 94 27 44 7 36 77 34 19 13 8 7 41 30 75 5 83 38 5 28 38 21 89 65 47 66 91 60 81 44 94 95 49 2 23 59 41 40 73 71 91 1 30 36 3 97 69 85 78 23
57 21 43 90 24 50 93 21 96 34 37 96 44 27 65 9 53 4 56 66 80 31 80 97 88 97 29 97 2 34 57 86 4 0 57 87 10 42 31 4 1 48 70 90 84 26 2 1 91 84 10 20 14 74 76 27 76 0 79 97 10 57 15 72 91 27 60 16 76 70 64 77 74 29 61 99 100 33 64 72 20 66 59 32 4 70 83 24 31 16 27 97 62 22 79 59 22 25 6 13 32 43 2 84 24 81 90 65 47 20 67 3 95 95 23 50 64 33 28 58 89 52 51 29 75 74 60 29 10 41 77 78 66 58 48 53 2 13 27 11 56 100 33 42 49 1 6 70 37 71 93 69 81 55 22 77 37 50 11 63 71 81 21 52 49 94 69 23 90 29 80 57 51 54 20 39 24 31 36 25 41 11 9 54 92 74 41 37 43 95 94 50 9 23 94 48 92 57 83 53 52 0 45 27 24 83 100 32 19 14 20 43 22 86 75 39 48 75 54 70 64 63 27 65 67 24 58 20 31 25 89 58 51 27 68 79 68 20 7 12 77 84 52 35 96 90 97 79 53 9 99 84 77 83 32 70 24 38 38 39 97 59 100 71 53 79 77 64 89 53 78 65 72 74 25 68 97 61 90 64 53 64 33 11 85 61 21 33 46 8 82 55 68 9 6 73 38 58 52 89 13 57 91 51 35 18 0 97 27 22 78 62 80 56 35 83 63 91 27 28 70 59 26 97 27 29 4 13 90 76 66 23 9 38 73 75 65 59 54 76 53 24 18 99 39 14 93 78 60 78 22 41 23 56 98 91 64 15 61 75 25 1 41 32 84 99 13 94 21 95 41 90 11 72 94 53 83 76 55 23 27 76 32 50 55 47 8 24 30 66 79 80 55 65 36 70 26 96 97 12
15 56 46 19 26 8 46 41 53 92 0 38 91 2 65 14 32 48 77 53 30 29 4 33 53 7 3 26 82 87 50 86 35 15 28 48 92 86 87 84 55 25 52 15 31 6 8 73 74 27 27 78 21 41 28 0 63 20 20 10 61 94 29 47 31 9 97 79 92 33 64 84 44 9 44 46 42 100 15 1 51 44 27 8 97 88 23 72 94 63 85 65 72 90 43 24 12 70 53 20 22 52 80 70 19 47 4 11 79 48 60 39 3 49 67 63 63 82 73 36 11 0 46 69 4 18 2 100 96 32 46 12 56 64 81 37 10 40 24 68 8 30 74 34 83 100 25 25 4 31 20 61 76 53 66 65 35 86 63 78 3 3 97 61 80 46 52 45 93 0 67 38 43 74 94 70 88 7 31 56 94 85 11 28 58 88 77 43 51 5 14 87 49 88 34 87 18 81 90 24 93 33 79 49 32 46 90 92 49 29 88 38 27 68 39 67 90 76 14 53 2 60 77 51 31 40 40 13 34 19 91 79 10 11 52 38 87 83 58 23 96 97 16 59 6 56 44 92 65 43 37 82 87 36 27 15 54 16 8 55 18 6 88 71 32 16 20 24 5 33 60 74 51 28 22 37 47 45 92 48 77 80 68 18 56 38 53 54 29 92 71 16 15 84 84 10 27 57 51 87 79 39 97 88 66 38 65 79 97 91 19 17 88 6 86 62 92 99 98 87 53 25 23 0 64 36 87 46 9 89 98 30 28 76 22 7 21 42 77 64 90 17 49 22 72 12 75 43 21 17 40 90 58 61 16 20 14 84 18 24 7 16 18 87 1 71 5 62 89 61 3 45 31 37 77 29 92 78 42 3 90 43 85 98 5 21 1 59 69 2 81 25 36 13 63 63 76 5 6 94
66 2 61 36 29 67 87 28 37 61 45 28 27 80 88 4 1 0 59 51 42 46 43 90 59 58 40 25 66 32 83 2 21 83 74 96 81 13 14 4 47 25 23 59 92 95 43 21 4 1 90 24 33 55 69 44 73 88 43 26 7 85 39 97 20 59 52 63 89 57 27 60 87 22 17 74 25 62 14 30 73 47 50 69 85 67 96 8 66 57 97 78 75 53 15 11 14 33 80 13 52 74 4 73 97 12 58 64 12 49 29 83 58 33 92 91 39 93 72 40 86 81 86 80 21 97 35 99 64 87 9 80 0 87 5 71 29 57 53 32 24 10 72 35 45 19 38 56 44 97 99 41 79 95 88 65 10 61 40 13 84 38 61 97 5 33 100 8 49 30 50 11 11 15 38 12 52 59 95 19 93 27 66 75 11 4 36 0 85 72 3 98 32 9 29 14 11 60 66 20 64 61 68 22 57 99 39 0 37 11 73 79 29 47 96 63 8 66 67 82 52 33 8 39 75 6 59 51 78 69 89 78 65 82 85 30 15 3 33 49 55 26 97 36 70 29 11 39 92 87 1 1 32 75 2 52 65 87 71 19 43 14 97 91 38 54 67 84 84 60 6 54 94 76 92 75 54 0 91 85 79 77 32 98 59 69 51 5 61 18 98 7 9 81 26 55 65 6 3 21 43 33 64 19 52 9 7 11 42 99 6 0 86 14 29 50 20 30 4 92 10 55 23 36 19 79 45 19 36 97 55 97 46 27 86 24 85 78 91 32 88 85 80 97 34 8 3 82 24 14 7 59 82 21 11 14 24 57 48 24 6 10 90 47 36 43 88 67 66 90 30 1 80 86 9 99 94 45 2 42 68 99 6 21 24 72 71 54 83 34 16 70 22 73 56 11 9 68 53 42
69 93 8 66 81 85 75 3 32 68 30 73 81 34 89 39 81 46 8 60 5 46 71 78 61 47 40 3 40 90 87 29 90 40 59 5 8 58 35 17 85 66 53 56 97 8 93 8 25 35 28 62 40 50 78 61 27 14 83 43 39 37 62 81 29 14 17 42 93 89 24 28 50 70 3 17 100 32 14 43 47 69 72 60 25 84 38 67 3 67 52 7 95 75 11 66 63 72 26 37 7 20 60 44 17 52 93 88 95 22 48 9 64 34 99 60 16 91 9 12 39 29 4 53 55 20 55 46 79 73 36 56 6 63 93 8 24 28 53 14 96 62 63 19 89 61 69 83 37 84 44 8 43 52 98 62 38 96 97 43 99 61 34 47 0 11 44 12 44 24 47 70 76 96 95 4 40 98 83 67 31 18 41 7 63 4 65 44 99 11 86 44 50 24 33 61 60 75 35 2 45 65 88 15 23 32 72 76 41 99 22 23 46 38 20 77 86 93 53 21 96 25 91 57 63 87 79 100 12 86 14 54 21 57 17 43 8 39 50 20 9 70 69 80 11 90 59 63 9 66 52 6 55 47 58 5 67 15 96 97 96 0 29 48 79 48 74 99 27 69 31 49 38 4 38 8 16 13 31 88 51 26 94 8 1 31 98 18 70 42 85 28 28 49 42 96 97 30 72 34 76 3 48 56 24 33 95 68 70 32 20 35 56 93 70 80 32 24 26 69 26 7 8 91 61 0 74 69 32 96 0 34 76 37 10 41 96 73 96 53 13 64 56 93 5 16 8 9 86 44 75 2 70 82 77 58 7 90 51 6 2 14 17 15 21 54 60 73 80 29 83 5 33 60 62 87 28 28 36 90 58 21 99 22 25 95 44 50 60 12 10 55 40 5 63 2 13 67 80 88
91 20 20 66 74 37 56 47 13 51 29 53 5 28 66 3 3 19 70 38 41 44 1 54 99 88 49 68 75 71 9 100 22 99 12 96 14 25 56 3 42 4 43 22 98 49 52 7 55 94 83 1 17 69 57 99 61 62 2 16 1 9 95 86 51 65 59 79 56 86 78 99 83 81 79 82 81 5 76 92 60 69 58 18 86 66 9 53 73 46 22 22 15 26 92 26 54 24 81 0 8 15 89 61 15 78 59 31 78 34 34 87 99 85 21 98 96 83 10 70 16 73 50 97 78 94 20 74 66 15 88 1 78 88 84 55 58 68 55 83 9 6 6 70 4 54 66 15 27 11 0 53 82 60 51 36 43 3 58 90 75 89 60 77 100 48 84 28 55 76 79 32 38 42 3 18 53 19 11 84 44 53 88 35 70 20 89 14 4 41 44 54 85 78 67 39 24 42 15 14 91 76 61 57 58 87 90 59 7 11 89 87 44 57 66 96 38 13 33 10 35 33 47 43 86 58 42 47 21 33 71 36 19 71 20 12 53 1 25 34 36 35 7 94 18 79 60 96 89 37 11 44 100 50 45 88 93 64 7 85 59 27 83 12 90 14 86 20 36 24 6 90 47 83 10 92 61 22 90 28 42 44 79 27 28 15 33 16 48 85 55 5 38 46 65 2 50 37 49 23 94 100 12 97 74 58 3 23 92 35 87 0 90 85 81 61 31 30 28 32 84 61 83 70 46 13 80 59 48 83 36 96 15 32 18 26 81 65 96 0 3 32 51 24 20 73 12 12 83 42 87 13 98 76 45 64 50 63 96 10 9 2 15 96 37 62 98 54 47 40 56 48 22 7 33 13 62 8 17 54 97 32 50 10 78 99 97 47 87 76 51 95 13 57 69 80 95 58 44 12
79 82 11 54 83 82 71 43 58 92 39 67 68 3 70 2 49 9 42 24 67 40 16 94 59 9 47 34 50 34 8 33 0 7 17 22 36 9 2 1 28 52 89 23 23 8 71 87 19 51 20 20 65 55 46 41 56 3 63 80 72 95 35 7 84 79 22 61 21 93 49 26 54 86 16 57 15 58 68 37 2 81 36 33 71 96 48 6 99 65 34 30 37 75 45 26 10 58 20 1 34 88 74 65 3 73 98 6 70 15 93 83 96 54 28 85 98 71 67 14 33 17 52 26 28 1 93 22 47 90 10 85 63 84 21 70 73 34 56 70 34 98 65 11 46 2 83 78 8 40 40 79 85 22 2 60 15 100 21 59 64 1 21 73 1 24 35 4 65 26 48 11 15 96 25 1 38 65 15 50 30 91 25 88 35 90 11 91 86 11 57 63 54 12 99 8 12 0 59 14 33 5 0 38 68 66 61 53 89 0 79 49 9 72 48 66 45 79 10 9 16 77 37 69 86 10 50 94 80 15 39 17 48 17 6 47 35 8 69 95 0 33 74 10 36 47 24 74 68 6 45 9 38 84 98 61 50 74 55 16 34 41 7 56 70 57 61 89 30 82 41 13 91 85 61 21 86 96 1 64 13 71 67 47 85 10 58 36 47 4 69 64 2 90 68 76 84 97 58 15 66 74 19 49 97 81 10 23 96 31 4 60 52 56 37 10 3 95 29 70 7 6 69 74 0 6 3 48 51 57 97 82 49 79 36 74 98 22 64 64 73 85 85 7 41 57 5 36 20 17 5 54 54 41 22 67 20 7 3 78 71 90 79 26 4 63 1 34 48 8 17 41 13 51 25 33 37 38 42 22 77 23 71 93 55 50 2 85 54 73 50 5 69 86 35 18 56 74 50 32
37 37 90 94 90 71 22 96 87 79 83 32 9 42 10 36 10 96 59 53 40 78 70 9 75 86 44 95 13 8 70 55 70 76 66 84 2 87 92 32 28 84 75 62 43 33 3 89 46 34 3 38 56 100 89 25 8 85 88 95 79 34 83 37 10 27 45 84 24 35 30 97 70 10 62 35 42 15 27 49 14 91 55 21 67 12 18 15 44 64 10 15 14 86 27 8 18 93 1 69 8 18 20 96 77 9 21 56 13 4 9 92 39 19 18 32 83 94 75 37 73 13 29 46 80 65 77 69 7 66 29 19 100 100 76 2 70 32 28 19 97 40 68 21 46 65 76 74 73 95 32 95 52 53 63 61 52 51 10 70 58 0 39 26 80 31 71 4 86 20 1 85 25 68 28 80 70 12 13 94 94 100 39 55 76 21 22 27 76 86 26 85 4 69 52 60 28 68 44 46 5 40 54 20 93 53 48 59 93 39 93 57 28 45 22 98 28 87 100 66 48 74 27 31 73 95 79 98 29 0 16 40 26 78 17 28 16 50 82 63 40 23 53 17 63 33 90 9 58 39 36 23 26 28 8 3 100 89 17 29 12 89 33 65 26 36 45 80 7 54 55 76 13 24 54 3 35 23 43 26 90 68 44 41 76 8 44 52 69 98 11 43 40 45 40 94 46 66 100 24 83 70 39 20 62 46 64 30 22 76 5 49 81 18 93 51 62 18 91 6 42 88 6 12 63 50 30 88 45 35 22 51 30 35 22 44 11 99 100 39 80 37 70 59 11 100 54 48 48 6 38 63 79 63 91 85 100 9 17 10 27 52 81 78 30 2 66 57 73 33 8 43 32 68 13 64 68 84 22 27 95 77 37 76 47 10 25 79 44 88 5 69 0 41 11 98 39 90 5 58
71 1 1 53 85 55 80 53 41 34 95 89 76 54 33 31 78 40 0 78 52 1 31 19 52 7 91 96 75 36 48 100 47 67 38 4 100 24 83 38 39 96 88 50 68 70 0 27 25 45 27 78 25 35 98 67 47 23 52 46 23 11 44 53 39 79 47 89 10 24 24 59 22 37 92 75 90 1 49 79 25 16 68 40 24 86 38 97 28 38 60 87 6 15 79 46 25 52 83 49 85 48 59 75 8 92 48 34 60 98 36 15 32 69 91 87 86 21 55 60 53 17 18 43 39 26 10 24 11 49 92 85 56 30 77 60 92 18 2 21 79 64 55 39 72 1 78 92 80 81 71 65 14 69 85 15 46 69 44 62 65 50 59 16 1 4 70 48 65 59 22 7 31 39 94 49 34 99 79 89 35 68 91 16 52 64 72 44 14 27 35 13 8 84 41 47 79 41 59 78 27 35 72 16 64 47 45 22 16 88 38 81 75 34 59 76 78 60 86 50 68 66 70 94 74 66 90 15 81 0 19 48 63 90 90 16 94 90 0 19 99 21 51 36 15 64 10 3 43 19 60 7 2 9 96 0 13 98 36 14 24 43 70 69 6 75 77 75 41 3 66 2 1 94 88 29 83 97 70 86 62 95 97 80 24 74 22 33 24 29 34 3 47 72 10 32 40 96 94 17 52 92 86 18 47 31 100 93 97 65 36 78 4 27 41 23 96 6 81 82 50 12 62 21 9 9 44 63 53 22 19 14 44 24 57 34 79 97 37 52 97 48 16 68 25 95 80 71 39 89 66 86 74 64 71 42 45 22 57 14 18 6 4 68 80 28 53 63 92 8 93 13 78 71 18 93 32 22 74 11 45 74 59 72 59 48 67 10 11 42 25 88 65 77 20 0 94 57 27 59
18 87 48 70 57 6 13 41 70 87 17 92 12 37 67 59 0 91 6 36 71 44 51 72 32 37 55 22 25 60 10 73 50 86 73 36 97 28 81 6 10 90 35 14 96 57 86 97 92 27 84 56 21 12 3 85 60 37 8 19 40 39 65 72 89 56 94 91 14 80 83 21 47 44 35 11 60 68 27 63 56 50 75 37 5 82 97 84 81 98 74 58 60 32 88 69 66 36 42 30 3 90 58 94 87 54 15 31 1 12 15 10 34 96 51 12 46 39 73 99 88 88 83 10 61 22 52 74 89 88 1 11 51 49 65 87 19 78 69 69 71 31 82 90 54 40 45 31 74 100 88 91 28 12 78 0 46 35 86 98 47 12 72 40 88 70 22 43 5 3 59 50 72 83 38 68 82 82 41 68 78 38 39 19 9 48 6 69 83 35 41 23 32 33 89 41 47 78 62 2 95 28 65 88 22 78 47 82 21 74 63 78 14 52 30 34 68 40 54 80 84 44 63 77 12 41 33 4 40 67 25 2 13 0 18 54 32 68 35 26 93 41 43 87 87 26 91 34 8 23 6 98 34 94 30 96 20 33 100 0 82 49 4 87 8 54 2 82 91 96 40 21 57 48 23 2 73 97 19 89 67 82 7 7 10 42 8 33 81 100 67 36 67 58 39 24 15 36 78 69 87 51 66 1 26 44 39 74 48 38 98 71 63 71 28 40 2 77 1 44 16 49 16 48 59 42 36 27 8 20 93 67 77 4 23 20 69 58 64 71 69 55 35 82 71 22 12 66 38 91 57 57 51 78 77 31 26 2 18 40 46 59 0 26 36 77 75 94 62 38 100 42 42 95 96 14 32 55 8 79 20 44 17 61 74 76 5 66 68 46 93 96 84 3 49 13 54 11 99 70
38 98 11 62 0 88 55 1 38 51 58 71 54 39 27 30 87 98 87 49 30 11 21 100 57 20 19 44 49 89 28 76 67 86 37 75 44 31 98 53 84 78 80 93 98 82 33 78 13 27 24 70 12 36 83 98 14 20 3 78 80 61 49 26 57 75 22 50 19 9 23 7 65 52 34 12 41 42 69 31 54 51 18 84 27 95 0 5 33 93 73 61 50 27 30 78 12 32 60 40 3 9 26 26 28 60 29 89 38 38 12 34 58 36 49 75 97 57 53 65 67 14 20 20 6 97 58 71 20 27 16 27 60 19 70 33 78 16 18 79 22 98 94 7 57 8 65 27 96 23 39 77 85 80 93 45 39 22 63 13 78 20 58 90 63 21 20 57 38 6 35 63 40 97 59 91 12 40 70 10 20 74 50 99 4 62 34 97 0 41 73 10 6 57 55 58 72 21 99 97 21 62 38 9 47 42 80 81 88 31 8 56 14 43 82 100 78 85 100 40 71 55 85 72 6 48 68 25 10 34 74 77 4 52 57 63 34 31 69 99 66 28 69 77 81 42 88 96 64 51 73 72 85 21 30 12 45 50 96 15 30 53 37 33 43 55 82 94 50 13 70 60 88 7 84 16 37 29 82 50 95 58 90 44 54 26 98 86 25 21 19 80 55 30 86 58 97 34 6 89 68 86 59 96 96 98 93 68 44 76 3 81 6 90 98 42 84 60 84 9 7 16 54 52 10 15 70 54 5 30 63 23 24 26 81 81 77 38 71 71 18 85 98 84 63 29 88 95 6 1 73 40 91 41 3 2 62 28 64 2 53 36 22 53 3 57 82 24 83 26 53 76 30 85 57 4 71 47 87 44 66 29 88 35 52 72 90 32 39 36 59 68 98 40 63 34 85 97 54 2
40 92 64 18 24 73 78 83 35 31 67 53 47 26 53 37 75 68 70 1 92 44 22 45 31 19 44 18 34 49 29 42 41 73 23 32 49 30 50 90 91 11 100 32 35 36 95 41 78 7 21 44 93 1 58 93 73 34 16 34 20 66 33 76 1 73 9 45 81 55 55 98 17 66 46 47 9 74 24 79 98 82 99 65 46 42 24 57 76 16 34 54 1 53 70 41 12 45 82 53 73 11 54 73 56 33 58 17 14 16 89 97 95 86 27 51 85 65 0 94 38 46 10 11 95 79 5 53 49 60 51 93 13 54 77 86 21 83 58 16 43 92 30 41 92 36 53 18 89 33 51 67 50 49 98 72 82 95 69 6 12 47 6 64 4 50 9 34 47 76 24 89 22 31 97 77 66 20 48 12 31 2 26 90 42 88 3 39 65 72 90 92 58 75 62 34 20 23 28 61 8 62 91 28 12 66 4 2 61 57 1 77 14 4 59 95 22 84 85 97 80 72 9 43 72 21 22 91 93 3 13 0 23 94 42 87 18 67 74 4 40 14 66 55 22 15 4 82 32 11 44 0 22 26 64 41 55 40 70 88 30 67 3 55 68 59 86 0 85 96 25 24 88 45 38 52 17 6 79 11 21 39 13 45 70 62 95 35 79 55 92 29 60 10 48 59 66 78 16 51 5 10 16 59 13 74 88 1 86 91 59 17 84 29 22 28 60 31 44 0 84 43 13 18 13 36 29 78 20 34 10 78 41 90 75 69 38 31 0 80 99 80 3 49 31 43 38 59 28 4 34 100 16 59 59 83 82 6 70 31 73 28 44 64 52 30 90 30 53 93 71 47 11 25 95 24 17 16 86 24 72 52 27 91 31 78 98 67 57 89 39 12 1 31 60 92 5 31 2 82
11 81 48 35 94 59 87 91 80 30 4 73 56 49 82 99 17 90 77 1 55 81 48 84 95 8 28 50 8 9 43 96 4 59 9 57 17 31 80 30 64 9 21 11 87 79 47 11 26 58 22 39 75 42 31 32 4 33 65 23 65 50 36 93 87 57 80 31 61 34 95 26 53 28 26 21 55 25 75 31 87 17 83 24 56 82 63 57 67 40 45 51 4 44 91 35 39 23 83 92 77 78 36 55 23 33 82 12 65 71 51 8 48 83 9 41 10 92 12 65 75 32 21 15 11 64 82 60 34 65 52 100 70 37 71 32 24 77 95 25 62 59 76 29 80 70 95 34 84 57 12 23 17 47 92 30 21 29 50 92 50 24 5 6 62 77 23 78 16 58 58 11 81 56 72 37 75 89 40 35 30 55 17 31 66 94 36 28 64 40 27 49 27 57 32 26 52 4 95 45 84 89 57 42 5 7 53 66 65 75 69 26 38 65 52 88 88 63 16 52 52 95 56 3 57 87 72 13 73 65 100 19 89 5 40 39 25 61 6 39 70 12 48 35 38 71 28 92 11 33 96 39 28 21 85 11 21 100 83 40 88 21 80 59 21 32 18 35 24 5 86 25 93 14 63 41 9 23 34 45 47 52 83 58 28 0 83 39 17 73 70 78 53 26 60 70 17 65 85 47 84 75 90 40 49 33 43 34 47 23 40 48 8 41 0 59 15 16 47 50 29 22 34 41 47 37 88 88 97 98 26 18 12 97 48 73 98 0 26 97 55 60 31 41 23 70 60 28 74 39 60 86 61 91 59 35 24 89 90 3 45 100 45 48 87 48 40 62 89 25 87 28 92 69 1 11 45 40 43 27 11 17 87 48 37 15 98 22 99 53 93 72 30 90 82 20 7 35 20 20
37 16 14 10 29 10 15 29 56 89 26 72 75 64 66 2 41 51 85 20 43 34 65 92 98 76 48 86 90 12 70 85 5 81 96 75 27 24 7 52 59 75 39 18 86 8 66 95 44 1 68 79 52 19 53 42 37 13 30 49 40 61 12 1 16 20 75 88 7 33 26 88 69 6 65 85 99 66 89 70 67 31 28 43 21 52 69 50 4 2 39 15 27 3 45 8 81 96 24 12 38 21 78 12 80 56 93 64 96 57 51 27 65 49 96 27 100 26 98 94 80 48 79 17 11 63 43 63 93 83 76 34 92 58 38 27 76 71 44 35 18 1 1 8 48 12 41 13 78 11 2 41 12 37 89 93 20 24 9 83 59 44 76 99 62 54 7 34 11 15 8 66 99 57 93 8 26 66 96 54 66 97 1 6 87 52 43 84 92 81 45 39 58 30 69 55 45 76 3 8 2 94 5 79 31 54 95 61 1 83 16 96 57 46 2 29 24 71 89 34 23 86 57 42 35 29 88 27 39 77 74 74 3 52 84 17 47 83 26 66 53 30 38 27 86 51 55 30 71 0 64 5 16 90 92 75 98 5 2 96 13 82 58 1 69 85 14 8 85 59 49 31 60 17 59 63 90 79 19 74 81 53 59 32 49 60 72 51 28 34 2 16 92 68 68 70 4 33 47 77 52 13 57 48 42 6 75 46 17 63 27 60 62 64 20 17 2 53 93 74 92 30 46 48 85 6 74 47 58 17 95 77 67 35 48 69 14 96 17 64 56 30 93 3 86 58 89 87 96 22 35 79 50 17 73 83 71 45 43 17 47 14 13 99 12 61 32 71 54 52 83 31 53 75 59 75 7 58 85 56 62 21 96 100 84 82 94 46 15 14 93 27 83 54 52 14 50 26 66 76
13 57 49 22 40 32 81 35 85 16 72 15 66 93 8 74 76 65 71 27 95 76 60 83 89 64 17 73 68 33 10 68 9 36 33 61 42 61 54 82 52 91 48 61 76 81 80 60 28 78 63 28 84 20 60 44 70 46 42 68 70 55 6 46 87 88 93 20 66 43 97 36 78 56 77 57 99 72 56 8 75 31 78 61 34 13 50 39 64 60 74 97 56 85 65 46 76 83 100 84 25 86 93 15 21 21 90 60 36 36 51 95 17 37 46 83 25 88 71 49 36 92 24 67 22 38 19 74 11 32 78 47 3 40 50 96 3 11 59 60 16 34 71 49 90 77 22 46 7 74 91 31 43 80 6 31 25 20 76 35 43 27 35 95 70 60 49 19 90 54 46 57 37 89 34 67 4 41 8 35 24 76 94 64 80 59 57 22 34 38 19 88 5 45 69 29 82 81 39 72 84 82 54 14 99 61 3 25 49 80 63 54 51 67 65 17 7 50 73 40 21 74 13 64 14 15 63 2 98 25 71 44 26 8 94 94 20 57 21 91 70 15 78 41 56 42 54 47 85 53 36 61 57 79 62 94 8 31 49 57 32 98 52 70 38 51 17 69 6 32 86 54 77 61 16 45 43 92 49 23 36 54 19 45 74 2 75 20 15 46 65 80 60 61 44 20 60 71 11 79 83 94 86 45 52 46 20 39 18 3 31 94 10 20 65 57 26 61 39 74 59 86 34 9 53 69 6 89 14 85 85 99 90 51 50 18 65 1 49 99 32 38 90 32 18 1 66 52 30 8 37 25 19 15 31 74 46 73 11 48 13 99 39 3 100 4 5 17 60 84 52 83 31 95 66 78 75 98 76 40 70 92 4 95 62 48 78 63 85 15 23 5 93 73 40 58 66 81 81 67
95 86 46 64 23 47 96 92 94 60 38 57 40 19 35 24 59 38 82 12 67 1 20 21 14 81 15 28 5 63 47 12 88 29 45 71 15 98 56 21 46 81 97 36 15 28 51 79 67 68 25 31 40 8 62 67 50 16 60 94 90 36 13 84 47 26 23 10 32 43 36 87 34 100 21 24 5 13 98 4 94 54 11 90 13 67 11 76 100 37 78 41 19 58 70 61 66 82 67 16 91 44 26 21 33 78 17 66 79 84 92 96 64 13 20 61 67 41 36 46 35 48 37 54 72 2 16 37 23 91 77 4 74 86 25 3 86 6 30 59 40 39 41 65 43 71 59 51 23 52 83 38 61 57 36 52 37 79 29 23 55 11 53 77 41 43 68 79 99 46 38 73 20 70 57 47 46 40 1 59 60 62 49 14 29 13 26 76 78 15 73 36 31 17 94 39 19 37 69 64 69 76 73 48 61 17 70 25 78 56 47 12 34 19 41 72 62 90 70 12 88 99 94 70 12 42 27 75 97 90 0 40 46 14 100 50 37 61 53 37 77 33 15 24 1 79 34 3 67 5 67 18 26 25 90 3 65 17 74 79 48 15 66 30 64 24 56 74 96 23 7 76 60 5 73 21 99 29 9 90 47 60 47 96 13 80 93 68 47 18 33 63 61 12 16 98 53 35 4 99 59 4 26 26 32 62 96 41 1 14 15 90 85 25 91 42 90 93 4 80 45 78 61 40 36 1 83 14 99 1 99 35 26 91 92 100 24 85 48 8 77 12 14 90 42 25 37 49 24 51 0 29 22 68 63 73 57 47 7 92 51 36 83 29 88 33 18 54 91 13 51 57 63 51 76 8 31 75 58 46 42 67 14 22 52 69 57 52 26 93 38 5 0 39 54 72 79 63 76 49
54 100 20 35 44 97 65 34 74 41 81 59 70 6 39 11 56 91 19 68 26 43 0 72 27 41 97 77 39 47 29 70 72 19 24 79 59 46 78 46 85 59 89 7 35 50 97 55 78 96 57 30 37 33 22 88 75 5 74 27 35 44 95 90 45 47 92 59 59 47 49 51 5 97 75 67 31 10 51 51 48 68 95 82 70 100 20 69 26 35 19 2 45 45 8 61 46 11 47 52 14 82 91 41 46 18 71 90 59 87 44 99 13 2 47 0 14 20 36 68 59 49 72 42 66 38 4 61 50 37 66 79 48 91 8 15 96 77 75 97 51 42 88 85 39 31 19 0 37 3 91 17 50 1 94 97 82 92 98 60 31 44 21 74 49 2 50 61 89 56 28 9 78 91 73 25 33 23 1 65 14 66 39 8 25 24 89 0 56 75 0 80 64 75 84 98 55 89 90 56 80 25 18 25 12 63 19 36 9 64 66 76 32 86 40 85 49 79 39 86 84 70 78 7 31 94 50 92 84 48 29 14 82 30 75 81 90 83 68 75 75 89 23 31 66 5 4 30 14 99 75 51 72 79 45 68 33 51 1 89 4 40 85 67 40 91 10 29 49 26 2 56 94 66 88 60 29 69 55 12 98 71 4 56 34 83 69 24 83 25 95 31 94 91 26 95 3 18 2 38 12 19 96 12 3 67 52 21 76 67 53 89 54 16 90 34 69 62 92 17 71 59 8 97 26 65 83 14 78 51 96 78 5 82 57 43 1 43 61 75 38 12 7 94 25 95 14 54 84 13 39 63 67 64 87 36 50 41 82 47 51 11 7 7 56 62 72 39 26 30 56 48 31 35 81 85 9 62 3 99 99 68 62 25 8 53 11 60 11 4 73 15 96 29 76 5 60 16 64 57
81 46 95 67 69 55 35 35 35 31 52 64 67 33 50 24 43 11 31 13 76 11 4 5 29 82 54 5 44 83 95 90 79 56 98 47 70 90 26 90 22 50 15 7 90 74 63 18 6 37 29 63 88 30 33 74 86 13 74 51 34 60 5 47 80 38 92 35 98 18 96 89 73 5 26 4 78 7 65 5 69 78 79 48 26 90 73 86 78 45 20 24 53 78 20 10 6 24 4 98 46 79 6 26 1 2 57 93 55 11 68 4 23 27 22 41 61 2 83 38 50 4 39 86 14 72 15 67 68 0 78 4 63 25 45 63 57 82 52 12 34 74 84 52 77 32 57 8 31 28 38 65 79 14 45 48 93 69 7 52 46 41 76 85 59 68 31 13 100 1 57 23 38 49 74 81 25 65 20 34 9 31 77 100 92 40 6 70 29 76 90 72 17 66 31 7 24 39 99 23 42 17 65 93 69 70 43 48 45 97 51 69 68 21 83 32 59 46 99 93 7 64 55 46 75 25 26 99 72 25 98 59 71 19 28 64 61 16 63 63 79 96 76 29 24 78 81 96 28 99 70 22 44 49 15 100 76 54 30 30 87 44 8 3 48 86 17 69 15 25 4 42 15 44 87 57 81 97 90 95 75 90 55 64 34 2 12 87 90 76 94 8 22 11 81 61 42 90 24 39 40 65 23 86 23 15 21 91 85 25 5 68 68 58 86 39 12 1 89 21 61 96 6 100 59 81 46 88 86 16 78 47 45 15 55 9 36 11 30 23 76 46 5 88 65 76 56 80 77 79 59 35 16 39 53 68 100 35 79 32 7 34 11 1 0 62 0 99 78 20 17 55 40 45 74 30 7 18 55 17 46 78 4 0 69 51 33 76 33 53 93 26 77 1 5 78 64 3 43 43
17 60 56 52 37 50 80 9 100 27 71 32 83 4 90 82 50 69 41 5 39 54 44 53 37 96 79 50 51 11 78 81 94 84 26 55 55 86 71 26 75 24 97 12 35 38 42 18 78 89 83 64 27 49 76 40 11 77 42 52 1 76 26 41 57 27 16 77 19 95 21 59 40 72 60 5 16 35 50 54 47 31 49 12 82 52 90 98 97 5 52 29 49 90 50 86 60 99 2 90 85 15 21 37 1 17 96 2 88 92 33 78 76 22 63 54 47 35 50 85 95 27 17 59 100 5 63 95 52 3 71 85 33 58 51 10 16 4 70 1 37 71 17 100 0 46 36 8 100 98 75 54 2 72 81 5 99 93 3 80 40 30 41 33 63 85 49 54 43 33 75 6 52 31 65 54 11 77 67 28 49 17 40 28 2 2 74 92 43 97 83 97 92 76 39 37 77 85 50 94 76 76 83 90 99 48 80 62 89 36 27 93 26 23 62 99 28 31 82 86 53 32 26 6 23 91 55 33 25 26 58 23 76 36 14 15 52 89 39 3 6 61 8 25 13 25 24 58 6 35 45 98 22 19 70 19 44 88 12 82 71 29 86 97 96 22 100 93 28 40 85 7 82 25 65 97 96 37 32 7 63 86 48 77 84 95 41 54 9 87 77 67 1 9 89 55 22 66 0 50 53 41 50 1 6 58 51 67 5 78 30 29 93 83 13 66 40 58 95 54 96 73 17 100 43 20 65 30 18 30 1 92 63 87 27 37 92 90 27 85 27 87 97 99 84 59 42 75 84 2 0 75 77 62 54 31 64 3 63 5 2 81 47 32 6 59 74 86 85 95 29 29 90 57 43 15 46 15 5 1 55 84 49 8 56 74 19 55 85 88 68 69 99 31 6 46 5 25 82 60
0 66 28 0 11 19 93 27 89 22 17 62 81 59 84 14 70 77 23 46 40 95 6 27 73 38 34 27 77 6 81 8 43 39 15 94 41 56 17 53 80 68 37 11 90 94 83 68 8 98 98 59 38 9 24 56 23 73 51 38 94 26 26 76 98 46 11 9 64 20 7 88 69 0 13 23 92 97 60 22 30 44 13 60 89 4 39 78 34 78 35 39 18 19 58 14 81 90 94 90 61 34 0 100 34 88 53 28 36 10 4 51 22 9 17 94 56 19 75 71 47 81 95 46 36 0 33 56 12 85 25 55 44 11 8 30 30 59 56 3 49 79 96 83 15 40 56 35 14 45 16 46 66 7 14 21 89 65 12 49 4 76 86 38 0 64 67 78 61 77 20 78 10 62 37 72 86 19 42 26 90 61 37 66 92 62 22 10 69 15 41 88 33 36 17 4 100 32 96 80 49 20 54 0 39 77 59 82 83 44 45 11 36 59 42 25 87 13 84 0 57 34 90 20 86 73 84 50 91 92 50 20 27 40 21 90 45 49 24 47 11 73 7 37 61 50 52 34 77 61 39 96 72 47 14 13 49 82 64 0 85 60 16 23 2 19 0 65 32 58 26 40 4 42 44 49 59 88 76 47 100 2 91 1 95 71 82 45 49 28 43 32 46 50 60 69 93 99 69 99 92 64 79 90 7 81 32 81 35 64 98 8 9 53 41 96 25 85 96 20 66 51 19 47 40 94 36 10 84 35 24 74 74 61 16 50 50 37 57 22 25 2 35 8 81 37 44 7 26 0 68 30 91 22 29 39 48 44 45 32 90 17 48 24 0 26 12 82 3 25 15 44 69 0 53 2 9 52 92 31 94 88 59 30 48 68 35 19 9 69 14 0 14 46 77 24 55 83 35 76
66 83 20 62 10 5 44 56 98 94 1 56 100 23 37 55 2 59 73 13 68 92 20 92 63 57 24 8 64 53 46 51 45 69 48 51 23 14 71 56 94 32 90 78 53 55 50 98 66 90 90 41 44 3 21 92 95 44 82 92 49 74 54 83 76 58 59 45 0 54 48 76 83 86 0 6 40 56 45 94 73 6 45 11 16 46 74 25 43 10 43 78 44 77 34 62 93 38 12 89 18 59 86 55 61 59 47 64 34 87 28 53 22 2 97 57 77 44 90 50 51 50 29 42 32 51 72 37 23 29 0 2 22 94 82 60 26 28 26 50 46 42 28 81 42 3 56 6 2 92 78 0 75 10 9 75 87 20 72 53 66 86 16 96 100 55 11 69 12 31 85 87 49 85 41 43 96 65 92 82 73 76 42 20 4 89 46 39 75 38 73 82 31 14 25 22 96 11 10 37 74 44 26 23 21 44 95 79 8 42 40 59 25 48 43 23 42 29 63 62 41 90 26 89 87 54 57 44 19 93 82 20 16 44 82 12 49 49 17 10 0 87 96 81 15 80 77 45 60 7 57 84 21 44 75 3 100 0 45 98 46 44 52 34 94 50 95 62 58 49 24 37 4 81 35 19 66 82 61 100 63 44 4 6 51 86 79 18 85 42 42 23 2 45 15 87 6 75 30 93 26 26 11 8 73 50 22 39 7 93 31 49 21 98 15 58 85 14 20 53 48 99 19 74 31 20 50 93 25 32 58 100 74 51 71 10 42 88 88 16 25 59 33 3 49 69 46 63 83 19 12 32 17 95 53 92 86 15 20 25 69 4 6 15 98 52 47 29 56 12 38 42 51 41 5 87 17 81 62 99 36 0 61 68 67 24 74 71 60 17 87 86 87 76 5 17 44 22 7 52
11 86 8 2 9 89 95 2 61 44 72 75 36 67 55 57 94 19 70 100 44 73 29 69 48 74 55 91 26 33 19 87 94 71 87 76 66 79 76 47 90 34 100 41 93 18 12 81 67 41 0 52 29 97 99 36 24 94 50 92 61 82 86 35 5 23 95 0 86 37 9 88 49 97 14 38 68 71 69 73 39 52 55 42 81 92 28 96 36 55 29 37 98 21 95 92 77 73 50 19 63 40 59 77 79 33 67 5 68 85 40 5 52 83 58 86 11 29 45 24 52 94 88 45 13 59 36 11 38 30 41 13 45 11 39 96 52 100 81 96 0 55 66 93 21 15 14 17 61 38 87 55 59 6 71 64 33 97 43 71 20 27 16 41 27 92 100 5 91 79 68 62 89 98 82 28 81 96 58 58 79 3 2 90 10 20 68 48 66 31 45 95 46 46 60 69 53 88 68 34 65 36 45 63 26 52 77 34 58 87 29 69 53 58 93 75 67 30 12 91 7 32 83 5 60 75 63 85 70 0 27 94 87 28 97 74 65 38 30 51 48 88 73 70 7 88 33 45 18 41 85 18 26 98 10 34 100 64 4 19 48 21 0 86 96 78 44 10 87 15 47 59 31 52 11 71 90 34 13 100 10 39 97 45 90 41 62 35 1 48 83 53 86 32 5 92 56 70 74 4 90 51 73 31 64 33 100 2 49 52 58 70 96 100 66 32 82 69 43 49 84 29 65 96 54 59 100 37 62 47 36 71 64 0 69 72 19 56 37 40 42 51 90 84 47 21 35 23 92 10 18 11 79 60 95 22 62 35 27 10 16 39 95 64 1 64 87 81 20 98 93 13 100 0 100 65 79 9 65 51 35 66 97 99 35 87 53 51 3 95 43 24 80 13 21 90 92 7 6 76
10 2 66 51 63 9 17 15 38 41 70 40 2 4 43 4 19 37 14 38 61 13 100 94 61 21 28 36 51 50 28 33 20 34 44 49 75 51 24 84 51 63 4 43 24 9 29 22 21 73 49 91 68 72 48 41 70 23 33 64 53 33 94 4 55 95 51 65 59 88 79 75 30 11 57 95 6 67 79 20 14 89 36 23 84 60 49 86 17 48 22 39 8 27 40 53 64 49 78 35 4 10 72 53 47 69 28 64 39 0 99 47 20 100 96 40 73 75 14 18 11 69 74 56 16 78 46 32 37 62 47 91 47 22 7 92 5 52 84 42 18 73 82 55 40 15 47 88 85 13 48 40 96 46 23 87 87 2 66 97 72 59 41 2 32 78 26 88 99 15 35 86 93 50 93 69 87 22 96 43 16 67 88 88 90 4 34 59 37 96 85 64 91 19 90 88 19 90 74 69 85 27 33 60 38 24 96 18 55 85 80 23 50 26 75 5 75 91 17 81 23 11 17 74 96 51 100 95 46 10 34 28 88 23 79 97 65 21 31 71 35 36 10 21 87 53 38 93 25 14 41 12 3 4 65 16 62 91 38 52 80 21 51 18 65 0 22 89 82 92 98 54 86 11 98 6 65 95 28 47 9 98 78 36 78 18 17 46 38 30 81 23 93 29 44 88 88 60 84 23 27 29 0 45 46 36 47 31 65 17 78 99 57 21 59 18 11 26 68 93 26 53 29 8 65 6 34 54 11 73 86 45 46 64 47 93 85 84 55 83 84 99 75 91 61 47 92 39 38 30 95 34 60 10 45 81 89 34 48 88 77 40 34 23 22 52 19 48 48 11 26 43 95 84 44 20 17 100 4 68 71 53 34 16 9 64 91 16 15 72 88 2 57 89 23 4 98 95 78 70
11 47 7 92 10 91 20 89 27 59 21 5 33 2 59 91 15 42 47 75 99 9 35 83 41 13 45 41 73 50 96 45 88 48 90 52 79 27 59 84 8 11 45 76 85 77 15 90 21 93 14 78 49 11 39 13 59 4 47 64 13 84 77 97 65 4 52 63 72 54 94 75 2 54 54 48 4 65 61 27 99 50 25 58 40 97 72 14 14 38 23 98 21 35 67 74 11 19 17 32 13 37 68 24 61 86 87 61 37 55 40 25 74 30 40 31 30 11 11 82 32 26 2 58 73 62 3 4 62 5 27 40 22 48 20 55 15 88 81 20 58 0 97 57 27 38 61 44 3 80 21 12 59 82 37 90 98 21 4 20 30 95 55 3 97 13 37 33 39 48 31 19 89 15 96 79 73 26 37 11 6 50 14 64 26 35 81 99 77 27 8 43 22 79 22 44 89 61 20 32 63 95 26 67 86 74 48 19 52 27 39 46 45 80 95 67 23 79 57 6 7 56 36 4 47 40 55 71 28 26 35 26 66 17 42 99 59 51 86 38 81 54 68 31 95 98 91 34 4 37 92 66 62 75 31 1 31 38 54 79 1 21 96 29 82 79 53 7 3 75 31 37 77 35 23 16 2 54 89 82 34 55 19 6 96 21 63 94 85 28 47 15 23 95 91 74 42 85 36 78 25 50 13 60 51 60 82 91 9 37 46 10 36 55 38 1 58 46 22 63 97 75 94 93 18 33 82 85 49 0 40 1 20 8 65 84 52 28 84 0 72 23 29 24 97 83 28 100 15 19 72 60 61 72 41 40 37 32 75 71 6 16 62 4 18 83 97 35 95 61 30 52 67 50 25 41 26 68 50 79 15 62 42 24 81 60 44 100 71 20 56 46 78 1 60 5 45 83 16 4
39 47 43 19 28 31 78 35 68 77 56 1 25 90 37 98 24 24 59 77 89 24 12 0 41 21 90 0 14 15 83 82 54 38 18 35 9 71 13 14 70 1 62 84 77 91 93 18 92 63 76 68 86 32 61 37 97 55 17 43 49 63 71 89 87 68 26 88 9 60 45 100 42 99 93 77 24 42 43 54 71 45 26 67 51 97 81 90 99 68 42 54 36 87 76 69 26 52 24 18 13 19 49 69 56 85 78 56 94 30 71 45 27 67 36 17 42 55 3 50 33 9 7 10 79 28 7 99 9 93 99 68 4 35 43 1 7 14 45 13 28 57 82 2 18 66 37 24 19 75 33 85 71 23 11 1 44 11 96 49 50 53 56 56 44 54 45 34 83 59 48 60 18 78 71 56 51 34 47 70 81 24 38 72 96 17 19 67 38 49 61 78 83 40 7 8 76 59 91 32 90 35 30 27 32 8 97 53 20 23 93 70 14 45 97 85 31 73 15 72 63 100 41 33 7 98 81 71 58 19 3 100 20 51 77 14 71 13 33 19 59 93 100 51 100 5 84 27 88 73 81 60 92 52 49 80 67 15 43 87 41 57 83 83 8 95 43 5 63 52 79 89 87 63 86 21 28 87 16 32 21 86 82 48 73 82 56 86 87 81 67 77 43 84 35 31 27 65 57 86 65 71 18 53 72 57 87 91 14 39 64 63 15 82 23 82 6 1 5 97 48 7 54 8 49 50 3 98 25 1 87 64 82 15 60 39 26 80 85 16 45 5 72 64 40 8 53 69 93 86 80 77 67 77 65 5 88 29 93 18 20 72 55 19 1 84 38 84 97 2 0 59 82 33 10 64 62 25 28 45 14 91 8 16 61 56 61 10 8 0 11 91 75 80 6 24 33 98 58 23
67 35 34 79 99 77 52 0 74 11 98 56 93 98 99 73 60 86 8 59 63 2 35 29 86 36 16 76 20 87 19 69 68 100 65 1 25 48 70 97 40 74 36 54 8 78 72 0 70 60 44 66 62 27 73 24 15 37 4 48 54 39 0 10 81 34 34 16 83 69 87 28 62 45 5 18 65 51 98 36 10 19 66 94 94 37 17 82 56 33 46 8 90 87 67 33 34 86 45 1 71 17 29 5 9 5 26 83 97 40 53 19 83 61 13 98 58 37 40 64 61 25 48 69 90 25 2 20 96 61 71 28 54 1 48 10 32 6 63 38 29 19 28 23 4 57 88 80 18 93 14 70 70 83 90 68 83 72 67 13 69 48 16 73 25 77 49 1 12 59 20 70 13 10 26 56 15 29 74 73 11 25 81 30 49 40 93 23 5 41 64 72 2 61 40 69 42 45 52 15 48 12 90 38 70 10 6 66 87 85 11 96 77 54 49 55 100 5 17 42 54 72 7 23 32 75 28 15 57 34 83 1 48 6 69 4 79 28 57 71 29 53 46 26 32 51 18 80 42 1 77 63 27 17 39 72 79 1 65 0 21 34 38 3 24 82 33 53 77 50 94 71 28 61 87 4 68 7 78 99 54 75 19 69 84 70 53 22 17 35 80 95 60 46 72 71 87 10 25 44 45 21 14 77 78 45 52 48 66 64 0 72 23 17 8 62 81 28 62 77 66 56 85 62 72 86 79 37 13 75 70 22 25 77 25 77 4 15 96 39 30 11 34 62 38 34 44 70 6 10 42 57 64 58 21 29 69 0 21 81 22 57 93 5 23 57 26 73 0 2 56 56 98 9 21 15 3 35 8 85 41 73 99 30 75 100 60 28 49 14 0 78 93 78 24 9 84 44 2 22
74 30 20 1 44 34 8 3 72 40 7 48 11 38 15 15 70 82 89 19 5 53 7 63 78 83 35 100 75 28 31 81 53 72 87 98 64 82 89 63 19 65 84 30 53 64 32 80 88 40 37 72 73 12 42 50 69 30 86 58 96 4 83 71 30 10 61 80 76 16 17 13 12 80 61 71 34 80 38 5 55 65 79 79 81 16 20 76 42 36 40 3 23 56 0 32 26 85 30 28 71 12 44 97 90 53 22 36 30 65 80 5 45 49 97 47 29 58 64 10 11 35 99 25 61 93 34 35 12 12 15 67 37 96 53 37 35 68 61 98 7 22 35 52 75 55 100 71 71 46 9 80 93 60 93 83 12 18 38 93 50 4 39 87 90 39 95 3 92 55 42 28 15 52 49 96 82 40 48 83 69 40 16 69 35 16 85 71 20 79 76 10 52 78 2 19 53 99 87 43 63 80 22 56 18 53 35 29 64 60 90 46 69 2 23 24 71 25 45 53 2 36 2 51 69 84 73 49 11 33 40 100 46 70 28 59 9 22 62 95 43 49 7 95 44 11 74 82 74 15 4 3 67 25 79 98 29 66 56 63 70 87 97 49 86 93 25 7 14 83 36 13 46 72 46 9 33 67 45 43 50 89 34 70 8 48 96 86 44 41 37 100 56 85 61 78 14 15 49 77 65 4 55 51 39 38 57 6 7 41 89 13 87 80 30 36 16 8 72 66 65 30 93 94 31 64 38 1 43 79 41 14 7 50 1 19 17 86 56 59 33 3 21 87 73 55 95 34 25 31 53 86 49 88 14 76 21 65 65 20 24 71 44 22 4 75 51 60 22 24 97 6 5 90 17 57 29 59 28 90 71 85 29 44 83 42 30 85 40 2 35 72 19 88 30 12 72 37 26 55
29 32 59 35 36 98 16 10 63 69 28 65 7 67 84 43 37 98 71 64 59 0 0 37 24 85 71 92 29 85 0 61 22 94 2 16 71 91 11 62 18 78 88 64 60 74 99 91 54 22 68 33 87 32 73 37 77 7 8 58 49 8 71 0 100 44 93 73 23 79 77 8 84 76 30 31 80 3 41 65 31 54 98 60 32 25 6 56 56 85 52 72 99 58 75 75 13 90 69 53 48 68 79 80 28 24 48 8 80 34 22 34 38 2 74 12 51 97 72 97 92 84 87 6 43 93 78 81 23 31 77 34 83 41 8 15 77 93 48 21 3 34 41 44 15 83 84 12 96 94 62 66 57 28 18 81 89 10 91 14 83 90 1 80 16 52 24 37 32 99 5 97 74 94 75 58 18 67 66 39 28 1 12 91 41 30 69 5 89 59 93 32 75 59 5 51 2 35 58 13 64 91 24 44 23 40 44 66 4 16 3 9 27 9 25 65 81 67 2 45 60 51 32 35 40 7 53 15 36 24 95 55 79 93 63 25 3 17 64 52 11 64 73 51 26 27 92 40 24 61 70 73 61 99 14 16 46 73 64 80 98 56 68 58 51 73 73 25 47 15 5 18 11 30 33 38 90 20 77 83 54 18 59 88 28 17 2 12 95 58 40 25 95 64 2 61 98 60 8 41 84 87 84 21 87 96 46 72 62 24 61 96 84 19 56 35 0 12 60 76 99 42 25 89 60 92 17 52 67 48 34 10 33 9 67 75 82 41 16 98 28 37 36 9 97 22 56 29 62 92 92 21 98 88 9 89 47 60 11 48 3 87 87 35 15 11 32 76 31 82 34 2 19 60 40 85 61 93 18 92 2 88 67 82 99 67 6 41 12 96 3 47 53 62 29 64 6 73 13 19
80 63 63 72 77 56 94 69 70 41 90 66 29 64 66 93 91 71 98 75 32 69 32 60 77 22 84 52 55 7 45 68 50 22 25 72 27 23 31 16 54 95 78 88 45 38 3 57 93 72 46 96 6 77 7 36 10 51 79 90 14 39 36 78 95 58 99 5 50 21 0 11 94 80 60 68 38 25 54 88 41 67 11 18 44 49 33 71 10 77 9 33 53 4 53 94 83 90 7 20 94 39 20 36 12 57 96 49 44 38 2 55 39 91 39 38 43 48 29 78 55 5 6 76 80 96 24 60 78 56 23 40 93 94 60 67 65 39 56 52 76 53 79 38 11 26 25 89 38 61 6 88 72 94 10 60 18 58 88 26 97 42 79 48 26 95 84 98 61 1 100 94 80 40 81 50 66 79 92 68 97 1 92 46 64 2 46 52 79 62 62 9 6 18 15 31 76 76 57 51 73 17 61 79 78 88 65 63 19 50 59 64 94 85 85 13 3 46 89 38 51 2 57 78 32 68 50 44 83 96 8 3 39 56 83 39 92 71 75 26 89 36 31 94 100 94 90 15 13 84 43 11 47 64 13 5 40 92 83 83 87 62 78 54 4 37 15 57 91 86 20 30 69 29 49 53 99 97 58 72 93 38 72 39 9 31 68 26 20 81 17 29 4 15 40 40 23 96 66 100 86 83 13 37 4 91 33 36 44 49 57 29 50 9 6 25 75 99 7 86 74 28 75 81 18 42 47 83 82 30 97 11 12 39 35 58 96 96 46 55 60 95 4 100 92 98 92 20 85 67 88 68 66 79 76 53 67 85 100 55 34 10 69 55 25 27 81 76 85 0 76 73 68 78 35 93 37 80 0 58 23 13 72 55 59 77 94 20 44 54 28 84 15 99 50 68 88 31 75 39
48 8 21 28 70 66 27 79 70 65 18 47 76 64 31 39 21 44 63 78 45 63 45 16 99 81 70 34 66 30 18 96 17 70 34 39 9 92 2 43 12 35 46 58 82 56 56 20 4 37 8 38 68 49 57 93 37 5 94 48 79 24 80 33 46 55 53 92 17 97 63 45 28 11 79 64 77 57 83 56 34 57 0 33 26 97 4 16 69 68 2 53 76 54 98 76 18 93 84 72 8 88 4 89 99 93 47 48 19 12 68 85 9 42 32 52 19 46 29 29 69 99 32 15 66 90 100 25 85 59 30 40 82 95 87 27 0 31 69 43 94 1 47 64 68 80 11 48 9 59 97 62 34 29 67 48 73 99 56 19 75 80 44 21 82 29 0 67 58 34 61 47 39 89 28 85 53 16 7 96 35 47 56 98 10 68 44 48 28 57 95 4 56 24 80 4 80 88 64 45 14 87 24 21 40 65 49 87 65 50 18 5 97 45 67 14 24 76 70 93 72 91 21 38 64 58 61 13 96 36 37 8 76 52 45 75 39 58 23 59 92 98 61 13 91 85 90 99 85 91 42 23 2 87 87 74 6 85 66 80 17 12 88 27 93 15 28 75 41 43 100 16 60 4 8 21 98 86 30 70 14 64 18 55 68 33 7 74 32 49 42 40 58 6 98 36 15 71 11 30 40 9 34 33 54 79 9 18 70 57 77 84 11 57 12 66 0 58 58 24 17 76 46 80 24 38 65 58 27 40 10 33 75 59 25 93 31 97 52 31 71 51 21 0 24 53 13 89 28 39 17 3 54 80 78 17 91 95 33 62 92 40 20 98 58 28 80 48 44 75 96 18 38 30 50 57 55 18 42 0 53 64 92 8 77 47 76 86 59 31 48 71 96 71 26 82 15 47 29 1
13 24 21 13 49 43 14 54 74 81 69 10 13 31 1 41 63 32 54 31 31 15 72 39 96 24 79 13 83 43 4 97 80 59 37 9 41 39 53 37 88 97 78 49 21 21 36 26 63 16 87 45 51 57 95 24 18 7 5 45 90 76 91 53 18 13 31 14 95 0 10 39 24 75 93 90 23 53 2 51 75 84 67 8 3 9 5 4 60 17 80 18 70 98 2 38 54 61 73 2 33 40 71 54 26 2 22 0 83 54 67 73 56 58 78 70 78 54 10 66 18 78 97 84 3 15 23 65 81 82 80 67 56 53 98 90 78 4 30 37 74 38 20 53 0 100 24 13 60 21 12 33 23 51 9 99 67 11 66 43 79 59 73 74 42 11 85 34 1 89 80 63 6 70 5 66 78 99 28 70 15 37 57 45 9 53 35 47 69 100 94 57 25 35 75 94 75 68 67 21 33 54 50 92 93 12 49 87 23 71 26 99 69 47 100 69 89 14 61 50 22 23 68 95 97 21 89 52 39 71 77 40 73 57 70 78 67 39 42 78 73 61 16 95 51 47 11 26 48 82 47 83 1 3 23 69 1 26 23 13 20 88 17 96 59 77 13 34 70 24 64 51 65 76 86 37 66 72 44 44 32 85 26 32 68 50 80 14 82 22 50 43 1 98 38 51 68 51 2 97 16 67 72 68 0 56 41 71 2 83 90 40 43 2 29 43 22 3 13 100 84 52 10 84 74 8 60 85 9 86 22 74 8 87 17 23 76 39 82 92 80 78 12 40 34 81 1 28 81 54 26 80 27 94 40 4 70 19 4 35 63 79 16 70 37 77 11 28 84 30 10 56 86 89 69 65 77 9 38 44 84 18 100 65 37 70 1 12 82 70 83 84 67 84 85 16 12 4 51 32
19 67 99 27 71 89 47 63 92 72 8 46 95 24 53 80 92 83 8 41 96 10 42 12 43 11 56 17 31 84 49 20 48 28 54 75 28 63 68 89 58 65 64 6 57 17 13 99 73 97 46 99 6 14 96 34 30 1 22 54 82 57 91 94 14 87 9 62 47 3 68 67 48 16 81 100 91 63 58 37 97 51 83 17 86 19 2 73 91 27 32 0 18 91 29 43 38 16 38 13 12 83 84 69 62 35 21 10 85 7 21 71 85 23 51 86 76 27 58 41 10 62 35 11 46 92 38 93 0 14 58 89 54 84 60 49 41 12 5 83 62 30 57 96 20 92 11 83 43 61 59 7 48 72 39 98 93 64 47 32 27 60 42 16 55 72 76 86 38 21 78 46 80 10 73 92 24 87 63 40 74 73 7 36 90 26 59 76 47 67 8 86 12 28 91 26 47 94 31 86 43 83 72 32 27 19 83 24 80 44 98 45 51 85 61 62 12 58 39 40 77 7 34 44 5 97 61 35 55 61 54 37 9 13 57 0 8 70 0 87 51 9 98 95 88 36 85 92 97 43 49 56 84 4 66 31 96 16 62 95 91 85 82 26 67 27 19 19 56 7 8 36 37 66 16 98 41 60 40 89 28 24 28 3 56 70 4 100 83 94 34 86 19 67 72 8 29 12 40 86 47 24 61 30 39 32 77 32 89 93 57 61 18 60 72 5 68 76 45 63 72 80 29 16 31 63 15 66 25 97 10 24 26 17 91 9 81 48 90 41 34 25 76 6 23 54 46 32 34 93 33 51 66 37 66 43 51 56 64 45 18 46 59 77 41 41 23 43 8 63 91 13 0 29 92 49 12 70 63 46 97 82 28 48 55 80 89 95 15 63 15 75 12 83 60 20 70 56 58 35
63 42 86 57 66 66 36 23 34 15 58 37 66 10 11 80 35 59 80 41 39 79 12 72 91 78 23 66 86 10 97 10 88 73 66 25 12 33 39 92 47 48 78 41 52 89 51 50 26 92 28 55 56 85 28 27 49 54 48 49 27 27 52 70 29 52 82 94 56 17 54 72 100 91 41 30 2 29 16 62 7 18 57 63 52 34 80 90 100 58 38 50 68 54 45 88 83 100 43 80 44 25 49 78 85 11 52 82 68 33 13 43 38 56 75 87 55 63 76 49 13 51 68 88 77 44 16 100 80 97 49 2 11 67 10 29 34 36 48 9 62 38 56 71 74 78 56 58 21 94 12 36 25 92 30 84 73 89 90 87 24 15 87 66 47 9 52 7 34 9 74 3 11 46 62 16 88 60 80 100 97 85 78 72 34 44 44 92 22 30 46 78 73 33 62 48 67 96 7 23 44 94 25 72 87 69 51 22 52 52 39 15 88 76 15 96 54 63 77 100 66 10 30 68 94 5 17 3 23 15 87 19 100 1 10 63 7 26 53 52 55 77 39 27 82 26 65 58 3 73 68 60 57 72 81 95 73 29 55 14 66 5 6 54 54 18 17 11 100 99 97 25 21 97 69 3 1 3 90 97 98 38 36 0 79 93 65 60 97 26 74 17 15 4 56 83 4 40 0 71 19 82 76 22 91 63 33 49 46 12 41 23 49 0 67 64 29 84 5 26 26 87 100 44 51 4 97 62 62 24 82 16 25 62 43 15 13 40 45 86 12 36 69 64 17 21 78 13 30 89 84 56 52 45 95 8 45 10 16 54 0 18 91 66 1 52 75 68 57 74 69 43 91 4 86 24 59 85 11 79 15 11 85 56 55 21 72 67 11 59 7 40 19 77 59 97 21 39 33 13
22 72 74 23 26 91 87 45 19 36 72 34 78 28 48 19 53 52 50 73 0 5 46 88 37 45 79 16 97 14 5 30 73 66 22 46 29 46 40 9 80 45 9 41 94 77 58 6 40 64 54 48 47 19 66 78 29 32 90 24 23 75 22 67 35 1 56 58 91 52 10 73 91 26 20 42 64 89 68 68 61 13 62 92 77 20 82 86 49 42 8 27 37 21 12 42 8 25 60 80 11 45 66 14 90 18 40 38 27 49 28 37 0 26 53 2 53 91 46 34 30 62 81 5 78 64 12 37 88 55 76 1 18 73 19 5 18 12 78 38 33 81 23 81 78 33 78 38 45 66 97 75 18 42 49 83 19 70 8 23 85 31 60 58 47 28 62 73 25 66 56 91 85 20 68 52 52 42 73 60 85 76 86 38 51 46 55 66 47 4 61 14 87 29 4 82 36 10 9 71 74 57 2 60 63 42 79 0 75 78 19 39 66 40 24 81 23 56 15 61 61 29 79 15 26 88 14 26 82 46 68 44 21 100 28 26 39 37 31 60 41 22 71 10 94 12 23 55 94 17 95 11 70 100 93 72 53 81 78 18 44 38 87 83 1 8 63 89 9 73 9 20 8 68 28 13 99 92 42 16 54 4 1 71 63 14 47 75 28 64 9 51 9 42 89 74 73 45 45 19 18 56 99 90 19 97 70 30 27 49 83 11 77 50 61 97 68 96 85 55 1 44 57 66 24 8 84 49 68 65 42 12 48 30 68 87 95 65 7 43 52 50 56 17 9 57 67 65 39 58 28 88 47 64 39 17 95 10 91 16 56 91 97 90 48 96 43 34 62 99 3 46 46 44 41 51 42 71 9 8 46 48 40 48 69 17 25 62 31 3 77 50 93 9 75 19 64 82 58 36
86 8 60 27 50 7 27 76 40 35 61 4 81 16 87 89 15 67 97 40 78 98 94 51 65 49 33 2 52 2 36 60 32 96 9 5 81 53 13 57 7 5 95 80 29 74 41 67 48 8 100 74 92 15 89 47 72 69 67 38 37 58 38 24 95 83 84 81 8 19 46 73 30 22 95 89 11 97 9 4 70 98 77 86 79 100 26 5 3 32 13 28 41 52 47 96 23 89 33 3 31 13 82 27 54 12 66 32 51 81 83 36 9 27 90 27 80 54 15 20 53 85 98 45 82 41 89 17 45 16 23 22 90 70 92 95 18 91 0 60 36 57 59 81 58 26 6 42 1 63 43 90 94 16 4 57 81 22 10 94 54 33 77 23 70 85 40 99 80 45 7 49 79 40 90 18 49 98 32 18 71 86 13 94 72 95 52 88 90 60 84 1 76 74 55 90 46 94 23 30 55 9 80 30 32 30 45 16 36 8 19 84 13 98 88 90 89 63 48 63 92 18 87 97 65 5 76 72 33 3 1 49 68 91 69 67 51 64 98 10 97 61 89 35 20 25 97 54 62 44 97 68 87 70 89 85 81 22 22 82 50 63 57 89 16 4 89 42 85 69 2 18 88 0 53 48 85 9 84 46 45 72 19 64 37 62 95 4 18 76 31 16 46 58 22 82 41 72 13 0 49 33 0 44 98 43 29 31 57 31 21 34 9 87 67 72 11 38 17 35 32 67 44 49 40 18 55 82 13 68 88 96 50 16 57 43 73 9 49 73 97 51 77 98 87 17 63 76 84 39 42 1 59 31 81 40 17 61 98 60 59 0 4 20 15 51 86 60 43 1 21 76 7 77 95 93 4 45 59 76 3 42 46 10 70 52 4 24 32 53 66 7 35 92 14 16 69 27 25 81
79 12 51 85 21 22 74 86 21 71 23 52 91 15 44 10 53 93 81 14 80 76 25 5 18 56 5 55 95 9 21 76 77 84 40 39 0 66 20 65 49 72 84 17 64 21 89 52 45 17 94 24 33 15 14 97 46 40 60 51 29 40 100 86 2 7 1 28 56 71 86 28 7 79 82 53 67 90 94 65 21 62 57 14 82 19 32 78 42 90 60 52 70 74 75 22 83 24 24 100 93 30 19 6 97 74 28 92 46 14 27 18 68 23 57 64 100 41 91 75 10 23 0 92 41 17 66 32 18 94 37 37 80 81 54 8 53 33 78 75 30 85 97 79 55 30 18 28 16 38 32 71 80 17 55 23 68 64 31 1 98 31 10 33 45 74 7 92 87 22 41 8 70 6 70 1 77 41 33 93 47 77 94 8 93 10 10 61 53 88 42 51 85 79 8 24 35 56 17 73 29 19 27 69 92 3 91 84 43 34 20 88 17 83 35 86 39 6 22 58 84 73 3 52 98 76 12 88 34 58 88 8 93 38 56 3 56 68 13 13 6 25 56 77 95 54 26 85 50 60 86 77 84 60 54 80 89 47 88 55 22 74 40 92 27 15 12 61 15 27 66 59 61 21 15 88 51 100 35 37 57 6 4 24 60 49 80 45 73 95 42 7 90 86 28 15 59 16 50 85 41 93 3 53 2 68 57 14 61 78 66 12 27 9 6 7 40 63 73 29 75 44 12 100 0 7 93 52 68 1 89 23 15 30 52 38 78 90 20 49 49 94 57 77 6 88 10 31 89 91 82 16 47 20 46 72 20 52 75 37 98 26 27 59 96 30 64 66 62 49 76 37 34 59 25 11 47 16 100 26 90 21 17 83 53 75 49 91 69 50 55 36 5 47 55 62 78 61 71 14
31 2 6 66 9 66 78 87 82 18 86 15 8 41 26 72 54 19 55 86 92 15 94 59 98 88 90 49 34 73 81 29 51 45 60 81 82 20 5 76 26 100 7 57 98 16 16 74 20 23 79 83 33 98 12 65 78 43 11 4 45 64 80 45 21 34 43 36 49 7 50 38 53 57 20 7 100 60 49 71 47 34 96 54 50 39 44 80 58 33 64 77 61 47 31 3 11 78 13 87 76 69 16 55 23 12 21 60 96 2 29 15 37 97 55 45 74 83 36 36 8 84 91 77 57 47 92 57 51 69 17 74 93 10 31 49 69 50 38 40 41 57 95 1 40 0 70 19 67 80 2 49 28 55 72 30 91 92 87 75 12 15 75 15 66 21 63 52 95 56 97 88 56 55 67 90 93 69 2 7 66 19 83 60 0 46 88 24 12 84 66 8 3 10 23 70 40 59 43 8 9 86 34 88 97 52 25 63 75 19 51 78 34 70 59 10 48 36 95 36 45 87 100 4 91 2 20 76 84 88 3 19 63 94 22 63 67 19 3 29 84 87 33 16 19 83 78 56 6 82 26 33 4 54 56 8 21 1 87 86 75 0 50 52 98 73 66 41 12 22 99 66 64 31 26 92 71 9 25 70 47 9 4 28 53 6 99 92 46 58 0 30 31 31 52 74 53 59 68 80 67 2 75 14 44 49 59 27 56 48 9 26 80 84 58 8 46 80 10 79 80 33 23 36 80 89 14 31 59 76 33 34 18 39 99 18 41 84 59 75 24 46 94 81 74 51 14 11 64 17 4 58 14 71 59 15 71 14 28 89 6 44 27 45 95 63 31 1 55 69 23 79 42 17 66 38 75 18 51 87 62 92 41 20 51 1 81 29 97 76 74 31 49 12 5 19 9 12 11 42
7 99 10 93 17 53 32 21 76 30 5 19 9 34 67 29 11 46 76 30 85 50 3 78 51 46 59 54 88 75 97 78 36 89 84 51 14 30 32 44 1 23 71 78 4 34 34 10 18 12 97 22 36 14 1 12 72 88 31 34 99 20 19 51 8 59 87 38 10 54 6 84 68 55 66 2 61 37 69 37 47 40 96 54 72 3 64 2 85 60 41 58 32 92 64 49 76 33 38 10 88 88 61 72 70 39 36 60 64 47 25 62 80 94 54 92 86 57 28 56 27 15 7 0 0 40 4 78 14 92 4 44 69 60 21 82 43 16 31 57 28 48 28 72 67 32 19 29 33 8 16 61 0 21 31 44 19 70 27 7 3 75 12 19 93 6 99 5 60 4 28 46 23 31 50 74 99 77 96 41 57 20 55 35 34 4 27 55 10 52 93 70 44 49 21 79 9 35 69 63 28 63 28 25 34 13 95 19 30 43 66 49 2 3 92 40 54 68 63 92 81 86 37 93 93 62 54 63 43 29 21 93 37 71 53 42 72 39 71 69 11 5 70 50 72 63 84 23 71 35 80 14 95 88 83 74 85 75 44 86 68 98 28 20 27 65 64 8 83 63 37 73 97 26 33 67 50 33 80 81 51 64 70 25 77 28 45 37 24 83 53 52 48 4 39 75 44 8 29 9 69 35 55 27 10 37 71 79 81 77 16 33 17 49 13 35 82 44 98 14 42 44 13 71 85 71 85 5 10 78 0 10 76 13 96 17 83 64 75 50 39 6 92 23 24 81 63 36 37 83 2 21 71 68 82 14 1 7 88 16 33 82 66 72 45 82 48 48 93 82 43 81 8 73 75 78 32 39 55 51 10 68 26 2 80 31 58 41 96 38 20 59 33 46 100 76 53 22 92 68
61 19 94 40 49 70 17 56 57 89 99 89 79 97 83 6 93 59 52 31 8 90 79 79 61 26 96 57 30 77 33 41 5 23 87 18 21 35 87 58 46 22 17 91 38 91 64 15 15 51 8 47 25 76 81 31 36 68 67 50 28 17 19 24 30 21 51 47 99 69 80 1 43 17 27 5 37 23 50 13 44 97 57 87 13 54 51 59 96 86 49 87 96 87 96 1 94 16 88 36 5 92 100 29 77 96 16 77 20 23 46 2 59 9 45 89 17 32 85 85 13 91 68 31 70 46 30 11 93 76 62 98 43 55 23 46 97 34 20 39 0 6 69 84 78 5 71 97 48 58 98 6 1 14 62 90 77 13 26 65 51 31 20 32 17 41 67 61 44 80 90 82 9 64 99 95 70 23 56 82 0 54 9 80 3 20 80 9 41 3 94 88 4 100 29 51 52 11 40 75 36 42 23 15 65 39 97 17 35 70 50 23 34 87 63 60 82 74 82 100 14 64 37 18 70 46 27 98 25 75 16 74 72 37 57 17 81 86 66 77 27 30 54 45 92 54 10 77 3 68 26 71 77 18 19 92 14 74 15 39 74 82 46 74 58 77 86 36 2 46 71 76 47 4 58 91 57 28 75 37 73 42 53 67 15 78 99 24 65 68 7 91 50 13 31 22 37 80 45 14 55 28 100 55 21 55 38 28 93 30 79 18 59 18 100 39 64 92 66 24 60 66 50 37 85 90 13 89 11 15 99 22 87 17 56 41 93 58 48 91 28 15 80 14 24 41 54 0 13 6 53 5 38 86 58 41 69 49 73 76 91 83 91 66 75 72 11 82 14 9 49 93 26 19 35 31 58 14 51 49 87 30 91 73 84 33 81 4 76 78 8 70 70 47 78 77 61 5 54 26
55 99 92 32 50 10 65 77 15 29 25 77 19 87 6 48 75 6 53 16 27 67 15 81 38 46 7 44 80 6 51 88 71 0 21 62 77 63 76 19 50 85 32 68 39 22 16 26 9 48 31 25 35 18 64 64 14 40 43 66 36 96 10 86 41 70 70 8 83 40 80 11 81 23 67 78 91 84 29 93 67 25 32 48 74 69 50 4 42 8 85 64 37 78 34 85 68 44 44 1 61 76 63 6 92 73 77 8 73 10 80 4 51 62 5 82 42 27 19 1 83 81 86 29 91 77 63 97 83 54 13 57 48 84 51 16 83 75 56 79 95 45 58 66 35 33 47 2 44 41 38 35 41 83 65 9 19 76 49 74 80 55 95 82 28 28 37 94 9 94 47 6 71 2 92 98 13 54 5 70 21 42 92 79 6 10 56 88 41 90 55 79 16 90 74 66 97 98 51 99 24 1 37 22 7 92 28 57 7 100 11 33 70 26 63 68 95 44 32 40 31 74 87 21 23 28 41 21 89 5 29 43 67 85 42 42 36 13 55 71 14 45 49 75 53 0 38 99 8 93 69 82 93 18 5 52 7 26 54 16 96 20 40 36 65 19 45 31 95 41 49 80 40 77 38 7 94 36 16 76 34 51 72 66 32 46 29 83 12 63 89 32 36 31 21 100 48 51 14 15 65 32 78 22 62 24 99 100 36 72 28 92 26 9 44 11 35 44 60 8 59 4 33 21 21 89 84 96 5 72 12 25 82 6 13 87 15 61 76 59 61 24 77 45 57 62 56 6 76 75 11 52 55 41 98 80 49 88 19 99 100 94 77 9 65 33 77 76 93 21 48 46 24 30 97 40 28 18 27 22 58 58 90 58 76 90 38 72 99 7 51 1 68 43 24 97 36 29 24 36
69 36 56 17 85 73 6 56 70 24 7 76 59 37 85 32 52 12 93 66 82 23 12 97 14 85 13 69 94 8 23 99 92 88 64 76 95 87 35 85 3 44 59 72 39 3 29 20 14 50 71 50 49 3 19 4 4 29 38 85 25 31 31 63 74 3 95 8 18 3 86 36 39 49 30 0 93 36 37 91 74 57 20 18 47 10 37 17 72 8 17 34 37 54 55 51 98 96 9 35 10 55 46 33 84 72 32 80 15 34 12 3 66 25 83 45 7 39 5 78 23 70 99 75 70 48 86 80 75 19 42 53 55 60 28 99 49 52 86 58 29 6 27 10 17 74 94 72 100 81 75 95 29 59 73 10 90 76 61 92 2 29 6 43 51 66 98 83 71 30 38 36 96 96 79 15 73 36 18 86 68 53 17 8 4 5 15 88 86 16 79 38 88 17 62 65 24 80 32 47 23 37 85 56 7 5 2 28 49 15 93 89 66 85 58 34 37 72 28 13 95 37 21 14 71 13 88 78 71 55 39 64 81 62 62 19 34 66 30 11 72 84 17 34 33 10 87 7 16 62 63 16 14 4 9 58 68 45 47 25 50 48 24 65 75 29 42 53 97 13 97 58 52 62 8 63 90 88 25 35 41 31 25 65 7 6 1 1 54 9 78 72 6 84 13 18 62 31 44 94 75 9 63 25 74 0 8 34 39 79 5 98 59 40 59 13 24 38 61 37 26 50 93 44 86 75 16 29 53 80 20 89 97 5 22 28 18 96 2 94 1 46 78 17 30 21 74 57 29 76 8 87 73 91 11 26 28 14 8 85 41 24 30 99 81 37 84 4 75 79 98 37 47 93 55 86 100 42 92 67 55 18 65 85 76 59 0 8 77 63 93 54 17 90 49 10 36 42 51 37
9 74 44 22 83 41 14 3 35 19 89 11 84 32 36 16 16 56 29 32 29 72 58 18 9 65 83 63 91 31 24 18 77 94 23 72 80 52 55 32 25 67 0 93 50 1 74 84 95 5 81 65 92 34 38 20 18 15 39 80 74 81 17 75 30 72 71 8 12 62 15 52 22 72 79 0 50 31 11 33 68 46 26 62 22 72 23 91 21 61 20 70 49 18 96 91 55 18 50 20 64 42 98 98 93 99 84 60 24 52 87 69 65 53 46 67 85 56 27 98 74 15 78 15 55 88 79 99 10 85 18 8 35 34 61 34 97 90 11 66 24 46 71 12 77 25 4 42 99 65 28 23 34 39 83 0 77 41 13 2 2 68 39 56 12 95 36 69 5 53 34 81 71 55 13 9 7 18 54 61 88 1 60 29 40 48 6 62 21 78 12 70 24 61 53 64 96 33 18 86 43 82 86 100 56 48 40 10 70 68 26 81 89 69 88 61 17 69 63 98 70 4 25 68 47 66 85 19 29 59 95 67 74 51 48 30 69 12 87 12 43 4 60 2 17 79 66 90 11 59 83 71 49 90 33 37 58 67 84 94 4 50 72 53 88 49 4 80 85 45 65 27 34 93 76 91 25 40 59 23 59 59 1 32 41 56 31 11 52 87 41 46 84 30 76 70 4 63 59 80 41 13 65 4 80 83 95 73 5 70 61 84 21 72 9 60 93 67 9 22 51 94 66 32 14 35 48 63 7 0 62 13 67 91 27 90 14 88 12 80 55 69 89 4 24 23 80 78 25 37 13 53 14 72 86 100 29 19 25 85 2 11 4 82 7 88 3 22 2 44 34 23 95 85 100 88 2 95 58 15 36 93 46 52 93 1 31 19 12 45 25 57 69 77 41 98 78 76 46 20
61 7 39 18 16 47 82 94 95 18 68 44 43 43 17 90 38 23 79 15 65 78 51 56 74 94 9 17 31 45 32 3 48 50 10 8 82 62 100 97 58 58 83 71 24 1 49 54 13 60 21 76 38 94 41 81 61 88 81 85 48 89 59 52 15 51 13 63 11 18 48 43 28 23 25 26 31 96 90 37 33 34 49 98 95 81 58 42 15 25 39 10 19 0 90 3 87 35 28 55 67 29 1 91 4 57 97 90 94 75 18 45 7 62 76 17 72 26 1 47 78 81 52 64 58 19 44 21 93 34 27 95 19 66 90 97 49 77 34 56 64 23 79 74 29 40 48 69 10 30 49 68 63 57 38 62 9 53 38 54 16 37 69 20 29 75 9 7 77 19 56 67 72 51 51 74 55 31 32 58 67 29 76 50 48 27 55 81 60 29 66 94 83 39 28 45 85 78 7 84 53 54 64 72 90 2 99 39 56 92 8 42 15 74 41 92 4 84 78 35 3 13 63 77 93 92 69 88 20 61 5 47 6 99 8 100 6 60 70 66 3 38 45 82 74 24 55 99 99 87 13 55 47 73 62 94 54 20 50 4 77 76 52 87 20 37 86 73 72 50 56 61 36 23 79 85 0 71 7 64 93 88 73 87 64 14 17 38 27 95 56 58 96 4 8 1 86 43 24 63 4 11 38 89 60 51 50 52 36 34 16 91 13 21 49 70 81 2 41 26 29 31 5 98 63 29 35 4 86 19 69 50 73 38 88 2 73 48 96 58 1 47 76 87 32 33 100 70 26 79 67 85 2 91 18 92 46 77 95 20 44 69 60 6 100 18 82 97 48 21 37 44 89 36 2 56 25 32 82 49 3 68 83 45 28 36 55 76 16 66 95 82 36 66 80 55 40 86 47 49
28 8 47 95 24 88 44 71 25 12 84 71 19 40 59 85 91 93 0 11 38 82 87 85 88 0 5 81 30 8 64 14 44 96 65 38 86 76 96 37 30 30 56 93 21 35 65 29 12 62 35 100 75 44 44 83 17 19 96 83 26 80 76 5 30 64 59 23 47 99 33 30 36 44 40 4 74 98 80 76 99 91 53 15 13 91 64 56 32 29 26 24 75 33 38 3 36 92 37 0 60 8 97 26 44 78 92 82 10 90 39 39 85 19 26 19 62 88 39 77 79 64 27 68 40 99 37 93 15 34 5 62 67 6 1 5 86 43 97 89 93 32 91 58 97 16 69 35 41 14 38 43 31 89 57 49 96 54 20 24 34 79 0 6 66 65 36 76 91 33 8 86 72 48 39 95 54 86 10 28 15 64 87 39 95 53 86 65 12 18 83 78 60 3 63 31 60 9 49 74 17 72 12 33 89 28 13 55 42 38 77 80 87 54 11 33 94 47 78 79 75 20 84 39 11 66 26 80 21 18 26 13 35 99 57 98 41 84 71 90 33 91 34 49 94 32 6 56 92 81 69 84 5 86 58 45 35 16 99 47 58 7 48 40 37 52 20 93 96 4 28 64 38 11 58 99 7 85 46 83 37 23 7 79 69 24 90 27 19 41 53 57 89 27 95 67 57 81 15 6 88 63 10 10 53 12 76 45 95 21 26 20 63 42 67 11 31 59 46 75 45 16 98 38 72 49 23 56 94 16 92 39 80 73 51 27 26 19 11 98 73 18 70 73 14 45 44 75 65 16 46 50 48 63 19 24 55 58 68 43 53 51 29 36 33 10 7 40 80 39 54 65 1 51 1 44 82 41 51 86 23 3 17 20 65 79 43 53 8 80 29 1 98 20 15 13 94 36 31 28
37 77 94 24 45 26 29 36 42 73 20 19 79 89 8 8 42 55 36 50 6 98 1 12 58 17 13 24 43 5 5 22 0 44 28 80 16 28 34 13 13 40 97 98 62 43 24 87 46 24 38 13 26 95 30 46 75 1 39 30 20 11 58 97 6 82 3 93 79 27 18 59 36 21 80 96 55 78 97 15 78 68 87 86 14 64 42 93 25 70 13 69 53 37 80 2 23 92 92 84 61 39 69 51 98 43 70 15 81 70 60 90 1 94 46 29 82 89 87 52 57 15 12 46 36 38 30 78 66 58 17 44 82 60 65 43 83 100 83 60 47 84 36 24 85 38 1 3 8 65 89 5 91 93 3 63 7 72 41 13 72 96 100 3 16 89 61 50 74 17 84 97 17 45 92 41 14 23 57 83 73 76 46 54 97 97 12 12 46 78 33 20 67 30 86 39 34 54 67 39 50 69 15 17 81 97 65 52 98 53 50 11 34 46 87 25 25 70 45 46 86 94 37 45 87 85 36 27 12 52 58 93 58 45 75 4 72 49 8 59 76 77 68 85 54 85 56 50 50 62 42 20 11 86 43 74 95 1 57 57 5 26 47 24 64 89 70 98 96 25 97 74 89 95 53 42 64 77 78 7 46 90 63 65 88 27 56 96 78 90 69 8 4 89 20 81 32 83 19 16 0 66 57 25 36 76 58 87 40 61 91 70 78 37 57 35 55 65 21 55 70 21 85 66 58 32 31 1 49 51 6 74 36 99 69 37 53 96 63 44 84 42 6 85 10 30 80 60 76 77 12 98 61 23 71 0 98 90 42 55 9 82 98 41 47 39 29 17 86 26 4 51 91 12 42 26 90 92 49 36 2 21 35 7 21 17 81 4 55 50 27 25 71 59 79 65 71 17 80 8
99 64 5 80 64 51 33 9 44 61 55 57 52 36 8 27 36 65 3 48 13 94 34 73 86 0 84 38 83 45 2 20 12 10 60 36 21 48 65 99 57 68 24 82 67 33 98 54 24 65 49 56 36 47 83 1 87 79 69 67 29 45 99 80 16 49 69 6 33 94 97 5 4 7 31 64 42 6 50 49 95 18 22 89 74 75 93 80 99 98 60 70 46 66 4 34 69 16 58 44 0 69 36 38 33 23 91 40 100 30 13 78 33 11 96 86 63 10 25 72 54 84 20 84 32 60 12 98 22 40 67 32 24 49 49 76 4 47 92 30 31 19 41 69 72 26 59 92 32 29 73 57 81 49 36 63 17 14 74 33 21 46 28 40 74 55 31 50 60 4 63 43 5 84 100 69 74 86 15 1 62 80 87 17 72 13 71 23 53 23 97 55 11 9 71 25 61 78 30 32 44 98 73 72 42 28 84 71 38 91 28 6 16 51 51 83 91 70 15 76 50 17 88 51 86 46 39 10 55 94 7 4 9 63 34 41 68 1 54 17 67 40 35 11 23 87 80 12 75 47 20 70 74 1 23 14 86 80 28 70 52 75 63 76 69 63 71 61 57 25 32 35 9 37 6 67 58 55 51 69 40 44 68 70 99 98 64 98 9 90 33 26 85 23 45 22 84 50 33 48 3 1 31 98 8 12 66 89 98 65 11 44 5 61 34 2 55 16 74 13 87 32 16 72 20 18 8 100 64 0 26 63 8 63 85 10 22 11 0 66 78 53 65 7 43 1 60 51 57 42 95 52 19 100 57 55 12 42 65 89 92 52 39 70 43 97 11 95 90 65 99 62 18 9 2 35 69 40 76 98 4 0 74 53 97 50 68 71 6 2 74 39 0 19 42 13 50 44 4 21
27 57 73 98 93 18 99 11 91 10 84 57 37 7 89 45 76 45 60 74 33 34 23 42 76 87 42 10 25 26 55 78 5 94 44 11 52 63 7 2 33 97 33 12 28 68 29 10 98 10 36 83 8 13 52 77 1 58 42 76 86 56 28 22 81 20 62 15 38 62 89 51 23 97 65 35 34 25 80 37 11 72 58 89 59 67 53 28 48 69 15 28 66 82 51 4 82 17 80 85 14 47 62 85 51 56 29 37 72 57 30 96 15 39 96 40 84 22 95 31 68 16 53 46 56 48 52 66 2 88 47 58 73 64 58 67 16 48 38 3 0 69 1 14 55 7 92 83 73 67 18 93 6 89 60 4 75 51 13 80 63 30 33 71 13 11 33 76 14 21 58 15 64 41 73 52 66 64 15 46 94 80 67 5 79 49 58 70 51 93 91 22 27 51 72 67 55 84 61 26 82 34 31 11 22 91 33 30 74 4 75 19 60 27 77 88 43 67 3 7 32 73 23 51 40 54 75 88 79 27 96 14 75 40 73 82 34 61 17 30 54 34 30 47 21 59 83 35 95 19 47 16 79 40 11 52 11 92 19 98 51 84 54 91 54 27 61 36 5 100 99 37 33 57 20 64 84 37 70 5 62 48 8 20 39 51 5 74 89 35 42 44 60 23 24 38 73 88 19 58 30 59 39 74 35 12 7 63 51 94 45 82 81 80 69 100 100 3 25 33 43 91 14 22 69 5 83 78 27 22 97 55 94 89 57 21 59 37 68 10 84 4 36 53 8 23 96 29 85 14 42 7 88 21 40 41 75 67 3 26 23 88 38 20 32 74 84 10 37 43 74 24 98 30 38 84 82 50 53 64 1 88 60 100 26 62 49 82 0 7 34 29 5 65 24 74 5 3 73 10
23 77 65 30 11 21 60 11 2 70 34 51 44 43 2 32 87 75 44 54 18 58 29 91 66 32 41 35 54 42 56 90 56 94 100 92 96 62 72 91 98 87 19 32 56 66 69 69 89 14 76 55 76 90 60 73 49 97 59 29 10 87 34 34 16 79 76 81 26 48 72 1 11 43 9 39 92 47 46 39 85 26 9 44 81 10 80 99 50 46 98 96 92 51 42 4 0 71 20 27 59 99 54 89 68 63 84 3 38 62 44 25 67 66 20 49 12 91 55 14 68 90 62 25 85 9 76 70 7 81 56 57 19 12 26 3 72 52 18 87 12 85 66 34 61 28 4 15 33 11 94 41 89 82 23 88 5 17 74 8 42 6 56 77 49 62 3 99 17 40 46 68 72 74 4 80 23 76 7 66 92 53 24 52 63 100 53 94 74 23 48 21 18 49 83 75 37 38 19 6 18 76 57 86 47 24 73 69 67 57 27 41 73 88 12 31 74 26 38 1 7 8 46 76 66 61 7 8 56 100 78 59 85 100 64 49 80 11 16 98 68 24 100 20 42 13 42 34 75 67 74 29 29 77 53 76 66 88 68 22 21 41 45 27 14 5 93 57 56 85 72 26 88 91 12 43 64 2 6 34 65 7 27 53 72 6 36 58 18 100 69 30 93 87 11 39 81 51 2 21 53 26 76 87 4 92 4 70 24 82 69 38 94 19 77 95 31 14 97 22 79 42 96 16 49 63 12 21 91 49 1 96 69 27 0 84 60 56 28 65 47 52 33 13 21 60 36 5 58 27 95 67 78 26 47 13 33 2 52 21 55 94 32 99 67 16 96 22 61 92 57 80 76 52 94 41 79 44 89 40 61 55 66 56 0 86 3 18 94 43 35 9 50 43 76 17 44 37 70 77
43 13 57 22 46 80 26 37 23 39 56 10 67 65 98 43 83 36 11 41 43 64 15 49 14 96 88 91 35 82 11 76 74 39 4 78 32 5 40 25 75 14 42 75 23 68 89 54 82 57 49 42 49 35 37 25 69 52 59 64 91 89 2 42 58 69 14 32 88 90 74 95 94 39 23 74 100 92 97 39 91 84 76 68 94 56 56 26 16 99 73 80 42 70 55 63 28 62 63 6 88 40 23 85 45 96 10 71 19 92 65 42 99 80 60 97 79 91 89 31 61 93 27 55 61 8 50 99 83 95 1 6 69 42 77 100 51 43 54 41 95 60 77 27 79 81 41 37 69 43 36 0 29 59 45 54 81 93 67 48 94 49 63 36 16 34 32 52 26 19 8 29 26 3 28 59 17 58 33 39 0 21 72 33 86 1 10 25 28 20 7 83 41 60 83 42 89 6 72 35 85 0 24 23 100 12 37 61 65 77 79 71 29 70 35 53 89 19 97 44 51 64 0 97 78 29 26 77 58 14 19 98 93 32 35 75 15 67 1 33 5 90 82 82 24 35 65 73 72 46 39 14 25 76 76 27 18 54 56 75 48 7 46 30 19 4 9 8 95 47 12 23 6 92 79 19 34 30 30 74 66 38 43 82 19 69 36 43 53 74 32 60 15 4 5 67 10 81 25 94 11 75 24 20 93 82 98 77 28 85 8 76 14 75 71 51 70 40 84 32 96 99 78 23 86 19 7 15 83 86 48 9 65 95 62 56 27 62 31 45 54 63 64 96 29 86 3 18 69 28 15 35 18 43 7 41 57 96 80 41 58 25 75 21 9 79 24 83 91 98 58 82 28 1 42 15 5 19 89 80 83 63 52 77 3 15 90 17 47 33 68 66 4 60 22 19 43 78 32 90
88 92 2 7 64 54 78 2 18 52 8 35 69 77 99 65 66 48 69 44 81 9 14 19 29 95 90 12 42 27 20 62 89 20 9 37 5 95 95 84 88 88 52 47 27 31 91 44 41 11 78 58 30 90 35 1 0 3 99 32 8 34 69 34 59 74 60 83 20 31 73 29 3 33 21 12 3 27 7 75 87 26 10 87 98 36 52 91 80 81 9 74 62 94 75 67 23 34 84 3 60 18 39 16 92 82 89 52 99 35 28 5 82 65 88 72 98 50 83 94 19 46 9 0 64 29 48 91 21 67 48 68 0 65 11 60 38 77 71 47 49 54 95 0 88 95 29 83 46 95 68 70 83 68 80 58 100 99 25 32 26 42 0 91 43 29 17 71 9 72 0 45 46 59 23 58 3 37 88 57 83 88 80 21 22 15 62 7 22 15 2 57 100 89 93 76 60 52 24 31 50 87 62 94 88 85 64 62 74 31 73 97 61 55 44 45 25 89 7 34 21 29 12 37 42 47 16 59 28 99 45 55 99 85 6 36 55 31 60 69 82 38 48 11 24 27 43 87 57 58 88 57 31 31 73 71 28 48 14 31 38 8 62 79 98 28 43 73 64 64 43 32 93 63 55 92 33 7 34 80 23 56 23 90 71 61 53 3 88 90 47 51 93 82 29 47 85 76 77 27 84 57 40 50 47 72 76 48 61 81 32 90 78 67 72 7 54 54 52 34 92 33 73 0 90 68 43 24 60 58 22 36 18 62 98 4 41 66 44 0 25 25 92 25 74 39 4 36 77 53 68 32 24 29 38 31 69 88 2 67 38 5 30 100 29 17 37 23 53 33 68 80 86 63 52 65 28 10 29 44 99 29 11 47 57 27 44 36 57 2 57 71 74 94 31 59 31 47 15 46
14 56 82 29 11 59 33 30 74 25 35 8 97 45 53 36 88 62 76 86 63 38 85 97 43 58 93 87 33 53 36 46 22 78 75 92 50 70 48 46 57 3 96 15 96 71 34 79 24 88 25 35 22 67 46 20 8 52 14 79 99 21 10 65 13 51 94 60 0 83 51 72 4 11 47 69 70 23 80 99 94 68 62 75 29 25 88 41 10 38 53 100 83 50 100 23 92 79 45 31 16 76 32 99 65 50 21 70 4 74 47 22 15 22 68 82 84 37 20 64 6 13 69 21 27 92 35 75 73 1 96 67 51 56 85 13 63 27 73 14 21 89 84 45 34 44 21 23 52 86 49 28 15 75 54 30 49 68 8 73 84 98 80 55 91 51 47 88 20 84 19 40 91 33 7 33 4 64 95 29 2 68 19 79 31 42 31 93 36 63 32 48 88 56 91 50 24 25 20 75 16 13 0 77 28 55 1 92 68 69 48 36 24 57 92 100 61 4 65 22 93 59 64 76 1 19 65 89 75 77 76 93 93 94 46 55 43 59 63 86 20 15 9 10 31 43 70 29 76 8 81 58 38 47 64 67 31 75 63 32 46 93 40 42 49 38 89 21 32 12 32 19 52 31 6 81 75 27 90 13 33 53 73 21 30 21 53 0 55 11 18 6 4 51 69 84 70 34 76 97 40 75 91 18 91 29 57 97 41 79 57 80 7 83 58 64 39 10 86 37 91 19 21 81 7 12 65 63 71 39 25 5 52 65 12 61 65 54 77 13 75 5 17 100 66 11 59 82 80 56 77 83 100 4 93 47 59 26 89 38 52 91 36 6 29 17 98 29 27 62 4 16 71 58 9 27 75 93 57 30 87 89 21 90 72 42 36 78 38 96 92 90 76 87 20 88 6 66 84 18
36 82 72 91 100 44 75 71 93 11 57 17 65 26 78 23 70 7 38 84 75 100 19 30 25 3 80 84 66 82 59 78 70 23 4 4 69 83 34 1 45 72 89 86 16 57 98 86 32 77 92 41 63 4 39 46 24 52 51 84 14 46 36 71 30 91 75 59 56 27 65 88 42 71 80 100 41 65 35 47 79 2 70 52 11 71 28 33 61 38 53 54 1 33 93 50 0 13 34 28 66 13 57 81 39 45 35 86 47 54 51 15 27 58 62 64 23 20 88 32 24 49 21 82 25 73 79 55 25 78 41 40 33 84 93 16 61 98 70 15 18 48 27 51 32 81 44 13 4 91 94 17 56 15 70 56 44 49 82 42 52 12 99 55 86 5 69 100 57 11 41 49 16 59 5 22 16 50 99 31 39 91 43 55 13 18 70 68 64 68 51 37 60 92 3 27 48 4 12 61 7 10 89 54 41 49 70 37 15 91 34 32 82 48 48 85 80 55 50 65 91 52 39 32 41 98 29 13 33 42 51 12 89 95 99 63 96 0 26 70 88 82 36 43 89 15 67 68 7 89 51 32 64 94 1 6 54 60 84 81 32 66 25 71 23 91 17 34 81 27 95 98 63 72 10 86 35 52 37 80 32 7 78 8 51 94 28 51 73 99 72 51 81 27 77 59 64 38 71 4 23 22 26 63 31 60 9 6 35 91 28 56 32 0 11 52 27 42 80 42 25 64 10 51 16 49 14 89 54 87 28 84 65 68 98 20 5 1 29 12 97 3 23 92 65 17 47 37 14 87 86 29 34 93 45 52 19 31 18 70 88 72 53 43 1 52 91 20 12 96 96 94 86 21 63 61 46 91 45 13 22 26 54 2 52 53 17 7 1 49 9 69 81 18 72 61 90 67 91 35
3 97 23 27 52 56 42 23 85 28 83 25 44 20 9 47 28 66 58 69 13 54 34 65 0 78 46 65 43 27 36 83 11 95 56 91 24 47 64 97 81 0 93 98 40 100 8 28 83 39 4 6 65 23 16 82 94 18 83 1 87 98 81 84 91 84 13 66 72 88 70 42 32 86 24 12 70 54 10 64 58 82 43 66 45 42 85 11 21 70 2 71 15 71 58 9 37 98 63 16 8 10 92 62 18 65 41 75 81 14 53 45 68 18 35 48 99 73 55 10 76 86 19 84 77 85 36 96 43 65 49 24 74 36 0 92 15 20 50 45 0 35 60 93 4 12 82 53 12 29 72 77 31 82 48 66 48 52 5 32 43 5 38 40 31 100 48 77 6 99 44 8 73 46 62 38 5 66 59 42 91 80 51 58 61 34 87 4 65 90 68 51 69 3 20 46 64 10 18 65 77 58 35 54 84 64 42 55 91 3 58 8 47 83 30 63 42 99 9 38 42 37 58 47 84 81 71 42 49 23 86 31 51 0 100 73 29 100 89 64 52 25 40 100 5 60 67 60 42 16 57 41 24 76 50 30 88 82 20 72 40 1 92 86 65 4 37 3 98 34 33 97 76 72 32 42 84 78 7 49 91 97 92 33 33 26 86 44 29 30 20 15 16 10 93 93 51 9 8 98 37 48 16 19 25 85 43 21 41 11 7 74 76 19 6 60 13 18 36 72 64 49 92 28 27 13 97 100 47 77 90 80 71 76 42 38 43 34 87 55 29 61 28 54 92 7 88 44 31 23 86 89 96 23 90 9 46 34 48 19 68 17 79 26 3 4 60 26 39 60 59 66 21 66 29 87 33 75 30 98 91 73 16 92 3 10 54 44 0 8 58 81 21 76 26 23 93 96 30 55
61 72 18 94 20 16 67 11 41 61 92 88 85 77 44 76 22 64 35 14 63 17 22 50 49 57 91 26 95 1 26 24 49 49 46 16 99 16 26 93 41 83 76 94 4 58 97 38 76 50 57 45 96 83 44 86 81 57 90 81 82 73 14 57 49 95 15 6 63 33 80 100 54 79 73 31 42 70 46 61 5 71 33 42 49 29 24 77 45 52 65 5 77 35 44 5 77 25 24 50 52 90 95 18 4 73 70 14 72 72 74 59 61 85 16 31 11 83 12 93 89 65 64 18 49 96 43 45 61 27 64 81 62 86 83 79 18 98 72 19 29 76 75 53 68 47 93 52 8 48 93 83 27 13 13 35 53 34 76 100 66 24 49 65 38 51 100 42 44 14 38 5 62 74 47 66 1 89 15 36 10 97 97 70 26 100 73 59 56 64 64 16 15 22 17 1 44 32 26 9 68 47 95 11 15 37 59 14 92 96 76 44 38 50 75 34 69 93 12 8 83 97 28 9 43 90 17 71 43 40 28 24 44 60 90 94 47 44 52 27 34 92 72 79 91 93 42 45 36 96 62 1 51 47 38 4 74 93 65 31 90 3 24 61 79 28 28 59 49 53 92 62 65 36 59 74 25 61 38 5 49 81 32 78 49 40 21 4 56 84 66 17 22 46 44 18 58 16 66 12 81 5 39 83 64 62 71 71 50 73 81 10 1 14 11 9 95 69 89 46 81 59 7 29 98 77 93 18 37 12 48 59 11 63 26 22 11 52 91 88 15 33 99 31 8 84 50 82 36 43 25 31 12 23 66 67 68 30 8 13 0 31 87 1 90 25 86 67 52 25 91 90 10 31 85 65 27 62 79 28 33 51 53 68 94 61 81 1 73 6 53 72 100 24 1 49 17 15 1 14
48 91 57 42 12 40 20 15 95 87 57 99 52 78 41 6 37 78 57 24 65 36 86 42 57 99 27 1 20 18 9 85 2 91 7 69 96 26 29 45 50 66 58 60 55 55 0 70 7 48 21 86 49 57 8 8 38 56 4 29 62 95 40 17 78 100 47 11 26 42 69 51 28 4 9 40 93 59 6 40 27 51 17 46 44 41 58 29 48 71 26 26 94 64 80 78 34 38 74 46 33 3 1 57 10 0 98 13 94 92 43 52 15 3 77 40 49 97 6 92 11 22 52 39 49 40 20 76 99 82 66 66 16 57 57 60 32 89 39 54 98 62 53 55 58 36 7 97 11 22 4 90 20 13 48 91 53 23 86 26 37 10 50 88 34 75 45 99 40 26 39 20 42 16 36 5 98 50 24 63 0 70 6 67 35 30 1 46 91 52 11 50 47 64 0 46 41 76 100 68 99 56 5 28 83 99 20 57 35 40 76 92 48 11 31 45 99 34 55 37 13 26 77 18 7 38 85 35 53 92 83 86 4 61 56 17 22 10 60 22 61 98 25 61 84 28 38 13 49 49 37 96 72 70 29 69 73 45 87 51 15 84 0 71 18 38 31 41 6 45 9 26 20 22 8 15 14 16 89 43 20 34 39 89 43 66 44 9 93 3 45 3 9 89 39 78 17 68 95 84 62 52 63 38 69 89 83 63 25 10 61 58 64 31 13 100 31 71 3 99 56 98 0 54 67 71 86 22 73 83 85 1 56 95 95 79 84 54 99 18 88 49 28 88 25 14 93 52 16 4 84 100 11 33 58 53 9 2 44 78 20 77 61 66 88 25 41 7 42 20 37 41 56 0 70 42 71 32 16 34 6 23 58 10 80 10 73 66 47 49 54 96 62 20 86 53 53 10 87 97
54 9 97 53 53 15 0 21 84 93 7 97 62 63 35 20 19 0 22 15 51 49 67 3 59 35 12 52 68 94 12 6 45 20 7 78 2 67 35 17 53 83 36 67 71 6 8 68 41 82 95 52 76 52 97 85 39 28 0 20 73 92 76 72 67 87 86 35 83 53 35 9 34 73 96 6 73 71 80 51 55 33 99 23 76 74 17 56 29 8 59 37 90 27 38 78 5 27 8 41 96 61 81 86 38 66 23 74 6 63 67 38 68 2 29 29 0 80 75 85 62 46 57 44 58 98 91 40 12 52 96 32 62 29 22 38 61 82 78 42 61 6 63 5 38 99 43 81 39 41 28 78 16 25 49 23 86 32 25 47 55 84 92 57 19 66 46 75 12 89 39 15 44 21 80 84 62 49 35 36 97 98 86 43 25 72 4 65 79 81 63 48 28 0 64 44 53 69 33 28 85 9 25 86 46 10 64 79 16 94 85 39 35 43 81 73 12 19 87 68 33 50 17 95 84 81 97 37 83 73 52 30 21 2 9 43 63 14 65 18 89 80 36 51 100 95 52 47 13 63 12 57 84 72 35 26 78 15 40 14 9 88 7 38 95 84 23 58 9 5 65 38 92 62 73 0 86 52 83 17 45 26 10 50 7 69 82 73 8 73 86 26 51 55 62 67 36 84 38 15 28 17 42 76 61 24 43 72 34 35 21 14 7 13 32 41 42 45 90 52 13 53 20 82 24 66 14 1 61 97 31 16 96 80 36 28 51 7 13 11 41 23 30 19 48 68 16 30 15 25 87 94 54 40 7 7 18 34 5 10 14 29 8 2 50 48 21 19 56 33 68 67 83 69 41 85 56 6 98 43 47 39 84 76 38 11 23 69 67 24 28 95 98 64 35 95 36 93 31 74
64 100 79 94 71 13 69 54 54 71 86 80 43 81 87 10 46 69 61 85 42 47 12 8 26 27 44 43 63 31 95 86 50 42 52 84 83 47 27 78 6 60 44 73 98 12 52 99 39 50 34 49 99 87 8 50 29 87 4 89 80 82 28 73 4 33 24 24 99 75 31 14 47 4 98 3 48 26 78 63 33 84 80 60 85 39 68 40 78 40 100 13 73 2 84 52 99 57 28 50 87 72 40 11 69 79 1 44 37 94 98 35 64 25 55 50 72 84 59 4 97 7 70 42 22 3 18 27 78 48 26 76 79 11 85 64 86 8 65 46 87 51 56 62 41 44 39 8 24 30 68 58 85 4 71 36 1 8 31 5 50 77 5 24 32 25 18 21 69 58 8 35 76 85 28 11 49 12 66 31 14 30 39 7 98 80 33 54 15 48 87 64 27 55 4 28 32 84 70 84 97 98 55 86 90 20 21 99 60 94 36 58 94 74 56 83 17 29 8 42 97 74 1 34 75 0 28 61 23 9 43 63 37 45 9 40 69 42 21 26 6 16 82 92 30 3 3 82 83 0 97 11 78 10 1 73 89 82 57 78 9 32 34 77 63 76 61 23 70 41 8 67 30 93 28 71 54 7 8 5 49 73 20 38 40 49 87 77 80 0 99 62 52 50 63 0 99 23 3 3 81 31 52 6 49 55 23 72 35 5 65 55 22 2 7 29 53 100 48 73 96 73 51 15 90 2 35 48 96 5 49 88 84 93 37 43 100 89 62 74 11 76 54 57 33 95 61 81 44 77 57 69 13 55 38 26 68 64 84 15 47 56 90 6 35 6 34 92 17 24 97 55 92 4 77 38 64 54 31 9 9 73 30 26 23 29 49 72 70 27 40 34 72 85 43 67 75 43 4 26
22 94 37 49 32 9 46 86 22 27 41 72 28 20 0 43 28 47 72 22 79 68 19 3 94 92 22 46 36 78 36 18 80 35 26 86 22 9 92 77 96 57 10 87 13 89 42 49 60 42 23 66 33 49 52 54 59 68 88 74 72 0 3 82 13 45 10 38 93 43 26 34 25 61 5 57 30 95 95 59 1 39 96 63 94 86 100 21 27 55 32 15 23 67 2 98 42 23 20 15 73 68 63 46 22 39 11 78 11 40 15 53 18 82 94 26 50 9 59 55 34 33 75 90 66 75 99 58 90 10 6 31 94 39 14 92 52 58 14 26 45 94 6 31 13 34 100 19 23 0 88 58 1 22 71 53 8 100 84 56 71 62 89 48 37 66 0 19 65 89 23 58 31 30 99 30 12 79 71 29 68 58 92 44 30 96 16 85 65 4 91 41 6 9 41 31 51 6 95 50 85 100 69 13 78 53 86 36 57 4 90 63 50 60 23 69 71 52 27 57 91 29 71 47 84 52 98 87 98 3 76 32 98 77 80 31 73 54 49 74 28 79 97 41 91 38 49 46 90 87 6 79 17 34 47 7 99 49 18 17 3 20 21 18 21 63 43 60 7 1 98 7 48 39 67 83 91 12 4 67 15 14 63 6 77 24 91 49 73 19 44 39 29 55 44 3 11 73 25 11 7 99 8 83 25 71 45 57 42 29 42 63 86 35 97 99 19 17 76 21 11 55 50 80 75 63 2 23 38 58 9 16 19 86 75 16 85 26 79 39 86 3 73 77 61 68 87 10 73 11 57 25 7 88 66 94 2 88 18 28 71 65 4 22 98 32 43 83 3 97 47 37 79 97 70 13 52 40 46 46 92 50 16 67 70 15 15 36 24 79 24 75 51 63 66 8 28 31 96 32
49 20 80 26 100 10 1 96 90 1 10 25 54 54 48 34 86 0 51 82 14 83 23 10 96 62 82 75 17 12 94 23 93 70 97 83 85 28 37 71 1 16 58 64 0 14 81 98 33 66 43 79 89 21 15 58 68 33 84 54 29 26 91 20 30 32 62 29 37 88 33 30 82 77 69 24 90 48 36 48 19 20 64 0 48 7 87 87 5 0 41 3 34 51 42 99 51 75 48 87 18 8 42 29 8 55 50 49 54 83 41 5 54 45 49 12 92 80 50 52 16 6 4 68 7 81 89 76 47 60 76 30 28 72 87 32 52 65 59 59 58 69 76 61 87 20 94 37 94 94 22 83 49 86 79 36 29 48 32 38 98 78 58 84 68 53 70 87 45 7 2 28 36 48 50 59 21 15 43 28 69 26 99 74 33 75 96 56 4 51 66 13 77 3 88 70 0 78 44 27 49 98 43 76 1 67 33 74 19 30 67 2 11 27 13 75 54 18 80 37 30 2 37 37 11 47 27 78 91 58 42 3 43 67 47 21 8 22 73 81 18 53 81 42 73 65 60 88 97 61 100 40 49 99 7 98 46 97 75 79 2 98 42 29 28 94 97 0 80 84 15 16 24 20 67 46 51 60 26 23 21 57 78 9 8 24 50 27 89 67 16 15 18 17 85 4 100 52 78 79 46 54 63 93 26 94 37 70 31 69 83 12 82 98 18 100 19 98 25 85 16 71 67 95 67 42 40 24 13 89 28 74 56 12 89 91 75 56 79 82 32 39 6 3 5 87 84 63 84 59 44 0 30 36 89 91 64 17 60 79 9 70 27 61 57 53 90 95 64 83 41 89 78 84 42 41 85 18 96 11 34 87 64 0 90 15 25 50 53 36 62 83 14 96 17 55 66 0 28 85
10 81 84 28 64 62 84 24 6 95 15 31 17 34 86 29 63 33 1 13 51 63 59 79 15 98 92 6 48 5 81 88 38 90 80 69 81 9 100 58 95 78 40 50 14 47 40 96 40 42 68 27 66 81 17 1 56 13 14 89 90 50 82 87 60 6 40 35 62 34 29 6 26 48 19 89 13 92 79 96 83 10 68 99 4 94 15 39 47 58 47 69 41 68 51 43 88 90 15 48 14 70 60 56 57 27 92 19 89 67 26 59 84 44 15 39 6 71 72 14 67 85 38 26 25 38 78 44 74 65 56 38 41 4 49 69 89 11 93 0 13 94 20 53 51 78 60 73 12 55 61 85 31 72 93 40 65 70 20 31 3 27 49 36 63 32 31 89 53 70 50 19 86 22 9 42 0 0 63 30 56 42 71 89 95 40 90 96 60 42 33 63 79 82 98 10 28 10 53 13 51 54 84 32 41 7 32 42 41 89 89 31 6 51 71 64 62 64 6 7 14 34 41 31 0 65 70 46 34 10 38 57 15 71 14 24 36 43 99 60 55 56 56 2 54 41 23 70 66 43 47 6 15 94 81 36 45 82 65 12 30 89 57 52 4 59 60 2 76 62 74 33 75 95 90 0 12 71 55 51 42 92 70 76 51 35 64 72 58 91 51 94 0 12 97 97 84 75 0 26 2 67 15 81 94 6 16 14 97 27 23 26 74 33 52 28 62 58 95 75 50 53 28 66 52 34 37 15 1 54 29 55 98 5 55 62 22 21 34 95 10 61 64 85 89 56 70 7 28 45 65 11 85 66 61 46 90 11 14 92 20 89 39 9 62 40 24 15 88 33 80 15 3 50 62 88 92 36 79 72 19 60 92 4 97 17 8 18 35 20 17 97 50 96 7 72 88 45 26 11
36 11 100 93 47 17 37 96 28 13 40 61 45 95 86 42 12 13 94 41 41 26 41 88 32 90 71 54 41 85 57 82 50 79 25 60 81 100 89 63 53 73 88 49 90 4 88 12 26 42 9 47 15 23 32 50 50 3 77 1 10 11 48 21 11 56 34 57 45 9 93 10 78 98 4 26 57 77 19 31 27 15 25 48 27 4 65 60 26 33 57 9 32 14 53 97 23 59 87 74 26 19 20 99 92 28 1 83 45 80 21 76 5 97 56 79 15 48 13 79 29 14 31 83 92 64 11 52 93 79 16 18 72 28 32 41 39 37 86 84 84 64 16 99 99 3 66 12 21 36 80 64 20 37 22 12 14 30 12 51 34 42 61 65 16 67 51 70 27 36 7 18 6 74 92 66 56 92 76 57 59 99 54 37 88 98 76 66 38 12 1 81 9 52 3 47 52 14 69 18 68 51 49 32 74 73 48 82 44 59 95 24 58 100 42 26 100 29 55 34 10 35 7 10 79 25 88 21 53 51 50 62 50 65 91 66 61 5 93 68 57 61 100 90 53 17 38 77 22 48 19 35 84 58 86 10 72 95 71 48 44 54 40 66 70 96 27 33 35 43 45 63 8 73 45 12 93 44 89 84 73 25 43 2 4 63 97 53 85 44 11 12 67 25 80 20 59 5 63 23 61 55 77 100 55 68 91 40 8 50 93 38 72 29 62 86 74 51 52 38 86 44 51 29 34 29 69 47 51 20 48 23 43 35 63 86 79 17 6 53 94 70 32 25 45 77 95 17 41 47 47 20 42 16 86 36 0 89 69 17 90 95 45 25 21 52 6 76 30 86 75 83 35 42 77 7 16 28 44 7 18 96 25 97 80 25 29 52 75 59 14 62 84 63 48 32 58 90 28 51
99 12 98 62 11 12 61 37 10 61 89 81 98 0 11 79 40 65 87 16 72 85 89 72 9 26 37 66 9 68 0 48 40 75 72 0 26 44 73 89 79 7 43 58 60 93 67 3 51 54 27 50 44 92 15 85 75 28 49 25 82 91 33 63 9 74 55 98 42 56 44 37 97 67 46 56 75 67 40 100 49 52 70 35 6 58 45 16 92 36 0 70 82 8 17 39 57 76 61 69 61 43 23 50 5 77 36 23 8 26 91 10 36 20 62 34 93 2 82 49 60 86 65 76 70 1 89 47 75 38 85 2 87 40 84 7 41 20 14 78 84 81 27 81 6 67 16 8 78 58 53 60 76 4 40 10 20 80 5 85 43 80 24 35 67 8 50 20 21 15 54 22 57 27 18 55 39 78 64 96 16 12 69 51 96 46 85 37 59 45 86 93 34 58 81 13 25 20 67 44 78 61 63 5 65 99 37 14 93 97 92 7 3 75 17 26 62 26 25 41 7 57 46 39 87 39 79 20 53 55 15 79 43 64 55 82 81 0 2 83 89 3 48 70 84 99 72 39 38 14 66 31 94 85 57 94 9 34 12 31 95 81 82 76 58 14 51 59 25 4 56 65 31 25 92 1 1 4 61 1 14 93 20 50 69 39 61 58 10 68 64 1 61 13 71 58 24 53 27 2 13 17 65 70 87 68 56 96 45 43 8 43 8 53 73 29 94 88 79 56 11 39 35 38 98 20 13 10 86 16 53 55 25 39 80 18 97 65 40 16 24 92 0 15 77 61 89 16 33 93 25 37 23 82 82 96 33 83 15 67 1 90 33 33 42 75 3 74 41 91 18 19 25 2 86 36 90 49 68 100 7 27 71 91 39 68 48 10 64 56 43 40 31 100 20 54 1 65 50 34
8 65 51 36 91 75 84 40 31 60 24 65 43 99 31 81 63 48 21 50 86 17 90 78 47 11 27 61 19 42 70 88 31 54 67 58 26 16 18 73 75 58 26 47 29 36 14 90 40 64 18 41 86 97 20 88 71 88 88 81 32 20 99 62 23 18 30 71 76 26 29 66 24 55 24 83 46 77 86 6 83 17 95 79 59 33 25 68 13 3 60 94 67 91 94 80 54 39 82 0 29 65 54 42 61 39 96 50 23 88 56 98 22 91 5 8 59 84 30 58 18 37 49 91 86 60 29 28 78 19 98 93 89 71 86 100 24 15 14 38 100 34 56 34 1 80 98 64 22 89 77 16 64 16 43 82 55 55 49 57 7 27 41 68 61 81 57 98 7 18 93 100 1 49 65 56 34 68 51 37 27 48 2 4 42 98 36 17 14 88 46 62 37 83 20 93 10 75 82 37 74 51 79 78 11 19 78 14 47 3 89 35 14 92 53 24 58 57 29 9 1 92 23 62 65 49 59 51 0 14 52 46 57 59 42 81 99 14 16 82 64 8 74 37 54 29 2 3 33 29 69 54 19 44 62 51 90 77 70 6 52 55 89 19 86 35 10 13 69 31 75 5 33 62 33 89 1 71 33 20 87 88 34 25 85 51 20 11 36 89 61 23 83 88 33 49 33 58 43 61 55 58 58 10 75 53 92 5 8 49 20 66 35 66 71 25 21 83 7 80 48 22 7 48 67 61 89 57 48 20 37 22 8 39 59 79 11 3 100 16 75 35 8 49 94 10 84 65 31 61 50 16 78 24 17 82 28 40 2 59 7 79 65 79 13 50 61 58 17 61 81 39 85 71 15 18 80 3 26 46 73 20 84 44 38 24 100 65 68 29 39 12 100 34 52 23 25 37 13 67
3 4 27 58 36 45 43 7 96 67 86 78 40 42 22 31 74 36 39 37 2 27 62 11 13 33 21 85 95 86 91 44 96 78 12 0 60 53 72 83 99 16 34 46 54 41 48 33 73 72 47 33 94 38 20 0 51 34 48 46 86 22 4 66 98 87 41 7 22 49 86 28 41 16 95 88 87 39 98 11 65 70 55 64 98 99 16 47 30 56 13 5 85 43 81 25 12 74 92 15 51 2 89 55 43 28 61 70 55 19 34 87 87 100 41 71 64 9 58 100 91 36 36 64 91 81 48 26 76 52 80 94 63 99 5 65 69 98 80 93 17 17 80 37 34 22 19 84 42 10 95 14 61 87 39 10 65 71 78 28 88 64 74 87 99 0 13 0 51 7 10 93 85 71 49 87 95 53 44 84 89 36 99 58 97 71 92 0 33 8 5 58 24 99 71 0 29 61 67 99 47 89 7 82 63 61 7 0 86 64 20 71 35 23 54 90 35 43 39 7 49 58 41 79 61 47 74 42 56 77 50 75 29 69 31 19 17 18 93 77 65 48 28 92 90 49 55 30 0 17 6 49 87 99 83 32 36 66 26 3 15 68 89 41 72 69 12 49 58 89 22 87 56 66 20 39 42 27 54 76 85 83 80 90 26 94 14 29 43 5 32 63 99 17 46 58 55 1 97 53 84 72 29 44 6 33 79 9 69 31 49 32 56 35 54 4 51 2 66 17 31 76 89 99 36 18 45 23 68 79 61 24 38 21 17 35 96 22 26 46 30 14 24 67 74 33 30 22 95 58 44 97 28 91 1 74 48 79 11 83 82 19 17 97 74 54 74 77 2 24 49 79 62 62 81 36 73 7 51 60 69 66 29 9 99 76 19 92 85 59 99 14 55 13 14 2 86 93 45 27
60 64 98 19 62 100 32 86 51 67 11 0 22 51 44 12 31 91 3 16 78 61 88 59 91 68 94 27 38 63 62 99 74 3 83 18 76 88 100 82 5 55 58 34 7 50 63 74 10 55 46 73 7 95 94 89 83 96 46 98 10 20 28 49 16 85 52 24 64 15 88 85 54 61 79 38 97 16 14 17 78 42 99 85 17 18 6 29 14 46 38 11 32 19 63 5 83 50 96 50 6 70 83 59 99 41 35 82 73 47 32 38 39 51 39 81 2 30 84 54 28 64 5 6 89 34 3 95 86 89 42 95 67 81 7 7 44 70 83 2 14 13 9 62 48 68 26 85 88 89 77 15 65 58 2 91 81 2 52 40 73 79 94 54 67 56 79 33 20 84 78 35 50 58 80 50 14 93 69 43 86 6 41 50 70 99 92 84 32 41 64 29 22 4 97 60 0 26 72 14 1 45 49 17 16 5 60 77 97 40 46 0 39 63 42 71 98 12 40 35 4 45 74 34 88 76 19 69 64 38 78 55 100 69 81 7 97 87 96 27 90 70 58 32 25 67 3 47 55 0 11 41 65 48 9 81 45 41 86 10 69 61 24 37 66 36 36 76 84 60 41 37 63 79 90 84 7 100 40 69 12 68 45 6 88 3 56 51 28 28 81 99 91 82 66 18 54 0 84 33 81 62 74 35 75 66 39 55 77 10 64 29 23 77 38 23 69 34 16 33 85 43 45 14 60 94 53 15 65 92 66 27 79 69 46 74 38 48 99 15 16 29 38 62 86 86 43 10 93 32 7 33 65 73 83 73 93 9 86 15 50 74 10 82 53 68 74 39 98 19 45 77 57 28 96 22 44 87 98 27 37 68 83 60 3 60 29 83 57 27 37 54 10 61 21 36 99 1 5 12
6 52 86 16 8 12 94 41 71 72 89 59 20 79 72 32 58 78 80 21 4 84 1 1 24 92 19 56 25 93 36 55 15 58 93 22 58 89 56 92 94 76 9 77 29 65 48 48 74 55 75 62 19 90 79 29 89 73 88 7 34 56 99 25 3 20 44 5 13 67 67 83 85 67 64 20 14 43 93 24 85 57 57 93 13 11 90 81 4 21 24 21 1 77 33 92 20 66 70 60 65 84 25 31 43 93 52 65 17 52 25 78 6 88 6 22 29 86 54 75 47 0 66 53 47 3 19 43 37 13 54 67 90 13 62 30 20 53 52 96 83 98 95 88 6 30 16 97 85 8 29 28 86 37 68 65 76 29 14 94 34 45 80 53 30 41 93 14 1 72 58 89 6 28 12 3 10 13 18 95 40 4 27 2 60 65 69 87 82 31 31 60 21 27 3 28 55 88 30 29 38 61 24 62 56 66 62 62 52 44 76 26 49 86 89 82 94 50 54 67 98 57 32 91 81 88 90 29 58 13 11 73 63 4 35 4 79 84 5 82 81 0 38 29 10 18 77 25 37 17 30 13 18 62 47 73 3 26 53 97 97 39 10 40 66 8 12 44 15 28 8 60 67 20 75 82 4 79 63 43 52 83 87 14 39 3 68 44 82 22 93 77 78 63 96 34 46 48 62 78 62 76 8 96 90 89 27 71 73 88 98 45 16 90 50 73 75 26 83 4 78 52 15 19 50 98 6 34 47 27 70 63 57 7 71 15 0 76 40 64 13 55 84 84 89 22 21 48 49 12 10 99 57 49 48 51 97 12 88 63 6 87 29 83 72 49 69 20 39 90 26 84 25 1 97 59 11 58 55 82 21 13 76 59 93 19 19 45 22 20 79 76 34 77 18 57 71 96 12 11
33 16 39 16 57 70 92 96 91 29 6 75 88 25 55 27 77 40 55 96 97 63 18 57 69 91 87 4 45 69 6 57 71 13 40 30 89 32 97 22 5 22 11 73 64 21 23 43 40 34 10 52 31 31 29 22 8 79 62 45 41 42 96 69 45 34 43 93 34 85 1 84 93 59 30 52 65 14 40 67 21 99 21 46 81 8 57 9 98 90 85 13 83 86 28 94 16 92 8 16 44 56 28 34 0 88 40 68 8 33 98 65 41 80 61 71 78 71 77 7 19 83 87 68 64 81 57 37 82 5 11 5 78 80 65 42 32 36 26 12 64 75 28 48 7 17 74 41 3 48 24 92 79 18 18 88 40 18 30 95 52 75 80 86 68 79 77 79 20 85 8 5 87 7 95 41 83 82 11 84 31 78 93 51 34 3 21 98 25 6 5 67 92 82 47 39 86 82 89 100 34 25 25 3 43 38 75 27 11 11 24 94 77 55 96 66 87 55 36 81 85 31 50 17 61 63 82 46 61 75 35 6 35 14 75 87 93 0 37 85 63 8 78 94 22 70 66 6 30 1 91 28 13 39 22 74 94 3 19 46 14 89 88 92 85 63 79 34 64 1 48 59 98 56 17 63 58 63 41 26 45 17 95 21 90 51 36 56 59 39 16 55 23 34 4 42 75 57 49 2 8 73 55 92 59 2 4 71 73 91 74 47 16 50 50 29 51 68 0 25 43 63 75 39 71 58 68 86 13 80 51 2 96 64 62 82 23 78 10 21 51 90 34 62 21 9 8 6 41 74 24 4 17 28 41 44 36 77 23 39 63 56 36 40 72 79 3 8 11 2 61 35 10 93 69 68 76 76 28 12 53 36 43 60 56 11 88 45 27 2 14 42 100 35 38 50 15 62 21 85
79 83 88 69 55 76 12 48 5 95 55 2 76 51 95 13 61 13 13 64 53 96 5 32 73 56 76 36 9 3 70 91 89 96 22 3 23 76 61 39 29 84 52 47 27 16 50 96 16 1 78 38 97 27 63 72 35 46 52 92 73 69 74 89 94 44 78 70 44 56 33 66 82 37 50 39 53 55 48 76 2 33 87 77 55 44 80 41 33 88 53 98 5 8 25 70 8 72 78 8 44 79 9 55 28 21 68 86 29 18 30 81 13 28 99 80 86 98 51 7 15 86 58 13 13 76 63 80 98 76 18 73 90 24 84 63 46 17 97 71 86 81 35 98 74 12 1 34 23 85 66 52 32 74 11 36 37 77 51 69 50 44 96 39 1 29 21 16 1 12 29 92 1 42 82 79 22 91 52 95 30 29 40 3 80 5 71 15 93 63 48 41 7 31 98 68 94 98 26 67 88 84 15 74 30 53 29 90 55 53 2 57 15 63 56 1 69 81 43 55 11 47 36 66 23 85 52 59 93 92 66 17 11 88 41 91 84 49 72 67 40 41 79 78 70 21 83 47 62 92 98 26 7 7 99 17 6 95 11 40 32 54 96 18 80 93 45 63 14 92 60 64 87 93 24 55 35 71 1 91 41 37 1 74 15 82 26 80 33 18 78 42 83 66 32 54 68 98 55 45 45 87 36 98 82 59 44 99 51 39 3 1 95 19 71 77 26 79 26 15 2 1 53 14 39 68 62 68 22 78 94 99 57 30 27 49 79 97 3 77 25 74 74 72 88 64 16 35 87 87 42 26 72 86 34 92 88 62 57 85 10 52 26 43 94 50 76 86 36 92 95 0 29 42 24 5 87 78 14 44 59 1 90 75 98 29 78 51 10 42 97 13 42 55 67 59 81 36 8 24
13 16 3 37 55 17 21 89 79 55 96 11 36 37 18 1 88 58 49 57 39 15 2 41 52 91 50 24 19 49 79 67 45 80 80 11 31 6 43 22 72 58 93 25 8 80 100 57 59 17 84 75 62 66 19 43 91 4 35 2 30 7 76 34 88 23 3 80 14 10 79 46 32 75 87 48 64 83 15 17 74 39 29 42 24 2 86 29 40 46 23 56 81 68 65 97 24 75 38 89 57 21 71 80 6 97 33 77 37 48 80 26 63 92 35 55 68 65 49 100 12 20 25 19 1 8 99 86 3 97 95 12 34 94 40 70 94 44 100 72 6 57 70 26 80 0 20 39 35 47 12 75 35 5 82 84 37 18 49 10 100 3 71 49 10 84 76 76 50 81 10 18 16 19 88 27 70 61 14 4 37 92 29 48 4 54 76 52 29 21 25 75 66 92 26 82 13 87 59 48 44 99 26 71 82 31 69 78 3 78 16 15 92 66 83 62 35 43 85 43 62 100 33 84 52 25 84 51 63 59 35 93 17 15 52 46 90 77 66 5 11 74 1 83 43 4 15 44 99 50 58 90 78 13 27 47 69 96 43 9 59 55 77 19 26 73 71 40 29 17 90 85 72 43 72 95 72 52 94 87 27 95 15 35 70 84 97 16 21 36 55 3 45 51 35 23 3 47 21 58 54 93 15 61 16 68 39 25 74 92 30 57 34 38 12 8 95 20 50 100 16 68 82 36 84 2 42 98 27 100 11 21 27 51 64 68 51 51 87 73 31 75 28 13 39 29 99 79 36 72 100 73 90 95 56 76 85 57 40 26 29 75 62 7 20 73 98 92 63 53 20 49 49 31 50 1 63 60 2 94 53 1 32 28 33 8 33 50 1 35 90 74 55 76 55 10 38 60 75 23
69 68 13 97 75 37 52 75 19 59 39 4 55 47 16 50 99 75 71 14 50 14 78 90 25 66 50 92 56 38 46 95 96 87 85 13 55 73 73 40 97 36 72 25 70 52 20 23 49 98 28 29 6 19 74 82 61 62 4 88 86 74 5 75 98 19 77 6 66 57 19 52 88 78 72 39 90 21 18 71 81 59 58 45 11 0 41 0 49 78 9 42 31 74 74 94 49 49 39 43 60 98 92 36 7 31 61 66 57 26 96 47 70 46 65 56 23 17 67 35 53 72 56 93 32 79 95 46 53 41 13 29 65 25 77 47 5 45 0 14 76 29 56 64 97 75 90 3 21 93 1 2 9 100 72 38 96 30 20 84 75 63 9 79 10 76 73 97 87 85 41 50 53 69 75 17 98 19 73 23 4 49 99 51 21 58 39 76 18 94 10 42 3 87 76 12 50 81 69 15 86 12 23 94 94 31 27 90 17 32 44 16 78 42 64 92 58 100 72 84 56 89 3 22 38 45 27 81 67 84 47 18 71 16 11 86 100 87 81 26 1 96 77 52 97 50 46 60 30 75 15 74 4 43 74 34 16 32 40 99 74 26 58 96 57 50 99 39 55 42 5 80 29 45 84 61 3 1 16 94 42 80 90 1 3 52 3 98 85 100 23 61 89 4 50 71 9 59 90 13 83 48 100 14 96 12 85 42 62 68 98 42 60 52 50 34 18 42 51 68 32 39 11 5 28 44 38 30 36 47 29 40 52 94 95 86 57 26 6 54 68 88 51 22 11 48 85 82 76 6 88 86 45 62 73 29 21 100 23 84 41 45 61 9 23 1 56 8 5 97 6 45 67 90 43 38 36 85 57 95 50 86 9 59 64 54 47 78 64 68 0 70 58 72 12 18 30 49 77 26
26 22 37 12 33 86 20 23 74 98 52 67 13 1 8 14 36 55 17 0 66 7 28 51 65 33 70 6 29 53 98 55 62 45 12 58 57 40 22 72 33 35 66 50 36 97 47 67 17 88 71 15 82 71 63 42 54 29 3 99 43 89 89 12 80 39 80 38 5 26 16 60 32 63 77 46 19 2 31 42 14 81 4 58 7 17 53 86 56 32 15 8 47 32 63 36 76 64 95 86 45 90 93 79 30 8 88 83 50 14 31 8 35 64 5 2 14 88 18 26 0 25 36 8 12 99 6 75 24 5 23 31 100 21 52 29 46 4 73 62 64 78 54 47 19 88 83 89 83 7 46 17 36 39 64 12 48 76 61 76 11 3 73 87 98 38 18 31 9 51 65 84 13 81 3 57 31 18 50 50 78 30 25 60 75 73 29 9 77 64 32 89 51 3 37 43 71 39 57 71 44 44 80 9 75 16 63 9 44 59 65 93 97 25 100 58 99 98 13 44 54 41 19 70 11 26 40 0 7 71 1 0 78 81 94 49 33 73 18 86 62 79 49 20 61 75 10 70 60 65 28 59 78 78 4 30 6 74 19 50 18 85 36 37 14 31 15 70 0 79 51 32 91 66 96 98 43 71 45 29 94 29 72 9 14 98 49 42 27 79 53 64 35 77 66 18 65 40 36 94 84 6 62 0 74 16 19 53 39 86 16 92 29 55 28 93 54 83 2 56 80 10 94 98 15 3 84 99 24 43 21 5 9 73 58 84 72 24 63 95 86 21 54 11 78 51 73 7 45 10 64 65 38 73 74 69 6 96 63 91 88 48 83 71 60 63 17 51 84 52 53 96 94 53 54 37 40 99 50 60 2 22 62 87 2 73 2 21 28 78 1 93 32 53 14 90 38 0 75 27
88 77 84 68 10 32 64 33 92 85 71 56 100 9 51 0 28 16 100 35 9 52 31 3 97 59 55 44 41 40 39 31 7 17 51 86 43 94 51 78 25 70 98 48 60 43 40 90 25 95 15 59 33 60 9 49 8 25 63 48 82 75 41 36 67 48 25 98 91 48 39 18 42 7 5 88 100 51 32 49 19 80 72 97 4 56 28 72 37 21 59 46 81 53 87 23 31 33 26 87 22 81 48 13 84 79 83 68 62 67 87 37 24 37 94 90 60 47 72 50 2 86 57 13 14 92 73 99 67 42 73 98 78 99 6 100 44 46 48 70 81 35 77 31 64 94 19 10 96 66 1 74 51 45 20 35 49 50 83 11 88 61 13 74 72 71 94 44 43 27 21 43 22 14 92 20 84 64 69 53 33 28 46 36 69 22 78 32 17 5 8 22 100 66 84 68 42 69 8 87 54 8 51 15 54 53 62 57 53 58 22 53 68 70 25 20 44 51 12 42 69 13 5 30 63 44 59 21 96 27 70 82 21 83 70 52 91 47 67 89 82 35 55 38 39 57 93 34 51 100 85 86 43 2 15 71 56 48 2 19 16 73 85 69 51 47 70 20 55 47 37 65 67 14 27 86 72 37 44 13 69 23 25 65 32 26 32 32 18 86 35 63 67 22 1 7 38 29 86 16 37 12 97 49 88 28 92 91 66 18 48 98 54 28 81 13 68 59 76 36 40 30 54 97 30 86 12 56 43 35 0 9 55 8 41 18 23 11 29 33 87 2 10 52 8 79 74 84 10 72 83 97 53 55 73 63 10 11 85 55 22 4 45 47 96 69 64 37 86 83 49 74 27 4 76 11 14 62 35 6 42 94 53 0 24 26 61 94 54 29 32 96 94 70 15 100 16 99 30 87
50 60 4 57 51 40 86 60 69 80 96 19 0 65 54 35 48 67 54 31 43 46 35 42 83 25 97 14 2 92 61 7 52 81 53 23 80 2 97 46 34 29 92 50 64 52 20 98 60 75 97 29 77 6 19 89 18 53 86 100 17 41 94 32 49 99 60 24 21 96 21 18 31 84 34 62 37 62 64 19 40 10 45 89 65 84 24 88 61 48 18 5 25 5 44 82 76 65 53 27 98 78 67 57 85 13 95 7 28 46 87 94 55 98 99 45 45 27 64 20 14 33 18 37 36 17 41 17 48 2 80 44 95 87 7 68 59 67 36 35 23 66 77 36 22 24 66 59 49 39 31 49 62 76 66 55 14 11 35 79 93 94 3 68 68 55 59 53 79 48 38 31 86 100 34 4 96 90 8 48 12 72 41 64 97 24 53 60 4 23 11 10 63 98 18 35 39 54 85 67 13 72 72 96 93 30 42 45 57 79 26 40 8 80 43 52 33 66 97 85 72 26 9 9 73 59 55 8 32 47 39 67 88 93 100 29 44 84 11 36 54 33 90 24 40 48 28 19 20 51 76 93 100 50 72 23 2 80 4 9 11 13 88 78 69 53 81 81 66 83 18 92 7 58 63 53 40 25 40 74 100 12 94 60 37 26 65 40 50 62 3 49 14 84 13 18 17 57 74 92 80 10 16 88 26 97 60 72 60 23 2 14 14 100 27 28 13 42 86 96 67 70 100 11 85 77 85 33 22 58 17 33 24 85 49 69 91 94 68 24 29 71 81 69 3 81 6 56 46 19 73 18 83 1 26 70 32 13 39 72 27 78 87 55 55 62 6 91 24 46 82 87 78 19 75 62 84 2 25 0 65 57 36 3 25 44 6 28 99 90 17 9 90 69 61 98 18 64 75 62
36 12 33 77 79 95 2 43 67 22 81 63 49 46 96 65 68 19 79 23 75 99 49 16 30 50 35 6 91 85 100 18 66 51 100 98 64 41 53 2 67 50 46 6 100 94 91 27 9 48 72 68 3 10 11 97 28 96 56 26 4 43 71 92 8 42 63 53 69 74 58 40 14 72 75 5 91 41 45 36 29 2 31 91 14 17 76 99 66 1 39 84 48 89 94 43 92 12 54 85 85 5 16 58 9 72 40 40 57 76 48 83 70 5 57 30 4 60 19 94 64 72 13 33 83 7 78 70 66 52 24 62 90 83 68 44 97 78 5 7 99 15 3 13 82 63 12 96 37 81 97 48 63 29 35 62 33 9 18 39 41 6 10 16 67 7 84 27 22 86 41 7 34 21 41 1 22 100 1 49 4 24 100 31 44 85 57 10 31 32 85 62 84 92 39 18 91 53 67 40 95 96 51 38 7 40 14 99 95 32 94 57 75 97 41 85 18 10 57 3 25 33 49 8 71 7 54 76 67 12 79 73 61 61 94 13 19 11 75 91 76 42 43 78 2 4 83 48 27 12 46 30 62 74 65 88 73 73 27 43 23 64 95 35 20 84 14 45 63 51 27 41 10 83 76 73 85 39 22 31 59 71 8 23 5 93 25 59 65 50 19 5 89 87 10 49 48 97 99 81 48 22 42 18 10 63 100 72 13 37 6 53 72 6 24 16 97 35 27 14 80 97 99 5 5 41 72 87 92 94 73 57 67 71 69 11 81 69 56 40 93 35 90 60 20 47 58 20 21 9 31 48 9 29 46 1 2 60 49 39 44 69 38 92 2 79 51 82 34 21 92 89 35 17 69 52 47 23 92 18 36 3 80 91 70 100 60 19 72 61 94 15 78 10 86 37 17 43 34 49
48 67 86 91 7 82 50 25 27 51 14 4 94 42 59 53 42 26 10 58 20 21 14 21 69 25 21 58 10 20 7 49 79 40 87 32 91 69 33 7 91 51 51 21 55 21 27 73 81 70 37 56 22 54 41 45 93 7 83 49 97 77 54 27 83 31 85 37 99 72 93 34 72 6 28 9 46 23 34 75 24 67 61 92 62 86 18 58 75 84 81 66 44 37 69 2 10 46 76 97 11 21 44 85 16 9 43 23 82 34 24 41 75 83 74 94 50 77 19 57 94 79 53 77 21 82 77 5 43 64 99 26 11 9 26 10 5 22 56 83 32 45 11 47 53 32 95 93 96 64 19 19 20 59 11 84 84 90 32 20 71 32 51 87 61 58 73 70 37 55 99 63 38 45 42 64 71 48 29 99 58 71 90 96 83 69 80 87 13 38 85 99 71 93 12 50 12 2 70 54 77 65 51 21 35 27 37 97 68 93 88 26 71 86 74 66 27 23 47 70 5 21 6 67 42 53 46 84 100 32 85 14 68 33 37 31 94 87 37 51 15 18 39 44 80 36 33 8 49 34 71 22 17 63 33 69 24 72 38 68 27 75 74 50 92 47 43 66 71 17 26 19 24 58 13 81 36 13 61 67 64 77 77 14 98 77 37 76 12 12 21 27 53 11 56 39 33 64 70 87 61 37 19 90 14 14 84 60 34 61 96 63 2 49 16 76 84 6 99 12 34 60 71 92 54 24 25 72 25 24 17 50 26 95 100 56 37 56 8 47 2 31 56 56 51 74 94 34 50 70 44 50 79 2 82 45 55 0 92 97 99 16 15 75 81 65 90 6 5 20 1 96 46 73 5 23 87 72 70 14 73 60 11 48 13 48 34 39 64 66 55 15 39 24 54 68 5 25 10 32
9 69 76 0 5 91 59 21 49 41 31 96 32 13 13 4 7 35 79 3 12 50 66 93 2 46 18 94 53 100 85 50 58 7 96 17 85 75 48 97 90 9 73 9 95 0 45 58 17 11 28 60 78 4 74 99 76 44 46 99 16 48 72 94 19 47 88 45 27 91 16 87 80 90 88 43 40 38 21 20 99 46 26 16 29 20 62 31 63 8 95 28 63 61 80 34 46 17 14 36 86 39 9 8 40 67 49 93 79 12 16 57 96 79 37 76 16 79 66 63 21 54 61 62 36 56 46 34 49 59 55 54 42 15 48 0 32 16 98 42 76 26 65 50 38 81 48 33 81 56 3 26 8 89 66 79 40 18 12 94 16 18 66 20 38 83 1 1 9 34 74 29 86 31 78 42 75 25 97 85 58 81 19 26 6 47 60 54 55 95 80 97 68 21 56 57 87 62 74 82 80 41 97 93 51 25 17 35 72 53 71 19 65 0 56 78 3 36 77 19 80 100 43 94 35 99 41 38 10 63 32 60 26 25 57 50 96 100 77 66 54 67 26 83 38 72 82 26 72 78 6 90 92 74 85 58 58 56 5 93 79 95 85 56 77 83 22 83 40 68 48 11 87 62 79 59 22 58 30 13 16 5 98 37 58 65 43 18 23 90 19 43 26 3 57 87 97 47 100 100 67 73 24 49 40 11 73 92 53 73 14 59 78 79 73 55 82 2 1 62 78 20 88 55 53 79 17 22 18 4 60 11 43 98 35 21 63 36 51 97 43 94 21 70 19 11 12 75 36 93 8 93 51 4 32 16 69 74 7 51 31 30 95 27 8 62 73 42 39 49 69 1 35 50 52 75 91 71 41 54 49 59 99 47 91 84 1 86 52 19 55 13 38 31 57 95 92 42 78 3
87 65 100 5 24 41 92 0 7 87 34 43 87 44 57 22 1 64 38 92 0 81 25 25 23 78 77 94 76 97 62 4 88 94 32 53 14 27 40 1 2 18 20 62 85 13 98 98 24 28 60 65 81 53 80 51 14 75 11 60 68 96 32 91 33 79 95 79 45 75 86 52 81 37 10 41 44 13 74 75 71 46 61 7 50 23 51 9 41 52 30 84 40 86 17 22 97 86 79 29 31 24 95 35 24 35 65 43 72 73 3 34 74 40 65 52 59 40 44 21 71 8 24 75 31 98 86 68 16 93 90 96 27 96 11 30 28 43 51 24 1 26 75 14 42 71 85 14 33 79 7 45 31 92 36 86 57 29 20 99 25 74 11 84 5 44 28 13 35 30 20 61 37 77 34 87 18 57 90 10 62 22 52 1 37 100 41 99 100 18 41 58 74 33 52 33 93 62 2 39 90 79 92 19 9 69 50 71 33 27 64 20 31 63 57 47 48 60 8 94 98 34 92 25 100 54 0 33 13 14 49 41 56 87 50 73 31 24 17 9 12 22 56 65 51 28 12 62 12 25 17 93 39 82 87 81 62 5 61 74 56 15 31 55 13 54 6 47 9 30 52 66 84 92 7 24 63 81 9 13 30 86 73 62 40 86 51 81 97 77 75 84 26 73 62 90 39 37 38 58 42 94 74 24 21 52 12 57 92 55 36 37 32 14 96 39 82 4 85 15 10 60 35 10 7 62 78 59 67 57 74 71 52 1 59 92 91 71 75 59 59 83 59 23 81 25 69 36 27 24 55 71 59 37 27 56 34 40 34 42 81 37 30 32 53 18 84 50 77 72 12 78 35 48 88 9 91 11 66 69 97 83 91 35 88 84 52 33 66 15 38 6 65 78 72 71 56 9 78 37
8 37 12 88 24 37 20 4 36 62 5 2 35 3 43 31 93 11 17 80 27 75 93 7 17 48 33 95 1 31 87 57 31 69 83 56 33 11 72 77 6 19 9 14 40 89 76 2 70 20 14 88 82 22 81 23 83 91 25 13 82 55 41 9 30 98 98 13 31 12 95 16 25 4 15 48 94 30 6 86 97 31 5 63 93 94 87 29 32 26 19 62 67 22 19 12 29 99 43 40 55 79 81 50 89 95 42 93 68 60 17 100 49 63 23 30 48 67 7 38 91 77 35 24 92 88 5 11 66 47 16 1 32 80 35 38 72 46 73 29 39 40 40 28 34 4 66 65 29 34 41 29 74 8 13 23 10 54 12 49 3 60 31 69 23 11 4 48 80 99 21 99 36 78 0 83 39 4 46 6 92 22 56 68 39 14 46 29 65 95 12 32 15 22 77 88 88 7 57 26 64 63 48 72 92 35 89 96 61 81 99 68 58 46 74 96 87 54 78 84 61 18 15 91 95 57 5 61 21 16 86 89 85 43 26 4 60 55 78 74 22 17 77 10 67 28 57 91 9 82 27 52 88 88 68 33 63 21 82 26 88 22 77 36 99 12 78 18 80 37 67 70 11 13 1 5 23 89 51 5 28 2 34 37 9 46 4 43 91 27 33 25 57 0 32 70 83 62 42 22 54 78 4 51 26 6 69 26 38 32 81 97 98 99 23 40 47 27 57 67 30 43 73 2 88 6 80 25 78 27 3 1 73 77 55 87 55 90 34 4 77 1 45 61 29 96 81 44 25 47 15 16 48 7 22 14 49 9 41 76 89 65 62 35 29 61 47 66 72 82 88 7 43 99 63 89 91 95 63 81 13 72 93 1 97 69 44 8 21 11 56 72 97 33 99 31 71 45 32 40
88 49 60 13 61 42 30 29 56 18 55 44 21 73 14 63 40 55 64 97 8 37 60 57 48 74 82 91 10 28 6 97 77 2 12 21 62 82 8 93 7 32 78 25 40 91 42 39 86 73 15 24 47 87 69 83 11 29 1 70 1 37 42 0 99 66 43 6 73 40 78 51 32 63 29 62 4 47 36 79 63 47 76 61 38 54 44 16 31 83 63 35 5 7 88 100 42 65 77 65 25 26 74 53 83 60 24 1 73 44 19 12 9 61 26 58 89 64 63 51 89 0 92 83 92 47 47 23 90 86 71 10 90 34 54 4 77 93 29 30 23 9 25 62 20 83 8 52 48 31 31 71 28 48 44 48 37 60 55 13 89 2 42 95 81 72 0 83 54 65 10 45 74 87 58 25 70 29 4 68 9 86 89 27 95 30 92 2 55 44 20 11 17 8 42 66 87 49 32 7 37 93 40 5 20 12 99 27 86 11 39 79 5 63 90 16 63 67 45 62 50 57 11 3 10 33 52 27 76 11 58 45 50 19 91 97 90 7 27 65 18 16 16 75 91 2 23 82 97 40 79 25 28 65 30 7 41 2 41 37 26 50 99 52 72 79 88 30 54 40 88 45 25 93 87 5 15 25 70 32 78 88 19 35 91 79 47 84 79 71 6 6 41 39 42 64 65 39 28 68 47 47 6 45 12 49 49 62 77 48 83 57 48 6 8 68 7 43 23 6 55 3 11 76 21 38 9 24 83 48 12 25 1 24 26 84 42 1 28 61 35 3 11 88 24 6 43 79 48 17 14 63 77 63 75 27 89 61 53 46 46 98 27 18 95 40 76 40 70 59 24 53 3 52 53 86 3 48 2 32 84 44 54 67 1 57 20 2 35 54 60 80 94 49 29 50 27 1 5 90
4 31 83 9 47 37 96 1 50 92 64 57 22 88 38 39 85 76 85 66 70 22 1 89 23 45 85 50 19 62 36 5 84 6 56 86 57 19 46 57 81 1 41 59 31 81 45 90 66 22 50 73 55 86 49 84 36 93 29 66 94 8 6 38 67 12 9 54 44 14 2 41 49 89 64 84 88 17 87 24 58 93 47 47 38 97 7 61 25 43 53 43 11 12 15 5 65 20 83 54 56 12 28 96 50 22 75 62 6 83 95 15 3 40 33 94 27 100 89 40 22 67 17 90 77 85 20 78 57 22 25 84 55 50 27 51 22 2 38 75 77 29 94 16 96 45 33 71 95 76 71 10 26 40 13 77 74 96 74 53 9 32 50 82 79 15 68 74 38 69 48 1 91 9 52 69 0 26 32 98 43 40 16 18 35 17 61 67 77 21 18 8 6 12 21 19 9 9 45 18 9 71 8 81 16 28 29 24 96 30 83 20 91 31 22 14 44 75 57 11 20 48 35 89 23 89 38 82 90 33 10 73 99 40 36 91 55 100 49 64 76 78 2 86 79 67 63 98 1 92 78 83 78 5 11 26 86 67 5 90 64 15 53 6 50 85 22 1 35 79 13 86 96 80 82 25 54 76 5 25 44 79 37 12 86 63 42 75 67 36 38 7 89 4 21 70 100 53 81 31 54 32 5 17 57 70 38 0 80 1 92 39 65 95 84 7 11 27 35 62 51 64 100 60 73 9 45 88 64 79 4 79 7 33 50 57 89 57 19 19 31 97 61 68 5 85 77 82 61 95 38 83 38 89 58 16 91 8 45 30 97 85 79 75 26 4 98 1 63 89 40 73 6 85 74 18 17 38 74 11 91 62 96 28 44 71 24 45 42 42 32 28 68 76 29 55 86 28 90 55
41 55 86 97 65 78 52 1 59 10 40 21 50 92 80 82 100 22 57 97 85 24 56 80 45 80 64 16 80 41 95 36 57 9 46 42 51 78 5 8 30 91 67 14 53 35 54 100 17 26 83 24 45 31 61 34 53 33 8 73 0 95 69 88 43 71 35 17 82 91 87 54 45 9 6 20 94 74 34 91 17 28 21 3 20 28 46 34 53 32 14 64 30 16 99 100 87 54 85 33 13 3 70 79 59 44 9 29 92 75 46 56 6 68 46 76 50 29 32 4 46 59 61 8 82 20 36 75 20 47 53 100 50 100 10 45 73 38 13 23 57 27 96 9 70 51 51 0 45 29 97 93 64 71 51 65 41 58 90 63 72 97 11 35 57 9 19 21 35 2 87 19 93 98 16 67 74 85 50 9 20 59 34 84 84 4 12 71 98 97 39 8 38 82 41 14 75 2 69 64 82 65 88 62 97 37 34 45 20 46 90 71 48 45 100 23 91 41 65 49 98 14 61 25 94 45 30 4 84 67 15 94 82 57 74 54 81 61 24 58 1 5 22 94 81 37 76 32 7 81 40 85 55 19 25 9 7 4 47 19 52 20 38 13 56 39 33 56 6 72 10 20 49 60 23 74 6 7 35 33 25 7 27 35 83 55 96 28 53 91 74 47 62 9 58 87 82 0 2 73 14 96 51 93 2 0 26 87 47 20 80 76 86 21 90 32 1 81 29 24 24 37 57 77 67 62 2 26 14 95 0 5 18 84 95 40 1 33 5 92 68 88 72 11 34 100 67 24 2 60 39 68 35 63 19 45 0 31 6 58 53 16 93 42 41 35 86 97 65 82 51 43 20 92 67 41 31 29 28 1 18 64 42 35 54 15 57 87 91 85 18 37 60 87 80 10 84 68 59 88
11 28 65 41 85 32 42 83 87 78 27 32 59 74 61 61 12 58 25 17 38 21 2 29 8 14 11 67 97 68 38 96 61 0 23 99 7 61 71 19 30 77 95 72 72 94 93 78 11 61 96 4 56 89 95 39 86 31 60 55 55 75 100 93 19 15 3 68 99 30 19 20 60 31 68 100 22 29 60 96 73 59 55 93 71 34 78 59 99 46 41 13 44 34 3 26 68 29 44 30 72 42 19 56 23 17 64 56 11 70 58 98 99 2 97 63 57 41 31 21 38 40 21 26 79 81 3 59 74 30 50 97 48 32 52 17 83 1 12 33 33 34 96 42 17 92 9 87 35 76 16 4 90 82 58 14 98 70 18 19 98 18 33 20 36 43 3 81 85 42 48 97 97 59 43 45 60 82 51 7 23 97 39 99 7 83 55 81 35 42 28 15 98 100 87 15 27 61 52 42 69 37 27 69 32 70 38 19 10 6 27 29 0 35 100 32 3 75 17 91 32 54 27 4 10 24 20 22 54 7 26 71 44 18 31 8 84 97 81 35 14 41 93 27 10 42 31 37 55 88 79 60 100 20 47 49 21 31 64 94 30 42 52 20 56 88 81 85 59 31 73 63 76 94 34 19 27 44 34 67 32 24 39 21 6 32 95 52 41 74 32 52 91 49 59 89 68 84 73 12 85 83 82 53 38 37 39 38 93 87 54 53 48 33 86 20 46 16 11 79 91 96 73 0 81 15 63 71 85 11 15 37 77 53 92 82 70 57 65 20 22 66 82 52 42 49 34 24 73 38 6 22 40 37 46 57 100 71 1 68 51 52 70 71 54 77 88 51 89 57 22 24 43 50 79 32 6 40 10 67 21 56 20 54 59 64 52 24 2 72 31 38 18 57 49 59 42 3 63 1
78 16 27 11 90 47 86 48 59 11 26 59 28 32 80 46 33 79 44 25 7 71 51 64 10 1 2 59 95 26 77 85 43 53 92 56 52 29 99 72 69 72 50 4 12 50 89 19 56 36 54 58 63 2 33 42 12 80 96 23 0 49 65 41 51 3 12 42 83 13 85 6 24 31 1 58 46 75 27 26 53 8 31 20 85 23 34 79 93 54 72 51 8 20 55 84 63 86 46 54 77 30 71 99 37 98 36 73 59 90 36 41 39 82 7 85 99 81 98 70 11 97 2 60 35 39 59 48 54 30 30 67 58 65 93 12 31 76 79 100 12 98 92 23 2 41 74 42 62 100 100 44 24 50 59 61 59 18 64 44 11 23 31 73 62 14 12 14 93 67 43 62 33 0 5 65 80 5 87 35 84 27 4 1 5 64 71 91 28 83 13 13 85 9 94 35 94 51 91 9 73 35 27 91 37 57 88 31 10 27 20 34 70 17 1 69 43 2 45 42 56 94 67 70 64 34 31 99 49 80 2 24 54 8 13 68 95 32 12 50 85 16 16 8 38 30 77 80 25 65 57 77 56 76 90 75 14 41 90 54 20 8 67 57 50 12 91 43 28 95 39 41 92 0 92 0 73 9 52 49 67 71 75 86 85 97 12 26 94 97 86 3 59 67 3 81 94 45 9 59 45 77 75 26 29 92 87 85 49 69 24 44 80 38 40 78 24 12 69 11 32 49 28 78 90 47 52 83 65 34 36 4 15 61 17 29 57 2 13 81 52 16 51 69 71 68 73 29 55 88 51 41 38 28 95 89 55 4 33 69 97 87 92 16 72 76 63 56 6 46 42 39 28 27 29 23 1 23 80 73 37 84 94 19 92 72 7 3 17 93 16 100 72 88 75 95 94 66 96 80
76 61 25 33 75 23 61 3 36 80 99 39 98 2 87 15 17 69 66 97 18 28 49 41 100 47 20 78 7 63 65 5 62 24 9 15 84 92 13 93 33 74 8 99 54 6 34 91 52 57 65 27 58 45 86 63 43 72 83 22 21 15 92 2 90 60 41 43 86 27 15 67 76 48 74 76 48 33 65 75 90 52 99 43 49 67 30 14 69 52 32 89 18 46 87 29 72 61 44 22 18 37 52 36 28 78 38 28 97 19 8 4 43 63 29 62 22 92 67 47 11 61 73 86 16 57 18 96 96 92 19 93 92 25 61 5 49 2 7 17 45 65 58 94 77 75 1 49 8 86 76 95 47 81 81 85 38 78 94 47 65 42 63 48 4 3 95 14 30 45 16 13 17 5 64 24 26 20 15 58 27 96 94 15 87 37 34 75 30 95 21 2 59 88 25 41 55 88 79 74 80 49 74 5 51 97 30 72 96 47 47 49 78 58 68 89 94 31 88 54 8 61 36 9 83 53 3 10 8 19 7 33 47 66 11 62 94 79 35 79 2 89 76 14 15 67 53 67 79 2 90 21 60 52 5 25 31 44 47 25 73 1 70 51 89 33 26 87 56 18 0 100 71 58 90 62 52 74 28 15 100 44 91 88 39 39 3 29 82 49 46 17 25 27 33 13 30 89 25 66 3 31 28 92 32 93 23 49 44 12 62 51 35 64 83 40 30 65 24 87 36 92 57 23 29 65 12 36 7 0 34 49 69 19 8 42 56 15 10 93 23 66 15 76 57 37 59 71 23 4 60 46 8 84 67 21 88 37 25 18 92 100 17 5 32 1 63 15 20 82 35 89 92 25 56 57 19 97 95 61 15 31 62 61 40 48 70 46 86 11 29 53 26 89 23 63 12 12 77 20
52 31 63 69 83 89 100 82 71 3 82 66 77 72 100 45 66 9 44 79 53 79 32 70 52 2 9 84 20 46 24 5 61 48 28 26 86 51 97 81 41 30 1 22 63 62 27 86 42 87 23 56 63 93 43 62 86 85 40 91 34 37 50 4 59 21 63 35 82 75 75 41 8 83 19 59 99 71 52 30 78 28 42 28 48 89 32 74 66 15 94 83 4 10 12 98 78 28 73 65 80 57 44 31 84 90 7 11 17 49 24 7 10 41 56 87 86 42 37 83 50 50 97 30 24 37 26 21 56 7 100 78 19 31 71 38 92 23 80 68 37 16 14 98 54 71 57 20 56 89 56 32 5 45 89 28 21 24 57 29 87 8 95 80 9 69 78 37 84 87 98 88 62 78 43 1 68 18 60 80 38 76 39 97 0 28 30 16 8 90 39 44 27 0 4 98 59 25 12 79 75 12 96 70 22 73 8 41 89 52 59 78 17 14 13 0 71 4 92 36 1 87 15 49 46 42 69 17 59 15 11 39 22 61 97 2 5 33 73 85 90 69 92 68 67 7 61 20 16 11 37 58 29 35 32 71 52 36 34 22 76 71 51 88 72 16 94 50 25 16 25 96 31 9 53 20 51 100 33 47 43 10 1 51 20 84 88 20 97 10 8 53 67 48 10 49 44 14 24 83 68 62 38 56 31 48 68 93 30 0 45 24 64 88 86 44 100 33 73 33 89 46 22 46 29 98 38 2 15 67 65 98 61 79 22 8 29 91 22 31 27 10 66 87 2 37 36 47 78 63 89 76 36 54 25 58 47 51 27 57 77 59 75 89 36 94 98 74 34 40 32 54 65 55 7 58 73 42 94 49 3 11 53 1 6 40 56 45 31 36 54 54 57 90 10 10 96 46 97 90
1 84 28 73 92 0 10 92 28 2 16 77 31 65 94 66 76 95 43 58 60 70 34 31 73 88 60 90 10 89 13 91 38 50 2 93 77 39 21 99 55 48 95 83 27 89 40 35 6 84 88 64 99 67 17 80 21 9 3 7 22 38 34 85 93 4 14 65 10 29 64 76 21 64 27 19 6 52 84 75 2 51 27 62 81 36 42 22 81 30 75 87 9 55 40 57 95 24 68 15 49 87 50 76 60 63 79 93 64 92 7 23 72 0 63 99 4 23 29 67 76 89 13 14 87 53 13 100 94 100 67 86 25 13 96 75 69 33 79 16 7 14 45 60 50 42 47 90 14 45 91 9 48 21 10 87 98 67 71 68 80 32 46 47 0 75 36 6 31 6 29 58 44 97 2 18 52 94 39 84 62 10 7 29 96 25 12 44 58 88 93 77 0 83 7 79 5 69 43 62 77 0 20 16 85 64 57 10 74 35 96 98 74 90 88 98 15 73 52 44 28 27 64 91 5 77 22 28 80 85 87 9 61 61 1 87 62 89 36 72 28 86 30 23 13 18 59 53 17 45 73 35 33 80 86 72 59 91 38 6 39 100 68 19 42 80 80 6 28 44 32 49 22 24 33 32 43 2 73 24 30 82 30 33 30 15 37 74 50 53 59 5 88 6 19 13 64 59 17 43 60 87 20 87 46 38 6 71 7 59 74 47 90 14 61 0 15 24 5 71 12 70 34 34 59 99 88 81 17 8 25 77 83 61 56 35 60 90 8 31 40 62 21 42 59 31 5 11 64 36 6 71 65 28 84 84 92 82 20 5 100 2 36 81 91 47 66 97 38 64 62 74 55 91 47 95 46 19 38 60 17 16 74 62 96 2 44 1 4 19 73 96 31 11 23 94 42 56 24 12
74 1 21 52 49 25 45 29 51 34 2 18 88 73 35 18 95 51 87 75 29 39 48 48 97 54 12 85 88 79 13 89 85 40 32 25 77 6 97 42 99 36 23 95 48 90 24 93 34 49 78 69 55 40 77 79 16 8 85 42 93 81 33 42 63 35 41 14 1 65 72 8 66 13 5 82 62 10 12 69 53 68 85 61 94 39 79 88 100 20 16 82 29 31 73 95 80 88 61 38 55 88 94 34 51 8 54 68 33 61 28 1 6 54 92 12 88 26 60 96 45 77 82 44 53 72 84 49 92 69 70 24 28 70 25 25 14 14 48 25 26 85 96 8 12 32 36 13 50 6 78 39 0 91 15 88 82 93 32 61 69 79 26 5 55 88 62 32 69 81 48 83 65 51 36 64 23 80 22 31 100 5 36 86 90 20 67 82 31 9 91 54 100 47 19 68 40 80 47 75 61 68 72 69 97 97 96 65 64 10 92 25 53 62 62 73 36 61 46 14 25 79 78 71 33 48 21 84 31 73 54 76 73 99 28 98 29 62 27 31 8 50 78 96 75 78 75 73 74 59 12 7 63 71 20 80 63 38 40 87 6 90 80 37 50 57 10 33 2 90 37 44 52 46 87 74 15 33 1 24 42 71 1 43 64 22 89 92 87 6 44 7 23 76 95 44 1 97 89 51 64 64 51 42 81 97 27 50 62 1 13 82 98 10 63 71 1 5 80 24 99 19 40 32 4 96 23 65 47 78 52 96 26 76 20 50 35 33 84 46 58 73 25 50 92 60 98 11 88 62 4 80 53 75 18 36 95 43 62 12 64 19 96 17 54 47 40 3 19 38 31 21 24 27 27 17 25 67 84 75 99 90 30 75 64 32 17 9 33 75 92 87 83 32 48 81 33 53 22 33
2 93 75 46 49 56 94 82 0 42 31 43 50 9 77 39 81 48 22 91 34 55 17 26 39 71 64 28 99 38 57 81 13 32 63 25 72 99 72 54 1 76 47 80 56 41 7 91 35 59 52 42 63 38 8 61 70 12 82 51 32 23 41 42 83 15 93 19 72 38 66 1 7 59 46 54 55 81 79 92 48 35 8 100 23 82 80 69 91 30 54 58 85 73 3 94 4 47 64 40 63 49 60 59 16 100 88 44 33 32 94 7 57 10 46 56 39 73 45 72 89 48 84 53 36 45 42 17 35 89 60 91 33 57 95 35 23 90 53 35 49 87 88 60 60 87 41 97 81 11 21 2 64 14 41 78 77 28 23 27 82 24 17 58 87 43 23 88 41 83 35 35 17 22 86 93 58 52 23 71 60 29 27 87 12 82 9 57 45 15 46 38 41 77 59 1 98 47 75 59 87 43 28 96 1 93 25 72 39 15 10 43 40 51 52 80 30 27 1 56 77 85 83 7 5 46 79 56 1 37 82 75 77 73 58 45 32 4 45 61 57 37 12 50 23 26 85 81 59 49 51 69 57 82 42 82 32 40 67 13 29 44 54 58 42 93 27 41 16 20 76 5 55 43 86 29 0 78 95 74 93 50 72 10 79 48 85 59 25 87 63 71 100 0 0 55 35 23 38 68 1 95 0 98 20 99 31 43 53 50 81 5 14 78 55 91 7 43 16 85 0 76 39 75 83 22 48 76 92 90 2 91 19 82 78 92 54 55 70 41 57 56 43 0 90 94 38 78 35 18 2 100 39 80 62 6 68 52 51 28 44 47 42 71 56 30 44 49 20 95 52 7 62 27 29 91 49 7 66 94 55 41 46 74 51 90 15 62 50 45 12 50 74 22 54 33 81 40 38 14
42 84 85 41 73 62 3 85 26 3 57 34 63 50 71 38 10 24 26 84 83 12 11 100 90 61 4 21 14 37 63 1 72 80 85 50 10 83 9 86 7 90 33 6 65 55 50 2 3 38 46 76 4 4 35 46 10 1 46 8 55 63 99 95 25 19 40 99 48 31 22 48 16 77 51 2 62 92 10 48 32 25 77 2 3 29 28 2 41 50 68 77 60 20 86 26 3 59 22 75 14 3 97 65 89 64 19 67 14 1 77 73 100 37 67 31 1 74 20 36 20 33 97 9 85 93 61 64 29 84 41 45 45 31 55 4 43 30 39 61 84 55 8 59 62 32 69 69 70 24 31 78 73 77 86 12 89 73 97 44 29 20 6 57 94 3 60 12 58 51 59 91 95 93 67 55 45 56 76 45 50 49 87 1 70 71 98 98 25 39 39 45 75 54 47 67 65 5 97 30 16 66 4 64 1 57 49 8 96 96 15 22 92 37 94 74 45 57 80 61 4 19 38 64 51 20 92 100 40 14 19 19 60 53 85 25 9 6 96 61 97 59 65 95 80 3 83 79 48 100 85 12 11 51 62 66 22 94 36 59 71 54 46 50 86 67 31 5 80 73 35 5 99 0 43 8 64 16 54 62 9 76 24 4 5 25 34 56 89 26 40 7 66 48 14 74 43 21 62 30 79 70 15 64 3 72 21 74 0 16 28 20 0 91 89 14 26 59 63 65 48 79 77 60 17 50 13 56 64 53 54 88 6 52 10 43 100 59 53 93 90 80 16 38 10 60 51 16 17 75 5 64 69 8 58 29 83 78 55 5 20 38 25 51 9 93 33 73 67 22 92 46 2 18 18 64 84 93 49 82 37 64 68 10 45 28 63 4 69 96 37 30 100 56 62 93 51 21 45 17
16 61 82 20 59 30 29 13 45 4 97 35 72 95 82 35 87 16 15 97 41 28 61 94 65 33 13 97 80 41 61 68 72 82 73 31 59 29 60 70 41 10 67 61 51 73 97 22 1 67 25 92 76 57 85 1 57 36 44 10 22 3 31 17 83 59 7 35 8 11 33 50 37 41 81 53 52 0 59 55 67 14 77 45 87 23 41 23 76 39 42 3 48 83 16 96 61 14 19 63 46 74 59 88 45 13 81 1 71 73 30 93 91 12 27 59 56 44 31 54 34 15 3 85 72 3 50 36 13 13 37 14 89 56 72 47 91 68 23 82 9 56 77 35 46 64 78 41 62 1 52 72 88 74 86 34 85 95 11 49 39 79 70 21 46 92 100 69 13 97 60 71 28 87 93 54 60 74 40 48 58 45 88 88 25 62 91 43 7 31 19 73 36 66 76 77 4 35 0 83 39 19 66 3 25 8 97 40 37 91 100 46 78 39 79 32 34 73 51 90 7 79 27 35 83 20 15 13 34 80 65 60 13 10 67 81 63 9 12 88 20 85 29 95 15 11 96 51 65 46 30 58 6 81 30 64 89 100 9 53 40 23 74 35 77 48 62 36 77 48 99 1 55 48 44 4 57 8 11 83 17 13 85 42 65 30 78 11 72 85 87 41 14 59 65 54 10 12 86 98 84 60 55 88 54 71 1 26 31 93 58 77 83 42 46 81 73 73 69 95 16 8 25 37 17 66 4 91 21 58 97 48 49 41 37 52 25 87 30 83 25 26 10 11 27 6 100 60 67 5 52 33 70 24 63 38 27 91 95 8 33 8 14 77 45 28 86 56 41 67 14 17 97 16 48 55 7 40 76 92 58 71 70 36 95 66 37 96 92 65 50 18 93 64 63 17 75 13 39 38
22 25 95 24 5 88 95 26 57 53 29 72 49 27 46 3 92 20 78 46 80 12 58 39 92 48 55 27 27 83 9 45 35 41 52 65 40 53 97 6 99 16 31 52 10 84 13 38 34 19 5 36 15 30 72 13 28 33 47 11 83 39 56 54 13 30 83 5 30 72 36 41 92 12 65 7 65 38 66 82 18 44 18 19 62 85 77 64 19 43 5 15 32 25 91 69 92 18 53 19 39 2 87 54 61 59 57 37 29 7 85 21 10 66 52 76 76 38 79 94 53 17 68 76 39 8 49 11 39 87 71 22 83 61 77 73 45 4 17 54 25 78 19 9 7 91 67 0 90 65 30 97 50 67 58 23 74 17 69 41 34 48 6 30 10 52 15 9 15 57 29 17 90 2 10 71 91 69 7 19 62 97 54 22 91 87 12 0 44 67 10 4 32 45 63 3 90 32 34 97 30 55 0 76 21 10 22 39 83 95 60 15 50 71 15 67 2 61 82 88 86 36 3 59 20 58 10 30 40 75 11 77 61 90 1 42 61 68 82 83 19 45 10 94 39 3 13 79 26 6 38 51 93 13 61 100 72 11 49 95 9 10 1 43 69 40 1 79 74 39 46 55 8 52 34 99 100 84 95 37 94 64 79 66 85 73 10 85 15 8 13 95 20 32 27 99 63 6 90 67 99 25 88 62 10 17 46 60 28 13 74 47 5 34 79 0 5 61 95 8 75 3 85 83 92 10 47 80 99 44 49 39 98 35 37 15 53 65 77 94 80 20 99 91 52 84 77 17 93 88 97 92 80 13 62 62 97 98 25 69 61 75 4 66 89 5 18 62 66 65 14 12 84 53 54 3 92 62 54 44 8 44 58 12 34 66 26 41 45 28 87 43 78 57 58 26 83 47 42 85
72 57 45 63 30 67 72 52 88 43 48 2 33 50 66 99 19 10 91 83 48 58 23 38 29 41 41 75 54 34 100 48 12 37 39 38 37 69 80 7 76 16 88 7 52 22 26 72 46 79 31 19 69 79 95 50 18 79 85 57 46 33 61 52 61 50 22 94 54 15 24 100 11 42 94 61 99 19 32 12 90 37 43 87 96 75 5 59 43 14 11 10 5 4 93 67 73 27 68 99 75 22 78 24 62 1 47 25 30 33 30 6 93 66 50 84 50 36 45 33 82 26 23 59 28 85 10 73 22 0 98 22 34 67 97 5 100 26 89 58 75 95 80 9 71 20 19 10 92 29 57 36 81 96 22 48 22 52 92 70 56 86 33 60 1 67 20 12 4 31 24 50 79 96 7 13 32 91 82 0 85 57 75 11 54 60 35 2 17 2 49 21 50 71 52 69 30 66 63 68 94 29 54 67 2 41 65 42 21 47 62 64 45 83 69 60 96 87 58 24 18 53 21 73 35 23 60 57 16 64 39 75 67 47 45 5 26 92 1 49 25 85 72 21 73 27 68 69 51 90 60 19 3 61 89 21 8 65 46 100 74 17 79 43 91 61 23 90 41 80 15 80 48 15 84 2 76 20 2 21 72 17 44 18 63 9 24 29 87 37 42 14 92 24 23 47 36 39 67 78 47 21 92 4 26 66 15 20 74 97 16 82 99 84 0 80 5 33 82 45 56 8 64 1 30 36 16 44 17 87 71 98 11 66 68 2 95 97 23 32 91 7 18 50 33 38 14 57 70 36 1 52 76 18 19 19 90 63 4 87 20 4 90 64 82 13 56 57 2 23 67 32 99 82 97 0 14 65 70 58 79 25 13 84 98 3 55 15 86 41 11 42 43 9 72 3 58 88 93 72
16 41 86 61 9 55 58 50 64 69 0 26 92 16 29 29 38 29 98 49 0 26 80 32 36 15 78 12 4 28 74 91 81 52 84 79 20 95 74 30 12 95 2 31 89 25 76 40 77 24 95 41 41 15 62 28 6 13 27 42 36 39 68 24 80 50 5 13 29 50 7 27 25 61 72 29 54 43 90 91 77 98 16 80 30 52 9 100 64 5 3 38 96 6 68 12 94 71 20 63 54 52 13 11 43 5 57 75 44 20 0 54 72 81 9 41 69 72 97 80 32 56 78 66 98 68 77 6 23 6 47 93 78 85 71 80 10 91 95 95 7 80 46 8 94 60 5 21 9 34 79 48 86 87 44 61 37 17 94 10 40 87 95 10 29 73 88 20 9 50 31 100 68 60 25 85 0 4 34 4 2 78 61 11 32 73 29 17 44 30 86 30 89 8 23 66 36 3 55 83 79 3 90 2 10 33 40 13 63 59 64 72 38 69 67 4 69 35 21 11 94 51 5 60 39 13 67 2 45 29 2 17 7 90 89 50 71 1 39 66 34 63 30 86 21 77 25 92 41 47 52 99 0 59 38 35 76 52 22 17 1 1 46 67 12 90 87 74 88 29 14 35 56 90 60 79 35 94 87 32 69 89 26 70 40 77 73 58 56 32 55 35 49 11 20 45 80 39 68 37 7 16 32 57 42 50 85 8 88 21 82 20 81 29 1 81 73 90 30 96 41 46 46 15 76 77 100 9 64 94 91 5 56 47 8 88 53 95 34 79 30 77 44 25 3 22 76 63 13 72 25 92 46 70 87 86 29 87 71 0 10 49 56 63 10 83 97 21 91 11 74 75 41 62 29 89 47 40 64 38 19 55 61 83 92 39 42 4 35 30 87 64 91 45 58 25 60 44 78 47
51 67 86 59 46 13 89 83 55 71 5 91 11 97 64 57 11 53 88 19 71 11 35 78 63 91 27 12 73 32 53 38 28 77 64 91 91 43 82 39 36 47 17 88 34 41 51 46 19 25 22 35 65 47 73 21 82 10 72 43 14 41 50 64 99 100 71 88 80 91 64 27 38 2 58 73 83 49 91 97 15 5 1 91 86 70 80 53 53 36 96 71 60 96 14 32 12 44 31 100 22 72 98 62 9 2 96 79 99 31 74 97 71 23 61 24 58 53 28 77 27 59 55 42 65 11 3 78 69 68 62 42 8 17 32 89 40 40 74 67 50 86 22 87 46 31 18 51 41 82 48 38 7 0 91 24 72 60 22 15 57 81 48 29 32 89 32 57 77 36 63 87 13 83 93 37 26 93 36 12 25 34 74 18 91 69 89 17 53 15 65 16 32 49 37 55 16 57 75 62 73 72 20 71 6 19 97 13 83 12 18 56 10 64 100 6 25 36 93 77 0 21 39 75 61 47 60 99 83 65 48 21 78 45 95 31 8 83 76 58 57 93 8 79 2 100 17 1 74 90 45 90 64 54 68 64 17 59 78 26 34 17 64 68 44 3 92 55 62 13 9 93 49 33 70 25 35 96 1 61 22 72 39 29 63 97 71 26 67 89 73 77 47 23 70 60 76 6 49 10 95 12 58 80 95 84 94 7 90 57 3 24 7 97 58 36 76 5 13 48 97 96 85 54 93 86 65 28 98 84 55 25 65 80 21 32 89 0 60 62 89 88 25 12 80 82 85 50 65 58 21 42 62 61 55 89 59 86 32 30 91 2 71 47 61 2 21 73 8 23 46 56 2 88 40 2 71 14 84 55 82 58 64 31 81 87 36 69 19 91 2 98 36 38 84 37 86 12 79 79
31 37 60 18 83 38 36 33 86 18 94 11 14 12 81 40 54 37 63 84 67 22 16 31 31 80 65 94 39 90 77 45 80 28 44 16 96 43 70 33 51 4 10 39 83 70 74 71 81 60 89 0 90 93 47 95 79 55 82 93 17 23 48 61 79 36 3 86 66 77 86 18 37 38 58 0 90 59 44 18 73 38 29 31 44 62 60 8 99 12 38 54 2 10 16 47 81 62 38 43 58 69 95 49 40 78 45 82 34 90 4 78 14 75 74 2 72 94 50 13 69 86 70 59 27 64 70 79 16 13 40 2 52 65 29 45 73 51 34 42 9 84 45 74 95 54 50 58 93 68 98 11 0 44 89 85 37 15 15 89 29 54 64 32 40 31 11 79 91 16 73 6 78 28 84 81 39 20 73 36 35 77 27 35 80 51 38 83 73 99 98 26 39 42 81 95 10 17 31 85 62 9 17 85 23 15 44 66 53 70 52 59 18 94 78 12 9 14 92 14 76 99 0 94 71 32 30 30 79 80 26 72 35 51 65 67 14 26 83 66 39 72 51 36 63 48 29 42 58 32 26 8 36 65 58 11 20 19 91 45 18 81 13 64 11 78 57 90 14 26 100 92 46 80 13 31 97 74 69 70 7 10 12 62 73 16 43 45 17 61 87 81 18 71 67 62 66 86 8 8 83 15 61 57 83 21 59 33 15 58 76 50 51 1 19 19 82 8 45 21 70 43 34 80 99 67 55 60 79 49 87 11 5 76 38 15 9 74 99 76 89 83 60 45 33 79 1 21 42 34 92 14 23 72 12 1 63 86 79 38 99 57 75 66 79 20 76 58 16 36 63 100 100 10 3 10 6 97 25 4 42 64 93 12 89 95 77 83 11 12 89 87 41 18 71 31 65 94 58 43
28 51 96 66 27 61 31 70 14 10 87 58 3 6 62 48 74 38 52 91 12 94 76 25 42 33 100 1 95 24 57 29 28 38 56 42 74 56 83 94 94 47 39 18 94 52 73 23 93 15 23 6 6 100 90 91 38 55 87 1 67 14 55 95 0 23 99 74 74 36 64 50 9 99 33 63 89 62 17 13 84 81 5 56 38 41 88 21 6 46 0 63 55 92 14 80 0 15 90 26 8 73 61 80 23 31 31 68 92 36 93 23 26 74 54 16 8 67 30 49 50 82 28 87 25 19 33 14 59 29 96 45 79 65 82 99 86 1 32 75 33 83 44 27 79 0 35 73 91 26 99 79 19 70 9 2 77 71 78 1 55 60 18 44 100 73 45 84 90 38 26 13 79 14 12 47 68 87 86 48 67 100 33 17 19 8 36 41 51 62 8 12 4 3 15 75 50 31 49 32 49 38 23 61 66 23 19 81 77 96 6 24 78 87 7 73 58 64 56 77 26 94 4 32 10 22 31 66 18 48 40 89 53 71 79 93 52 11 46 97 29 8 72 77 93 88 34 38 83 10 54 25 22 56 0 36 15 32 11 38 80 46 17 38 32 62 5 36 69 22 83 58 56 28 96 54 54 3 32 31 20 39 70 16 0 18 63 85 64 87 34 72 78 57 3 27 40 87 66 28 33 46 58 85 38 60 97 28 76 70 13 90 27 23 85 38 12 60 1 21 9 16 72 22 93 67 29 23 100 3 52 56 81 81 83 100 76 64 23 2 30 22 66 79 33 57 62 27 62 26 6 6 24 4 2 7 43 76 46 82 100 83 23 6 31 40 95 47 93 60 53 44 33 53 66 85 98 65 77 72 62 14 39 28 100 93 11 86 15 80 4 16 67 95 19 65 63 73 29 93
16 19 99 0 83 11 20 22 72 90 11 77 12 80 29 81 89 61 19 28 24 31 7 86 22 43 43 58 21 70 1 43 99 44 3 16 22 79 28 15 8 75 40 71 22 99 87 68 56 33 90 89 69 97 46 98 67 17 8 0 82 86 87 53 21 31 68 81 69 70 19 41 0 49 27 24 37 50 99 2 85 27 41 99 34 61 97 98 100 78 12 53 34 46 13 91 37 5 18 18 65 96 9 40 4 25 49 18 80 16 43 37 27 7 11 80 6 26 96 95 3 10 70 84 22 42 38 8 81 83 28 95 27 18 5 57 72 70 23 62 4 64 99 49 58 60 10 68 11 58 19 9 82 75 3 31 47 8 86 8 88 16 53 9 83 62 76 14 15 46 45 7 36 7 19 23 73 71 37 56 38 15 85 42 8 39 89 34 66 58 82 74 57 63 17 94 96 51 89 96 3 13 53 53 47 28 50 9 24 33 87 43 24 88 21 85 37 11 8 73 58 26 82 41 74 65 10 73 26 9 72 19 57 36 68 81 3 44 55 40 78 13 28 26 32 93 75 92 13 28 15 62 18 52 38 69 50 26 8 94 24 80 93 32 88 15 91 95 37 11 29 65 15 14 61 4 45 82 81 55 76 79 72 58 73 32 66 71 92 24 95 16 19 35 34 47 5 93 61 25 27 82 39 25 46 44 5 1 95 54 17 71 56 55 29 45 22 23 97 80 29 31 93 1 72 87 48 67 67 59 54 58 93 59 55 53 72 40 32 0 4 38 9 92 21 42 38 10 82 2 95 77 55 10 94 9 6 1 72 58 19 31 83 5 4 94 63 41 27 17 53 81 42 96 36 14 7 42 76 36 22 94 82 97 99 87 49 94 62 68 42 52 1 73 64 10 10 74 67 23
65 57 29 40 46 42 21 17 92 44 74 87 6 30 62 76 76 29 29 4 35 39 27 82 96 78 42 31 18 19 63 75 89 80 92 68 57 58 27 88 13 5 29 99 45 98 77 46 76 79 16 27 72 51 22 92 22 3 34 64 100 15 68 19 75 41 2 62 100 36 11 2 27 64 98 84 39 42 20 77 2 20 28 20 92 16 97 98 39 63 50 0 56 22 15 7 52 30 1 21 72 40 81 0 15 5 25 29 43 55 43 62 81 71 35 81 20 2 26 93 58 88 39 95 1 6 36 21 87 37 100 16 90 47 10 49 27 18 70 66 94 31 83 63 42 15 41 92 83 42 97 41 80 0 36 49 32 13 58 69 46 36 6 56 34 62 40 33 37 46 22 29 83 56 17 64 44 84 73 8 85 46 76 80 87 57 87 22 28 7 21 20 7 17 33 83 56 21 4 29 34 44 19 96 88 27 31 16 33 68 9 49 91 71 57 27 32 77 90 38 66 29 64 19 13 16 80 43 31 64 69 48 22 15 91 93 88 77 83 40 13 97 87 75 46 40 40 92 7 4 4 66 93 43 0 66 71 94 12 13 91 54 31 55 88 7 9 12 10 63 40 9 58 59 31 93 17 95 13 51 14 15 93 86 55 89 83 15 49 37 4 30 20 94 96 23 2 96 15 22 69 55 32 37 20 50 35 33 15 26 86 70 42 80 99 78 70 75 30 9 82 34 46 56 7 1 72 4 47 83 0 73 5 81 22 53 56 100 94 59 56 58 33 44 62 14 66 99 66 45 44 100 87 73 35 94 51 89 74 60 81 38 91 0 51 91 48 36 56 32 73 14 86 58 76 88 5 27 27 70 53 89 33 4 28 64 37 54 27 27 61 4 9 8 63 18 89 24 59 53
93 21 97 43 16 30 19 85 51 65 27 83 47 46 80 55 67 50 19 41 22 92 6 75 39 92 50 57 17 58 19 81 25 49 69 75 90 58 72 41 53 15 45 69 10 13 8 72 40 39 25 40 48 8 3 26 65 71 68 55 24 34 11 59 60 20 30 88 95 6 47 20 15 94 15 29 97 16 78 87 69 89 100 10 77 19 34 71 18 24 40 0 59 48 91 21 20 36 51 56 19 37 97 69 32 1 8 18 44 94 12 36 79 37 18 34 72 3 55 68 25 69 83 76 56 66 97 84 64 98 8 18 12 72 70 11 49 51 51 88 69 89 81 63 40 94 84 96 23 35 77 56 53 7 42 99 80 26 75 32 50 44 63 14 84 21 84 99 21 12 17 99 89 27 79 32 32 24 85 99 71 44 27 61 35 31 25 2 74 66 69 3 39 85 46 55 66 24 5 73 70 7 78 2 34 91 98 67 48 57 78 42 65 30 72 98 82 48 38 68 48 86 69 94 75 84 53 56 42 60 54 15 59 83 89 62 78 36 3 24 78 17 24 16 28 37 15 74 43 86 9 71 6 64 81 98 39 31 23 65 75 69 48 83 19 46 50 82 36 67 25 66 25 3 43 65 12 69 75 8 14 41 60 16 63 57 75 74 99 78 70 5 58 42 56 89 4 65 91 42 79 92 58 39 33 56 12 97 0 68 14 15 82 45 84 31 77 82 50 58 68 4 15 70 69 18 15 90 98 27 61 7 64 56 74 85 12 2 51 19 27 84 14 17 75 15 59 20 10 66 19 87 15 64 65 89 74 41 89 53 54 51 80 61 10 91 47 46 76 59 98 31 0 70 53 17 3 77 23 88 3 77 92 88 0 95 12 44 9 96 44 11 30 54 79 36 57 97 66 45
81 44 1 78 42 54 45 79 74 73 26 46 39 41 41 26 85 52 97 0 73 13 69 59 2 81 0 65 85 28 88 53 70 65 8 0 36 43 49 51 38 75 77 28 75 9 90 41 59 2 29 36 45 53 62 68 98 8 21 90 36 28 62 41 24 8 54 11 82 4 81 33 9 31 61 93 53 80 54 67 8 59 18 98 100 41 51 78 19 48 34 23 65 94 79 38 21 17 31 84 63 65 1 48 48 69 13 5 96 68 79 83 79 58 56 92 4 19 52 6 54 94 35 36 99 17 90 89 81 55 1 26 21 6 56 86 8 56 52 77 13 66 98 90 77 2 42 49 12 98 71 98 16 64 93 22 62 63 35 20 86 63 1 30 77 97 9 87 4 77 54 23 89 55 51 88 42 86 63 4 43 9 80 92 55 1 90 49 51 32 66 73 35 75 63 83 79 40 64 51 12 71 13 52 39 91 56 38 47 31 66 51 47 32 48 52 67 71 28 98 86 46 40 84 37 38 88 64 44 53 55 65 28 74 27 74 96 42 64 53 69 56 93 28 58 80 24 71 6 27 94 46 11 86 65 97 81 77 80 29 30 40 92 80 40 4 98 5 31 61 17 13 67 78 72 98 28 63 27 4 71 63 28 8 56 98 95 68 45 84 67 34 57 64 36 27 77 49 9 87 98 18 33 47 30 14 59 49 45 99 6 96 17 22 26 0 44 29 29 14 96 61 94 14 13 9 42 87 85 60 33 61 68 92 22 20 94 80 75 49 2 67 77 73 41 15 23 83 13 51 12 38 78 41 16 17 45 44 97 42 52 53 71 82 69 98 45 97 30 25 35 85 56 4 88 46 60 85 98 98 28 82 88 63 88 9 42 33 66 4 49 97 31 64 85 90 17 70 58 26
6 55 64 1 88 50 30 65 0 35 87 64 61 90 28 23 58 68 87 64 80 65 58 29 53 32 72 35 21 75 75 62 7 78 59 31 92 13 16 53 66 21 30 11 100 36 81 53 47 20 78 86 12 23 55 28 60 64 22 71 85 2 40 83 84 89 68 19 49 43 56 17 9 37 9 47 45 6 14 13 10 36 20 17 11 31 13 86 11 62 11 90 62 91 33 5 19 9 67 40 21 55 4 64 69 22 36 15 95 88 26 10 3 9 13 100 61 28 25 67 91 60 57 44 66 14 89 35 92 67 24 95 39 8 36 18 22 65 95 4 83 40 30 37 65 55 100 26 55 36 52 41 69 30 60 93 36 90 3 47 3 57 19 39 32 12 84 59 64 76 83 68 86 68 98 60 92 68 78 41 47 7 8 41 98 30 81 67 74 85 91 52 65 83 32 39 21 76 42 21 34 64 10 70 87 79 53 30 78 45 37 9 54 64 36 23 97 0 63 23 63 96 76 61 76 51 90 11 59 83 37 87 46 57 97 49 41 1 95 44 79 83 27 70 79 72 29 59 32 54 46 48 61 52 68 63 73 72 97 21 86 22 73 37 50 2 90 97 42 98 68 100 31 94 45 44 28 80 98 96 98 71 57 89 24 30 89 61 94 5 57 55 96 23 30 59 74 96 99 60 55 26 71 59 91 98 76 61 77 87 13 27 39 14 89 60 9 80 98 51 15 5 82 58 83 17 12 57 100 27 86 55 84 74 47 31 27 11 10 81 85 42 50 2 63 5 82 26 26 49 15 0 41 5 78 93 62 37 11 30 64 16 89 17 77 30 78 68 90 21 24 32 38 50 33 71 63 9 21 37 78 71 16 17 94 10 64 99 51 44 49 78 80 72 44 27 5 73 31 84
69 21 79 40 75 18 57 18 27 89 94 45 6 26 71 62 48 27 6 88 39 91 30 91 11 78 71 77 82 81 66 10 72 84 22 33 15 54 21 50 88 24 79 87 39 75 22 100 57 42 76 74 100 38 21 22 96 100 97 17 52 35 65 48 22 12 72 64 33 22 70 44 86 67 73 78 29 79 88 41 95 52 77 90 79 79 2 33 48 16 74 61 31 10 28 84 50 62 46 81 23 72 47 69 0 74 3 71 47 65 77 0 34 20 72 8 50 88 81 95 3 88 29 35 43 61 6 53 8 10 90 2 12 21 65 22 43 31 75 28 69 93 50 18 85 1 66 38 92 9 75 45 87 87 4 3 34 64 79 28 61 60 48 73 14 24 80 81 32 4 87 65 20 45 20 14 41 55 10 97 66 19 81 76 95 77 0 59 46 73 81 6 25 60 74 4 46 41 56 13 69 54 11 14 27 3 75 9 70 70 8 53 33 12 51 100 52 94 17 72 22 17 88 56 92 1 27 62 86 73 31 51 67 65 61 59 25 82 85 85 73 73 76 45 62 88 65 89 1 2 48 27 90 43 55 44 39 51 95 88 12 27 12 17 4 60 69 8 49 20 98 100 82 83 56 28 89 55 28 98 10 99 27 54 82 100 100 65 36 26 38 40 97 84 72 84 26 26 29 14 93 52 9 15 41 68 17 77 34 92 98 100 65 62 44 86 96 72 51 66 96 92 30 17 85 96 79 23 95 83 14 32 84 19 40 32 39 17 40 49 25 65 71 55 40 17 29 72 26 29 18 3 3 31 60 85 46 99 68 38 13 36 58 0 32 0 56 88 15 35 58 11 19 88 59 28 55 5 37 54 28 40 52 47 14 27 52 28 0 31 92 98 58 76 33 34 4 6 76 45
4 97 60 33 97 62 73 1 30 97 85 46 27 5 14 29 61 8 19 5 33 7 66 80 67 57 15 86 72 15 48 65 37 9 4 81 66 17 76 37 45 14 25 57 84 99 93 56 83 5 73 20 29 81 2 100 73 100 33 27 60 92 38 36 85 76 50 10 55 48 26 18 36 91 84 99 21 30 57 59 29 97 100 18 39 58 92 15 83 56 71 79 93 35 47 34 27 98 74 57 16 57 27 24 39 15 49 69 56 14 8 20 76 30 30 31 24 79 73 1 53 40 46 36 97 64 41 56 12 49 61 85 61 13 75 87 21 17 54 61 56 96 48 74 1 26 71 53 63 94 42 5 52 83 34 17 45 82 11 17 69 33 94 92 83 4 29 14 97 89 34 54 37 47 67 24 54 18 36 55 27 96 31 7 16 28 84 21 48 6 85 39 57 81 41 17 11 95 95 69 35 49 53 66 38 23 39 80 1 18 64 69 62 67 61 66 69 11 23 28 44 54 59 40 50 97 27 19 73 52 39 98 20 31 67 73 98 19 46 56 38 10 10 92 34 23 14 89 21 25 24 80 19 100 7 61 73 99 72 94 25 76 16 24 96 5 83 26 10 24 49 16 52 6 33 78 90 95 42 73 63 68 64 96 90 58 30 52 48 3 60 20 96 23 15 15 62 51 15 40 1 22 21 24 79 40 32 63 60 94 4 86 27 80 72 91 13 20 92 29 52 36 26 48 98 58 79 44 94 87 41 34 82 23 26 74 23 61 59 87 44 63 55 70 45 36 85 65 60 75 59 95 79 12 16 91 29 23 34 25 59 16 40 31 90 16 39 30 12 95 36 7 36 71 88 16 71 66 40 24 34 28 66 12 22 37 95 33 30 38 78 19 53 9 100 97 10 11 67 89
83 59 77 5 6 97 96 43 45 75 82 61 11 12 10 30 85 35 77 52 21 15 88 73 56 46 99 87 85 81 38 77 7 76 55 66 6 69 0 85 33 88 14 91 85 88 84 16 16 57 68 36 57 85 48 37 87 80 44 98 85 51 93 80 96 68 68 48 33 81 56 98 81 75 73 37 54 32 3 84 25 7 66 23 93 87 57 83 23 14 42 83 5 22 52 33 28 84 10 40 52 72 75 81 60 62 66 98 15 59 64 45 43 57 42 54 40 52 32 3 0 15 47 25 5 73 61 21 53 53 37 66 62 70 83 27 76 31 76 51 69 34 89 0 30 81 74 9 87 73 20 98 71 10 29 63 87 51 35 82 51 23 26 63 12 85 82 88 67 20 77 99 19 69 21 99 54 5 36 12 21 14 37 84 90 5 66 72 70 42 100 28 63 98 0 75 99 81 10 19 52 2 95 46 23 90 38 81 17 7 5 26 15 44 54 27 44 8 32 40 0 24 36 27 3 0 64 47 30 7 79 24 54 6 69 33 90 10 46 38 18 92 6 3 97 1 36 66 78 24 53 13 61 100 98 18 60 52 26 100 99 8 59 86 20 15 31 52 19 14 61 75 24 51 72 91 95 24 2 33 36 13 35 65 94 10 6 82 9 28 75 71 34 10 14 74 43 10 81 12 37 42 28 39 1 21 80 57 66 17 91 16 71 70 29 32 97 58 19 45 62 72 64 14 90 24 28 58 76 71 21 52 7 74 73 83 81 47 87 19 95 32 100 47 31 14 20 1 70 12 0 19 8 18 81 78 70 84 98 78 55 84 22 39 48 60 53 78 63 94 42 74 5 59 31 59 69 59 64 37 67 11 82 52 23 77 30 15 50 24 61 35 10 74 63 59 48 71 35 53
24 75 94 66 82 83 2 30 4 18 11 50 79 71 84 83 72 10 71 31 51 65 100 98 6 84 69 23 62 41 9 54 0 50 72 18 75 44 68 28 90 12 61 81 42 72 31 84 92 52 2 47 67 53 27 40 56 48 12 33 25 65 42 13 48 17 44 41 81 8 53 45 43 90 18 52 20 98 26 15 14 99 73 32 12 43 63 20 15 82 93 67 92 27 61 23 63 91 88 42 13 14 59 25 76 91 82 8 38 92 82 11 21 89 83 79 38 56 8 31 98 86 18 18 47 87 43 88 55 80 61 68 52 79 99 11 57 76 96 9 40 3 39 45 18 20 83 19 90 89 2 44 83 13 22 3 11 38 56 86 86 9 80 83 54 46 21 73 66 9 61 27 89 25 78 47 20 90 85 75 27 31 94 70 73 86 86 1 93 83 53 28 13 31 24 95 0 17 5 4 33 26 0 15 53 70 68 55 2 37 6 11 2 58 36 46 48 100 84 99 44 70 30 9 32 96 73 97 80 36 23 61 63 89 68 25 96 49 96 36 24 87 89 5 45 72 67 71 76 7 38 27 97 77 73 68 16 9 48 25 91 9 3 72 48 100 61 20 87 49 61 39 99 35 29 74 33 83 65 80 83 85 15 10 66 29 15 81 63 18 2 50 46 80 80 57 40 37 26 78 65 18 65 97 2 43 24 13 22 12 45 6 58 35 74 3 20 95 34 73 38 79 8 3 80 28 40 70 16 9 98 79 19 47 45 35 23 77 47 36 87 57 100 39 28 55 76 86 98 60 77 46 48 24 63 76 89 25 96 70 43 59 71 9 90 46 46 85 46 53 21 23 23 67 75 54 94 24 28 81 64 47 60 12 53 72 3 0 35 29 45 74 96 16 69 50 23 58 18 96
13 93 89 71 42 89 44 61 30 40 5 87 28 34 59 51 43 15 66 54 45 65 69 77 43 16 87 9 98 31 27 41 13 10 37 0 100 95 41 75 63 53 38 9 9 73 29 82 50 64 58 72 93 63 29 61 58 25 92 8 12 58 54 74 78 36 40 77 45 96 44 63 10 38 21 46 0 42 91 100 64 23 37 35 76 94 83 76 38 30 57 37 11 80 80 79 1 97 15 71 70 16 76 85 38 92 45 78 3 28 83 87 47 42 50 79 18 55 17 68 6 54 73 99 62 41 12 1 71 1 78 78 100 100 17 98 42 53 91 13 44 31 83 77 81 7 99 17 53 0 66 0 83 6 22 19 95 95 32 95 11 97 48 69 91 83 99 90 91 81 78 88 2 57 43 17 42 82 47 48 42 69 44 37 18 56 60 33 90 30 66 55 59 81 93 12 71 7 35 81 77 9 40 58 29 21 44 78 39 4 91 75 96 17 81 6 26 74 57 64 18 35 59 8 4 23 77 65 81 37 94 30 11 35 3 0 32 96 48 63 56 71 96 60 35 51 44 71 55 16 95 47 89 72 31 59 85 97 70 85 57 37 72 24 37 97 18 14 50 47 10 54 55 55 9 28 99 63 78 41 66 36 60 40 14 11 25 46 99 74 69 95 54 24 0 54 20 96 64 12 54 38 65 70 43 79 29 61 98 92 65 86 58 28 38 28 29 42 67 98 15 39 23 88 44 21 77 50 64 15 0 84 68 42 1 41 72 28 53 54 84 28 68 9 78 91 26 46 34 32 20 100 94 28 56 9 80 11 45 28 3 47 9 1 46 85 81 46 94 60 79 38 80 17 60 45 85 19 73 81 6 98 19 39 42 60 87 32 95 55 35 24 96 67 82 86 96 37 86 12
19 99 17 93 36 98 52 79 20 68 95 43 14 48 52 63 96 81 16 34 98 31 19 74 19 65 51 30 79 62 12 84 16 9 59 85 53 57 25 30 2 3 34 55 64 37 18 47 91 14 71 43 66 37 60 30 59 61 10 74 88 52 65 78 55 97 12 14 12 18 24 57 68 11 62 69 44 87 52 84 54 54 7 1 56 100 89 73 61 7 49 66 37 24 72 81 9 4 45 48 43 97 96 42 92 11 93 34 13 15 41 2 54 73 67 40 20 13 100 100 89 84 11 27 99 55 36 4 91 16 59 59 89 43 10 25 32 56 98 48 92 14 21 92 65 62 62 4 35 86 56 99 28 40 88 21 47 58 26 64 17 36 4 16 47 68 35 21 75 36 3 71 92 89 66 68 33 50 94 61 31 3 0 66 41 9 88 82 11 90 26 47 54 42 12 78 10 94 9 52 9 4 7 36 34 92 20 50 44 81 53 93 80 83 13 34 64 47 34 3 5 87 48 21 58 88 7 88 9 79 5 11 10 9 47 36 31 37 70 54 94 66 98 91 77 15 33 12 23 15 22 100 25 21 86 9 99 88 66 37 7 90 37 61 48 31 92 11 21 52 49 60 34 34 25 94 91 78 19 67 68 37 31 33 59 15 96 7 63 92 20 43 56 68 26 28 24 89 59 37 7 99 22 58 57 16 94 39 85 73 43 13 89 28 0 71 54 80 42 65 55 10 9 48 78 18 90 33 83 68 97 31 40 55 76 27 23 52 73 81 12 41 60 5 78 9 63 5 43 52 2 42 7 96 90 72 2 45 95 70 21 28 55 36 92 94 95 95 53 57 20 20 2 100 43 76 57 49 76 59 44 55 19 49 70 96 56 65 69 49 1 84 16 58 26 13 78 37 71 8
86 12 50 13 37 52 16 25 76 40 85 15 86 27 100 11 68 67 5 96 40 86 3 91 60 90 65 11 38 48 14 54 99 38 80 1 49 35 52 50 19 30 73 0 65 100 91 51 32 25 51 38 67 8 10 79 96 16 71 50 30 34 42 13 32 23 0 67 74 84 77 34 51 45 35 59 73 40 61 89 57 33 40 87 87 60 58 84 17 63 61 82 21 93 95 24 24 56 8 52 0 21 9 63 54 18 62 15 73 42 14 70 89 27 6 24 84 59 26 0 7 11 93 54 34 43 73 8 17 47 100 100 56 69 88 94 58 17 26 63 88 86 52 4 36 14 59 3 22 5 46 36 39 93 13 8 50 64 95 27 52 42 27 53 30 31 17 41 15 31 98 25 51 1 90 65 66 32 51 76 87 22 16 28 36 44 3 40 6 58 82 24 20 8 99 44 10 37 7 97 65 9 94 77 28 30 93 12 79 63 38 12 83 23 1 12 33 26 3 35 39 58 6 94 16 30 39 49 35 85 45 2 20 86 63 8 71 7 35 17 23 17 75 3 99 85 84 88 69 18 33 31 15 78 71 85 47 58 70 48 56 89 20 5 86 46 6 39 28 63 6 76 13 40 61 32 34 47 79 57 7 97 60 98 25 99 5 15 43 2 66 83 87 62 1 50 94 35 36 11 47 53 33 94 33 60 10 89 78 98 54 68 84 87 91 36 23 10 98 46 22 88 55 35 26 50 78 57 59 49 2 93 27 9 81 65 56 98 24 89 89 73 61 46 92 24 12 36 43 78 53 50 48 58 80 74 72 12 41 17 25 61 32 69 58 90 38 31 76 55 23 0 64 90 45 20 66 7 73 44 29 51 97 86 55 22 33 100 15 11 79 65 17 90 15 68 15 13 6 85
94 42 32 64 66 90 18 28 23 54 67 29 8 92 13 39 30 39 49 75 54 42 45 82 40 13 6 82 19 11 61 6 34 17 82 83 49 15 45 95 88 65 22 53 82 47 46 31 32 85 78 58 49 45 26 82 14 57 23 81 43 57 85 41 47 73 58 9 64 47 99 35 96 100 68 1 37 14 86 52 28 41 11 87 21 62 67 47 46 66 37 61 21 29 98 28 49 58 52 4 15 11 82 43 36 30 39 33 56 71 44 58 76 73 36 84 2 97 74 69 49 6 23 11 74 23 92 79 25 4 47 80 36 20 26 31 71 16 14 95 40 37 19 22 26 34 13 56 85 86 17 15 10 11 90 14 11 50 84 49 42 20 23 79 15 0 26 30 80 91 38 92 65 80 96 98 61 61 57 79 12 61 19 96 7 68 6 38 44 77 11 78 1 24 17 30 45 64 95 71 24 21 90 21 45 34 80 48 10 77 12 58 45 11 86 65 86 53 63 83 30 70 53 29 16 77 49 46 21 99 27 98 52 38 92 11 72 59 49 74 72 86 39 36 48 35 56 37 81 45 30 30 18 3 81 39 76 31 74 2 9 90 38 72 91 64 34 80 0 41 73 19 24 80 62 9 32 69 27 24 4 4 95 44 15 98 93 83 14 90 50 27 28 57 74 74 50 48 43 55 77 33 80 76 68 78 76 3 46 69 72 63 38 88 67 52 37 57 45 64 56 41 51 59 42 64 73 98 2 54 74 65 72 12 32 24 79 0 17 40 74 29 53 21 62 54 13 87 3 74 35 48 91 92 44 53 14 1 26 87 40 1 67 84 76 76 47 25 28 53 34 38 94 47 28 28 99 67 33 22 74 100 84 6 47 21 74 80 17 59 21 47 22 55 11 33 75 35 5 52
18 87 43 92 31 41 44 50 73 61 22 43 98 4 92 14 75 96 25 76 24 78 43 67 92 78 91 37 0 55 74 45 28 73 86 70 44 97 76 37 40 53 18 28 4 66 77 27 18 14 93 33 73 100 83 72 44 27 52 66 82 96 10 5 85 58 32 79 79 71 47 45 9 93 53 80 89 39 34 55 6 37 79 10 67 19 4 9 29 46 97 63 52 45 1 2 49 3 22 92 93 14 87 33 63 45 32 76 77 26 58 91 88 45 19 99 67 28 94 57 54 13 52 14 96 8 2 63 75 55 42 40 17 44 53 17 67 38 51 41 32 93 38 62 19 30 82 100 19 18 23 64 12 8 58 68 51 47 94 42 75 41 40 33 8 1 37 15 43 85 2 50 27 38 56 40 1 48 13 57 15 82 16 25 6 80 0 92 55 37 25 34 7 38 100 67 10 24 57 8 82 73 19 37 81 69 27 54 45 36 77 50 91 72 87 74 46 77 55 74 56 63 85 72 25 12 80 66 73 28 59 94 64 56 28 73 92 15 25 68 31 70 80 64 39 73 81 17 7 71 93 68 50 49 22 83 27 85 96 92 0 86 45 95 23 71 70 35 6 46 98 17 7 59 85 80 81 75 64 63 96 17 89 7 79 36 57 1 10 38 89 67 52 90 37 67 83 42 48 20 97 60 11 88 59 54 2 78 87 94 45 80 89 33 100 5 38 54 23 28 34 59 84 13 47 61 70 68 95 28 99 96 44 50 30 29 32 75 17 33 47 5 84 93 54 88 21 15 21 0 41 12 66 39 82 93 17 64 31 35 32 94 22 71 64 91 96 28 94 27 22 39 23 24 42 55 38 58 55 54 75 87 84 73 18 43 96 44 90 3 96 30 66 62 57 55 47 96 71 72
10 85 31 49 47 60 54 79 5 77 49 44 39 20 81 30 2 66 48 14 78 33 28 72 36 6 53 46 10 30 82 56 51 56 70 6 90 19 92 19 72 17 30 59 78 95 71 51 41 81 7 65 58 59 59 13 49 32 38 59 48 16 67 10 44 78 47 64 36 98 11 81 76 76 29 25 88 34 42 69 1 44 88 51 83 65 40 87 46 29 11 100 55 7 91 13 75 43 13 44 5 57 59 84 84 68 76 33 76 94 72 67 7 88 33 53 98 62 31 37 25 76 75 57 43 49 67 98 2 27 60 15 11 8 66 71 31 48 39 53 8 76 74 83 85 1 46 11 36 16 36 93 40 13 97 13 18 25 36 53 16 0 36 62 18 0 51 17 91 2 43 20 88 48 15 27 57 52 37 71 47 97 90 10 12 4 28 15 54 68 21 82 62 26 26 44 78 25 62 34 26 69 13 91 100 11 87 39 39 99 52 3 54 99 27 28 39 100 70 63 20 89 67 2 67 53 61 22 47 40 16 93 53 66 33 13 26 46 94 84 30 39 50 68 92 40 57 41 86 35 94 46 52 92 40 78 7 38 5 54 0 50 11 16 100 49 17 5 16 49 43 55 51 50 74 0 63 89 52 8 94 52 45 80 54 44 28 12 20 81 8 38 22 42 81 72 66 45 66 31 23 67 99 2 13 94 32 45 69 95 42 44 83 16 25 50 22 92 91 57 70 70 39 77 1 45 69 95 88 26 35 78 10 77 78 56 47 2 31 46 37 74 88 9 62 79 73 27 55 47 84 43 2 10 67 37 86 60 27 5 25 74 22 84 99 6 2 78 4 76 8 67 39 67 70 19 82 82 17 47 96 4 53 74 0 45 46 66 75 11 51 65 52 77 31 28 37 68 45 60
70 18 76 56 58 91 47 65 8 92 46 35 68 77 3 26 12 61 3 74 12 61 36 55 8 90 99 45 66 19 49 90 15 30 3 70 35 42 29 79 61 79 30 1 30 93 21 45 79 24 50 35 27 71 58 42 94 14 96 19 51 91 77 25 18 29 3 60 12 33 97 41 91 95 54 42 3 34 88 81 1 5 51 67 13 59 15 80 31 88 3 95 36 80 82 49 55 10 99 76 78 77 43 99 92 26 82 59 28 1 11 85 34 81 98 32 69 78 61 47 65 61 14 64 44 65 93 94 70 52 86 3 12 86 21 53 48 29 7 46 60 16 9 45 65 11 87 36 23 34 77 6 2 56 13 87 5 83 91 100 38 50 33 75 6 66 28 75 23 49 12 53 66 93 51 21 60 79 82 100 33 85 62 71 74 29 99 86 64 18 27 90 10 74 51 75 68 58 81 58 84 24 71 20 60 26 88 50 23 43 73 9 99 69 21 58 45 8 71 90 90 14 98 6 49 95 39 53 59 33 13 23 17 67 89 10 26 8 93 13 64 20 75 75 39 32 79 63 54 91 13 70 73 0 40 1 23 78 79 85 56 89 29 64 20 13 100 70 62 19 74 43 41 18 58 10 73 97 63 76 92 85 99 7 4 53 61 100 98 82 38 6 96 44 41 4 68 21 24 6 78 86 32 81 15 18 69 22 17 21 47 89 58 80 22 34 24 50 48 96 21 77 42 7 37 30 52 28 81 61 36 10 25 37 31 51 98 59 8 53 7 40 93 19 93 6 36 59 13 28 60 29 86 94 0 40 26 42 90 94 71 45 72 88 12 57 63 99 90 30 60 11 40 28 97 67 81 9 32 78 3 59 28 12 25 11 42 40 13 1 64 25 13 66 80 19 85 95 76 7
25 22 0 40 57 21 43 97 27 93 68 88 52 7 14 90 41 76 21 79 80 30 81 44 13 27 90 60 51 26 36 74 80 25 86 68 53 77 19 47 60 10 51 15 23 84 69 52 43 18 12 1 43 69 6 53 83 57 35 40 25 17 2 41 7 57 38 48 31 39 91 97 26 97 24 46 73 88 52 67 89 61 76 80 26 35 11 41 26 17 30 25 14 87 44 64 42 46 70 77 28 72 29 65 86 34 81 81 19 39 48 36 18 87 74 2 45 53 0 18 40 3 23 74 30 99 32 52 36 0 84 15 63 55 18 77 81 52 67 87 91 21 11 79 1 13 25 26 61 53 51 86 90 20 89 95 66 95 17 93 89 94 1 11 78 39 27 86 76 29 50 86 97 24 19 85 96 21 31 57 28 99 86 48 11 0 63 13 65 22 29 52 43 43 49 1 95 46 23 48 87 10 65 34 87 10 9 36 48 93 5 70 21 89 57 62 63 10 39 78 11 48 50 86 77 46 10 6 79 71 24 51 27 90 50 67 28 75 50 77 11 0 87 66 15 38 68 48 94 5 48 84 90 58 72 22 92 25 69 52 69 89 46 11 48 55 43 31 68 33 78 81 61 62 95 72 49 1 2 63 62 2 80 73 64 62 22 2 44 45 61 59 43 80 10 3 35 26 12 93 43 22 43 10 84 75 66 30 14 57 47 100 64 13 38 65 83 91 91 61 34 55 57 92 72 52 50 20 28 3 51 19 98 17 49 13 21 16 24 41 72 3 71 87 39 45 97 12 30 63 79 67 51 61 56 10 94 1 37 12 9 34 78 32 93 12 40 45 20 2 57 90 11 97 61 62 91 28 54 89 97 41 44 43 61 67 93 81 79 94 26 100 97 9 84 13 40 89 43 25
0 86 21 80 67 17 94 2 51 52 50 75 31 3 41 21 30 33 22 12 11 90 12 94 77 83 53 10 87 3 62 53 79 45 71 41 25 9 64 52 17 39 57 56 82 15 60 93 81 8 91 71 22 54 83 31 1 49 42 0 89 34 4 30 92 42 6 3 56 8 75 46 83 65 25 35 64 92 63 34 74 59 13 0 94 70 87 72 63 90 11 100 39 41 86 96 3 99 34 64 72 38 13 59 90 3 90 55 3 55 24 75 18 41 41 0 21 18 42 57 8 88 33 48 44 18 86 75 21 70 21 35 32 9 54 96 80 26 26 86 65 23 78 2 20 91 24 66 48 86 70 68 67 92 49 40 89 91 60 56 45 31 89 78 88 32 71 72 15 29 31 51 69 52 87 44 91 99 40 75 86 12 19 78 56 63 62 25 93 81 32 97 11 16 11 25 75 17 45 1 30 84 65 54 40 31 18 0 27 46 84 53 79 20 53 34 48 31 35 26 43 75 51 81 9 4 69 19 99 16 60 52 52 86 45 57 36 55 46 59 61 44 39 33 94 61 65 90 17 85 77 11 73 16 59 44 60 86 81 72 88 48 35 61 74 99 4 39 99 25 19 17 23 43 87 16 15 88 25 6 3 54 50 93 24 16 38 40 76 96 94 36 55 40 8 47 73 70 0 95 41 79 53 38 27 74 26 18 62 59 17 27 28 16 95 31 63 49 57 77 70 52 4 45 10 82 66 39 13 72 60 73 94 61 79 75 83 54 94 68 63 78 16 33 100 61 49 97 29 67 69 94 84 11 42 46 88 3 50 63 94 55 45 60 83 21 36 81 22 36 83 19 99 49 30 42 45 42 20 14 8 96 40 66 98 75 19 38 25 45 32 87 61 98 61 13 95 14 36 89
12 6 28 27 9 54 27 23 80 35 75 81 57 9 29 98 68 99 29 76 100 43 82 72 11 84 87 58 27 1 77 49 25 80 9 89 49 59 17 34 78 35 51 81 34 15 87 99 50 71 37 56 54 29 37 75 13 51 56 38 98 23 14 1 95 78 15 36 37 73 26 69 74 73 98 61 1 90 98 62 39 50 100 91 78 73 43 84 52 90 18 8 16 80 10 62 18 34 90 69 74 57 92 62 50 23 65 56 45 50 51 11 55 47 22 12 84 72 81 98 42 11 78 2 52 53 82 56 84 43 75 82 59 70 15 28 68 93 53 80 88 4 60 2 70 39 39 88 64 7 22 12 48 89 96 90 22 84 2 96 2 89 2 27 4 82 79 6 78 55 46 30 7 27 98 1 90 86 5 82 79 77 66 71 86 98 8 32 26 45 71 43 62 87 3 67 85 24 36 71 90 67 98 62 68 20 49 43 61 99 7 87 15 60 1 93 6 44 78 13 36 84 80 59 91 23 24 40 89 59 82 16 5 88 3 42 2 7 54 62 58 28 36 8 6 57 5 11 42 22 88 30 18 5 83 57 3 63 22 93 32 83 82 90 47 70 97 77 6 71 19 92 46 58 48 94 49 50 32 66 62 93 63 32 82 18 14 94 99 69 71 21 3 74 41 45 73 81 96 91 46 26 15 31 27 17 44 71 20 31 16 63 52 39 8 95 47 83 33 79 42 75 7 83 67 17 38 84 0 22 59 8 83 33 57 55 37 7 50 68 45 42 63 100 53 18 32 65 50 32 29 62 16 12 66 34 9 24 43 28 23 41 45 14 35 97 60 72 16 70 74 27 4 26 93 97 75 44 95 75 36 44 71 80 33 19 71 33 30 30 73 54 97 92 1 28 55 47 59 53
15 8 91 30 11 4 9 41 48 8 100 21 3 52 8 60 80 6 28 30 34 100 90 53 40 32 13 24 68 72 91 19 63 69 53 22 98 4 57 13 19 33 42 53 10 27 39 32 39 74 21 15 35 7 67 10 87 22 68 100 34 45 20 33 41 12 86 46 23 65 21 70 46 41 63 50 13 51 13 89 77 44 26 25 87 54 55 26 97 84 70 9 79 34 87 31 6 93 14 94 49 29 5 83 20 66 81 94 88 70 46 55 53 6 18 80 50 94 43 21 11 73 98 26 57 31 73 1 12 81 42 96 58 98 53 86 82 18 45 98 78 81 54 28 26 21 82 60 20 90 90 22 27 86 35 47 47 77 85 92 95 70 93 64 43 72 53 40 20 42 40 100 54 22 68 53 77 41 4 4 41 76 12 60 72 70 78 55 24 14 24 11 77 18 11 64 18 15 2 34 26 93 55 13 99 66 61 55 6 26 95 25 37 29 12 76 50 25 68 40 5 47 50 53 49 95 49 22 80 72 86 15 66 31 24 22 48 26 64 37 48 40 66 20 82 59 87 54 27 41 98 13 5 3 33 75 18 55 36 21 66 62 94 92 61 49 3 34 92 11 35 71 29 64 59 99 44 58 29 67 42 59 67 30 14 47 92 57 44 22 19 28 65 29 55 59 18 30 32 43 89 80 78 67 59 11 18 84 90 37 2 63 10 10 65 20 55 31 9 47 36 56 5 32 95 66 66 92 61 66 61 99 66 47 37 70 19 37 51 7 96 83 23 69 8 92 81 36 25 53 10 82 4 4 100 60 91 93 84 10 72 43 29 37 2 51 67 58 42 58 48 41 42 19 67 21 69 3 77 69 100 88 41 74 57 25 69 8 16 50 14 48 94 12 92 33 39 84 12 6
43 81 81 36 51 33 40 88 36 75 95 88 17 52 15 79 88 99 33 88 95 30 29 98 73 50 94 61 22 56 11 11 22 20 40 21 23 33 52 41 84 11 74 28 85 25 85 89 98 21 79 19 79 4 3 33 24 7 85 60 64 38 70 14 65 13 4 74 51 72 61 99 71 54 56 33 3 15 79 27 13 64 32 65 29 65 98 32 48 40 89 79 52 74 72 97 19 60 54 50 17 39 94 5 39 40 49 89 47 95 52 33 66 80 68 14 88 99 55 83 37 14 62 91 71 98 12 63 6 95 26 1 72 48 60 0 44 13 21 4 42 12 81 74 29 4 43 43 52 14 4 36 2 74 74 56 88 11 5 36 82 38 11 33 26 43 15 86 67 97 90 5 62 26 3 85 93 39 47 93 8 83 65 53 73 92 20 53 82 8 81 81 84 46 23 68 59 35 4 80 19 49 57 74 48 1 80 99 76 79 57 37 69 96 42 32 18 79 35 42 91 49 92 61 37 86 79 72 75 75 46 81 68 12 11 8 31 89 36 21 27 33 75 43 18 60 78 61 94 94 12 57 71 51 59 4 96 12 25 4 99 47 25 89 58 96 61 14 49 27 65 33 49 86 100 15 96 6 90 18 78 30 37 29 66 8 42 58 34 10 56 96 20 64 2 90 62 70 65 32 1 11 28 76 82 29 57 7 38 90 80 86 26 44 24 2 57 18 40 31 22 60 52 26 27 74 84 25 80 24 23 41 100 79 42 97 1 14 40 37 39 27 28 49 49 51 20 52 35 91 58 43 26 77 5 4 32 65 46 14 73 52 47 10 57 18 14 63 8 18 68 70 21 36 41 83 26 53 71 28 54 59 54 43 44 8 56 65 24 17 51 20 81 90 56 44 4 56 100 43
29 7 71 70 16 18 96 82 7 45 70 87 89 61 59 89 21 22 55 70 81 65 74 53 95 60 31 63 96 50 67 80 47 29 44 36 60 6 24 65 49 45 53 100 52 72 69 76 8 34 73 69 16 56 97 48 13 35 8 66 57 46 25 37 36 85 77 33 57 83 46 4 61 90 85 80 72 64 65 22 85 89 62 23 17 10 93 20 22 84 52 88 14 100 55 17 10 37 86 41 98 34 10 70 66 47 55 28 91 3 27 88 76 99 76 49 15 93 11 87 66 66 3 10 26 60 95 13 47 38 53 90 32 13 67 57 3 36 68 63 25 31 5 65 24 58 11 73 13 99 3 66 37 7 34 57 97 71 56 23 10 46 5 87 89 38 33 13 89 76 36 58 75 50 19 60 34 57 64 44 28 44 98 85 5 4 64 24 11 62 49 20 30 82 82 6 76 51 62 18 13 51 29 65 55 40 3 99 3 46 75 100 1 53 81 2 63 70 64 68 12 0 59 35 2 85 25 61 85 35 94 67 39 25 45 15 96 35 26 56 37 20 6 95 44 76 63 91 42 11 91 8 52 65 40 23 21 3 89 98 72 66 96 84 66 8 10 50 50 26 98 79 22 3 97 22 34 95 43 19 13 79 62 15 84 79 13 37 12 16 81 47 68 70 63 57 6 14 36 10 94 73 48 82 34 49 1 77 73 43 64 43 53 65 88 25 90 9 57 36 84 57 29 60 65 43 42 41 90 74 62 21 15 7 99 50 62 3 4 49 85 8 26 40 95 26 59 38 79 54 43 84 83 79 77 62 89 36 52 97 9 2 56 68 57 2 63 29 93 99 11 69 29 31 30 72 97 36 70 30 14 10 64 42 86 0 5 30 85 31 36 8 39 26 85 83 6 82 42 6
19 4 94 1 54 81 77 48 70 91 72 47 4 33 95 16 89 90 45 31 9 33 3 48 15 64 100 46 20 26 59 89 21 96 36 60 28 53 87 82 89 70 38 39 5 37 94 88 46 62 62 62 71 70 67 91 10 33 77 100 96 63 38 26 89 45 3 53 12 58 59 15 66 22 2 54 79 36 94 88 79 93 91 82 95 72 48 75 36 40 58 95 17 42 91 14 99 51 92 88 84 3 30 40 88 12 83 71 41 72 8 78 38 98 85 58 100 93 13 88 74 6 36 23 91 84 13 82 88 32 66 51 73 98 26 37 9 16 91 17 62 50 23 38 80 40 55 86 60 71 10 32 86 99 84 10 18 26 59 9 64 50 62 65 25 85 87 10 6 24 56 26 62 3 45 89 84 9 74 68 21 21 3 60 12 3 31 7 40 62 60 70 68 37 17 42 23 50 54 88 74 83 35 8 22 63 55 42 11 7 26 19 81 9 14 53 53 57 84 48 94 67 24 82 85 74 8 9 73 53 63 35 29 54 8 36 63 3 11 51 79 63 80 23 26 21 90 52 84 20 47 29 51 24 46 55 91 24 100 40 58 35 15 43 46 60 8 32 59 62 3 22 84 71 29 57 33 44 41 49 62 14 22 18 24 10 54 84 18 71 48 24 6 57 18 79 40 26 97 53 68 57 13 12 41 41 84 86 82 22 52 70 13 78 47 51 23 94 94 95 86 83 51 10 58 44 27 42 71 15 81 10 6 48 28 54 58 84 59 76 51 63 20 30 89 41 0 68 48 46 22 63 87 11 32 97 25 89 98 52 23 3 5 94 87 56 58 50 41 39 58 19 19 38 54 95 46 86 40 74 9 5 55 4 46 72 6 93 38 5 23 38 88 60 36 69 80 24 83 92
74 49 8 94 74 81 45 45 32 17 55 30 44 50 60 1 99 97 24 15 39 81 72 45 45 96 1 9 36 65 9 33 57 30 12 76 2 33 90 67 20 74 77 51 62 24 26 48 20 24 62 45 38 56 64 23 41 96 49 3 32 11 42 93 34 18 63 72 87 39 27 57 35 90 78 48 40 70 30 33 44 71 97 46 70 34 11 11 68 55 50 86 47 47 54 48 42 73 70 29 32 38 96 98 53 47 87 42 73 47 55 69 9 27 72 47 76 24 7 21 89 1 2 46 17 56 67 1 26 41 9 88 38 46 49 97 57 46 7 49 100 64 39 60 75 77 66 29 80 37 14 93 96 31 55 89 8 67 21 13 63 32 31 93 56 16 58 75 83 44 32 25 70 50 18 41 78 53 19 54 38 29 48 47 39 62 92 22 62 1 95 48 39 50 69 26 30 8 53 14 5 82 73 89 59 26 52 26 27 65 59 69 94 71 55 86 38 5 77 74 36 35 90 29 67 32 46 27 13 14 95 26 26 41 59 71 22 88 85 93 92 90 26 88 9 37 52 74 98 94 16 73 40 12 15 25 48 48 72 72 79 51 59 21 57 23 46 39 43 66 60 86 15 48 77 3 4 72 4 19 28 48 65 56 74 15 44 18 9 52 82 2 55 14 41 36 39 80 47 50 33 72 62 21 98 9 63 72 92 100 38 77 33 3 2 78 49 94 81 63 98 79 80 59 33 56 61 24 26 80 34 67 30 33 88 74 67 62 57 52 40 97 40 49 78 80 37 7 9 42 17 3 77 0 90 77 80 5 2 88 62 33 69 9 49 12 43 14 84 78 78 98 0 83 88 94 42 93 21 90 97 0 54 82 59 52 77 87 85 97 87 34 45 7 54 68 28 68 49 83
77 25 17 39 99 40 68 20 71 77 30 83 62 39 66 59 28 55 53 20 48 48 60 6 31 39 45 9 64 77 63 81 7 85 44 56 45 13 8 15 23 34 95 33 23 81 47 97 44 20 87 73 19 5 20 13 44 16 73 94 33 62 81 41 10 88 87 100 83 3 80 2 64 85 29 48 76 54 70 94 44 68 8 97 55 84 35 49 33 70 26 35 42 54 84 33 19 42 57 18 44 69 87 47 35 30 100 12 78 98 27 63 19 46 98 40 75 36 85 67 25 32 35 72 68 91 14 85 69 18 79 77 73 67 42 25 98 98 16 35 26 23 0 63 77 14 100 15 44 14 47 56 13 42 84 73 8 63 61 84 11 0 28 2 48 25 75 68 13 96 87 25 88 92 42 31 75 16 85 83 91 89 89 1 1 38 83 37 30 79 38 81 89 90 88 15 32 84 42 57 64 36 26 37 63 70 80 3 90 97 6 79 32 54 3 99 22 21 71 27 32 95 20 43 53 93 91 51 51 84 41 60 62 78 92 16 48 64 15 87 46 86 41 22 14 91 32 37 46 31 51 42 95 0 7 42 46 2 48 29 48 86 8 18 26 72 70 10 1 6 2 37 63 55 38 1 95 36 18 44 96 33 40 3 13 79 83 1 11 100 9 8 23 57 56 17 71 76 69 96 85 55 48 32 85 77 94 93 90 94 95 49 79 89 81 8 10 3 44 54 84 77 2 23 55 41 59 71 71 34 18 99 70 59 65 61 34 73 38 16 43 46 75 0 71 11 31 55 23 24 43 82 47 16 66 46 39 81 81 41 47 33 68 65 60 57 21 76 64 78 13 79 68 5 73 93 87 11 94 74 57 24 27 18 50 36 75 97 27 57 31 72 40 18 95 18 61 51 46 48
22 22 0 29 22 52 91 18 77 21 86 16 82 36 66 44 22 45 65 77 3 60 5 8 41 7 32 74 34 50 77 75 29 58 60 76 45 58 14 2 41 90 13 2 0 20 80 34 78 97 58 41 72 6 7 75 96 59 60 26 61 92 86 38 15 48 86 4 52 5 13 54 56 54 15 85 98 49 98 9 95 83 13 66 79 54 30 30 82 46 43 63 67 59 40 96 40 71 86 48 94 20 76 30 98 79 95 22 20 84 65 95 11 33 24 26 11 80 16 95 13 100 88 90 76 85 79 79 45 47 82 38 86 68 20 93 68 53 57 48 56 41 89 22 17 15 59 78 82 12 31 72 91 27 16 24 92 19 49 77 77 2 58 19 51 0 45 63 91 51 63 3 35 57 3 78 76 12 63 39 23 3 10 60 85 83 18 100 3 9 19 36 0 50 42 89 12 52 21 13 81 19 4 75 86 72 11 71 92 91 67 32 59 100 63 75 94 0 58 20 72 45 33 81 91 85 92 55 26 27 13 14 19 32 57 96 66 53 56 55 50 53 74 96 29 67 18 54 42 32 85 98 46 68 23 81 0 50 48 44 100 77 31 29 35 59 2 64 87 42 50 63 48 55 54 3 41 69 32 97 30 5 91 94 0 49 85 29 21 10 33 54 82 25 80 33 84 69 35 4 12 86 1 93 78 21 96 26 92 10 72 15 50 42 2 82 5 69 28 50 1 40 88 46 95 31 0 64 27 5 39 6 26 91 36 85 80 6 66 88 55 73 79 77 38 43 51 17 97 49 21 84 65 13 31 86 26 94 61 37 71 21 64 61 33 27 14 31 38 6 49 100 93 22 73 81 5 20 42 84 45 55 61 52 61 88 60 76 31 1 49 36 63 5 33 23 3 78 98 7
14 34 71 36 74 34 80 87 33 90 12 25 56 50 57 39 4 5 5 52 27 95 41 85 65 49 11 14 1 38 17 40 78 50 35 66 50 80 90 17 33 35 56 58 52 74 17 83 1 45 42 71 19 41 0 87 38 66 62 44 1 18 31 86 68 61 34 4 42 94 83 38 100 64 97 46 40 36 34 31 30 30 90 93 36 28 67 30 21 96 98 3 27 88 67 99 72 7 76 77 90 41 98 80 22 87 65 27 17 50 33 7 71 61 49 14 91 78 16 58 64 1 54 41 58 19 64 33 22 94 27 80 62 40 18 46 64 59 93 84 58 71 26 63 84 46 7 16 60 42 99 47 87 88 65 82 94 6 70 9 4 94 62 47 12 85 89 68 89 31 49 64 65 59 44 46 12 99 60 15 64 12 96 81 50 85 80 81 100 0 98 100 37 100 35 88 26 73 0 64 33 94 56 53 52 48 1 37 70 33 60 36 35 65 12 21 37 60 6 97 36 56 76 80 34 84 10 93 78 92 10 67 76 53 89 44 64 16 48 86 41 0 70 21 55 18 56 31 38 0 1 78 63 70 79 28 46 81 9 21 37 58 58 32 15 22 65 53 78 83 59 71 62 23 87 52 87 28 55 57 79 86 81 44 95 0 38 15 55 97 27 27 50 88 29 31 2 66 5 100 28 1 83 26 91 21 27 98 20 33 17 97 93 69 92 83 70 78 67 47 76 95 15 42 93 54 53 16 42 27 61 66 21 18 12 81 58 73 92 83 33 55 28 57 20 99 66 44 48 67 11 1 21 57 30 87 32 10 93 67 87 40 60 15 4 28 44 54 5 79 71 48 1 98 21 14 90 14 22 56 58 45 71 4 35 84 16 9 27 46 31 90 20 6 73 62 75 51 79 33
30 24 40 76 51 16 19 48 12 22 6 30 56 15 9 60 34 4 77 87 14 25 95 81 30 38 39 99 77 24 96 33 32 41 26 1 58 42 16 62 19 90 7 43 36 23 29 69 90 93 55 39 31 5 1 44 67 98 45 19 61 13 1 62 39 94 95 42 14 98 14 54 84 93 31 40 62 70 5 98 77 12 97 50 78 28 45 31 0 70 14 42 28 75 27 57 3 73 54 92 47 54 43 59 65 32 75 24 45 92 64 34 0 42 89 42 7 51 99 98 20 26 61 34 84 71 10 13 92 47 73 68 36 100 22 53 27 85 92 19 12 87 19 35 47 95 30 7 39 25 32 39 35 57 41 60 47 34 68 34 62 32 68 79 2 96 50 89 53 24 72 43 17 1 68 0 56 7 24 29 41 90 2 26 66 26 58 44 8 91 9 55 26 89 6 48 65 27 60 57 12 62 29 8 53 17 1 100 20 41 47 42 93 62 83 9 19 49 52 60 24 15 82 29 56 58 80 43 71 69 53 78 43 62 63 19 51 9 24 89 3 98 98 45 76 4 39 66 5 74 57 14 50 87 20 66 28 86 17 81 33 60 40 46 1 62 60 90 73 45 2 42 86 73 54 90 12 9 2 9 23 35 22 10 10 74 83 93 0 50 74 4 88 64 8 36 91 99 22 38 74 46 61 59 83 7 10 87 46 8 58 34 19 53 28 67 82 0 12 24 79 20 74 87 99 63 39 7 55 42 89 88 31 47 73 11 69 10 93 40 72 95 49 97 40 39 71 11 25 70 35 50 28 83 42 3 88 57 3 76 80 25 70 10 85 50 58 55 33 11 76 33 48 0 90 28 18 12 55 63 38 31 79 15 68 10 90 76 41 6 19 46 16 80 15 66 88 8 35 100
64 73 6 91 86 13 8 40 18 80 55 10 40 82 2 38 28 84 67 46 68 93 54 67 92 44 40 92 16 52 77 81 76 26 78 68 51 58 81 66 28 58 10 31 15 97 98 97 41 93 59 47 90 77 32 5 96 91 88 60 71 87 80 63 97 87 44 50 98 38 10 13 78 12 49 47 20 41 61 6 45 99 92 12 10 13 62 83 21 62 22 51 53 88 28 49 57 37 83 84 68 72 74 98 60 34 73 77 79 99 1 58 21 21 57 72 47 12 6 85 90 60 61 0 16 89 18 87 31 30 78 5 39 54 69 5 43 44 35 44 70 21 2 25 4 18 91 57 28 96 82 5 67 55 3 69 58 36 65 82 93 65 34 20 44 87 24 99 73 97 91 83 91 90 82 45 35 46 79 45 1 60 19 84 61 3 53 53 100 13 26 47 37 31 12 27 17 4 12 7 56 28 87 10 49 70 13 68 43 77 70 78 61 33 47 60 47 1 15 73 77 83 45 62 80 14 40 71 92 62 73 85 84 75 67 40 43 43 1 82 56 18 73 39 63 30 21 45 43 83 39 4 6 21 66 58 23 31 57 76 55 8 37 33 83 20 28 51 6 86 14 94 87 4 59 85 86 18 16 3 55 58 43 26 100 100 100 63 55 88 6 72 76 24 95 76 14 93 81 6 83 70 95 23 42 95 47 16 7 54 34 62 43 5 35 100 49 63 59 3 30 47 12 54 56 76 91 71 24 5 22 71 100 8 16 2 53 63 5 31 59 2 91 90 60 36 5 81 16 59 36 56 88 52 0 10 42 91 59 16 18 94 55 25 59 78 63 22 81 94 64 58 44 34 14 57 91 78 49 5 51 94 57 40 44 84 74 100 30 74 89 75 74 87 93 45 0 51 98 36
52 43 65 99 50 27 15 1 87 19 75 74 17 0 78 76 49 37 5 69 29 15 47 51 40 24 0 28 56 30 49 16 10 7 86 45 9 25 92 20 61 70 64 27 49 24 37 24 65 12 21 40 94 42 82 23 50 24 33 71 1 56 2 5 66 23 40 74 46 42 88 46 84 87 60 98 93 10 52 32 3 60 55 75 27 36 96 70 2 86 37 79 9 65 11 76 90 13 8 98 82 54 25 17 99 31 35 25 17 70 71 47 87 96 91 83 9 88 48 22 5 7 4 54 40 57 99 20 42 2 86 70 91 48 47 90 10 66 0 38 66 39 3 72 57 27 78 90 67 7 72 43 32 47 50 7 65 1 68 84 9 45 89 85 86 5 3 97 24 36 32 100 69 16 66 46 27 38 73 42 20 32 69 4 71 88 92 80 47 29 83 34 34 53 98 94 13 91 58 78 73 29 86 4 51 27 83 89 72 10 64 22 34 43 26 91 7 80 9 11 90 4 68 55 57 41 69 91 62 86 41 15 14 36 80 59 38 75 97 1 24 71 75 24 76 5 97 75 40 92 6 99 49 69 87 21 72 82 51 98 47 79 92 21 91 31 46 21 61 91 31 14 33 53 91 58 1 100 24 14 54 16 88 2 4 40 55 26 76 83 23 52 26 28 68 34 86 40 95 88 51 58 55 73 31 47 92 56 69 5 76 29 40 84 61 6 88 67 85 9 72 35 59 74 96 25 29 59 23 72 69 45 45 2 93 70 34 22 45 91 68 41 60 76 2 8 14 10 63 48 37 85 80 6 41 4 30 51 13 20 21 16 51 82 65 10 52 34 49 39 63 23 48 19 74 27 63 89 59 92 81 98 0 71 52 51 93 65 72 82 46 54 49 50 93 94 80 66 52 0
48 24 26 67 79 49 18 29 31 79 14 8 97 92 45 3 95 40 18 43 59 80 91 47 50 48 96 73 48 20 45 70 36 65 38 94 33 8 81 54 71 26 54 82 83 15 88 11 30 25 14 16 51 44 96 80 21 25 71 85 10 43 75 86 33 10 30 32 64 99 12 27 77 19 15 5 45 67 91 58 32 27 58 66 58 65 11 23 12 76 31 53 41 60 2 25 99 84 19 65 17 77 64 46 29 81 6 89 71 8 43 22 66 15 57 17 24 67 60 46 63 39 28 52 97 17 23 14 53 63 45 65 22 93 83 29 90 76 63 16 74 16 100 7 39 66 87 18 4 37 70 51 49 85 50 46 81 79 70 91 73 81 62 17 66 94 17 4 14 46 65 96 81 68 65 36 13 46 2 71 2 90 91 27 77 65 90 66 49 24 49 81 91 6 65 94 88 97 71 70 73 61 94 85 69 76 30 37 14 93 1 19 76 10 14 94 90 82 30 23 20 68 35 94 58 49 24 13 35 20 1 34 87 14 6 11 90 8 37 34 70 92 22 83 28 40 84 59 19 80 19 65 46 99 18 19 28 56 16 5 85 99 20 51 69 85 84 36 71 39 40 8 35 12 24 58 20 0 56 39 6 52 90 14 37 32 91 66 87 32 31 89 2 23 19 84 97 44 7 32 77 52 93 6 98 95 1 63 12 59 89 31 96 89 82 95 93 14 1 33 61 59 93 30 78 98 69 69 52 98 86 80 15 93 60 68 85 79 1 33 13 83 36 63 92 35 36 4 61 88 81 24 7 31 69 57 11 87 37 35 24 37 1 84 22 48 92 84 99 93 7 87 44 66 19 9 88 83 9 10 80 19 57 4 15 46 83 23 58 58 25 76 66 3 47 92 72 30 80 73
88 66 89 52 96 52 56 91 32 38 35 56 49 4 85 30 91 72 3 98 17 1 4 97 82 78 34 55 0 92 96 72 57 28 11 12 5 68 88 50 25 12 11 53 95 79 22 100 19 27 21 62 55 46 13 19 84 52 82 50 18 88 14 74 10 82 81 38 40 54 56 81 96 52 21 2 48 90 60 18 69 77 25 13 96 50 71 97 53 78 98 39 16 75 61 100 60 70 98 46 60 9 28 19 52 51 94 2 54 71 61 33 68 25 66 22 85 12 45 90 53 31 4 24 50 7 5 73 6 81 20 47 48 0 40 64 35 58 25 93 26 54 17 1 14 81 78 30 68 51 58 37 15 2 2 26 14 6 41 52 83 38 12 18 16 20 72 74 54 47 16 12 69 54 87 52 58 59 95 77 49 54 52 58 57 98 85 47 79 17 77 80 45 8 75 65 80 61 36 52 39 30 100 19 10 71 22 25 87 61 60 66 42 41 89 51 46 39 94 68 89 38 45 77 80 12 90 15 4 72 90 96 39 47 49 48 81 83 63 61 60 78 13 42 27 24 48 64 89 67 45 18 72 98 66 4 49 49 51 94 36 32 25 93 3 80 45 10 92 55 57 46 67 24 72 100 61 56 17 78 60 63 75 33 87 55 28 79 56 70 8 21 70 60 60 2 82 6 66 52 54 88 67 99 96 79 14 16 90 8 44 40 20 46 63 44 30 82 77 94 87 56 43 22 55 53 0 69 95 49 3 26 79 37 28 30 46 71 7 53 72 1 73 4 48 75 92 78 3 94 14 87 64 91 25 18 90 18 10 22 41 78 79 86 17 91 31 95 25 78 47 96 30 69 88 20 44 20 19 48 23 29 86 9 62 94 85 32 80 44 14 2 80 48 53 18 10 17 48 76
24 38 47 95 23 5 34 7 23 41 22 28 27 47 55 13 68 15 86 65 45 92 66 40 75 2 81 80 57 57 6 95 35 74 92 69 19 20 92 2 72 6 49 33 11 56 53 82 51 76 85 0 92 79 28 65 37 11 97 12 19 27 9 15 50 31 37 82 65 21 10 86 57 77 17 36 26 62 78 34 46 87 72 33 93 89 42 13 4 100 62 68 66 10 55 45 19 98 82 78 88 35 49 5 22 28 51 50 16 84 11 69 98 59 61 52 5 28 30 54 87 83 21 93 33 99 8 74 65 60 68 60 33 55 25 62 98 25 62 50 90 100 26 89 67 59 31 15 100 73 17 80 67 35 16 13 41 64 29 27 47 9 23 44 34 34 55 24 96 15 9 27 73 12 98 68 90 14 65 64 8 82 87 87 15 80 19 47 26 2 66 56 10 88 88 73 29 79 61 66 46 45 33 20 44 82 42 1 64 80 62 98 61 72 64 21 20 64 95 30 23 61 21 2 17 60 76 4 12 56 89 55 91 96 64 63 48 94 66 58 83 4 7 6 97 49 20 69 98 54 35 45 80 40 54 3 57 14 25 15 14 73 95 9 48 86 34 4 64 69 39 60 17 85 15 98 40 18 9 60 26 17 97 50 65 45 68 39 95 10 90 11 83 14 58 38 41 34 98 26 47 72 33 7 40 73 52 56 64 94 2 76 24 36 78 40 90 6 95 75 72 59 8 52 58 92 84 78 32 53 12 19 89 51 38 32 21 62 1 10 100 98 17 59 6 13 93 44 76 6 24 11 4 77 81 48 89 34 50 60 83 41 36 74 24 20 18 70 67 59 30 25 52 79 87 22 79 99 31 41 37 57 6 82 90 49 53 3 62 59 63 76 32 73 40 29 63 26 100 16
0 33 6 28 6 80 10 49 5 80 39 66 36 22 54 71 40 81 16 6 100 55 61 1 20 84 69 4 50 64 66 77 0 27 52 84 85 55 41 91 82 11 21 17 40 59 73 20 79 47 67 35 58 47 31 4 2 25 50 27 16 28 93 25 45 84 11 94 66 73 16 15 45 68 3 37 54 44 91 24 21 49 96 70 78 32 0 34 38 68 15 55 96 40 56 70 50 20 43 14 91 18 25 70 83 90 18 6 16 37 10 7 18 63 89 15 100 15 9 10 75 43 75 45 35 59 100 45 58 0 13 100 55 27 32 8 29 23 14 12 12 1 45 88 1 91 18 66 8 46 21 95 63 97 15 34 43 70 87 74 33 93 87 54 42 45 9 71 81 48 66 14 51 68 49 88 34 90 44 30 79 40 70 90 58 22 8 62 36 80 95 14 2 83 0 36 47 88 77 12 33 51 42 82 91 36 81 54 55 12 34 85 25 25 55 43 27 38 38 72 3 31 1 42 48 59 54 16 92 98 67 58 67 52 54 32 66 43 90 75 67 41 93 69 87 60 85 22 46 34 56 22 94 24 78 74 3 57 59 77 37 14 58 91 75 20 95 96 1 41 3 29 70 13 79 43 22 38 54 60 55 61 25 42 73 52 79 69 85 4 24 6 35 24 19 37 85 25 28 42 58 64 61 25 31 40 58 14 10 40 53 80 4 10 40 16 70 43 12 83 96 27 49 20 0 36 71 65 19 97 62 36 87 72 27 84 88 23 30 42 61 42 88 16 44 5 90 36 72 4 19 75 42 99 89 53 90 24 48 40 94 21 10 85 46 45 84 45 39 79 19 8 87 95 89 32 25 78 0 45 72 76 44 63 69 79 47 99 61 45 47 16 35 1 91 14 1 23 70 65
96 67 61 34 77 91 41 66 22 51 3 23 8 67 45 27 64 67 56 18 43 67 96 1 63 72 59 33 94 14 75 0 2 90 65 38 7 36 76 71 20 23 49 34 75 90 80 68 44 22 44 6 49 7 64 75 59 94 85 89 99 16 15 58 78 22 90 34 35 78 17 46 81 48 59 13 80 49 2 54 94 28 48 39 90 33 99 14 26 69 67 45 39 53 68 13 96 55 48 39 61 9 46 15 23 52 55 39 18 48 82 60 65 38 48 72 84 20 94 62 48 9 8 59 69 78 54 100 83 96 20 87 74 15 87 91 78 6 12 66 31 86 12 31 67 1 90 4 9 88 69 90 85 41 87 24 38 35 40 37 50 14 13 20 55 25 15 53 36 84 8 28 56 16 40 22 92 78 96 96 91 91 4 81 6 14 60 2 50 19 64 56 45 6 16 89 82 19 33 32 18 7 87 18 26 16 58 27 42 24 59 66 4 47 26 82 8 77 17 75 41 90 70 6 99 92 15 62 28 74 83 12 20 1 86 1 65 1 99 63 59 13 69 54 36 35 52 77 80 79 17 86 94 51 87 72 24 62 29 62 33 34 46 27 13 61 22 69 24 98 81 36 82 20 6 53 42 65 44 86 98 69 60 70 3 81 69 52 36 82 61 58 72 96 58 93 78 66 99 21 16 52 6 15 89 90 81 51 46 38 31 2 60 6 74 84 43 73 5 16 10 100 3 54 84 10 53 65 92 91 18 23 96 43 73 50 69 77 23 41 23 70 57 77 51 75 17 88 53 14 10 43 41 46 72 81 27 35 84 75 23 72 42 8 49 47 53 62 59 49 13 55 92 49 45 60 48 99 48 97 17 55 100 94 87 40 52 49 42 73 71 86 47 65 77 43 16 54 21 51
16 57 34 67 15 51 22 16 46 7 68 44 73 69 14 41 91 38 29 47 99 85 84 58 11 48 20 72 40 32 47 8 93 65 17 6 96 56 33 97 52 28 89 76 95 66 51 26 65 17 11 69 84 78 62 56 26 57 7 25 22 28 28 77 54 59 29 72 65 42 21 42 6 39 52 46 96 30 78 8 50 27 97 78 34 70 92 93 96 20 29 38 46 35 25 45 76 51 42 88 11 53 45 51 14 64 58 91 32 80 27 64 86 61 75 62 44 43 83 26 79 75 58 91 89 96 71 20 84 39 28 55 75 82 94 95 67 100 12 92 45 42 28 84 4 66 16 79 45 84 32 68 22 91 15 88 37 2 43 32 70 4 71 88 38 52 44 98 90 7 6 7 8 15 52 37 97 62 20 54 77 30 4 92 70 27 48 97 52 78 25 3 8 24 48 4 28 73 27 98 50 51 32 70 85 43 58 41 52 53 88 40 21 58 61 39 53 13 92 22 73 76 55 53 34 90 91 61 2 85 97 75 27 66 60 46 62 95 6 100 95 19 90 96 71 45 35 81 58 77 23 82 44 49 59 71 22 86 15 88 86 42 4 99 83 18 69 53 28 81 66 22 52 98 67 45 12 94 36 62 88 70 69 25 89 6 49 35 51 78 92 66 76 42 1 65 74 99 74 13 96 31 90 34 66 86 23 48 31 98 62 22 9 98 64 35 98 94 78 61 18 92 94 12 90 28 29 24 44 43 72 44 92 19 49 21 91 71 57 1 26 43 30 4 68 28 57 82 0 91 85 89 86 30 88 46 68 84 19 0 32 78 36 12 48 82 94 8 93 14 51 98 59 6 87 85 8 55 97 30 25 93 30 52 95 97 88 69 85 27 8 82 47 30 83 21 27 23 97 31
20 63 7 89 2 0 16 8 29 16 43 8 54 89 16 40 39 28 82 23 27 78 66 78 74 36 51 98 41 32 7 53 39 57 64 97 7 99 68 72 74 98 62 99 86 65 86 72 81 49 22 78 56 91 98 63 83 36 23 89 36 80 41 71 88 39 77 16 52 21 84 8 72 80 45 54 68 21 49 23 98 33 7 86 72 33 91 80 90 45 38 26 27 14 97 72 65 62 73 85 28 30 99 82 50 36 53 42 86 33 51 100 4 25 30 25 13 52 54 75 32 80 10 1 35 9 30 74 6 15 56 52 7 65 10 67 79 16 51 73 45 12 64 87 30 56 80 65 18 82 43 59 68 88 16 86 62 12 42 5 30 6 86 10 12 33 8 24 92 6 51 61 18 24 50 69 34 95 26 67 36 83 69 7 75 38 18 26 40 87 54 42 30 78 51 9 100 8 23 7 3 76 75 13 7 66 48 42 14 4 21 8 48 46 87 60 39 72 0 11 1 13 95 92 63 17 61 75 0 56 25 90 43 49 19 12 96 30 12 36 55 29 69 17 59 50 64 75 70 40 53 89 57 11 88 42 27 39 46 53 69 47 7 83 56 29 7 46 96 41 29 49 5 46 65 84 45 96 88 74 51 50 10 49 77 66 70 78 84 68 0 89 96 40 78 100 37 70 38 18 84 68 88 29 16 40 31 71 24 89 62 14 33 23 74 61 62 37 56 50 62 10 88 61 7 94 19 49 81 64 9 42 14 91 66 98 51 43 39 89 15 25 5 29 99 50 62 77 4 38 70 56 54 42 76 70 10 17 6 14 13 21 80 21 88 53 68 43 81 4 35 23 96 48 19 65 80 92 87 1 91 28 52 49 21 95 90 57 74 21 84 73 33 84 94 43 74 34 35 31
58 6 19 97 73 13 90 1 44 47 53 57 95 30 88 85 28 71 87 28 87 6 50 71 60 13 19 5 56 86 65 2 48 38 4 91 22 80 92 22 54 69 16 64 29 57 14 51 97 56 3 79 18 17 49 37 2 8 47 28 28 74 44 53 82 56 33 78 24 77 4 20 85 27 44 13 85 70 76 25 62 52 63 91 39 19 2 73 29 24 1 36 18 33 100 68 94 6 78 86 19 27 33 11 82 74 97 86 11 79 1 70 37 54 90 12 64 86 91 15 85 53 33 85 22 71 36 81 54 54 73 14 73 47 73 69 33 1 14 73 31 83 4 44 58 32 50 24 54 45 75 40 88 77 50 65 12 96 21 67 70 4 25 6 38 97 22 29 51 7 17 64 19 98 91 38 54 11 77 91 86 61 75 33 63 2 0 7 47 79 7 45 36 12 97 92 69 70 16 88 78 56 41 8 13 86 52 82 73 44 83 69 35 18 79 47 79 16 4 38 16 78 24 61 37 97 52 71 64 93 33 89 57 8 7 87 64 80 4 53 72 25 52 19 32 88 46 78 36 99 5 40 85 76 100 24 62 82 30 63 41 24 54 87 33 25 14 62 2 56 48 47 3 17 53 59 12 90 43 64 48 12 42 96 76 94 69 69 0 16 21 67 2 68 57 61 15 20 28 10 58 41 97 94 2 10 75 90 61 4 34 6 72 87 65 43 26 66 76 56 93 76 77 41 20 3 61 52 94 62 12 60 81 0 61 75 96 21 57 100 76 12 32 83 97 88 33 52 23 18 1 59 31 89 37 51 33 84 85 11 36 63 40 64 12 66 34 52 60 85 19 94 13 16 17 29 79 12 93 58 97 27 59 27 13 93 46 53 10 91 90 51 22 51 0 85 18 6 45 21
82 78 90 9 9 63 44 94 55 21 91 94 96 3 29 68 18 89 4 82 79 9 96 49 74 14 92 12 55 60 76 68 18 65 59 10 52 96 18 12 86 39 88 13 20 49 85 90 64 95 71 19 63 33 77 2 48 42 16 43 17 91 40 81 3 40 76 59 96 33 20 44 96 89 25 76 14 23 57 58 36 98 37 21 70 58 30 39 38 99 78 10 86 47 69 5 75 40 92 95 49 98 68 40 11 70 7 36 92 16 43 99 83 73 62 45 18 10 63 6 7 72 13 73 37 22 91 6 74 51 94 89 58 53 76 0 39 41 64 30 57 72 68 44 31 47 88 73 45 38 38 81 52 39 15 63 18 11 37 60 20 70 29 96 67 83 79 43 67 92 62 73 43 15 13 12 22 0 85 58 60 56 31 94 26 44 7 12 9 99 85 69 58 36 19 50 99 83 65 84 88 75 31 95 21 74 42 19 25 65 41 72 48 99 87 90 18 82 88 44 76 89 80 46 23 19 39 88 76 66 29 45 45 12 88 96 77 41 63 38 78 12 61 63 27 72 52 80 60 63 11 9 13 71 32 100 32 81 8 72 96 66 0 8 100 66 68 67 26 93 98 39 48 44 87 41 2 66 71 98 70 95 55 67 100 49 46 7 84 37 76 63 98 21 24 87 60 51 79 21 54 62 32 96 83 1 80 81 28 29 27 24 11 31 76 7 90 16 25 38 88 54 4 50 75 98 62 77 60 20 95 23 72 43 38 25 98 8 18 27 97 54 22 30 58 46 30 77 80 68 58 36 95 40 67 49 86 92 77 7 37 100 75 64 45 10 40 69 77 10 40 86 70 56 19 16 37 23 80 77 98 13 7 21 15 88 39 89 68 86 18 76 50 7 52 83 29 56 4 23
44 44 10 56 44 81 84 64 30 43 75 50 55 57 20 45 96 10 16 73 67 68 67 54 3 6 63 79 47 81 79 97 89 7 64 22 86 0 66 81 70 8 30 24 87 16 97 95 82 15 17 20 11 16 37 49 7 70 71 45 15 37 42 22 3 21 34 54 5 15 35 79 92 20 58 46 28 14 60 58 11 95 50 31 6 52 13 59 27 2 94 38 11 28 70 75 84 12 49 56 59 28 59 32 93 9 72 72 97 69 5 5 96 2 50 65 58 46 36 78 53 25 92 93 13 67 87 20 59 32 27 6 26 43 70 89 72 92 65 47 25 72 54 75 34 65 65 65 68 83 20 82 93 22 11 23 47 4 53 97 83 72 39 68 73 30 63 64 28 48 33 67 26 33 3 93 58 36 67 55 84 10 19 60 74 95 90 96 77 13 95 65 28 28 36 21 4 60 58 7 1 18 85 38 20 6 9 59 85 33 69 77 89 61 61 100 98 33 59 23 94 77 4 96 54 56 7 90 14 60 71 96 85 88 83 4 64 89 73 0 33 40 49 26 3 67 15 80 77 11 65 89 5 98 47 35 31 18 12 20 10 62 98 16 71 39 0 98 78 18 34 100 79 72 13 55 31 93 99 99 25 41 86 41 51 58 5 73 96 54 60 62 28 31 75 90 43 5 23 76 85 28 23 53 6 31 81 62 89 23 23 71 84 62 21 65 28 24 35 33 19 9 17 98 18 95 1 24 76 54 28 1 10 98 23 35 16 34 70 76 100 43 88 91 72 29 51 6 13 90 30 63 27 30 43 97 82 73 36 39 91 36 69 71 89 27 2 75 10 11 24 76 63 53 27 96 7 63 29 95 83 50 25 16 73 76 28 100 73 2 10 53 32 25 6 10 96 63 7 80
66 7 72 56 32 7 39 39 6 21 29 73 93 73 44 41 58 43 52 75 75 32 18 30 1 55 44 22 55 36 54 10 67 2 63 61 56 12 41 41 9 40 25 56 79 75 60 10 41 15 50 90 84 23 15 4 21 30 94 54 30 91 52 1 90 65 63 63 73 87 33 23 78 3 96 74 98 81 33 6 81 56 36 64 47 78 22 5 56 88 17 3 59 26 2 81 47 68 47 91 24 15 42 44 25 65 56 18 39 80 89 53 56 77 90 80 50 90 43 32 77 70 73 17 43 42 30 48 1 100 55 96 74 7 73 25 84 52 9 93 12 39 84 89 58 62 57 90 50 5 94 67 91 12 83 84 100 34 2 86 76 91 84 13 28 49 53 4 94 1 17 17 9 50 56 0 1 57 28 14 39 40 26 29 50 40 35 15 90 82 52 57 15 87 42 83 87 29 63 89 38 31 29 98 29 23 76 70 93 95 85 58 19 24 96 11 48 26 65 1 37 24 75 57 45 53 42 10 67 78 20 92 58 47 98 74 31 91 98 91 88 65 40 90 18 81 0 40 75 82 67 56 50 33 58 2 62 19 91 47 73 84 36 82 17 90 17 34 22 21 42 53 73 69 11 98 2 56 16 74 76 63 51 57 48 0 53 80 75 54 68 61 74 66 22 85 66 81 80 60 4 99 41 3 47 42 85 73 22 29 58 21 39 33 73 12 2 99 96 37 27 65 65 5 89 59 37 11 17 96 97 33 48 40 73 43 65 27 19 15 63 26 52 29 58 23 78 97 27 44 93 97 36 46 48 5 93 82 95 32 41 1 68 36 92 18 53 96 8 52 44 79 29 97 68 92 80 40 90 12 5 83 95 13 51 10 52 6 75 91 14 6 67 59 6 15 4 49 13 84
53 49 3 66 99 55 29 95 32 40 37 13 42 9 32 48 58 33 21 15 57 3 7 12 59 35 30 9 31 71 23 75 30 29 67 34 45 10 30 36 50 44 35 53 83 53 88 58 89 84 30 77 21 73 18 41 20 7 38 49 87 100 9 83 27 32 76 20 34 64 79 100 76 91 73 24 81 50 30 79 27 62 51 87 2 71 81 51 95 25 56 35 14 73 24 4 80 25 25 80 47 68 92 11 73 52 79 53 82 38 67 9 60 27 42 24 85 22 81 74 23 60 38 32 64 76 74 94 95 12 19 4 30 73 78 13 38 84 34 19 37 81 40 61 6 83 44 33 46 77 82 73 24 54 65 55 29 82 87 14 48 40 51 56 23 39 88 85 7 100 74 9 68 17 39 77 31 85 61 94 22 28 44 42 71 52 25 60 66 99 29 62 52 89 63 77 58 50 38 57 49 92 27 63 95 78 0 35 47 100 79 3 12 10 71 82 51 12 90 77 75 60 40 87 13 37 69 30 82 37 37 20 55 53 48 75 2 96 55 56 33 88 14 88 82 56 56 71 95 61 85 38 74 3 48 16 85 15 29 18 56 20 1 72 67 64 51 82 76 77 47 82 64 5 58 34 80 93 15 100 18 97 0 43 41 99 34 76 71 65 46 34 18 25 31 16 59 38 62 81 51 70 32 6 73 11 54 90 62 49 74 94 95 61 43 77 97 19 37 21 81 92 61 33 13 88 68 33 75 100 36 87 15 22 76 26 78 5 50 37 1 54 53 14 85 85 56 70 49 12 60 31 57 75 43 66 28 95 10 85 69 90 76 9 28 90 55 41 54 85 49 55 97 83 27 15 47 60 35 72 87 65 75 88 67 20 82 88 14 23 38 49 15 57 7 62 27 5 84 43
61 80 17 40 79 86 90 53 12 58 53 4 23 64 79 13 4 64 1 14 18 25 91 24 83 62 6 27 48 26 82 53 52 97 88 25 63 94 45 90 31 70 13 64 8 60 92 98 65 53 29 62 27 34 20 36 17 29 44 17 82 64 65 18 67 50 81 66 55 61 66 8 94 46 50 48 100 63 65 88 92 42 98 24 100 14 34 77 49 50 55 54 53 80 80 68 98 16 1 92 95 43 23 31 61 93 80 22 65 42 87 88 5 32 59 67 94 19 4 81 42 36 99 36 76 70 86 26 80 29 97 71 17 56 34 34 99 2 46 91 53 56 25 41 34 64 88 92 31 15 64 42 18 83 15 85 8 79 24 93 97 55 88 89 8 73 58 58 56 47 66 76 53 53 35 29 38 15 58 92 28 6 50 72 64 2 32 0 34 45 96 44 82 56 44 86 6 95 30 35 11 3 62 80 36 90 94 54 35 72 35 23 3 2 27 33 61 83 6 99 69 53 33 26 41 25 86 35 68 93 62 75 85 45 97 16 13 70 40 100 22 27 0 46 64 23 51 37 63 61 32 34 10 68 97 46 44 92 86 9 57 63 28 66 26 1 53 64 17 86 65 66 89 61 11 76 62 27 76 47 60 68 23 78 59 77 37 14 59 63 76 9 54 40 39 27 13 34 82 19 95 14 38 29 99 1 93 77 84 64 86 12 58 28 94 88 6 2 34 64 33 85 24 20 100 84 93 19 86 8 53 8 73 12 80 46 19 48 83 39 55 50 44 86 72 86 91 79 97 5 78 34 46 91 61 65 23 89 79 18 23 38 26 88 37 44 97 51 50 3 37 78 42 79 44 71 48 79 44 55 25 80 72 66 34 74 59 88 100 31 62 53 95 71 13 59 86 31 82 99
60 61 53 48 65 22 75 88 9 29 84 32 79 96 14 1 42 85 25 63 13 15 64 72 14 17 91 21 8 77 62 73 24 80 97 60 62 87 52 64 70 91 37 67 66 27 20 50 49 9 79 40 61 51 54 60 35 85 97 6 24 64 37 55 53 58 81 47 7 21 4 27 66 12 49 54 30 2 17 25 97 60 58 68 68 8 11 7 54 58 83 44 40 17 20 21 83 29 21 34 55 33 21 67 12 61 39 34 26 96 65 37 69 50 87 97 83 62 5 87 9 58 98 12 69 43 19 77 51 95 56 80 45 96 46 28 86 94 26 30 64 90 51 54 35 19 13 64 44 26 45 84 91 86 43 41 34 23 79 77 3 1 70 4 18 80 94 42 88 40 51 87 63 14 47 55 32 47 76 71 59 77 39 70 95 79 85 87 22 32 51 75 32 18 11 43 54 11 10 25 75 14 15 10 91 47 88 67 54 75 34 30 38 92 63 66 79 14 38 64 26 0 78 88 75 97 82 14 83 80 71 7 91 10 55 22 43 48 40 54 1 97 53 97 18 28 21 17 55 75 9 47 49 61 45 9 71 52 86 17 53 99 15 46 31 28 88 55 95 16 77 54 63 55 58 39 95 13 32 77 2 26 58 72 75 18 97 61 69 13 64 62 14 63 6 31 56 25 57 11 52 39 11 27 0 34 91 20 98 77 69 80 66 64 8 35 11 86 70 72 79 79 76 27 74 86 1 99 49 76 46 27 68 64 100 36 49 53 87 72 10 50 54 38 3 75 89 32 13 1 77 10 50 15 87 44 19 44 23 96 77 79 30 86 56 19 40 53 1 63 5 94 73 67 100 92 100 47 98 62 18 46 72 87 83 34 15 52 20 94 72 82 93 82 23 18 60 36 40 51
7 67 32 66 34 70 84 41 87 39 67 1 69 7 55 14 93 91 25 78 4 44 82 3 14 90 14 17 55 32 63 15 75 75 19 65 13 18 8 20 88 49 10 77 61 1 96 89 10 17 47 71 34 13 50 95 67 67 72 88 31 6 36 38 62 18 80 99 63 76 29 21 54 22 41 26 51 65 92 43 92 82 69 94 41 100 97 60 23 0 70 37 69 88 32 32 2 66 69 77 66 57 96 3 95 64 14 35 13 33 54 68 84 89 90 68 96 32 71 23 4 8 71 55 77 65 29 93 32 33 54 27 61 68 9 18 91 49 61 99 86 42 20 75 92 100 49 35 83 56 38 79 13 52 91 46 40 88 22 29 84 82 27 57 20 53 8 38 30 78 29 88 92 46 12 6 22 85 6 26 37 61 28 29 63 55 15 61 13 29 16 78 2 93 41 0 44 3 58 16 99 64 23 36 15 50 89 91 8 99 84 94 8 15 10 22 74 17 72 5 56 88 71 45 92 27 5 40 87 5 87 47 9 50 57 99 40 18 50 47 27 68 92 37 34 56 53 4 97 22 44 14 46 69 53 88 23 33 98 71 15 25 67 67 16 53 20 31 73 55 71 90 55 73 8 87 45 31 24 16 66 14 60 82 53 11 19 11 32 41 83 6 28 36 34 4 99 40 66 35 42 0 83 31 22 40 80 79 80 95 50 75 4 48 5 24 4 12 31 90 2 79 23 60 80 51 38 90 40 65 6 93 27 59 29 65 42 39 44 13 12 93 25 59 34 24 11 40 23 77 51 21 7 30 93 60 23 57 100 24 99 65 96 8 40 20 12 37 39 77 3 91 47 71 67 54 40 44 99 82 59 13 91 40 15 77 26 67 72 30 32 79 98 63 62 78 43 54 7 6
77 3 89 44 86 7 87 20 79 5 80 87 30 19 63 30 63 0 33 0 50 66 14 68 87 60 83 94 44 55 37 51 72 14 86 43 36 86 69 11 47 50 86 62 68 91 65 39 27 40 65 62 76 49 34 35 92 100 31 16 23 75 15 67 99 74 87 0 18 67 51 1 10 25 6 78 39 12 49 17 46 31 73 97 72 54 94 49 47 83 20 4 61 77 85 12 49 24 23 71 11 8 77 43 98 22 44 13 44 44 57 57 66 10 29 10 85 19 5 76 10 62 57 28 59 18 63 88 89 30 78 39 93 96 47 65 100 63 60 68 93 91 54 6 46 28 66 11 62 96 61 68 66 16 30 11 71 83 25 72 93 58 89 41 17 34 57 92 29 3 89 58 71 7 47 94 63 27 82 93 96 49 34 58 42 14 40 28 87 20 89 71 1 42 98 25 52 77 50 5 42 38 3 61 34 100 25 67 62 42 59 91 46 35 53 22 52 51 25 17 29 2 64 60 68 85 83 99 93 71 51 51 70 99 43 31 73 32 100 18 100 68 38 84 86 9 84 26 18 34 9 32 13 75 31 32 69 31 92 74 9 21 79 25 67 92 70 99 85 90 88 32 86 39 2 90 53 9 65 74 48 28 41 41 24 34 25 64 34 11 60 0 25 58 87 58 95 70 88 29 91 93 28 54 95 55 66 95 80 55 47 5 52 23 2 24 51 40 55 52 34 12 12 92 66 32 61 14 49 40 31 12 90 7 7 37 94 69 34 31 99 47 83 52 31 77 80 30 2 33 52 42 98 77 56 18 56 20 32 47 36 56 76 36 30 95 94 9 20 45 52 70 19 3 81 38 78 68 45 29 27 78 35 32 24 99 21 13 95 21 75 45 82 70 24 32 64 51 54 60
44 43 38 70 9 58 78 20 50 72 81 66 39 48 15 89 63 87 15 52 50 21 55 91 49 52 45 81 62 38 43 32 75 87 61 20 30 39 96 98 46 35 47 30 67 48 45 95 76 82 32 29 81 81 5 86 63 93 49 49 69 14 75 21 34 56 13 65 77 1 48 70 46 29 50 88 80 68 12 30 15 18 90 34 52 30 33 84 35 9 38 3 67 24 72 61 2 46 75 55 22 91 43 99 60 41 87 46 99 77 5 82 23 30 100 77 90 47 9 77 65 85 17 96 87 66 48 24 26 100 31 49 13 69 2 61 99 15 12 72 87 19 26 100 84 30 79 79 90 18 30 11 14 29 44 57 64 7 20 49 63 47 71 80 10 63 89 15 14 4 21 12 7 41 48 38 50 92 2 57 53 22 65 30 19 31 35 54 28 41 71 44 48 81 99 23 49 33 1 3 39 47 1 59 17 97 30 35 96 39 83 8 64 38 31 63 81 20 24 70 36 5 48 4 7 92 39 98 91 50 58 55 2 31 100 8 22 99 0 66 9 39 3 17 82 57 63 11 60 30 91 38 0 87 16 32 31 31 22 56 11 89 74 20 4 14 22 53 99 25 83 68 18 43 91 46 59 60 65 78 48 75 43 6 29 46 29 18 71 4 19 87 76 88 39 52 53 67 23 9 70 56 100 29 85 61 90 57 24 61 82 74 70 34 74 35 27 76 84 80 58 55 72 6 62 4 23 18 33 62 67 59 92 83 100 8 23 8 16 17 94 51 81 70 5 64 49 16 94 18 11 1 49 87 59 64 50 87 8 68 20 92 24 87 49 16 33 26 82 48 58 59 78 43 31 72 35 73 51 65 8 20 0 68 47 20 21 59 85 93 42 67 76 7 30 4 37 43 10 7
77 42 91 44 69 49 73 33 2 35 35 29 34 31 43 80 4 91 9 37 42 97 65 73 23 75 32 45 91 34 67 16 1 44 47 26 97 100 19 38 75 99 47 70 99 58 91 37 19 3 75 72 92 40 49 32 19 31 92 93 98 37 26 19 79 27 37 4 84 70 33 83 82 49 89 44 73 79 40 99 42 93 9 22 83 83 25 97 5 72 87 68 4 95 49 48 67 74 90 100 76 63 5 65 21 46 20 37 76 82 73 50 31 66 48 15 6 45 63 63 29 5 21 7 0 83 56 94 49 34 68 16 38 91 79 48 70 96 56 27 47 84 49 6 1 97 68 19 100 48 64 75 39 35 87 79 54 72 61 53 19 21 23 62 14 0 88 23 41 55 58 1 51 42 98 93 53 40 39 50 46 27 72 37 68 35 92 35 48 1 3 81 46 34 67 100 62 65 56 8 96 16 27 5 99 72 3 34 59 4 54 58 39 17 16 82 33 84 36 93 63 88 28 12 60 43 98 45 27 41 17 96 96 77 20 91 17 100 32 79 5 53 5 64 79 94 94 52 80 52 49 28 29 82 31 15 68 41 67 16 89 59 39 23 94 15 77 96 24 97 23 49 96 66 39 14 92 94 80 72 49 81 52 70 4 4 61 34 3 5 31 30 85 81 86 22 45 15 7 93 42 76 31 6 64 24 76 59 54 27 54 22 1 26 39 5 98 53 33 73 11 29 16 52 72 77 100 5 21 57 52 26 5 89 54 77 11 90 96 55 38 23 10 12 65 56 47 23 84 27 1 58 96 48 92 58 11 58 75 35 21 38 73 12 60 38 68 77 89 70 54 14 88 21 6 20 47 58 95 88 68 2 21 59 87 5 40 21 12 57 70 5 20 62 34 48 67 28 96 39
71 3 37 6 51 80 36 57 88 7 93 11 21 36 71 52 41 80 75 37 3 34 7 42 16 10 31 12 20 81 42 91 36 51 48 62 83 23 20 43 42 98 60 5 89 75 58 36 12 62 87 49 18 67 39 94 63 52 31 29 21 34 94 86 71 88 33 4 15 62 78 42 98 79 0 16 36 27 94 9 54 50 48 77 91 65 40 85 28 57 35 96 90 12 92 54 86 90 71 88 89 58 99 45 93 43 93 9 3 75 45 98 42 17 9 78 74 20 21 14 64 42 64 58 28 52 100 73 25 22 23 72 75 39 70 98 4 38 1 76 0 35 38 57 99 85 47 95 49 34 56 91 22 6 7 18 16 85 9 6 22 36 63 74 88 44 86 52 78 4 47 57 59 59 93 0 28 29 83 47 70 87 99 68 80 41 32 85 57 32 17 29 23 23 33 18 91 1 33 36 79 97 0 53 3 24 31 29 70 87 88 43 97 19 19 98 16 23 34 61 26 42 5 56 49 21 73 55 10 29 27 98 9 65 77 40 59 10 88 69 37 93 16 7 48 71 7 77 54 87 69 0 84 80 58 75 68 36 73 62 68 74 92 87 19 85 83 17 18 11 64 53 15 86 50 67 80 5 26 92 30 10 8 1 70 30 31 95 8 99 73 43 85 91 36 12 14 98 90 30 33 1 59 72 0 65 68 97 5 33 48 1 36 4 87 18 65 82 39 90 94 78 14 99 90 36 44 4 96 68 9 39 41 87 28 46 59 30 38 93 54 20 10 58 75 8 34 44 80 72 41 24 11 29 4 27 51 29 94 67 91 66 69 19 27 26 14 42 51 19 36 35 55 22 35 30 3 9 50 73 53 32 69 38 38 85 36 68 51 29 33 74 72 2 100 59 21 81 50 50
73 66 74 78 28 77 14 77 60 14 80 62 73 33 3 65 52 12 24 94 16 43 14 28 84 19 42 67 60 50 24 49 22 55 62 89 27 76 90 69 21 88 64 57 17 34 53 4 74 87 75 42 71 52 84 68 97 86 0 81 83 45 95 29 49 73 30 5 42 80 17 54 77 33 9 67 8 15 88 51 64 6 99 17 49 6 63 57 75 58 97 81 78 100 54 68 30 62 29 90 28 31 50 43 88 13 95 12 70 67 64 68 83 80 89 96 12 50 52 20 85 48 57 99 47 34 15 36 50 69 48 69 41 72 31 80 62 13 8 34 56 90 31 36 80 25 30 38 23 38 45 60 92 43 0 64 18 44 36 25 92 33 59 22 51 27 17 49 26 92 65 50 3 86 56 97 91 12 99 22 54 9 5 87 63 92 14 48 47 50 79 37 17 93 46 69 33 58 10 25 14 61 49 44 40 62 66 40 72 7 16 31 42 66 32 22 95 69 78 7 38 79 45 12 20 20 32 94 92 67 22 98 73 70 63 85 28 16 1 53 3 42 77 94 88 14 12 74 18 2 44 69 27 61 67 69 65 42 5 31 45 39 19 90 43 47 64 80 97 60 70 61 66 13 98 60 20 90 98 31 6 9 20 64 31 65 38 37 40 48 39 72 82 33 2 26 12 10 20 54 82 14 82 47 45 23 2 86 16 77 33 70 100 7 78 71 15 32 44 84 49 52 63 37 95 65 53 2 97 61 5 66 21 65 92 73 45 58 89 88 18 35 78 20 23 20 39 92 14 22 34 85 42 11 47 74 32 84 16 34 22 97 3 38 63 64 80 56 81 61 98 57 15 14 35 71 75 52 99 33 54 12 51 71 10 91 11 47 14 6 25 57 36 84 37 7 60 23 42 93
22 57 20 80 41 64 61 22 93 70 62 56 77 51 74 45 27 8 15 84 12 62 29 79 71 22 99 44 22 18 1 59 77 64 63 36 32 47 33 44 10 64 85 4 37 45 89 18 98 77 42 47 86 7 59 73 92 1 22 80 32 63 69 6 19 45 36 17 89 23 59 14 33 0 18 32 56 9 51 69 16 30 54 54 10 63 51 90 61 24 88 8 68 86 46 87 71 64 93 9 82 4 40 92 46 17 48 28 18 18 96 5 99 96 52 8 72 0 29 77 97 57 14 10 67 6 14 57 8 68 84 7 20 47 54 31 78 37 57 47 57 3 26 55 20 60 3 95 77 100 1 19 22 7 65 20 83 44 17 94 27 52 92 79 20 40 11 64 38 8 30 88 83 5 96 99 41 72 23 54 95 37 33 53 64 81 58 22 31 72 9 1 81 64 86 84 54 83 66 68 88 48 70 20 39 12 27 19 93 93 79 57 76 45 60 86 14 71 56 61 82 90 98 47 46 12 26 81 60 19 6 24 48 94 23 66 44 76 2 55 51 6 54 12 69 74 99 46 56 70 4 81 71 23 15 27 20 37 92 2 82 59 20 21 92 15 11 6 23 6 78 15 15 10 75 80 82 33 26 55 85 38 65 30 7 5 85 65 23 21 45 54 50 16 17 2 14 10 34 84 76 66 25 56 98 16 97 22 36 93 3 10 54 17 4 62 54 69 79 52 22 5 56 98 70 27 38 94 97 78 57 49 61 90 45 66 2 49 34 58 12 17 7 26 98 57 19 53 46 64 87 77 2 64 72 15 100 65 98 3 41 88 10 67 54 62 99 2 28 76 19 80 58 50 6 72 97 59 22 88 83 73 78 82 100 10 53 44 48 92 37 29 78 79 79 31 36 33 73 39
60 16 97 14 23 60 75 0 29 39 75 75 44 42 65 33 45 39 78 30 83 40 64 9 19 16 62 12 57 32 94 92 1 7 19 70 87 24 22 67 17 44 61 73 21 78 89 39 86 1 84 10 88 65 68 27 11 34 13 67 93 9 89 77 58 94 9 65 53 99 79 18 57 44 57 6 61 1 27 27 40 76 91 20 38 74 54 12 9 63 24 69 61 0 65 91 75 10 92 83 53 84 28 12 53 26 32 58 27 31 8 19 2 7 79 30 25 81 60 32 94 16 69 46 72 24 10 5 72 75 57 5 56 95 1 25 88 58 37 31 51 8 94 25 44 75 62 79 80 35 89 4 83 23 87 65 77 79 2 84 20 29 45 10 25 55 48 36 72 34 18 22 24 35 73 14 63 24 96 54 16 76 1 55 76 82 51 5 5 27 63 31 63 77 74 79 28 52 8 5 77 36 26 53 66 97 15 30 64 21 9 87 84 40 40 59 4 90 33 83 91 3 52 93 23 42 60 25 23 76 100 43 19 54 77 95 17 12 39 97 74 66 70 22 81 62 16 30 48 23 59 28 38 59 54 63 62 24 100 56 4 66 67 4 77 95 16 78 50 61 91 81 63 6 80 54 88 81 9 6 96 69 21 78 28 55 47 18 82 91 40 49 46 41 14 61 44 77 78 98 45 87 97 17 87 28 16 82 19 73 87 95 31 68 32 82 25 26 68 71 21 48 60 94 42 88 60 88 25 82 28 82 31 74 57 24 97 27 93 66 68 16 2 57 85 76 33 34 14 34 35 86 15 37 100 32 88 74 37 58 26 82 21 6 62 90 8 8 81 93 73 6 10 82 61 9 7 56 81 84 12 56 62 4 54 76 58 33 35 61 18 28 22 39 66 35 42 33 94 89
32 22 85 71 33 100 53 0 27 0 38 73 11 13 52 61 53 31 83 29 68 94 48 70 79 33 33 43 86 44 12 47 17 27 21 31 28 20 63 73 70 41 14 1 0 85 92 39 2 15 85 73 66 95 75 14 79 90 73 72 6 82 72 10 41 30 25 77 40 20 16 11 81 93 9 57 86 85 33 39 89 24 68 45 50 17 20 95 24 76 86 93 76 27 99 8 41 57 30 24 88 85 6 30 64 67 56 71 16 73 50 71 51 100 60 79 8 46 36 55 9 73 84 37 67 54 80 95 76 60 9 66 90 84 13 41 41 68 71 99 89 39 83 73 20 53 59 89 39 27 37 72 31 70 30 60 10 87 67 71 71 70 12 85 68 50 58 83 46 33 24 88 90 79 92 68 9 85 15 33 49 5 75 3 52 79 10 64 41 13 78 55 60 55 95 80 99 39 76 100 79 29 76 63 65 7 73 60 24 83 73 12 46 11 73 8 9 100 90 56 58 60 78 57 85 89 11 97 79 15 19 20 1 41 53 92 53 37 34 66 73 36 15 25 55 71 51 85 60 89 65 46 20 74 84 37 30 21 73 62 2 81 51 46 36 85 67 77 42 62 33 12 23 82 46 62 27 42 39 38 44 94 19 21 95 97 97 43 34 96 3 81 55 82 60 38 25 100 67 15 54 81 9 6 89 41 27 14 65 25 11 19 38 47 55 0 61 79 11 73 53 100 39 77 16 82 81 53 12 8 77 35 21 98 31 43 70 51 84 67 99 27 27 35 31 56 76 53 1 98 60 57 26 67 79 24 97 82 77 69 96 6 73 73 1 72 96 71 79 35 79 38 11 28 40 39 92 99 36 55 88 60 26 20 63 6 26 96 85 57 92 58 85 93 10 29 79 49 13 80
57 49 38 4 0 50 5 17 97 43 32 22 10 22 46 89 8 23 19 72 54 88 31 79 8 78 50 10 62 41 54 87 77 26 10 91 76 10 37 35 22 58 7 75 41 37 100 29 8 35 63 28 22 19 63 21 24 95 75 70 89 10 2 53 67 88 24 68 42 67 40 31 54 12 36 54 32 13 73 77 1 0 9 33 4 26 49 0 59 86 92 2 17 74 19 71 14 37 65 82 57 3 71 63 78 65 57 68 11 40 90 6 16 57 75 75 81 11 47 51 33 57 44 99 44 39 43 47 35 1 67 16 63 74 96 81 87 19 19 21 13 31 73 95 42 81 55 71 90 44 55 86 33 69 85 54 55 19 15 20 27 28 93 100 61 89 100 21 74 47 61 97 2 47 69 3 46 34 8 68 36 36 64 24 38 92 60 30 37 43 21 55 90 78 24 3 58 50 66 26 62 77 76 8 0 14 82 47 85 19 62 78 15 56 40 25 81 93 24 93 57 35 49 61 41 45 13 76 97 100 23 36 4 88 100 13 1 86 12 54 4 75 68 74 8 52 33 41 98 45 10 30 59 17 2 3 7 80 12 72 78 72 69 11 88 26 35 41 42 65 100 54 45 8 60 26 5 55 81 67 69 65 3 54 74 12 14 84 19 90 60 95 81 20 97 66 80 61 8 58 69 15 68 39 85 85 26 84 15 93 72 68 2 80 53 88 4 9 80 0 16 65 22 48 89 37 3 92 45 55 92 84 12 66 79 65 76 67 38 28 77 80 93 98 58 6 12 53 34 8 0 17 57 14 85 84 38 39 60 2 58 51 98 9 55 89 89 43 74 80 90 96 36 63 29 75 84 20 84 19 25 75 27 76 68 79 23 1 0 73 25 42 76 3 78 74 51 52 31 7
22 35 80 68 79 85 53 45 90 81 67 77 40 35 1 38 54 47 62 51 73 92 19 93 58 12 55 46 53 78 4 14 40 6 94 16 37 92 72 59 94 97 26 16 74 66 81 38 79 28 28 34 26 98 90 3 53 87 0 16 33 89 67 37 71 61 54 82 87 16 60 23 80 73 31 42 47 74 84 31 45 58 12 18 74 15 23 57 92 96 16 44 77 71 69 63 78 98 96 69 34 59 12 21 81 39 1 29 35 71 100 62 22 26 70 1 40 27 98 21 48 96 100 97 99 16 33 81 75 63 29 20 61 59 78 2 26 30 43 12 78 61 82 72 29 64 53 30 69 39 38 94 69 6 26 83 14 57 80 41 60 97 22 78 98 70 64 13 12 45 87 53 38 67 23 58 89 63 75 3 4 52 38 72 34 72 10 33 35 11 24 64 13 49 69 66 46 23 86 38 3 38 83 37 76 48 8 6 29 94 79 92 5 94 57 51 14 10 4 94 34 20 32 40 88 2 37 32 45 99 71 74 100 21 49 21 3 30 23 80 17 86 39 10 98 26 68 94 27 24 23 72 55 57 70 99 73 12 70 66 4 9 79 28 37 34 49 57 42 73 40 28 88 43 46 21 21 25 45 72 76 36 82 86 27 4 10 30 29 68 93 79 89 86 78 10 45 54 97 50 24 86 0 38 46 55 15 72 23 84 14 12 49 81 45 66 94 96 70 77 74 87 66 36 49 61 76 87 70 1 12 36 76 54 89 35 24 30 81 5 82 72 47 83 22 73 56 65 35 49 53 19 11 61 73 62 32 15 86 86 26 85 1 23 90 62 9 53 76 11 77 86 37 19 72 63 19 98 79 67 65 32 51 46 54 28 34 53 83 6 46 81 23 42 22 72 74 20 88 76
63 11 88 23 83 89 9 72 40 68 12 63 96 19 94 8 31 61 20 23 0 79 25 98 76 98 10 79 19 62 30 64 59 77 71 72 33 23 30 78 87 26 95 17 38 42 85 43 20 42 80 96 25 75 18 93 16 75 33 22 3 15 13 78 43 25 16 43 63 64 88 78 5 51 53 97 47 32 55 61 99 78 65 63 67 11 38 70 13 8 34 12 16 84 42 77 92 51 12 10 6 57 13 45 84 75 26 8 45 17 34 68 8 27 72 90 13 6 27 79 43 12 94 22 34 84 50 49 20 64 46 87 26 58 95 19 51 55 5 65 36 22 81 9 24 72 77 87 45 74 0 64 75 28 86 37 98 95 27 33 17 58 21 16 0 87 47 40 92 16 43 56 32 33 77 45 96 6 74 6 48 20 45 21 55 96 21 27 36 36 82 70 51 28 14 64 86 13 92 10 19 48 9 24 67 31 93 75 57 0 84 40 80 53 75 16 91 67 68 11 53 86 56 1 80 21 38 68 13 100 56 42 77 31 8 18 67 100 7 45 61 93 62 82 77 2 6 79 56 19 31 63 5 30 69 57 53 78 53 93 81 24 7 45 51 66 8 93 56 84 78 68 33 88 39 85 88 57 15 84 16 57 7 76 81 79 99 37 11 26 73 39 82 21 93 43 89 75 28 18 62 100 67 62 13 25 1 57 12 11 93 42 9 65 22 58 34 75 65 51 23 22 54 36 21 28 15 42 92 14 71 99 7 39 2 44 5 7 17 99 73 99 37 46 20 26 19 73 15 99 49 13 35 86 52 31 0 79 53 25 58 53 60 47 72 47 77 65 69 84 13 98 3 63 71 29 47 3 2 22 37 12 93 28 62 57 79 67 97 41 59 21 6 4 79 52 59 95 75 60
55 6 61 96 22 44 5 87 42 28 41 20 12 14 92 90 10 73 73 27 54 10 44 27 57 85 32 7 96 48 56 54 24 33 28 51 18 47 24 34 47 52 91 45 68 67 37 89 16 3 17 7 51 4 96 77 6 38 59 84 82 27 39 87 84 85 86 18 81 86 77 81 70 56 96 11 94 100 80 34 93 36 89 63 35 90 61 7 52 10 40 48 73 11 21 27 75 72 12 87 5 97 57 61 73 56 89 41 26 62 100 50 76 45 19 46 47 62 56 21 12 78 74 98 28 93 61 95 22 89 66 16 69 63 99 67 100 97 28 54 49 84 63 98 17 79 18 97 7 20 14 34 40 79 71 54 52 37 44 6 91 57 41 64 36 13 10 21 12 72 6 66 14 40 64 69 58 41 71 62 13 52 17 87 64 3 17 10 33 75 78 49 3 80 71 62 60 70 32 70 10 41 88 18 70 87 9 71 25 66 6 56 55 10 49 16 83 27 55 20 18 78 100 37 68 38 22 69 44 28 36 94 34 34 14 23 94 44 8 40 90 7 70 54 25 46 80 71 53 16 35 34 37 2 24 14 38 16 32 8 0 91 74 5 83 95 65 67 54 59 58 50 79 44 95 34 18 70 97 53 94 36 72 41 55 41 65 28 5 17 97 73 27 19 84 46 30 29 42 20 97 60 77 61 77 85 88 17 7 96 81 94 63 83 40 16 13 32 60 1 77 51 38 17 48 80 57 81 61 79 63 19 25 8 68 91 88 34 30 100 50 34 49 98 77 22 8 63 8 13 36 26 59 40 53 97 95 1 77 100 0 91 31 43 59 37 90 17 35 14 54 53 18 80 46 55 7 80 34 18 49 56 16 37 77 84 82 9 49 82 70 87 52 18 66 81 18 82 86 76
41 85 77 83 40 83 95 72 32 34 97 87 44 88 33 81 21 53 72 66 59 37 96 69 3 14 94 2 75 59 98 80 31 85 61 100 92 26 23 22 56 49 42 85 6 85 26 26 73 79 20 34 12 76 81 0 12 39 78 57 54 34 3 20 28 79 70 40 14 18 45 41 80 47 29 98 24 93 43 8 91 42 0 78 30 44 9 68 67 38 59 46 2 9 33 61 42 53 20 91 75 69 77 38 15 87 27 60 25 52 97 37 88 78 25 96 49 89 23 47 58 49 22 6 48 100 71 5 20 89 83 5 26 61 74 36 26 71 33 54 45 2 70 30 68 76 91 51 97 96 64 74 0 57 29 4 43 41 14 51 83 85 51 92 27 37 64 2 56 48 88 45 79 35 73 34 37 21 17 10 57 74 43 98 98 15 48 6 76 97 26 38 58 61 39 50 9 36 57 16 18 5 42 86 9 4 60 30 100 81 39 60 71 75 0 64 70 4 55 71 76 60 1 57 78 44 84 75 50 65 78 14 64 14 70 43 89 20 84 40 35 40 46 30 38 72 68 33 71 8 82 12 78 84 7 70 67 24 80 79 65 48 1 1 22 75 55 25 72 21 90 6 96 10 61 12 53 31 30 35 37 99 17 61 65 4 100 100 33 59 10 16 25 26 16 0 95 42 6 71 35 94 51 55 10 33 37 71 15 53 81 1 21 65 70 96 18 45 12 19 84 59 93 43 58 43 47 81 79 16 1 15 25 12 76 41 21 88 93 64 61 67 59 40 54 21 35 38 96 40 77 80 76 45 27 0 83 69 89 58 8 77 64 97 80 38 1 31 93 51 48 18 63 22 51 10 14 81 4 22 76 20 3 52 85 2 88 99 44 77 78 84 77 8 13 96 48 72 47 95
38 43 62 69 68 70 47 98 29 57 83 5 12 0 58 1 95 57 38 45 43 73 29 77 88 45 55 66 22 12 65 85 36 23 72 80 48 79 74 79 28 22 33 50 100 92 64 8 32 87 90 29 60 96 20 77 94 49 88 12 45 11 82 62 68 64 22 84 27 22 45 79 54 27 26 54 15 89 58 15 17 12 7 32 36 20 15 55 55 64 8 18 82 10 97 45 74 54 99 54 23 87 48 27 86 77 73 21 59 32 31 4 100 42 12 98 90 10 31 55 33 7 75 59 26 67 13 53 15 29 86 41 28 92 23 56 91 59 99 15 30 17 29 46 99 32 9 56 7 80 73 60 93 63 34 61 96 3 84 17 32 36 6 73 3 33 74 64 62 62 59 46 66 33 60 64 84 65 63 36 83 47 43 99 69 7 17 4 58 89 50 71 20 100 78 48 11 45 73 13 63 97 58 17 80 59 33 67 65 14 49 73 20 18 10 71 99 98 4 10 15 85 22 78 30 50 81 86 45 65 13 31 8 64 93 91 57 7 35 79 9 27 52 61 89 59 29 23 16 76 42 100 4 28 68 13 96 9 63 14 78 43 56 16 78 47 38 20 69 38 14 40 14 82 60 12 57 18 75 24 2 52 0 90 14 73 80 33 75 6 99 95 84 51 15 64 15 55 50 62 77 49 95 71 32 71 9 38 71 52 95 36 58 34 82 76 55 55 84 53 70 100 23 26 90 32 100 44 64 85 21 64 32 43 77 50 51 31 22 28 60 32 38 36 2 2 38 0 87 38 59 59 56 12 66 23 22 44 23 56 42 95 9 74 50 18 73 40 80 71 33 19 98 53 0 6 68 33 67 59 16 3 12 67 2 26 89 95 9 76 28 75 8 4 1 70 43 76 31 10
13 1 37 47 95 84 26 32 47 27 32 23 49 12 74 89 11 50 39 19 76 24 57 10 76 60 20 38 96 54 98 0 48 78 20 4 63 39 59 48 27 53 68 87 71 71 75 9 25 11 7 23 48 94 66 37 44 30 68 30 3 53 91 98 49 47 12 88 71 66 0 31 74 9 1 97 22 30 80 48 49 39 35 49 42 45 69 42 8 26 88 11 5 94 42 96 68 10 14 28 24 85 99 75 24 94 73 99 13 44 6 97 62 73 23 89 4 88 65 70 78 64 1 71 19 34 56 35 44 20 3 25 80 58 13 25 42 19 91 38 99 10 6 97 43 31 77 13 80 24 88 68 83 52 43 71 32 81 64 57 31 47 29 3 25 84 85 58 93 49 58 41 16 3 16 5 49 20 8 24 96 74 83 25 86 15 9 74 74 3 11 11 69 47 19 53 11 94 37 19 49 26 70 87 55 63 11 91 64 83 92 14 62 68 48 84 36 32 54 40 45 88 96 16 65 13 82 88 31 53 8 29 93 4 41 1 83 55 63 53 13 15 64 86 94 31 71 32 7 21 83 89 18 82 21 41 76 3 16 72 43 17 39 20 9 71 5 97 68 76 17 69 49 15 21 73 14 98 58 16 48 86 70 31 100 42 18 4 79 19 96 29 67 42 20 65 83 9 88 51 80 50 26 96 63 43 83 98 18 100 77 0 94 77 27 93 49 3 37 54 12 86 4 74 4 89 61 65 92 46 71 5 64 19 36 17 22 74 10 21 88 47 67 63 93 42 99 42 50 85 45 11 8 12 20 80 84 7 11 56 43 74 66 88 11 61 49 70 13 9 2 39 18 88 22 73 78 73 91 51 62 30 72 70 91 62 51 23 97 54 13 71 13 57 19 66 10 40 37 47
85 72 43 75 8 65 9 76 53 43 72 15 39 3 55 53 6 1 35 57 93 75 34 19 34 35 76 27 85 19 77 95 9 60 67 37 79 64 84 71 14 79 20 75 11 75 72 66 55 25 75 76 55 70 81 6 46 51 78 47 94 62 63 31 24 63 52 3 77 60 83 4 51 68 3 54 60 16 11 18 22 41 90 9 30 51 52 57 11 24 32 60 32 90 32 33 65 17 61 66 9 0 31 85 5 45 81 30 23 45 34 20 23 41 51 46 95 42 5 54 19 91 69 21 70 21 10 47 11 37 16 3 79 41 87 99 55 86 88 11 32 5 59 7 17 59 95 90 57 94 0 99 62 73 87 45 58 89 61 13 88 72 50 18 33 7 79 79 37 95 13 56 52 19 50 0 58 41 38 35 23 18 11 97 97 97 24 56 94 100 30 49 56 77 93 88 48 11 97 90 2 81 59 97 45 61 36 20 22 80 95 73 63 12 29 97 86 17 44 27 0 1 97 99 90 44 53 41 87 80 41 14 29 34 44 29 29 20 45 84 62 31 66 11 48 81 25 93 70 7 46 81 29 47 86 36 94 90 71 90 22 99 10 13 46 29 4 32 29 61 57 87 81 73 13 92 45 34 90 96 10 93 91 4 75 68 0 23 4 51 96 31 68 31 13 88 49 53 70 96 50 54 33 100 69 25 53 5 58 83 50 38 43 34 13 80 72 35 27 21 24 98 33 60 22 23 50 97 50 85 51 17 80 83 75 23 17 31 66 39 44 4 42 76 89 60 92 33 19 26 56 58 68 7 83 26 78 13 83 24 51 88 78 65 67 93 13 90 96 77 96 64 74 46 61 69 24 78 94 37 59 0 66 79 17 45 16 43 96 30 8 83 61 86 48 48 50 80 20 15
20 79 94 41 87 43 12 75 95 9 1 3 61 66 0 5 1 28 93 22 9 5 27 25 33 34 72 70 30 38 62 65 4 55 65 69 19 38 96 92 30 43 12 66 37 32 32 74 34 43 65 88 14 66 5 18 46 41 24 79 79 33 77 10 39 48 69 26 78 53 21 6 48 38 27 82 15 47 3 83 53 7 92 26 26 69 72 94 91 75 41 22 20 27 2 11 92 29 64 71 18 63 70 58 30 80 32 52 80 9 53 84 76 36 7 5 71 76 64 61 15 59 100 4 23 16 29 62 18 25 1 76 91 45 11 17 8 92 100 36 88 82 62 74 22 63 78 33 100 99 44 16 98 45 100 55 55 89 76 31 45 0 29 30 76 74 96 80 71 86 36 76 16 62 77 6 58 61 88 57 85 64 8 79 6 100 100 9 63 70 84 100 95 3 9 15 82 56 91 73 31 39 68 25 81 86 4 23 22 70 20 13 43 57 22 29 21 29 36 31 7 61 81 51 85 63 3 77 76 73 61 85 84 36 85 28 96 64 92 15 14 91 85 15 99 79 83 42 12 7 50 30 19 25 42 23 75 72 59 2 27 23 58 78 91 84 30 84 24 39 43 53 67 66 92 99 8 40 66 68 91 9 72 31 39 18 76 83 4 48 45 48 67 5 90 58 7 7 42 50 20 56 30 83 89 75 97 20 64 100 49 30 49 22 77 68 11 91 22 34 64 61 25 79 19 3 21 17 66 19 88 87 3 84 69 42 23 100 30 100 10 55 20 41 44 53 29 43 1 49 32 26 58 7 68 73 78 100 88 34 64 14 36 53 34 29 89 2 10 1 77 97 55 76 59 2 53 23 26 26 52 62 8 61 4 58 77 27 36 89 85 2 87 74 89 91 98 35 98 55
75 53 57 57 66 7 7 82 81 17 17 72 98 89 78 51 77 76 28 89 90 65 82 85 66 46 26 21 53 43 56 99 16 11 15 79 56 69 28 26 97 42 87 0 3 50 94 30 65 26 27 21 11 94 15 35 56 5 59 14 66 75 88 89 13 27 78 58 94 73 35 45 88 45 100 88 73 36 94 78 39 8 1 93 92 58 94 15 4 42 54 91 7 59 82 98 78 13 51 24 27 1 44 99 16 48 6 69 11 39 73 36 31 85 16 45 5 32 99 8 89 44 1 94 19 17 36 68 89 79 75 89 61 28 20 35 77 3 50 14 39 29 54 55 19 48 29 83 33 28 36 10 76 7 45 29 36 74 84 43 57 64 53 97 49 67 19 4 15 74 75 29 14 4 38 24 25 60 18 79 84 46 27 10 73 8 47 21 36 71 86 91 17 87 8 41 62 36 91 81 59 36 18 21 52 90 33 13 59 93 94 25 60 83 35 67 68 84 39 58 62 41 65 68 55 48 58 29 16 46 66 4 33 40 100 32 60 42 10 80 98 43 80 45 9 100 22 9 46 58 24 64 45 43 85 0 10 85 82 90 37 31 77 96 17 62 10 92 87 65 57 49 92 86 64 83 12 67 44 13 38 41 20 89 9 20 68 39 31 86 44 97 62 25 97 12 51 0 74 0 18 75 73 36 33 5 77 31 99 27 99 82 48 40 96 77 47 77 68 52 32 29 53 76 18 86 89 46 66 26 98 1 55 12 21 100 50 27 46 39 78 5 90 79 45 42 40 70 70 28 90 65 68 18 93 39 97 64 13 97 83 95 65 34 66 94 31 54 11 98 96 16 10 28 45 60 5 28 40 38 41 22 40 50 20 26 51 27 50 22 77 82 11 48 61 89 76 55 27 100
85 33 2 20 91 3 24 39 26 53 98 59 14 3 30 53 60 86 8 71 46 83 58 94 87 11 29 53 60 36 74 78 4 4 29 91 9 86 65 63 85 72 51 62 45 67 68 97 100 59 97 6 39 38 6 93 95 34 31 45 13 60 36 49 47 5 95 89 79 14 90 10 92 23 53 67 53 26 19 95 25 96 45 25 0 3 86 4 14 94 43 97 6 37 0 8 81 68 39 26 21 49 43 32 19 77 86 91 8 81 93 86 39 42 5 61 58 80 55 55 67 58 7 2 68 100 51 86 80 23 75 30 21 84 74 45 98 89 79 10 67 63 1 15 6 3 69 22 72 25 31 39 92 99 48 83 20 67 85 45 93 89 59 15 28 43 80 52 19 31 33 43 48 4 20 51 80 1 90 7 61 67 56 18 10 71 15 45 32 29 82 0 8 15 18 68 24 12 83 14 22 42 28 52 46 37 43 48 38 14 0 77 18 73 6 100 6 41 16 15 48 97 83 23 9 93 60 72 91 87 2 30 79 77 82 33 82 73 85 62 70 1 48 19 50 80 52 59 7 68 26 56 15 74 13 93 17 40 62 30 42 83 63 66 18 13 10 70 69 9 52 98 30 46 73 65 32 58 66 5 8 39 49 70 69 64 97 73 43 99 10 38 95 41 40 83 55 81 85 41 75 70 2 78 48 14 26 54 37 50 77 44 35 89 61 72 61 63 0 18 5 16 55 43 61 12 22 7 96 0 92 83 49 4 77 96 73 62 91 24 98 19 38 85 25 52 51 13 44 20 3 12 59 67 56 78 98 41 26 58 36 82 60 46 32 7 61 41 0 42 18 13 9 68 19 87 63 94 27 96 65 31 13 2 26 80 45 62 38 69 2 62 89 64 9 14 54 58 10 43
63 48 0 17 14 98 15 57 97 48 67 99 8 12 22 35 82 24 4 40 60 68 79 91 99 70 50 12 0 73 65 49 29 40 40 87 53 39 66 9 36 56 93 45 90 24 79 57 97 55 58 8 56 39 1 78 11 15 34 90 4 1 37 55 6 92 25 41 54 56 15 71 20 72 65 66 6 56 78 23 60 43 36 36 10 52 15 65 0 75 95 98 91 71 69 83 8 53 37 20 84 24 56 100 92 64 5 2 29 6 35 66 25 31 55 45 77 62 9 18 76 38 61 7 16 70 9 32 8 24 5 63 82 33 70 31 17 39 18 89 57 15 35 73 52 77 47 88 37 62 43 69 67 60 67 65 6 98 79 88 32 28 19 11 41 47 58 65 22 49 75 55 84 36 94 25 72 28 3 64 81 96 25 65 90 73 96 59 43 66 73 4 16 6 53 80 55 87 54 35 99 0 3 55 73 19 31 23 2 12 65 85 85 31 16 91 90 26 68 78 97 44 12 35 64 83 39 50 67 77 60 82 100 74 29 80 27 18 21 12 87 65 32 62 23 21 56 70 27 90 78 25 6 5 2 55 64 44 76 52 36 97 5 17 79 75 25 54 24 60 46 19 84 64 67 6 58 51 10 6 36 46 28 81 41 39 90 35 79 84 1 59 16 70 75 66 66 64 49 89 64 40 80 83 8 47 9 67 78 90 96 26 3 80 32 66 73 77 57 42 48 63 22 21 75 65 73 73 61 14 21 56 29 79 77 7 88 36 91 58 57 41 4 5 25 94 45 80 39 47 0 31 89 74 3 100 1 21 97 20 54 100 30 63 71 51 10 8 4 6 48 0 100 57 42 21 35 89 57 12 17 20 70 84 72 60 65 60 58 99 36 5 39 63 79 99 39 36 48 6
43 64 32 59 74 28 89 13 42 80 87 100 5 27 41 56 93 22 50 35 13 54 73 64 42 84 0 26 17 46 41 37 14 77 76 36 2 73 73 90 37 68 82 53 64 74 87 63 37 85 69 10 32 93 100 77 81 4 13 34 36 64 77 50 28 32 52 40 30 97 25 46 91 13 63 24 56 15 3 78 92 40 96 95 90 36 92 45 50 87 13 53 71 90 71 50 72 40 56 36 11 46 96 17 12 71 62 19 35 99 51 4 87 54 26 87 92 59 26 65 35 78 14 52 74 19 24 0 56 14 97 8 25 46 58 10 98 19 92 58 54 72 66 46 0 44 83 63 54 39 52 30 78 2 27 58 96 17 67 89 88 33 18 76 11 43 47 30 97 45 75 79 95 86 48 18 90 74 47 35 61 82 29 7 63 11 86 81 29 97 95 84 26 9 7 90 19 20 33 52 64 30 96 13 86 8 47 82 31 32 4 84 95 22 10 40 26 52 78 9 70 95 47 100 76 7 19 5 85 90 65 58 4 57 38 86 28 95 91 0 9 17 52 80 31 3 31 79 34 20 81 36 51 96 16 24 72 26 23 60 94 33 82 55 13 2 0 88 43 76 69 26 48 1 16 46 89 97 41 70 84 83 14 96 94 56 91 13 49 35 17 12 72 20 63 66 58 52 33 47 12 80 8 81 26 41 26 51 25 27 52 82 27 59 14 30 19 33 22 91 57 81 90 29 46 54 99 93 9 30 90 24 78 82 49 39 48 35 57 90 43 23 96 65 54 29 24 72 22 100 2 47 46 12 97 57 23 70 75 35 64 33 60 71 22 94 77 74 77 20 42 60 80 73 25 83 55 0 98 88 71 33 95 37 0 89 5 29 76 49 33 63 100 53 22 77 84 84 23 24
53 11 54 0 60 16 17 6 88 89 68 69 86 71 90 37 36 27 90 60 85 85 50 32 38 3 1 76 55 9 16 26 86 94 40 10 91 73 0 78 45 56 62 28 91 68 26 81 73 95 87 33 84 34 64 75 74 22 5 33 29 20 59 1 5 100 8 80 0 47 88 6 97 57 50 18 40 40 0 100 41 15 98 81 58 17 89 94 76 42 50 14 93 3 91 12 55 50 54 3 83 32 2 53 80 78 44 34 76 50 39 27 20 94 52 4 30 69 39 71 57 48 76 58 23 23 93 39 73 54 70 73 52 34 7 11 23 44 93 61 44 45 53 2 28 4 41 58 7 72 91 91 86 38 54 89 67 39 55 85 60 74 58 99 90 37 60 70 91 93 99 19 84 47 14 46 93 20 26 70 6 1 69 19 42 14 29 11 81 8 59 55 32 18 81 73 98 75 33 61 28 97 75 31 95 97 86 76 54 19 33 43 81 59 58 72 15 94 64 56 70 69 5 2 50 81 29 67 48 4 66 15 59 19 35 27 34 79 73 92 39 42 85 64 59 20 43 75 39 98 96 77 27 85 45 67 2 39 70 92 25 24 82 95 18 6 33 10 76 79 28 25 63 15 52 71 75 62 38 73 76 34 55 74 62 59 60 57 59 82 42 23 4 72 26 65 11 20 47 12 100 74 11 82 72 63 30 99 71 72 84 13 80 97 41 47 46 35 29 36 42 87 17 97 52 26 94 57 75 85 53 72 7 44 90 60 25 39 74 71 75 42 69 37 16 80 83 28 70 9 8 70 67 66 76 68 63 3 25 59 77 66 73 38 32 13 52 56 70 9 8 89 23 50 15 14 77 94 71 23 48 41 76 62 0 99 71 42 76 95 53 93 57 50 78 34 95 45 48 94
43 56 20 68 57 59 21 63 27 77 8 54 1 58 57 36 29 52 27 87 64 63 34 73 53 15 57 60 69 56 97 63 27 9 44 87 83 20 32 63 93 5 52 32 17 43 39 44 17 91 83 54 72 57 73 26 52 83 72 21 68 95 71 17 83 6 96 90 12 93 40 57 43 7 77 44 44 20 61 71 23 32 42 67 45 1 68 28 95 3 27 43 37 45 72 69 100 12 10 91 74 29 91 35 47 25 21 4 35 0 1 69 39 63 62 97 33 38 0 0 58 65 5 24 4 19 1 30 87 4 21 77 23 73 24 59 41 86 35 50 48 47 48 55 47 43 15 61 72 33 75 1 4 88 74 56 23 42 14 59 53 1 7 37 48 80 82 56 48 0 36 73 23 41 35 17 69 27 62 83 62 96 4 98 33 22 40 57 54 41 19 52 90 9 70 61 7 60 2 84 20 91 71 42 48 26 21 49 36 86 20 22 78 29 38 42 63 83 38 83 45 7 23 9 96 51 22 88 26 3 40 75 90 87 44 95 71 4 33 100 40 99 49 24 100 89 80 91 23 63 21 63 22 93 18 52 74 82 19 48 45 43 87 54 52 22 71 31 23 37 39 41 77 74 60 6 89 80 44 53 30 77 53 58 12 3 60 22 98 0 33 28 52 21 55 61 74 51 82 13 23 24 53 7 90 77 69 14 18 90 95 35 23 23 81 87 44 50 14 12 43 89 33 70 87 24 71 30 64 86 67 3 65 44 12 26 6 67 35 33 84 31 54 69 100 79 36 2 17 44 70 6 89 26 91 61 52 93 22 57 19 81 83 18 3 90 47 13 34 7 9 74 61 99 23 41 25 44 55 6 13 77 90 14 91 7 65 71 47 30 38 60 30 2 34 65 68 26 27 53
28 79 65 51 63 26 90 89 62 23 0 23 50 20 37 39 61 93 48 68 76 21 14 38 63 53 36 53 47 14 10 67 23 37 7 48 26 34 8 13 15 53 63 96 15 1 15 78 31 16 33 0 11 41 48 64 96 100 89 99 60 95 10 21 44 94 81 20 65 44 80 91 11 73 56 62 69 58 23 25 95 39 50 85 62 4 67 1 0 91 41 51 55 68 71 78 69 68 30 32 49 19 55 36 1 37 15 61 41 93 58 34 8 7 10 78 36 96 6 35 84 17 38 17 9 90 89 3 71 48 97 39 47 96 78 61 89 93 31 53 68 92 47 8 31 38 44 44 45 65 26 13 20 96 21 7 22 87 46 83 83 47 56 68 52 7 0 72 73 27 54 30 68 23 71 68 10 54 66 19 19 10 55 60 60 91 53 2 24 68 37 92 56 47 63 75 17 69 5 45 39 39 2 42 13 87 51 18 96 91 11 13 97 37 53 57 46 38 64 71 73 35 85 87 30 53 36 6 60 85 15 30 94 25 22 82 72 87 42 44 42 33 12 43 25 88 78 25 53 85 22 41 15 23 45 33 14 28 36 2 13 66 21 31 36 14 83 100 62 47 81 28 20 30 4 78 93 81 90 43 3 33 57 38 39 100 94 14 95 70 16 81 51 82 58 51 88 20 41 60 61 24 7 46 48 82 67 72 54 41 60 94 56 5 73 63 14 92 29 57 17 27 54 68 48 27 38 22 6 92 45 27 76 2 88 90 62 70 13 4 32 5 39 16 50 89 3 18 66 7 12 67 59 70 79 45 31 18 81 89 75 54 35 18 100 68 93 53 68 43 70 84 30 5 50 66 93 21 39 88 91 63 2 63 60 10 17 31 19 63 18 67 5 2 0 88 40 52 42 92
20 83 3 19 70 73 69 98 9 80 76 37 1 16 27 36 37 24 67 13 11 75 69 7 13 71 4 29 96 71 3 60 15 47 74 55 79 34 59 91 60 80 44 19 100 67 37 11 91 60 57 34 48 76 78 80 68 29 76 28 50 78 12 31 15 12 26 15 77 74 33 39 40 95 41 76 54 63 72 82 47 93 77 17 62 98 12 42 46 34 48 84 64 95 87 2 83 97 70 72 7 2 51 63 8 22 90 69 43 72 25 44 18 24 10 16 68 86 76 28 59 43 49 11 85 99 37 16 29 47 99 56 25 18 73 67 62 42 44 29 46 1 80 84 25 22 41 58 85 12 67 27 99 4 59 50 75 68 63 87 57 45 6 57 47 12 17 70 79 71 34 77 54 31 84 2 36 46 98 99 90 27 21 10 52 98 67 68 69 51 68 21 14 94 85 57 97 87 38 14 97 24 48 26 23 73 95 33 58 37 92 69 78 36 91 78 9 44 78 34 79 45 76 96 76 74 18 59 72 92 13 8 75 71 41 20 75 23 60 93 9 31 13 65 28 5 74 2 97 45 28 11 33 27 63 37 19 40 30 68 21 28 96 47 52 64 96 35 94 8 6 52 82 8 84 71 27 73 71 2 59 30 53 16 37 52 16 53 48 87 63 86 44 8 89 79 10 92 96 91 44 20 26 40 34 74 63 60 69 64 58 93 62 55 0 90 45 56 67 0 8 86 13 87 86 43 93 22 40 50 12 70 74 3 33 91 26 38 63 22 54 36 80 95 30 88 50 31 73 37 15 28 59 3 96 83 82 57 92 83 47 88 38 31 55 45 26 95 84 51 1 48 71 50 67 99 57 39 64 97 79 28 56 8 27 70 55 40 76 31 100 4 72 63 27 32 91 7 74 82
42 36 36 71 64 89 100 60 75 31 58 75 100 97 30 99 11 45 61 65 63 37 38 71 17 16 11 0 45 55 49 99 11 20 17 100 64 94 26 63 6 80 31 52 7 3 54 32 97 84 78 54 51 53 36 78 22 72 49 82 87 29 49 40 3 78 73 1 0 93 26 48 97 3 73 76 78 2 40 9 36 83 59 82 14 77 26 62 46 36 80 87 22 56 68 12 88 39 87 32 77 49 61 51 90 72 30 33 86 11 49 9 11 44 0 80 43 22 46 51 9 27 48 83 92 1 52 99 50 7 4 82 41 68 6 18 18 41 17 13 41 97 53 79 16 7 21 68 2 91 15 3 5 24 13 2 4 75 86 59 76 69 5 92 32 52 89 96 1 24 48 19 98 63 10 22 43 59 48 12 91 32 0 73 62 21 20 34 9 40 51 0 20 35 58 14 10 79 52 90 82 82 2 24 73 20 79 0 60 22 6 10 69 23 97 15 40 2 94 59 37 62 5 46 61 99 51 49 69 40 86 28 33 46 26 21 41 13 54 11 12 32 77 21 19 88 0 41 23 78 95 60 26 45 72 85 28 8 17 46 39 49 94 19 6 50 36 30 87 3 95 0 64 0 84 5 100 17 90 1 74 84 94 100 38 49 79 64 37 17 100 79 51 33 58 4 29 90 56 69 40 66 50 45 98 46 91 37 25 49 64 23 83 73 22 99 55 29 3 46 43 23 92 100 43 94 74 84 57 16 4 69 41 100 50 65 68 32 32 15 10 9 64 45 44 71 99 67 16 23 15 86 28 43 67 64 69 97 20 98 38 74 0 36 32 34 27 73 26 19 19 82 96 92 44 95 12 38 98 70 54 59 5 42 77 35 86 83 22 69 20 39 92 83 45 95 37 87 71 12
16 44 44 50 86 3 89 99 96 74 53 73 80 31 33 24 46 52 58 50 86 99 15 92 96 27 47 68 42 6 13 68 58 58 88 16 14 42 26 11 96 69 51 66 2 55 82 25 6 82 65 18 5 40 16 21 66 73 62 30 23 41 25 75 55 74 35 61 24 38 2 44 18 95 24 67 48 52 90 7 39 22 81 85 62 61 22 25 32 14 10 2 36 69 16 42 79 46 22 67 33 53 32 7 65 62 100 6 46 24 93 29 33 38 9 47 90 89 43 7 44 67 70 35 71 25 13 23 92 12 14 33 42 33 63 98 71 13 21 48 55 6 62 60 96 36 80 72 50 76 73 26 8 16 96 45 77 99 51 55 62 75 5 20 65 96 84 95 31 9 48 67 64 21 20 75 73 94 28 53 45 82 81 12 69 23 64 91 94 61 40 35 82 37 26 98 0 6 32 72 13 78 73 99 98 52 77 18 0 18 32 8 81 55 37 14 22 85 18 88 71 30 31 2 98 21 44 72 92 62 70 78 2 24 82 19 30 82 70 6 82 30 90 56 59 67 64 6 97 31 39 37 82 10 98 96 7 27 87 33 82 5 1 46 76 76 40 81 60 78 16 74 57 75 32 90 48 1 48 87 21 73 61 37 48 17 26 74 75 58 58 37 13 57 46 11 58 90 49 12 40 31 6 98 11 88 24 48 20 90 83 58 5 27 68 99 17 42 68 10 77 16 83 83 26 41 54 85 33 39 25 97 75 74 28 80 100 61 50 64 18 15 21 79 99 41 61 23 5 1 4 11 37 22 4 15 100 26 54 16 68 32 36 89 12 100 9 35 31 38 93 64 55 12 62 1 97 80 43 52 91 91 84 91 70 74 27 67 28 58 66 64 83 61 82 56 60 42 32 32
51 77 79 49 89 74 47 100 57 2 80 3 34 18 11 8 97 73 75 55 34 71 27 19 79 71 12 62 98 4 36 51 76 84 89 84 28 3 78 20 31 100 32 70 65 18 38 29 0 85 5 17 1 18 79 34 59 42 44 93 13 13 41 63 2 44 48 69 28 99 60 5 37 29 50 52 32 2 20 44 35 81 76 22 88 34 46 15 4 32 76 27 99 40 32 16 68 27 18 34 27 14 54 56 2 28 6 27 49 16 7 100 71 32 42 85 62 18 93 43 60 74 56 64 33 37 55 43 29 16 78 55 14 24 80 52 48 83 26 76 31 13 23 5 27 89 25 83 16 39 58 68 28 16 32 97 70 78 69 90 63 66 18 3 31 24 65 67 20 68 89 61 50 100 44 73 27 38 22 8 52 59 46 34 0 39 8 21 52 62 30 1 15 3 65 95 98 40 61 32 30 64 43 22 30 49 29 18 40 44 42 38 93 76 27 62 2 64 64 70 71 86 99 62 13 99 16 91 87 16 89 90 92 59 5 96 55 47 2 90 80 86 100 93 54 17 38 86 26 62 81 66 3 44 63 26 22 100 32 92 43 1 75 64 4 73 56 91 67 35 18 60 49 97 81 58 88 10 25 83 63 92 96 13 33 40 65 80 18 78 75 55 33 75 69 36 40 39 23 99 76 30 95 90 36 33 49 89 2 64 69 31 62 79 91 2 28 87 7 34 11 73 44 24 34 77 30 31 75 54 81 77 29 49 7 77 65 5 90 65 69 2 40 39 73 31 29 55 56 60 91 98 50 29 54 19 75 98 89 28 17 63 53 7 70 36 33 13 16 54 64 20 50 34 27 63 65 79 93 47 0 86 41 18 42 37 39 66 65 55 18 10 81 48 97 22 38 48 80 4
70 36 13 3 47 39 47 14 3 1 51 49 63 13 65 7 57 10 13 39 28 71 49 71 3 30 91 51 73 61 67 92 21 99 34 59 79 83 11 69 52 1 61 50 73 2 43 21 98 43 71 71 90 56 27 48 35 32 91 93 61 11 39 31 62 0 16 31 11 23 16 3 94 1 72 10 88 87 95 91 11 0 18 77 1 47 40 11 29 19 45 84 49 42 94 96 29 92 98 49 52 24 62 33 39 28 1 41 74 57 74 99 26 86 79 93 63 15 85 68 82 58 75 54 91 24 27 39 86 29 21 2 1 91 30 73 69 63 50 10 63 100 69 77 82 76 6 17 13 73 16 9 22 98 53 6 77 24 40 68 28 83 60 45 68 31 97 75 92 99 81 11 73 24 96 99 90 21 7 83 79 17 70 57 3 0 44 19 46 100 98 66 76 68 73 77 16 22 64 41 12 71 52 59 82 52 14 20 28 4 13 93 1 17 83 11 66 77 100 67 66 81 20 53 51 13 38 94 67 18 62 76 35 3 67 93 100 11 28 45 67 3 36 31 98 82 51 62 76 75 54 60 90 48 84 72 93 74 42 75 62 16 80 93 55 27 97 14 10 30 34 49 88 39 52 2 41 41 92 74 76 94 95 31 24 87 4 95 82 81 59 56 25 36 57 89 34 82 13 53 52 70 15 50 64 53 17 42 19 22 14 82 59 53 70 38 41 26 10 92 85 10 63 100 70 92 50 76 24 37 96 16 84 22 44 86 42 80 55 51 13 87 51 35 77 49 78 88 54 48 94 62 24 86 81 79 52 53 44 72 97 16 26 55 59 37 64 73 53 17 8 76 67 59 9 99 96 4 76 74 26 77 100 70 23 70 39 5 38 91 69 27 9 42 5 38 31 10 27 7
19 42 55 21 94 99 28 56 52 75 47 60 36 23 14 14 62 26 83 8 87 26 82 79 34 41 51 25 32 0 46 77 85 28 2 3 20 27 34 67 89 38 17 47 84 64 81 23 98 32 75 54 76 28 91 0 97 29 52 4 32 67 7 22 92 52 90 62 10 62 41 58 24 42 77 79 18 80 58 76 8 16 84 51 86 17 16 26 31 59 52 41 36 62 34 95 84 9 93 36 27 92 92 5 43 91 77 99 93 60 97 57 1 62 36 76 66 66 7 35 17 92 90 91 63 99 41 59 6 47 26 24 75 93 59 84 39 97 59 1 74 91 4 27 3 32 16 4 57 59 54 34 90 58 75 100 62 99 91 25 43 2 84 7 41 2 3 55 33 60 54 27 43 40 26 91 47 60 21 88 40 92 99 7 19 84 62 27 6 89 85 31 90 44 8 95 88 74 21 20 32 61 96 25 63 17 5 36 59 5 74 13 80 89 100 9 15 69 97 39 44 61 80 98 16 13 47 5 0 50 41 20 88 68 15 2 91 82 81 21 39 40 18 64 83 84 44 15 48 16 78 42 55 16 38 73 42 32 12 71 14 10 90 61 54 35 36 11 80 82 86 56 67 21 63 23 67 19 68 20 64 40 84 22 20 67 68 46 52 97 55 35 79 9 14 18 66 89 50 13 80 88 96 8 78 37 1 77 26 40 67 85 41 15 23 30 91 7 19 60 25 80 81 31 99 95 12 82 63 30 51 78 17 17 58 93 18 71 47 58 37 40 89 99 22 68 50 64 23 56 35 24 85 28 58 99 92 15 2 29 68 21 16 32 21 34 37 72 47 4 94 41 19 47 46 63 38 74 14 6 87 30 91 8 7 8 99 48 4 87 3 44 30 69 96 24 83 51 97 45
16 50 71 83 5 16 23 16 82 24 29 73 40 91 80 43 55 43 26 49 12 93 58 96 22 47 23 33 52 47 97 34 90 16 57 82 93 60 13 24 12 20 94 79 36 97 46 74 58 13 8 15 80 62 87 25 37 68 16 60 54 79 0 43 59 8 27 60 14 93 31 89 62 36 42 90 31 15 75 35 72 41 4 18 29 70 30 68 21 9 2 70 24 19 7 13 41 58 68 16 23 78 85 12 93 52 4 49 60 6 22 83 72 82 4 71 35 18 12 66 78 3 13 66 40 73 38 51 61 57 63 66 62 64 5 33 90 30 29 32 37 29 52 89 79 95 12 47 0 33 83 5 38 42 21 24 21 60 66 64 33 49 91 99 84 36 65 45 45 77 96 82 19 18 9 38 49 92 54 59 81 52 8 79 33 37 47 15 53 49 28 62 28 68 74 72 34 52 64 1 46 37 13 19 96 59 40 4 32 46 65 70 41 73 12 61 80 19 75 50 43 5 2 98 2 80 9 65 74 92 72 37 33 90 21 74 73 51 29 8 47 91 54 22 16 96 88 21 47 61 39 100 61 55 14 85 45 89 94 87 16 16 95 38 9 21 63 12 18 43 5 12 24 40 0 90 17 97 99 97 45 72 4 95 44 27 11 5 42 94 15 80 70 90 58 26 78 10 8 35 32 41 57 39 22 60 75 30 30 77 63 73 59 9 52 13 57 52 96 32 2 21 85 93 22 30 96 23 52 48 87 40 32 98 14 62 79 49 100 72 72 34 97 77 65 9 91 19 34 98 42 23 81 63 94 54 19 25 93 53 50 29 84 29 43 79 63 64 68 82 68 82 50 15 79 49 20 88 97 5 81 73 68 67 9 5 1 68 55 40 29 71 61 93 59 55 23 45 43 78
49 62 19 69 26 2 14 88 4 93 38 74 81 61 71 69 83 21 61 67 12 15 37 7 0 96 6 43 50 77 84 30 37 36 55 43 4 26 35 83 1 76 83 79 52 17 49 100 97 48 20 84 61 34 37 31 96 33 69 71 72 100 52 53 81 34 22 71 78 89 18 31 66 35 64 64 46 19 3 11 90 52 80 56 72 12 80 79 56 70 74 48 66 13 45 15 67 24 53 46 85 72 17 30 49 73 32 19 36 92 93 56 13 88 10 56 31 38 66 76 30 40 75 66 89 61 38 7 19 60 87 100 67 34 27 28 0 82 4 57 78 27 68 44 19 27 44 4 80 75 97 59 59 89 62 52 69 59 70 62 15 7 58 0 77 27 91 24 9 52 6 69 29 61 58 59 28 68 56 66 87 35 13 36 47 4 53 59 8 7 45 85 57 86 44 33 29 42 47 66 73 80 64 75 47 57 57 26 23 77 34 22 51 49 92 32 78 45 55 51 61 85 57 88 22 56 69 62 25 12 62 39 14 63 78 6 0 94 7 16 53 14 78 51 12 67 73 67 15 35 21 83 14 51 16 18 21 89 43 42 90 59 7 53 38 98 16 68 32 89 70 2 27 91 55 76 84 50 55 65 44 73 93 77 37 29 77 60 70 71 100 81 4 29 64 42 15 28 64 3 66 44 3 34 16 99 43 4 21 7 22 88 14 49 52 44 84 36 70 39 0 80 76 22 8 62 26 27 69 60 1 49 52 2 3 33 42 41 42 64 41 17 25 99 47 49 55 3 29 35 99 84 16 18 51 68 28 14 94 53 1 88 13 66 67 28 59 17 94 69 10 67 24 100 82 96 44 94 43 23 35 26 33 44 84 72 87 30 61 85 27 80 7 41 15 55 42 14 69 67
24 6 89 65 0 90 79 91 8 81 62 64 47 5 32 22 89 93 74 23 91 46 39 29 53 45 21 43 11 71 20 57 35 13 24 21 92 63 97 39 36 92 32 12 48 36 72 84 86 71 36 58 0 13 37 24 57 60 38 74 91 51 37 4 91 44 39 7 22 19 94 56 21 92 70 14 44 59 98 13 63 74 40 5 71 0 11 84 38 71 1 49 14 13 69 1 82 52 16 32 18 79 72 21 20 33 43 76 17 97 56 62 94 17 63 72 82 11 6 99 31 92 32 17 60 97 49 95 48 69 19 7 76 57 28 24 1 40 82 85 33 83 26 24 50 89 97 91 51 88 31 11 26 38 73 3 94 67 57 82 23 34 6 69 93 47 70 87 38 36 72 7 36 42 21 45 9 18 98 33 92 49 77 74 14 68 71 39 36 21 46 98 89 61 91 32 12 7 68 87 88 54 81 79 26 86 81 94 75 37 11 46 11 32 77 52 20 2 39 21 66 76 61 44 49 30 43 2 61 63 59 75 71 81 30 32 29 18 33 97 12 29 16 71 32 51 6 51 89 92 89 26 70 31 66 69 1 77 0 100 95 79 92 84 29 55 4 25 87 93 56 99 99 13 97 9 95 97 91 96 2 52 19 0 64 26 15 8 20 13 11 2 26 61 41 25 18 2 14 55 34 75 44 9 66 60 74 43 52 9 69 48 27 68 51 6 84 37 89 87 60 2 87 14 15 4 84 10 92 37 17 34 55 81 59 70 20 12 26 83 40 13 60 23 20 61 26 61 3 52 42 66 20 62 81 32 83 37 48 1 63 97 20 10 18 60 65 4 93 26 35 53 53 36 69 30 27 64 86 24 65 25 8 51 30 57 29 19 15 34 5 78 95 22 32 100 85 52 40 78
49 82 49 45 32 15 17 34 62 35 63 3 72 41 87 96 41 27 21 77 57 82 89 38 41 94 44 13 10 85 62 42 60 36 38 56 85 58 94 14 83 47 55 55 75 68 10 85 90 9 65 61 85 42 42 53 3 94 5 78 56 77 37 39 67 61 58 19 23 10 81 64 31 41 5 42 100 47 9 69 76 45 85 72 51 16 1 54 94 76 27 97 49 56 21 25 76 12 76 63 47 82 47 50 52 29 58 83 15 20 38 100 76 50 64 89 23 3 18 28 71 83 9 70 99 12 66 42 49 10 87 49 2 15 20 18 31 38 42 85 57 0 45 10 61 50 11 15 8 25 71 84 23 79 44 99 25 26 25 70 85 19 24 42 10 14 56 34 24 4 36 46 13 6 28 29 42 47 50 64 53 15 60 10 80 50 39 70 35 27 40 19 40 29 0 94 7 34 24 93 79 55 80 94 93 21 71 79 75 92 32 11 100 28 1 25 100 56 96 85 90 67 47 78 92 16 91 98 22 12 70 30 29 63 90 98 90 14 9 84 53 87 19 33 43 98 16 96 40 78 69 91 89 62 67 89 6 22 69 75 66 9 34 66 25 4 95 27 87 88 67 23 45 47 70 32 81 93 25 4 14 66 45 7 41 73 58 53 53 22 88 0 19 60 97 83 0 19 88 19 68 69 39 86 11 66 63 21 78 0 50 39 67 86 22 83 99 69 54 88 84 46 54 41 34 28 85 79 96 100 30 66 41 61 39 22 32 40 50 78 83 74 45 30 35 52 34 14 44 38 69 58 35 58 44 24 54 19 77 96 52 54 13 52 97 63 28 22 58 14 95 95 51 37 89 58 76 31 46 41 45 95 67 42 28 16 35 27 60 94 74 29 66 15 14 37 38 96 2 36
7 52 16 89 76 11 0 2 22 77 50 34 71 49 80 9 91 11 23 10 19 59 73 22 33 28 32 6 54 86 34 4 99 56 11 46 12 45 61 25 5 34 12 64 56 65 19 18 92 86 20 13 41 66 95 44 39 82 92 64 74 1 92 8 26 56 79 44 16 5 41 30 29 54 75 2 64 57 18 64 30 25 12 8 57 51 61 44 30 66 61 61 43 9 89 8 92 14 11 84 65 87 38 53 73 2 31 9 72 35 75 28 71 21 70 6 88 72 60 52 81 18 69 57 77 98 8 66 78 19 85 19 86 1 73 94 61 93 78 30 97 97 81 96 100 27 92 27 46 19 53 59 51 19 51 51 65 50 46 7 44 53 14 19 70 39 82 21 24 56 57 16 26 73 100 28 33 85 58 65 33 41 6 88 27 48 73 83 3 7 38 61 74 99 71 82 97 3 17 36 77 53 82 44 98 55 73 16 79 85 88 76 4 47 60 79 40 62 93 0 60 1 88 18 99 80 55 2 96 69 74 91 1 64 62 29 89 63 0 89 75 67 93 91 30 98 97 62 36 73 24 64 95 92 79 54 80 54 33 47 86 72 18 47 91 5 79 40 31 90 12 48 20 46 10 57 53 79 2 77 62 88 43 92 27 53 4 5 95 53 51 65 20 86 85 85 5 65 78 73 5 54 2 53 64 61 81 79 91 50 27 4 63 61 50 25 16 4 4 69 14 5 33 47 76 10 6 13 76 38 29 57 65 43 63 95 69 94 72 24 40 2 2 70 5 96 67 14 93 64 0 73 43 17 77 13 85 41 61 28 78 26 96 98 33 12 43 74 34 58 79 47 68 25 28 1 79 80 56 42 74 68 5 93 70 57 93 92 62 80 8 97 72 90 27 36 97 38 96 27
6 100 79 95 43 78 98 68 44 13 18 79 36 59 89 48 97 69 5 51 83 85 31 59 5 23 6 1 92 46 47 75 33 74 23 72 47 83 30 27 33 27 65 28 54 66 83 52 90 95 85 86 49 19 83 90 28 66 22 100 49 2 89 97 90 19 10 66 75 79 37 1 91 40 33 42 42 65 41 47 34 98 46 38 31 54 17 57 49 39 23 75 2 21 75 13 56 49 43 58 60 0 5 97 45 82 97 12 47 65 32 56 16 1 18 84 67 47 31 58 88 50 4 54 99 6 73 15 63 99 84 57 54 70 0 8 66 15 93 91 36 79 80 99 73 54 5 51 85 0 5 95 8 64 45 2 97 11 73 85 76 44 83 39 75 86 96 45 74 53 95 56 6 26 47 96 98 87 50 71 20 56 12 89 83 18 59 49 13 16 97 56 51 53 74 81 83 85 79 29 53 36 81 5 30 69 81 44 53 23 100 46 38 73 27 13 30 35 37 39 52 36 73 25 22 56 3 65 33 37 71 12 4 11 69 18 98 76 65 76 38 80 81 0 68 88 8 100 65 84 25 28 76 61 22 92 25 63 42 81 11 43 48 37 28 86 93 23 91 64 13 80 29 79 72 47 68 72 17 36 60 57 30 91 42 61 94 17 35 87 84 24 50 13 83 26 90 21 54 23 42 48 39 63 31 4 0 36 37 21 7 100 13 20 55 25 96 3 59 59 66 73 80 55 89 12 33 36 2 51 64 27 89 75 22 81 81 46 51 91 31 74 68 39 83 67 84 48 52 88 3 63 25 36 49 27 41 22 30 52 46 73 77 18 26 73 14 45 64 89 81 83 7 40 76 27 91 46 14 31 10 62 13 49 5 85 51 94 59 77 83 90 23 53 4 30 77 75 84 49
40 100 79 99 46 72 56 91 30 69 19 67 93 10 13 36 98 21 9 73 98 80 43 4 25 42 95 34 68 56 52 53 61 22 30 81 46 55 37 52 9 52 53 93 27 14 72 78 29 78 48 11 74 98 91 70 8 42 12 36 55 82 94 45 80 49 33 18 69 100 37 74 34 97 84 74 56 62 100 32 37 27 37 1 7 89 67 20 95 21 2 78 65 4 68 23 26 60 43 16 82 95 37 84 0 65 61 49 10 65 40 65 40 62 70 37 36 46 47 15 71 94 93 67 23 86 47 51 20 31 3 76 20 57 58 58 42 78 50 38 71 83 75 25 1 10 2 3 90 35 39 15 72 83 2 56 44 13 83 80 82 70 14 71 1 40 65 59 57 93 14 57 33 56 49 15 2 99 65 75 8 10 49 66 69 37 21 75 82 52 17 34 10 39 39 46 60 42 91 35 94 93 49 46 91 37 10 23 54 92 13 71 95 54 7 83 2 65 97 66 82 65 68 76 19 36 10 99 80 82 46 27 85 22 18 47 22 94 75 3 81 8 44 19 7 25 84 87 16 57 29 41 81 4 5 24 25 81 20 41 22 37 99 59 46 29 88 21 89 32 23 13 8 2 39 68 16 42 79 44 78 76 21 65 95 32 48 87 19 94 100 24 2 41 100 99 57 82 25 83 21 36 85 98 43 42 65 60 52 61 59 27 98 55 56 23 12 18 92 70 40 40 100 67 10 52 1 63 18 27 98 47 89 91 33 48 37 66 84 52 80 49 20 58 36 0 56 9 12 33 39 62 0 6 6 70 45 50 36 90 22 56 43 43 92 80 71 33 66 92 77 33 64 39 16 1 3 81 8 0 33 35 60 11 83 44 61 85 12 99 89 35 95 59 7 68 46 9 88 88
8 58 52 30 66 55 70 7 7 7 32 10 38 89 31 99 46 23 16 45 7 59 64 86 28 33 95 2 37 35 20 93 5 81 86 11 90 36 18 18 14 88 89 65 88 77 16 31 92 84 67 36 23 40 21 47 16 22 34 60 51 21 80 26 31 100 18 13 3 41 7 5 58 74 88 50 100 76 27 97 50 67 52 59 9 4 61 26 52 91 17 71 88 96 47 85 63 41 99 94 36 56 86 5 54 99 57 24 11 24 84 33 18 24 96 56 33 14 1 85 56 4 25 19 17 75 50 64 1 56 91 61 95 22 68 50 12 10 13 28 29 60 23 57 92 99 34 52 17 30 48 66 46 15 56 12 90 97 81 55 89 12 27 12 13 3 84 68 46 40 61 28 64 84 58 6 100 38 28 14 70 48 18 40 43 14 89 69 22 15 94 78 52 75 49 6 56 49 32 19 81 95 77 55 23 16 1 8 33 27 22 96 91 7 99 56 100 86 79 16 93 22 77 83 36 8 42 74 65 49 33 45 8 38 62 0 96 53 20 78 54 23 70 87 20 14 79 87 0 67 39 53 78 81 47 53 8 46 55 100 61 23 75 17 94 14 61 78 65 3 30 5 9 93 8 47 82 7 30 95 38 77 91 90 48 46 7 12 92 54 77 0 91 66 45 19 72 9 89 10 99 37 65 90 80 9 29 37 35 35 1 2 27 91 62 83 13 83 35 59 14 59 63 64 92 97 7 17 0 21 92 15 54 38 70 18 100 41 12 31 48 59 7 60 23 86 15 57 75 20 81 54 28 39 48 25 49 72 72 89 59 98 58 88 87 73 46 65 92 29 99 17 46 26 66 82 52 58 92 45 14 9 9 65 12 22 17 94 4 96 15 55 69 31 23 70 7 76 44 19
31 18 40 23 53 77 29 19 62 70 81 9 18 27 67 28 77 13 16 47 7 40 86 26 63 54 17 76 43 94 35 41 43 34 0 80 79 58 88 27 80 10 76 98 99 37 99 92 32 19 14 96 61 29 29 52 30 60 37 7 46 97 6 66 80 55 69 55 77 9 10 68 86 79 9 81 40 50 57 46 96 50 18 55 83 59 10 83 19 51 1 81 31 22 85 57 18 16 97 41 19 71 47 44 27 42 45 29 57 96 3 30 36 62 27 89 95 68 46 13 88 2 1 14 77 28 93 93 99 67 73 49 67 0 36 43 51 33 50 17 61 55 12 94 13 83 14 47 48 11 69 94 6 96 13 13 46 13 96 71 52 92 99 54 4 93 0 94 12 90 71 84 39 7 10 76 18 12 3 5 92 80 34 93 6 69 53 92 47 8 22 62 39 43 20 23 69 74 81 28 4 49 96 43 63 31 34 59 25 54 55 27 92 18 30 88 88 83 80 23 5 22 84 78 9 24 83 0 4 25 65 62 81 64 81 67 87 30 2 3 68 52 95 59 93 97 62 61 42 6 0 17 96 68 16 92 42 65 30 57 3 90 53 20 18 35 54 7 46 71 17 36 50 49 56 24 93 76 0 81 58 55 29 89 97 14 86 63 96 28 4 18 72 28 2 4 58 36 71 43 12 71 97 92 52 83 56 68 61 39 86 12 63 50 27 94 82 10 74 81 29 49 15 95 100 13 84 92 95 95 24 98 73 91 2 77 37 68 12 41 83 86 15 100 24 51 72 34 50 44 24 62 44 65 38 85 24 23 56 90 1 21 53 20 23 92 30 47 38 61 56 3 29 68 1 38 4 42 22 7 57 42 11 99 14 68 25 19 96 8 79 13 64 75 71 69 26 89 47 40
7 30 97 17 71 14 63 55 16 50 38 47 7 98 31 17 56 86 95 98 58 37 69 29 1 70 65 55 18 42 53 8 97 37 13 13 93 81 48 93 53 78 33 30 85 16 100 51 58 72 27 95 27 64 31 70 43 41 12 24 16 43 90 80 33 48 28 3 60 58 96 98 23 57 29 64 39 59 30 57 68 54 36 97 79 45 51 92 19 75 100 16 83 48 51 84 46 39 72 76 32 62 18 37 12 79 48 29 7 53 93 11 75 33 68 90 70 24 23 64 75 60 27 43 79 63 32 79 88 41 12 86 74 65 63 48 25 50 66 70 73 88 69 26 94 7 96 47 8 67 9 53 88 58 68 51 70 64 0 79 15 1 16 64 65 53 30 61 13 88 45 2 46 51 97 40 82 89 70 67 59 91 84 15 16 64 76 42 96 77 23 36 11 83 73 25 4 90 87 24 86 0 97 93 22 87 92 42 57 34 12 21 84 61 65 68 42 15 54 78 94 0 4 27 57 98 31 6 36 81 48 76 44 76 57 52 66 54 42 100 42 80 80 94 12 47 76 21 43 23 65 50 54 17 53 85 6 65 5 74 72 52 28 63 38 59 81 70 70 16 94 30 84 7 59 64 53 14 99 89 98 61 9 27 11 14 11 35 93 65 81 57 53 82 37 21 65 7 70 31 96 65 97 91 0 20 95 27 86 53 83 7 11 27 70 51 2 39 88 81 48 90 71 54 48 40 85 72 31 94 29 62 9 59 36 44 30 69 13 97 68 17 96 71 42 22 97 80 78 34 26 52 49 54 100 89 14 19 58 18 48 23 78 40 38 32 25 24 36 69 64 3 12 89 14 86 99 52 16 100 4 63 25 55 4 23 14 37 85 52 95 37 82 47 97 97 91 72 53 10
96 91 16 74 100 28 46 33 23 50 47 60 71 3 51 11 9 13 80 79 59 71 86 22 27 85 52 52 98 69 85 15 12 64 42 12 68 23 87 7 87 91 84 80 14 96 5 40 73 97 97 36 94 54 53 21 49 76 8 96 88 28 86 59 68 58 18 96 85 82 43 47 57 29 89 14 88 31 4 67 64 6 81 59 0 38 21 49 31 26 30 20 70 75 14 83 53 81 95 40 96 87 100 91 1 66 15 62 86 20 97 17 60 16 75 95 7 10 57 51 70 54 47 45 25 9 1 26 70 56 57 99 21 9 67 58 99 50 47 67 2 35 50 91 33 31 66 52 83 25 81 99 39 74 18 31 36 50 67 25 49 34 32 7 2 65 88 85 59 93 90 12 43 74 46 23 7 54 18 17 100 27 34 96 99 64 45 67 25 15 92 24 67 99 71 2 43 81 66 6 78 53 91 78 65 100 89 65 47 26 5 84 84 82 96 14 58 70 23 64 84 96 26 8 35 19 96 81 83 5 52 66 62 80 18 76 14 79 60 76 74 86 40 39 54 28 24 2 18 13 18 62 52 25 18 25 23 35 18 63 97 48 79 49 80 99 83 17 95 55 50 97 84 29 75 81 20 2 93 30 0 5 65 35 40 69 100 14 28 52 54 96 47 21 34 53 93 87 4 43 90 69 37 87 35 67 50 46 93 6 19 100 27 29 94 32 43 31 44 83 99 11 81 81 98 61 6 52 3 27 0 33 35 60 41 91 71 64 37 60 86 37 10 85 74 60 24 69 50 25 88 26 15 47 95 67 58 30 15 24 99 41 67 65 21 95 3 93 18 26 26 95 99 8 14 91 27 47 85 7 93 42 96 81 33 84 95 87 28 12 98 43 14 34 2 5 57 82 20 44
25 33 46 65 86 26 97 34 85 81 55 47 3 66 22 87 36 100 51 16 47 2 64 78 83 53 50 76 3 84 32 22 23 23 6 99 61 62 21 28 44 48 88 84 45 13 0 32 64 20 3 80 29 39 45 83 58 3 72 47 89 29 43 43 53 23 22 86 19 18 39 62 71 34 59 48 57 18 17 20 37 4 85 2 23 79 39 27 7 19 91 6 11 95 11 59 99 72 56 8 99 45 87 2 20 16 58 5 67 100 89 10 63 65 90 12 37 80 57 15 59 85 37 15 16 94 93 70 20 43 31 45 67 100 11 49 83 68 29 15 76 73 38 68 65 35 67 96 88 94 10 91 79 77 81 79 76 20 39 18 0 24 27 12 83 74 25 57 49 32 42 52 65 63 11 74 26 81 1 31 10 48 1 36 5 94 59 2 89 100 13 67 7 37 53 34 84 8 84 16 71 80 39 32 41 7 22 99 84 20 13 5 58 29 77 64 67 9 65 14 75 65 98 92 90 84 20 52 4 81 98 86 80 69 87 71 28 41 23 32 57 8 44 52 36 57 83 26 16 47 35 31 89 60 6 46 71 22 95 29 15 27 91 58 8 64 15 9 47 90 35 14 19 37 43 83 19 68 10 84 24 23 5 38 30 65 17 5 90 84 4 16 44 32 88 95 26 56 13 1 69 45 21 22 19 89 69 51 60 44 74 71 17 71 29 55 83 58 94 55 54 92 67 46 100 36 38 73 1 76 99 92 61 51 21 30 44 57 94 86 45 6 31 19 45 52 95 64 23 92 19 60 100 61 65 83 17 62 21 65 22 92 85 49 5 80 55 95 83 13 69 4 1 29 28 100 91 79 34 36 39 5 39 58 4 62 61 41 93 97 98 82 8 40 67 20 59 93 11 33
79 44 95 93 4 89 81 8 20 64 34 50 32 96 90 84 75 79 66 90 9 67 94 62 58 65 20 91 50 78 60 50 3 67 50 71 7 77 92 13 86 41 7 65 76 50 61 35 100 16 79 47 57 73 15 98 32 47 63 86 76 3 60 61 82 4 98 86 16 30 96 72 88 1 46 97 25 40 72 81 81 32 65 48 1 36 22 43 10 69 64 61 77 58 85 85 39 23 45 77 85 13 68 57 44 13 59 95 52 7 25 4 25 54 67 96 92 56 99 9 59 25 89 56 15 66 66 87 89 90 69 14 70 70 94 25 12 58 22 40 77 70 90 32 96 23 93 21 14 98 92 53 10 79 27 56 93 63 3 83 90 60 82 99 6 10 15 71 87 7 99 30 20 99 16 57 80 36 90 88 61 18 17 17 30 89 99 68 70 56 64 2 87 24 12 83 89 87 90 54 3 15 2 54 70 77 89 1 67 84 90 48 58 56 76 63 49 79 85 26 92 27 34 9 52 20 5 71 21 22 78 86 27 11 61 53 46 6 99 19 54 14 59 50 96 89 90 64 33 52 64 53 35 2 97 45 46 5 66 59 6 46 91 3 39 0 34 43 66 77 26 24 33 24 77 66 49 54 37 63 6 5 24 84 89 65 59 63 82 34 53 85 9 100 96 47 67 96 14 3 24 3 4 11 6 64 64 86 44 92 83 42 15 16 82 18 87 11 83 49 28 76 56 51 40 55 39 71 46 40 56 72 72 54 16 39 55 83 18 83 59 80 24 62 58 17 53 48 10 4 92 86 91 88 34 53 18 55 46 70 60 86 20 9 19 48 30 76 16 72 6 28 39 8 98 39 82 51 30 19 6 80 42 94 35 63 29 3 97 23 24 19 79 75 66 70 20 28 9 31
24 77 50 7 29 86 99 98 84 2 86 63 14 9 19 23 36 61 13 27 88 71 77 24 54 5 97 42 28 72 12 28 17 73 25 44 14 31 32 14 90 69 31 54 19 47 19 72 60 32 91 30 19 70 86 87 49 31 64 57 3 45 7 99 36 45 22 0 37 33 67 37 59 35 44 3 40 42 72 61 82 75 99 55 40 55 35 46 58 6 14 79 96 98 34 9 20 95 93 95 52 23 35 82 29 82 55 59 20 68 41 49 17 89 99 88 3 13 32 80 58 6 18 36 98 5 7 41 35 22 28 70 94 32 64 67 79 29 75 43 23 91 65 59 65 74 53 33 80 63 30 26 27 30 51 76 72 69 84 47 59 84 8 92 22 23 24 4 24 43 92 62 90 15 63 17 61 41 26 87 59 61 15 20 53 10 69 8 31 59 20 4 79 87 95 34 34 61 74 68 50 41 51 94 39 18 92 80 14 67 27 29 4 96 52 22 12 99 58 70 55 54 74 68 8 12 71 86 65 45 29 87 33 9 100 50 43 7 61 38 42 18 32 21 56 85 12 80 62 69 54 72 55 19 90 34 21 72 9 35 50 55 87 34 50 33 79 42 44 39 21 70 71 100 62 44 45 81 93 54 39 55 87 100 62 4 83 36 33 26 100 96 54 94 37 33 95 86 40 68 48 42 16 57 5 53 70 78 85 13 54 90 47 74 24 67 48 43 12 67 42 30 97 44 95 23 72 0 19 62 30 98 90 61 44 7 75 64 37 1 50 57 14 93 46 21 16 2 74 21 92 67 20 86 84 54 62 16 48 42 53 46 28 22 39 21 28 79 9 79 81 61 74 60 55 39 60 38 29 6 14 72 55 3 87 66 41 0 63 39 53 18 72 86 32 50 98 76 100 10
12 35 95 79 10 28 1 80 44 14 89 7 81 48 7 80 24 11 35 41 25 43 37 20 40 75 70 57 36 24 14 34 20 70 65 58 53 60 81 29 59 30 28 7 26 74 13 70 100 47 77 17 28 43 25 29 26 4 48 76 90 23 67 0 82 4 19 43 55 60 77 0 47 18 0 12 89 92 64 78 51 78 85 57 70 8 39 25 93 32 38 4 9 91 61 89 47 88 11 77 12 67 34 11 52 49 55 73 5 36 36 45 2 43 67 71 72 73 20 18 45 21 94 89 91 35 22 47 60 70 90 80 68 21 90 49 77 6 82 58 81 44 99 1 23 65 90 49 36 83 2 1 96 51 13 73 60 45 56 83 67 87 29 13 10 24 60 45 46 44 7 93 29 88 65 66 52 64 10 42 95 78 71 74 14 49 66 66 94 72 18 92 85 3 53 27 27 5 3 67 24 38 19 47 14 49 92 21 1 29 87 61 7 25 75 85 74 5 34 28 53 82 96 93 29 38 84 86 28 90 26 52 12 92 67 52 18 28 16 60 78 30 16 83 98 67 39 98 11 32 19 79 19 35 70 7 49 62 65 5 44 62 18 52 6 34 74 42 47 0 60 34 90 88 91 84 65 29 74 51 25 98 6 59 40 14 80 80 35 16 0 7 36 0 71 20 82 55 31 67 77 59 59 57 44 55 10 30 75 35 89 13 56 56 54 58 37 25 19 28 78 35 30 38 19 32 68 35 43 49 28 75 62 28 39 27 48 49 69 34 7 56 29 46 80 79 62 96 44 12 77 19 15 85 72 91 95 40 89 9 29 48 82 45 84 4 18 15 53 77 88 52 30 33 43 34 97 83 100 65 47 64 84 73 40 76 81 59 98 88 19 15 52 50 91 53 4 78 100 4
42 16 60 13 38 69 77 79 82 15 15 49 48 45 98 43 57 48 20 91 85 37 76 8 29 98 31 99 38 84 74 97 5 80 95 54 14 18 36 76 26 35 100 48 72 20 50 45 0 52 85 91 1 59 64 1 10 29 76 58 35 98 84 16 88 62 95 5 35 88 18 5 46 83 72 2 27 17 61 86 85 26 45 38 51 48 78 8 35 32 48 89 12 11 0 46 1 74 49 20 39 63 72 48 80 35 65 86 0 86 64 98 6 13 99 68 0 58 88 44 50 21 4 8 88 6 82 58 50 76 88 64 20 22 19 28 17 73 20 51 33 67 76 91 89 60 58 6 12 37 42 36 3 34 34 52 92 48 28 62 95 6 53 15 47 60 53 86 36 4 62 59 94 20 25 82 7 59 36 89 11 59 4 52 21 53 81 26 66 41 86 82 20 14 57 66 63 70 24 43 33 72 43 13 40 94 79 55 63 1 100 21 4 97 47 15 31 92 22 46 57 87 65 47 7 64 51 16 36 27 15 62 74 75 94 33 93 87 95 27 44 47 87 48 21 17 3 39 5 53 27 36 22 1 3 87 55 60 69 55 16 26 41 50 87 82 4 15 96 74 24 45 36 58 75 82 18 1 95 43 58 49 21 55 30 19 36 84 43 27 4 44 58 25 34 54 16 71 58 22 38 25 70 84 71 62 53 89 52 95 38 70 39 95 7 36 97 45 38 9 26 72 18 51 58 93 85 74 71 27 30 70 5 21 82 82 78 43 66 53 29 31 95 84 49 31 91 40 72 81 13 3 64 88 40 90 47 9 99 80 5 90 65 44 49 4 99 82 53 98 70 67 27 45 45 62 34 33 59 66 13 52 42 85 70 60 41 8 47 70 22 70 59 0 45 67 30 47 71 6
24 90 84 81 8 31 82 37 61 37 71 87 11 19 1 69 23 57 70 89 52 44 57 19 74 20 72 45 67 74 92 53 12 76 29 51 18 65 27 31 48 37 6 65 41 77 6 54 19 21 81 8 17 61 93 80 79 43 41 14 58 42 20 81 16 2 92 82 87 51 31 56 41 95 88 27 84 11 61 38 1 96 28 31 93 23 86 42 84 2 18 16 94 20 63 22 93 97 17 64 90 87 22 92 36 91 53 91 47 91 68 27 92 68 67 1 33 1 82 62 0 32 22 9 67 1 11 46 14 28 28 48 84 89 11 63 36 20 82 94 97 38 51 70 86 84 69 46 43 36 93 76 5 38 21 54 41 28 28 41 92 83 4 47 97 85 29 9 94 43 11 24 10 59 77 67 40 49 93 90 55 79 8 88 62 53 63 6 21 42 34 8 4 4 5 36 92 9 51 72 55 82 5 84 100 69 49 98 45 96 40 25 92 47 82 18 65 19 17 100 34 11 23 0 16 60 64 49 47 20 80 89 1 18 67 9 48 3 71 62 10 57 88 82 26 63 0 4 53 3 78 10 6 73 1 55 59 60 83 32 33 18 50 59 56 42 99 95 89 40 32 100 11 59 92 10 19 54 91 98 23 100 92 33 65 83 7 11 31 42 72 71 74 51 3 58 8 41 39 51 66 24 69 42 48 92 18 67 57 85 68 36 25 44 96 38 4 62 88 29 80 52 97 91 34 17 36 80 21 91 7 87 57 47 39 22 83 68 21 54 67 21 11 92 95 8 3 46 75 42 89 47 49 87 27 52 37 65 85 31 73 51 89 40 19 57 63 62 95 27 48 95 47 57 57 62 71 59 79 18 54 34 17 72 14 90 3 96 56 80 62 1 11 18 29 29 57 40 43 58
91 52 89 53 94 65 27 0 41 74 5 81 8 73 14 81 30 13 63 24 93 22 0 58 80 22 81 25 19 33 93 9 73 1 16 64 61 36 85 58 26 43 25 80 100 40 71 90 2 53 6 78 40 20 15 5 47 89 54 27 1 4 52 80 18 7 74 17 8 31 9 3 7 9 13 86 100 10 22 6 45 58 7 65 75 2 47 19 18 13 12 24 88 92 3 21 33 42 39 54 6 93 65 97 30 47 49 43 18 66 29 43 16 12 73 54 13 32 26 90 53 97 57 19 75 100 16 60 48 82 96 24 87 70 87 12 41 29 11 77 23 53 67 86 35 87 79 97 57 53 59 53 67 61 32 95 31 31 88 27 90 43 34 17 82 56 76 13 85 99 94 67 80 88 58 72 97 68 66 57 59 30 75 92 72 13 57 21 50 93 18 44 91 82 58 31 0 72 16 67 96 21 10 75 98 41 4 82 24 14 38 1 68 83 23 91 26 55 73 41 71 76 32 91 85 37 96 14 94 44 11 47 64 76 21 2 27 72 44 31 58 54 27 7 98 99 23 64 14 5 11 59 50 16 57 44 28 58 25 38 28 46 2 60 53 44 49 17 30 12 48 28 50 56 7 39 39 100 65 23 51 18 41 57 30 34 65 41 86 83 45 22 15 47 99 2 25 35 32 26 24 13 1 73 77 68 66 68 32 37 72 81 14 59 82 66 100 37 86 18 8 0 70 38 5 22 98 97 51 63 2 62 41 49 81 29 7 18 92 30 12 62 53 8 67 65 4 41 95 67 12 17 14 58 36 65 4 29 33 43 35 0 99 32 63 9 3 97 52 44 92 62 82 0 95 50 63 30 15 50 45 69 42 57 91 30 68 41 67 0 87 70 66 58 68 99 90 29 28 12
43 96 28 100 65 49 97 27 37 23 51 0 26 99 88 47 57 81 54 61 72 16 92 51 96 39 19 30 37 3 32 22 18 34 68 83 95 99 49 49 86 62 56 97 90 48 64 96 93 31 36 18 52 37 62 28 17 20 14 30 69 75 32 65 32 91 0 24 86 99 2 62 8 87 2 31 50 21 92 7 49 46 39 94 4 60 45 62 40 52 10 94 92 56 29 3 17 39 24 68 4 66 41 61 77 61 85 45 33 20 84 85 68 49 54 72 65 22 39 56 91 38 99 0 53 17 25 64 86 28 20 50 26 52 79 42 16 90 59 57 34 72 15 1 60 46 86 66 80 74 11 4 32 59 32 82 58 53 16 53 69 64 56 64 12 40 21 78 24 1 79 78 65 100 74 85 79 19 82 17 58 94 89 13 84 10 95 38 71 78 54 88 27 6 59 32 14 99 80 86 82 27 51 96 76 58 77 13 11 65 50 27 40 11 65 78 14 16 99 17 46 58 66 35 85 49 21 59 67 46 78 18 52 60 63 22 98 53 35 67 46 44 76 50 37 16 70 50 35 84 68 98 95 13 46 2 66 81 63 32 72 62 29 24 96 20 85 27 75 24 2 52 63 7 52 61 41 22 62 38 68 21 11 42 32 59 11 31 90 5 1 22 83 84 88 30 49 63 64 90 90 8 14 49 7 25 73 50 77 95 70 94 71 35 75 68 31 30 55 47 88 42 77 3 11 71 77 63 37 48 51 15 83 11 84 19 83 38 36 82 67 31 62 13 73 67 52 0 57 71 31 71 50 12 11 60 22 81 40 24 31 76 47 44 18 96 58 41 73 50 50 57 63 13 19 94 62 45 74 24 97 8 33 83 21 24 82 33 83 60 22 89 42 69 8 14 43 88 42 100
53 34 16 51 76 7 18 54 40 80 74 18 76 14 63 34 0 48 57 1 90 2 42 2 1 51 51 94 13 60 25 48 97 10 19 41 38 3 76 91 2 13 11 53 10 27 89 10 94 23 73 77 17 25 73 23 50 86 27 37 18 24 77 96 81 27 78 94 51 2 52 36 9 58 65 88 69 17 44 51 7 11 21 6 22 92 19 31 18 42 58 35 90 41 79 7 24 23 41 12 37 93 11 29 5 22 90 67 19 96 62 93 33 83 15 91 47 94 20 72 68 20 65 2 1 45 52 10 75 64 30 86 77 9 13 48 23 72 10 33 3 61 82 9 55 27 85 8 46 43 75 20 13 28 27 35 78 49 30 50 99 73 62 65 41 52 72 74 22 41 55 76 12 57 13 99 17 31 76 46 42 37 64 15 52 10 6 52 15 69 39 69 91 11 6 15 56 95 22 80 23 26 20 87 80 30 31 54 74 47 41 18 33 36 41 35 44 5 76 63 45 12 8 87 4 26 97 92 25 47 78 62 60 17 54 61 90 49 4 95 23 81 32 15 27 45 78 21 2 26 48 36 82 30 60 85 62 89 58 57 36 19 19 10 6 75 91 69 40 69 25 46 42 38 51 12 74 68 65 82 52 97 63 32 18 24 76 38 34 64 56 73 63 22 38 75 80 69 29 32 73 25 70 61 13 19 50 80 71 68 97 26 76 26 17 63 0 4 11 26 58 58 18 47 69 39 93 15 6 54 92 28 48 65 45 34 61 80 30 51 36 24 63 78 10 32 41 88 55 7 62 71 16 28 70 9 92 29 44 1 76 38 8 53 99 4 99 76 82 22 96 59 63 96 34 28 29 80 7 88 51 18 44 12 19 5 83 77 29 39 26 26 51 60 45 100 67 94 98 5
48 55 50 68 42 26 30 80 80 84 42 19 82 91 94 86 20 42 40 98 78 12 12 41 10 86 63 28 99 49 49 81 76 65 67 10 94 25 4 81 38 41 48 42 42 98 45 13 82 8 8 43 79 15 47 23 5 55 41 85 12 84 50 23 65 83 100 65 93 67 8 33 17 45 93 61 65 69 31 94 59 65 80 97 95 76 43 66 52 34 78 64 71 30 48 96 39 96 18 68 87 61 27 78 91 69 23 66 0 32 20 42 75 83 67 11 55 42 42 35 58 86 45 57 46 96 10 68 40 15 52 57 5 6 19 13 7 49 1 78 17 11 61 2 18 48 33 98 39 74 39 3 90 53 56 30 45 10 95 79 9 5 51 8 7 5 45 18 54 52 86 26 53 79 78 79 38 39 73 34 23 91 4 100 48 45 10 18 87 30 43 6 67 84 56 57 58 43 18 37 20 60 12 41 3 13 11 52 67 0 96 66 23 28 9 6 52 91 71 47 63 85 100 49 70 49 39 84 38 10 72 50 46 53 91 19 80 9 18 92 66 52 89 100 41 38 12 50 89 12 74 15 40 35 23 79 7 50 31 14 59 30 96 24 7 83 77 92 38 95 85 14 84 69 53 40 1 80 70 30 34 57 19 43 74 14 14 32 30 80 76 72 88 8 0 48 51 69 0 10 25 81 90 22 69 40 68 20 17 59 78 19 40 96 74 60 47 7 60 33 16 18 3 40 85 0 25 2 67 51 1 31 74 17 10 10 90 9 57 34 70 39 53 38 94 78 0 27 59 15 89 21 4 79 74 73 24 52 6 70 2 19 18 87 3 16 53 67 31 8 48 2 46 71 79 1 38 81 79 22 20 2 88 4 81 48 98 1 60 24 61 78 35 32 97 57 11 17 52 92
45 90 30 26 45 77 76 69 25 40 66 52 78 5 2 5 3 91 58 70 59 25 8 46 17 12 61 84 56 47 20 24 36 20 93 53 24 59 75 92 43 70 31 73 19 99 55 90 22 22 77 37 75 77 73 38 75 75 50 65 9 85 30 0 90 27 57 28 11 16 77 84 63 8 13 78 18 34 16 8 56 9 82 33 44 94 75 77 42 91 27 2 78 2 1 8 31 98 4 57 12 18 75 72 7 27 45 95 84 54 18 54 10 58 58 34 90 66 7 94 10 72 58 75 85 82 66 30 76 66 38 36 35 54 1 14 45 49 17 31 82 89 66 97 33 32 51 36 45 6 89 14 89 97 75 31 89 81 81 80 34 8 84 78 64 15 23 22 96 10 32 36 92 2 100 19 65 25 42 1 98 8 46 38 22 95 67 8 21 36 34 43 91 61 38 91 51 60 4 76 67 11 70 35 34 18 39 7 61 90 24 49 5 88 49 92 78 51 5 34 27 56 21 98 67 85 74 0 4 59 7 6 99 45 98 8 18 63 28 15 85 62 28 16 56 41 16 79 45 25 13 87 16 16 52 63 99 93 70 98 80 12 90 90 59 5 62 88 74 8 36 95 6 44 84 91 18 60 43 86 53 89 42 33 59 85 51 89 92 5 92 86 43 90 39 77 87 73 7 51 97 58 89 83 38 31 81 55 12 64 13 84 71 75 55 20 86 5 37 10 7 15 87 79 29 10 70 80 37 41 19 73 10 88 85 36 30 55 77 86 9 38 68 55 40 36 89 14 87 91 5 33 56 55 25 51 43 22 51 81 27 53 82 20 4 48 22 16 43 51 83 72 80 27 66 60 13 21 91 90 39 24 64 11 46 26 65 8 27 63 89 35 9 19 99 79 91 88 73 94
95 95 58 34 65 73 10 28 88 47 74 52 72 70 63 73 51 61 67 70 57 65 47 81 85 16 94 7 46 68 97 72 9 44 54 18 56 44 48 31 33 66 56 71 52 65 100 45 78 17 3 16 41 0 12 42 55 35 18 100 83 56 88 29 7 29 88 75 39 44 41 80 5 56 31 2 30 31 35 34 79 68 46 49 99 9 98 87 41 57 78 16 20 5 69 28 74 54 53 51 69 99 22 32 22 35 21 61 66 80 5 39 26 51 67 96 65 18 96 74 74 73 56 23 8 90 65 63 22 57 24 45 85 68 45 51 6 22 21 50 67 70 79 46 78 98 98 16 89 77 15 69 97 58 8 10 99 2 60 36 64 65 89 34 69 9 6 9 1 19 62 91 14 24 86 58 39 84 47 36 84 96 27 75 57 19 18 47 70 45 40 98 97 78 81 93 67 97 83 28 4 93 12 21 35 36 70 63 0 23 42 85 33 54 49 5 97 16 7 48 82 4 82 3 80 4 97 93 13 20 45 85 80 31 94 65 11 91 99 31 40 61 91 98 28 8 64 16 91 31 91 2 45 30 20 36 88 12 7 0 68 23 97 15 90 0 44 27 14 56 19 71 41 83 27 49 53 72 70 37 89 4 90 1 57 74 94 35 47 57 3 43 66 22 63 28 11 9 26 91 43 34 37 11 22 91 51 26 80 42 48 93 23 84 46 93 60 99 65 98 63 44 89 97 1 6 51 91 27 43 82 26 47 26 57 33 72 42 96 17 74 98 33 5 18 35 65 88 17 63 24 52 21 100 14 71 30 3 25 63 65 70 33 19 58 52 89 61 96 51 33 79 80 1 94 33 52 15 43 92 39 8 65 24 60 0 85 23 31 84 56 88 31 94 88 11 2 12 70 43
72 85 58 94 37 45 20 90 92 7 32 2 47 10 99 32 89 10 89 63 91 40 18 68 83 68 0 33 20 36 33 86 5 43 7 9 66 53 16 27 67 47 66 2 39 31 69 77 4 21 45 39 51 9 3 49 7 62 52 81 22 61 87 4 70 79 42 84 51 100 61 51 8 12 10 60 24 94 100 7 77 67 68 81 53 78 48 10 75 78 75 28 78 41 53 30 6 41 2 32 26 32 46 68 40 25 34 34 97 45 32 47 36 36 30 24 92 65 65 99 4 100 19 45 16 52 88 58 43 38 57 64 86 94 95 95 58 56 10 12 93 2 89 44 84 98 23 14 91 28 21 16 76 29 31 33 70 38 72 97 31 60 75 96 18 1 74 2 87 54 11 21 88 29 66 81 40 50 79 53 96 27 98 1 49 5 2 49 59 78 55 26 94 46 31 74 39 55 67 16 75 70 32 41 81 80 95 94 34 17 93 68 3 44 35 73 30 55 23 97 89 2 99 86 43 60 11 87 14 30 9 79 31 38 50 33 81 98 1 35 24 79 25 79 44 14 20 53 81 48 85 13 83 45 75 7 74 93 41 52 55 49 7 23 89 74 27 54 3 92 30 72 90 99 54 19 9 68 22 35 61 14 66 93 53 76 3 77 59 38 28 21 2 84 15 19 11 22 77 37 87 74 34 98 95 16 50 47 20 2 76 33 76 71 72 6 2 60 18 49 25 28 18 81 53 15 81 39 89 32 70 34 28 64 79 85 53 9 84 44 69 70 24 41 78 99 96 2 21 1 59 67 98 7 89 60 68 63 48 61 32 24 21 40 91 35 61 78 54 24 97 63 41 69 12 95 3 17 48 52 20 83 62 9 1 49 17 55 32 79 69 64 22 21 66 99 60 81 84 92
40 44 0 76 59 67 32 62 30 98 17 27 66 59 37 51 31 94 91 80 9 64 63 15 42 22 98 14 90 7 7 3 57 92 26 79 8 27 67 41 25 54 93 29 36 17 43 75 53 32 99 24 17 25 24 5 53 56 100 75 79 77 39 80 7 30 37 70 74 28 36 2 89 20 86 26 94 9 16 12 15 100 6 88 97 57 67 90 74 14 37 20 11 100 76 9 10 97 43 42 45 93 25 36 67 21 7 9 50 92 34 54 29 28 23 80 92 68 78 62 79 50 83 96 79 48 36 38 8 15 6 42 8 31 59 70 41 15 12 14 0 95 14 68 81 20 11 25 62 20 75 16 18 58 33 24 3 62 89 74 24 100 46 80 33 21 66 99 12 8 74 55 60 17 53 7 99 63 41 71 19 52 89 7 88 64 45 16 36 24 83 55 24 45 6 14 96 49 41 26 45 12 8 32 54 33 62 25 38 44 23 30 91 95 22 48 86 6 85 74 42 35 7 30 75 40 91 11 36 92 61 30 30 71 22 42 31 78 49 15 96 58 4 78 30 85 29 32 56 6 66 30 66 66 50 96 20 59 38 98 8 12 36 98 72 95 85 24 100 41 15 75 19 22 43 91 89 18 48 25 31 4 37 33 16 99 73 88 2 76 32 11 87 14 54 56 12 32 95 65 43 89 24 87 4 47 57 34 7 6 87 69 79 56 46 63 12 41 22 70 75 72 40 83 7 89 87 26 19 61 67 66 83 63 90 2 66 97 49 26 76 36 62 46 62 34 98 77 66 81 31 5 31 85 72 47 24 66 16 33 80 34 19 87 77 49 25 45 17 100 65 70 60 98 2 65 0 67 65 13 17 15 44 42 48 50 87 8 30 7 96 40 93 4 42 46 88 72 61 97
68 54 3 41 41 22 73 95 50 60 19 15 46 11 63 57 74 93 64 27 76 68 21 78 70 84 32 78 86 49 57 73 59 4 99 7 69 42 84 36 49 67 2 13 89 85 21 66 92 40 52 51 81 12 32 46 29 3 38 10 29 45 2 67 63 47 86 12 90 5 34 64 46 3 94 11 13 59 70 5 25 83 63 94 81 43 53 91 28 80 61 2 83 24 39 27 46 98 62 11 56 5 26 57 21 4 86 39 96 26 87 58 29 93 36 40 23 50 32 46 54 51 39 75 93 7 89 48 67 78 66 46 15 97 22 48 4 96 97 72 54 32 41 45 36 58 32 44 57 78 67 31 36 16 0 63 21 10 38 7 87 74 33 3 66 93 24 29 67 15 9 52 25 93 40 87 62 4 63 67 22 49 64 93 26 16 60 85 51 51 37 97 82 13 29 18 87 20 60 52 14 32 80 67 100 65 91 93 63 19 19 90 20 50 53 2 84 66 9 63 74 6 97 30 25 12 30 29 91 33 1 18 75 25 21 86 64 57 45 100 91 35 66 40 26 15 57 43 73 0 58 46 82 40 26 16 1 73 45 27 20 97 56 100 77 23 61 44 48 20 43 53 35 100 47 50 44 42 50 53 94 24 82 47 74 94 95 38 89 77 17 9 39 21 78 46 6 4 60 30 56 67 25 25 69 47 74 22 75 33 39 66 11 87 38 35 41 2 9 72 61 38 27 28 44 91 48 19 36 35 47 6 87 14 10 44 13 37 6 2 10 61 79 11 52 96 29 17 29 36 68 63 64 70 12 19 13 49 14 30 13 34 65 60 46 96 53 50 19 76 46 40 61 71 40 60 36 56 38 26 82 41 48 64 11 7 91 34 86 71 15 44 62 42 56 46 14 72 29 23
16 78 80 50 79 33 41 86 31 27 83 73 48 37 63 20 39 60 15 41 35 61 86 74 54 15 10 31 74 13 24 64 72 49 90 67 100 57 62 56 85 45 19 89 2 42 85 66 79 34 82 60 15 44 44 67 14 39 5 97 15 46 88 3 69 65 28 33 42 69 91 83 9 23 83 27 92 1 73 40 38 16 40 68 8 37 7 51 14 46 31 21 32 10 93 68 56 41 51 65 68 25 62 31 54 83 34 41 92 64 17 20 55 35 45 51 90 69 57 85 71 35 72 36 82 51 7 98 43 2 5 74 61 93 65 37 50 77 14 87 91 75 65 38 84 50 15 62 28 47 24 72 38 75 34 46 58 55 17 0 28 9 96 3 41 76 12 26 67 51 23 35 35 79 33 46 62 33 94 18 70 46 39 21 68 40 36 38 72 16 43 27 24 10 26 13 92 3 22 5 48 0 75 50 94 98 45 48 72 91 33 95 33 31 63 67 4 22 82 67 76 4 23 40 2 9 79 73 17 50 41 29 46 26 17 79 7 83 31 59 38 21 81 54 70 83 56 85 33 77 88 76 51 66 23 96 40 54 2 0 37 58 33 13 0 26 48 64 81 24 52 93 90 13 3 80 75 61 72 9 85 62 88 42 66 14 77 67 88 87 54 59 14 42 74 95 18 13 93 81 27 31 2 19 12 84 17 86 96 14 93 49 43 37 19 65 75 16 34 16 62 55 66 96 62 12 79 78 75 95 85 92 5 80 29 70 47 71 53 81 38 6 55 71 38 53 92 99 1 99 68 80 18 33 24 83 48 10 49 0 11 82 41 25 15 44 77 75 17 64 77 17 74 18 18 92 100 57 2 21 31 39 17 17 31 31 33 22 77 52 20 20 31 9 7 12 35 24 32 11
96 50 91 32 26 98 64 61 75 25 51 76 20 37 44 29 98 52 81 8 89 1 69 51 15 5 39 92 15 90 47 85 68 27 20 20 24 86 16 6 84 33 4 81 62 100 15 63 13 46 42 43 5 60 100 22 69 14 90 100 29 59 42 27 31 30 22 18 93 1 38 100 63 37 40 20 9 17 82 41 41 51 100 71 50 29 51 72 55 62 38 33 22 20 54 34 72 90 90 97 59 3 20 46 20 1 47 82 90 28 30 51 58 83 43 18 6 65 75 84 31 94 7 59 27 82 58 32 59 80 94 41 44 46 93 35 37 83 47 17 47 31 19 95 69 44 90 61 17 67 71 7 12 80 30 72 84 78 64 21 3 44 37 85 32 10 75 56 79 97 17 53 85 100 15 23 23 29 41 39 33 100 60 26 49 86 67 59 93 95 14 55 90 13 55 87 82 36 61 92 77 69 58 0 27 64 69 15 32 7 84 61 12 62 77 20 76 74 30 64 66 39 32 83 4 29 12 40 38 51 46 88 14 28 15 50 2 82 49 32 92 29 47 64 18 2 75 65 93 98 53 60 28 57 91 23 87 60 80 18 89 13 79 80 80 24 40 47 14 61 34 90 91 58 39 91 7 20 60 49 3 23 82 6 52 37 80 82 51 97 41 39 60 63 47 43 95 29 67 10 48 17 90 78 68 65 36 94 23 74 68 89 34 56 85 79 53 57 8 17 81 98 0 18 72 79 8 34 56 13 51 0 10 84 10 85 86 54 51 63 57 45 60 63 56 90 54 4 90 6 21 50 11 12 66 36 26 82 38 74 10 16 57 35 54 17 43 40 91 99 65 1 20 86 83 49 23 82 77 70 0 42 40 4 53 83 71 54 50 33 68 97 19 83 16 43 54 56 78 49
4 50 21 92 59 24 99 1 17 63 36 76 90 93 62 92 58 37 62 27 87 75 22 86 61 15 36 38 39 2 15 51 18 35 85 68 83 54 99 91 43 22 41 41 60 90 48 89 99 48 23 13 81 30 11 57 78 55 99 43 95 4 47 8 53 44 14 84 37 2 80 53 70 67 13 99 58 50 55 96 2 40 4 89 83 48 39 34 58 34 59 81 20 52 26 21 63 68 47 63 7 76 51 69 2 79 89 30 57 34 28 57 40 61 88 0 24 97 56 42 9 6 51 59 58 81 26 63 100 50 18 48 85 0 12 23 13 88 10 70 26 58 13 30 94 14 56 99 4 63 84 19 37 86 34 34 39 84 24 84 31 1 64 8 79 2 32 13 31 76 88 95 46 39 82 70 97 19 52 55 58 44 98 9 42 92 32 81 65 44 60 47 33 71 12 36 89 73 44 29 59 99 82 9 13 84 79 89 68 30 85 56 91 100 50 18 49 16 53 89 3 15 43 15 87 5 22 14 84 61 68 74 23 0 47 51 92 100 27 38 54 85 26 63 7 25 48 72 10 16 16 95 59 3 26 68 46 54 96 71 77 39 20 25 51 69 51 43 85 93 54 73 55 35 70 29 100 73 46 81 93 18 5 26 46 6 59 63 76 18 30 29 93 86 35 39 59 86 81 27 22 30 43 2 92 62 29 44 87 91 98 12 35 7 76 99 39 89 11 12 51 94 63 36 77 4 43 60 11 36 16 53 99 74 31 61 58 33 54 84 10 81 85 34 28 98 35 91 92 79 45 4 24 22 42 34 82 52 30 81 23 8 57 0 65 87 19 10 26 80 44 73 27 58 6 38 40 2 19 74 14 34 47 36 43 72 84 43 93 24 31 21 83 94 37 83 66 90 87 52
92 11 8 29 13 68 52 12 58 6 14 48 55 6 81 13 72 23 54 44 53 49 69 60 54 63 76 27 60 52 19 2 5 81 95 43 22 36 81 49 25 94 27 79 85 73 69 65 70 30 54 64 88 41 21 4 18 16 39 8 56 77 16 3 3 25 27 68 79 85 61 57 89 96 66 39 58 95 32 2 35 44 6 95 70 15 43 27 73 62 4 77 47 53 75 81 43 97 35 32 52 52 49 91 84 80 55 86 49 38 49 34 50 65 70 14 94 11 36 93 42 21 49 27 84 9 70 37 65 56 87 64 46 90 39 87 84 59 36 22 60 11 10 28 31 53 77 56 100 73 5 65 37 37 87 2 75 59 97 41 90 77 22 99 39 8 79 50 11 59 63 19 80 99 50 2 35 42 44 43 47 99 36 87 12 57 11 1 63 98 33 94 80 14 32 94 84 57 35 77 16 54 13 37 49 86 29 89 4 10 73 35 42 8 93 11 2 67 25 84 88 81 50 32 26 18 44 81 2 8 91 11 99 46 98 17 70 91 100 57 78 66 98 75 41 83 54 8 51 34 72 86 5 17 79 87 3 71 34 64 42 45 57 43 4 52 94 31 55 98 16 65 49 67 68 45 78 25 59 47 60 34 80 41 12 88 10 23 64 17 4 36 38 90 49 70 9 89 94 33 61 77 2 34 30 38 66 44 72 54 86 24 79 47 37 52 43 87 37 56 30 99 81 29 42 51 15 25 93 15 40 9 31 54 61 86 89 63 28 22 15 45 96 24 70 63 88 95 38 51 91 13 16 65 45 58 9 72 0 32 91 7 32 77 47 69 52 31 16 27 11 67 24 48 94 98 22 93 38 31 23 0 44 45 58 36 68 31 25 5 14 14 7 98 65 64 47 78 39 94
14 67 68 96 71 60 23 85 11 55 79 18 35 65 55 8 100 66 33 59 11 79 30 56 51 15 92 58 84 89 24 55 99 44 21 82 47 78 47 36 85 38 67 78 71 96 68 89 45 70 23 47 32 32 18 97 91 47 52 38 51 24 32 33 88 17 0 72 99 86 73 95 51 55 51 28 97 50 31 87 39 22 5 58 52 34 31 57 38 60 32 51 100 6 93 99 61 70 54 94 73 31 17 83 11 75 3 87 81 48 10 38 84 99 32 12 95 45 52 2 21 9 39 73 60 95 47 97 2 44 14 72 76 20 61 60 97 92 25 54 69 11 41 81 75 3 55 91 47 29 83 45 92 3 53 65 68 12 10 76 70 79 14 7 52 82 25 14 67 2 48 94 94 87 57 93 8 37 45 23 21 5 53 39 51 94 50 66 24 81 42 21 71 56 64 51 77 31 49 71 84 71 15 58 9 2 72 91 82 9 23 15 39 48 21 51 78 26 83 1 63 96 21 11 28 76 57 59 94 87 54 52 59 41 19 41 61 27 17 56 78 13 89 27 67 12 33 59 14 84 80 72 54 43 2 10 8 78 83 41 41 55 90 2 72 3 53 38 22 55 46 53 34 44 74 2 53 20 89 42 71 90 60 6 16 90 53 16 52 0 57 38 96 73 51 51 53 24 96 71 13 90 9 49 24 57 96 61 55 51 13 45 94 68 93 42 64 27 6 44 77 10 29 15 39 90 74 20 80 87 78 61 93 76 44 25 33 22 68 97 58 39 81 50 49 40 41 24 99 46 53 19 12 41 48 23 50 77 58 49 50 56 92 5 49 89 49 7 12 73 87 54 68 32 76 58 46 87 73 88 13 12 37 26 0 16 85 24 4 25 26 1 40 72 71 1 88 69 6 55
60 20 45 7 57 60 58 17 96 35 55 76 11 37 76 9 99 51 80 34 90 34 60 64 87 2 43 18 11 0 67 50 74 18 75 70 91 6 53 75 32 85 83 39 57 29 67 29 70 5 69 4 51 17 96 48 55 10 33 11 82 17 33 83 87 55 84 31 79 44 83 80 60 61 53 67 81 97 7 87 16 2 32 6 60 92 86 94 11 18 11 22 27 83 32 29 42 23 97 30 85 52 0 90 23 44 73 29 56 13 36 93 96 6 48 73 3 66 82 6 85 74 39 77 38 100 9 2 46 36 8 89 48 91 47 59 25 54 99 73 23 13 26 7 80 55 65 98 34 54 45 63 97 0 31 66 77 63 32 37 96 7 56 94 48 12 39 89 47 17 21 11 54 60 64 20 10 49 32 35 25 70 68 31 69 45 25 72 100 54 40 83 24 72 69 1 15 4 46 56 64 19 72 20 83 99 68 2 78 55 55 90 20 80 71 83 16 54 73 38 35 48 56 21 7 16 43 72 1 43 82 66 6 25 57 66 75 98 36 9 83 41 30 4 56 87 99 40 43 24 67 53 64 60 10 32 78 38 38 63 62 9 90 2 10 31 96 29 57 54 11 37 89 56 13 39 16 61 95 67 88 99 74 37 10 76 11 41 33 87 9 39 27 56 69 13 34 15 59 78 41 24 58 90 53 6 89 7 11 89 83 28 34 21 10 17 40 12 61 77 71 41 3 23 8 99 72 97 58 19 69 55 75 68 5 37 74 46 33 54 53 72 72 25 88 70 44 33 94 34 70 83 12 79 96 89 63 35 68 32 80 94 38 25 24 38 0 31 52 67 66 44 46 86 6 91 8 72 79 40 36 41 1 78 51 59 19 58 60 71 47 94 18 57 16 91 26 25 19 47
4 30 24 91 44 25 0 66 14 92 30 51 37 21 94 23 20 65 79 58 48 16 68 38 19 78 77 53 48 16 70 68 0 52 85 39 32 52 34 0 14 15 14 46 11 14 93 83 0 63 85 68 31 32 76 73 43 79 9 92 66 57 57 39 26 78 85 42 62 96 24 53 90 74 92 33 37 44 73 76 68 56 43 88 44 48 100 69 51 2 95 48 66 64 2 65 98 6 70 8 74 100 19 64 26 11 31 34 91 25 75 50 4 58 49 20 15 81 12 56 56 45 99 66 74 84 34 19 60 26 33 11 71 73 97 66 66 65 59 43 36 36 29 26 67 98 10 58 97 19 15 79 92 29 61 38 11 35 12 48 21 3 31 86 60 65 43 13 30 81 50 16 7 59 66 18 23 67 47 43 81 65 80 33 81 72 10 30 68 81 100 9 90 35 0 5 32 57 98 75 27 50 5 97 34 50 0 62 65 26 22 74 4 44 98 83 70 78 73 35 13 41 77 25 43 7 0 81 32 64 81 24 19 98 26 83 87 33 10 7 44 61 35 38 67 11 98 14 95 73 43 7 85 65 4 90 53 57 13 27 95 76 82 74 43 84 73 8 45 68 53 77 67 68 9 90 99 40 90 96 87 1 10 73 27 36 82 1 100 63 70 48 69 91 99 74 88 26 26 57 97 44 15 77 94 10 97 37 59 91 75 40 65 5 47 25 17 82 23 91 9 93 58 87 94 29 40 12 11 57 11 25 36 66 36 95 38 30 94 51 47 59 44 93 5 7 8 22 34 91 29 68 31 47 37 79 7 54 96 38 29 82 79 63 67 13 5 87 0 80 35 45 98 40 62 70 82 38 12 34 82 16 84 83 28 21 52 67 29 23 58 91 41 26 6 46 18 33 71 21
97 20 8 38 75 9 40 77 85 4 67 42 7 74 14 87 31 73 60 51 1 47 16 15 80 22 66 13 9 11 80 48 15 65 37 81 98 10 16 97 8 27 21 92 45 29 99 19 52 79 33 65 76 73 63 19 7 18 100 63 51 16 27 15 84 7 70 95 81 94 77 26 97 9 82 54 29 10 29 98 16 26 93 64 94 13 86 65 21 88 44 85 68 47 35 56 25 43 45 74 87 23 67 25 78 59 58 35 74 15 23 67 72 90 88 58 18 63 56 29 28 1 43 4 13 85 91 28 74 79 85 12 25 65 90 46 38 48 67 4 78 4 10 74 54 20 75 23 14 16 79 7 17 88 69 48 55 11 87 27 4 4 92 100 99 53 16 67 23 55 29 90 36 96 75 12 78 59 78 50 53 48 75 1 19 52 42 90 60 91 37 7 19 72 82 50 51 10 23 51 45 92 37 20 14 83 51 46 86 79 81 86 85 22 92 78 43 69 88 44 21 24 70 47 35 35 70 64 18 47 21 61 11 86 77 25 28 24 89 86 29 54 72 68 48 90 50 60 27 85 51 7 67 98 49 39 31 35 46 28 90 64 46 22 92 0 76 97 18 63 62 80 97 27 14 55 71 66 45 2 9 7 16 84 10 50 33 60 76 60 3 52 1 86 54 88 79 2 25 48 4 24 34 56 30 74 73 4 95 95 51 70 65 95 88 45 64 5 6 18 67 21 54 25 5 69 95 45 27 89 53 86 47 8 83 79 22 82 86 63 31 6 75 82 42 46 40 91 74 63 95 6 70 83 79 37 43 51 6 56 89 46 64 99 17 48 6 74 4 92 32 3 100 59 17 96 46 31 35 38 7 23 26 6 36 26 24 80 88 80 80 69 44 60 96 68 17 35 96 41
9 69 81 73 79 97 2 51 70 75 94 20 38 17 30 7 14 100 48 24 53 70 1 49 23 25 14 19 1 13 67 51 50 64 77 48 30 37 71 44 64 69 48 2 5 66 60 84 99 6 31 67 37 33 79 70 48 54 83 63 11 45 45 20 14 33 25 89 53 78 30 93 22 68 88 10 59 100 96 77 30 9 4 76 95 45 57 96 65 37 95 42 9 24 28 54 94 24 64 11 20 58 44 48 54 41 84 47 3 88 45 76 12 57 68 29 66 52 97 19 75 60 2 39 90 50 31 38 72 22 75 1 60 60 62 94 27 24 93 97 21 5 34 20 18 81 61 6 90 30 72 92 37 28 4 62 90 79 1 39 3 47 62 49 57 92 44 35 36 8 9 31 73 83 21 65 67 57 14 70 70 8 91 1 29 4 15 77 81 3 16 55 86 68 69 92 24 96 23 11 98 13 81 68 47 27 54 5 37 32 71 12 20 37 34 72 23 59 44 35 44 98 53 82 45 73 79 55 94 35 20 59 10 98 94 96 92 34 44 84 31 91 59 22 54 69 82 99 87 87 59 89 88 36 99 65 1 7 28 54 4 36 7 22 4 3 80 46 76 56 8 64 99 80 91 89 41 3 20 35 23 48 26 74 15 12 39 88 20 55 42 69 89 6 13 82 15 5 4 12 37 58 8 94 62 55 51 7 81 18 96 99 73 2 0 99 28 62 91 57 99 36 25 26 43 44 67 95 33 73 68 92 66 51 92 95 90 3 21 60 56 9 73 32 54 36 37 93 82 7 16 49 49 8 62 97 74 34 43 52 65 85 34 75 23 7 35 32 87 20 39 57 89 69 56 91 33 82 95 14 85 59 50 8 40 30 14 73 49 5 91 20 16 52 59 65 2 31 70 69
28 73 70 44 9 43 56 91 15 95 12 72 48 77 42 19 66 92 85 29 17 71 3 66 51 25 25 53 8 100 14 10 26 39 86 68 72 7 8 79 12 19 33 49 0 48 13 27 100 26 11 85 16 70 96 35 51 43 3 1 49 67 85 92 28 37 62 19 29 97 64 86 27 23 55 88 68 81 73 15 93 73 25 35 67 86 3 5 82 48 76 96 13 70 15 84 10 77 45 3 65 52 61 2 61 62 8 73 52 0 36 73 65 4 78 24 49 85 14 84 93 75 61 66 19 93 71 68 59 74 90 61 91 18 92 72 24 57 61 18 97 69 4 67 91 72 3 85 59 58 58 32 59 63 38 69 3 3 4 27 22 64 54 93 66 26 90 46 37 31 90 27 94 39 24 16 27 68 4 55 7 92 18 14 88 89 10 91 51 33 0 52 0 87 1 20 78 71 58 85 9 46 55 93 16 97 56 21 59 99 92 72 44 1 4 7 100 63 45 94 36 43 48 86 75 0 46 88 21 58 61 59 73 44 27 33 27 33 53 67 56 30 43 53 45 17 54 68 12 10 72 33 82 88 89 77 7 3 4 63 5 23 40 75 29 4 36 63 78 57 35 41 92 48 84 14 44 8 64 72 92 89 6 36 70 67 60 17 7 27 33 30 17 0 50 25 40 99 48 58 9 70 49 28 25 96 86 71 11 99 84 5 62 60 96 13 23 70 78 0 88 74 5 70 71 35 96 6 27 74 29 76 53 6 66 30 81 36 98 96 89 94 72 50 52 57 10 62 20 59 56 22 48 34 23 61 20 12 50 50 13 50 73 35 68 53 13 47 9 19 69 89 63 53 18 3 33 20 96 100 15 89 100 82 34 5 6 86 52 20 41 93 49 90 26 32 64 89 6 45
76 90 24 99 57 6 33 68 61 44 55 54 86 71 45 48 24 48 51 83 99 5 6 90 48 86 88 64 92 29 8 0 82 96 16 19 37 39 17 97 2 48 64 6 96 58 98 76 78 83 55 76 48 6 31 50 55 79 17 10 50 93 22 2 5 60 84 60 81 3 8 55 16 26 24 10 2 85 69 23 79 16 2 43 94 42 100 71 23 16 12 83 41 34 60 58 14 96 23 66 53 26 66 10 87 67 97 5 7 58 35 42 50 71 54 42 98 26 27 76 77 94 12 18 35 1 15 40 20 82 39 9 30 20 68 63 6 54 28 95 100 77 50 81 18 8 64 4 5 39 36 34 70 97 91 27 38 51 84 50 5 73 3 33 21 8 79 46 59 54 82 29 74 79 83 90 6 19 36 13 2 78 15 19 32 99 99 70 82 74 66 70 4 68 31 73 78 23 80 7 26 63 6 30 3 75 5 5 23 55 40 20 62 43 65 27 10 52 11 49 37 87 90 10 8 26 80 88 75 69 79 23 33 49 38 8 42 45 74 87 95 90 1 19 4 58 92 27 64 85 67 96 81 11 59 73 26 39 21 84 29 13 10 50 38 24 24 20 76 3 73 59 19 84 57 63 91 30 13 45 21 22 21 67 7 6 55 11 89 57 21 76 1 48 48 5 34 18 62 13 32 59 6 14 86 54 0 45 1 47 84 49 2 7 31 17 16 14 34 15 50 59 67 58 37 19 4 100 2 24 32 18 32 44 22 75 77 46 35 43 75 40 5 9 72 40 41 52 13 68 20 69 9 94 5 95 10 92 55 9 10 1 90 65 11 92 18 19 1 76 54 21 61 34 100 75 24 56 59 50 0 2 60 81 36 45 81 20 52 15 95 12 79 83 77 10 47 10 65 78
10 27 82 71 28 65 29 4 30 42 73 24 53 15 3 9 38 95 34 47 1 95 36 47 88 85 95 65 38 63 37 37 13 25 57 59 93 69 68 29 17 58 12 46 57 12 28 19 42 56 37 64 32 4 39 6 22 72 81 46 25 91 95 19 96 67 26 20 59 75 76 92 50 36 29 81 45 12 6 52 7 49 72 26 100 48 7 72 91 15 39 71 40 96 46 15 8 24 36 55 90 78 47 8 92 8 73 75 68 18 72 72 95 17 93 64 66 10 12 14 71 77 33 87 1 87 37 91 78 3 70 84 6 49 96 1 46 91 82 29 87 76 90 38 78 19 88 54 55 1 81 34 40 74 29 53 96 23 15 65 98 2 81 40 98 59 21 19 33 0 47 83 12 17 40 83 44 82 78 25 88 72 54 72 71 93 22 56 62 89 81 7 82 74 78 84 77 6 47 95 58 84 79 86 45 91 15 56 84 39 43 67 92 54 79 88 95 10 46 30 29 25 61 88 65 51 43 27 79 22 18 67 36 49 42 22 24 76 72 5 30 16 25 57 93 62 76 65 6 46 69 61 46 42 32 11 60 33 3 88 85 99 43 71 85 38 71 20 66 85 31 78 61 42 43 90 61 78 48 98 32 71 6 97 64 86 78 57 60 1 10 69 85 50 18 49 11 18 66 17 16 56 81 82 83 39 68 16 56 14 49 32 14 56 89 44 4 65 67 22 97 4 63 77 8 22 23 55 90 74 29 72 59 59 9 100 61 32 51 76 70 50 91 1 79 26 5 74 16 15 70 29 45 45 52 69 60 78 37 42 18 51 74 75 58 17 2 95 80 42 12 64 32 84 86 41 1 33 28 96 36 62 46 72 52 11 100 19 53 34 100 26 9 56 10 79 88 90 45 11
26 18 93 41 42 64 26 84 1 74 81 29 28 77 73 39 64 80 99 12 5 74 65 71 9 77 98 4 14 65 68 89 11 96 0 16 77 85 31 28 45 12 34 2 52 21 90 50 41 98 14 59 23 2 38 76 56 11 75 51 85 12 16 8 1 77 67 73 34 34 37 31 27 50 4 48 10 23 35 30 4 16 31 43 33 98 11 87 12 18 60 21 5 12 75 16 75 86 25 33 31 16 78 33 84 45 55 16 93 5 52 84 49 36 10 67 84 92 59 55 33 33 10 65 80 18 48 49 37 62 33 31 62 59 10 0 9 62 58 3 13 90 61 55 51 13 84 28 54 93 14 10 17 57 9 100 48 97 83 17 83 27 46 59 24 17 48 62 14 28 57 81 95 21 64 66 61 16 31 6 12 48 70 4 89 7 76 23 36 46 14 93 58 32 65 79 43 34 100 45 84 74 43 85 28 5 8 23 95 30 68 38 9 9 74 66 41 83 63 62 37 96 69 99 56 10 29 87 18 22 14 64 4 63 13 96 33 1 41 87 35 17 27 14 10 14 35 76 91 93 9 19 93 64 91 82 52 26 29 27 16 47 36 15 77 14 0 8 56 85 62 68 72 93 57 71 60 71 30 22 4 62 97 34 28 84 69 82 90 59 44 42 3 43 83 33 53 23 94 51 77 89 70 7 83 18 100 4 30 37 70 18 75 85 69 7 17 85 11 14 32 45 0 2 17 29 84 63 38 25 57 66 92 89 77 86 39 22 75 54 50 40 30 15 61 63 75 35 9 33 93 1 32 6 78 74 36 43 62 5 95 72 21 23 78 48 8 49 57 22 63 37 59 41 61 84 63 76 64 70 72 65 27 83 44 0 98 91 49 38 64 49 77 64 92 39 35 62 97 66
34 100 100 74 13 66 43 6 2 27 36 51 40 75 80 0 68 41 100 14 19 60 4 51 14 55 12 94 19 11 11 22 50 72 27 84 63 45 82 21 33 25 16 51 5 89 85 8 46 77 15 8 83 24 85 55 8 11 82 91 33 71 71 41 17 77 7 49 28 51 52 78 30 61 42 72 71 3 39 37 8 81 46 33 100 74 67 34 17 8 21 83 75 45 79 58 3 62 78 84 82 85 92 35 56 93 36 11 69 0 94 83 80 12 81 87 62 78 29 18 59 62 55 41 94 31 9 93 48 33 67 7 65 65 89 6 9 72 47 43 9 52 9 93 6 60 18 54 58 53 38 46 52 49 88 81 49 14 37 97 19 95 49 92 61 23 6 91 75 20 97 7 96 32 56 14 37 4 17 55 71 13 13 69 16 5 15 15 29 29 76 76 67 92 77 37 28 7 27 22 13 7 17 75 82 82 88 97 100 96 7 17 56 100 54 46 53 2 37 73 23 53 18 73 80 57 18 100 67 42 7 70 91 94 69 75 85 90 19 84 98 62 0 40 95 15 70 57 36 0 94 49 56 0 12 50 97 50 21 84 43 62 53 74 96 14 4 88 88 11 72 13 69 21 7 63 61 2 55 47 10 98 53 67 56 62 100 5 58 45 92 12 43 37 31 70 78 73 22 54 43 97 8 79 13 27 81 73 30 66 63 82 34 87 91 15 51 32 23 90 67 74 31 3 10 84 95 79 73 99 54 33 12 19 74 32 2 39 23 69 28 30 1 2 84 72 10 100 54 71 88 93 1 82 94 30 16 53 13 89 36 17 73 95 40 43 37 22 95 2 81 29 3 46 48 64 86 13 14 30 48 26 72 50 45 84 57 38 78 88 27 27 89 98 64 23 51 12 44 80
75 48 31 25 10 45 25 49 16 55 87 89 82 27 85 85 77 9 33 29 25 97 86 92 76 78 32 96 79 49 76 13 38 6 96 17 14 46 14 10 18 95 89 60 19 0 23 6 90 79 13 8 99 17 12 65 24 20 50 55 53 24 51 99 14 84 98 37 43 78 14 36 36 70 55 40 51 71 71 90 1 38 99 23 7 29 27 85 97 68 64 53 13 40 39 16 95 80 12 16 95 66 30 9 98 93 97 56 16 55 26 67 85 31 69 65 6 31 36 69 18 16 26 24 94 89 38 11 91 57 52 5 85 3 1 68 30 73 29 60 90 83 86 47 9 46 58 0 87 40 5 95 9 98 71 23 65 16 99 72 9 97 28 29 16 49 66 60 37 31 8 78 56 96 17 79 90 63 46 60 67 82 77 97 65 56 45 27 33 80 57 64 35 10 38 44 99 36 53 30 51 12 81 84 24 43 43 2 4 35 80 56 9 2 24 30 60 81 63 11 34 56 92 91 42 93 99 65 55 88 30 86 67 26 92 88 52 58 34 10 57 73 78 9 18 33 11 81 10 94 100 10 20 78 38 43 41 83 2 28 84 27 53 71 79 86 0 65 77 57 79 29 51 9 58 19 46 92 93 64 73 90 14 12 49 57 83 13 89 62 28 49 41 48 73 73 21 73 30 52 11 54 94 55 76 57 80 80 56 73 39 89 84 34 93 91 73 67 15 26 91 69 51 73 37 43 61 90 42 26 48 43 55 6 68 46 91 57 98 44 96 28 37 66 99 8 30 50 6 85 43 81 66 45 54 34 18 87 68 1 39 85 0 35 43 17 8 97 68 33 99 6 13 37 48 100 14 13 61 74 29 89 5 63 66 9 79 49 45 17 72 83 16 49 49 12 45 77 30 73
3 3 36 32 17 10 14 100 3 29 25 97 37 19 8 8 78 50 47 40 80 71 27 31 55 43 55 71 92 45 27 7 91 81 47 75 30 90 19 75 8 87 29 6 1 57 53 7 13 82 98 38 45 33 50 35 48 100 99 68 5 62 48 17 23 97 57 5 24 17 23 58 50 48 40 37 32 64 55 81 33 60 83 33 62 34 62 78 44 24 30 12 12 97 82 16 46 4 89 95 93 65 94 37 36 68 13 12 14 90 68 90 39 4 90 0 41 72 98 11 33 100 58 95 16 43 47 71 53 11 41 91 86 35 24 10 26 81 23 28 84 97 56 53 76 30 60 45 67 91 15 74 97 39 19 28 49 32 15 28 6 45 57 42 75 21 100 34 88 60 96 79 39 90 48 5 87 55 64 53 35 61 38 95 82 64 54 10 57 50 55 18 17 43 84 38 61 45 19 16 36 46 54 100 17 39 46 26 8 40 21 76 89 38 96 63 84 16 85 4 5 80 25 85 87 26 56 16 52 3 93 67 73 34 67 48 28 64 14 30 60 22 0 47 1 62 0 11 2 53 83 41 78 28 56 6 51 8 12 87 12 85 54 81 81 53 38 96 68 82 34 27 94 40 1 49 73 16 73 57 22 34 29 89 79 18 15 30 61 68 98 36 41 53 65 38 29 3 36 69 35 34 63 12 59 32 68 11 41 28 84 33 9 22 18 10 20 6 39 77 27 72 93 25 32 22 91 60 81 86 78 55 34 30 55 3 75 8 2 30 23 72 25 29 71 15 1 41 16 1 87 26 33 30 87 41 97 50 47 20 97 65 8 48 79 47 18 85 92 100 99 75 44 48 27 33 92 27 54 84 96 46 82 71 45 96 88 75 33 80 8 35 90 14 55 6 73 19 41 74
29 45 80 55 68 40 55 74 10 24 59 60 66 61 89 31 6 10 47 73 7 26 97 68 80 84 87 80 50 31 60 10 7 71 60 57 69 94 9 1 39 5 92 85 39 59 3 41 22 77 39 71 37 58 84 63 89 65 91 49 66 45 84 54 78 76 38 47 4 57 57 40 95 41 29 34 24 57 33 13 94 92 80 11 95 78 38 95 13 55 15 45 19 20 78 65 33 40 95 91 6 12 39 55 53 20 41 23 31 39 91 17 21 1 82 10 81 5 39 57 74 45 85 50 57 65 62 22 25 37 1 31 55 17 7 27 20 67 92 93 62 36 30 76 61 38 70 28 67 94 7 76 90 79 5 66 43 39 51 64 73 94 53 94 90 64 54 81 4 78 79 65 94 14 95 16 28 20 49 63 49 6 15 85 88 70 16 49 34 80 1 71 24 9 46 47 37 42 84 91 5 83 92 20 81 50 83 39 75 59 23 46 42 36 55 84 86 14 0 17 98 28 11 25 4 11 71 10 63 4 11 79 51 71 19 78 20 44 28 83 18 3 76 89 75 51 76 28 53 99 70 72 3 81 28 10 58 99 63 88 37 45 20 8 39 56 83 93 87 16 15 81 87 19 74 44 86 36 33 6 14 18 21 12 84 89 8 25 96 30 2 12 86 28 80 86 16 96 61 38 12 59 62 27 37 13 83 48 76 39 90 83 46 78 77 9 87 62 52 66 51 15 3 50 57 76 96 95 24 14 97 77 9 57 25 76 88 57 39 30 35 90 6 30 56 74 25 0 34 21 39 82 80 41 5 39 30 77 10 3 68 84 15 77 16 57 79 9 60 37 84 0 97 51 20 58 43 61 24 11 8 76 0 18 44 99 47 67 37 2 1 46 3 70 55 10 31 58 46 0
43 46 35 27 47 83 43 53 19 83 81 93 39 70 47 44 3 94 75 54 95 47 2 1 20 91 8 84 57 28 14 68 1 46 4 81 85 28 94 22 30 61 11 77 44 98 51 19 62 35 26 90 20 84 96 25 19 66 93 65 90 82 65 45 26 22 35 56 26 42 79 7 87 59 12 32 63 74 19 1 99 88 74 44 54 11 16 1 76 61 11 60 60 87 48 83 59 24 34 43 22 27 56 87 67 89 60 80 33 76 46 23 1 42 64 48 21 52 92 67 26 7 67 33 16 35 87 71 8 34 97 80 46 90 32 0 61 66 64 91 0 77 71 63 48 32 35 100 8 84 31 56 97 96 52 42 15 81 15 77 18 89 12 20 80 66 48 11 86 57 10 84 13 43 47 14 55 71 86 10 77 9 33 87 78 35 100 58 58 16 62 15 31 35 28 77 81 6 72 31 43 24 17 10 90 35 8 25 70 71 16 19 97 96 43 83 32 59 59 97 66 12 3 23 37 73 81 93 22 4 57 47 19 100 29 60 51 28 14 69 78 80 18 52 35 34 22 12 4 64 32 21 100 92 55 89 56 11 12 37 22 77 2 35 91 85 84 23 51 27 90 7 98 69 72 87 44 24 59 83 77 1 35 90 87 37 55 88 68 83 97 5 76 13 17 46 57 47 54 82 64 82 16 92 95 86 9 4 89 63 43 40 72 12 21 96 85 32 81 53 61 29 58 75 76 85 18 55 39 33 48 43 26 42 60 76 47 29 71 73 51 77 42 75 24 1 72 49 87 54 8 85 10 74 88 42 71 83 75 93 54 54 78 75 10 13 21 49 95 40 71 94 87 89 39 60 68 28 30 38 74 62 44 93 72 84 24 0 67 70 53 90 17 47 88 72 100 88 9 94
64 17 27 47 47 73 6 94 87 76 34 63 78 98 76 91 29 98 75 26 70 6 11 29 82 98 91 50 64 32 90 51 47 44 84 47 82 42 28 1 53 76 8 56 29 83 36 63 48 99 60 32 71 62 65 3 73 45 96 85 96 83 18 42 27 0 17 93 6 2 49 20 99 53 45 40 72 27 100 38 43 74 78 1 53 78 22 7 84 42 40 50 87 14 43 67 40 87 64 11 99 22 57 100 16 32 91 56 62 59 95 25 2 87 59 8 84 87 78 4 51 48 69 1 95 83 54 89 70 52 38 11 35 64 94 20 87 56 62 64 70 98 52 99 40 28 71 62 60 49 70 58 79 12 99 49 8 83 58 84 33 25 92 48 88 22 98 54 37 86 46 3 24 9 5 27 26 95 59 2 83 55 10 76 60 31 85 7 19 53 25 97 76 92 68 54 19 76 12 10 13 33 27 15 81 52 56 72 99 32 53 77 52 75 30 5 20 25 77 60 28 68 24 36 3 79 9 21 1 79 62 81 50 76 84 36 35 75 60 73 73 49 57 25 61 31 85 19 64 3 3 31 31 91 90 73 17 15 76 62 29 21 20 95 9 20 94 67 53 85 99 3 91 71 0 81 98 76 11 87 5 98 93 40 77 36 65 46 47 32 68 35 84 72 32 88 14 45 84 30 55 46 20 35 63 35 57 34 57 76 36 75 45 70 71 82 81 72 41 93 10 30 26 36 62 34 58 49 87 67 72 92 51 74 55 55 13 98 92 20 63 62 5 2 62 70 67 82 83 65 1 42 92 37 93 41 13 88 70 67 8 77 84 13 27 83 56 8 88 87 51 47 37 82 41 84 44 78 50 66 99 31 30 18 90 96 61 1 95 75 19 62 30 53 34 56 9 45 7 50
4 46 27 70 69 29 76 92 32 24 92 52 43 69 94 17 94 14 51 98 81 35 45 56 18 21 35 5 58 1 94 22 62 37 29 50 7 41 10 97 95 3 79 24 89 39 88 47 72 88 24 42 37 12 93 62 100 64 78 87 33 59 18 52 7 0 82 25 24 53 94 83 24 69 21 58 0 2 98 86 100 95 24 73 30 99 52 40 44 88 29 61 11 60 4 76 23 9 90 99 93 65 53 22 22 16 73 92 79 76 74 89 97 69 48 81 72 100 84 76 84 29 49 36 98 56 90 98 74 26 73 40 27 47 74 50 77 62 93 5 39 64 0 64 64 89 10 83 38 95 100 46 89 4 75 54 88 51 80 54 79 70 95 54 27 20 81 13 84 63 18 58 56 32 41 63 76 39 80 43 79 6 52 28 3 91 95 87 28 7 50 96 74 5 69 48 68 73 9 56 99 16 31 61 91 93 22 90 73 73 16 47 33 64 40 25 45 22 70 93 34 20 87 57 34 23 35 60 98 48 58 98 87 82 34 39 54 78 13 95 90 42 7 79 9 88 47 91 27 33 19 52 19 43 1 71 34 82 75 9 55 98 88 53 95 85 8 36 38 5 36 33 8 61 28 93 37 51 36 90 61 58 19 0 91 78 80 8 94 72 58 73 81 43 17 33 82 91 34 18 92 77 24 45 39 24 82 93 32 96 29 77 69 79 58 65 8 4 13 92 77 45 66 18 5 0 19 24 98 79 9 62 75 23 67 27 1 82 69 33 83 48 41 38 35 95 53 98 39 12 62 44 58 59 71 42 56 9 14 70 29 92 73 33 52 54 55 46 28 66 13 88 52 100 46 56 30 32 56 70 1 50 88 6 54 1 91 31 81 99 26 19 3 74 77 94 95 89 75 57
92 34 86 17 80 37 94 64 100 25 20 99 36 27 43 69 87 81 58 67 0 42 49 68 66 21 52 61 11 92 68 37 97 81 82 97 69 95 80 18 54 83 4 29 91 31 49 2 22 69 29 3 18 4 63 42 97 60 54 60 54 79 45 81 19 19 51 63 100 14 70 51 89 14 53 35 58 87 74 70 27 3 89 32 16 59 12 17 68 70 91 75 86 11 32 57 34 57 73 68 37 56 85 18 52 45 16 22 92 47 82 86 66 35 60 47 26 5 87 70 87 53 27 28 8 5 16 56 47 9 76 1 13 93 1 67 47 77 74 48 67 38 70 13 42 71 47 67 46 39 18 44 54 10 83 35 40 85 42 80 100 84 47 27 3 48 13 84 9 90 34 83 32 98 84 71 87 91 41 28 6 2 47 9 46 49 0 6 40 10 52 26 77 40 32 78 30 69 4 19 59 80 98 78 82 24 95 85 9 6 0 83 46 36 81 23 67 50 19 32 0 4 51 12 8 30 56 18 71 49 58 61 69 41 48 18 6 64 100 3 43 31 61 94 89 87 5 26 53 16 8 81 18 36 96 14 68 80 6 66 78 32 77 31 65 26 90 97 4 63 9 77 92 13 29 43 16 72 4 99 41 98 24 8 21 34 51 55 3 13 60 18 16 50 45 0 7 32 30 11 16 72 27 34 77 32 24 20 11 81 37 56 51 65 97 23 51 19 5 62 99 85 74 34 10 84 96 37 75 28 29 71 92 79 48 72 45 21 77 60 29 57 21 2 74 12 11 22 4 5 37 79 22 55 18 66 56 5 88 53 61 27 26 79 83 6 72 26 40 58 97 56 37 0 83 63 72 6 41 12 3 72 11 87 26 1 58 83 98 91 9 20 90 80 92 7 18 6 67 18
25 0 79 98 94 36 27 78 38 28 11 78 11 16 78 89 2 43 36 47 14 95 41 19 38 27 80 61 82 67 82 23 0 77 36 12 57 95 17 59 80 20 97 44 74 79 7 92 51 59 22 4 8 36 72 66 52 7 50 16 97 43 3 9 49 3 97 15 72 2 25 16 99 34 58 95 42 98 79 9 23 94 85 16 57 89 14 5 24 54 99 99 9 54 17 8 26 89 26 45 38 71 4 25 93 89 80 35 57 13 76 79 78 46 29 69 1 34 72 33 29 32 18 4 22 85 46 37 98 6 59 45 47 78 46 85 65 82 85 9 41 96 84 86 5 6 18 55 70 98 83 33 86 70 25 1 25 76 25 48 100 87 66 33 69 38 74 80 61 82 77 84 54 80 52 43 85 33 58 22 6 44 24 8 85 57 82 75 6 74 10 64 99 40 25 48 70 27 87 57 97 21 7 17 74 12 45 61 54 79 30 75 94 1 10 75 52 76 9 79 26 0 55 48 96 48 72 77 43 11 62 37 75 62 48 34 37 46 93 54 78 63 55 22 66 51 70 30 30 94 67 83 16 67 1 80 99 8 46 28 27 86 3 77 39 87 3 12 61 33 42 46 25 54 50 96 36 85 59 25 47 7 89 53 89 39 24 9 60 37 76 95 98 77 20 12 92 74 52 18 12 58 89 14 30 67 91 83 9 60 23 53 77 74 93 81 0 83 66 91 20 77 62 49 8 93 79 7 4 28 27 82 36 86 53 26 41 91 53 85 39 96 92 8 58 11 100 40 6 100 0 78 30 74 9 96 67 53 80 69 15 29 6 97 8 34 84 16 57 70 77 74 44 76 79 71 18 50 20 45 59 36 53 40 12 15 11 67 58 74 55 65 39 18 94 85 48 43 82 44
4 21 30 27 75 76 44 100 46 57 31 76 100 87 30 18 49 78 58 56 77 68 65 5 14 16 38 89 13 53 72 69 2 6 80 49 51 17 44 26 80 10 92 75 8 5 97 14 47 82 88 41 81 98 52 74 43 23 41 63 82 6 76 78 56 62 36 67 3 13 96 72 27 43 20 37 42 62 24 5 52 69 52 99 19 36 16 9 56 85 77 78 3 68 11 69 85 5 7 17 71 73 74 81 50 86 25 45 21 28 17 29 17 69 67 90 26 72 35 0 58 65 78 83 46 4 5 95 6 16 46 67 2 71 83 20 46 49 100 29 44 12 25 37 74 6 77 0 65 79 42 29 94 49 94 94 25 48 72 50 28 40 44 30 14 3 18 55 25 65 7 99 47 1 1 68 99 57 49 38 13 71 37 64 67 78 34 40 97 69 65 77 7 86 35 17 33 79 97 0 64 70 0 72 41 29 60 53 31 71 1 85 30 31 30 1 77 78 65 60 4 62 37 16 45 72 20 81 65 6 39 24 81 50 41 71 82 89 30 59 60 59 99 46 97 10 2 69 8 80 12 97 18 48 60 24 69 11 88 87 61 53 35 33 92 78 10 44 38 86 20 84 52 97 33 61 86 25 9 62 84 72 8 61 22 100 86 22 100 81 82 62 47 15 72 60 97 39 68 8 42 0 40 89 40 72 40 83 96 84 60 12 71 43 98 33 46 75 83 37 52 12 4 10 27 32 65 15 60 34 31 23 49 67 17 81 98 40 21 37 20 94 69 39 13 90 83 50 20 72 16 26 7 16 85 56 67 94 42 26 60 75 74 55 23 8 0 85 48 62 63 17 97 48 39 98 63 17 28 20 72 7 0 94 41 85 65 57 4 36 7 61 17 67 89 74 24 7 54 75
38 72 67 79 22 83 48 56 81 26 57 82 26 36 16 10 16 98 44 5 48 68 2 50 5 30 2 68 47 8 92 28 54 76 15 45 57 72 51 84 0 64 82 28 17 75 7 23 52 5 27 37 41 67 11 86 34 67 94 5 92 26 90 45 83 63 100 100 47 34 0 34 49 85 58 29 70 10 70 13 40 74 5 63 80 16 30 68 5 41 48 3 25 76 78 70 51 92 14 71 83 47 47 19 54 16 63 36 71 86 80 81 93 21 83 77 48 75 54 19 66 99 92 66 23 64 83 90 86 4 49 79 38 52 11 98 58 13 61 38 75 10 2 93 81 60 51 8 90 70 68 37 48 49 15 11 2 47 32 98 11 82 98 91 39 84 87 89 91 68 58 16 51 78 83 35 69 63 54 23 43 19 21 63 25 87 49 69 79 97 20 11 4 71 41 7 48 4 87 21 1 39 96 9 13 69 47 67 67 8 86 76 65 67 27 50 20 93 72 53 23 7 9 87 11 72 63 81 53 30 3 77 34 52 13 92 32 89 37 83 31 6 26 14 53 53 78 25 87 91 38 100 54 77 3 24 69 94 10 72 20 84 35 84 17 12 96 58 35 79 98 98 31 84 61 84 81 85 70 47 45 38 46 0 71 94 8 76 48 44 62 64 45 71 6 45 37 9 77 92 51 7 33 0 82 41 62 79 15 30 98 81 71 88 47 1 1 81 86 12 22 5 59 36 47 24 92 51 21 85 59 22 99 36 95 39 7 81 10 6 68 69 92 25 91 40 98 13 1 81 52 64 5 77 52 75 85 63 55 66 76 90 50 12 85 52 40 92 22 91 97 67 1 73 57 53 13 4 24 16 66 21 59 51 66 30 48 88 9 39 69 6 19 96 83 35 18 87 32 78
62 86 39 16 44 5 18 3 27 48 59 52 33 96 100 44 82 99 92 65 88 43 14 91 25 13 49 79 50 13 24 31 19 57 1 24 52 70 77 39 29 81 64 14 22 78 74 24 44 89 72 57 90 56 72 24 36 93 4 33 94 65 20 91 89 26 79 73 72 6 45 97 52 31 44 20 90 37 87 30 89 56 90 96 15 18 36 82 66 27 93 42 5 5 7 53 15 41 38 63 25 19 16 29 54 89 69 54 78 38 44 21 34 62 58 88 11 33 55 12 62 58 86 35 22 15 65 16 19 59 5 36 50 72 19 52 81 30 62 26 69 33 49 90 39 21 39 71 34 9 73 73 86 59 31 91 65 12 28 74 53 75 84 97 64 31 53 15 40 54 71 45 61 81 54 46 87 83 18 96 44 46 28 82 6 67 81 24 85 68 4 1 75 17 9 96 67 68 16 16 44 76 32 17 5 19 66 14 47 82 33 21 99 60 55 11 3 25 100 93 68 59 20 0 48 6 43 39 33 17 52 39 75 1 74 40 0 87 62 55 52 90 88 53 75 99 17 63 11 32 72 74 11 31 79 89 73 20 26 26 65 33 91 20 36 95 77 93 46 58 75 71 15 70 52 34 31 45 20 38 17 34 41 22 0 12 56 30 46 91 79 79 95 59 70 8 90 26 53 18 8 8 33 36 31 57 63 75 89 84 63 79 68 19 22 33 22 9 67 30 39 65 57 5 67 27 56 20 53 32 54 68 94 55 82 44 2 31 22 21 14 80 81 23 76 34 86 65 72 75 43 10 2 8 94 74 73 15 14 69 77 85 45 60 41 35 29 47 48 77 47 78 36 33 94 35 65 92 24 34 36 29 100 46 36 62 27 23 51 98 25 63 45 65 100 71 78 81 93 81
56 14 27 55 61 79 34 94 81 56 59 45 23 32 96 96 36 17 98 63 40 92 26 42 95 66 23 90 28 100 13 26 90 41 8 99 32 61 98 50 41 15 84 28 25 13 45 71 61 27 98 2 25 77 58 57 55 83 65 64 53 8 82 61 61 40 6 12 90 83 85 91 98 6 57 97 69 44 90 59 6 3 31 71 97 80 65 9 97 8 70 74 41 21 3 21 16 74 41 7 30 73 80 63 0 75 10 42 19 28 70 69 29 38 3 82 71 100 5 79 1 64 28 100 4 56 6 35 67 33 12 43 57 72 1 39 94 95 41 99 58 100 36 38 63 59 36 41 54 88 12 5 29 79 24 15 85 87 90 96 42 8 42 7 81 30 20 88 58 65 0 13 8 82 35 74 2 38 43 51 80 61 3 44 86 69 40 98 33 18 4 34 91 79 84 1 1 77 20 68 6 40 5 66 29 65 91 60 33 78 6 86 29 34 44 32 9 100 77 52 62 3 57 13 94 70 60 32 97 17 45 81 84 23 23 57 79 2 2 96 97 24 13 100 63 9 71 71 5 26 28 80 38 56 29 31 37 47 43 6 68 5 43 9 76 94 15 48 77 27 43 47 13 64 33 56 29 5 30 69 84 71 7 27 95 70 46 53 80 100 68 25 48 81 91 53 21 94 41 81 83 63 63 0 85 93 42 67 23 14 77 73 47 55 58 63 61 87 21 65 25 29 90 83 49 15 7 73 38 39 25 1 14 10 21 56 40 47 100 24 95 61 48 20 22 53 86 32 57 49 16 25 97 15 20 59 85 11 48 23 70 18 7 6 48 73 77 22 96 9 10 19 72 42 10 72 74 94 30 66 28 77 39 30 86 55 18 86 15 24 50 51 72 71 88 35 22 92 29 87
64 4 91 56 17 32 58 6 78 13 91 33 62 52 21 59 17 87 66 44 19 30 28 96 13 24 96 36 100 1 82 31 15 66 5 15 31 47 10 8 45 85 99 27 40 80 6 57 47 1 52 38 45 98 75 25 19 86 83 90 100 4 97 93 12 71 26 97 20 38 2 65 79 4 52 44 81 77 47 38 44 21 19 82 54 35 85 28 5 97 66 36 98 89 32 0 80 78 18 39 16 74 64 52 27 63 66 72 97 16 17 71 76 7 36 62 53 37 1 0 13 44 31 57 16 16 100 43 14 45 24 85 4 100 2 57 55 56 55 74 92 81 43 60 83 97 5 98 81 93 12 42 66 17 15 41 90 95 91 98 12 37 1 69 83 21 32 50 24 77 77 36 62 53 5 54 98 0 60 64 42 77 26 73 58 1 40 76 33 42 56 68 97 31 79 70 65 49 39 21 8 41 17 33 76 15 46 71 21 2 55 61 36 96 43 76 87 26 92 85 78 63 6 86 46 39 24 16 39 83 13 68 58 54 91 56 100 22 46 18 68 63 26 99 9 0 37 59 93 100 9 23 74 2 60 43 95 43 31 19 84 1 88 30 5 64 34 91 74 73 68 17 75 74 46 91 81 21 14 80 58 39 89 92 46 13 52 6 100 9 12 49 92 44 32 6 4 79 64 25 19 49 0 54 99 78 67 86 37 34 48 36 99 5 74 72 72 71 87 77 6 98 33 38 60 55 62 85 31 52 82 1 15 49 91 56 56 4 28 10 78 81 43 83 32 80 81 79 50 69 87 32 81 63 18 34 80 25 34 64 52 51 76 41 52 10 5 44 64 88 90 22 32 10 31 48 74 45 28 34 8 81 80 46 72 33 55 91 49 35 47 99 41 25 87 88 8 38 10 87
69 63 70 86 66 98 56 82 76 46 51 43 33 32 68 81 43 91 52 32 3 37 2 84 69 95 60 88 92 24 7 3 59 18 94 4 8 76 49 50 80 100 87 80 77 44 29 19 10 28 60 1 80 9 7 11 32 81 36 85 10 8 92 87 85 6 58 69 87 28 13 1 99 40 46 34 60 74 89 94 9 83 55 95 89 0 67 73 84 83 62 95 8 35 25 79 35 75 98 79 69 14 19 89 67 18 81 76 96 82 46 78 39 0 0 50 32 54 99 73 92 78 67 21 24 32 45 47 29 94 49 89 49 66 100 49 16 65 96 81 52 81 65 82 20 33 1 24 34 31 93 70 65 84 5 59 89 92 82 58 83 35 68 45 73 81 30 87 39 95 30 62 14 79 39 78 22 9 30 34 24 51 69 48 5 11 92 82 41 13 99 77 76 43 88 85 28 54 94 88 92 65 26 34 96 19 87 3 5 8 88 18 12 9 7 88 21 52 82 92 35 13 22 7 29 3 33 72 88 90 81 32 93 28 99 0 51 88 54 13 38 51 25 62 24 0 65 34 14 42 12 71 59 55 35 11 90 28 83 56 63 64 36 28 40 1 14 32 8 69 69 72 33 57 31 1 16 43 10 40 19 60 45 50 2 41 20 16 16 54 93 5 6 69 50 90 66 34 64 0 2 73 60 54 99 18 67 6 76 89 15 46 76 40 55 3 72 81 38 38 94 75 94 15 55 95 50 96 14 76 40 77 36 69 19 93 88 12 33 100 59 100 99 91 94 37 22 97 0 24 15 15 23 77 33 45 95 39 60 89 19 75 68 10 26 20 55 77 71 56 76 1 17 41 75 3 40 98 56 92 59 63 97 56 63 90 29 6 41 51 90 13 76 97 97 2 18 75 93 58
85 77 23 2 40 46 93 19 26 2 10 4 41 15 44 16 39 66 20 6 73 25 13 59 38 9 62 85 1 16 0 25 36 60 93 61 16 50 21 84 22 59 64 53 53 81 85 45 14 37 80 0 81 43 19 50 0 67 96 72 9 23 17 37 30 78 81 86 93 44 77 30 27 7 81 1 26 1 95 26 74 81 11 56 42 95 55 37 8 17 63 92 59 42 42 0 76 63 96 80 12 92 59 6 43 94 90 13 34 3 30 12 19 88 72 1 64 44 54 2 45 55 54 60 48 62 38 49 22 90 66 6 12 11 2 33 70 24 49 60 25 54 69 54 44 41 68 82 50 49 59 59 65 36 36 33 99 86 40 12 54 49 25 57 79 70 78 17 94 62 97 25 45 7 12 30 85 38 62 97 93 68 4 19 10 72 34 90 8 8 21 50 52 46 69 19 66 92 90 38 64 90 25 70 17 26 73 33 18 76 3 54 44 83 84 63 26 4 64 47 16 68 38 81 80 17 53 82 77 50 6 41 36 40 21 82 66 87 58 47 26 33 61 42 69 60 47 54 84 1 54 86 97 77 73 33 48 22 45 2 41 70 29 12 87 16 23 6 27 81 33 60 2 71 52 88 89 95 67 20 18 80 48 69 68 26 0 83 60 37 92 30 40 65 58 14 36 88 49 35 18 98 35 71 64 75 81 24 12 63 1 92 20 45 87 90 22 47 9 98 83 47 62 91 45 50 81 75 18 2 35 75 96 20 14 9 28 39 9 45 9 29 17 78 23 69 41 3 55 66 86 86 55 86 70 37 83 10 45 63 91 91 31 62 2 22 4 47 37 14 83 0 68 86 16 13 24 57 62 10 87 27 45 77 13 71 41 56 58 58 32 91 6 84 77 48 77 76 99 98
54 95 6 28 52 59 29 24 55 57 95 46 26 93 93 36 23 85 66 6 2 94 57 61 43 68 7 84 40 40 44 2 86 87 40 74 55 32 88 54 72 32 78 8 29 97 12 99 4 84 81 66 49 63 77 45 82 14 14 70 87 1 60 45 15 26 4 60 75 3 82 41 28 30 41 41 45 87 2 99 100 75 44 9 28 48 100 91 43 10 78 93 30 92 8 2 32 78 45 66 29 57 87 81 53 15 17 92 83 66 100 3 22 14 24 39 72 17 94 72 48 45 92 53 74 36 42 9 1 59 96 47 62 84 85 79 15 72 76 0 84 47 44 85 28 80 59 49 72 82 33 32 16 81 50 71 35 85 97 78 32 17 50 56 99 43 62 53 71 2 33 94 32 52 71 94 89 42 9 24 60 3 13 35 71 67 27 42 28 24 65 11 66 3 35 15 9 62 83 4 66 84 91 77 89 31 16 38 54 28 18 65 32 21 86 29 5 24 70 95 8 75 27 67 17 1 12 23 77 48 99 60 6 82 54 25 94 22 75 40 90 97 80 65 1 1 38 21 60 65 53 73 22 32 36 5 49 96 30 50 73 27 28 77 1 6 72 88 39 26 16 83 89 13 71 61 6 51 72 86 75 67 61 17 67 29 43 63 81 94 69 2 47 11 67 94 25 19 22 5 41 93 48 9 72 28 74 15 56 64 77 72 70 100 32 1 62 62 16 51 67 27 22 23 24 19 89 5 37 5 81 46 56 6 81 44 33 86 83 0 52 17 31 3 49 69 25 52 52 15 47 12 73 12 59 62 46 90 26 6 87 3 47 73 80 32 24 93 21 90 25 67 35 83 8 6 15 25 9 23 30 70 27 43 20 46 52 72 19 50 99 85 19 93 90 79 26 32 73 42
29 8 22 30 61 15 24 91 2 36 92 61 87 10 49 30 55 45 87 43 76 3 100 66 83 73 34 42 94 63 99 36 80 45 21 40 30 95 11 52 23 95 10 21 88 79 27 62 32 45 86 61 13 5 44 94 96 14 33 25 52 9 51 23 12 76 78 13 45 15 86 87 63 77 93 26 94 20 0 48 19 79 92 63 87 46 24 84 64 4 26 43 91 90 19 48 61 10 26 94 65 74 61 100 12 16 87 58 63 84 16 48 13 59 0 36 78 76 85 64 44 14 22 77 4 37 68 23 33 18 46 61 8 75 91 43 64 60 35 66 65 84 27 8 99 25 26 42 1 52 45 87 6 50 86 28 6 68 12 96 66 29 72 46 70 14 74 47 97 7 9 47 20 37 37 43 54 42 43 11 37 14 83 62 83 35 16 72 0 23 36 38 52 40 74 20 45 81 70 70 76 95 96 6 11 32 65 2 49 55 6 90 28 98 97 77 37 87 57 48 36 35 64 50 45 34 80 95 33 20 48 34 92 72 49 48 86 48 3 100 57 14 24 58 97 15 0 97 85 22 70 78 51 21 76 49 8 62 82 9 80 11 87 41 38 56 100 13 73 45 69 68 98 20 13 29 12 9 51 96 25 2 81 70 82 33 45 17 99 41 10 48 68 25 49 30 35 13 78 84 98 94 18 21 60 37 72 7 72 48 91 41 97 72 4 59 100 10 93 37 23 39 23 35 14 46 86 47 41 1 25 36 73 14 62 52 24 93 86 45 99 6 56 87 41 40 15 80 87 92 20 80 83 70 16 76 15 39 18 17 73 64 72 1 7 45 6 48 9 92 38 36 82 23 18 71 77 82 37 56 37 43 32 79 56 69 76 67 94 24 11 23 27 2 78 82 47 60 100 74
84 38 41 55 7 25 29 1 23 63 45 70 38 57 30 80 61 29 0 52 24 11 77 39 79 88 92 49 99 28 37 26 82 99 0 86 77 91 93 66 30 81 45 100 67 91 68 37 31 5 66 63 34 63 41 44 44 14 66 1 68 19 45 37 2 78 61 44 47 41 19 94 38 67 43 16 67 14 60 88 41 93 97 60 27 36 2 5 59 46 11 63 10 16 63 70 18 88 15 90 77 49 61 1 90 17 34 65 90 51 48 51 63 30 32 99 37 82 88 71 91 58 5 14 47 5 65 33 51 96 56 73 79 82 80 17 45 50 42 25 86 81 39 48 85 92 100 88 72 27 9 34 84 69 35 24 36 74 32 91 3 77 37 39 74 59 16 69 85 32 79 74 64 14 20 42 53 50 44 86 52 53 57 17 89 24 77 50 29 1 22 6 29 49 41 90 37 72 93 1 6 75 21 65 98 83 56 38 58 70 81 41 90 43 40 30 56 92 83 95 1 72 19 96 56 50 5 63 32 19 50 50 18 72 83 8 74 2 23 15 0 60 28 15 6 33 95 93 15 79 50 73 60 14 37 72 70 80 82 77 47 55 90 18 15 7 99 52 28 10 25 13 14 63 84 43 60 5 36 94 51 4 77 41 52 3 45 8 69 95 31 63 19 93 93 87 77 48 2 41 16 28 94 33 67 100 21 2 67 88 3 74 18 10 1 32 96 27 42 36 23 45 29 53 1 82 87 51 22 7 12 88 44 7 36 45 41 19 87 71 2 92 10 53 89 5 77 52 97 84 83 59 89 60 36 58 57 49 34 38 48 23 69 5 74 6 80 76 74 69 51 20 48 3 14 33 44 20 60 95 19 0 96 48 67 57 33 99 48 28 44 16 73 0 53 29 0 58 74 66
39 5 20 17 59 65 93 78 30 63 65 37 7 96 16 89 57 17 93 34 98 99 72 77 72 26 54 80 76 16 24 63 85 62 88 46 0 36 66 81 66 30 20 16 87 32 28 74 76 94 0 99 40 90 45 27 12 7 56 63 61 85 71 47 7 56 84 86 82 96 15 2 11 80 17 74 16 98 35 70 3 37 76 9 91 89 37 3 33 63 96 69 67 73 71 76 27 36 53 15 42 61 33 84 53 52 4 4 3 62 69 58 94 31 57 40 94 2 98 68 69 72 25 16 58 4 74 52 46 51 24 73 54 30 98 27 57 29 47 43 22 62 63 63 43 58 42 92 86 54 60 59 17 25 51 24 8 91 12 88 0 96 95 47 0 65 35 80 67 19 10 86 48 15 31 93 26 38 95 2 23 79 90 14 55 32 57 72 82 88 24 62 63 15 63 93 71 100 9 57 22 59 62 31 28 90 54 47 100 41 4 84 81 74 67 99 69 98 5 50 3 55 76 74 73 38 60 72 58 34 26 21 31 28 79 89 0 35 80 88 67 78 69 96 87 28 87 70 50 17 0 9 65 2 46 35 60 98 25 23 74 14 61 58 86 54 29 10 52 89 43 65 19 50 66 1 78 81 33 7 24 35 94 62 74 46 46 16 1 2 74 22 65 13 36 91 82 3 56 50 4 28 29 29 71 15 91 48 33 9 50 41 37 25 61 61 27 73 82 51 29 87 60 5 24 14 41 74 28 54 73 15 62 15 21 30 54 21 38 5 10 58 8 43 13 66 35 65 2 5 44 52 24 12 14 8 70 23 34 8 53 29 98 72 63 84 94 98 49 85 12 99 40 72 60 7 87 89 31 77 9 56 98 83 41 20 13 80 97 6 87 23 36 71 75 88 62 90 89 38
66 81 77 88 9 32 42 87 77 46 27 0 68 80 40 19 58 35 2 97 69 9 14 44 14 98 12 29 32 42 93 84 39 27 62 7 65 37 28 84 59 42 10 81 20 51 73 97 75 36 64 81 76 94 59 16 33 100 50 77 69 8 56 42 88 78 89 61 91 10 3 16 43 10 74 36 22 89 93 9 79 94 80 37 54 2 85 17 99 72 86 16 30 15 94 39 9 23 75 7 50 84 46 83 5 17 37 88 3 48 5 7 36 67 24 2 93 94 23 20 22 39 93 5 83 38 41 32 11 90 56 54 23 6 48 49 45 16 35 40 39 78 55 54 82 57 17 14 24 6 62 59 97 97 100 27 50 54 36 17 89 50 21 39 73 79 65 14 11 76 30 94 92 49 97 63 64 65 58 66 71 59 12 12 11 24 37 32 48 40 72 12 5 61 98 2 64 62 42 22 86 87 48 68 4 70 15 4 49 100 48 22 0 95 76 71 73 98 22 55 100 81 6 14 21 41 88 61 90 53 32 36 40 50 49 51 86 10 1 78 11 62 39 34 14 39 15 78 54 69 55 25 95 41 19 14 100 19 6 92 7 73 90 58 55 91 8 95 66 36 50 38 28 13 56 69 63 9 44 100 33 44 26 81 63 52 86 100 4 13 17 71 28 18 97 38 32 26 28 78 43 66 4 45 86 6 81 58 54 39 45 100 88 60 65 97 12 41 98 24 40 78 64 93 81 99 70 46 91 12 6 20 43 16 89 31 71 2 39 16 15 30 77 12 98 11 6 89 35 89 23 51 28 61 65 53 74 58 10 89 47 28 26 86 14 88 65 4 4 80 83 99 85 72 49 31 32 0 47 28 56 92 11 80 84 65 55 40 10 96 97 11 0 53 2 68 93 59 64 19
57 3 9 16 95 90 51 54 51 19 25 25 21 16 18 88 24 79 70 72 67 55 54 6 29 74 92 3 24 49 64 81 79 84 7 28 40 69 20 82 62 17 83 34 41 48 86 72 66 30 94 93 11 43 85 19 81 18 47 32 45 37 85 96 77 90 72 69 36 12 54 49 91 3 48 47 59 82 35 96 82 57 50 82 27 27 36 26 1 85 55 36 96 77 49 50 68 68 64 43 4 66 96 0 70 81 64 88 50 53 24 0 73 28 94 99 3 51 23 7 15 4 80 82 44 23 27 67 90 27 18 96 76 81 32 66 99 33 55 13 60 37 15 44 95 35 72 55 76 66 97 28 97 75 1 70 9 15 45 66 60 43 8 69 28 14 3 37 44 56 40 52 10 9 50 29 45 58 26 77 27 43 8 79 85 86 74 97 12 0 74 53 66 18 100 22 20 55 35 9 4 8 11 54 93 51 100 71 32 15 7 70 2 43 63 70 6 1 79 20 12 3 24 52 15 42 16 57 44 14 57 13 6 19 0 77 97 74 47 43 58 86 73 88 13 39 69 86 69 20 55 59 50 18 40 64 14 34 93 19 1 14 12 35 86 54 35 51 51 52 61 50 5 8 11 82 53 46 10 87 88 32 72 98 51 14 39 39 38 78 31 7 79 93 0 2 91 66 65 12 10 42 93 28 15 59 52 31 54 19 40 18 52 6 24 89 6 43 59 100 9 49 82 74 71 95 34 45 31 38 78 41 51 18 12 94 48 64 87 74 75 0 17 43 67 46 55 66 30 17 86 96 17 1 26 63 83 97 87 63 12 44 34 73 11 52 83 70 10 5 79 87 58 31 20 75 58 75 39 71 64 78 27 50 89 97 22 64 51 49 95 96 15 71 64 10 36 37 99 4
46 80 26 38 24 34 19 19 27 26 83 95 38 29 24 46 30 15 75 77 100 81 48 92 73 88 94 11 80 18 52 1 62 30 51 19 68 73 7 47 66 34 8 27 92 49 29 51 8 44 28 0 38 5 21 91 51 46 69 26 39 12 60 53 40 62 64 47 76 75 97 72 33 47 21 62 38 50 14 1 82 35 52 1 37 18 69 64 36 7 24 79 14 76 6 40 53 46 25 26 37 81 30 59 24 91 6 85 19 70 100 81 14 59 29 15 55 75 60 54 5 67 89 17 32 94 33 70 32 46 7 66 11 99 7 25 92 79 79 77 75 68 76 31 81 14 41 20 47 66 30 100 20 33 32 81 8 35 51 20 41 2 13 85 96 95 31 61 21 80 98 78 48 68 40 27 34 93 21 9 57 61 7 17 33 86 45 76 93 92 91 36 10 70 3 72 94 92 2 60 47 92 87 4 4 95 49 100 50 27 4 68 70 72 74 1 11 30 76 68 25 57 36 55 26 30 12 36 81 89 77 72 27 1 76 34 56 12 7 88 79 72 50 66 52 53 46 50 11 30 94 65 21 99 28 37 69 25 26 79 78 76 60 73 94 11 33 28 94 53 24 72 40 84 50 97 71 70 89 52 9 13 47 36 43 84 67 90 66 94 49 15 15 59 52 95 26 91 20 9 16 9 70 56 54 19 68 86 17 45 79 63 49 94 73 34 66 62 3 15 76 51 54 42 67 54 90 66 76 94 83 49 33 54 82 57 92 66 100 19 45 91 33 9 6 99 62 72 90 90 34 18 100 52 36 88 88 88 17 94 40 79 38 50 14 46 19 64 63 19 11 58 23 100 45 7 20 62 1 16 51 76 11 40 15 71 65 47 33 67 41 47 45 37 85 95 1 43 90 55
71 65 40 33 32 53 32 35 23 29 89 95 100 2 42 16 83 50 21 75 46 29 57 40 58 43 23 61 13 93 84 46 86 92 92 24 96 31 96 16 76 68 14 15 26 6 29 49 65 50 73 20 9 78 65 36 89 34 43 32 10 8 47 42 89 19 31 14 96 6 75 96 13 48 98 33 22 2 81 77 70 35 19 56 62 38 49 97 75 93 93 40 22 18 5 21 16 79 6 53 39 67 59 33 61 55 72 13 34 6 9 53 18 91 60 89 97 51 36 42 64 15 12 2 2 39 12 92 1 95 84 45 25 25 96 87 36 61 77 8 77 2 43 3 91 60 49 80 89 91 10 29 35 51 52 89 78 40 56 95 39 8 5 91 44 45 68 31 74 58 18 32 64 30 17 60 95 10 100 70 74 97 10 94 78 73 9 68 100 96 93 99 36 88 20 69 79 31 36 78 2 80 58 69 28 74 42 91 87 17 29 43 55 32 47 46 60 91 99 49 79 45 4 81 73 74 30 46 23 89 73 14 82 41 26 22 93 50 53 10 41 58 9 2 88 52 89 23 82 18 44 10 43 23 57 85 76 71 0 66 9 46 96 36 43 91 82 51 75 94 90 39 57 62 7 16 70 2 48 80 71 42 84 56 5 96 71 18 37 69 57 40 65 51 51 30 79 74 81 93 43 85 23 89 96 65 78 16 20 45 82 75 18 6 11 13 45 13 56 94 94 96 68 26 2 26 8 100 11 1 70 82 64 96 11 6 87 15 46 75 49 79 81 3 83 69 12 63 71 97 74 28 29 9 44 20 61 68 67 85 82 41 20 25 68 66 95 63 30 69 16 6 24 45 45 74 74 89 83 35 34 19 77 74 19 89 100 11 25 26 0 100 94 76 37 12 2 90 11 82
86 73 62 98 37 40 42 18 7 47 95 38 88 95 74 36 60 85 42 99 1 93 48 21 9 65 99 51 1 54 26 83 23 27 48 64 31 52 72 59 65 45 81 77 12 59 78 93 83 30 38 60 6 68 27 18 1 20 56 100 84 52 27 54 99 15 78 28 73 76 48 73 7 38 69 38 7 50 14 29 99 64 10 37 83 58 51 66 32 62 34 100 54 32 69 42 92 41 51 98 18 2 91 9 71 0 36 30 86 87 15 34 11 51 52 95 98 97 57 50 6 31 66 9 75 2 65 52 100 59 20 10 17 40 49 97 28 96 55 15 54 65 56 0 52 77 21 19 77 95 77 41 89 73 66 7 13 86 6 82 33 90 85 52 94 53 72 69 100 71 39 72 19 17 47 83 83 71 6 43 95 43 10 88 93 50 19 37 7 12 95 45 34 37 37 65 24 62 6 96 0 95 61 95 63 92 7 6 87 57 81 0 19 79 97 88 17 16 60 74 18 2 54 61 35 19 8 4 46 22 36 93 5 65 98 47 57 71 79 25 53 22 55 24 22 15 0 68 78 41 41 5 26 38 4 5 18 64 14 75 23 55 14 0 55 17 61 48 94 58 6 75 99 28 52 80 75 90 92 42 26 50 37 52 9 15 49 33 71 96 80 28 84 26 32 75 82 60 75 88 42 5 56 45 89 73 80 84 92 80 50 79 46 35 17 68 66 0 92 55 57 40 52 99 34 90 25 61 81 84 69 37 41 4 37 50 60 11 52 0 39 24 12 46 72 12 89 45 60 76 23 8 2 74 63 52 32 33 86 96 79 50 60 86 83 89 39 98 49 15 86 78 82 63 69 11 85 52 6 54 1 64 91 15 100 11 89 38 61 55 27 2 24 73 55 31 52 49 77 84
7 32 88 19 100 48 18 53 61 18 69 42 19 100 89 56 43 90 94 100 86 25 56 94 3 89 17 96 84 83 50 57 0 87 1 95 8 22 8 49 63 4 48 88 90 91 27 89 1 33 43 95 6 11 8 17 37 63 86 58 40 14 27 5 71 17 1 29 74 55 96 98 52 5 44 74 71 78 54 87 48 33 14 34 69 63 56 38 44 79 27 96 98 74 41 6 43 80 85 67 46 2 35 98 31 20 55 0 98 59 38 87 81 2 34 29 35 46 84 7 14 22 15 74 60 82 99 30 91 40 82 44 68 4 66 46 8 77 69 67 36 29 62 81 11 15 90 28 18 65 45 26 87 1 43 82 65 89 38 81 28 15 42 26 36 34 66 63 57 24 60 15 46 50 97 68 79 51 74 39 36 37 3 8 78 23 94 0 25 26 15 95 35 30 66 96 62 14 64 94 72 87 16 1 25 11 20 15 42 85 69 51 91 61 71 11 17 32 21 86 22 70 77 22 33 68 20 59 70 11 94 98 94 11 18 64 1 10 80 45 86 73 86 18 85 29 12 89 16 72 92 29 28 53 58 89 12 29 47 61 41 66 19 92 64 63 88 14 48 31 43 80 56 72 25 22 85 2 50 26 9 11 39 62 3 90 36 81 86 61 45 80 5 62 57 15 11 97 81 70 90 19 27 3 81 2 39 10 80 15 82 98 43 78 70 93 83 9 44 16 82 96 59 89 58 69 47 94 72 24 40 19 66 7 81 50 42 79 57 79 83 61 39 5 42 37 87 12 96 9 57 99 38 93 49 96 87 45 73 42 8 32 7 37 31 93 15 67 93 75 20 67 44 45 48 37 28 62 94 100 35 65 6 7 98 36 30 44 62 11 84 87 81 59 12 91 16 11 43 61
47 18 84 53 33 23 11 72 33 34 47 19 23 34 58 13 60 67 6 61 55 48 72 33 88 25 44 89 90 20 86 11 19 96 25 5 10 98 70 44 21 41 38 45 24 39 39 57 51 25 14 40 2 29 55 54 2 84 48 23 6 86 47 44 61 73 92 47 38 81 15 11 11 13 96 48 93 73 77 59 23 82 55 67 33 19 98 32 45 96 63 8 7 69 22 49 52 11 56 99 72 35 67 50 51 100 92 80 20 2 79 44 18 40 35 30 52 27 95 52 8 46 7 2 84 95 7 33 67 14 3 59 31 26 67 77 58 7 60 85 46 21 0 99 62 56 24 52 26 14 88 96 24 76 11 50 30 46 21 3 44 17 77 18 74 87 57 50 41 71 26 41 62 50 13 22 51 50 49 98 58 20 12 70 71 31 73 31 71 67 83 51 100 42 58 16 29 10 49 77 47 77 23 93 100 81 71 17 71 26 39 97 95 55 20 79 44 62 74 1 38 59 4 66 54 57 71 25 92 87 84 94 23 18 12 40 32 59 93 9 91 99 53 50 94 55 24 63 8 59 14 3 92 30 94 0 67 63 34 23 72 85 83 71 53 96 61 38 26 7 6 89 72 57 40 33 67 3 61 29 35 26 38 97 78 30 27 65 5 46 41 80 35 44 94 52 67 13 70 61 39 14 46 94 54 17 5 49 13 9 72 84 86 61 55 35 98 17 62 66 32 16 29 47 9 21 41 51 31 3 8 32 76 30 88 96 68 11 88 6 98 4 92 2 56 90 99 42 58 3 0 78 48 96 40 58 6 93 21 98 42 55 91 80 30 40 27 40 92 53 49 22 13 57 70 56 82 40 28 59 61 1 29 76 59 31 1 6 13 18 71 11 85 76 38 53 95 71 62 29
50 87 11 11 77 24 78 45 51 58 30 81 66 46 18 43 17 42 21 100 76 4 93 91 84 40 43 25 7 93 46 74 81 62 45 68 15 31 3 22 6 26 47 27 10 49 91 1 17 42 10 58 11 17 68 21 51 10 72 10 52 39 8 80 38 91 28 95 8 89 5 89 4 50 50 45 21 90 10 92 29 30 42 71 77 31 63 16 67 92 66 82 89 24 15 84 19 16 58 64 95 39 14 85 11 16 49 55 81 56 9 3 40 58 17 94 44 27 63 78 40 81 18 97 71 95 81 98 96 8 29 88 1 58 70 79 3 87 13 36 76 38 66 54 17 60 11 79 74 21 99 3 66 26 50 88 75 4 12 4 82 88 57 11 82 83 22 90 2 96 17 56 3 57 90 63 56 73 75 98 46 77 63 40 53 0 97 96 16 2 66 52 94 43 24 57 90 30 93 0 39 35 13 15 55 6 75 38 42 69 36 90 85 66 60 21 7 50 52 16 14 55 79 71 6 58 1 80 45 31 33 78 81 98 52 22 85 48 99 14 90 76 70 65 5 46 64 47 6 14 0 29 89 41 22 98 32 79 25 15 95 25 45 32 20 15 24 49 50 7 19 27 52 51 18 78 86 70 58 44 47 91 72 97 67 0 70 59 1 37 67 58 66 38 40 99 88 48 79 85 81 31 42 44 20 32 100 71 6 52 19 14 99 69 72 58 73 44 72 41 44 19 82 90 1 1 40 41 16 32 77 47 55 37 17 39 16 80 55 84 47 98 12 86 83 30 48 91 56 44 28 54 15 40 84 51 52 50 90 17 44 16 34 15 88 55 54 74 35 27 2 35 47 0 86 82 53 0 20 28 69 81 11 37 98 4 78 23 100 82 100 91 39 40 22 26 66 65 23 16
19 86 95 99 43 43 20 95 99 40 70 24 48 46 1 57 22 75 26 29 97 68 21 73 61 52 42 21 43 72 62 19 61 72 49 66 72 42 48 15 68 27 11 59 57 33 48 43 87 12 41 36 81 71 73 42 22 43 37 36 30 44 90 51 1 81 32 49 55 100 67 95 89 95 42 87 2 57 55 99 100 53 62 9 50 93 13 34 16 21 22 28 45 50 15 88 90 9 6 28 81 39 93 8 30 74 99 69 9 27 32 67 71 0 11 54 34 77 24 91 9 62 34 47 7 59 18 87 69 46 79 3 29 1 15 10 17 62 47 52 72 90 100 57 25 0 91 30 50 72 95 85 69 43 13 3 65 86 72 72 27 25 29 29 53 79 9 83 7 5 22 67 88 25 46 10 26 99 83 19 14 81 29 25 27 27 17 58 24 50 38 66 30 82 32 28 10 40 51 11 61 34 79 86 95 51 39 66 50 41 33 83 67 58 86 10 19 30 59 15 19 19 74 95 10 98 61 54 51 45 39 87 48 82 4 16 73 35 52 18 92 21 47 54 21 9 65 39 47 36 44 89 43 72 27 37 66 83 58 52 7 55 57 93 34 10 54 81 73 78 42 93 63 91 80 69 38 69 57 23 38 96 78 29 32 44 26 28 22 25 33 40 92 21 3 97 94 98 4 15 21 18 35 42 4 30 95 19 58 35 65 51 86 52 48 88 99 87 32 25 44 70 10 99 56 7 17 90 26 24 16 67 98 10 28 97 14 86 4 17 14 62 85 48 66 78 10 52 49 82 19 17 46 1 46 27 91 20 34 65 99 41 40 26 35 89 80 28 73 23 60 19 51 6 40 41 21 17 81 90 60 16 8 75 81 27 63 8 42 81 73 16 83 48 70 43 21 53 90 36
81 23 91 95 87 87 2 73 21 18 26 93 19 88 19 47 45 31 6 43 24 95 50 93 63 24 15 14 28 64 97 75 14 24 46 24 32 94 41 16 44 97 65 12 73 76 61 6 18 4 59 39 70 67 66 78 69 54 90 41 76 23 53 49 53 15 77 68 18 79 49 85 47 59 20 72 46 22 24 91 75 67 83 62 51 73 82 60 47 60 46 77 68 44 85 19 55 26 22 63 67 89 4 23 25 88 79 98 33 64 85 18 65 13 2 66 83 52 64 31 77 26 28 67 92 14 47 16 24 91 39 20 64 68 36 55 46 76 29 67 40 17 37 23 22 0 81 20 49 42 11 95 31 28 0 0 98 30 61 60 32 44 1 52 98 22 93 61 88 52 68 73 72 86 59 59 81 16 12 70 22 38 26 2 74 18 84 61 34 55 9 55 72 35 72 5 100 11 49 43 84 59 97 18 7 71 22 42 64 63 12 54 66 83 2 41 1 73 98 73 4 23 67 67 42 92 32 47 77 38 44 98 30 90 93 37 51 38 69 6 70 85 70 67 86 67 58 65 28 94 85 82 53 100 5 20 48 62 84 40 30 7 21 93 37 57 31 83 84 55 4 29 99 7 26 78 85 74 90 98 95 7 25 87 85 93 62 99 19 27 59 52 27 64 72 37 93 83 51 38 42 32 52 54 44 4 52 14 27 44 79 93 4 18 4 51 6 55 1 2 42 42 8 60 33 82 7 25 46 19 94 36 67 20 23 52 19 22 21 66 71 97 81 62 69 87 42 57 59 80 42 70 73 95 42 12 82 92 35 64 22 15 22 19 76 68 49 88 77 25 4 97 47 40 91 80 30 20 41 79 48 57 88 37 96 2 20 24 64 64 17 24 36 85 25 12 15 25 68 79
60 94 73 38 16 54 47 47 53 91 21 97 26 34 54 64 21 11 21 66 23 62 29 14 12 40 22 8 9 73 4 20 47 17 20 92 27 27 58 4 4 42 18 62 24 53 48 46 51 55 91 2 59 65 63 14 61 92 7 29 33 50 95 50 18 33 7 53 53 46 15 47 41 14 80 92 63 72 74 56 58 52 64 76 30 37 50 52 6 42 57 81 27 47 55 48 17 64 31 71 94 85 6 92 43 89 19 95 27 49 46 86 48 99 96 21 77 100 14 44 50 24 26 49 93 94 58 15 10 9 97 17 60 42 72 37 78 90 43 94 52 39 12 48 49 97 52 42 28 70 16 32 34 93 9 67 34 21 42 94 56 74 26 65 55 87 72 64 71 91 77 52 54 66 1 33 28 13 25 64 72 41 47 100 63 36 55 73 13 71 30 81 26 19 34 24 82 14 87 54 65 1 78 73 95 93 43 82 2 69 25 97 71 11 71 56 73 91 74 86 85 91 72 65 87 84 20 22 47 4 2 22 16 69 74 14 39 34 53 26 80 72 99 35 30 30 57 47 32 61 51 73 78 96 69 55 36 97 84 45 41 53 8 51 89 69 80 24 13 95 55 61 5 26 77 3 91 84 1 98 96 8 9 23 61 100 40 48 1 25 53 21 58 13 78 11 48 70 90 23 59 37 14 69 56 15 96 30 40 30 78 70 16 15 77 27 22 10 18 85 42 66 58 43 92 28 89 2 59 61 32 52 40 52 14 6 98 41 86 68 3 9 6 62 20 82 100 15 91 87 86 35 1 58 42 47 100 48 34 85 81 60 20 26 56 49 12 28 74 15 32 28 94 36 34 37 23 20 88 90 91 14 25 5 70 38 27 57 94 55 85 41 77 55 18 54 88 46 33 9
20 92 95 96 24 58 82 83 76 9 47 25 98 35 94 25 7 32 91 38 64 39 74 55 88 37 30 65 79 22 14 38 63 37 99 93 32 1 92 36 34 11 52 49 13 95 31 89 26 79 37 3 42 40 6 29 72 74 42 35 17 79 35 97 98 92 3 92 0 100 17 27 24 69 3 77 43 80 0 15 81 34 65 84 99 83 86 79 57 75 23 41 61 4 14 32 84 43 59 83 12 14 46 44 84 80 47 44 66 27 85 28 29 17 46 5 40 43 77 64 53 33 11 19 73 77 86 84 13 58 54 94 57 100 20 75 23 92 15 17 25 39 5 4 14 63 56 70 10 71 86 96 29 64 27 67 30 57 16 59 58 35 29 30 50 83 71 18 7 30 8 11 86 56 28 31 76 68 30 14 67 46 78 61 51 69 25 26 90 17 98 41 34 0 78 68 96 35 25 58 94 32 0 99 18 93 59 15 87 23 27 50 26 62 46 5 87 18 97 73 48 31 67 50 63 44 36 88 62 12 69 51 100 8 29 0 81 76 50 84 45 54 79 66 85 80 86 51 36 29 94 70 8 10 67 80 93 67 93 8 97 67 5 3 63 33 44 49 25 74 91 63 12 60 9 51 40 96 84 12 36 56 97 35 98 93 66 18 7 92 94 87 51 41 37 57 63 3 94 36 43 88 58 34 12 13 39 64 51 74 57 22 2 81 30 48 55 21 60 39 10 89 99 78 1 3 36 21 61 34 4 47 3 76 60 65 72 36 60 20 62 36 78 45 58 12 14 100 0 40 30 65 88 13 50 31 86 92 93 49 12 40 54 2 46 62 5 81 70 0 31 4 95 87 23 58 83 3 21 46 13 28 88 10 63 16 71 37 23 25 44 56 39 36 4 58 32 2 59 98
58 36 65 96 20 95 42 51 2 100 55 56 82 7 27 96 70 3 18 6 97 96 75 62 44 43 100 11 28 46 65 43 70 16 32 63 13 82 98 64 100 7 85 92 100 93 51 93 42 68 65 4 56 87 39 25 21 55 99 73 29 30 72 34 4 66 32 38 41 34 92 69 83 1 95 80 74 73 72 22 48 76 38 96 58 37 70 64 98 40 22 16 43 59 48 57 24 38 74 27 80 45 58 65 91 67 25 42 23 71 91 34 32 56 10 23 66 27 4 28 5 91 48 18 10 1 17 48 86 39 89 91 38 19 100 41 43 98 38 42 11 62 10 41 26 52 40 15 54 17 50 78 62 78 40 5 20 29 63 0 16 32 77 49 18 18 37 90 61 32 70 100 13 92 86 100 23 46 85 64 23 47 18 1 32 37 31 47 33 14 66 28 85 79 50 99 47 81 54 93 47 77 11 22 86 57 26 42 74 56 3 19 51 34 70 20 80 24 72 14 87 54 19 77 22 11 80 73 69 83 41 78 80 99 53 27 70 77 59 99 94 43 41 78 19 32 98 84 48 52 89 10 47 19 65 81 69 80 68 56 57 24 2 34 96 27 19 35 15 72 29 7 89 100 57 52 91 94 35 98 53 61 8 90 94 57 48 70 34 40 65 74 77 83 19 72 55 35 53 62 71 36 100 98 4 83 7 9 52 48 77 95 84 35 16 71 97 86 13 37 82 58 54 78 15 28 85 95 24 84 43 53 8 55 31 47 54 80 6 72 24 50 34 29 4 24 98 99 24 24 88 66 44 6 6 59 62 13 64 43 63 78 85 46 83 83 69 7 92 54 10 45 35 87 97 22 31 51 18 5 97 87 54 94 68 54 78 78 10 52 23 18 77 98 89 51 65 83 7 27
66 60 89 59 68 56 88 17 53 36 2 44 80 21 13 47 95 8 91 31 90 19 62 78 59 94 9 22 3 17 2 91 21 36 54 1 66 65 75 47 2 52 76 47 94 34 54 46 30 93 63 53 53 57 77 63 26 33 94 66 43 85 45 54 40 74 100 60 16 54 86 79 94 63 43 65 47 40 60 74 6 98 68 16 3 73 68 69 89 82 21 20 84 66 78 16 61 24 26 78 17 8 63 38 21 73 84 46 14 78 98 75 68 16 44 78 47 38 46 94 80 55 13 57 26 7 5 65 13 48 14 52 53 95 29 55 13 43 7 10 49 7 74 60 47 41 0 69 98 18 43 53 67 1 76 68 41 60 21 32 65 36 17 54 35 44 59 68 95 58 66 31 80 70 14 36 9 23 82 6 60 29 83 87 52 64 58 1 5 5 71 39 80 55 14 95 29 63 96 76 91 32 61 3 85 93 56 80 86 75 34 22 66 18 46 0 98 69 96 42 66 55 47 15 25 46 40 81 29 96 22 69 15 32 40 51 81 5 20 45 69 20 80 21 10 62 52 0 50 15 75 1 94 36 15 96 90 25 85 43 93 87 21 3 43 90 95 38 64 31 53 50 49 25 87 67 70 33 21 83 20 3 47 57 39 15 78 13 15 13 90 2 34 67 18 26 32 46 8 76 95 42 21 49 14 69 96 1 100 23 65 88 44 7 28 13 17 97 95 89 70 65 0 99 34 9 78 77 75 15 62 78 34 59 83 79 47 10 8 30 5 85 93 57 11 33 72 77 7 59 71 49 40 88 95 8 78 37 100 19 9 79 44 11 95 68 20 42 52 71 8 14 23 7 74 44 86 29 27 22 34 80 4 70 43 93 24 87 35 21 81 68 59 78 47 22 88 54 57 94
27 34 74 92 31 27 65 53 9 72 98 17 77 28 66 65 90 38 95 52 6 45 0 73 18 66 28 86 86 58 97 98 29 59 49 81 9 22 58 34 73 67 32 44 70 12 47 27 52 8 41 72 81 43 10 29 97 99 57 35 52 24 67 92 20 31 17 84 15 85 59 13 83 71 76 85 33 28 69 14 47 77 79 80 59 90 45 0 45 40 28 16 51 2 29 76 41 71 72 38 56 72 59 64 81 63 54 15 59 52 9 46 36 97 97 23 95 54 83 97 42 27 24 82 18 15 28 25 78 62 88 33 37 24 97 52 32 84 67 60 20 34 56 18 62 40 36 24 25 51 40 38 77 59 78 73 11 63 89 73 81 20 23 74 46 72 2 69 40 79 40 9 71 86 77 4 17 75 20 51 47 52 78 0 73 12 55 59 31 20 99 28 6 0 34 90 97 88 28 90 61 30 83 32 19 46 63 64 2 30 51 1 95 95 75 29 81 7 24 39 95 30 46 44 10 62 53 54 82 54 82 27 1 73 48 99 94 29 88 1 75 76 54 7 72 99 2 100 70 2 12 80 96 82 57 14 69 9 13 27 3 62 69 94 55 38 85 79 63 8 6 31 20 77 58 33 87 37 60 47 5 17 9 81 33 34 82 9 16 78 85 76 49 68 2 28 83 51 74 54 96 87 38 31 4 99 50 28 62 25 90 87 32 52 58 33 7 63 18 11 75 66 33 45 42 6 65 10 63 21 65 38 35 100 34 12 11 31 93 63 28 84 41 64 0 37 20 78 96 18 94 45 73 3 51 48 24 76 25 71 33 26 13 29 7 30 29 47 54 78 14 9 29 59 34 57 98 3 24 92 52 53 51 63 74 41 34 46 80 86 55 13 83 76 31 84 99 21 24 77
12 10 52 37 38 49 68 20 12 48 71 100 95 6 32 44 83 37 58 99 23 7 8 44 71 68 67 5 70 18 98 62 10 89 71 66 40 70 83 88 82 60 27 73 53 43 99 52 99 47 70 5 10 39 2 70 69 25 18 78 40 60 24 78 54 97 16 81 52 31 46 73 83 37 100 30 84 59 36 33 94 22 45 4 0 50 33 60 13 89 15 35 53 54 22 16 63 46 61 54 81 54 62 81 89 78 87 77 96 11 71 65 75 66 10 98 77 52 22 70 7 34 51 14 34 79 70 49 95 96 7 64 87 23 16 37 99 79 75 38 55 78 96 27 45 35 96 57 73 16 71 80 94 28 42 8 77 71 49 79 75 2 23 92 19 54 23 9 54 48 47 41 55 68 43 59 50 91 44 87 29 36 29 96 13 47 50 0 61 25 55 24 51 4 77 2 17 9 60 84 63 26 36 54 83 36 86 34 0 8 2 36 96 25 21 60 37 57 81 54 51 50 44 25 41 91 97 33 40 43 59 46 71 42 18 76 70 5 33 32 83 30 65 80 7 21 91 32 37 21 6 13 53 53 70 59 83 13 3 17 1 74 34 35 1 80 16 10 16 41 12 65 50 10 93 78 33 44 30 21 80 70 32 96 88 92 88 64 23 22 21 48 95 96 43 24 13 32 43 72 82 92 66 92 63 38 15 40 8 13 74 83 87 23 57 56 99 86 80 72 92 92 3 56 64 39 36 92 99 95 28 73 77 65 91 13 51 79 90 96 6 79 12 9 30 18 6 36 15 24 89 11 77 31 26 53 91 43 25 86 60 29 95 37 32 68 46 18 6 98 21 77 79 56 94 33 75 90 61 47 94 16 61 96 24 96 73 42 48 2 45 6 24 70 70 69 50 31 58 67
30 11 73 57 60 5 6 100 6 93 71 89 92 37 81 52 89 26 59 4 67 55 78 31 64 74 96 100 91 43 8 56 78 45 53 39 50 28 97 83 52 77 45 51 99 64 95 53 52 36 17 23 39 79 52 45 66 15 43 28 93 2 54 91 36 61 81 47 89 64 41 15 3 1 50 11 21 64 82 11 75 59 74 0 32 15 29 18 23 37 8 22 34 41 3 88 53 88 85 46 13 32 31 56 7 49 21 93 85 89 97 89 41 44 19 21 60 31 64 40 7 46 30 96 83 40 18 5 29 21 70 30 46 45 32 13 29 71 70 28 71 77 34 93 50 43 99 8 5 42 85 65 13 46 42 52 74 14 67 63 78 64 16 43 81 37 51 98 91 78 43 33 60 6 26 12 99 77 44 88 4 12 91 64 48 42 98 53 75 28 62 57 49 49 6 36 77 25 4 81 47 35 11 12 4 94 68 97 53 88 78 26 33 28 56 41 11 57 39 30 20 45 39 13 24 13 41 58 15 79 50 78 64 16 42 17 32 33 45 94 83 27 20 93 20 8 24 37 42 25 70 35 88 69 86 69 10 40 81 65 82 76 99 74 39 44 47 24 10 16 76 76 26 68 23 54 39 59 42 44 25 66 69 98 39 27 82 74 42 99 0 52 26 27 6 5 92 81 83 39 78 2 70 12 75 3 91 64 46 57 91 31 10 90 73 90 28 25 13 72 22 15 89 14 23 48 51 11 98 51 25 74 42 87 16 38 66 31 23 95 68 36 25 11 89 42 85 18 18 28 100 97 96 37 75 20 27 7 65 0 54 68 44 5 68 48 13 20 20 45 10 46 28 41 87 68 74 47 90 0 2 2 38 12 15 57 95 38 67 13 37 10 77 44 69 50 36 22 47 37
83 20 5 70 94 7 34 1 12 70 64 79 45 1 41 19 88 81 38 16 15 84 71 62 8 91 99 39 100 94 25 99 9 81 96 92 83 18 11 88 5 0 99 80 38 54 13 85 48 68 67 23 18 46 68 83 94 36 34 43 54 34 66 70 100 53 15 48 17 87 94 84 84 53 47 82 5 83 46 70 59 87 13 80 59 60 62 97 89 17 24 91 19 18 56 6 82 74 56 32 8 37 58 31 75 68 16 78 6 51 93 53 8 88 83 22 48 22 43 48 14 55 84 45 37 11 31 42 16 45 46 42 45 35 77 20 55 39 79 54 72 29 57 66 40 72 46 38 34 82 15 100 80 74 71 20 69 42 91 40 8 37 98 91 43 46 92 31 28 80 39 38 100 54 88 37 3 96 5 57 30 87 41 46 2 2 41 66 46 10 81 32 51 13 58 79 11 15 39 96 98 66 100 6 22 15 49 7 67 65 5 17 86 37 35 100 83 72 78 33 55 70 73 86 88 53 14 76 39 57 73 45 18 51 40 33 59 51 53 13 98 70 56 26 70 71 26 98 89 40 32 67 11 86 76 97 4 56 17 22 26 26 7 45 28 43 4 78 57 63 66 41 9 39 78 41 44 72 77 71 22 21 65 37 57 59 4 54 30 82 82 63 28 58 31 91 0 87 79 33 70 85 6 48 93 5 93 34 28 31 74 81 44 42 73 99 47 6 14 26 54 14 48 37 56 70 30 47 79 64 97 23 89 33 35 79 14 34 33 92 20 28 36 72 10 32 25 16 59 90 89 63 53 24 73 59 33 86 20 84 82 32 92 21 3 0 72 51 11 17 14 90 28 91 28 10 79 28 15 24 26 77 40 93 75 89 79 71 98 21 88 14 70 5 64 70 19 68 19 22
1 82 1 69 54 53 22 83 84 20 48 63 12 63 96 55 95 80 47 83 15 14 99 83 45 15 69 85 37 97 75 23 61 0 38 87 35 80 86 86 24 8 78 40 6 88 68 51 95 93 73 78 60 41 33 96 80 34 29 87 43 13 87 28 57 76 89 71 29 10 61 15 84 43 66 89 37 17 48 20 97 26 89 16 63 35 18 94 44 0 72 63 73 82 76 79 0 3 42 68 68 37 10 27 32 73 12 74 89 66 14 48 19 23 93 30 57 71 100 33 85 99 80 79 30 100 87 65 18 13 1 15 47 70 51 56 33 30 47 85 1 56 24 19 96 37 59 95 17 43 16 70 30 93 31 29 2 84 47 96 93 40 58 99 62 99 47 17 97 28 40 27 8 64 38 14 33 8 80 16 85 30 61 72 50 83 48 60 46 21 68 82 86 48 88 80 28 46 62 86 37 47 17 75 0 70 92 88 50 87 70 81 96 33 80 68 88 99 28 0 96 55 86 0 18 2 19 6 77 81 19 47 57 86 8 21 18 71 89 99 36 20 68 24 84 58 56 62 95 97 0 96 67 72 18 19 70 86 72 55 73 6 31 63 6 45 26 45 55 23 13 69 81 8 78 0 87 96 81 93 68 28 55 4 28 97 66 47 79 32 49 2 39 6 34 30 42 62 46 97 29 13 94 60 81 23 47 53 97 20 42 48 4 20 36 50 42 50 87 10 52 62 5 85 6 87 43 26 1 99 52 67 30 93 37 46 94 51 98 94 49 73 56 53 23 28 19 55 75 27 97 6 12 48 52 86 41 75 81 95 26 87 48 41 93 11 14 78 62 78 59 50 6 0 92 15 57 55 88 45 1 36 51 39 90 34 66 13 75 35 13 53 61 56 18 25 44 16 63 67
43 90 81 10 46 9 78 34 72 57 24 24 73 42 70 47 74 73 65 58 51 62 3 84 18 25 5 43 23 96 90 57 98 88 86 41 73 66 82 92 8 14 61 24 46 39 33 16 61 16 83 93 56 82 69 25 25 77 63 47 66 75 37 49 62 65 32 33 82 27 4 94 74 5 40 41 27 1 69 12 33 4 52 53 63 46 96 93 5 57 47 0 98 87 23 49 61 26 5 27 76 99 74 10 78 95 35 97 2 9 94 83 62 49 22 16 86 64 4 40 42 18 58 24 84 77 100 49 12 14 83 71 5 33 76 82 22 82 70 51 15 56 17 97 13 28 71 63 14 98 97 37 35 62 8 94 60 87 41 32 64 36 42 9 41 95 44 17 78 8 90 0 73 22 60 25 53 66 60 78 4 52 76 44 58 96 74 30 33 55 53 99 18 78 63 23 79 47 1 11 12 12 6 15 11 26 95 60 46 97 17 85 3 26 5 92 89 15 48 64 18 1 3 57 70 57 40 54 0 51 17 24 1 35 43 21 35 38 86 24 46 95 82 2 3 68 20 53 93 52 74 77 21 92 37 63 53 56 76 26 84 2 16 52 46 93 95 5 67 11 53 48 33 74 83 46 61 9 43 54 25 67 39 49 67 15 35 97 58 5 0 97 81 68 96 83 23 17 33 40 36 18 54 89 0 17 1 58 46 78 72 82 66 32 38 88 39 22 95 28 68 21 94 70 35 55 10 15 8 7 14 0 34 1 85 91 81 57 83 17 48 27 62 28 20 15 57 63 27 51 70 11 24 54 43 30 36 67 7 6 64 1 62 67 20 12 77 59 76 71 43 3 19 64 7 86 61 55 94 82 23 55 99 44 28 21 2 73 15 93 2 80 12 95 2 99 72 42 13 96
55 22 82 5 46 91 39 50 3 85 59 54 4 32 56 20 33 7 76 96 73 65 9 78 58 26 15 11 34 3 14 17 14 92 95 11 53 7 93 10 10 55 51 60 73 17 43 20 43 21 48 17 34 42 28 3 27 14 32 9 79 85 2 34 65 90 81 89 57 96 58 71 68 77 26 78 90 93 85 43 83 89 63 72 35 29 76 22 47 39 8 82 82 55 9 80 76 72 81 27 41 3 32 96 5 66 17 92 40 46 13 35 8 27 16 30 20 52 91 17 10 54 25 95 0 52 59 43 92 48 10 18 42 48 40 41 66 68 28 26 53 43 35 5 87 46 77 65 80 94 98 11 52 80 24 17 32 21 4 40 100 84 50 89 10 84 8 20 15 73 76 100 46 27 73 42 29 93 43 13 89 73 45 33 91 66 94 84 20 64 85 18 62 98 16 58 62 26 8 34 54 85 55 9 44 3 87 70 58 60 75 4 28 89 96 26 29 33 38 22 85 26 54 80 30 84 18 73 34 90 8 57 88 73 59 83 21 76 94 93 50 99 25 61 64 92 58 54 51 85 94 11 20 55 94 1 26 76 9 49 74 94 49 67 43 20 60 56 88 83 63 100 17 4 2 0 96 77 5 16 10 59 10 1 59 87 50 96 32 59 45 17 72 88 90 64 57 53 46 10 89 97 10 70 94 23 42 92 99 19 38 53 40 81 5 58 93 10 67 37 70 64 10 90 42 93 50 62 36 9 40 66 37 40 63 42 96 90 8 64 26 15 83 47 52 81 48 68 80 21 39 66 51 50 12 22 60 69 5 66 88 47 81 33 53 79 70 6 3 46 40 12 96 70 32 60 61 24 60 18 80 71 52 37 53 28 61 90 46 97 61 40 50 51 89 30 36 46 90 22
92 85 4 48 91 66 15 35 81 0 52 76 51 39 40 78 54 38 25 56 52 33 9 31 48 33 9 9 16 35 21 72 29 76 66 40 100 49 96 80 19 44 60 23 38 43 92 63 89 85 27 40 68 13 20 72 31 53 29 5 61 51 18 12 70 88 43 55 44 23 39 89 77 54 91 98 16 99 25 56 52 17 20 58 3 92 24 59 90 21 75 83 77 35 90 33 40 41 44 94 99 36 80 57 79 27 9 25 71 84 84 37 52 46 41 68 57 87 83 12 44 70 79 95 78 88 7 48 59 51 87 90 73 4 19 0 79 90 33 94 53 8 28 40 40 63 20 42 97 78 29 3 25 29 35 100 1 39 45 46 71 64 42 89 22 22 36 41 65 45 14 48 90 88 3 81 52 25 97 15 81 89 99 97 0 9 22 84 20 82 89 71 10 36 22 28 46 47 74 23 96 93 79 15 36 14 27 86 83 91 80 49 5 43 61 29 19 6 100 10 92 61 4 53 51 86 98 94 64 1 60 24 13 30 12 15 7 10 92 44 18 2 78 36 55 79 23 74 57 27 59 41 48 69 32 88 2 15 10 65 55 97 28 56 94 40 4 3 36 84 66 57 15 90 35 76 53 53 45 84 25 20 84 30 2 23 35 48 93 50 70 50 88 21 6 13 17 92 0 34 56 29 70 57 95 41 38 73 10 28 15 23 58 90 45 93 24 56 34 54 29 45 81 83 99 87 32 49 18 53 36 10 34 53 53 33 53 95 83 72 58 50 99 18 62 64 34 56 19 15 80 23 82 62 39 64 88 37 51 34 98 95 20 26 41 31 95 29 57 41 65 88 38 50 89 80 63 83 26 3 26 53 52 97 93 61 5 68 90 47 85 92 28 48 79 3 56 50 45 45
64 45 19 19 22 14 86 70 18 80 64 64 82 90 45 65 81 10 33 34 29 96 74 46 7 51 95 4 18 38 27 0 47 87 81 68 2 68 68 61 23 9 9 21 26 81 1 1 95 10 60 80 68 18 66 39 41 65 11 33 30 79 81 37 87 76 26 97 47 49 59 82 9 60 18 52 9 76 12 65 26 95 60 37 94 1 18 36 90 0 9 84 76 36 98 90 12 79 46 7 55 38 19 99 15 98 16 42 71 4 92 52 67 53 31 60 37 25 65 67 45 32 70 66 49 75 47 73 12 28 17 74 46 38 33 88 62 28 13 62 13 30 17 68 97 70 16 21 2 84 68 40 26 54 21 9 31 68 24 41 19 27 61 75 29 91 51 74 51 16 26 4 91 72 70 79 78 29 73 97 76 81 78 35 74 41 14 45 96 10 9 75 83 83 90 40 55 38 45 98 63 43 61 87 34 31 10 76 10 22 62 31 7 64 21 28 78 4 40 49 49 72 22 67 67 75 95 56 39 48 86 69 26 52 74 100 86 4 14 96 68 93 17 35 88 74 30 56 78 30 2 91 65 90 54 29 30 70 46 38 16 73 62 51 63 74 90 5 26 59 95 43 51 58 43 66 78 49 79 92 8 76 71 81 66 95 57 90 33 78 27 30 10 55 20 100 56 32 42 87 56 61 17 63 71 90 34 63 63 40 22 29 98 67 71 32 53 11 73 93 49 28 4 12 3 74 77 89 94 70 79 78 98 66 80 79 75 79 68 3 87 6 64 16 26 11 21 74 36 45 57 92 58 95 42 42 93 24 57 96 33 88 68 62 54 56 40 20 78 85 20 21 91 46 21 45 98 42 85 98 41 75 60 83 61 45 17 42 58 17 90 39 51 74 39 14 69 71 90 79
31 44 33 56 40 61 42 43 72 69 79 11 45 64 9 91 50 72 45 19 19 26 34 21 52 42 8 71 56 14 27 82 8 26 7 100 99 42 84 50 69 81 12 65 65 37 41 89 30 67 3 41 25 56 68 80 0 55 97 69 60 30 40 13 75 97 11 40 56 23 100 57 4 0 99 97 100 21 80 89 50 7 28 3 4 44 4 81 73 13 81 10 40 82 74 34 24 14 20 85 60 42 94 9 58 45 97 22 30 61 72 91 87 29 91 67 2 44 69 76 30 92 44 51 84 78 92 38 27 56 77 78 98 52 54 9 75 85 72 79 53 69 39 70 78 30 31 21 95 97 7 36 91 55 61 50 18 73 69 89 49 90 2 57 49 1 91 57 29 65 6 38 41 29 36 7 46 44 95 66 31 78 59 57 100 4 92 3 1 93 69 11 34 7 53 96 20 23 86 92 42 14 44 10 31 40 32 10 94 71 84 75 2 41 35 42 55 83 7 40 68 88 80 11 56 51 25 71 91 9 49 13 67 56 31 70 76 1 19 80 14 78 17 53 68 88 57 52 72 94 100 30 90 46 97 80 29 59 24 27 41 84 13 57 6 36 52 66 60 59 13 24 87 40 37 77 50 73 77 63 63 20 49 26 51 50 98 54 61 37 49 18 64 74 68 32 19 87 97 1 7 25 23 22 24 84 9 37 67 92 73 91 88 20 43 95 13 82 91 31 93 87 8 32 99 40 91 94 30 29 1 100 32 54 66 43 17 1 24 27 23 1 70 32 28 62 16 16 99 85 59 43 84 4 92 73 45 8 79 11 5 84 59 79 4 18 53 64 68 32 84 1 90 88 55 59 91 22 7 17 58 15 97 41 96 26 92 35 66 24 56 4 55 2 61 90 60 64 72 61
17 33 87 57 19 26 40 58 79 80 12 69 87 90 100 84 10 66 66 63 1 0 48 94 59 61 81 94 73 48 9 89 10 97 70 48 13 16 36 53 1 23 75 88 100 17 29 47 0 22 10 100 31 1 9 59 3 50 93 47 61 65 49 93 62 77 91 98 92 75 90 39 89 75 37 73 14 22 96 15 31 1 53 27 64 64 29 5 71 18 82 79 25 21 99 79 76 48 60 89 48 84 90 80 15 49 27 8 74 66 2 90 85 66 24 3 73 51 42 45 43 86 83 61 65 13 1 60 77 80 26 55 74 54 16 96 94 29 57 86 52 70 12 44 75 60 51 75 14 88 61 74 55 14 22 0 49 46 46 1 44 67 47 60 97 40 64 41 68 6 47 34 9 25 59 17 14 43 89 53 53 43 64 4 91 37 46 10 98 31 14 84 80 72 88 24 54 97 95 61 99 6 55 16 74 98 2 28 7 8 90 50 35 73 14 83 77 49 31 24 22 5 0 49 72 28 1 20 58 78 84 29 66 29 30 0 12 16 59 61 98 95 45 92 58 10 51 59 51 95 9 20 30 64 90 82 0 82 57 63 64 27 70 91 10 99 94 22 82 65 9 67 87 97 5 65 20 75 16 27 83 100 7 9 17 7 91 85 1 81 8 78 13 29 12 9 68 56 86 83 49 50 58 64 7 82 5 84 50 75 42 65 6 24 32 20 85 1 30 99 85 15 54 47 19 70 64 17 55 92 81 61 1 65 80 53 22 52 23 40 42 90 39 43 70 67 45 90 22 59 74 97 0 71 68 95 80 92 86 79 32 100 39 81 43 51 0 69 3 30 73 34 59 85 97 49 14 77 55 64 30 96 54 95 40 21 48 87 76 64 79 46 16 49 48 10 37 85 59 6
61 15 55 50 8 67 88 46 65 15 72 59 73 63 71 68 12 89 44 94 13 78 65 66 26 80 59 46 86 14 97 22 31 45 55 65 82 75 86 6 37 81 96 31 52 20 43 100 44 55 71 21 3 18 23 94 62 66 50 23 31 48 84 42 33 99 45 9 88 89 5 59 67 83 22 77 97 84 90 4 58 94 10 60 35 36 14 52 73 94 34 4 65 41 23 27 0 75 100 14 89 80 26 76 30 13 51 26 44 31 6 14 85 14 55 41 17 6 12 93 69 68 90 85 17 50 35 9 59 84 2 90 57 83 70 50 53 74 26 56 66 80 92 27 4 67 17 21 71 44 76 20 6 5 76 77 44 85 33 33 68 55 83 52 43 97 37 62 6 13 84 33 6 27 67 92 83 97 61 99 69 67 23 65 80 28 90 0 35 48 93 17 91 81 25 59 83 18 64 94 70 100 77 49 31 37 5 58 96 92 32 4 62 60 12 7 15 86 25 11 27 7 98 12 39 72 40 12 33 71 39 2 45 85 18 48 35 73 70 65 88 12 25 8 94 63 45 99 53 10 82 86 91 90 21 23 79 7 68 20 97 22 26 96 23 25 31 49 81 66 31 31 4 19 70 69 24 7 3 61 73 99 46 97 56 94 71 51 16 57 40 36 59 78 46 12 21 50 96 50 74 54 99 49 100 23 20 23 1 77 80 0 81 58 69 19 1 25 56 25 32 61 79 94 5 36 76 9 47 85 55 21 18 77 93 40 18 54 43 92 18 67 68 32 12 22 1 59 19 58 64 89 40 11 72 15 9 80 37 91 74 89 17 8 24 68 64 40 21 14 16 70 82 76 79 81 10 24 73 96 1 35 91 49 96 29 38 5 99 82 74 32 50 57 96 66 17 51 31 51
72 52 71 47 95 11 82 69 84 31 47 74 90 34 6 30 54 23 26 43 73 68 90 66 35 8 55 66 8 49 47 59 83 41 84 62 9 4 41 59 95 98 32 82 33 71 4 75 89 15 7 15 52 46 31 100 20 74 14 84 45 71 99 28 50 19 51 95 96 73 50 99 48 70 25 70 57 62 6 12 81 45 28 40 56 23 86 11 81 92 94 53 73 84 87 50 10 97 86 49 57 24 11 99 48 56 80 98 77 93 11 38 55 28 10 15 60 7 91 9 5 47 76 77 85 33 39 45 59 89 4 61 28 97 6 76 79 27 31 76 91 60 26 90 4 37 50 42 10 46 96 40 10 38 50 71 89 30 51 61 60 21 80 35 97 87 3 92 1 32 60 49 95 5 64 39 54 95 89 74 84 31 34 29 40 48 59 45 28 62 45 98 53 8 15 49 2 6 2 67 7 100 20 46 61 32 56 64 92 10 27 30 53 11 93 39 69 70 47 53 32 17 55 21 2 68 20 98 62 95 45 13 46 70 86 58 52 93 1 21 32 71 93 82 34 61 7 97 31 80 73 73 67 25 22 74 3 58 97 2 38 62 58 88 44 88 72 99 85 28 22 38 71 7 17 28 44 13 71 34 56 66 72 86 88 72 86 33 11 38 6 44 95 19 73 74 62 6 33 19 100 97 89 46 80 59 71 2 91 93 84 69 89 44 13 16 31 7 78 34 18 45 73 22 22 36 49 67 19 76 8 29 4 8 4 58 97 91 23 12 47 55 24 60 92 31 16 56 51 44 21 48 19 75 70 45 57 35 75 49 31 66 78 42 60 56 73 91 62 8 72 63 53 89 61 86 67 27 0 55 83 93 90 75 72 38 41 70 27 45 50 44 40 61 78 57 2 46 10 80
72 57 64 20 73 43 40 30 100 26 78 80 87 100 11 61 97 42 24 63 72 14 40 23 7 62 81 99 11 34 15 93 48 23 49 55 41 7 29 21 16 63 55 79 65 96 28 1 11 42 59 79 38 60 16 58 40 69 62 4 100 60 11 56 9 63 30 78 41 85 63 8 83 23 55 73 6 88 28 36 62 53 50 75 83 17 32 44 54 27 70 36 49 71 90 35 56 62 2 16 97 14 25 47 68 61 54 10 17 32 25 32 4 63 39 37 41 68 77 10 67 59 86 61 49 49 40 75 28 98 64 19 83 65 4 81 27 52 86 34 19 74 36 74 29 24 25 19 82 11 40 51 29 28 52 9 32 54 45 49 75 13 29 20 40 76 80 65 84 51 56 67 0 60 87 11 67 28 96 63 85 57 15 4 46 23 67 6 60 63 99 76 12 20 31 65 83 7 26 3 92 98 64 33 18 23 87 6 75 91 39 62 86 58 25 73 37 79 63 69 13 7 56 50 68 28 9 72 82 18 8 99 41 39 48 27 31 56 83 49 3 0 11 48 8 12 27 89 6 51 96 4 69 93 30 62 68 76 45 9 63 23 13 7 25 53 85 50 98 99 35 53 37 2 5 7 11 47 88 42 61 47 16 98 34 55 16 23 42 9 62 100 62 5 77 47 16 0 83 89 34 1 19 88 49 63 87 31 32 39 34 33 20 7 98 0 81 8 78 35 11 44 39 22 70 85 3 4 87 53 74 62 35 6 45 20 13 57 44 75 33 40 2 70 9 48 55 47 39 99 7 27 71 12 22 50 82 41 85 35 83 50 51 77 83 62 62 24 4 6 45 43 8 24 36 55 42 10 90 71 48 32 51 32 87 63 11 72 2 80 4 54 16 88 84 48 49 81 30 96
14 99 11 31 10 97 85 96 39 70 90 32 67 96 82 65 58 31 97 7 35 33 25 67 36 53 82 86 79 0 24 57 89 1 50 27 19 22 4 33 75 93 3 30 56 19 90 19 87 3 75 96 29 6 30 74 61 29 40 76 51 21 88 61 37 64 30 44 33 22 35 99 17 98 80 41 80 34 64 84 77 35 44 71 94 73 30 41 92 11 9 38 37 26 60 52 42 84 57 9 36 55 98 57 93 7 92 71 46 56 6 61 48 61 84 68 40 15 3 97 58 70 81 73 22 67 71 45 5 1 39 2 28 1 55 18 71 55 48 61 74 21 74 27 39 97 41 11 72 98 39 67 8 91 91 58 62 3 83 72 62 59 14 35 93 20 83 68 62 55 71 68 67 76 6 28 53 33 8 50 88 2 25 94 96 62 62 72 1 100 47 69 38 98 4 36 63 69 14 40 81 82 43 27 73 87 67 87 80 85 77 59 80 79 11 46 73 77 82 53 30 54 4 65 44 20 92 13 25 86 6 79 68 29 71 59 80 80 89 42 43 22 66 58 20 78 57 46 96 7 72 84 74 35 5 94 29 26 6 6 13 79 38 32 77 66 6 15 87 92 89 48 69 1 81 55 44 91 34 82 0 68 98 44 42 38 68 67 13 7 15 53 31 63 87 97 19 68 88 19 82 68 41 47 46 15 15 85 71 87 41 68 92 42 41 10 13 70 49 55 82 26 38 92 31 21 73 12 40 54 71 36 27 83 94 44 53 20 30 84 35 19 100 69 99 96 62 92 26 14 66 51 36 67 78 59 75 76 57 5 22 75 68 60 18 4 37 45 41 52 58 32 76 58 62 68 30 100 90 80 22 74 51 30 45 28 0 62 51 25 82 79 9 2 61 93 10 33 70 63
36 63 11 50 22 35 92 59 46 67 27 56 37 5 27 39 95 9 88 45 48 88 96 5 42 20 37 53 0 76 8 92 42 4 57 55 91 83 91 21 84 76 23 12 55 71 71 80 51 4 31 10 65 48 45 39 74 65 14 47 9 18 69 71 20 52 5 6 87 21 64 24 83 80 39 98 92 98 13 90 60 62 43 60 49 25 81 85 82 28 14 45 11 59 86 26 79 43 19 72 17 76 8 65 84 64 57 42 13 73 14 31 99 83 100 11 93 82 7 56 92 67 85 98 74 100 1 74 23 74 20 10 0 50 0 63 2 93 74 18 15 83 68 41 0 39 60 92 58 82 58 16 0 13 83 12 29 4 46 55 23 12 74 13 17 15 31 16 50 65 76 66 75 28 55 70 85 74 47 92 34 87 35 61 45 35 72 2 48 36 9 33 88 87 29 80 92 71 82 100 55 10 63 62 5 52 1 58 98 86 24 76 71 80 25 78 48 79 60 95 28 62 63 97 77 92 99 27 87 70 24 4 47 39 91 55 66 98 42 27 35 17 78 49 70 77 17 36 51 58 59 39 92 75 48 88 72 31 69 53 72 22 66 55 58 100 55 8 5 85 6 12 13 43 60 86 5 79 18 48 78 33 76 47 16 7 23 37 20 64 83 94 56 60 35 59 1 50 44 66 93 18 76 7 75 12 1 8 83 94 8 92 78 40 53 82 53 10 96 84 39 84 31 42 58 22 64 64 67 34 30 54 56 86 19 97 56 43 56 14 70 41 40 72 35 43 25 77 38 63 40 66 43 96 69 24 39 73 8 48 42 33 68 61 35 18 3 68 77 80 28 86 55 33 58 100 20 90 76 83 7 72 75 6 76 84 43 26 27 66 25 13 38 91 39 21 89 87 63 0
26 88 1 55 61 64 31 33 35 54 59 9 45 64 13 13 5 93 97 77 81 59 38 10 38 36 58 75 91 42 75 41 78 8 73 94 8 29 65 21 57 7 26 29 3 6 85 16 15 98 99 87 49 59 92 79 17 100 23 50 1 35 9 19 80 81 45 74 3 47 74 42 52 82 98 41 31 23 37 27 72 37 80 99 89 77 91 84 87 45 30 32 43 90 60 25 34 62 44 31 33 76 7 72 70 89 20 10 75 15 89 39 87 55 76 23 66 47 25 53 24 42 98 34 36 21 100 26 55 83 75 45 16 48 53 49 69 90 43 95 47 89 19 4 77 2 76 74 86 96 4 98 62 1 7 18 95 72 11 52 8 27 26 20 18 33 93 46 76 0 52 27 44 69 19 21 48 39 32 47 85 48 56 87 93 44 13 53 81 68 44 22 6 32 73 8 98 28 80 22 22 0 83 50 26 84 39 31 36 12 88 77 29 5 81 1 46 8 81 49 41 88 72 38 51 75 46 3 71 31 52 73 35 90 74 57 83 50 95 63 0 25 79 76 92 8 31 65 22 85 84 90 65 29 67 30 4 45 75 35 23 90 22 92 62 89 17 52 15 51 65 31 39 70 73 22 55 23 83 72 86 45 48 65 79 70 56 24 28 12 36 94 61 2 42 83 56 53 54 20 85 99 47 61 63 97 34 68 84 36 77 99 69 58 27 91 11 78 67 32 93 44 19 68 7 92 4 18 38 46 86 19 88 56 13 87 70 37 95 23 77 32 49 11 52 7 39 93 0 34 98 1 71 42 68 70 75 35 22 16 63 75 18 50 47 62 69 86 36 53 42 44 22 2 88 26 24 5 79 52 30 61 15 66 10 91 21 6 42 35 63 56 49 5 31 97 21 85 98 65
42 31 42 51 67 10 46 62 25 82 76 47 79 69 9 30 99 94 7 55 36 28 38 10 24 14 89 98 6 95 53 52 73 37 71 6 64 27 98 74 68 11 77 31 35 21 60 12 26 71 7 39 74 16 33 75 81 47 88 42 25 83 8 69 95 67 82 62 38 67 54 10 11 24 33 46 19 94 40 81 36 7 88 98 93 26 66 13 35 16 3 27 2 36 47 19 80 52 89 100 29 54 17 92 92 61 64 30 29 36 77 61 81 63 82 68 74 51 30 24 25 22 68 45 97 13 95 49 52 41 51 97 63 13 64 25 2 94 14 64 65 73 57 55 5 4 41 12 61 66 24 35 82 33 86 14 38 80 77 54 42 52 92 71 31 61 75 38 21 40 50 23 32 18 49 74 44 92 73 46 39 98 17 55 8 13 65 73 73 18 83 73 10 97 90 71 6 22 77 32 28 77 98 13 72 59 80 5 33 56 2 98 38 83 34 30 47 31 70 8 53 18 76 0 72 32 88 59 41 22 70 34 54 98 25 52 75 30 66 6 59 93 45 85 79 5 55 84 75 23 91 60 28 83 6 28 90 21 98 86 64 72 17 54 74 75 78 82 24 12 42 15 13 49 13 4 87 74 45 7 48 0 22 95 83 83 100 63 20 73 61 16 97 61 2 65 93 46 11 59 49 12 44 93 95 40 41 2 57 88 67 7 12 71 50 94 54 78 6 60 22 40 87 65 4 15 3 38 10 25 39 66 77 49 70 77 94 36 77 100 38 42 100 31 87 84 52 43 81 85 11 57 12 33 43 57 6 47 36 27 5 90 28 11 99 45 52 0 96 82 40 90 99 30 48 70 47 39 33 75 76 41 24 48 33 94 43 76 57 41 31 49 7 89 40 24 93 49 18 32
25 65 2 100 98 79 23 95 16 32 23 87 87 61 82 40 43 88 27 100 93 40 56 36 84 5 51 76 11 90 94 44 38 5 34 5 100 7 15 88 1 22 13 45 53 21 36 27 7 0 74 67 18 50 82 18 84 97 27 40 24 65 93 52 53 62 100 43 62 19 23 63 42 77 97 49 27 62 7 24 86 23 56 80 100 82 4 44 79 13 1 80 58 88 33 3 25 24 84 23 89 61 59 3 16 68 42 74 80 83 26 37 65 9 46 2 12 1 25 14 56 73 43 91 7 54 55 94 89 93 94 86 65 53 32 64 88 95 66 36 4 73 36 39 45 23 71 67 46 86 42 69 30 88 20 50 72 95 30 96 7 48 41 13 3 54 95 66 31 75 45 39 72 87 40 17 32 96 81 69 0 68 59 17 35 65 4 99 97 81 51 20 24 90 94 71 40 17 64 53 94 37 99 78 59 2 45 63 95 65 3 97 34 51 45 12 61 20 13 47 34 81 61 71 74 28 52 72 51 82 86 33 0 11 77 90 59 75 47 60 44 20 86 73 68 39 48 65 51 5 55 71 51 14 9 24 19 40 48 1 8 3 63 40 29 50 91 76 1 21 64 86 3 24 99 7 3 48 68 63 97 15 57 58 41 67 16 75 59 39 34 82 92 19 78 97 1 95 88 83 98 19 34 37 5 55 52 18 84 64 57 19 29 99 9 87 60 92 21 69 25 26 78 39 46 65 45 2 74 62 28 35 24 9 62 29 13 27 45 38 9 64 39 16 56 47 54 56 77 18 43 97 48 69 5 66 4 68 55 60 44 54 32 28 85 55 79 53 38 31 16 52 85 57 59 46 6 73 85 39 10 59 74 99 62 54 84 78 73 19 6 96 87 78 10 13 68 86 12 6
53 78 29 5 20 64 85 65 90 68 95 81 33 57 63 24 57 24 42 77 64 18 31 63 73 46 75 22 4 5 31 61 39 58 42 1 14 10 81 5 87 90 52 72 50 14 97 96 51 33 59 90 49 91 60 85 32 32 45 96 27 69 75 57 31 3 48 61 71 11 79 51 75 98 33 8 98 60 88 5 87 43 25 45 95 10 62 91 35 44 98 98 80 10 47 24 32 27 36 13 26 79 89 54 87 92 53 56 8 78 13 17 6 11 33 31 91 66 17 73 57 35 9 30 88 13 41 20 68 42 24 100 46 1 93 15 92 70 27 91 50 94 47 21 14 74 0 73 49 67 51 32 24 100 34 83 51 38 29 71 2 78 50 3 1 25 23 78 51 99 63 23 39 53 44 98 41 36 48 12 33 67 83 37 67 13 5 2 35 27 34 77 73 96 39 20 100 53 76 42 83 93 70 3 55 1 8 13 35 66 81 63 28 5 89 60 81 83 26 50 2 39 99 96 34 38 93 34 64 16 71 18 61 4 82 19 95 100 1 51 6 31 56 15 2 4 41 73 70 21 10 60 66 32 30 33 18 1 76 79 46 21 40 52 57 2 49 97 49 24 19 63 84 21 15 37 8 34 86 86 57 20 78 81 30 80 10 68 22 33 84 84 73 44 80 61 70 65 90 50 75 53 78 22 19 61 7 40 99 0 9 64 35 27 10 13 75 60 94 62 62 69 62 16 87 51 33 29 40 78 10 27 29 69 25 23 17 68 86 90 67 54 0 82 25 81 16 91 21 53 44 83 87 95 65 23 38 58 71 55 46 96 61 43 74 87 90 74 49 52 40 47 94 66 82 21 2 55 80 41 2 3 87 38 13 67 98 1 69 53 88 31 52 91 0 44 55 15 11 87
46 37 19 51 44 80 61 53 100 88 5 26 34 100 94 3 81 10 9 2 73 66 15 73 31 79 80 16 61 8 0 19 99 92 40 98 77 10 22 14 27 85 80 54 84 94 66 16 76 78 83 64 87 32 100 89 31 0 43 43 24 43 54 55 15 33 35 1 75 97 75 70 26 24 74 43 5 10 18 57 50 60 96 89 63 73 40 77 9 82 98 18 74 78 26 86 40 12 17 82 81 20 77 24 72 76 21 94 17 22 95 60 51 71 25 3 64 74 60 1 0 87 26 45 6 22 57 65 16 10 100 94 4 67 16 3 67 13 7 48 34 69 64 5 9 27 4 61 100 41 10 5 69 94 89 30 93 3 56 7 85 66 74 50 26 65 20 75 68 92 92 56 88 14 80 10 42 33 70 40 75 65 78 73 84 15 87 72 59 61 36 58 88 33 35 0 72 58 98 4 80 95 49 90 41 19 82 75 18 43 1 47 39 40 31 72 48 100 56 0 44 59 58 65 39 51 12 41 29 83 57 16 6 86 41 9 53 70 31 50 11 11 68 67 71 79 36 34 6 35 13 93 51 66 12 53 92 45 99 39 66 83 0 98 39 45 18 15 72 51 71 57 80 9 59 29 76 59 63 69 1 8 68 3 80 52 16 84 22 79 58 68 18 78 28 65 29 68 50 19 49 8 32 56 97 77 20 12 3 12 93 51 86 93 86 19 47 88 21 22 22 39 42 21 81 40 67 93 58 97 59 53 28 88 82 46 53 97 5 0 41 83 78 25 42 61 45 80 24 90 68 15 18 72 49 23 0 86 36 41 85 82 63 88 86 5 92 18 4 2 72 3 58 29 67 15 39 54 46 22 69 56 62 89 29 12 51 47 59 60 44 21 20 80 15 63 68 43 70 89
19 14 31 94 45 65 47 83 23 36 38 38 25 0 33 52 52 69 74 39 34 96 23 59 37 37 62 75 77 55 8 69 0 35 33 17 83 25 65 70 83 52 28 32 37 11 65 45 84 49 44 17 0 0 9 15 39 36 57 70 97 36 59 4 77 11 72 97 83 5 66 15 14 48 86 0 92 8 38 67 36 69 72 79 25 84 7 17 27 88 69 62 85 48 34 15 4 67 10 3 70 89 80 71 15 28 23 16 20 28 98 84 87 33 45 31 30 48 45 28 93 15 53 6 66 33 46 100 66 30 85 99 19 55 73 0 32 51 43 10 72 16 35 89 41 77 37 58 22 6 42 93 72 6 97 96 74 65 18 19 58 55 65 16 72 17 0 85 72 51 46 71 100 7 65 30 36 33 45 5 21 63 48 40 61 32 94 18 34 17 59 92 59 48 57 34 80 59 39 16 50 5 59 43 72 83 5 11 1 73 61 71 11 73 67 74 39 33 18 89 73 40 84 33 94 66 9 18 31 89 27 94 6 77 9 35 13 44 76 37 57 83 21 47 17 88 23 32 92 10 70 72 2 45 43 50 30 23 100 82 81 1 1 19 85 49 99 76 95 62 28 60 24 46 9 80 39 15 50 20 13 79 27 70 39 70 17 23 20 84 24 50 12 5 26 29 68 21 8 75 39 31 34 3 48 34 98 69 27 20 87 19 85 82 56 1 46 53 46 3 73 53 0 99 27 48 77 8 93 29 39 96 29 59 9 51 75 28 69 29 51 66 13 8 26 89 22 60 72 34 32 99 8 41 91 21 14 91 67 23 17 0 18 60 7 17 54 69 64 93 8 14 61 21 50 56 56 61 24 100 58 43 0 18 14 59 45 90 64 75 10 11 21 70 85 84 10 62 60 92
41 11 20 36 80 52 29 7 21 49 83 70 85 59 73 91 49 20 4 79 55 77 15 27 33 89 92 9 22 71 88 33 40 30 8 100 26 96 36 18 100 32 63 69 27 90 32 42 75 41 4 84 51 55 41 88 64 14 3 68 26 68 37 48 15 22 73 57 51 45 30 25 63 70 23 27 51 74 73 93 23 97 85 17 31 51 30 14 64 10 64 8 70 49 90 50 49 100 50 56 100 82 74 13 39 71 7 76 73 6 11 12 86 45 48 40 21 45 11 53 93 19 86 53 100 79 79 83 87 42 98 35 59 24 98 21 8 79 5 38 78 39 16 77 78 2 16 2 95 81 57 13 19 12 93 86 56 29 56 58 83 15 31 49 47 20 72 94 90 0 12 1 55 15 59 97 33 80 66 8 72 75 87 27 68 92 14 57 12 72 71 1 100 94 8 14 97 64 29 70 33 6 48 27 36 67 68 89 79 50 75 6 11 90 41 29 69 80 95 53 27 65 17 4 79 52 74 76 45 85 13 95 39 48 85 32 42 67 40 99 4 29 74 5 53 46 6 27 80 22 3 45 1 80 28 40 91 83 100 45 32 55 11 83 18 53 73 99 63 74 35 25 2 14 72 9 98 18 97 45 15 99 0 100 73 22 71 96 87 17 24 87 73 24 23 95 78 100 28 85 31 5 38 2 61 74 64 85 27 40 95 34 49 0 99 55 39 11 2 74 10 99 19 25 6 26 49 88 83 21 16 75 78 61 6 49 86 5 66 74 57 18 86 33 12 23 60 86 48 39 65 0 37 47 16 84 96 40 94 52 80 11 28 52 6 13 36 44 60 94 10 4 71 15 52 71 93 0 24 76 97 6 22 37 77 43 60 11 22 28 38 36 92 29 62 53 50 66 29 17
48 11 16 13 65 15 61 6 54 18 1 7 59 42 73 82 18 48 60 65 37 6 3 50 50 81 70 37 87 80 88 42 13 78 19 21 69 71 78 23 65 10 43 50 90 73 62 34 29 95 37 13 95 34 23 43 90 79 60 0 16 24 78 33 18 13 5 97 5 87 4 85 32 75 40 83 6 34 89 89 22 1 99 83 56 55 38 51 22 72 31 48 60 4 66 10 13 30 52 74 31 57 6 8 56 98 17 13 27 20 68 48 58 27 53 12 42 7 23 48 90 21 74 15 47 87 99 4 24 99 98 11 71 39 5 29 93 13 47 85 62 35 28 86 55 72 7 8 69 88 2 75 24 98 36 31 70 64 70 78 36 94 22 36 97 28 99 29 31 47 55 87 11 43 64 43 57 53 82 18 81 11 89 54 39 94 76 65 94 61 98 95 12 37 52 67 70 98 33 7 81 87 61 58 49 64 70 42 34 97 83 72 100 26 93 78 3 87 28 58 98 100 87 50 91 84 73 58 34 17 33 49 22 66 19 36 70 97 84 7 48 74 66 43 90 35 42 73 88 68 88 21 30 84 48 8 31 61 2 69 98 28 50 8 28 29 55 35 94 18 11 37 5 63 3 10 74 48 88 34 20 51 1 74 67 28 39 92 8 89 16 63 36 2 65 26 10 66 97 86 58 44 33 31 78 94 33 100 94 55 74 44 30 95 90 30 72 10 94 12 65 67 30 94 39 62 3 79 80 30 55 37 42 49 72 61 100 100 34 70 24 29 51 42 72 75 87 29 32 26 47 60 97 14 4 85 79 17 92 87 55 98 31 84 91 50 31 31 5 57 72 62 80 47 5 92 27 65 20 16 38 58 57 61 14 18 54 72 37 71 86 99 27 27 71 100 80 36 71 16
4 52 45 99 75 33 96 52 12 95 49 91 53 61 2 63 47 97 94 43 27 100 71 22 46 4 13 61 48 12 11 52 1 67 62 53 42 55 12 70 80 54 8 46 49 33 86 41 31 40 94 60 3 75 59 74 26 75 45 85 30 30 77 45 57 99 63 51 61 52 43 67 32 0 99 52 45 66 100 76 5 53 71 21 5 67 78 20 31 48 19 4 44 2 47 29 95 33 13 77 50 2 4 13 6 40 81 93 47 40 72 95 22 19 21 81 12 94 95 95 65 81 47 25 50 48 28 50 71 82 18 77 90 96 76 87 93 4 53 25 92 27 43 100 37 53 62 91 38 72 53 87 58 86 78 10 17 82 60 22 69 95 89 65 89 48 23 78 37 34 69 28 90 3 3 57 89 40 66 9 41 56 97 28 21 34 84 56 16 47 17 63 95 62 35 46 49 30 25 37 100 46 36 6 49 54 20 79 69 93 81 69 21 87 4 6 26 46 61 29 62 23 31 2 8 33 38 0 35 18 70 89 84 40 91 95 88 73 0 49 37 83 53 76 11 70 79 21 73 51 25 25 43 30 83 83 94 39 51 14 89 60 10 73 65 49 35 34 5 98 86 48 67 30 64 93 59 67 14 62 57 95 73 30 3 48 78 50 82 66 42 34 24 38 4 27 17 37 62 77 87 17 17 11 1 96 5 18 55 98 77 61 88 82 29 75 64 2 31 13 72 28 27 48 54 96 6 48 40 92 28 39 40 87 72 89 32 71 74 96 67 53 94 19 41 91 2 49 85 20 12 7 100 48 85 79 67 73 73 6 27 53 19 4 95 85 17 67 19 63 87 27 19 97 66 15 37 7 27 7 5 63 53 17 96 90 21 29 3 77 3 59 49 54 23 99 0 24 55 61
69 11 30 68 57 54 90 73 11 3 94 65 24 45 41 75 14 75 82 84 13 78 35 72 77 27 62 85 91 61 35 90 35 3 66 10 68 53 1 83 74 79 19 49 79 36 12 31 56 85 100 99 98 65 45 51 18 32 65 95 1 66 38 59 44 15 63 80 81 8 8 27 24 68 79 80 4 95 85 30 83 60 52 43 100 14 14 69 0 68 32 23 9 54 42 79 6 54 95 74 87 53 14 71 41 0 26 85 12 97 60 60 2 38 47 53 82 90 50 13 31 14 69 25 36 19 50 67 13 20 75 9 67 38 50 2 60 53 83 69 84 20 29 26 28 91 3 29 98 35 33 80 1 89 91 1 89 100 60 73 90 14 7 2 79 35 98 94 74 99 56 10 61 39 69 37 92 84 61 64 65 71 94 47 100 29 57 23 76 57 44 87 60 71 4 89 48 81 99 89 47 10 42 75 30 54 56 13 94 23 50 59 79 51 36 100 4 94 80 27 66 13 63 63 14 13 45 2 83 4 67 93 61 26 39 59 100 43 54 53 45 24 9 96 0 46 31 15 5 52 61 79 74 94 62 77 28 61 95 20 39 20 99 37 78 83 80 34 76 100 71 14 71 82 47 34 68 37 6 77 68 37 81 72 41 97 70 12 39 44 27 78 75 40 21 60 77 84 66 48 69 19 62 5 67 90 39 86 51 67 96 40 74 94 3 100 44 86 44 25 17 2 40 50 11 33 52 90 31 97 25 30 48 84 19 20 12 86 50 15 82 23 54 98 85 98 15 20 46 60 26 96 42 78 92 97 55 21 66 89 45 26 75 90 88 63 34 59 27 49 76 39 8 100 64 36 22 46 69 47 21 41 62 0 54 49 37 47 9 2 68 43 77 65 36 67 10 71 95 3
48 9 36 78 63 48 51 94 45 76 25 44 14 62 12 89 67 35 8 89 62 55 81 75 92 21 91 78 38 63 75 29 95 35 85 79 44 93 88 17 91 51 2 99 64 65 30 44 60 69 96 45 42 100 51 68 31 41 87 85 34 54 96 37 29 38 98 13 9 11 59 9 68 37 24 26 80 35 77 31 77 50 4 56 43 38 32 11 23 29 89 75 83 7 55 38 82 77 87 11 67 17 78 6 71 32 2 2 3 60 6 30 47 98 80 99 2 82 64 70 23 33 47 11 7 22 69 34 52 54 29 74 68 7 7 90 41 41 26 9 56 99 14 97 85 43 55 58 3 35 73 4 63 97 93 12 71 13 72 94 92 46 22 44 49 74 52 29 29 96 71 54 72 85 40 72 50 33 83 26 3 2 65 55 70 83 93 92 51 83 62 28 47 96 48 81 9 85 33 89 75 72 68 6 27 59 76 15 73 52 14 56 80 87 57 100 79 30 37 35 73 97 82 56 15 19 14 42 99 69 51 15 19 1 38 2 2 7 74 63 3 71 44 19 47 75 19 58 46 11 79 67 38 86 90 38 65 58 71 87 28 81 64 2 92 20 52 75 64 96 93 79 56 43 66 88 96 9 30 100 100 58 9 11 52 78 43 10 37 5 16 81 62 28 18 4 82 29 42 61 64 93 81 16 79 21 5 17 13 91 100 99 93 92 60 72 92 23 47 49 72 25 72 31 41 41 39 81 18 39 30 32 53 27 2 86 2 13 33 82 83 28 23 51 66 15 15 3 41 32 44 99 48 69 13 59 65 53 86 43 76 40 3 57 58 60 17 84 18 100 35 51 98 75 38 45 66 2 39 97 88 93 14 43 94 3 38 64 100 5 37 7 83 88 38 70 40 74 83 92
28 41 8 86 0 88 28 7 76 1 51 50 50 30 47 18 64 41 91 47 21 18 18 87 58 35 91 22 52 6 95 90 46 19 52 31 53 70 72 11 94 61 43 27 97 86 43 42 14 97 7 62 11 32 67 2 59 59 47 51 41 72 95 29 63 16 14 73 14 41 29 96 43 43 16 24 76 60 68 89 22 70 5 93 47 21 52 28 12 21 89 80 20 14 48 73 39 56 98 1 26 42 71 22 48 17 5 18 96 98 42 86 16 57 40 74 49 90 93 70 65 98 28 63 15 39 67 14 31 2 84 28 91 90 29 59 84 44 19 2 52 17 75 94 90 23 44 53 18 31 46 69 5 79 81 10 14 56 68 8 44 42 80 27 90 24 73 41 91 42 73 17 81 34 54 75 4 89 2 79 27 74 30 67 9 26 3 64 15 59 89 86 12 11 77 38 33 40 69 87 49 59 68 44 92 36 92 69 93 32 37 76 59 67 42 58 41 74 22 12 84 7 57 4 43 91 12 37 49 83 55 68 27 84 60 56 73 1 10 67 45 23 24 69 69 39 42 63 70 54 72 37 23 66 85 38 76 70 8 19 41 13 55 79 92 50 28 23 73 16 62 94 89 22 46 21 11 50 50 3 11 57 56 63 90 95 67 75 45 82 19 6 58 87 25 23 24 69 34 83 64 60 59 89 25 85 72 43 53 86 59 25 34 46 8 87 89 1 78 16 9 67 2 57 76 4 75 16 23 79 12 21 81 93 23 26 54 23 82 6 19 36 58 40 19 82 70 47 92 52 47 78 27 20 63 85 91 33 78 79 14 99 67 17 65 60 11 48 2 21 48 63 47 13 36 98 28 76 80 17 46 26 16 80 87 25 33 38 25 55 83 6 99 29 19 96 96 10 44 11
94 7 73 37 10 89 87 60 83 98 75 23 33 38 62 8 21 40 45 89 58 47 23 43 21 62 66 64 96 47 3 50 64 65 62 38 64 44 94 11 3 13 13 78 1 54 74 15 58 0 14 8 55 10 82 100 6 51 85 52 82 10 53 52 25 51 88 2 64 44 49 76 3 80 47 28 62 57 68 42 76 75 68 44 37 66 34 23 34 40 19 73 73 54 30 42 11 43 34 67 33 54 15 58 18 57 38 18 97 43 99 49 9 19 41 1 52 89 87 94 42 7 36 78 35 23 66 80 64 4 93 42 15 19 46 12 99 36 88 64 22 86 3 20 45 26 23 27 61 93 75 67 41 63 98 46 37 87 87 48 45 1 17 72 4 85 32 77 85 54 79 94 28 78 40 11 0 66 98 32 29 11 57 27 50 41 33 25 18 22 42 17 14 73 94 78 37 7 94 8 78 50 65 56 72 95 23 88 51 67 66 3 82 9 70 48 88 26 82 2 60 53 26 19 71 67 25 3 89 37 76 70 83 81 49 64 32 28 49 91 85 34 18 52 8 67 0 60 100 62 15 78 80 14 10 20 83 60 46 95 82 23 91 65 80 83 73 61 32 36 45 62 18 14 61 95 56 86 35 42 29 26 19 63 56 52 52 9 98 80 8 65 53 47 51 31 49 65 60 5 12 79 58 18 17 67 89 18 45 81 68 42 7 87 26 97 99 74 54 59 76 24 80 27 30 17 31 75 10 34 68 54 98 87 46 30 67 56 56 92 82 55 50 77 92 65 72 93 96 86 47 90 46 89 39 44 78 39 61 99 85 47 7 65 24 18 57 97 88 81 42 94 55 30 42 65 21 78 10 90 55 33 33 74 76 97 9 45 76 34 78 75 1 75 40 30 41 49 20 92
35 37 44 18 99 47 75 67 77 80 52 46 32 34 71 84 12 57 19 0 77 38 74 38 25 8 87 37 22 5 74 33 73 97 79 61 18 86 78 29 63 0 52 80 69 95 59 48 84 29 10 42 80 61 13 99 47 11 8 0 100 31 47 53 46 75 42 7 4 65 35 6 0 4 80 34 40 87 71 5 82 79 25 44 12 19 17 10 54 15 92 100 16 99 45 94 31 76 98 92 10 87 27 79 46 65 70 36 57 61 96 13 66 16 31 82 80 59 25 78 25 60 9 68 98 98 59 66 99 22 71 4 21 46 78 9 30 33 93 1 51 36 21 12 57 57 61 7 71 7 37 23 26 42 71 5 54 86 3 79 95 86 25 32 74 81 18 70 5 99 55 8 27 20 71 43 6 77 84 46 12 25 24 99 32 51 79 89 62 5 44 82 33 84 88 20 2 55 94 18 58 46 31 73 100 78 83 42 23 88 40 28 1 42 97 13 25 92 47 96 37 41 13 10 62 40 89 80 73 49 17 71 11 0 93 56 96 85 81 93 45 20 5 27 58 50 48 88 19 23 55 34 28 78 12 89 9 75 21 1 39 27 35 97 86 94 43 74 45 95 4 95 37 88 34 60 48 77 71 60 1 40 6 12 6 26 35 74 30 8 94 81 63 28 75 58 88 12 78 94 22 2 46 41 98 14 23 58 30 6 15 9 15 53 17 26 13 84 74 53 66 48 28 89 42 43 25 84 40 66 50 6 40 100 1 77 69 63 94 56 60 36 72 84 23 61 26 23 58 23 84 73 11 69 70 53 33 93 99 82 22 61 97 44 4 55 56 85 94 26 28 87 27 31 78 20 29 72 12 12 95 10 28 14 93 18 47 37 61 47 5 38 50 82 48 72 0 100 48 86
66 26 8 28 98 47 36 20 96 55 46 47 87 71 88 95 36 19 42 90 67 77 32 38 27 21 36 95 68 68 52 84 72 61 24 61 55 84 34 10 12 38 2 12 34 23 67 33 87 58 37 80 23 33 37 62 44 55 1 78 79 61 99 46 47 65 36 29 96 87 5 21 13 79 89 59 37 51 99 11 2 35 0 20 29 60 95 12 93 42 53 93 76 18 4 53 70 27 50 87 71 38 89 4 6 0 33 24 14 34 10 0 39 63 69 76 28 16 39 16 55 14 19 40 48 2 83 33 23 32 21 91 76 3 97 73 4 16 13 38 14 84 16 38 64 99 91 3 94 8 53 30 50 40 87 97 93 59 25 53 75 52 55 61 51 53 91 100 41 46 97 65 26 28 66 89 31 56 72 14 19 47 97 13 8 44 21 77 98 1 60 6 32 27 35 44 24 45 25 74 43 27 82 79 64 32 100 86 65 75 25 78 22 50 98 16 28 8 45 86 58 79 52 54 77 23 79 55 76 35 89 33 28 2 12 25 71 97 9 63 46 85 65 7 57 1 39 73 65 63 65 24 80 66 89 99 38 34 1 52 81 72 63 63 8 13 9 38 47 47 88 81 36 30 61 63 89 3 17 35 28 31 50 0 30 32 27 22 65 91 11 91 87 30 28 24 42 11 58 85 10 18 28 96 99 39 73 31 41 36 100 87 49 66 73 1 47 4 28 60 61 87 24 30 3 69 49 41 29 80 28 77 58 7 83 11 17 60 54 19 10 29 98 86 8 22 97 34 15 96 96 71 34 86 35 64 37 24 51 13 84 89 23 69 21 76 68 19 94 50 51 90 37 36 75 86 37 37 52 97 12 51 57 69 72 75 95 46 27 28 83 32 65 4 12 10 82 22 56 52
66 42 93 20 33 32 76 58 7 8 71 57 23 14 18 84 31 40 83 36 43 99 89 34 45 6 33 71 99 11 52 72 70 7 49 29 100 60 67 32 14 53 27 47 20 16 40 29 49 98 26 28 3 13 20 78 32 82 97 6 100 92 77 82 93 85 86 75 77 28 36 47 22 21 31 15 76 43 91 60 92 46 5 60 62 6 96 46 11 83 63 71 18 32 24 6 61 5 90 93 45 67 45 14 67 39 28 80 39 27 73 28 44 73 39 6 51 12 35 71 45 66 13 70 72 10 23 97 1 53 0 86 40 38 61 67 91 31 28 36 46 80 23 11 13 46 54 94 61 10 44 87 33 99 10 57 70 100 98 6 67 45 24 26 36 79 85 0 57 38 30 24 63 100 70 47 78 24 64 49 18 6 42 63 59 86 86 99 94 64 78 97 7 85 2 46 27 65 86 49 76 23 24 67 84 89 43 21 59 45 28 33 40 65 53 6 52 52 41 24 60 79 68 90 37 100 59 35 69 29 23 68 81 52 16 40 75 73 96 9 5 42 15 28 85 77 94 4 26 11 0 83 82 74 45 20 82 53 3 44 41 50 56 67 98 3 57 41 28 15 99 68 85 55 18 57 23 40 12 10 16 56 20 75 41 21 8 8 82 54 50 35 59 21 72 96 70 68 39 29 50 91 0 86 64 10 92 45 29 84 50 37 20 100 24 41 80 38 50 10 20 25 72 13 54 100 64 81 73 4 39 79 86 20 100 30 58 48 72 11 1 23 12 7 34 35 100 62 48 35 43 17 54 73 48 51 37 24 95 5 11 100 90 93 62 26 76 0 6 30 16 32 15 2 2 12 37 48 94 65 90 33 77 8 1 50 36 67 49 51 54 31 6 55 70 84 2 65 33 90
37 73 5 86 82 48 7 100 69 11 72 68 74 94 49 86 60 6 14 79 14 6 99 57 73 83 62 26 8 98 42 49 84 7 82 1 30 75 37 67 23 59 88 95 67 3 54 71 68 66 44 78 55 96 84 79 86 45 82 13 32 92 14 18 62 98 67 8 9 58 81 51 92 16 81 31 66 57 4 60 12 40 38 80 63 67 57 18 52 97 85 83 59 74 96 85 15 35 92 54 55 55 33 34 32 45 98 19 78 38 21 40 33 24 56 96 32 12 13 8 67 88 64 67 53 22 92 2 14 19 23 48 9 91 81 15 32 94 31 54 30 37 76 68 63 8 93 78 21 36 66 59 54 47 1 78 33 83 6 32 61 31 70 24 8 2 61 74 81 60 86 70 97 98 59 39 9 78 27 98 10 58 85 35 23 31 8 14 35 23 79 90 7 5 73 26 1 25 51 33 42 34 89 59 4 15 94 59 85 59 98 3 15 98 57 15 97 59 60 65 40 55 59 57 31 92 97 61 8 58 78 18 7 79 32 32 50 66 1 64 28 61 0 78 35 40 34 49 37 87 67 97 71 53 16 41 80 59 6 94 51 23 16 6 99 12 88 13 74 76 92 90 34 73 5 21 18 21 99 78 100 79 27 36 55 5 59 57 79 34 61 95 83 3 12 8 47 69 99 43 100 33 20 94 1 24 37 49 82 16 3 92 0 57 100 13 65 15 7 56 96 4 77 13 61 42 90 65 87 37 25 0 45 27 87 53 40 33 86 55 33 67 99 13 76 62 67 33 42 55 14 40 96 78 42 20 4 55 89 5 47 48 49 0 62 55 39 2 62 97 61 19 26 9 4 69 83 67 91 91 93 98 87 75 1 36 13 80 86 17 44 78 75 44 85 48 63 0 31 23
42 80 14 8 58 94 2 38 23 38 85 42 0 8 3 56 99 7 40 58 70 73 49 83 72 57 39 40 25 31 40 58 17 16 2 76 50 68 1 31 55 81 59 98 24 98 73 41 82 84 68 37 46 85 35 51 91 42 92 53 15 95 88 71 30 97 6 38 5 37 52 47 56 72 44 98 70 53 12 43 81 51 57 90 52 76 29 16 29 46 2 68 23 71 64 33 81 28 97 92 80 50 32 43 35 84 48 51 92 5 90 12 80 40 72 71 80 1 10 94 60 8 31 93 55 81 9 99 39 63 90 80 62 14 27 60 65 11 52 25 21 31 71 52 8 63 39 74 19 63 2 6 88 57 3 68 6 28 32 2 94 80 18 12 28 44 94 32 49 9 9 13 76 68 46 23 10 76 82 12 6 69 18 2 6 51 47 98 82 45 25 13 89 68 57 76 19 39 0 18 7 5 76 2 14 5 79 21 32 14 42 67 77 97 15 47 90 99 32 100 94 64 0 78 13 1 49 82 88 93 96 84 23 54 27 37 23 78 74 91 98 72 5 76 80 15 94 86 32 16 8 20 40 31 76 85 22 18 55 85 97 68 7 96 4 64 92 81 70 2 69 70 18 100 21 46 66 47 96 26 11 64 41 57 29 72 55 77 11 14 34 45 26 33 66 72 47 3 0 97 72 16 49 0 40 93 94 87 86 61 21 72 80 8 8 64 47 5 99 65 26 91 60 27 14 79 33 39 4 51 12 29 28 72 27 38 80 6 97 72 71 77 69 47 72 96 18 14 93 49 97 82 76 78 31 8 94 77 16 87 35 36 5 43 98 68 52 68 4 69 83 85 58 9 11 15 71 75 50 29 61 17 70 3 89 43 28 18 16 82 65 57 82 82 34 78 14 6 15 97
72 1 58 54 17 86 82 5 44 100 16 31 0 19 84 10 41 28 23 30 88 56 29 52 56 100 78 26 34 92 10 96 44 52 71 31 44 54 14 53 93 23 40 0 76 31 78 99 96 87 96 16 24 66 54 90 8 16 65 46 35 86 16 74 72 16 18 16 42 47 75 91 86 81 73 74 17 85 71 93 66 85 51 59 46 3 33 94 3 72 32 0 93 53 21 77 14 21 83 18 39 69 34 67 80 7 72 5 23 30 3 22 69 44 89 31 31 47 37 68 48 1 89 77 81 49 60 34 38 24 9 97 27 6 33 98 82 88 47 22 20 0 88 12 74 3 57 39 67 16 63 18 67 47 23 50 19 79 81 60 62 43 37 82 95 10 54 67 82 87 2 30 59 51 28 1 60 15 76 8 20 96 80 5 84 65 33 0 94 79 51 51 75 8 8 31 93 21 59 46 100 48 27 0 3 80 76 15 26 10 64 83 14 49 3 83 73 95 34 53 40 55 68 73 65 34 83 56 25 51 80 56 98 95 14 9 85 97 95 85 97 52 92 31 7 54 25 97 55 43 51 67 63 52 33 46 94 97 25 76 100 20 58 54 86 91 73 21 23 27 62 56 22 38 84 96 91 74 26 37 98 44 71 36 61 0 56 93 10 34 30 69 59 21 12 83 33 40 76 32 25 71 31 82 30 15 97 14 8 61 76 72 26 62 85 70 27 99 37 29 50 21 58 88 86 40 57 99 13 41 51 71 94 44 23 91 67 10 80 30 45 39 91 89 90 13 86 47 54 10 79 91 2 1 17 76 5 66 3 84 31 95 90 94 40 81 50 6 41 85 93 89 100 35 15 79 40 22 39 86 28 29 26 86 10 4 97 66 70 48 67 11 94 40 69 93 65 25 34 54
16 44 23 29 100 64 18 62 76 56 78 2 76 82 41 30 55 82 94 36 57 84 76 91 34 53 5 59 24 10 92 2 98 82 81 49 47 49 95 15 0 14 7 38 100 30 31 98 38 30 3 78 74 15 88 0 44 28 0 37 8 100 67 39 28 92 7 99 2 15 27 14 37 12 12 56 19 17 67 4 33 47 74 57 48 80 65 85 14 7 92 96 88 23 70 22 71 15 34 49 53 87 48 20 62 87 67 39 62 88 79 12 45 43 44 95 90 22 44 59 93 13 41 62 41 48 60 65 79 51 35 40 35 70 25 69 47 76 86 100 12 57 91 76 5 82 75 41 97 52 26 70 57 80 8 60 78 61 50 20 54 70 14 88 75 10 38 90 64 44 87 13 84 96 0 10 29 56 92 86 14 97 87 2 45 94 9 48 56 25 75 97 42 59 92 74 22 11 12 24 99 22 81 88 80 70 36 85 78 6 33 38 59 31 17 39 27 60 35 15 83 59 78 23 52 71 76 85 38 36 85 83 9 74 29 77 90 4 74 11 27 100 61 14 64 34 7 51 68 51 19 73 58 33 10 10 47 94 90 46 15 47 23 84 54 98 89 99 93 82 37 98 83 92 19 89 33 97 17 54 3 49 54 6 41 96 37 14 35 89 39 2 96 26 27 20 91 89 13 2 47 32 5 89 93 1 10 62 28 39 16 4 64 6 10 44 76 98 61 84 86 58 36 49 18 5 28 30 79 42 42 29 58 36 81 69 49 82 90 45 78 35 56 100 67 9 95 5 56 53 56 17 15 89 64 53 62 73 90 86 39 96 48 87 44 16 49 52 24 66 30 45 35 21 98 40 82 69 50 10 50 99 40 39 80 48 75 77 14 84 39 100 74 19 9 26 39 15 59 44
79 59 64 64 98 56 50 60 95 55 46 15 51 65 46 61 51 64 61 81 93 13 53 18 96 59 32 95 33 64 33 75 32 92 25 10 72 82 100 16 33 1 97 96 65 65 88 20 28 2 63 36 63 61 83 63 38 80 15 100 89 83 7 10 95 97 45 16 6 49 12 9 88 89 42 74 1 46 5 73 91 49 8 43 18 73 74 35 55 90 24 21 54 31 99 87 62 44 83 7 21 32 91 4 69 20 43 31 91 38 51 48 43 78 73 88 8 57 89 99 62 92 11 81 56 32 72 17 14 44 25 23 70 51 99 55 63 85 54 10 92 84 89 26 92 38 68 92 73 91 12 49 61 13 59 27 91 90 72 82 98 45 97 43 12 91 42 78 28 50 78 10 22 62 87 66 45 26 20 68 79 19 16 34 77 55 19 45 100 79 4 61 13 69 43 42 87 41 50 32 40 39 93 26 62 90 98 79 90 9 41 30 87 8 59 1 40 17 24 21 50 95 70 2 20 13 72 76 55 20 70 15 90 84 23 93 70 78 26 32 64 97 46 63 39 72 92 54 7 95 40 85 59 35 8 57 34 29 5 75 13 94 99 40 60 0 19 47 17 48 47 0 27 13 36 5 0 43 6 79 60 43 66 17 3 4 48 95 15 33 25 20 99 81 5 79 47 66 46 36 4 71 10 9 99 23 43 13 9 75 14 12 0 68 72 44 66 33 73 62 22 48 38 87 96 27 61 68 66 91 83 19 50 37 17 73 72 70 38 46 36 86 1 19 21 9 54 92 94 74 66 28 26 36 95 37 74 64 23 78 88 83 13 60 77 89 42 63 97 76 4 19 87 48 48 41 29 30 60 21 71 27 90 31 22 8 53 95 25 10 27 68 87 85 88 66 94 7 27 64
5 2 69 52 18 20 21 11 50 18 68 4 83 57 51 13 24 66 11 77 64 35 57 80 5 54 87 88 10 9 62 38 86 26 33 68 99 27 67 71 22 63 94 24 65 51 25 23 89 96 98 53 86 80 45 95 63 90 84 24 51 67 51 80 31 20 51 85 94 73 10 8 7 95 16 83 69 27 26 9 67 60 20 86 31 75 57 61 65 31 38 91 4 75 59 78 80 27 24 65 37 93 39 60 86 40 39 58 46 80 34 57 15 44 88 67 49 100 89 53 88 66 25 94 55 35 96 98 93 63 46 77 82 75 53 83 21 97 21 19 69 99 31 92 80 42 24 28 44 97 57 91 42 52 90 74 59 38 15 62 73 45 5 67 4 27 18 0 33 13 21 7 15 49 37 20 39 35 4 69 58 37 73 81 10 58 58 10 47 5 23 55 32 10 43 18 29 41 30 7 17 2 82 97 78 85 55 41 68 40 85 66 89 80 99 70 7 35 70 10 91 38 99 8 74 9 18 49 40 93 54 74 53 61 94 31 4 13 20 70 7 66 20 35 66 7 65 73 8 46 72 42 51 52 89 36 82 20 53 97 67 100 77 44 75 84 92 28 56 61 79 83 1 3 35 18 42 56 60 99 11 68 1 74 13 84 7 37 20 74 96 25 56 51 55 27 79 31 77 27 74 6 87 76 57 31 37 61 62 99 88 72 84 24 74 8 17 84 31 9 82 2 47 21 56 91 93 35 46 75 96 88 69 42 9 84 28 92 86 72 54 34 12 69 35 68 78 64 67 65 97 96 4 28 37 6 59 66 33 44 57 86 65 30 65 99 78 61 15 25 88 94 44 52 52 17 30 42 9 13 34 32 92 62 55 45 42 22 1 51 97 66 17 56 15 65 38 2 65 34
75 11 80 81 19 9 33 67 91 52 94 71 35 99 37 66 23 55 13 10 11 80 83 11 1 54 19 91 62 48 69 74 89 56 47 21 64 67 96 56 69 67 94 29 69 21 3 21 45 47 63 28 0 82 3 99 49 100 33 8 94 36 73 10 4 49 75 48 92 96 98 54 77 76 58 27 83 23 29 52 61 61 77 58 25 96 33 27 66 24 51 39 24 67 93 54 12 27 37 99 42 43 67 54 22 98 72 87 78 24 55 23 78 28 18 37 31 20 7 33 21 44 79 64 76 15 61 34 53 19 80 99 5 37 56 71 65 87 6 39 59 2 83 64 48 81 53 57 85 30 4 39 8 21 48 13 68 64 35 1 31 79 24 9 60 34 78 79 6 95 32 11 95 50 60 95 10 42 56 40 18 39 11 56 43 19 35 97 49 4 62 45 68 55 43 11 92 8 45 43 55 97 19 100 44 18 46 53 30 53 18 36 8 77 45 51 96 40 32 92 20 99 26 48 30 17 67 38 0 73 16 11 4 1 94 15 43 29 80 24 48 62 74 68 88 52 40 40 66 27 31 44 4 52 2 16 47 75 44 9 40 82 32 69 82 35 26 30 71 0 93 32 30 85 85 74 33 5 22 8 75 25 28 84 0 15 2 79 29 65 100 46 79 59 74 81 71 40 7 19 70 82 68 45 14 92 28 55 52 37 62 64 8 47 44 16 46 58 84 31 36 26 22 88 27 11 13 16 5 68 26 39 87 29 0 79 74 59 93 0 21 4 68 47 40 5 40 33 27 94 63 74 62 7 45 36 11 38 49 76 46 90 87 15 75 92 20 15 50 20 45 6 84 77 93 30 37 97 43 67 38 98 76 23 87 7 89 90 40 0 14 70 74 26 87 80 71 27 49 55
7 49 1 75 97 41 10 25 79 14 40 83 91 50 82 35 39 26 21 91 37 76 55 67 72 15 71 39 92 66 30 68 66 90 11 5 89 91 61 38 30 92 22 30 57 86 45 70 37 31 3 18 97 32 75 94 51 100 78 55 88 60 25 12 82 79 66 66 39 85 20 98 25 47 29 31 56 75 21 18 55 85 13 60 0 53 2 63 81 3 3 99 54 76 9 27 80 96 81 51 32 57 2 44 24 99 68 53 73 63 96 47 52 68 63 80 44 94 7 27 41 78 47 47 54 66 58 12 35 76 44 9 75 72 89 95 27 71 93 28 50 88 68 21 88 73 9 82 5 15 62 29 81 28 84 17 2 91 47 76 81 7 33 87 5 54 57 78 1 77 87 26 39 4 82 80 97 100 94 94 67 29 95 28 17 55 50 55 82 3 17 20 33 15 88 33 65 42 69 74 92 32 58 91 7 67 75 61 18 40 50 32 44 65 93 40 78 41 17 36 19 76 95 71 46 96 53 0 66 51 44 22 6 79 7 11 86 34 90 90 97 10 17 73 21 55 96 33 9 96 52 74 3 45 20 3 4 84 90 36 5 71 12 34 80 34 61 3 49 0 80 17 86 4 90 94 12 2 72 45 94 100 25 24 88 48 41 65 50 46 31 14 30 25 73 29 86 34 81 23 73 73 73 92 12 41 98 82 54 78 20 76 50 37 26 48 28 21 35 20 34 68 15 68 84 7 38 50 5 54 67 7 74 62 96 54 42 75 96 31 97 79 54 7 81 69 41 28 72 85 62 1 33 48 96 92 46 19 76 18 22 81 74 84 61 98 50 70 76 76 48 25 11 38 15 68 23 47 44 39 7 51 26 40 34 72 82 74 59 47 16 97 85 48 17 71 13 44 95 84
2 100 73 8 66 26 85 76 97 99 70 56 88 24 54 33 89 78 8 80 13 52 54 77 50 67 85 93 26 41 95 67 78 4 65 68 77 68 51 35 69 40 55 4 26 19 75 43 27 91 20 78 19 56 72 64 94 79 46 23 83 2 36 62 83 63 47 34 15 76 20 74 90 98 98 91 21 2 43 99 89 3 14 84 66 77 15 81 88 48 16 21 7 39 12 63 57 92 21 52 6 32 2 93 22 0 47 45 77 74 31 34 15 13 12 39 33 97 37 28 93 69 98 11 100 26 48 38 10 65 67 14 53 49 36 100 44 65 91 70 46 40 9 57 3 46 42 74 31 55 98 53 84 90 29 69 27 3 29 27 76 7 98 57 83 62 40 6 52 59 67 28 10 12 38 38 13 42 70 48 23 29 71 74 4 36 51 87 47 36 64 22 36 49 39 93 40 92 18 1 60 1 13 78 64 34 16 5 37 25 38 71 100 34 96 79 16 95 48 7 14 81 36 56 81 21 81 97 9 70 66 41 97 28 81 54 99 73 10 17 90 14 49 78 81 50 47 28 8 6 84 98 59 84 67 17 16 53 82 15 71 33 11 93 19 95 73 15 59 58 13 84 69 33 99 86 10 70 66 27 77 80 17 29 12 66 99 20 45 8 36 13 78 74 50 74 67 84 4 56 92 72 97 79 37 65 77 16 40 39 99 23 20 43 43 82 96 94 94 89 11 100 11 96 30 85 55 100 10 20 65 56 59 100 70 41 89 61 67 7 79 36 23 12 37 61 0 2 43 89 34 13 61 90 53 60 69 1 99 10 4 2 85 9 83 8 74 64 14 75 92 79 7 16 78 50 3 74 0 94 46 71 37 72 66 34 14 73 13 59 0 48 11 72 29 2 83 51 26 87
13 51 26 13 100 84 4 18 73 76 23 19 88 6 64 91 65 8 96 77 60 33 7 77 20 85 92 42 82 49 20 74 35 79 73 65 17 4 25 97 73 21 14 21 43 91 63 72 71 46 66 44 80 75 33 67 0 41 11 80 81 28 41 63 2 38 27 87 58 70 78 34 34 91 53 59 99 82 19 42 16 74 62 59 40 60 50 70 58 39 35 0 87 50 11 44 92 71 73 100 8 29 56 4 95 34 87 3 1 37 34 55 25 28 79 47 53 86 97 9 83 90 71 78 82 70 85 25 30 83 14 39 59 92 70 26 74 77 76 36 91 60 93 13 92 26 89 59 56 65 71 54 100 99 54 25 22 19 15 81 16 56 21 19 15 65 31 14 76 30 90 27 49 0 70 40 16 96 8 33 29 75 21 53 69 74 53 25 1 39 48 45 2 48 29 64 10 59 58 35 46 5 10 9 76 86 97 0 73 48 59 90 9 88 12 67 25 86 46 6 29 64 20 100 19 12 17 100 61 66 23 99 26 35 63 20 31 85 11 71 60 91 61 46 69 30 16 4 43 95 89 49 31 34 95 83 28 73 61 49 31 26 12 54 69 55 39 18 7 5 32 10 13 73 37 38 28 74 21 26 42 67 88 2 40 28 84 42 66 26 59 41 89 11 9 93 78 17 51 20 48 6 87 98 30 8 20 100 28 5 93 22 50 65 54 92 3 95 21 82 58 92 30 79 62 79 16 17 82 48 4 40 13 30 46 69 3 28 51 39 58 78 79 75 74 68 40 90 64 81 45 42 74 32 73 82 28 53 31 51 57 83 10 30 3 64 27 99 67 12 5 61 50 34 47 34 95 57 35 19 22 11 16 95 5 55 58 25 54 16 34 93 37 74 78 23 25 12 91 92
37 70 14 92 55 24 62 65 6 26 60 87 93 92 98 76 58 59 58 52 46 40 46 91 3 57 20 7 11 4 15 43 61 48 90 87 91 23 39 69 28 52 68 73 76 70 3 28 2 61 41 74 19 80 97 61 58 49 64 20 43 53 12 31 44 65 86 64 5 15 5 49 10 27 68 5 93 70 57 10 26 49 65 47 20 90 28 45 99 32 88 13 65 98 8 10 40 30 42 59 65 72 60 62 82 5 65 43 74 52 99 6 79 17 84 53 11 66 58 43 81 63 17 85 46 82 49 93 72 48 64 4 89 82 82 47 88 95 83 45 29 64 21 72 67 59 33 53 23 37 85 9 84 60 15 57 84 14 39 20 70 75 32 85 67 4 63 80 83 4 83 41 30 13 34 85 39 32 68 31 44 6 2 85 60 93 35 3 30 98 2 92 78 94 75 28 42 25 98 4 79 52 35 70 85 70 37 67 21 83 10 60 66 44 64 87 23 37 36 40 30 92 68 44 36 10 35 49 27 42 94 90 0 16 83 88 45 71 23 74 10 31 18 77 97 0 64 53 75 7 62 70 97 21 47 19 77 91 82 1 87 100 28 89 45 67 85 12 52 66 68 17 82 76 39 8 1 68 58 66 32 39 61 54 72 68 68 7 46 32 36 2 1 72 91 10 54 55 20 82 49 12 61 74 26 26 75 97 37 86 39 60 93 74 85 54 48 16 71 74 28 10 84 45 44 91 70 27 70 11 79 77 46 35 62 95 74 23 96 93 4 67 98 77 61 46 99 63 28 55 83 57 38 26 21 11 72 9 75 21 31 17 27 32 90 66 2 50 90 14 70 32 60 43 19 77 14 89 94 37 7 57 43 13 20 61 3 16 90 45 4 55 47 81 35 51 71 59 20 40
62 82 51 5 26 62 91 91 66 7 61 77 37 31 80 54 45 85 77 34 20 84 56 64 65 86 47 20 14 21 71 2 28 99 86 18 11 21 43 36 50 30 1 45 74 27 30 80 56 18 23 49 12 57 33 14 18 8 100 71 68 32 65 46 72 76 4 94 23 65 6 98 38 54 59 13 28 2 59 35 31 71 91 99 10 63 33 34 13 80 23 86 4 22 14 95 68 34 10 83 15 59 26 75 82 7 50 57 28 40 99 40 61 69 96 35 82 11 37 67 81 53 92 48 83 5 70 4 82 11 100 21 71 4 96 58 26 49 66 63 4 2 35 35 1 35 75 98 54 93 54 19 61 49 80 83 64 15 8 78 54 57 17 71 41 31 18 92 84 72 89 18 62 30 82 14 94 7 28 11 29 17 4 54 93 2 53 9 30 51 25 31 45 50 6 0 26 19 86 55 64 60 37 55 9 85 99 28 65 65 40 63 22 95 15 97 75 92 5 21 37 67 91 2 71 6 78 6 100 77 80 18 73 49 23 77 16 4 72 99 77 15 11 9 32 83 21 37 64 18 91 46 27 33 29 30 36 8 7 61 46 13 78 66 7 32 66 91 44 62 58 48 95 94 86 83 12 30 41 38 16 33 38 60 35 27 23 53 9 21 23 7 78 56 68 32 98 92 96 83 99 29 39 91 98 74 22 15 23 31 51 31 88 68 62 48 58 99 19 100 42 43 63 77 43 4 71 30 5 47 21 14 35 27 72 27 77 67 27 42 45 77 46 45 88 7 67 1 8 19 72 94 67 8 54 87 46 62 74 83 30 85 80 16 26 26 30 20 26 100 61 0 57 57 2 15 84 22 36 11 15 46 87 1 44 22 100 12 40 11 88 77 47 44 97 64 43 94 19 46
14 97 65 52 39 17 75 8 74 61 78 86 94 42 72 3 59 73 30 34 74 78 85 15 6 42 90 7 57 55 62 60 71 16 2 84 90 31 60 7 64 41 75 6 70 16 19 35 54 92 1 24 35 60 54 13 4 8 16 40 11 19 100 14 72 15 56 63 32 26 2 26 25 8 44 31 48 13 9 0 79 65 62 32 46 24 43 96 11 87 29 32 5 61 81 76 13 60 24 70 85 4 85 7 56 43 51 71 8 18 59 6 89 44 95 38 52 97 46 73 4 84 18 7 2 38 72 88 26 80 75 9 14 86 11 65 28 37 4 67 74 26 91 26 78 85 87 67 58 90 88 61 87 31 54 68 37 74 92 34 47 55 19 56 61 0 44 45 37 4 67 62 15 63 98 37 90 5 33 46 58 43 85 23 1 17 26 18 54 62 1 99 42 18 42 53 48 44 83 76 42 35 63 86 4 18 44 77 33 75 34 62 32 29 8 74 55 0 62 21 12 3 35 80 45 76 21 75 30 30 100 57 21 32 83 97 64 11 40 89 74 9 93 40 31 14 80 9 96 12 48 2 0 54 37 31 100 18 65 12 99 87 92 86 25 15 56 69 21 39 52 36 2 92 23 23 82 83 81 57 4 56 54 2 1 23 5 34 52 56 82 9 47 7 18 66 33 46 8 42 11 11 72 70 28 29 89 46 24 89 64 21 20 35 74 50 68 44 53 78 59 32 80 63 22 70 56 31 36 21 4 65 34 24 26 53 29 68 100 8 81 43 98 8 71 64 58 67 11 85 74 97 62 8 4 73 74 58 5 19 65 10 90 26 67 18 78 85 86 55 42 23 68 8 84 8 98 52 37 33 47 9 7 96 10 44 6 85 2 9 80 35 37 72 11 21 86 49 13 40
48 12 73 48 34 69 18 40 88 57 87 46 32 20 83 65 83 43 32 35 72 19 95 81 42 77 40 91 69 69 2 72 94 28 76 19 77 94 72 0 35 61 87 80 7 90 71 64 30 17 44 16 56 94 90 99 3 27 19 96 71 99 89 84 17 18 19 97 96 8 69 2 49 25 89 100 23 72 30 92 25 35 67 43 29 20 93 88 1 5 87 75 9 70 8 61 53 18 61 80 12 58 99 45 58 96 59 35 68 35 100 58 52 36 91 50 8 20 72 100 43 21 51 63 78 8 8 35 12 73 64 18 21 70 45 24 61 58 8 4 85 49 51 61 63 43 24 19 5 82 8 26 69 16 69 23 76 71 81 88 55 2 90 48 94 23 5 11 44 98 26 5 83 90 39 72 1 83 23 54 92 21 13 18 83 84 86 37 71 23 11 10 31 47 57 58 55 4 42 100 7 7 13 53 23 85 6 8 5 56 44 9 79 74 4 18 26 83 1 90 97 83 38 19 42 76 84 57 26 60 84 86 31 15 46 34 61 76 87 27 28 29 70 82 78 47 7 50 12 87 1 8 44 34 21 100 15 38 81 35 32 98 47 19 47 14 83 10 15 38 33 22 4 97 91 83 72 7 98 14 74 31 86 10 57 54 45 96 54 92 38 32 55 90 99 50 81 80 36 20 59 66 25 87 7 51 31 88 75 79 87 26 93 19 49 25 85 29 90 59 8 75 61 26 8 19 70 22 6 23 77 56 4 9 20 32 70 47 51 2 100 83 17 56 44 54 31 92 15 78 62 69 23 99 47 1 32 87 54 90 32 79 54 67 27 18 42 31 6 71 9 58 39 62 54 88 76 45 28 56 22 10 3 64 59 35 69 80 22 62 84 2 47 59 11 50 6 29 70 21
96 24 83 88 30 53 7 43 23 32 40 95 19 63 80 63 8 55 56 30 12 38 74 37 37 78 100 22 35 0 16 75 66 21 25 52 57 33 87 57 14 81 75 47 60 98 48 46 29 21 26 9 99 43 1 99 48 41 49 57 80 22 40 17 7 40 32 62 49 12 11 97 63 75 2 6 36 89 78 54 8 54 41 26 17 90 74 34 23 11 8 38 100 45 83 93 100 89 94 67 75 71 34 93 52 67 64 44 45 94 37 78 19 77 62 16 24 95 29 74 16 64 49 40 74 80 83 89 64 46 67 6 19 13 64 87 38 90 6 34 94 81 28 24 50 12 89 21 94 85 20 26 82 91 79 21 13 5 82 46 82 41 83 32 67 74 50 76 15 70 69 82 99 34 95 19 6 23 4 15 36 8 48 63 12 23 28 65 33 43 3 8 47 31 93 37 76 34 63 84 77 98 97 52 61 28 58 3 81 73 30 9 14 58 46 48 24 3 11 0 25 81 18 90 85 97 40 12 81 88 2 97 23 7 81 89 30 0 22 59 2 85 50 93 76 11 51 20 98 32 49 100 96 70 84 22 63 76 78 37 7 55 47 89 20 89 99 40 65 60 87 74 83 14 61 89 83 78 13 100 89 6 100 59 10 32 39 50 65 88 42 64 4 100 50 99 75 88 48 89 74 29 50 3 16 85 60 59 35 96 72 40 50 77 63 21 52 51 55 76 41 69 2 54 60 50 61 61 91 46 93 24 58 61 39 5 74 22 18 48 37 36 81 41 32 73 47 87 84 10 80 21 99 83 63 86 11 63 79 86 50 51 58 37 43 23 7 17 100 3 72 6 57 86 90 17 2 87 72 71 28 87 85 0 27 1 27 24 84 71 74 48 0 90 26 75 20 47 93 66
37 90 18 83 14 55 59 75 17 58 57 82 84 65 16 85 62 15 71 72 63 69 84 87 45 70 52 43 58 36 36 38 9 45 69 61 26 8 0 64 42 72 98 62 13 74 53 99 19 14 88 22 85 34 88 15 71 92 47 10 13 9 60 92 86 26 81 25 17 79 11 39 41 90 38 0 38 6 32 46 86 20 84 3 44 35 1 80 40 45 82 3 99 4 48 81 70 31 99 75 36 76 49 46 29 94 10 8 55 71 69 96 66 35 93 13 85 50 52 17 48 7 36 84 18 59 75 20 25 91 33 93 5 32 86 26 92 12 11 22 44 75 8 97 72 96 59 37 75 53 49 15 28 26 78 80 8 10 50 47 27 26 41 96 17 79 92 88 63 39 68 55 34 90 7 67 71 27 96 17 15 16 18 10 71 9 41 72 63 80 81 41 63 32 51 68 90 44 73 94 39 50 2 59 92 50 95 27 38 5 87 45 73 17 4 43 56 37 41 37 99 2 26 36 86 35 90 41 62 52 41 61 5 67 0 68 74 43 54 9 46 52 79 54 60 52 87 58 36 77 79 47 13 73 11 88 95 83 36 64 47 18 14 53 30 94 72 40 75 17 7 1 41 61 23 89 2 44 21 23 100 30 76 75 3 99 28 90 81 45 23 90 46 35 37 58 79 68 41 44 90 0 20 61 9 37 26 52 68 91 98 37 29 26 10 76 50 96 42 55 77 44 2 65 10 93 79 98 53 14 18 9 24 98 46 0 13 35 17 40 64 6 35 24 97 48 91 51 33 24 70 6 18 57 51 54 41 25 1 88 1 0 14 9 32 10 78 13 73 15 57 19 77 31 70 68 42 10 65 27 37 88 77 66 22 67 30 0 11 43 31 45 1 30 74 3 98 43 0 40
2 70 71 19 64 48 46 76 82 76 2 37 57 28 90 18 56 97 60 43 12 26 22 11 55 55 71 2 7 72 27 11 43 59 57 31 18 63 25 69 16 10 83 76 100 33 99 5 18 59 30 89 80 92 43 9 1 21 56 51 24 6 1 69 20 70 20 12 41 91 84 71 36 42 2 83 29 54 80 39 91 98 76 47 66 22 23 10 35 95 31 89 40 51 42 13 32 67 29 66 75 36 100 7 29 60 24 74 44 80 33 66 65 87 79 77 84 68 98 0 39 70 40 20 59 83 15 77 56 76 52 13 1 72 90 33 72 54 100 67 98 47 83 69 65 91 20 81 27 61 98 15 58 73 55 84 8 56 81 24 15 5 84 70 69 18 35 27 82 16 79 6 15 2 18 90 39 47 66 66 48 35 70 80 22 93 0 42 14 45 27 25 84 52 20 21 34 51 23 93 48 55 91 98 94 31 38 100 34 15 32 12 6 22 81 41 78 70 20 76 67 34 74 74 39 93 13 20 43 71 34 61 99 56 6 33 27 84 17 46 88 24 89 70 99 38 83 59 40 36 55 91 19 29 71 30 96 19 54 80 85 35 74 86 87 30 34 1 20 43 46 12 13 55 46 61 80 41 46 68 58 1 43 6 90 13 43 41 57 97 70 81 25 91 28 25 41 78 55 51 100 59 46 61 87 11 60 83 88 49 21 39 79 19 53 98 14 89 69 53 68 9 82 48 10 17 72 79 14 88 66 64 67 56 51 45 48 99 70 97 14 80 90 55 61 6 68 88 23 50 32 14 72 93 92 98 62 11 38 73 89 10 93 5 39 26 32 87 95 59 48 80 32 54 72 88 87 96 82 86 96 48 67 59 88 98 76 79 93 2 71 30 14 89 1 17 3 49 46 9
83 49 25 30 48 54 88 71 22 27 46 89 83 97 38 27 19 94 31 75 93 72 48 28 91 35 85 87 50 51 69 17 14 83 5 91 67 30 75 89 25 3 95 71 65 21 38 51 55 51 61 100 61 93 36 32 0 86 41 9 77 50 37 21 54 26 9 21 64 24 57 65 18 68 86 47 100 11 1 27 34 83 74 76 20 12 13 13 99 24 71 65 23 87 57 73 55 50 78 17 84 66 36 52 83 30 21 21 7 20 31 36 42 47 41 7 90 6 27 1 50 21 79 48 73 46 88 19 13 9 15 47 63 12 33 83 76 26 54 80 6 87 90 11 73 15 95 13 69 36 83 33 95 16 62 37 21 35 37 81 46 77 64 78 23 76 51 11 80 94 51 100 22 27 66 68 67 73 78 69 35 60 47 6 17 31 81 65 41 57 28 18 36 39 7 64 83 38 13 43 99 62 39 96 32 36 100 17 88 20 8 34 27 29 35 4 12 94 94 52 58 85 92 78 51 61 55 5 21 21 5 20 71 44 89 81 11 69 23 18 25 26 12 98 89 35 27 38 47 39 86 33 73 99 82 44 31 29 96 48 13 77 34 40 77 13 4 91 41 38 93 1 42 25 22 66 23 94 47 94 39 20 73 65 35 91 52 77 49 31 20 53 31 49 22 35 42 83 45 36 62 58 97 93 80 72 27 25 64 74 85 80 100 96 3 1 36 51 99 32 0 11 35 7 6 8 64 3 84 96 25 74 22 79 80 23 46 15 71 24 52 46 38 26 15 80 41 60 37 53 2 43 26 59 5 74 94 26 73 45 85 7 67 88 95 57 30 61 83 82 21 32 27 25 15 59 23 63 11 75 27 87 85 97 50 60 64 64 0 91 95 15 34 15 35 22 64 40 15 7
54 88 48 59 84 79 86 80 62 13 95 73 77 55 38 12 20 72 29 25 60 66 45 14 38 41 36 24 71 61 22 67 79 100 56 46 60 4 84 85 39 72 55 62 3 27 61 17 8 1 61 82 89 70 21 50 35 83 79 28 74 10 15 54 99 24 27 22 4 2 84 51 19 66 6 62 21 66 12 84 48 46 57 57 91 73 31 17 28 86 100 10 98 89 34 12 7 61 89 17 99 42 98 19 92 59 95 26 19 74 75 43 27 50 85 28 91 80 28 56 39 22 37 50 15 100 25 82 69 32 34 63 65 78 75 77 31 7 22 100 73 59 15 31 23 6 60 68 92 63 49 3 40 64 78 100 65 69 51 78 78 90 67 16 98 62 45 39 10 18 64 48 73 2 98 56 34 81 67 27 88 90 4 41 86 32 64 62 62 80 3 82 32 13 94 82 5 91 60 18 75 83 14 59 10 22 27 78 22 97 45 87 50 15 38 94 34 87 24 38 28 46 6 17 42 50 81 53 92 11 9 18 89 22 7 56 67 0 84 76 85 98 12 82 34 55 39 88 20 31 79 82 52 44 56 21 54 53 96 64 46 75 36 84 44 93 20 93 9 0 84 8 25 66 34 83 76 67 7 29 3 50 63 49 56 70 100 93 53 88 82 100 87 56 50 85 97 52 42 77 54 57 91 37 95 14 95 97 50 84 38 47 20 37 66 44 25 59 99 95 8 32 97 87 59 67 46 56 78 26 52 62 25 8 97 9 29 85 41 77 85 28 44 3 18 5 89 66 4 6 52 23 74 71 10 59 79 41 29 0 75 70 87 79 10 6 62 93 36 64 88 78 64 57 80 60 53 75 36 93 70 65 42 93 99 34 37 33 74 88 67 57 77 59 68 73 81 52 88 33
75 71 92 16 82 2 67 66 8 93 0 20 21 87 95 61 4 67 54 26 92 45 35 100 97 84 4 48 36 50 59 57 64 90 4 22 89 92 25 11 27 22 81 3 77 76 83 35 10 20 87 92 61 54 26 17 20 78 24 95 65 38 21 92 42 10 5 62 39 98 28 56 66 18 65 13 88 73 1 58 71 39 33 37 86 63 98 94 19 54 91 63 88 47 3 55 79 64 93 47 76 47 24 92 96 14 14 0 79 39 1 55 38 41 20 80 14 52 44 20 49 92 14 38 18 19 65 7 64 27 74 89 15 70 86 21 20 78 71 17 83 72 4 90 45 97 4 33 76 14 95 71 75 43 73 47 18 46 76 90 0 36 59 68 75 43 38 15 4 53 46 6 75 37 87 98 22 55 44 96 94 97 34 11 86 59 97 65 59 71 25 20 79 61 29 90 38 16 53 20 58 91 90 64 26 56 87 19 84 48 45 71 90 9 58 41 26 36 46 37 79 37 38 4 42 45 65 60 34 41 16 89 20 14 94 17 71 76 29 37 84 9 89 4 91 47 86 2 52 48 76 45 23 83 68 9 87 64 68 22 98 29 55 30 27 31 54 22 26 2 69 53 70 21 82 80 7 20 10 84 31 9 48 3 95 91 42 54 17 78 14 77 68 62 40 18 5 91 73 98 80 89 66 62 94 75 20 71 80 75 28 54 9 23 95 19 62 67 38 80 84 58 21 92 92 42 85 48 68 66 50 14 45 47 25 54 36 84 56 12 4 92 74 25 45 94 57 20 49 53 16 83 63 7 71 50 16 6 17 61 63 5 96 13 60 73 88 64 25 15 28 78 99 92 45 70 30 56 63 86 40 46 24 86 21 42 55 54 3 83 31 57 3 48 60 11 56 82 25 1
76 17 17 37 65 99 10 98 80 22 4 69 63 4 55 99 14 15 65 22 51 10 39 12 15 98 63 4 81 79 11 55 87 31 40 34 18 74 35 96 52 5 50 18 14 21 81 92 58 6 5 71 3 44 18 73 90 85 62 88 7 92 2 4 99 73 57 7 44 35 97 38 100 45 54 17 1 90 89 28 85 13 92 79 34 20 19 58 93 74 19 30 34 98 56 56 43 96 96 6 46 69 98 4 37 82 86 57 23 28 47 0 39 2 71 13 34 70 29 14 84 24 8 91 84 10 15 10 39 78 99 93 29 19 62 16 61 44 81 95 80 26 91 36 79 53 9 73 77 73 27 53 55 64 30 73 42 41 84 20 77 37 28 72 43 0 10 16 87 22 85 75 37 27 59 18 88 59 59 16 97 32 2 31 86 24 72 27 0 65 60 64 35 66 53 95 24 34 50 96 37 63 84 49 45 17 44 41 3 63 40 94 36 79 47 36 12 92 53 82 17 63 47 71 30 88 22 44 92 78 16 39 48 66 71 36 17 95 70 61 43 12 85 89 39 1 77 62 75 24 95 0 92 52 96 68 26 83 47 8 27 40 76 84 98 20 18 17 27 15 16 72 94 95 54 67 8 93 91 39 16 52 62 46 90 81 25 79 24 98 4 96 93 26 4 36 99 61 53 68 59 76 85 74 49 21 56 49 48 37 68 13 28 77 31 14 0 26 63 15 67 38 31 13 96 60 4 38 46 25 25 31 64 55 55 83 54 98 38 54 46 66 34 55 52 3 62 93 27 77 63 49 8 64 39 12 59 39 96 3 38 92 9 27 40 90 71 73 91 98 72 23 3 64 63 93 49 98 7 75 76 97 12 72 98 43 90 81 27 63 43 64 41 60 45 73 80 88 3 16
55 42 17 37 77 0 82 17 99 18 15 13 48 49 16 85 82 74 93 59 91 39 72 62 25 72 48 79 85 31 75 9 25 57 90 77 64 17 58 48 2 69 60 65 100 36 60 16 84 97 24 11 20 5 67 14 43 34 19 28 79 49 46 25 93 10 39 15 94 14 46 69 92 83 62 8 14 46 9 7 1 46 61 15 22 32 34 12 74 21 0 77 66 19 46 51 81 98 84 100 63 73 42 58 92 57 52 86 38 97 75 80 37 36 84 43 56 50 2 86 27 52 92 71 31 20 63 72 95 50 18 19 98 42 89 92 69 39 15 59 7 4 98 75 34 17 83 75 2 91 90 72 23 43 31 70 54 20 16 1 9 21 37 19 80 20 15 49 10 33 13 23 61 38 57 90 64 72 63 7 54 18 79 11 9 12 28 56 71 91 63 93 90 15 80 16 23 66 29 8 99 56 77 50 68 33 28 35 96 71 11 81 31 77 52 72 47 65 58 58 0 42 81 61 19 56 59 56 52 90 27 80 14 12 10 56 27 83 85 55 95 78 76 67 91 29 2 49 26 60 19 93 44 22 75 21 20 59 88 16 9 48 73 96 56 38 17 55 1 24 48 84 28 63 70 96 13 49 93 61 81 100 31 94 79 50 33 79 83 96 49 7 37 98 91 99 50 61 68 87 31 38 26 18 52 63 35 81 69 90 59 75 68 10 88 11 24 90 100 59 53 36 58 17 23 64 68 43 40 68 4 74 24 100 36 95 59 87 5 9 74 24 42 1 80 11 41 17 0 46 2 30 58 15 42 38 60 83 22 6 46 13 84 70 53 59 82 52 62 79 39 34 100 79 21 12 17 70 92 100 76 9 72 95 42 58 91 83 95 81 37 16 57 35 93 19 21 29 66 83
36 25 64 22 15 18 2 32 84 79 61 65 24 74 4 51 72 53 80 39 22 99 45 24 43 46 34 32 8 98 60 100 5 10 43 34 88 63 73 62 74 54 27 68 82 11 13 46 92 56 97 42 7 26 19 92 64 15 47 79 47 25 39 8 37 84 62 76 7 0 67 57 97 95 36 52 36 1 30 87 25 75 15 20 62 91 45 13 99 99 77 89 65 76 83 37 14 70 47 63 43 35 0 81 99 95 30 29 87 4 23 72 66 23 4 32 92 34 2 72 81 85 49 34 64 24 43 20 46 29 70 1 5 54 12 44 89 98 27 61 60 37 29 72 78 69 20 4 93 17 90 34 42 100 17 75 92 49 64 53 59 32 34 97 57 43 31 20 38 39 71 27 23 55 56 68 3 46 82 36 8 11 84 95 68 43 51 13 75 12 1 88 36 38 37 7 83 72 3 34 69 15 100 37 46 92 12 33 52 28 63 43 86 43 25 87 33 65 81 81 22 56 68 44 37 62 19 19 49 10 93 45 62 21 85 48 55 52 78 83 43 18 35 17 98 1 23 95 74 42 50 3 10 56 32 66 64 48 15 63 20 57 65 9 33 29 7 76 1 76 82 37 13 31 77 74 70 100 12 65 37 98 94 46 97 87 23 93 38 5 34 63 38 46 60 69 88 97 2 73 93 80 52 43 31 83 42 34 100 0 95 38 66 79 100 49 16 76 51 19 36 75 19 11 85 78 94 91 89 79 11 48 0 36 14 52 82 34 45 24 95 86 49 19 64 19 50 0 39 83 27 27 12 15 94 10 92 65 93 93 31 44 54 5 57 75 82 65 13 29 93 95 62 24 46 42 35 28 11 88 29 42 63 14 90 29 34 12 6 95 90 93 12 71 49 23 54 89 15 12
96 53 29 36 55 31 62 42 35 90 99 24 73 93 28 69 6 87 41 84 30 73 34 27 51 80 57 20 69 28 6 67 42 95 27 87 30 3 64 53 15 28 29 9 74 18 60 78 85 35 71 100 84 78 71 73 61 89 82 55 70 35 76 4 32 27 80 47 98 93 5 36 37 53 31 18 20 15 52 80 5 99 53 30 51 100 33 69 32 85 35 11 14 2 27 91 0 6 93 29 49 16 10 66 26 42 27 76 97 26 69 20 90 54 42 5 29 23 46 90 5 66 59 5 64 39 51 90 13 82 65 71 2 23 14 79 22 42 84 76 59 0 8 13 7 37 30 97 53 27 53 9 85 83 73 55 69 65 38 0 24 51 3 87 53 70 93 16 26 65 3 37 46 26 54 10 20 34 8 90 75 99 85 30 50 43 54 87 22 52 16 48 91 90 19 64 43 2 36 54 33 98 64 10 94 91 63 78 84 8 65 88 5 33 90 39 1 5 32 89 59 83 5 27 36 31 34 8 5 64 54 32 18 12 99 65 88 35 58 54 97 13 35 12 87 65 87 34 9 86 17 40 18 59 83 7 98 45 65 99 1 19 22 14 41 88 39 46 79 3 57 28 25 83 95 61 82 82 29 51 71 51 26 54 6 99 1 88 75 44 87 11 27 59 64 63 45 85 18 24 87 71 14 72 33 57 3 75 48 62 58 51 74 89 94 15 83 27 80 86 55 6 78 94 53 80 21 59 70 16 93 68 79 13 51 25 23 2 6 24 22 25 51 65 23 87 57 70 93 89 33 73 71 44 86 43 26 2 98 99 77 28 3 32 20 24 31 85 38 46 43 43 22 24 75 42 91 68 5 34 34 74 45 71 41 16 31 50 64 73 48 62 60 14 29 10 96 30 74 97
62 69 10 33 23 73 51 39 77 29 85 96 21 100 46 92 5 100 58 90 39 48 48 68 30 47 0 82 62 90 33 39 84 37 36 58 4 29 66 33 69 34 33 93 40 43 67 83 85 66 2 17 20 100 88 86 22 15 51 73 38 62 86 4 33 100 93 72 30 74 75 89 46 59 92 81 93 15 19 94 16 72 53 47 7 25 5 90 79 66 2 22 56 6 76 46 37 36 75 78 25 33 23 1 17 8 33 48 86 86 24 80 6 71 58 30 74 2 95 82 17 57 38 17 12 59 30 40 72 33 52 38 2 94 9 37 59 32 41 35 3 97 82 8 38 45 42 88 33 65 62 16 56 76 29 99 93 8 93 47 32 57 65 99 19 10 74 38 28 60 69 48 75 6 18 58 80 64 48 60 2 24 2 11 95 6 32 71 56 82 5 13 90 27 7 62 26 62 94 3 47 0 41 54 11 43 92 82 46 72 86 67 82 78 14 35 7 78 100 75 97 16 88 54 36 36 89 83 42 57 0 66 63 18 63 78 76 96 96 6 39 31 51 91 61 55 53 66 68 38 48 59 18 45 29 53 11 13 54 23 50 50 85 30 32 22 81 98 90 10 35 50 25 15 34 96 71 75 42 53 90 77 20 13 0 5 5 57 98 42 100 37 76 92 58 52 7 56 73 90 97 18 23 92 20 30 11 72 11 86 3 11 18 53 52 40 55 77 38 42 62 76 10 94 84 41 40 83 7 12 34 71 26 42 59 83 11 40 6 55 87 35 79 76 87 81 59 32 100 50 23 36 17 2 85 42 27 97 59 87 98 64 27 78 15 71 95 68 52 41 39 74 13 52 70 25 9 68 17 54 66 60 42 73 80 60 33 1 2 13 40 74 60 58 0 81 60 61 51 96
59 49 33 46 15 23 16 49 39 73 57 64 28 54 10 76 25 37 61 58 24 28 30 60 6 64 72 37 9 89 67 17 58 78 39 17 58 36 89 7 42 4 98 33 60 67 18 6 93 59 71 20 100 56 30 32 62 17 82 29 96 10 1 41 66 61 90 74 7 31 82 74 21 87 40 46 6 64 64 34 69 87 17 16 46 43 93 34 29 10 23 41 78 32 38 64 3 78 84 69 64 0 78 13 34 20 11 85 49 64 74 29 38 40 84 75 30 75 28 63 62 70 25 85 32 76 92 23 67 46 48 69 43 98 58 64 5 34 73 77 25 98 11 10 32 85 83 48 4 0 84 97 29 43 61 6 53 79 12 33 16 65 44 44 3 90 78 22 83 79 49 35 22 96 43 2 37 40 7 35 61 58 27 54 42 0 80 31 65 82 6 1 45 100 62 0 42 49 11 44 5 17 68 9 94 66 61 84 44 98 58 24 86 7 93 28 24 6 79 83 33 53 67 29 71 39 84 13 64 78 63 12 30 14 75 53 2 81 99 94 54 7 24 35 88 15 58 18 80 58 15 8 9 70 64 13 98 9 42 29 7 12 43 84 4 13 71 20 22 89 9 35 19 97 10 42 70 60 83 78 7 42 56 27 33 66 32 47 78 32 11 26 79 64 4 44 55 36 78 60 19 27 94 50 9 18 70 37 34 77 2 16 78 14 23 72 78 20 0 2 14 48 95 25 38 62 88 9 84 45 42 95 3 4 28 84 77 5 79 30 58 10 95 14 44 100 16 37 57 1 71 42 37 51 28 16 84 96 7 40 80 26 52 56 30 48 72 11 87 54 53 95 50 28 82 92 57 13 54 43 0 62 68 9 77 53 32 100 42 11 18 31 95 48 63 66 23 16 22 85
68 76 19 58 64 32 68 21 27 91 91 48 41 92 33 69 20 75 62 55 16 96 52 55 86 35 62 21 98 90 86 90 97 41 34 66 41 25 71 38 44 9 27 32 71 46 45 32 59 30 62 57 20 23 90 98 99 27 29 34 35 55 15 1 83 89 74 61 29 69 93 0 74 47 22 86 76 8 73 53 61 73 58 22 31 58 54 47 18 69 49 3 16 38 12 98 35 66 99 28 76 92 46 100 10 25 68 73 76 8 61 23 26 92 27 45 53 65 7 82 27 31 85 93 91 85 33 71 57 83 56 68 78 27 22 55 16 63 4 55 97 14 43 65 4 3 60 33 39 35 17 25 10 61 89 81 75 92 62 59 56 22 0 52 41 62 78 23 37 44 40 97 23 49 74 82 42 97 15 70 28 40 52 73 64 63 73 1 72 26 99 48 35 26 48 65 73 88 82 94 66 86 81 81 63 63 53 29 56 4 79 33 88 98 21 28 71 41 47 58 70 32 57 14 85 97 50 42 48 99 76 47 9 82 56 45 8 46 38 96 49 56 85 8 29 16 54 16 23 33 76 64 80 84 52 71 57 88 82 11 22 56 89 98 79 86 11 39 91 41 13 5 19 27 24 2 88 25 97 4 65 79 92 40 53 37 63 42 1 72 50 76 9 85 95 70 11 53 59 56 37 85 47 86 1 7 67 92 86 14 48 46 86 17 59 1 9 47 37 55 88 15 0 81 72 88 16 11 75 23 26 47 21 73 56 63 38 100 82 18 42 92 100 74 44 15 80 60 8 54 97 28 20 72 25 70 99 28 73 66 18 84 54 54 38 39 81 2 82 6 23 100 50 92 85 63 75 28 71 54 30 83 75 6 77 14 63 75 74 32 33 51 99 56 60 64 4 26 21 12
58 64 39 81 38 23 8 10 37 36 34 76 50 85 57 61 90 57 78 20 100 17 67 47 59 83 40 31 94 25 90 27 43 95 60 2 71 42 89 30 78 91 57 88 66 32 61 74 60 9 77 36 36 90 50 100 39 82 100 88 76 44 31 3 39 42 86 87 81 20 54 11 89 80 19 22 36 17 84 16 35 90 59 73 60 51 91 26 28 76 22 45 69 59 24 88 66 27 91 62 54 57 32 4 16 24 85 12 71 36 6 86 29 98 57 95 20 21 89 8 75 41 53 50 0 75 14 58 99 57 21 15 13 66 97 66 20 61 99 87 15 79 3 42 99 29 10 81 71 99 73 39 2 40 65 6 83 21 60 20 79 71 21 49 44 66 20 47 34 43 98 9 92 48 0 84 82 18 23 11 34 31 49 8 9 31 60 12 0 5 38 93 22 19 89 73 15 85 17 70 10 66 83 45 56 25 61 9 40 100 10 97 60 40 31 94 68 44 84 78 94 45 61 65 52 90 68 95 82 75 66 82 55 73 90 99 25 20 94 97 61 51 1 4 94 41 59 31 97 9 89 69 91 73 88 65 29 15 47 64 39 33 70 45 83 78 38 15 29 63 3 68 68 60 57 77 82 52 7 92 27 67 14 67 15 71 23 11 91 56 2 40 7 79 54 74 61 23 0 40 93 49 36 45 86 47 51 9 2 4 70 20 65 47 44 22 3 55 41 38 61 94 87 22 69 58 7 86 83 69 40 30 22 4 36 77 31 57 35 32 39 0 68 97 40 75 3 19 61 35 20 94 94 16 60 25 69 16 29 58 67 52 52 51 44 57 37 61 43 59 92 64 24 69 50 99 55 56 39 32 10 66 82 100 25 2 3 47 50 47 65 69 3 45 16 72 6 79 80 95
97 13 4 11 47 36 100 15 40 100 64 75 76 88 93 75 87 24 56 93 73 87 42 51 57 67 23 3 32 0 18 76 15 65 82 97 7 29 51 35 11 67 50 100 10 11 56 77 95 17 45 8 24 1 67 32 58 51 6 57 4 54 0 73 84 46 73 13 48 89 86 2 77 5 10 58 81 8 77 71 25 8 1 59 74 99 12 89 97 4 70 85 96 64 8 48 29 6 79 30 13 76 49 32 5 21 9 17 69 71 85 91 78 41 58 55 74 21 33 46 24 99 93 3 10 47 64 67 46 67 88 66 10 67 19 79 70 68 57 80 53 1 45 78 47 0 88 34 75 40 82 33 19 74 16 44 51 30 9 61 2 21 52 72 89 78 63 68 13 5 18 39 96 51 92 2 70 1 10 88 36 93 66 90 46 57 63 91 68 57 67 61 69 95 4 72 27 59 35 74 16 67 70 1 43 87 39 57 88 27 99 81 100 61 11 46 23 55 67 41 88 53 86 61 20 18 43 81 33 76 24 17 22 33 11 75 5 98 89 7 73 88 50 18 94 30 77 40 45 36 69 28 71 65 72 33 32 98 16 62 8 26 17 24 19 81 34 76 31 4 46 77 65 6 29 65 62 68 79 49 67 74 74 87 97 9 12 90 94 23 45 76 95 89 91 95 74 62 27 72 79 21 67 36 73 57 11 30 17 87 76 41 64 12 31 88 0 90 27 60 30 27 66 0 35 45 39 4 23 26 75 25 69 32 60 47 18 90 74 8 64 94 83 36 81 33 44 44 11 70 3 44 76 9 30 23 30 57 88 43 78 92 6 16 61 56 13 91 24 59 58 18 6 47 44 97 42 23 21 54 32 35 9 24 27 49 55 85 98 92 3 72 41 49 4 68 96 1 40 57
5 69 7 96 87 42 71 26 48 85 46 48 5 100 41 79 59 100 63 97 6 14 58 24 70 90 89 21 88 97 19 16 78 63 48 67 32 6 64 68 56 84 15 74 13 32 32 93 22 10 93 15 0 45 87 46 94 34 12 59 75 82 69 0 66 7 99 40 73 0 48 13 98 98 23 36 50 37 81 36 93 49 37 76 6 100 8 18 51 3 74 40 14 57 46 9 16 71 14 8 11 30 50 87 24 56 64 77 76 6 39 31 73 18 90 75 35 43 26 50 11 85 76 9 40 72 72 16 8 11 26 58 33 64 58 43 69 21 51 97 54 67 35 51 29 15 20 35 56 80 35 35 37 62 69 54 49 25 76 91 23 85 56 46 23 86 25 3 12 10 20 18 44 7 4 34 70 32 57 86 88 40 89 36 21 47 23 12 76 98 71 89 83 86 77 100 0 18 92 6 11 48 45 52 24 62 47 94 16 28 70 55 49 24 74 1 92 59 58 12 8 42 97 89 16 43 44 78 96 57 34 42 97 36 36 24 12 58 18 73 90 45 92 93 10 17 14 71 90 3 34 34 65 53 18 21 92 80 28 28 31 25 68 30 53 7 66 1 37 66 42 72 100 47 51 9 100 96 73 53 58 67 96 79 53 19 70 10 74 70 78 24 53 58 77 27 25 60 69 80 47 68 98 59 80 74 32 66 64 84 69 19 77 17 53 88 39 10 60 50 97 24 75 67 61 73 36 68 86 22 69 2 97 8 88 57 0 37 0 36 34 46 25 66 71 43 40 62 66 42 54 32 35 15 70 16 67 24 19 58 93 98 79 99 17 31 13 23 4 49 71 53 30 37 98 33 63 0 92 46 57 4 19 58 66 13 17 0 92 57 4 39 84 74 61 65 47 12 80 8
96 66 88 86 75 22 100 24 59 65 13 31 96 35 95 42 54 5 66 70 98 68 98 54 56 62 82 89 77 38 65 81 45 62 6 38 91 18 55 17 61 56 86 16 90 92 64 3 40 46 13 52 16 81 55 71 88 57 84 88 39 98 91 23 17 41 52 13 13 23 77 82 76 16 51 17 22 98 96 61 80 42 72 34 46 50 20 96 85 23 79 42 99 91 86 29 20 80 40 25 91 12 33 75 23 91 93 39 30 13 88 26 92 89 28 36 67 88 34 50 7 34 87 87 46 22 48 95 97 89 42 12 15 84 64 46 0 88 93 29 42 65 26 96 12 18 54 24 20 0 29 18 36 74 91 57 8 60 99 69 58 53 17 59 12 39 5 52 31 88 55 84 68 31 52 28 8 74 21 17 64 31 22 15 39 61 42 39 97 24 8 92 57 91 41 39 39 67 95 81 87 1 21 68 79 23 76 51 31 23 43 9 23 51 6 82 37 30 94 73 48 10 95 9 33 68 89 62 41 80 51 39 56 24 55 28 7 84 2 19 40 86 99 8 84 35 58 11 51 60 95 75 44 29 85 22 20 68 28 11 95 35 39 35 0 19 92 77 100 38 28 50 82 90 36 87 71 53 71 87 44 86 49 74 34 44 4 62 10 20 70 72 80 29 16 76 97 28 53 31 5 64 57 66 51 2 88 35 97 29 10 26 20 57 20 83 84 60 84 64 9 78 44 53 76 9 2 100 41 61 5 53 97 10 20 85 39 62 81 53 11 39 76 58 82 90 17 40 61 78 11 89 69 36 34 42 80 77 92 55 36 37 52 66 95 7 81 64 55 79 48 0 93 32 78 55 13 77 64 93 39 9 20 29 2 61 72 88 84 13 94 0 43 25 17 68 98 72 0 58
27 44 56 76 37 41 19 55 74 11 72 2 18 96 14 42 45 29 100 23 41 29 39 97 74 72 59 7 10 21 97 78 89 7 88 86 74 43 47 46 60 23 85 2 20 30 20 17 85 96 31 31 69 43 97 81 4 98 5 94 33 100 59 4 84 64 34 12 86 25 53 5 45 30 62 25 80 22 5 12 28 27 21 98 4 15 44 22 16 22 98 85 8 79 76 7 77 34 40 22 24 32 97 5 7 35 10 23 54 74 31 85 82 4 1 0 92 56 98 75 14 67 23 27 100 86 47 53 20 93 42 95 56 58 82 4 21 25 50 76 58 26 70 54 26 35 98 10 61 18 34 92 95 0 84 14 56 81 21 91 15 65 21 24 63 99 17 56 54 73 46 26 98 52 96 1 23 8 58 26 87 17 28 9 28 42 41 60 24 58 30 76 6 87 41 33 39 80 55 4 89 66 70 98 14 51 47 49 4 17 6 83 79 80 15 37 70 27 31 88 62 100 50 78 95 39 97 51 51 17 53 68 11 27 28 68 30 16 34 77 92 5 68 67 84 58 52 86 36 3 91 32 30 69 79 41 14 11 73 59 91 25 32 24 52 74 28 91 50 58 89 39 100 83 55 33 30 96 32 53 17 47 36 9 62 7 22 50 13 32 81 6 29 15 38 91 40 4 25 15 11 17 34 54 94 79 2 34 4 33 95 86 42 45 89 38 56 77 16 5 45 49 88 48 94 10 49 30 64 58 24 50 33 92 84 18 63 74 91 28 71 77 63 29 5 42 18 41 40 83 92 17 61 44 41 49 0 40 34 47 41 57 17 34 38 94 71 16 18 49 15 10 99 91 32 11 22 46 78 2 89 5 37 35 50 31 49 94 78 63 31 30 3 27 55 96 62 4 49 62
5 87 8 32 44 71 24 15 65 62 12 11 28 30 36 4 12 36 86 76 77 48 73 4 73 26 36 68 90 76 7 62 7 20 33 1 91 21 89 69 0 78 61 59 54 7 30 6 36 52 52 51 34 55 60 40 86 75 15 51 23 14 56 40 59 31 4 46 35 3 20 46 64 88 84 0 64 72 55 47 93 34 50 6 59 62 60 2 100 92 10 21 33 48 31 68 88 74 14 100 15 80 79 43 58 8 31 90 65 95 99 38 4 70 68 93 29 58 8 63 9 94 59 21 87 52 14 39 20 87 6 63 99 71 40 11 24 38 47 83 99 52 97 42 55 7 22 16 83 91 17 0 92 46 30 22 57 7 51 89 36 7 71 57 74 67 49 85 45 67 35 53 78 50 61 16 72 22 4 0 52 79 30 82 55 40 10 18 79 82 37 27 69 39 75 5 20 15 45 62 93 41 58 4 45 17 96 84 6 96 78 22 10 73 2 14 38 47 51 0 22 62 37 74 97 37 7 1 97 18 99 10 51 75 15 24 36 60 11 40 93 36 88 58 11 27 4 24 5 53 12 97 14 24 80 34 92 88 84 50 52 6 62 5 65 72 59 9 66 35 98 20 89 71 60 54 7 52 25 8 62 17 97 77 4 80 87 44 70 19 86 38 64 94 9 2 89 29 54 80 10 2 81 46 90 1 55 24 90 50 68 17 83 88 16 49 59 10 94 100 76 92 49 37 27 24 85 35 52 65 33 85 44 80 47 92 2 51 81 3 36 89 37 36 23 30 37 57 70 24 90 23 47 9 60 9 35 55 77 76 78 72 36 86 9 37 85 46 22 74 85 67 68 90 99 2 55 60 21 10 88 96 67 90 34 82 26 26 43 9 62 0 67 85 51 30 83 94 12 32
23 84 59 24 62 64 96 89 91 76 26 48 81 40 22 54 65 41 97 98 7 43 49 85 9 72 74 73 33 100 13 51 25 46 0 9 5 33 51 87 58 93 52 40 15 73 44 87 55 54 88 15 64 0 99 24 2 13 49 53 70 91 54 45 58 56 27 31 28 38 78 16 35 31 81 84 98 88 30 84 28 51 64 58 97 81 0 44 39 6 8 67 36 32 53 58 17 42 16 49 51 18 69 20 4 23 78 2 67 100 70 71 75 13 46 62 28 62 6 49 88 84 6 49 38 31 37 90 88 64 81 70 69 24 25 53 95 81 54 72 1 49 7 59 4 27 97 62 51 77 90 66 79 21 38 8 86 57 49 100 76 79 60 51 99 88 93 87 88 94 81 30 27 65 99 42 55 86 90 12 14 5 33 25 1 15 37 29 70 41 19 56 30 41 9 84 85 54 45 6 4 1 42 38 39 10 38 15 41 45 5 49 12 17 86 79 29 47 36 82 41 23 43 7 7 53 4 42 34 79 85 65 64 84 2 91 97 23 23 33 35 97 79 60 36 64 25 4 43 71 6 87 86 24 50 35 37 10 52 65 5 14 56 14 80 55 97 24 47 29 61 16 3 35 67 77 31 92 10 54 85 34 73 78 74 83 11 15 85 6 16 7 42 98 12 26 21 19 4 92 75 61 1 1 70 44 43 17 81 52 9 39 39 78 49 3 71 78 81 55 6 43 14 70 11 93 77 65 46 19 65 64 31 82 45 69 53 53 16 38 85 11 74 14 23 25 93 2 52 11 68 73 47 10 13 1 19 39 85 93 73 18 48 3 76 5 98 54 1 73 17 3 92 29 100 19 76 32 79 70 13 61 10 82 81 13 15 9 96 14 84 5 64 10 43 21 54 18 15 70
6 12 45 99 94 53 21 0 33 58 64 94 73 20 79 59 39 78 40 1 46 97 61 37 37 66 100 66 8 83 76 18 43 53 60 59 7 57 61 54 24 21 42 25 43 49 85 92 33 27 30 7 10 18 93 76 33 74 76 13 0 33 66 0 89 29 57 41 78 29 83 24 37 42 49 30 93 100 76 42 58 40 86 47 84 99 88 53 41 28 17 74 97 81 14 15 61 33 31 57 47 20 12 35 57 61 34 7 16 25 5 95 3 31 52 86 24 49 1 85 78 27 39 21 36 40 44 17 6 98 34 51 58 99 47 47 48 26 8 75 34 61 55 71 21 85 81 50 43 35 57 4 0 58 69 88 13 43 58 18 46 100 95 14 10 78 21 60 83 0 63 51 19 98 94 22 64 59 71 39 16 87 39 31 40 57 44 96 42 76 39 7 38 71 21 58 65 15 75 89 55 40 97 51 73 4 1 65 44 11 74 48 66 57 85 4 63 17 62 93 79 15 78 35 10 99 32 51 0 42 27 97 21 55 9 94 21 44 82 42 38 62 45 94 3 32 31 61 77 57 51 92 50 85 20 54 4 94 37 86 61 1 92 34 11 83 19 19 27 3 41 63 30 51 81 43 3 7 66 65 43 16 56 63 94 10 11 21 66 82 70 18 32 35 28 68 1 76 19 70 88 56 45 66 38 11 95 88 89 74 8 48 36 86 97 15 39 53 87 61 88 5 38 23 24 95 17 74 34 89 97 7 36 87 99 9 67 12 26 11 98 86 32 80 35 91 71 23 85 53 84 32 38 34 1 85 20 9 39 32 2 55 0 58 53 2 12 12 91 74 21 22 70 96 53 71 33 21 80 17 73 45 3 37 75 32 18 68 56 86 1 62 5 34 87 86 40 59 59 84
62 96 43 61 76 52 51 58 5 66 46 74 91 24 83 3 54 6 89 73 39 99 78 27 87 54 48 89 96 17 29 58 80 93 22 58 66 16 51 29 86 10 42 0 95 71 60 100 91 24 11 34 69 19 93 80 71 97 90 55 51 42 53 40 91 44 38 48 85 20 44 19 40 14 47 35 59 50 98 85 75 61 8 18 70 1 28 74 12 95 22 44 45 80 13 46 82 10 80 35 9 33 67 92 71 60 18 14 65 32 49 33 58 30 18 44 74 61 24 80 20 17 91 55 33 78 48 91 77 46 93 47 47 95 98 17 70 45 26 64 36 3 0 29 60 7 68 38 45 79 31 65 17 3 59 35 7 66 52 11 12 68 78 86 68 78 58 34 16 84 49 11 30 5 54 73 14 65 38 66 12 53 78 21 48 13 7 40 45 50 21 78 3 74 91 95 8 12 94 36 42 76 2 94 28 95 57 47 67 37 67 44 41 86 80 76 66 36 36 66 11 84 6 73 17 79 42 5 66 58 75 36 16 52 15 97 68 97 73 81 77 91 10 8 33 68 9 60 98 3 66 96 30 89 69 59 13 66 55 64 93 95 14 15 71 11 43 29 90 49 44 39 7 52 56 82 93 1 87 35 19 62 90 31 98 79 64 82 43 38 14 73 96 27 13 61 71 87 67 34 30 43 19 13 1 21 27 31 69 17 97 25 6 31 90 58 52 34 96 64 51 0 3 43 20 16 30 75 22 82 67 62 59 97 67 72 27 95 30 58 7 65 98 61 56 87 12 61 37 15 21 52 65 52 48 53 96 86 11 97 37 97 53 31 24 45 35 27 86 91 64 6 69 71 14 15 89 97 52 67 57 99 92 55 20 1 83 56 31 75 0 52 51 63 36 55 55 18 17 51
43 26 86 59 35 33 9 33 87 76 28 92 80 5 42 76 98 33 26 71 88 2 51 95 62 58 31 63 81 17 60 81 68 16 15 0 8 6 57 77 69 38 6 37 2 0 18 18 83 88 39 26 69 59 42 19 47 86 33 16 87 48 82 28 85 34 45 4 16 83 55 60 70 64 63 48 35 9 31 41 79 96 69 43 60 98 88 20 85 9 66 61 9 25 29 61 26 12 99 84 19 83 68 95 93 82 44 9 47 59 55 66 91 4 42 66 24 5 33 62 87 5 85 94 4 3 95 3 35 0 0 69 28 8 4 63 100 47 65 53 33 31 95 80 76 5 46 23 5 39 43 40 93 99 93 86 70 87 21 55 82 0 30 63 87 63 30 95 43 7 99 61 58 26 12 21 73 40 68 11 45 79 67 96 52 41 76 65 15 15 57 47 59 81 33 45 53 84 88 18 30 28 5 17 97 14 51 100 66 33 97 90 100 78 93 58 67 50 55 76 93 12 91 33 50 63 60 70 80 52 21 35 35 12 49 24 65 33 62 75 29 89 0 55 65 62 5 40 80 28 26 28 21 6 57 87 25 18 21 0 44 64 47 20 32 79 100 78 34 15 50 1 60 10 84 12 96 66 86 93 24 70 68 54 28 29 29 53 77 76 41 85 28 31 47 59 91 19 40 58 68 57 2 62 58 91 5 59 65 39 55 55 23 16 36 35 84 69 43 32 94 22 21 92 96 84 24 45 34 52 98 62 59 31 99 16 55 18 77 11 5 57 18 50 91 95 49 1 15 68 11 96 53 15 17 76 56 29 88 14 3 97 39 2 30 75 55 79 28 50 58 82 43 22 56 64 48 12 23 75 38 88 51 6 11 5 1 82 25 71 85 33 98 16 9 55 88 97 43 69
69 57 44 69 46 1 82 32 57 87 35 97 23 44 72 91 95 39 37 17 72 86 81 6 43 34 73 61 13 47 42 12 16 22 78 48 41 50 20 64 45 51 46 21 41 4 3 58 24 14 53 39 99 40 11 45 23 77 76 3 87 57 90 98 50 58 4 12 92 35 51 36 30 80 99 40 58 74 54 73 45 57 33 34 35 16 96 93 28 54 41 99 29 91 27 63 50 10 19 98 26 85 19 7 85 41 83 23 40 61 77 25 54 91 14 13 25 41 9 97 76 13 54 13 88 75 56 53 84 29 79 74 57 92 7 16 20 92 94 97 5 57 52 27 63 69 82 19 41 53 71 9 21 82 68 60 36 84 90 90 53 29 54 91 85 67 69 34 31 82 0 32 58 17 21 99 63 10 66 93 60 73 36 27 43 62 27 37 67 14 36 54 97 77 1 47 80 14 23 74 41 97 36 98 95 46 63 51 8 65 81 20 58 50 26 89 11 26 90 0 41 92 21 2 8 77 73 93 63 95 43 82 13 63 15 54 88 92 92 16 58 10 59 97 87 96 67 13 84 16 35 88 35 22 67 95 48 7 45 58 48 67 85 18 69 42 33 30 30 10 33 17 78 29 6 35 78 30 58 44 40 62 89 65 55 81 19 95 28 87 54 65 80 35 48 23 56 2 4 83 32 42 52 80 78 67 20 13 59 40 21 83 98 35 1 84 85 57 18 68 81 65 84 66 51 16 69 74 1 76 86 25 35 2 4 10 50 9 72 16 98 42 13 71 90 27 21 18 17 41 50 75 19 92 1 93 86 14 37 79 4 4 16 96 37 9 59 53 60 12 87 30 37 93 26 38 53 0 9 4 28 68 64 1 74 57 92 0 7 86 88 100 66 12 57 58 18 10 88 17
60 12 6 57 19 73 76 14 46 21 16 63 39 90 27 92 97 1 92 46 34 74 12 68 4 10 0 42 57 25 53 77 48 74 62 66 73 78 80 63 58 91 81 99 0 20 74 64 97 31 97 42 5 7 85 73 66 65 6 36 34 38 90 37 10 12 66 39 73 5 46 11 3 62 11 37 71 34 54 36 27 2 6 95 10 98 63 96 18 72 96 65 95 51 51 79 13 28 91 15 10 55 70 65 70 50 94 0 51 100 58 90 59 27 48 22 97 81 54 36 31 8 99 4 15 26 64 38 54 75 40 92 30 99 94 62 58 90 54 86 53 92 30 94 89 98 38 48 93 79 48 41 86 26 79 66 56 2 77 37 87 28 39 35 51 2 60 33 33 41 2 40 34 59 26 32 61 18 72 1 97 5 27 0 43 75 93 47 14 39 15 43 54 18 19 15 7 92 40 90 71 23 56 86 98 78 58 62 76 27 97 57 38 90 80 70 24 44 21 69 50 17 80 6 61 70 72 45 5 75 72 42 31 27 14 15 56 70 50 23 50 14 11 14 89 88 91 40 67 10 3 69 14 97 93 86 46 13 91 76 70 88 92 30 96 77 23 97 38 41 5 97 45 35 77 28 65 34 5 73 61 68 77 28 42 78 80 53 9 65 61 85 86 78 78 79 53 66 72 27 39 27 55 37 90 3 72 51 9 31 43 68 94 48 65 57 73 84 23 50 73 68 98 45 36 54 66 4 8 83 27 98 64 69 47 26 63 13 3 85 18 75 11 0 66 13 83 1 8 97 40 51 6 0 10 20 100 13 91 81 89 74 78 44 88 2 90 85 61 27 32 66 3 42 4 73 91 70 45 46 18 21 18 41 67 67 20 70 98 18 20 68 58 3 4 84 37 85 81 19
43 60 17 32 61 14 20 51 62 48 36 10 62 68 32 17 64 87 92 16 80 96 86 48 55 86 3 53 76 29 71 84 2 80 80 57 75 81 100 63 92 11 93 5 0 34 52 19 13 71 20 72 55 74 80 28 61 96 13 26 5 91 58 34 26 48 46 10 83 45 21 17 74 84 60 4 81 24 23 45 50 63 13 3 96 64 43 59 100 20 20 3 77 58 84 96 86 18 70 23 78 18 66 89 82 51 65 37 71 23 11 10 44 54 34 76 55 57 40 3 29 35 46 67 19 97 8 42 1 81 99 19 20 1 32 2 87 83 50 53 1 79 10 93 29 88 91 96 33 62 92 95 29 9 25 73 70 90 2 98 25 58 20 48 42 51 70 62 52 61 84 8 97 69 2 48 16 90 44 72 55 11 14 65 63 83 4 18 39 56 16 68 2 46 91 81 45 78 49 24 26 80 62 35 82 57 98 88 5 51 72 41 19 28 60 33 50 15 24 0 62 89 59 81 52 28 100 88 13 30 21 71 94 33 34 70 61 46 75 98 100 44 64 19 97 99 77 4 11 95 48 84 59 97 11 51 38 7 71 76 62 33 25 87 34 99 27 24 97 26 60 39 74 34 34 10 81 25 94 42 92 39 67 47 94 11 100 71 90 56 26 31 75 0 55 5 21 44 14 25 67 95 60 30 0 51 72 19 15 2 68 59 67 95 87 8 50 72 24 93 41 11 44 94 90 8 63 89 38 95 100 76 38 89 47 85 43 36 86 82 5 26 3 40 70 33 81 28 73 20 49 50 14 52 29 11 33 88 30 90 2 15 71 28 77 1 29 71 10 43 26 63 46 20 26 6 32 64 38 91 93 48 51 95 85 65 61 13 34 16 22 23 62 26 58 27 46 2 35 92
11 85 20 67 21 1 66 70 45 73 5 62 67 95 53 79 36 32 3 43 66 6 61 61 12 46 13 58 42 0 84 82 94 83 97 96 41 3 47 84 71 90 17 6 24 93 85 45 83 65 75 20 43 81 24 54 32 80 72 69 45 46 89 62 58 62 7 56 40 66 78 9 99 87 99 15 52 20 25 18 85 12 92 9 81 14 97 63 16 56 100 36 62 100 48 66 32 56 56 16 86 41 88 70 19 58 34 52 70 58 78 22 6 77 65 64 6 42 96 33 94 95 95 16 2 66 9 21 12 32 77 70 18 21 26 88 89 77 65 92 53 13 40 82 80 48 53 5 14 66 33 23 52 34 43 59 96 98 14 74 0 98 66 68 51 92 95 95 50 23 74 69 3 34 18 40 53 96 91 98 61 71 89 87 66 30 78 90 55 39 54 7 63 79 34 32 30 80 29 84 45 12 12 100 79 100 18 100 53 54 100 71 30 42 36 14 79 61 78 51 76 82 21 34 61 58 23 21 99 60 72 84 45 59 76 51 17 44 98 77 91 39 71 36 63 35 72 79 75 0 51 49 58 41 32 92 79 66 22 67 10 15 73 90 31 62 93 89 16 73 6 95 80 48 73 91 65 76 15 70 13 74 82 13 93 87 9 8 92 7 63 10 43 61 64 86 18 50 41 9 54 33 72 3 62 53 41 66 36 0 19 91 41 30 22 25 67 96 72 62 18 29 16 95 64 75 71 34 20 54 63 70 48 53 16 73 4 34 36 31 39 70 77 71 76 26 83 17 52 68 66 46 18 98 6 39 71 48 82 74 65 98 95 31 47 13 81 46 75 48 52 11 25 92 14 24 63 57 64 24 33 44 48 19 100 49 61 97 85 71 77 28 91 46 77 27 100 99 0 61
81 27 92 13 1 30 26 88 43 84 75 5 88 84 21 17 27 29 22 32 32 8 65 0 96 92 54 100 64 42 41 6 32 81 48 75 97 48 49 68 18 51 55 18 75 55 65 15 91 61 25 26 93 41 79 1 44 63 51 17 67 99 33 39 96 55 72 36 55 91 30 57 58 62 49 73 91 85 5 10 56 19 80 47 76 17 91 4 76 100 25 55 40 73 76 91 81 66 6 17 12 36 87 48 36 17 45 97 36 2 48 33 97 92 52 44 32 69 88 70 87 72 40 28 60 26 86 95 24 38 53 23 36 72 47 3 55 36 66 66 42 63 32 49 24 90 84 27 74 10 30 11 7 50 51 16 71 16 46 44 9 15 55 37 91 16 44 86 53 27 52 98 34 42 87 62 15 52 33 24 76 35 93 71 77 8 23 36 15 70 95 11 0 48 66 68 5 24 85 10 4 6 83 84 4 37 60 78 98 11 83 45 98 49 42 80 2 41 81 64 18 43 45 93 2 59 17 96 25 100 10 84 87 20 34 47 77 100 18 98 54 48 16 43 35 8 44 26 70 68 77 40 77 61 11 24 57 92 92 34 38 5 13 63 63 83 15 86 52 57 25 10 43 40 14 35 21 59 95 28 77 42 40 6 19 78 23 70 87 84 99 87 27 59 17 50 24 35 42 86 28 34 58 28 61 16 26 51 91 92 93 17 12 77 47 17 84 25 17 30 66 37 31 77 13 29 5 70 69 13 52 8 20 17 63 45 61 35 93 25 33 83 22 22 23 36 30 50 65 23 98 38 67 17 35 46 89 21 83 63 4 19 33 54 14 75 69 90 81 9 29 1 13 13 31 64 36 3 32 3 30 99 94 23 28 6 88 47 16 12 2 94 21 37 74 37 48 48 65 56
5 100 67 1 12 40 0 12 24 71 27 65 50 86 86 15 60 98 98 2 89 76 84 26 31 57 44 59 69 70 51 59 17 96 47 12 20 17 38 24 57 47 86 85 24 27 26 55 86 5 43 87 29 9 99 90 95 79 29 65 4 65 30 26 5 77 53 13 78 58 4 93 56 23 43 15 30 67 25 60 18 72 94 57 65 14 64 56 10 16 70 0 5 34 20 58 51 4 8 65 64 29 83 28 41 55 19 35 40 51 21 91 52 80 28 83 65 39 65 21 71 50 45 67 85 88 19 42 50 56 16 65 59 3 67 33 51 86 81 45 65 59 43 0 94 13 84 64 10 12 28 12 44 45 20 42 41 1 25 30 88 76 79 32 71 46 31 19 31 52 6 7 17 54 49 21 100 100 51 7 91 7 88 34 48 55 83 51 0 20 30 48 61 12 97 11 41 0 65 38 12 65 18 48 96 95 4 75 50 15 92 80 64 52 1 91 16 61 7 80 94 19 100 56 0 99 23 70 60 91 99 71 0 3 24 60 47 79 6 42 23 43 75 48 35 29 3 90 55 0 75 79 11 85 76 48 13 70 70 88 3 28 31 1 76 12 25 95 100 6 7 14 59 15 45 43 44 14 28 2 95 6 86 69 100 22 92 39 60 50 69 88 44 78 42 0 50 13 44 13 67 57 27 91 53 90 1 15 35 57 66 34 0 39 77 1 92 37 70 39 41 31 7 54 37 92 60 85 21 9 7 5 13 96 49 93 67 64 98 51 2 52 82 96 15 43 2 24 7 81 12 40 17 3 15 64 100 21 53 59 70 16 69 68 37 25 19 24 47 68 41 25 24 64 12 91 100 61 13 75 87 81 59 42 78 26 69 19 74 40 32 31 42 92 10 99 54 59 20 91
52 3 87 17 18 62 13 16 51 68 13 43 33 88 7 94 70 59 72 75 68 98 65 27 52 90 33 22 69 58 69 16 3 85 96 43 37 87 64 98 80 68 30 5 55 64 84 48 23 5 91 0 22 81 84 9 76 42 74 94 100 10 71 91 27 43 7 95 8 0 61 67 66 76 19 17 84 63 9 74 62 72 60 16 79 17 5 74 39 53 8 33 11 44 69 82 92 75 30 41 37 75 49 28 11 75 68 42 55 40 90 11 24 64 61 72 53 75 27 0 82 36 54 8 93 59 61 81 47 38 83 16 77 35 44 44 67 72 97 75 53 28 23 94 46 44 17 47 46 74 22 31 13 0 89 98 76 19 89 33 62 95 75 89 57 62 5 23 35 81 62 85 43 37 18 59 55 9 50 13 88 25 13 80 90 44 76 67 17 6 19 98 82 42 57 60 1 89 18 44 80 93 89 6 13 63 38 13 90 31 82 94 58 52 76 5 33 46 95 16 83 21 15 41 2 17 75 67 31 29 7 41 71 23 70 13 41 51 91 79 100 63 69 47 64 23 44 12 100 20 100 95 66 33 53 83 4 17 76 21 90 43 49 0 3 83 31 72 65 19 1 59 33 71 91 30 64 14 41 21 54 0 29 64 42 61 52 7 67 11 51 83 40 23 99 68 20 15 96 24 86 69 58 22 73 57 31 76 78 17 39 53 80 32 27 52 76 93 14 30 50 44 69 90 88 69 41 7 76 28 56 18 13 79 61 44 32 71 67 71 49 56 17 85 64 32 74 82 6 38 58 13 61 99 67 89 89 29 1 17 35 4 28 69 60 22 51 17 90 35 12 97 22 97 25 46 78 88 98 21 22 88 52 78 21 21 73 35 62 83 54 96 68 70 86 34 95 88 47 16
52 38 66 55 37 34 30 42 76 59 53 15 31 22 13 33 79 37 52 47 89 62 23 82 73 28 54 41 25 61 72 64 40 73 75 85 31 88 20 95 82 15 10 1 72 58 22 23 96 16 87 92 20 18 65 48 93 52 26 48 59 58 51 64 80 42 21 30 20 23 89 46 89 90 82 93 2 98 43 6 77 53 92 81 73 7 91 32 83 95 57 35 64 66 67 56 59 84 41 94 89 80 15 13 7 17 90 73 29 29 62 37 77 78 80 63 95 90 71 64 37 32 27 71 33 40 100 83 76 25 80 94 71 40 29 26 88 37 53 81 70 15 99 99 54 3 24 33 48 73 18 78 54 32 21 4 59 74 79 72 87 43 48 96 25 63 28 97 37 46 23 100 26 76 76 41 97 94 88 31 48 86 55 59 30 56 65 37 81 3 12 49 53 23 34 72 87 10 61 12 13 45 47 52 98 67 58 41 94 67 40 32 39 23 49 49 81 60 42 1 43 11 54 34 34 74 9 31 32 88 51 59 93 57 81 51 49 65 20 63 52 92 48 37 74 85 6 10 46 91 3 61 45 61 10 51 26 16 3 66 13 97 29 53 56 57 62 40 32 60 28 73 76 1 77 26 15 63 32 86 87 42 16 39 66 39 48 1 5 36 98 11 8 39 79 87 9 20 5 64 100 35 75 13 58 76 92 96 40 33 48 58 95 37 0 31 29 54 68 16 82 25 50 68 60 59 33 35 85 8 10 92 24 86 3 2 33 9 85 32 72 5 86 12 3 79 53 83 42 46 91 4 21 54 45 88 18 46 69 57 41 22 8 20 30 27 29 98 80 18 83 20 62 85 55 87 24 31 77 3 35 90 32 15 53 39 63 55 79 37 73 30 81 81 43 22 45 58 71 97
49 92 93 73 22 92 63 36 7 74 64 62 82 91 75 35 19 97 48 53 54 94 9 3 49 85 87 52 35 38 61 71 95 74 62 77 56 30 33 28 8 42 30 61 52 0 62 28 45 21 94 45 20 67 92 81 79 96 17 74 46 28 72 34 20 80 31 50 77 23 48 9 58 59 41 14 25 42 99 53 99 87 11 82 22 52 31 97 62 47 9 43 2 10 9 15 66 4 44 77 38 77 28 74 31 11 78 81 18 37 73 22 23 28 51 70 94 90 27 96 68 11 58 45 34 49 33 52 9 99 12 8 3 56 24 75 41 67 27 26 36 62 9 93 78 52 69 17 81 49 41 57 35 85 10 81 63 37 30 11 3 90 62 69 96 64 42 68 91 38 85 30 3 53 15 46 35 54 69 10 68 52 59 66 20 10 40 68 96 78 13 84 37 22 23 95 19 45 4 56 42 56 13 39 21 17 97 65 2 15 87 32 9 21 75 62 19 12 60 26 42 81 3 8 59 22 15 57 23 8 92 72 82 11 47 79 9 77 99 80 44 27 62 73 53 27 69 61 31 84 91 93 66 41 93 24 28 70 41 33 2 83 12 79 97 46 29 44 6 36 72 37 92 88 21 27 85 97 83 35 29 59 77 84 69 68 48 68 57 90 89 5 86 84 82 70 38 87 76 81 44 23 12 33 37 80 37 47 27 76 79 8 24 31 2 88 52 31 6 36 57 83 84 52 63 69 64 23 90 49 24 46 16 95 70 0 18 10 6 62 59 70 91 52 70 30 77 98 98 82 95 97 10 43 68 92 56 66 35 87 81 88 97 30 73 50 57 48 88 82 9 59 21 65 60 33 52 73 68 83 12 62 59 5 39 16 71 91 37 23 61 80 70 56 36 29 24 62 78 7
60 19 77 47 89 52 68 69 31 62 23 59 47 30 71 86 75 57 97 77 65 39 44 16 2 84 40 35 29 98 25 9 39 26 99 65 32 39 96 85 19 39 86 89 49 93 9 81 4 99 100 66 59 88 23 76 18 63 11 53 79 93 47 5 26 67 55 35 64 44 38 13 33 35 82 94 4 20 39 57 100 59 77 33 16 49 55 26 87 75 53 61 61 12 0 100 54 77 88 66 66 51 99 54 100 87 64 37 68 3 45 23 83 34 93 14 78 92 84 37 68 40 89 94 43 49 36 50 24 80 62 91 21 40 28 55 18 28 88 82 11 70 93 28 45 4 69 73 94 75 70 2 27 95 12 93 9 29 88 57 54 73 43 35 46 99 57 35 2 73 16 20 70 78 0 18 28 54 8 0 54 97 19 96 64 90 32 26 89 70 11 79 49 58 70 99 73 25 0 77 80 68 55 61 23 52 73 84 100 32 22 0 69 40 62 97 92 14 39 21 34 59 90 50 39 57 40 82 51 37 35 0 65 85 22 14 71 96 60 71 31 8 26 2 6 56 69 78 22 90 21 86 62 59 37 90 70 91 77 84 28 74 22 43 0 1 47 22 97 37 53 63 77 76 69 11 36 75 97 2 92 90 48 19 80 22 98 79 9 99 18 11 8 50 9 12 96 82 63 9 60 26 82 28 57 63 93 37 89 28 5 89 80 94 84 41 8 35 25 83 7 56 42 3 16 59 96 99 84 69 57 2 84 71 38 70 40 42 33 2 16 18 99 36 68 46 45 45 19 12 45 99 42 91 62 37 52 61 64 48 49 8 38 32 60 91 89 8 77 66 76 11 7 38 36 98 78 57 90 22 45 6 69 98 79 12 65 6 27 49 31 69 63 38 42 67 76 88 55 93
96 95 42 69 72 13 44 44 68 43 37 19 35 72 54 27 57 7 51 63 84 43 60 24 86 34 10 65 23 0 74 22 100 97 0 100 36 36 75 94 68 1 64 84 51 94 79 57 35 73 74 72 26 39 90 67 55 36 3 65 26 86 49 87 44 4 16 57 30 94 92 24 27 97 1 73 3 88 35 82 75 34 34 69 16 47 62 83 72 5 90 52 14 1 48 38 86 23 84 63 83 72 57 66 90 33 100 59 36 48 4 76 9 93 86 15 26 70 41 81 80 64 24 65 72 59 16 74 75 19 64 30 18 83 7 94 83 32 78 90 35 65 21 78 19 24 26 71 58 4 82 85 35 87 8 37 78 54 2 59 13 69 28 88 31 36 0 38 9 96 71 87 92 6 52 88 61 79 15 20 41 34 57 15 93 23 19 45 12 56 66 30 29 41 40 90 42 48 74 25 88 19 33 59 22 20 46 61 22 9 100 29 65 80 20 75 53 95 81 90 93 95 94 23 21 91 99 24 21 62 25 4 80 88 67 92 75 29 53 51 75 26 90 13 71 10 6 55 26 89 68 19 0 84 92 37 14 16 57 57 91 10 18 29 34 49 43 99 8 29 60 90 75 25 14 99 59 40 73 88 29 39 45 45 56 17 47 52 33 95 93 35 19 34 75 33 51 88 4 65 81 12 23 83 0 88 15 8 47 54 4 66 65 40 55 89 78 93 51 12 41 73 13 5 93 57 92 85 82 18 2 36 64 21 61 71 75 49 67 94 2 47 31 4 11 61 55 0 79 14 40 17 28 24 27 82 28 74 49 60 8 10 38 94 14 19 51 51 37 69 79 1 48 52 7 5 10 69 78 92 58 55 6 97 100 21 9 25 52 100 58 72 23 42 43 72 99 16 75 38
16 91 0 25 52 87 1 30 91 59 14 100 23 38 22 28 27 51 1 8 37 95 83 74 41 16 74 33 43 83 30 67 19 95 26 94 15 40 67 68 69 22 34 43 94 85 16 41 49 91 24 32 49 49 64 70 84 93 40 32 71 3 6 99 84 42 75 10 0 59 46 71 2 1 30 76 58 41 55 23 55 45 71 93 74 29 54 43 11 89 35 4 72 70 37 24 0 54 50 11 50 19 6 71 84 37 90 90 11 54 48 93 86 20 67 68 39 7 77 26 82 93 53 5 11 13 32 27 96 38 82 27 97 62 42 3 91 38 9 64 39 18 25 98 64 11 76 16 19 21 61 7 48 83 48 48 26 85 18 86 2 52 28 96 75 6 4 72 29 100 62 77 86 2 13 59 9 3 49 17 15 4 18 67 13 2 86 59 33 0 29 46 67 78 9 27 93 81 46 49 45 69 76 39 10 81 71 34 68 23 90 58 24 67 42 9 64 99 24 16 84 6 10 93 46 74 38 82 92 71 97 30 1 34 44 34 70 81 49 37 19 100 99 67 45 77 60 80 47 90 43 10 64 8 63 14 71 54 8 41 83 18 45 47 17 5 79 41 28 63 97 83 42 12 22 92 0 91 69 19 65 6 31 42 24 37 64 43 19 66 100 94 4 44 11 6 21 3 92 4 80 15 38 94 86 19 67 31 71 33 20 72 30 75 3 52 41 36 10 58 30 34 17 80 29 85 91 50 66 47 45 71 98 14 71 30 11 42 12 96 94 52 30 49 55 68 49 48 80 10 73 16 45 23 86 29 19 14 34 97 98 8 0 36 96 69 88 4 14 60 37 59 35 26 51 9 98 21 16 85 43 61 2 15 8 95 67 69 24 90 69 39 73 17 60 78 67 72 81 14
7 25 26 84 9 91 72 47 66 91 34 25 94 34 85 75 73 31 28 20 4 24 74 58 55 77 75 96 54 64 49 16 19 31 38 53 29 57 68 83 2 52 46 15 19 71 40 14 82 56 29 6 11 18 46 26 1 35 61 78 48 94 98 72 92 17 39 98 91 36 53 40 80 54 54 99 44 30 58 52 86 74 84 56 79 100 80 78 62 14 62 66 20 29 27 51 74 47 94 30 46 60 35 64 98 77 59 85 12 18 37 21 64 95 99 71 83 78 91 3 5 69 22 29 82 96 50 11 92 69 51 58 62 24 65 62 83 68 26 2 94 17 57 25 55 29 1 54 100 75 81 16 32 76 59 25 17 28 65 3 0 24 27 96 27 97 11 55 70 22 15 96 16 37 16 41 48 20 72 99 66 77 98 5 22 70 30 91 10 21 19 89 47 20 93 94 89 22 7 91 26 68 6 35 66 92 93 12 32 48 17 16 57 54 13 0 81 1 67 52 0 16 1 66 76 59 50 17 47 56 43 42 73 58 37 52 64 36 31 62 72 80 77 25 29 42 67 38 53 63 78 93 0 43 97 60 75 32 10 63 68 34 63 35 75 45 86 96 35 34 42 0 75 98 39 36 3 95 19 92 88 74 41 100 16 25 98 44 31 76 65 50 64 59 26 41 20 82 89 35 87 70 62 22 79 79 34 19 57 61 78 92 25 78 69 38 84 84 28 98 100 29 37 90 20 51 5 44 43 14 23 40 32 91 36 98 63 11 27 58 16 23 64 92 5 80 12 49 26 56 42 79 17 80 61 0 65 12 65 35 90 53 18 0 80 63 29 41 42 75 50 62 39 97 66 86 76 26 36 56 80 38 56 16 54 31 16 62 39 6 22 90 91 88 20 48 42 63 48 28
37 0 45 91 97 5 26 10 40 76 1 25 75 9 4 71 5 56 81 63 17 15 26 31 76 35 27 61 16 26 73 69 61 56 2 38 17 26 33 34 12 61 73 98 95 4 64 2 71 68 75 54 42 96 88 75 80 78 11 15 77 42 79 6 72 20 24 67 79 99 21 51 70 63 63 93 10 19 8 7 36 95 89 36 67 78 50 63 37 18 59 26 24 24 85 9 39 4 26 52 8 49 21 47 2 13 2 21 21 27 35 87 42 86 74 64 91 90 60 24 38 99 46 83 86 77 7 86 77 31 47 8 60 3 14 49 32 4 46 95 79 51 66 76 34 66 29 20 75 20 40 72 4 39 17 35 51 35 89 69 28 49 8 75 71 32 35 22 2 2 17 74 82 52 100 44 20 93 40 91 4 61 81 22 12 73 23 41 73 70 35 34 61 90 51 90 70 6 99 94 13 88 38 59 26 41 84 73 36 55 70 85 91 92 46 59 97 16 40 83 48 67 25 93 18 21 23 98 17 24 30 63 14 96 20 61 5 69 48 22 78 8 27 51 92 98 88 31 42 87 97 18 92 68 23 11 37 16 77 30 41 47 37 12 52 80 74 30 40 81 58 80 94 99 41 55 51 72 57 38 47 39 2 56 7 88 64 32 1 63 67 84 42 49 39 27 39 22 12 2 68 95 97 0 93 38 64 85 91 85 16 82 56 32 63 54 23 79 19 97 90 86 58 95 76 22 36 57 65 80 46 88 74 77 77 34 80 58 3 25 36 13 47 68 96 85 11 1 3 49 74 59 36 97 56 92 31 62 83 8 2 94 99 92 22 18 66 55 22 62 41 30 75 98 13 99 7 36 76 56 59 27 8 37 98 87 60 65 14 44 9 50 27 26 57 55 70 73 82 0
69 25 77 56 42 77 97 57 7 43 66 24 59 74 48 66 83 95 40 84 22 78 21 31 97 35 50 56 31 85 26 76 80 89 18 59 26 24 15 8 61 16 61 40 12 40 13 57 32 34 99 72 46 6 64 5 71 52 50 33 21 67 7 39 91 89 57 65 92 31 48 8 45 31 79 28 51 37 93 76 50 54 6 29 10 54 98 9 75 40 21 31 86 61 10 72 65 2 21 12 94 23 60 32 97 87 2 28 13 79 39 81 22 8 17 5 28 23 13 27 31 65 92 62 30 84 47 69 23 77 43 64 18 35 59 50 32 35 29 87 2 66 94 16 85 83 45 71 10 26 65 94 0 94 10 2 12 21 51 66 29 20 59 49 1 84 30 20 96 86 55 27 79 91 35 70 94 86 67 98 33 35 39 98 66 27 5 34 82 67 45 91 36 89 100 86 11 56 9 36 89 94 45 88 94 31 65 74 41 81 88 47 95 96 75 46 35 60 68 22 97 93 65 93 19 99 77 58 46 93 84 40 21 91 84 60 17 19 69 47 25 95 74 57 60 84 30 16 36 19 13 21 51 31 5 11 76 6 15 69 64 74 51 76 3 86 13 22 67 75 29 66 78 85 89 64 46 53 57 12 74 65 28 14 72 20 14 12 31 95 95 45 59 93 69 74 79 95 53 61 10 32 48 5 27 89 71 92 85 31 47 52 31 97 39 85 80 73 10 87 76 44 46 41 98 37 96 46 90 70 56 2 99 40 56 26 58 46 35 93 51 11 17 7 50 91 52 78 29 3 28 92 65 91 47 96 78 77 13 69 97 41 77 77 47 90 84 10 73 40 39 100 5 45 11 64 40 48 77 29 37 92 45 52 58 39 39 38 61 61 97 57 85 95 19 92 74 82 63 57
48 78 97 33 4 25 100 95 81 69 2 90 53 72 90 58 0 80 65 93 14 48 48 96 72 27 33 94 51 22 73 58 18 37 9 81 85 1 17 30 27 74 9 9 95 9 95 54 56 68 30 18 92 65 6 35 41 87 8 48 74 28 1 12 9 100 2 94 90 100 1 87 72 8 5 42 74 93 38 99 44 8 48 72 6 27 51 5 71 79 61 41 82 71 52 87 75 89 1 80 44 19 1 1 29 14 7 50 86 2 38 14 82 11 79 61 83 24 18 72 18 24 77 81 12 85 5 21 51 42 19 52 23 100 98 8 59 19 82 24 58 36 48 33 32 44 5 84 71 9 28 1 17 85 17 22 94 99 6 29 41 34 60 72 71 57 48 38 49 74 91 56 91 62 7 51 81 34 89 96 12 11 70 49 93 83 28 86 27 2 21 90 87 54 42 41 29 61 9 96 27 3 48 92 45 83 27 76 10 55 46 73 7 47 33 18 71 16 52 14 89 15 85 72 67 96 33 90 67 22 5 96 27 31 91 63 29 90 32 100 21 27 93 60 81 69 22 43 74 55 41 56 32 57 23 74 89 26 58 82 53 24 24 38 35 88 1 70 12 84 40 27 72 12 75 47 9 97 52 86 66 70 36 10 84 69 44 34 9 33 44 100 26 30 97 70 48 91 43 6 66 4 25 72 98 84 3 19 86 56 48 15 56 80 38 65 59 33 17 42 100 90 55 77 26 77 80 100 9 95 75 60 88 76 2 29 57 91 74 70 65 1 9 95 89 53 93 32 1 58 56 23 36 5 43 58 44 37 41 56 82 30 97 5 59 75 54 24 38 100 62 43 77 57 79 30 10 7 7 74 6 43 88 38 39 85 40 100 96 98 48 26 63 32 37 27 22 57 76 89
46 72 68 61 48 98 2 4 54 66 64 46 25 18 97 2 22 33 85 41 36 13 8 33 42 1 9 10 22 55 43 34 63 20 81 45 28 51 17 49 94 13 69 28 53 39 81 79 100 60 54 69 94 21 55 41 8 1 2 30 32 32 3 91 74 86 47 10 2 84 42 51 41 99 82 81 51 27 23 4 62 57 15 38 81 36 16 34 32 34 76 83 37 69 48 33 33 60 72 19 47 93 28 64 86 74 11 8 65 0 88 89 20 10 21 10 92 63 3 23 24 35 54 71 49 59 58 25 49 20 64 51 0 35 40 35 15 43 40 59 7 12 31 47 19 66 35 27 92 47 57 95 89 95 56 22 43 45 97 82 69 22 86 17 78 23 7 73 57 77 25 100 70 13 82 12 77 89 36 7 52 44 12 31 74 93 17 51 41 39 99 42 9 28 21 41 31 98 53 45 39 3 16 18 66 49 50 36 44 88 62 73 89 43 68 71 36 47 53 43 25 79 69 84 9 43 62 16 33 69 81 0 6 97 71 64 54 48 28 33 86 49 44 19 2 81 22 99 81 94 59 41 0 66 90 44 84 5 79 81 39 68 50 89 91 33 63 11 11 11 77 32 91 92 40 39 76 57 42 64 92 67 85 37 63 71 48 67 57 57 56 2 58 0 6 45 36 61 59 70 61 100 16 66 29 35 79 9 73 38 86 24 44 56 95 12 30 48 48 53 26 70 50 50 59 36 60 63 68 99 95 25 19 5 74 20 13 58 52 41 21 83 97 78 90 51 3 45 96 3 1 32 98 85 27 95 79 82 81 52 96 85 42 98 35 60 95 15 12 90 21 53 82 11 39 96 28 81 28 81 38 91 32 39 58 46 53 7 87 36 7 38 47 58 69 82 29 25 11 80
46 52 86 34 87 6 73 7 59 92 38 95 28 32 76 66 56 30 98 20 57 37 89 37 17 41 11 21 66 70 3 58 33 19 50 57 35 14 18 0 58 62 61 87 64 31 80 26 47 33 73 63 87 88 64 88 11 97 52 94 29 61 32 43 61 22 96 74 79 77 20 54 70 30 60 59 16 55 90 4 86 14 73 58 57 93 96 93 11 25 70 83 75 37 2 33 40 11 24 30 34 45 1 14 91 64 34 37 99 26 80 45 84 54 6 78 60 81 65 95 28 28 56 30 9 55 40 81 17 82 15 98 100 61 44 3 19 2 66 73 25 84 80 43 29 100 42 65 57 61 75 25 15 67 74 40 35 52 87 95 45 82 53 52 98 25 0 44 49 75 38 88 46 53 64 64 16 45 85 2 42 52 86 65 62 97 29 16 44 8 91 79 69 25 51 21 81 80 99 96 13 85 98 40 91 68 34 14 9 73 71 91 86 6 26 59 80 1 80 10 10 53 98 56 27 15 71 78 46 42 80 82 2 82 44 46 65 25 17 53 56 60 78 10 14 61 94 36 22 83 57 28 75 6 22 84 71 50 11 33 91 98 63 99 3 43 24 4 7 4 76 96 58 96 9 80 46 96 42 59 35 57 26 92 25 0 6 12 25 74 19 82 55 90 24 7 18 64 14 98 62 73 39 81 92 52 77 6 77 21 50 83 9 57 65 34 5 31 2 17 11 6 12 93 72 12 91 93 38 76 86 39 33 35 65 57 50 34 42 38 51 80 3 43 100 55 97 50 59 0 34 72 62 30 68 11 4 74 19 1 79 75 24 69 49 100 22 68 2 41 50 76 27 4 87 45 12 63 99 73 76 74 53 15 51 8 31 33 16 78 26 23 24 74 13 71 27 78 21 92
16 92 26 67 34 82 54 36 24 53 41 74 88 25 19 50 14 61 96 21 65 39 63 29 77 16 54 77 91 43 96 39 61 12 36 9 69 5 54 48 93 32 2 72 56 10 12 43 20 81 46 75 24 54 99 72 4 77 71 14 53 4 3 80 56 11 23 42 27 20 37 29 88 45 41 73 17 85 34 10 85 26 44 89 55 72 15 71 65 53 68 25 75 80 54 91 16 22 86 15 52 51 84 0 10 87 60 65 50 78 11 60 87 51 35 13 77 65 77 16 66 78 30 59 94 72 54 30 3 4 27 78 77 39 42 91 80 66 2 13 15 13 27 77 33 36 94 45 45 53 78 68 67 73 64 53 24 54 87 67 18 6 17 25 60 82 80 66 87 96 96 49 63 89 98 4 51 56 68 29 99 99 83 19 38 100 97 85 88 31 50 20 47 68 21 1 77 33 8 36 47 30 48 70 23 81 76 12 19 85 20 46 79 93 47 68 60 44 65 38 53 19 14 8 73 82 65 22 59 18 55 28 75 25 26 10 48 41 72 83 10 17 38 40 40 98 80 26 47 41 47 60 85 46 15 33 24 50 71 15 92 0 97 29 48 82 31 75 81 61 66 7 38 13 33 50 10 74 98 14 44 94 74 26 87 56 88 100 80 33 31 2 78 69 81 68 21 47 75 9 43 22 17 58 65 20 77 8 97 83 19 94 70 53 63 99 39 84 26 56 100 55 69 65 89 46 32 46 47 36 17 54 40 47 36 4 46 95 83 58 96 85 37 16 48 31 46 11 82 24 81 34 76 53 85 34 98 43 91 25 80 38 75 87 88 59 34 96 17 65 45 22 99 50 92 16 25 75 15 40 69 44 54 89 8 88 0 37 52 89 0 63 99 4 15 7 94 41 18 12
37 69 52 54 81 16 100 73 38 52 81 99 52 81 56 13 42 46 6 32 72 56 61 12 92 87 48 73 52 23 7 7 76 73 92 19 28 55 72 92 68 31 85 84 71 76 0 14 77 68 47 67 27 72 98 29 86 13 86 47 98 89 52 85 78 16 2 34 100 87 1 62 4 95 97 27 64 69 64 1 56 29 63 60 72 57 45 26 94 8 92 63 81 100 76 67 100 51 19 14 77 37 24 13 37 29 100 47 41 91 88 62 47 13 53 37 38 42 33 48 75 97 4 27 77 13 18 79 91 32 20 10 31 13 2 82 94 46 64 53 68 55 48 91 20 30 62 34 60 93 18 12 42 1 32 35 56 54 50 30 77 72 30 77 85 70 3 61 51 88 25 45 9 17 5 28 72 1 20 64 56 79 1 31 83 50 18 98 77 45 46 27 19 96 41 79 64 57 52 22 3 39 11 84 93 36 83 1 14 95 59 74 44 25 43 45 51 59 49 18 78 55 92 4 43 22 22 22 50 36 95 3 34 55 50 62 46 72 49 23 45 22 3 29 74 21 97 11 37 86 48 57 4 91 73 74 42 94 26 36 5 56 6 40 15 43 31 56 65 2 98 3 39 59 63 25 51 97 98 58 82 34 16 48 92 58 13 58 76 68 68 77 72 94 0 79 38 11 5 85 98 72 75 41 3 96 80 19 11 90 4 76 64 32 7 5 44 59 29 44 19 80 44 77 49 51 45 11 93 73 11 76 66 69 8 87 67 4 76 55 67 14 94 61 24 78 35 56 99 37 29 84 82 53 79 82 13 35 35 52 42 41 16 98 15 35 80 26 57 13 56 71 70 12 97 3 52 66 7 70 69 25 75 79 49 52 18 11 76 13 16 14 30 1 94 98 57 62 54 81
19 23 31 90 66 9 57 50 8 25 29 2 66 95 47 50 25 69 60 71 12 61 64 65 35 17 23 29 14 9 77 15 9 13 84 72 27 32 72 9 65 74 91 39 61 11 64 51 14 65 96 26 99 15 14 36 19 86 95 0 68 42 28 42 78 27 41 54 18 73 91 60 95 81 2 73 2 44 75 22 50 31 52 83 72 50 17 28 46 43 17 70 67 49 5 81 40 75 27 81 24 80 30 96 85 14 54 19 28 58 99 76 39 90 85 97 73 62 62 50 45 17 73 38 59 6 20 23 27 18 39 94 49 91 1 83 83 6 78 53 9 34 92 8 86 37 51 72 56 38 63 26 66 84 3 58 72 73 21 33 36 9 29 97 91 8 51 74 69 97 53 56 3 81 17 70 95 17 19 37 56 65 88 86 3 88 50 60 41 69 77 1 88 69 6 81 47 13 65 62 95 8 81 92 56 49 57 72 70 83 0 78 55 40 86 39 32 28 30 30 96 58 32 61 30 1 9 96 34 74 59 46 4 4 6 77 9 66 96 82 14 4 24 22 42 90 3 12 37 88 4 48 71 93 81 44 4 23 70 29 43 27 24 97 50 43 28 70 4 84 93 1 83 61 89 83 98 96 90 53 79 94 39 19 97 87 79 32 93 4 81 99 9 60 85 8 58 5 16 51 46 10 76 46 23 94 6 47 15 83 89 74 28 2 17 95 6 23 39 18 4 31 91 17 55 49 49 61 83 56 97 16 71 65 6 85 5 98 31 87 35 71 88 43 27 19 33 78 97 13 34 91 76 28 53 54 7 48 41 56 35 27 37 78 54 88 54 69 65 7 6 11 27 55 47 44 43 88 49 56 56 92 64 50 55 32 42 29 21 79 100 34 35 20 14 40 37 21 82 86
62 35 87 60 15 59 19 97 95 57 25 44 53 42 61 60 12 10 52 84 75 33 23 17 76 80 63 61 22 20 46 25 85 57 94 92 26 5 51 16 24 63 55 20 66 1 7 63 85 13 71 55 77 76 45 72 15 74 91 48 55 66 76 68 2 8 46 100 50 44 87 21 41 93 91 3 33 12 69 12 35 24 15 72 25 39 85 31 30 1 48 100 80 90 50 54 88 15 39 56 29 69 76 13 43 41 60 0 65 28 2 100 30 83 43 49 98 38 49 88 48 19 57 33 89 64 34 15 100 24 77 71 6 8 95 58 26 22 14 64 68 47 15 60 76 69 9 94 53 2 60 40 88 57 86 31 42 86 36 12 28 74 8 56 45 85 16 66 40 9 61 1 97 23 52 49 47 0 44 71 1 99 58 50 46 66 26 55 23 58 12 89 62 23 53 4 92 5 5 89 50 40 93 9 91 2 1 55 10 97 1 75 40 11 29 69 38 13 10 87 86 94 97 77 0 41 61 69 18 84 9 47 76 77 82 17 12 30 48 49 22 23 73 27 19 94 63 74 97 63 59 72 90 63 13 14 24 69 53 78 34 20 44 41 75 47 86 79 100 98 63 6 84 7 74 12 11 89 41 63 76 28 64 80 21 10 85 72 94 91 2 99 41 52 83 58 73 67 48 85 93 99 41 39 20 25 95 81 48 54 53 55 98 10 43 65 78 0 42 44 54 63 37 93 28 89 40 22 3 94 47 71 85 24 52 90 13 15 97 84 82 68 23 50 0 17 95 38 64 38 0 75 30 62 92 34 3 34 93 92 3 54 54 76 100 97 32 2 20 41 77 58 1 100 59 22 6 86 86 1 27 24 92 96 100 34 74 18 63 78 3 47 19 34 93 7 89 67 45 94
78 53 10 31 100 57 60 74 88 82 88 19 62 73 6 21 22 48 9 11 0 29 30 5 76 4 34 66 54 74 16 37 25 74 72 15 92 70 65 96 26 79 66 6 73 58 5 21 64 18 46 29 12 75 41 54 59 42 13 91 94 23 68 34 95 39 21 43 15 26 69 10 69 39 74 2 61 70 52 50 59 18 32 71 71 47 4 5 40 75 76 59 85 41 46 30 90 65 75 69 84 25 95 53 46 25 15 61 92 98 74 39 11 22 67 61 70 92 90 100 11 94 37 32 37 44 9 57 95 18 24 21 49 49 57 38 20 38 43 57 28 31 1 2 97 95 19 100 78 63 23 11 10 44 55 51 21 74 39 64 16 47 3 16 96 57 1 42 42 27 68 77 45 35 91 26 18 59 47 18 94 7 6 41 70 59 91 70 8 100 56 45 16 13 61 11 76 20 5 65 99 43 46 38 67 51 78 96 17 79 60 56 38 79 2 11 27 19 2 78 73 87 86 80 41 86 84 3 71 79 72 36 4 68 12 88 46 60 55 34 3 56 60 0 25 1 24 34 48 89 31 4 26 79 84 83 64 58 42 24 2 74 96 17 51 65 30 8 20 53 41 18 95 100 83 92 1 2 58 29 7 85 9 57 50 10 50 65 79 90 8 36 44 61 37 43 66 46 76 87 18 80 68 61 11 17 32 58 94 40 95 31 23 37 99 47 85 73 9 77 84 74 90 63 10 58 38 87 69 25 67 30 19 95 45 39 83 66 24 51 4 77 63 100 32 40 91 30 49 96 91 38 60 77 70 30 59 28 98 13 4 39 4 78 44 53 64 50 24 1 89 52 29 6 56 91 81 48 70 70 15 83 62 93 89 65 11 43 85 57 17 40 23 66 30 66 1 11 10 76
20 12 92 37 54 61 93 54 32 57 2 35 89 74 45 47 88 81 5 35 89 63 24 84 4 8 7 91 27 95 47 79 59 13 2 80 52 34 40 3 39 72 54 26 24 56 42 57 28 53 81 100 73 0 43 66 8 13 6 2 5 64 86 79 13 80 36 55 79 25 47 83 51 58 90 47 26 48 2 96 26 1 90 55 97 90 91 24 15 48 63 53 29 0 9 61 62 44 25 100 61 9 86 82 39 74 66 14 59 54 6 5 16 29 95 47 49 100 50 28 41 18 74 82 0 90 73 63 68 26 78 25 68 78 85 84 15 13 0 29 11 75 98 95 30 95 65 66 39 19 52 81 18 5 22 23 37 76 2 91 63 57 31 47 43 2 63 7 59 58 86 79 9 50 45 41 23 42 67 51 6 33 77 28 53 53 70 3 12 99 100 36 43 2 83 43 65 70 27 20 98 43 7 65 62 49 33 61 75 71 16 10 100 94 12 25 61 12 99 63 29 16 72 51 14 35 96 25 31 49 67 51 73 27 4 57 43 16 46 26 15 19 94 40 2 32 20 33 30 83 36 30 78 89 12 52 21 54 45 20 23 46 11 67 18 31 22 88 91 77 43 1 82 82 22 83 62 34 66 56 27 73 84 27 19 20 58 28 75 34 25 85 83 55 31 40 50 70 30 70 4 64 73 55 89 9 6 86 30 68 3 79 36 89 86 37 46 97 76 41 99 63 7 8 59 19 56 39 29 35 90 3 86 43 83 97 10 5 50 72 40 29 63 27 16 76 97 55 75 79 54 29 14 91 33 60 1 91 10 63 13 30 74 17 91 37 59 59 37 49 6 66 97 29 40 88 84 71 84 84 23 65 77 21 46 65 69 86 40 16 18 71 98 70 79 72 80 37 32 69
13 6 72 27 96 20 22 36 22 74 96 87 57 77 64 19 99 98 59 42 91 14 81 35 21 95 7 79 52 19 93 94 4 14 28 64 9 70 51 55 47 85 1 50 47 30 65 64 75 7 71 26 45 21 91 16 93 40 92 95 35 70 71 39 90 15 0 14 8 86 0 12 49 72 95 36 28 38 23 30 18 76 87 27 7 64 78 1 73 29 92 98 64 83 31 65 96 84 63 66 82 31 67 25 28 23 45 17 17 33 88 1 59 35 19 85 0 72 98 40 48 32 45 43 22 6 84 17 32 26 18 63 45 41 13 68 24 72 88 30 79 27 24 68 63 61 81 64 4 85 16 75 82 17 91 52 51 24 56 90 1 85 62 52 46 48 27 23 19 92 36 35 49 70 8 10 17 15 89 66 97 62 72 89 74 85 26 97 65 27 66 91 73 70 8 64 47 16 40 39 33 87 12 42 53 22 82 20 25 90 86 56 67 48 65 82 23 11 49 22 85 96 65 75 12 5 83 27 42 42 2 16 67 49 68 77 88 25 95 16 84 2 46 88 38 80 96 83 98 51 88 20 51 65 40 64 24 35 50 87 55 72 79 79 24 23 36 41 36 91 54 91 14 20 50 89 48 72 31 3 21 98 63 36 99 97 73 73 82 7 5 100 30 0 99 0 94 67 28 85 6 42 74 73 8 13 59 55 84 59 60 82 100 67 29 32 7 62 87 81 36 33 46 74 62 21 63 48 98 31 93 74 80 57 4 90 89 78 91 32 64 23 36 56 83 4 16 17 4 59 22 23 72 95 6 30 78 18 0 36 86 98 76 70 29 98 55 23 63 98 94 14 3 44 67 86 89 85 41 4 83 100 98 57 73 37 70 96 35 41 48 17 29 25 81 59 26 60 55 76
29 57 69 57 14 38 55 87 32 98 10 81 70 11 21 53 52 74 58 23 68 80 23 6 69 37 82 65 47 10 99 6 5 100 69 97 52 3 36 50 83 80 50 37 43 56 56 92 3 32 67 78 43 46 30 14 82 97 75 44 29 41 40 38 93 89 30 33 62 21 98 45 77 67 74 9 39 41 38 36 27 20 70 83 67 7 60 9 56 37 48 59 69 75 90 2 72 84 66 15 19 52 48 30 89 11 93 89 93 5 19 8 71 58 18 34 98 90 72 58 85 69 53 76 62 49 59 77 3 69 0 57 76 43 8 88 81 40 52 63 80 51 8 85 29 42 27 65 92 26 60 49 25 67 32 27 14 10 11 29 72 69 22 39 81 71 12 46 34 55 42 69 93 40 44 46 75 4 10 53 58 40 88 0 58 18 80 58 14 21 36 97 16 100 30 2 61 10 54 79 7 98 58 99 18 100 65 97 26 22 86 32 72 58 82 45 80 8 25 82 51 88 82 15 53 7 92 52 30 56 68 48 29 70 20 0 46 77 90 57 90 35 63 38 71 64 13 83 91 30 15 98 89 33 72 11 74 45 0 68 100 43 59 8 85 88 46 46 56 2 35 7 28 98 1 100 4 60 9 97 26 33 2 60 20 97 11 47 74 10 9 53 25 76 49 67 18 3 61 100 48 82 16 64 70 97 75 42 50 93 24 86 70 75 69 6 31 32 43 5 76 57 62 77 1 81 33 41 80 19 10 78 69 10 52 92 27 17 10 97 23 19 63 2 95 62 79 54 95 96 0 73 53 20 37 97 37 81 74 91 23 62 81 35 81 50 72 22 84 17 1 6 91 71 29 56 36 15 5 13 95 25 26 7 93 35 16 76 7 24 11 70 89 11 77 53 90 66 74 1
60 94 55 96 13 54 69 49 91 85 8 93 80 42 98 53 25 57 56 10 75 3 76 98 97 79 70 54 44 79 20 97 31 41 68 73 77 93 77 51 89 63 37 12 14 83 66 16 50 36 84 10 30 72 69 29 60 84 27 59 36 89 51 44 87 62 13 62 12 45 89 16 57 100 83 62 19 3 46 90 29 41 96 58 96 36 66 24 70 74 21 22 85 36 39 31 7 93 88 57 22 60 60 57 33 42 92 38 6 34 22 32 92 44 90 27 49 10 89 76 1 36 18 10 68 48 57 72 28 98 73 45 7 68 77 25 33 42 35 88 53 76 66 49 17 82 38 72 67 16 13 9 44 89 20 61 64 84 76 26 8 40 15 21 44 84 53 34 66 53 12 43 66 56 94 58 35 92 70 4 15 52 17 92 87 11 64 86 50 63 21 32 33 64 29 42 72 78 24 9 76 34 87 41 41 8 76 38 77 19 56 60 92 67 52 3 7 23 89 44 89 30 79 92 49 24 95 3 25 5 12 57 0 10 21 51 23 61 48 30 58 26 92 99 38 57 91 96 6 25 21 30 13 56 80 74 98 17 11 18 24 31 36 70 33 53 88 2 59 99 13 45 30 44 61 62 49 47 71 88 54 11 96 65 38 10 43 15 39 90 25 48 74 44 61 16 75 69 11 95 3 61 78 84 79 2 51 74 10 86 53 56 7 89 46 6 3 46 18 62 15 11 13 85 36 66 77 56 69 71 39 30 51 47 35 22 63 79 68 17 51 86 37 58 5 26 6 33 94 10 67 36 31 38 88 23 37 35 61 89 40 48 91 15 63 19 41 80 37 73 26 17 84 74 51 33 12 50 96 13 46 12 100 34 57 62 89 81 58 23 2 70 18 75 100 61 4 100 85 50
60 92 33 28 15 8 11 0 6 31 36 99 56 41 12 77 80 21 31 42 54 62 92 89 7 57 42 70 36 32 8 91 59 14 75 62 92 58 57 10 3 75 37 11 56 21 36 5 52 82 61 57 4 97 15 92 46 86 87 42 58 34 54 50 35 71 36 28 43 64 50 84 24 44 23 12 76 27 9 1 6 0 93 52 46 45 95 82 1 71 39 67 21 100 68 15 74 94 0 13 9 74 59 11 88 39 14 6 19 20 15 73 58 57 47 54 82 67 89 0 67 19 70 100 2 54 82 42 73 86 42 24 63 20 55 85 11 8 7 8 58 80 50 19 21 42 99 100 9 3 93 13 41 73 57 63 30 57 27 37 3 90 87 4 58 33 33 52 63 100 74 5 63 58 8 93 55 36 32 10 31 57 42 8 63 1 39 43 41 81 46 32 27 33 43 44 68 79 73 21 46 84 62 61 3 96 30 24 55 83 60 73 73 2 4 36 8 86 28 15 89 46 32 92 16 1 20 19 72 59 5 42 7 51 60 71 35 56 91 47 12 1 16 63 92 64 31 6 32 74 89 10 60 41 19 19 69 2 69 24 84 35 69 81 86 9 93 98 1 74 70 18 56 21 26 43 79 33 84 89 36 84 12 15 100 10 22 41 31 83 45 14 13 66 50 8 43 75 92 13 40 47 61 8 97 64 68 44 91 95 73 13 64 35 67 75 67 61 85 56 15 20 10 71 23 28 20 83 26 83 20 41 16 81 38 81 50 97 33 54 78 15 28 25 9 22 84 69 89 31 50 89 16 22 45 51 77 100 25 55 24 6 72 23 46 14 71 52 58 76 32 72 97 89 36 38 36 11 59 15 88 10 46 93 88 12 91 94 32 87 39 66 54 36 70 22 65 98 83 20
49 97 39 89 42 47 5 72 89 87 37 91 67 50 62 100 90 71 81 31 13 73 50 72 15 38 76 67 43 56 51 3 58 41 80 9 25 53 75 62 18 81 88 38 74 57 68 98 54 41 54 58 64 44 23 100 53 90 90 90 9 73 92 40 55 6 46 93 71 68 66 89 61 14 36 18 90 29 95 33 47 64 92 48 63 77 31 3 22 18 11 97 72 3 23 21 6 20 95 4 48 26 17 47 100 79 49 73 87 88 62 69 36 29 25 75 47 72 71 43 38 15 52 42 82 26 69 42 36 32 60 48 49 12 41 60 59 77 83 79 58 66 42 71 22 59 19 67 44 12 75 35 25 62 17 28 8 99 91 45 96 72 76 84 54 71 58 86 76 23 74 31 21 44 76 65 52 58 100 58 93 48 91 46 7 58 82 2 29 93 53 80 36 63 82 83 30 87 77 44 3 8 45 5 98 26 85 68 62 38 92 35 57 99 46 36 88 98 52 79 94 95 78 75 38 12 19 72 25 80 97 61 25 56 81 91 37 43 96 19 61 50 11 97 33 88 8 99 84 91 50 50 40 48 34 39 58 82 89 97 80 20 83 88 87 24 44 58 46 78 84 73 76 41 7 0 98 96 85 33 91 71 50 31 61 95 72 25 8 11 91 39 1 100 53 96 56 15 3 90 36 97 62 38 9 37 14 23 46 58 90 12 16 16 53 57 58 18 19 3 57 42 66 62 76 38 5 94 55 38 83 90 0 19 82 81 3 19 84 100 67 54 34 58 88 21 34 3 5 47 27 76 67 32 17 49 1 9 95 9 92 71 87 33 4 30 15 83 78 41 78 1 3 9 99 4 45 42 0 52 85 73 56 26 91 96 95 35 31 65 80 16 7 23 54 73 82 8 97 40
73 79 60 77 7 15 41 50 89 61 6 41 48 55 67 25 67 19 80 68 47 64 19 52 64 72 4 35 88 69 5 64 96 75 14 26 22 42 15 95 61 40 51 18 66 43 95 70 3 54 68 75 50 21 6 88 63 63 28 93 2 77 38 96 61 4 87 30 24 67 48 88 43 75 52 45 90 56 7 82 56 2 1 45 77 12 57 21 12 79 49 97 44 48 16 30 58 96 53 8 35 97 23 37 61 76 70 51 29 16 7 62 96 4 83 73 18 51 73 40 45 22 72 59 59 29 79 93 27 87 19 76 99 97 13 52 88 67 37 40 51 76 86 89 80 2 29 96 30 17 34 61 88 5 43 57 32 55 36 44 23 92 67 55 95 81 37 33 58 78 79 89 1 82 17 89 70 4 65 5 77 86 57 70 28 97 38 86 74 99 42 65 57 11 82 75 50 69 46 79 97 42 13 16 5 100 10 89 30 51 71 25 85 73 10 91 10 99 3 36 0 57 95 85 6 20 51 74 9 3 58 68 30 80 11 83 61 83 59 79 38 65 40 20 86 15 77 21 41 14 69 18 19 80 63 29 21 18 56 0 89 38 92 0 29 35 87 29 98 48 33 49 9 30 57 87 25 67 29 94 42 56 78 17 43 23 18 15 77 66 42 11 48 38 75 49 39 57 45 4 96 71 91 34 0 52 62 49 6 80 99 53 42 82 57 34 81 23 57 0 79 68 84 94 53 24 99 11 80 54 21 26 27 43 88 2 93 41 59 87 85 39 77 96 16 21 7 16 64 8 27 31 8 20 92 12 30 77 98 6 0 35 39 16 53 77 10 79 54 14 88 93 62 13 71 93 3 40 44 50 94 54 92 16 80 88 85 72 61 87 85 20 65 64 89 90 47 85 78 64
77 56 28 6 4 43 63 41 94 50 92 0 47 52 40 38 58 62 40 2 41 59 42 75 46 33 81 67 67 7 99 63 50 14 63 58 76 67 29 21 66 50 81 64 42 23 38 60 30 80 56 92 82 81 22 9 79 38 28 62 17 96 72 22 66 86 9 92 20 59 62 93 8 9 86 3 74 92 52 63 42 0 48 78 34 43 87 41 64 63 96 81 61 98 56 11 13 59 60 77 4 19 43 2 63 84 54 65 12 40 91 18 66 69 6 54 62 59 24 72 31 37 80 32 56 68 11 31 30 73 57 24 53 22 84 90 99 65 83 91 63 61 100 88 38 69 30 54 46 51 91 2 99 28 70 59 72 16 98 91 39 12 15 62 86 72 18 68 15 65 34 23 23 54 97 83 12 63 90 66 54 98 46 88 80 78 71 55 37 15 19 36 51 75 81 30 6 12 26 67 37 44 91 60 59 15 22 1 98 5 13 47 57 13 2 86 4 12 26 75 71 70 80 25 84 53 93 16 51 28 0 57 10 14 46 38 78 36 56 76 96 2 16 47 0 25 27 5 97 23 4 34 82 48 65 45 34 56 31 37 82 8 14 56 44 84 5 37 22 8 80 73 53 47 62 48 73 21 70 15 67 46 71 11 85 69 39 10 60 20 18 54 24 13 78 79 87 59 100 95 67 41 95 64 47 51 100 78 16 98 85 22 90 21 52 54 99 19 4 54 1 2 87 73 30 46 46 90 63 5 78 32 72 22 60 42 12 55 50 99 13 31 37 34 26 35 65 24 77 38 28 96 23 70 34 54 76 21 74 97 97 4 34 37 55 30 69 86 33 5 31 87 12 20 7 85 50 15 68 27 84 87 82 37 31 71 68 8 99 1 42 73 57 28 91 75 42 94 71 65
92 27 26 20 74 4 36 3 15 43 25 24 24 30 19 52 31 2 88 85 31 61 59 82 29 15 44 100 29 3 23 1 55 50 32 36 43 9 84 100 69 80 32 59 83 92 19 59 80 99 91 83 40 21 86 54 34 62 7 84 67 52 92 6 4 73 94 31 96 84 1 9 35 72 1 46 91 42 99 62 49 81 76 56 99 43 49 67 54 58 82 22 57 40 96 39 48 54 66 7 21 74 38 52 93 5 20 66 50 87 69 98 25 86 34 72 97 67 60 55 36 82 36 100 63 89 80 89 86 43 95 7 40 88 8 29 38 6 4 37 32 57 67 48 86 98 42 31 75 62 11 4 16 18 98 72 40 61 39 4 10 44 90 28 19 81 60 74 94 30 68 13 34 87 25 24 64 76 3 93 22 84 57 72 94 92 24 61 7 98 34 97 96 24 4 3 16 5 55 43 15 35 97 24 3 90 10 18 6 77 50 87 92 63 33 64 9 77 42 42 92 31 80 90 43 69 77 89 13 46 79 99 62 19 97 52 36 62 97 38 37 64 63 94 62 55 63 9 0 79 59 75 80 53 27 79 49 95 16 17 98 9 92 53 43 64 24 80 48 73 59 83 63 21 45 64 39 76 60 10 81 60 82 61 30 11 3 5 14 27 80 30 54 49 98 22 8 94 8 96 72 58 32 83 70 40 55 28 49 87 44 69 8 68 37 25 59 99 79 71 4 91 14 71 17 43 88 56 14 84 68 13 70 32 12 46 17 99 74 52 39 84 95 22 75 78 84 72 78 83 5 94 79 92 37 58 98 38 67 62 93 31 53 52 73 84 49 49 8 58 90 2 47 80 94 47 3 56 47 63 87 90 69 82 89 61 98 70 2 31 52 28 27 73 90 48 77 11 2 27
11 56 16 96 29 54 87 51 61 98 93 26 59 33 72 56 61 76 34 38 91 53 61 50 55 14 96 99 82 58 5 3 75 47 99 92 46 15 25 0 95 77 36 44 70 40 8 84 5 83 98 23 29 63 97 20 92 69 54 73 70 8 60 18 59 37 29 57 40 9 32 35 96 100 27 64 99 10 11 74 75 53 11 3 35 55 25 2 83 29 13 26 25 68 86 42 43 29 80 28 81 90 37 7 54 40 86 58 66 88 80 24 14 18 89 37 32 52 49 77 22 88 61 98 35 4 24 78 66 38 90 38 45 23 3 59 40 50 37 80 10 10 68 82 86 4 16 60 91 31 59 71 73 1 66 34 2 56 67 14 97 42 45 20 0 89 3 33 21 20 100 86 84 37 8 24 79 85 28 48 70 26 36 13 51 41 72 50 39 82 65 50 87 71 83 90 3 3 2 22 90 90 52 69 13 48 28 56 37 28 76 33 72 30 51 67 48 90 98 60 51 99 54 54 1 99 41 3 34 29 34 55 11 38 71 34 95 52 50 55 60 56 72 60 99 98 63 95 27 8 87 64 28 12 94 35 23 70 0 36 9 78 30 29 48 71 80 97 23 90 89 38 68 19 63 63 33 88 15 27 63 54 1 21 46 48 70 81 33 35 20 17 76 74 55 69 19 69 85 17 37 48 35 47 42 58 79 96 18 63 86 69 59 95 33 41 28 20 72 58 47 94 72 27 66 20 15 94 80 18 40 39 49 77 100 99 61 13 17 81 12 88 4 81 77 50 34 19 99 32 23 8 77 75 16 64 91 9 7 82 79 58 39 79 37 10 42 51 83 88 49 65 9 100 28 51 16 5 84 79 84 73 6 89 82 98 83 52 38 64 9 46 84 28 69 3 66 12 45 68
14 66 59 42 82 40 81 100 32 3 40 39 14 8 74 67 14 14 22 82 77 98 66 51 40 82 50 97 44 20 74 76 46 30 55 83 26 68 96 61 44 75 8 32 51 93 69 38 48 59 57 1 85 80 49 94 21 21 2 8 70 73 64 53 18 24 1 57 91 39 83 46 24 86 81 74 52 7 95 13 87 12 15 2 46 77 0 31 65 70 38 66 94 40 77 3 84 64 47 5 7 21 85 36 59 58 24 36 40 0 26 41 48 63 42 96 100 50 35 41 39 61 66 74 91 34 70 70 89 32 97 16 54 73 78 38 58 84 12 72 9 69 57 11 72 15 87 31 60 56 28 32 21 67 76 44 87 9 8 14 20 11 93 13 19 94 53 98 88 78 3 94 27 37 23 27 83 22 59 70 27 81 46 78 18 78 78 37 31 21 94 2 46 79 94 71 57 2 1 24 86 23 4 38 28 47 81 48 96 63 44 28 90 88 29 68 45 49 19 42 2 80 74 66 88 84 84 31 59 13 15 82 66 89 45 82 8 56 59 90 26 98 76 11 4 73 89 39 45 88 12 11 25 68 80 60 44 9 79 28 66 59 92 7 5 7 21 81 24 70 76 84 8 62 39 89 72 71 95 91 51 75 78 11 32 57 25 76 76 22 60 98 76 38 2 40 58 95 68 85 17 13 43 60 75 20 75 60 38 74 40 72 94 98 64 53 35 8 61 28 34 11 43 46 59 70 62 32 39 0 37 0 1 9 13 51 5 31 86 7 64 72 11 70 58 99 91 64 67 87 53 60 15 30 75 46 13 48 31 67 4 52 2 83 95 16 8 34 53 17 97 54 1 78 98 57 64 45 46 98 2 74 3 11 57 26 31 19 71 6 7 65 90 11 100 20 20 36 28 54
75 3 71 51 91 85 24 81 1 90 94 40 98 89 83 53 44 43 63 58 48 21 89 30 98 64 16 29 34 25 76 86 69 9 100 71 67 84 39 26 83 75 80 91 88 69 63 20 19 5 84 64 58 0 29 23 38 84 97 80 7 88 20 23 78 4 90 78 92 100 0 99 65 92 61 43 22 48 80 28 13 97 55 51 31 2 0 94 45 35 45 23 72 62 74 72 30 1 62 36 68 89 81 13 1 14 26 6 21 7 69 74 22 54 62 11 23 55 43 92 40 3 9 92 50 68 80 59 45 21 53 67 8 42 11 24 49 58 16 19 19 92 31 74 90 5 54 61 61 42 14 59 33 54 18 40 7 48 62 37 31 85 7 82 74 22 66 32 54 10 71 83 4 25 28 19 86 72 36 65 95 30 18 93 46 24 97 100 84 1 33 27 13 59 75 59 33 49 59 77 13 42 24 92 96 99 70 94 59 36 9 6 19 7 35 100 18 32 13 98 84 89 77 82 8 63 5 86 74 5 32 42 83 99 22 32 34 27 81 40 67 77 51 96 34 24 57 56 29 87 34 71 39 41 37 6 81 70 54 80 97 66 57 32 6 25 40 51 92 82 26 27 67 44 59 8 33 16 86 29 98 32 33 78 36 87 67 58 38 2 3 38 88 58 39 87 58 61 45 69 69 58 63 51 100 26 79 62 44 56 87 73 96 37 62 7 47 45 87 72 93 19 69 78 24 14 35 28 43 47 40 80 54 11 73 40 30 77 84 70 60 14 7 61 25 38 67 79 0 39 1 49 3 55 17 73 85 66 52 43 62 7 33 94 52 48 84 34 38 100 43 2 58 38 0 44 63 95 97 66 69 80 62 47 91 72 15 95 87 42 100 15 13 61 32 57 32 55 26 65
