544484 491193 487023 518486 524491 514633 515389 515651 534003 506151 525782 502698 494503 514332 488828 509736 512503 466037 544172 511693 518653 513410 545077 488660 505654 470229 457134 482783 501278 515460 508019 497269 502590 488515 500488 482850 496147 512140 506048 522138 523515 500450 491030 482172 533867 537537 513849 477662 542833 520623 530035 471468 486129 532892 507290 499201 503615 490338 528727 479631 492207 555823 551989 516533 479219 490795 519205 468023 524701 574481 561588 487548 504372 518709 521879 522848 495289 527140 521551 488782 515843 510357 500288 515590 468238 478362 544255 513085 502186 527843 519697 508993 491103 570377 512794 491210 518255 513866 521225 494058 519822 542472 511953 446064 517273 486778 511625 489763 524918 544887 495373 503158 512620 484758 494056 508459 509842 542911 532058 529393 547714 491910 516033 519339 510984 501417 507136 507007 469393 500507 513123 510742 489586 519546 518404 572306 493437 529021 510622 473891 511763 500041 555274 532969 510008 489967 491832 555641 505782 522855 497041 485783 507434 515356 486787 532697 502141 511590 540396 478157 505001 495039 544483 523639 531973 533657 551178 513317 510384 507041 564515 532941 527184 526033 543861 484386 521767 505675 497863 504420 494371 500215 467304 495570 536850 502131 518454 520389 539597 512158 508550 564196 517386 506838 472124 495586 475645 506944 516711 530500
549885 496601 530970 524045 513655 509606 474089 505131 537623 488638 538722 515450 484983 536180 524132 515702 527503 465604 536370 470270 503283 531353 579879 504768 530697 490175 456036 498615 515674 518157 523583 505907 489811 478936 511476 477965 498314 496671 510081 539888 568033 522792 499139 477624 525667 561648 513753 466286 542372 530013 503774 502980 501411 545104 508823 507413 523014 506439 508407 490773 490193 542160 538643 507448 511530 504606 521407 477381 534620 574048 593135 485893 508763 534830 518371 548324 538632 522927 555297 508742 528254 500695 493062 531927 451235 513052 565468 538446 507496 537198 503242 526487 498806 592930 481986 518436 486059 511949 512883 497196 523087 521470 542186 458484 522790 499821 471442 491108 508916 549903 503051 532388 515703 498642 496025 520257 514759 558164 523707 514705 544744 511022 506111 500807 518951 508394 506093 529744 476537 508482 520298 472717 504686 519250 505865 582747 557947 526662 518234 494510 504629 488538 575800 550624 526154 482784 503805 547785 497857 508669 524697 492627 502599 525872 485852 529190 506920 501450 519364 480503 491040 520806 532695 545545 544011 550306 557063 537879 536050 534657 555558 516205 500990 534087 570863 480302 551844 502296 492540 517249 507671 517592 480616 514917 551372 527502 495849 540348 537309 514178 518724 538648 509949 517228 505124 485552 479174 484744 535243 512212
518254 498437 476092 507536 510698 485340 505917 504225 521491 476214 511102 478173 468872 494724 485814 517237 486280 451768 517332 495384 487299 470785 526302 484777 513946 434350 444246 461751 496100 476811 508503 457269 459159 468306 486399 455348 493844 483570 477708 503926 514771 488041 474434 481724 510896 512430 529712 447544 528742 496821 487177 464137 481882 495332 455764 483143 483756 486592 493799 454946 462811 503188 530373 480091 479555 482807 507460 445159 507058 526306 513642 468344 504142 487783 492869 501721 507597 491549 514581 469245 486089 476763 495664 484002 440363 470343 516612 493658 473780 498267 476159 475391 483899 550457 489154 480626 486622 499762 484579 480016 507966 518655 497088 464227 479602 465398 477608 496067 489630 518468 490807 492057 486999 483873 475438 488428 506524 510248 496478 486817 523491 486365 477856 480787 499991 496916 480850 485424 450608 482205 524401 467265 479438 472873 478242 541520 499357 504085 500171 471451 487278 490905 523574 535087 478760 464810 475386 501100 482678 472169 495063 453573 476990 488039 491185 498733 481017 475799 515502 475566 483720 464825 498853 517872 504960 527026 542707 511321 494504 499782 507067 488045 489154 509849 527849 482095 516177 463732 491117 494290 466276 495413 455340 492567 530056 463896 469655 501586 498893 470561 515662 513773 500476 503138 455352 467378 449813 483438 496369 492546
513144 489602 516441 530273 496190 536649 500114 508785 540945 510818 554822 506697 502126 520039 482441 523287 525810 470955 550313 508537 507920 498335 539700 509956 514272 484210 475073 485091 515068 514445 525947 486834 497320 476385 510727 481567 500498 514459 535562 536574 562841 498322 502256 463705 536508 553894 516118 461539 527012 529263 522820 513771 503860 528176 491206 491098 509682 511104 534453 474849 491940 533596 549444 499163 501845 504848 531742 458337 526605 563170 587002 483253 504560 516988 513082 523596 541149 522551 539436 510876 529912 494679 486871 515612 465177 506994 551845 517913 511587 545902 495288 511230 494893 584787 494704 475326 500142 526700 512092 497265 511737 558042 537588 469480 480826 463189 471781 505996 500550 562646 498904 513306 516650 483668 495465 507555 493377 543301 528223 509162 548705 495726 491798 495538 502864 506008 503167 484851 489773 516177 523762 507319 511140 501799 489859 542195 519674 543226 531064 477936 488000 483568 558698 551367 507785 504406 498256 522754 485051 502370 507007 508901 503268 524119 481598 533144 486932 524784 532160 493703 496680 483000 523781 540723 532641 553097 542872 547922 543875 525944 564129 508506 508831 530235 559857 504274 516278 494291 486548 510804 499898 508994 474292 533551 537091 495547 504813 516323 534544 505938 507392 548405 511726 510929 498165 487693 472956 492127 521972 517501
512175 499898 532331 515031 510708 521208 512211 526010 529147 515129 540576 499496 481568 513673 474691 525045 542107 450422 537993 489700 532510 505206 549453 523765 523853 476405 469700 482501 506939 523873 526056 491390 497819 512044 498612 492629 500563 522962 506184 539343 517562 497321 507705 490093 537572 534875 521775 490277 564884 542044 543361 485489 482861 535335 512852 504161 513814 499743 544564 500106 502840 549933 561933 521622 495317 488263 522918 452753 536052 586425 577361 498702 506405 515716 509880 502101 520028 528946 551651 523030 526464 518712 493263 526244 453722 498334 578187 523746 505012 530099 498084 502618 495694 580424 497272 507596 507070 542615 505214 512828 545684 568987 535890 476948 525140 508662 492125 498345 521813 542192 495569 499210 518447 503140 509245 502986 528902 533115 528001 527057 552374 501554 519215 522127 529345 495364 527062 533019 514714 520191 532640 502489 516310 506331 519590 560833 505104 536082 537136 480996 513168 503153 551795 541781 527119 498753 497793 551591 485114 523271 513136 504437 522738 497089 504249 538046 498649 518081 546721 483519 510010 511668 533738 512308 542188 557611 540539 528203 531178 496608 575831 529759 503510 524366 545705 523537 544360 489800 512509 518565 490477 496588 464678 503451 546267 490823 509550 538719 551683 516555 514039 552959 509123 515762 492449 527694 468037 505225 509213 515178
524972 498425 515754 490382 499008 494138 479247 500282 517822 496697 526487 467101 488359 505358 502314 513047 507739 439284 549642 494878 493986 484086 560793 512587 522411 460956 447769 489398 472537 484523 523791 486065 486755 493535 470321 452516 502061 466782 477548 521258 537206 451157 481385 475633 530869 547237 491246 465337 530211 490076 500470 490710 501995 531044 493632 506409 527037 476304 501888 473418 469373 508699 524846 483247 492591 492343 494609 443354 531469 546458 550909 464054 502040 510484 506287 524754 510249 506113 526076 493217 506349 500625 480971 498319 472685 488740 547445 532035 495286 520372 487521 500292 476908 564182 487839 497439 516372 517842 484923 467838 516064 523728 526349 463083 476439 476232 464252 476312 484652 537497 481808 512942 510632 484198 448309 481699 515437 534267 519914 517556 528344 500241 512394 474830 503363 482062 509481 491519 465479 497454 504259 468182 495535 491432 475503 534939 529052 509252 504648 464123 489750 481653 540619 523962 514078 490242 482990 535750 475467 495096 480715 504799 481695 484367 480780 505339 474549 496435 523900 466239 492785 486405 507879 506149 518429 546909 551233 500018 512772 491757 559108 495307 508285 485704 550689 471257 523814 481715 466461 518941 487664 492375 471769 530793 502008 518824 509897 500825 542909 480085 473371 506163 488138 478662 459379 490461 427068 497727 500307 490075
507479 485901 475574 498364 469577 494612 462449 478655 501880 493376 540781 463971 479037 501927 474166 526442 499813 442708 531437 472370 507499 469810 543773 491321 487357 457391 444375 453899 474487 476698 496367 476624 480880 476889 463324 447133 476563 465911 503544 506635 510568 455569 503209 467455 527927 515557 500944 433397 503881 503942 474344 485546 467827 518587 479798 480463 503365 488821 509367 468550 459722 517235 547322 485503 491402 464496 494346 441524 489591 521436 552002 464873 472479 505529 485876 489705 496089 480089 510317 479867 495353 473880 485677 498449 449311 476912 508143 499986 480921 519902 479518 497571 462991 559962 486423 458694 497093 483680 496831 458481 490322 541762 498922 458817 479242 453151 465877 470674 498502 532682 464696 507641 496722 476548 470117 508513 484486 537084 509777 511787 536863 464367 494900 486517 508743 480525 497750 481766 454410 483961 499976 468748 473973 453320 486997 527549 483920 512366 505684 449815 467638 472802 537381 517287 512385 485411 473450 521815 486491 503458 496217 476117 500504 499402 471161 489415 496424 489550 510574 459738 496898 474069 487033 525829 511640 521992 529801 514441 503652 485042 528203 498049 498446 498623 545007 482769 510364 486542 459119 501804 469186 468899 443574 481496 525032 467498 496450 479439 505166 465957 513995 527668 490485 473732 456848 480892 437556 488865 502691 484344
524977 510250 494903 509703 493595 523112 474581 512604 508404 509011 501341 480410 474639 483792 491200 502782 507950 446794 525852 495771 508153 495915 539867 486698 506181 463430 453670 469006 502024 503996 495542 470221 513294 508888 467658 495046 493589 492875 499417 523526 537696 493728 481430 482137 542674 523442 502536 478047 534394 510495 488976 496448 494352 515845 485131 491588 522184 496788 512402 476346 457568 516841 559817 512928 503935 487772 528747 447204 506607 546838 555747 454686 483682 521259 492702 486029 495597 501077 525430 480239 507071 515604 481554 515408 463569 486342 539898 496808 495164 530632 497540 522364 480998 557441 473393 480096 495561 499950 488139 462561 499930 542479 513121 454387 517320 467167 466559 497230 503430 540811 493066 508407 508602 497075 479950 488561 492827 539319 498306 490167 551429 466915 496657 511027 503449 484142 497395 496848 466742 502251 524408 477732 500869 502040 479014 540665 518438 512774 507861 460791 491460 489307 537288 522327 508757 463065 486976 526836 497993 533203 480876 490037 479845 495542 498568 512782 481072 503462 524322 473729 492192 491910 515104 512843 526552 528354 544051 511177 511615 515886 574136 492510 505776 488800 527414 494396 503523 470169 485950 480400 500653 497507 471983 487567 551242 493249 503408 508414 531404 489056 493009 533181 499800 493406 453546 485255 453774 493095 502485 506508
480617 464554 449013 465571 443457 471126 432465 475802 478008 448936 473986 437389 419869 449004 432727 495007 476488 419750 477839 453521 469664 443903 480315 440189 470519 426508 419566 435445 462100 461561 473279 407282 441673 452754 459419 429048 469743 432778 442169 484079 470548 461799 442393 437907 466448 489228 441295 401266 491827 487643 458784 434301 440013 475340 444615 438160 464052 449572 459231 439473 419669 468092 481551 449950 455475 448536 455667 394667 478733 502883 505163 427613 471815 470250 461435 458785 472404 473434 485284 460797 483328 454693 455462 459174 423329 450551 519686 453802 452996 461565 441173 452714 460506 514321 453745 455861 455538 451512 461464 430019 474660 483636 489424 422193 438120 434579 418313 447726 474519 480746 434056 445460 462071 454229 435759 453335 488804 491399 467158 464877 491925 427532 483170 458825 475334 452882 463308 461417 449035 430558 440281 442040 447635 462061 468832 481949 478758 472117 482835 425248 453380 438801 499009 480686 468719 466909 449556 475118 464382 470507 445891 458065 472611 452612 442172 466347 438212 434608 474669 431544 445270 430172 474945 452907 458191 483665 509837 492250 460915 477193 518459 460606 467957 456207 493554 446373 460888 448465 435217 451329 457245 450656 447956 489742 476992 447534 453746 463711 464386 443652 466743 465698 452401 462322 438116 479071 407147 445637 461921 468047
485676 488969 460929 482492 478959 503962 454645 506562 481976 484483 487880 478247 466339 489410 483431 517638 498429 412588 517300 476675 469042 458573 516446 477255 468297 441844 433924 461045 471625 482779 498327 465995 452832 465561 460454 455494 492265 449501 481998 492959 499638 463406 484441 444935 507235 517539 502107 429831 513329 469970 491114 459784 480619 486223 445529 443799 491878 488391 475224 463206 440767 500896 495769 463407 476637 484303 491011 442802 469651 534009 534776 432682 491766 485227 489006 484112 496584 488758 510132 481428 471500 470811 481696 503117 445831 472809 513875 490503 454660 511618 469213 479582 449883 563643 476083 489103 470055 484161 472235 465805 496610 506448 498405 438371 444313 458484 453044 495760 467989 518336 465104 466515 513310 443413 461870 469069 460777 524298 474987 504335 518794 476330 486606 469896 478811 479777 486448 496420 450726 454163 486990 462277 481852 476697 481034 526452 490220 511388 484548 450627 473887 464783 518329 490916 484170 456940 474657 515707 463588 463389 497395 484613 490800 488600 480128 489507 454324 481242 491668 457355 471104 473405 493362 503241 479940 536652 513158 519337 496919 484282 556005 499928 475105 481099 516307 449745 485112 449894 461632 483587 497731 494832 463947 449884 515512 476874 463161 470592 484523 456503 483964 473942 472014 474423 451106 459187 437213 493080 500181 464887
530265 491585 507282 506380 502075 513380 455273 485788 496857 495610 505322 493162 457272 506214 464666 505861 512185 428917 531323 481146 506055 487871 538847 487256 489802 471905 469602 450931 494418 508502 501069 484835 482914 463071 454789 468100 471776 494370 483037 501604 509641 493549 475492 454152 492781 530569 524810 458568 532514 474438 481440 481163 477041 524631 461151 480092 497119 496629 530465 459907 466990 537158 512039 486166 465616 467777 503757 456463 487992 541261 545248 460808 479286 492589 514725 501493 493478 507920 527197 507381 505086 492297 478680 501646 476211 472360 553912 487016 484632 507370 508877 477473 475130 571813 483875 494785 479477 486267 493937 481662 519245 539843 505828 446503 479567 469352 454295 459595 508908 543644 476819 502900 500910 456827 494602 482175 474987 530427 503659 483121 530669 501680 474447 495104 488719 488486 516226 504987 468781 489201 504483 464227 498245 490316 483071 522412 482973 530329 492384 459103 487421 474468 520128 513930 504401 472674 463619 536443 472075 524936 484853 494961 496765 490705 483524 491417 456917 480258 506125 461651 480331 484122 519167 513733 505846 541872 534756 502069 523682 500677 565981 488850 460335 506619 530681 492452 515826 471467 446740 508645 469579 464963 464986 481209 521762 469230 492259 500090 530051 481044 497045 511216 488025 493834 437170 484084 427077 495435 499778 488109
488661 490502 467493 521131 485129 487042 474467 486264 501196 503593 512286 490517 474936 489888 473869 492949 507978 431349 504768 478269 492991 475314 555333 473549 489348 463123 435457 444646 488313 504886 485504 465544 484885 472203 471040 451351 498122 496609 489900 507805 491441 480562 499973 469474 493934 513318 514918 444389 512454 491241 496205 492854 471009 526856 465752 478074 479264 471792 507195 465670 445113 504512 521081 493130 475968 463678 504098 471696 473922 522490 551997 453457 485950 484514 506240 490283 497320 523534 516219 500015 501509 471967 480091 510526 456797 478374 529246 500831 468328 499419 469477 486249 488464 540818 453816 464793 496635 492709 478613 475496 522816 544880 514134 445075 491420 470542 450085 490120 477223 519741 461145 489460 492564 500689 447468 475560 464931 514127 485272 493089 544245 485571 500210 495670 487279 490602 505496 500844 467676 502312 497755 443056 503963 485101 490284 538581 479628 505070 498628 441970 485630 489739 536786 502148 498214 461652 468494 506013 447537 481635 488927 493103 495575 501463 463204 502194 469000 486051 503077 457482 482708 479872 505469 537043 499177 538712 507535 518001 501226 502086 546275 509604 473314 489263 530337 490530 498202 477810 475731 487365 494762 489485 461706 463829 515047 486384 479658 487376 519761 500893 482026 523460 470203 476094 461161 505695 448238 474431 494252 474202
502181 481956 469411 492074 490954 492194 476940 479944 513248 490267 510401 478403 453563 500108 469582 507665 497410 410900 506586 493093 486475 467537 517268 474061 487714 449163 427351 471520 472223 456160 489655 496785 467540 466742 442878 466709 455574 477472 455134 490300 516782 480939 486373 450401 498203 509184 510630 445791 505581 492891 454288 458214 459145 514362 462960 465770 485841 472934 498542 481850 457176 500975 509608 481965 476374 471260 495063 444529 498830 514360 528262 457532 474158 488209 478314 498503 494151 506280 507106 496442 490873 513574 447541 485168 424895 467715 525667 489677 477832 505911 460543 493514 458325 555511 469433 489995 477961 519889 484001 482354 488928 521409 523675 442921 488886 455373 439881 474427 493077 526625 493018 473389 487799 463834 472776 483067 461007 529780 466582 492069 537025 482669 496407 488120 484881 475169 471680 473867 462414 499486 513024 440508 440032 485231 475946 543199 501717 494181 493149 449230 501082 476861 524113 513603 511171 475456 482837 509262 451840 498705 480690 463575 460716 470470 473253 482483 482192 472246 471283 438103 489053 490771 523591 524319 513310 545284 501985 491976 470915 502960 546170 483882 484825 517430 533120 490987 491884 460860 470210 483167 482321 465084 442112 477288 497694 483023 470401 482625 484866 465850 477510 494563 475186 476020 450432 456646 442344 476698 507271 467677
492968 477150 470259 498990 472008 486805 464522 502278 510048 471000 510912 457360 461339 508507 446723 482993 475186 443044 508129 469262 488995 459357 521293 461702 452304 430745 423114 429120 467651 489121 473649 448228 465078 464175 474325 441166 463906 489092 456952 476891 481942 457868 487864 442812 493583 532265 487133 432682 534796 484901 458207 478285 432745 507474 464929 490164 479353 460741 491594 447206 448513 502950 502964 457199 459590 477495 510017 441888 492074 516342 553909 457394 476891 463223 477133 502194 484932 473668 504630 484939 503744 463099 446780 480782 432017 463659 523011 502424 471864 483032 475987 493466 461807 547396 468189 475708 470354 487174 478001 461316 490164 515126 503402 418955 488168 439659 459763 461174 476879 512263 469264 482063 493231 473979 449377 462632 480312 511169 497445 467637 499814 466103 478966 472434 459793 469425 468207 478018 467214 472266 502043 440793 449401 460584 462817 536415 495398 481777 484583 459817 448629 492091 505176 503500 469023 467433 461597 492489 450239 486508 474889 451376 459982 487681 453868 506245 449950 489054 489180 420755 440192 468060 498642 486532 497802 523230 517256 489571 482159 491518 538972 490634 470642 480248 503948 481503 496949 465756 466635 476868 478467 449600 428186 482867 508597 462049 468492 483726 469889 465859 473798 488977 448826 458466 452494 464111 429675 475637 476189 470472
459369 451789 474460 481911 450587 479162 438725 451187 489100 472180 459912 462440 439850 456484 445708 475797 457485 415468 473286 454343 484349 469252 492964 473994 473068 428509 408359 448464 467639 459555 465534 434951 438035 456956 442203 431536 462280 469341 451143 469100 495566 443411 467523 448572 488833 498533 468925 421128 489501 479375 461066 451310 452122 455012 455271 466613 447917 445531 480139 441137 438306 475739 511411 430940 455395 424252 475089 403383 484198 519470 509692 430237 460043 477833 468169 474020 482491 477428 480120 457629 494640 442056 461667 492807 403580 440150 526169 448002 475498 454682 460886 461234 457221 527347 431563 437455 440176 490047 463335 443349 470528 490739 473169 418722 458131 443112 430895 456979 467391 482180 440934 474405 450530 450496 454501 468645 486357 491703 448467 457350 495947 474465 438320 493491 457457 451843 456072 458591 449197 474538 468649 448213 459880 477917 457400 513406 471603 475411 468682 439301 469193 452562 507002 485698 486807 437861 441231 486168 453972 481716 435213 465959 485707 463821 449324 478248 437234 480333 468204 431082 466831 463595 483486 489133 463290 506909 506517 467080 481896 456721 515813 473632 460232 470305 474319 448984 493619 455908 448544 475868 469347 442312 439912 444765 493868 438936 459240 472673 470127 465425 477322 513269 467451 471242 432128 452068 416417 444599 469712 493329
491418 460491 496390 498439 484656 506137 489741 491715 502435 477245 488231 480109 464332 486364 460758 498528 492227 437217 513791 492256 498945 460791 509680 504371 499505 469549 446367 482472 484492 480823 499132 467263 499949 482806 485958 478418 499111 479205 512114 511970 530630 473935 468300 448808 504285 542187 501276 463177 527537 482737 497979 468642 467752 504062 448356 478604 491612 486036 515335 473120 458591 512822 531236 476751 480338 456308 476393 449563 496473 536761 571442 460504 485073 473103 494262 484201 489907 497467 534575 496383 480849 464425 482541 500194 457590 477801 509013 504337 497794 515223 468092 499912 456528 572800 468215 480673 472667 491480 491367 443504 489311 512323 497358 435942 478683 468447 452590 459752 485103 541562 451493 465390 503324 479848 478071 470670 484693 526074 509167 498875 512123 479984 477360 489813 518881 461015 474763 506064 446758 497074 514222 453734 493786 470078 477850 555147 517114 509121 496892 454468 467989 501239 535603 519001 498542 470150 474102 540783 485479 492426 469042 493585 491974 484291 468268 485548 455972 477176 515947 451467 481543 469819 482553 507993 484503 531170 512920 481394 492336 485541 545321 500294 474733 502548 504874 482475 509638 462765 456324 480625 491221 465341 443063 472005 505109 463678 496706 498774 507235 470739 507801 493008 446823 504941 465803 475068 441734 483639 485718 481775
523921 494987 503459 505568 508256 513311 487508 507159 522369 511623 512003 485954 475479 508750 499201 487583 531600 439116 515018 463286 515441 492635 550285 490778 484127 441373 448029 457824 498085 495990 511293 494702 484671 509233 500903 472254 486767 490902 498427 493043 518270 489909 497744 473439 536967 534607 522145 437275 543177 517185 491392 473910 479497 518484 485062 494932 508816 505311 544378 478289 454801 545090 541480 507480 494734 504039 525735 459012 493186 542843 547541 472261 504062 531675 508584 503159 509003 507833 518464 504428 501707 496451 472526 517274 460875 482392 548109 512403 476241 504359 466574 493771 496369 572195 472474 487505 507530 490990 503030 491934 527178 533002 524878 429874 501520 476025 470456 480872 493829 535284 490341 490256 486595 488054 489642 488457 481303 546548 514468 471294 521031 493067 495537 522910 498615 495244 493211 505635 470451 504957 506072 456116 490015 501025 508326 553645 487787 513088 494374 470565 501897 477624 539275 501665 470805 468686 461348 539781 484318 502323 491968 462531 512186 503333 488544 538454 480542 491134 512027 463947 478874 495258 525948 495938 499153 529099 524983 509269 512079 501521 589701 534648 483297 518874 524211 478151 511249 486334 481981 498297 473781 483125 474974 482206 522205 512364 490024 499959 521383 490240 500201 534251 500514 476276 465477 463348 436155 500054 516236 509820
503679 491766 478598 518013 480829 499413 461074 471686 495933 484895 490497 460450 481072 491452 475674 478695 499965 419618 492171 470909 481305 471522 522724 461378 485540 451276 412533 472731 474641 480681 481772 446785 472005 445108 471667 433831 477974 470455 481494 500337 504791 480536 485489 462219 521652 501322 500756 427642 497102 474252 475782 480420 453025 509381 449531 467780 482758 451877 497942 457756 448297 479004 507877 467665 466857 444616 476019 442609 503801 523597 549721 466178 497445 486184 505554 482915 492454 470083 519605 468879 463787 491092 468679 471562 450942 483962 523116 488841 476630 493393 460167 461421 468221 559227 460188 464671 483386 493807 478273 440482 499074 497401 499285 432249 468156 445375 433929 484128 502750 503338 466187 487161 503403 473613 454486 477923 478230 485179 486324 470251 515218 479971 478880 490945 480502 485515 478484 478040 460395 486911 487469 451472 474717 481841 467113 518489 497710 492235 513433 417604 485071 457102 540164 514937 499484 445155 460701 506469 463411 507051 481415 476456 467981 474132 438266 479219 468469 481168 503931 451134 465655 475813 500081 495491 481607 515092 508353 494848 500447 494375 534222 488911 494916 465442 518308 449643 490894 465661 482293 461256 463461 460257 449015 454032 472475 463101 466540 487424 489525 489013 495457 496649 486743 477773 461445 475665 415649 446895 485736 479529
495497 442533 468524 481128 441310 489470 445518 457402 474579 477650 478983 463969 445361 489297 454659 497569 501747 411436 504960 439860 468629 463027 502959 460297 467710 454412 431402 440835 492917 491434 478570 445808 453031 457853 438495 431313 436109 466794 481245 476862 504237 476751 457000 455129 494024 501319 488823 409273 482292 465032 473168 477058 469369 480138 438777 441913 480694 465196 476720 432784 444216 487912 501850 470387 450436 457420 486554 418811 492758 493864 535256 442115 446942 471562 478868 468481 503205 505027 489529 465729 475340 469692 463495 472864 432347 465929 510050 464328 474848 495229 464702 456620 460542 532370 456128 447476 454974 475266 470984 452965 482504 516141 477550 441481 463618 428804 422387 449248 461277 525246 451382 488024 470350 435265 467314 465009 476971 502519 479020 474107 502761 473950 469744 465779 484059 464326 473860 469124 460516 461172 465846 441537 476136 449712 476325 517436 484937 496033 472849 431062 470287 443869 523461 492802 473796 436329 461146 492073 451598 466080 478703 472150 476672 444815 453772 480964 471744 478564 505175 446859 459530 455756 493906 501157 496256 490529 501634 482045 481575 457545 514454 475402 471391 478348 491664 458715 474986 456459 436602 476438 454845 453276 421531 462101 509888 452034 461910 473091 500320 468014 490028 487950 447860 471160 430161 474343 438229 456121 457881 479058
531786 490759 514198 507063 496466 524029 495208 502325 511599 508932 523076 500447 517874 530665 506078 510524 511003 434785 542918 498229 509594 511413 562209 513216 506547 493430 450698 478796 529738 514566 520793 497727 482298 510833 509070 488448 488005 504888 500969 532315 532776 492228 504008 498946 556627 531295 538031 471669 573491 502791 509957 501999 483693 520633 482379 501644 528189 505632 537520 487646 486276 539422 538623 482074 497896 506265 528151 465913 520565 555056 566025 477792 483199 498763 505166 507945 533063 516457 548598 521573 527001 492200 474349 523941 447383 504377 565705 533754 534942 512018 515213 510602 484029 569155 496392 498030 515715 511728 496624 489538 532965 564065 525644 455786 522004 465369 496859 481851 499243 580091 503537 497523 497569 493985 486005 509780 490625 557522 534048 509250 555914 513322 490117 518773 539148 517365 506702 520114 477261 491978 527504 474356 506402 509140 504641 567987 511702 526688 530289 481213 511375 490982 572904 530736 503491 478719 479046 512534 458541 520260 491742 489852 518326 503298 463237 532320 510537 495110 503845 466794 499675 498908 532343 535357 510066 551048 551819 511754 530475 516540 563800 529398 503978 509934 528744 509088 527691 478999 490756 521258 513784 483592 483172 504820 544133 488065 517229 508228 521718 514708 513065 518608 503132 508933 486967 489657 474842 502466 505725 527576
534599 490708 489780 503750 506164 505069 473002 489396 508712 506865 484196 495987 486508 502730 488251 531014 528298 443052 509672 496494 513911 500605 565985 483301 492405 478604 450302 462259 491923 502565 511693 476676 480746 484935 495804 468914 492328 495238 498813 500664 521920 490622 497492 465029 537169 532867 537654 436750 530338 495622 502100 491507 491537 515806 467749 498673 488327 484225 536176 455811 470387 530014 527893 488394 475245 471866 516269 440701 508090 572747 562776 469965 481928 513047 516812 506076 501375 530246 497675 504419 513579 502685 479586 505952 450028 491342 553296 503529 494089 501234 482774 491685 495142 571404 486791 480574 506656 498400 502842 464792 515242 527878 509905 459386 496185 465357 465371 477573 473381 531084 489104 505302 525557 487620 477701 526609 489106 533781 522596 496438 525955 488354 473787 495548 511978 532370 482949 520761 476228 511171 516229 478572 503533 472796 498388 537854 509599 513040 504843 459687 500464 494491 530780 514430 504878 475436 456181 533985 478375 516065 482621 478925 500558 489190 474869 520377 499227 523228 532087 464121 491553 494768 503379 520907 506456 521814 541832 503527 523561 502620 547640 507300 503380 500502 540340 481527 547828 481696 488545 511883 469721 478030 453120 476579 511853 491473 498273 509282 538476 503821 484807 520188 488586 492965 469118 493704 449511 495380 511428 506416
491053 477911 461637 481803 463379 491037 446216 470359 514623 458847 484506 452251 447608 478826 460647 476106 474247 425229 497927 476712 473167 443161 518696 462708 476160 423714 428124 441283 456721 473443 477645 436136 465493 457176 459147 461282 464661 483469 467383 469943 513227 453826 453906 432048 495111 504746 485825 413017 495602 476766 463085 445654 456836 503192 459104 428291 444419 469183 499319 444491 459054 486343 501201 461840 457009 458400 506208 416328 486433 520859 514370 427797 440714 478575 465169 463004 503863 476383 478521 466908 459580 467561 444983 477643 424945 445733 535260 453631 458489 481287 448361 452178 457851 549882 472933 454458 457233 484367 472918 450200 488940 480303 458904 428627 440862 428061 433803 444205 462263 471963 447766 472670 499326 443817 472905 471103 464444 502116 477359 485097 503048 446991 451097 455160 460551 463689 454204 458374 443951 453888 482926 457010 462711 449846 450797 514555 466186 487529 480039 421495 466199 451927 532376 482176 469232 470855 430305 473482 470836 502745 470268 460361 464399 454950 474866 478654 474069 451363 482641 444656 458623 435725 486701 472388 487400 522804 503748 464865 489512 471898 528561 465094 477980 475824 521716 451284 498322 458242 443658 504180 461788 437552 441836 467103 467592 441200 456195 478186 480909 478156 450571 485892 470672 458432 424860 444160 398757 463887 497023 480144
513509 500816 477160 503604 472520 510392 485024 503189 508956 496594 512963 480815 490502 512096 477269 503245 500752 438489 514879 488190 511059 494391 539052 504721 509524 444733 461912 461392 500981 487777 503899 495619 482579 488956 448406 465149 502662 496162 496455 502412 519780 492368 506040 471826 515867 535437 507624 444226 537723 506336 511500 483989 482789 534509 473963 466150 505109 496860 514346 477950 467320 532360 541887 473475 475053 476610 504678 436657 501294 547531 551166 454422 473527 504067 506759 502245 507921 510371 530790 479202 495043 486564 488329 506110 460105 475301 548462 496747 478963 493172 488000 477329 473427 573363 498456 481044 495492 524407 485101 483798 511709 517199 514240 437613 484461 453945 464781 464807 494064 537463 469203 501922 512157 491536 473900 497254 492847 530570 494882 527861 547687 496314 516387 505656 491617 496592 504435 495855 497868 489017 499833 497617 502687 493612 464662 546634 508561 531297 515824 460404 487663 495063 540880 523501 489105 470258 499122 503890 468986 512440 464679 494798 498442 499160 479799 504315 468204 501854 505335 474605 492544 493248 548695 522835 500863 522206 524672 510422 504524 506368 562007 487141 498684 487790 532832 494110 513867 449927 479962 518180 486801 477008 483327 510972 498558 488448 472561 501045 521006 494570 499736 523169 507748 489226 463982 475837 442388 486429 517503 510172
485272 466140 487153 486374 475794 486630 489465 508468 500430 496300 499196 454681 462662 509256 458399 500458 498778 422182 524512 483997 483425 466381 522096 480968 491597 452375 426888 471908 465380 454697 486478 460028 488451 461511 455029 461080 506528 459415 477701 492032 492560 464974 475075 475160 504174 517646 498144 425819 512282 494399 467194 455866 457894 519813 465822 476239 471768 473939 486211 482480 471892 503730 515895 475361 469298 455189 490065 439398 510885 551544 512330 459500 493660 488975 477932 492610 471891 482630 509050 485666 481518 483097 454883 482480 440354 470252 526614 486751 482081 499959 482181 490856 461015 550495 473493 502669 499823 494766 468693 477956 487441 515551 514620 449038 476952 459152 451328 448180 459155 528428 457935 501640 494896 452983 456974 454258 469863 508480 482542 502568 521607 478367 473451 485767 476764 475688 486766 486215 461449 473882 505405 454457 452337 495829 475850 550450 509699 488667 475938 460316 465616 479482 532064 518658 456465 453984 475135 511650 447353 476187 495529 464570 483531 500541 471764 481817 478703 475570 487966 454517 489912 472311 499130 487809 512165 530075 525925 510371 487777 452813 529263 496411 486525 472615 517043 450620 507721 455604 465761 482639 487132 470727 456507 479604 512563 475842 477238 489800 516037 463787 477271 504455 488797 483538 453604 452614 418782 480359 476844 496191
499832 466930 485838 503561 484005 501666 449405 468380 481721 458028 503530 477812 464117 482057 484836 511716 478264 430196 504733 489433 490908 458004 518706 496365 491619 431083 421181 443241 477669 470704 505634 466276 471694 470683 453979 460766 443163 488548 458359 505630 512298 463004 461449 469687 492619 514922 495960 453647 524594 490014 457944 468735 477781 499829 458620 474370 502015 470110 493122 464551 470770 511780 504398 492160 467620 474169 503708 426292 507367 508447 525731 443206 490772 502010 515190 492146 510562 495016 507656 493777 500632 496416 465169 507619 437721 458215 521103 486823 475123 522132 473292 493875 463006 547765 477204 464513 467090 495595 452001 462083 500805 520725 505333 468870 481185 469846 455668 465426 493265 523477 470688 480705 493946 475933 466778 468661 484719 502752 490835 476712 518631 476825 488709 478021 489231 474389 473303 475515 463299 484997 495116 460690 482504 496055 487477 530431 511785 484569 495992 455409 484360 458469 521890 487136 494735 461324 459473 513554 476610 499176 491697 494849 454424 450035 451065 492803 481083 473923 504724 462797 458204 472707 493007 497613 503237 530497 519047 505978 489124 520928 520801 483414 469697 492588 507837 469625 506158 480173 454291 489936 493295 443600 447549 462058 539723 474639 493346 478762 517430 469363 475979 484528 479282 468441 451166 474503 443426 467594 478204 473927
500316 478112 467678 520057 493765 496166 483500 527816 502210 497995 477950 500894 457993 508551 511772 503736 487731 432407 524693 484982 509520 469341 540240 497041 500673 458994 458427 476410 473429 504600 501834 478193 490439 466154 451072 463623 504000 489162 480610 493619 498241 502780 488814 456022 515976 522152 508052 445767 531832 498758 510565 474200 476286 504164 481071 457054 485712 500157 507674 459532 464868 520496 524961 460489 473287 453913 511762 438054 508569 548431 543363 471131 468097 489537 473979 503487 507354 519153 524974 497068 498825 490633 483493 515371 432921 456779 526869 508985 480648 510660 495858 499701 475192 542799 471349 505718 484786 522313 485797 490559 526427 510179 506697 442080 491411 496342 471272 482640 490208 530696 466533 495033 516865 465897 471047 479726 498980 509319 476036 515741 528100 497368 484959 491039 510336 488417 484025 508723 477871 475955 503331 477760 476194 482236 495179 555323 484305 526101 525600 443286 491360 469894 532990 501583 515333 474655 468902 514708 468681 476599 463605 474733 495202 486966 506757 523205 478137 490250 503949 475240 486411 485611 515414 509289 502876 534302 517025 512161 515930 485608 532195 497032 504543 506000 554686 489571 527852 472953 495939 507258 497473 468512 474664 479274 490810 483617 472800 499844 506214 484035 517715 515790 495539 505351 466347 503841 417737 489359 511335 514184
503459 472833 497638 509132 498591 501870 491781 499789 516327 520509 515889 496227 484819 491572 481194 511617 499891 452134 542178 484533 500681 487706 543113 483571 494935 468516 432663 476419 507883 507656 506711 475252 512381 470383 475198 466160 483539 503347 504946 526574 522631 481457 489170 486259 532688 529836 510774 440278 509535 521563 495603 504174 493260 517754 474979 494421 506295 489997 503589 480739 474503 487165 543616 482653 491962 460056 521964 453172 505086 537376 563138 461046 503831 499040 513077 499193 504992 503477 519464 502595 515293 492397 485629 509839 435225 477623 545016 503032 484294 522651 483055 475807 501032 541723 493953 471975 506360 501204 504687 475727 518305 529653 510034 443227 484744 448562 463913 480864 513831 541954 486405 493535 523627 458734 463531 478418 479975 528592 495417 513848 550518 471946 499663 473361 502341 482062 501687 495465 476006 507096 519804 463801 497144 488279 492828 553858 501743 516945 498092 449221 491156 472550 537345 529733 502097 472331 466231 514203 471589 517223 480199 497551 506498 493491 485459 511518 507659 497769 522609 458144 495612 478465 516680 514686 506565 527887 534207 501902 533337 471824 568407 513205 500227 488429 535477 472192 512945 453140 480176 498784 482017 494196 451322 478330 506172 473643 510306 514720 526338 493431 504309 525921 498851 486105 467425 487885 445774 484606 511915 514814
548657 515260 541884 555283 513435 545094 502364 539806 550779 525764 541984 538447 529972 531473 551044 557073 528796 485674 573537 510269 557702 516930 579274 534432 532317 489674 472478 489539 525267 541643 552566 534899 526264 528119 519186 518056 517270 520836 536284 560582 569009 516248 532149 520131 560834 597955 553923 471755 579186 543660 544367 533278 511667 530374 499761 527440 553968 532897 541885 488226 511095 559771 548925 505579 519581 525002 555940 490956 541500 582023 594052 487434 531236 542866 542554 541741 548893 533744 565544 518255 557265 511468 496359 571528 456772 511477 602979 560309 523206 545238 537360 528923 523651 604793 501906 504378 530875 534729 553390 497715 539923 560358 536709 467659 526875 499530 498990 490273 522547 584437 514636 553187 539171 516983 519617 541929 535937 584155 533261 545633 555799 517714 508674 518448 520328 535258 532428 541066 510141 533132 536194 517691 527031 513240 510623 572269 526524 549439 530421 483297 519918 501417 584057 565807 541257 503585 512869 582872 499192 550242 529755 526935 538607 531183 512687 552595 505858 538867 546801 514630 530150 516150 551292 564413 562827 553249 578712 555824 561818 531709 611758 557010 531298 515534 561083 520905 540938 528435 518777 541269 559039 529423 493889 534476 571419 513992 523607 527402 540886 548181 523134 561437 552805 550007 511678 520952 508303 514818 538447 542387
522996 512453 492342 501989 499763 493037 470402 496630 511559 477124 493071 494949 475527 500199 464377 523433 502287 451605 545181 465579 524873 490548 533400 492797 484141 480628 432856 454593 492662 481494 492299 474385 463194 478089 478340 457944 493152 492204 505085 517526 522341 479601 491121 479725 509518 538961 506546 467511 521333 515806 474961 493948 462851 518219 466542 470248 515422 475916 523627 459120 458063 535469 521026 476618 473820 476985 541865 441024 509695 545937 550927 459455 505708 502855 517573 498433 522860 481068 543074 481868 496476 495842 473506 491552 444461 476151 549899 515837 487332 508533 494328 483986 498826 545485 480709 489127 498462 495826 497550 476227 523040 521084 504544 448558 474279 460539 482558 497948 484160 537450 471427 486241 484965 464793 507285 472974 495320 542632 496378 499197 523615 486555 500468 494269 486904 474696 485233 491459 463242 480039 508082 474714 488732 477926 498000 545522 502592 532501 511940 455570 477569 470042 533897 539502 496283 474286 498722 501564 477620 500338 494295 476549 494308 492693 494803 510480 487019 472720 489849 459977 511935 498430 497646 510800 522059 515666 523538 526431 509338 499365 540094 518347 478543 492611 526514 474881 517451 473690 471330 493578 485912 471942 448917 486753 511995 497746 493427 508670 500906 497747 502811 538041 495873 503540 467194 477940 442979 490771 501556 514554
548506 531522 552406 560563 510178 557491 529679 535275 550985 548848 564624 528664 519656 544183 550917 547245 531340 506372 580184 524130 553203 515456 585163 528033 554520 511473 487781 512530 530576 528198 543646 509177 533803 510811 549576 511779 537890 545747 542493 543981 574767 520070 524540 511746 581000 577543 568100 492008 564247 542778 551368 553763 500947 573215 515396 536009 554470 548591 561208 515074 524625 542038 578369 542487 526559 532652 552354 496030 555386 584646 594512 513924 533767 544737 551319 549656 567623 546492 579733 528354 576794 544015 521974 528482 499496 518049 562998 556605 530980 563768 537228 549518 531671 612040 518456 516067 544451 549848 531255 491987 561879 570930 562124 497991 519081 522562 510225 526356 537752 568112 513970 549224 567256 527410 522045 524568 529666 573020 570487 535872 575353 518509 544172 541195 533261 538426 540587 522210 512918 551192 553051 508040 534152 540621 528518 612765 551332 566994 544997 513187 545640 510434 596037 575348 522872 490235 551537 573655 512772 556156 551683 525017 547176 536445 520401 550084 530286 543491 559982 533613 542781 510103 550914 565257 551251 583015 600447 571396 567672 548383 610597 556692 562866 539618 591874 529606 569827 523570 544278 550722 563707 536368 497674 531711 561497 543792 547598 531290 549221 542755 542741 553144 542091 526350 500212 540180 479105 533294 532393 562648
523460 507472 493039 545824 492129 522082 495192 511556 519944 521302 527782 509554 491986 533874 489045 520896 524020 439277 538976 513057 507650 490425 548452 513711 501320 464077 459809 492973 501135 522980 520261 492114 506958 492116 499619 475995 505113 492475 505839 510364 548423 505059 504436 487579 550359 530197 510642 451500 526060 509071 517888 493488 470182 511305 502951 482550 506622 506017 538884 496883 472480 537889 540814 495955 503395 477985 536589 457684 519493 549133 552974 471182 503879 523525 504193 541310 527477 510646 522222 514751 505888 525515 483626 518076 447268 473223 549239 512187 493759 534924 488087 515220 511838 565983 498141 507487 501354 533592 502597 495806 514839 534106 528088 463191 512893 493235 480056 499602 519539 537384 496919 529745 523008 489498 493616 518420 523561 541414 495149 537579 532790 502497 513807 531460 492366 513561 513964 502684 482552 505276 512640 475450 473190 505737 499969 547027 510773 527599 536251 478110 490816 497498 570534 521564 539085 465178 487937 530992 505917 506284 494911 501901 532254 505598 494426 525426 487402 510285 517916 489722 506580 494190 522242 549528 534717 553566 536704 528989 502722 503235 555548 511643 511681 520487 532695 477350 528054 505396 496259 522658 508620 493662 478774 483265 530891 493059 491155 535061 525067 512198 509946 529410 502731 519487 460744 506233 463226 497023 524549 539923
474324 455688 454895 460333 437325 455724 439450 463248 464145 475768 475008 440000 433148 464931 431067 435957 494897 419406 481950 450104 450814 468998 496813 432587 437849 432760 429089 415318 455744 454899 479185 441996 432870 459366 443069 432761 463487 450286 452731 453807 498150 480856 446465 426700 483137 497661 460517 416960 481335 462556 481354 446085 452240 461495 438625 459623 427849 457157 494090 454245 413226 486257 492983 466430 438251 437677 492450 403686 464526 516911 518131 424096 459269 464382 472499 454512 467621 476201 487537 459564 472052 477603 432011 445325 420172 472892 497328 456602 454486 459376 447817 436530 465489 528749 420266 458448 461549 466552 470107 438282 477423 487257 451203 404441 442441 426282 414303 447534 438615 467644 455615 472325 459321 420476 467119 454172 428142 477543 475008 466047 494856 437973 423107 458612 451878 452625 481781 470496 435926 470640 461598 444746 441009 438924 443695 497491 462056 464180 467581 418498 470615 448438 487493 467058 471949 442168 443444 502896 434056 463926 442446 460328 470469 449513 438938 484046 442341 451373 475555 451920 449680 443544 466520 445852 501288 486039 472970 480539 463467 445615 514634 476782 457047 483577 481290 450227 482050 447565 447428 499435 460282 445657 435778 442170 473167 450289 474679 473990 477265 453033 446939 477277 458767 454820 434139 436632 422842 451087 462106 472547
583913 548145 541255 539951 521615 537911 507832 542473 549330 546999 569316 542195 523716 556676 543311 553888 566205 470308 583280 519677 542339 543206 583527 523254 547987 481465 498816 512202 522185 547608 536370 541551 512412 530154 517320 500098 511826 525762 541914 536368 584451 518996 535919 519010 542753 580725 553176 480778 564412 578777 539542 521720 543122 550082 529932 530811 572317 528968 572463 511959 526295 581827 580268 532323 527391 526432 566892 502542 566532 554372 605505 515766 535724 569464 548155 546503 558278 554224 582248 531198 542462 558899 518790 568222 493122 541105 577891 548208 533053 572072 512554 538294 517295 623546 510778 532696 522763 553425 531346 532938 545056 589070 550291 506741 535680 509733 491692 521580 509260 595352 538050 560789 531738 517695 540415 555123 527252 586064 543659 540785 583500 556588 529433 534815 546872 539344 532749 534892 523775 537284 541927 526158 531910 548292 550815 616924 574297 571008 521343 508702 564341 529415 588665 543434 536952 530748 508981 584479 514304 554770 538181 542178 521233 522183 528135 578790 527258 518203 554163 497867 524548 545524 561323 555597 590010 583477 581300 553549 563540 543271 604201 548476 531746 556460 594909 530336 559808 518716 511900 557570 536528 531345 518854 522864 568752 565787 540948 528317 578904 534909 537446 583491 522923 532672 514273 534045 482623 541420 567128 528288
501535 472452 498147 490678 472258 502561 465670 471278 497071 496547 488384 465621 473820 491199 482744 483549 498837 459316 521914 479000 495041 472297 526283 476210 488456 452270 439993 451466 481709 464734 493099 460524 470144 487050 479426 468671 484844 482989 491572 482026 512541 464816 471619 455535 523022 520773 486772 457061 539366 483685 507906 460028 463407 496265 466879 455592 468500 487449 508787 478190 463060 504757 501634 469376 471223 453917 488973 457802 490145 531703 547259 426502 461746 489830 518709 474844 511647 504757 499733 462356 466170 470153 481151 493505 443223 479878 536957 490947 492717 517499 495316 467538 469560 551200 483043 474237 491028 505265 476898 474082 490401 504760 465263 442561 470677 474980 431104 453737 469428 516257 469786 493130 497153 466077 486291 469089 492692 500205 504817 484554 530943 461911 473203 479211 469674 480725 489229 497715 448088 488552 494439 467673 476718 488193 460150 523702 501890 497101 497880 460032 486116 481247 510160 498252 489519 465226 458496 508344 486630 496485 467334 481507 474796 452022 452171 500863 483441 473538 516733 453462 483158 463926 494987 490006 488822 536778 520069 480664 510986 493520 547641 496432 470803 477068 520328 476390 525077 469517 460630 487247 463494 470762 453401 461677 506125 462778 481639 484982 501284 465599 496073 504815 487906 494894 436138 459008 445033 487920 484196 505116
505518 490812 491722 512216 509734 499630 481091 499376 492891 501194 505651 479499 477310 486633 475910 500985 504346 424119 536579 485161 497250 470296 539306 489422 485090 451974 462699 472014 497542 478789 487456 480129 480463 491235 478675 457842 490741 481950 501852 506677 525687 481947 482290 465334 523738 522039 510077 462256 514063 495295 489780 495987 472380 493731 474972 462801 476643 496731 510885 453681 447827 505804 534341 466815 467044 479162 503530 440943 508533 553971 537874 461633 492797 484188 490529 502309 508030 511074 522483 483880 467058 499600 466215 489067 448296 474346 544417 492053 502354 515845 476042 498290 497221 566716 485302 466479 496970 498751 497301 462026 516116 540277 480259 458203 481399 457549 468684 476604 486011 530523 466245 506930 499119 445968 481098 476117 485395 527950 503515 475537 531005 481432 491600 478274 495878 468534 493222 483150 457095 482109 504663 442258 490726 495532 482484 540123 491295 498692 493840 465483 474405 478035 540438 517853 482178 461408 467256 513779 477856 494832 483320 499137 499160 474989 480376 522909 477083 496020 515383 462380 491203 480710 502010 506468 500357 532693 534843 499865 499020 467376 545075 506827 487006 508653 527673 481049 508583 452266 461590 511943 466089 487813 466549 461725 519962 479264 497399 497303 523334 507482 502258 533310 472807 490679 449757 465759 430041 491677 497017 489550
507046 516492 462744 514105 480705 466782 467333 480783 513067 500002 490443 483851 464075 505554 471188 517817 509101 429169 521445 474546 489482 485040 538209 482810 490036 470638 441374 466632 479676 497505 489842 466203 482785 476578 467349 462311 487584 476996 510047 514138 512112 473070 480681 457291 530771 515342 500575 424430 503973 518141 496122 477662 476895 496233 474444 492499 487505 498461 502409 468951 476281 503311 547724 466366 496513 476252 511887 449134 513619 547018 540308 448227 512511 501388 502735 469309 505857 493566 522422 475310 512642 499908 484699 485527 444122 483051 529162 470253 485221 498109 479132 491558 501880 563845 478992 486550 490941 486133 492139 459885 521506 511393 487320 470107 487066 474510 478453 480827 491470 496785 490827 483636 515514 468847 482602 493073 478994 523734 473901 511939 516077 472214 483893 470619 483463 476940 517487 498389 470706 482476 484890 457355 494987 468764 517882 525992 497729 476695 482300 446127 484817 466183 534915 517835 502343 478069 473896 491078 493752 515188 496262 495645 490039 482164 490974 497032 475518 498441 483987 484593 474955 477709 493350 512105 543764 546836 533676 522099 527926 506049 553796 487347 516994 496327 520515 465484 509987 485055 461683 503620 479742 491340 469009 461266 530309 478600 493080 511001 521226 491135 499331 514209 478523 496033 474391 479588 426807 473974 508955 500699
526625 497469 516250 538310 495182 537864 513064 526348 524857 523321 513785 517232 500813 540287 511487 534491 536320 453249 543882 505125 509309 498058 573280 537128 517493 465459 452520 481775 524964 524025 539877 495113 508407 479276 478839 478211 518570 481435 516465 518234 535641 489300 502033 488081 540573 531006 536138 477632 538314 521798 520410 510818 485322 545265 489860 503605 528307 508538 528974 500344 478229 536851 546844 475313 513151 490518 514268 471549 504803 557298 568484 460736 507707 527370 517101 517312 529662 528598 536419 506176 519164 500232 489784 509015 485592 488727 559040 498045 484207 553231 487759 520303 499897 574762 490067 520414 527651 513007 494343 474685 525410 541317 540367 479608 499422 472269 493666 505200 490569 557559 509678 490716 518681 494248 487301 507254 510288 550881 520527 509600 557564 500388 525397 476748 525962 514954 544078 517680 499229 513434 526140 486203 500877 505863 505142 554267 513341 523503 535707 490122 512717 489685 561518 546107 526508 511964 504998 547213 480570 535504 509058 508660 521740 517479 512128 523023 505461 518480 529379 492091 487307 493537 525778 533125 531749 563994 556984 531443 520674 485614 590256 535525 530665 503998 573848 486292 525802 497722 514603 531638 512051 501590 504238 524980 528960 513333 505860 521210 529951 487139 508364 518746 514935 511168 491954 497601 464198 515656 538382 488779
522101 486629 491636 500404 492228 483244 483296 503938 522964 518833 536141 478329 482549 525055 494668 510054 502716 433274 534125 495597 508126 488169 539045 481652 484832 479560 461115 470120 486661 498293 495284 487444 487277 474382 480580 484543 488752 504092 486378 502981 506024 504874 497941 462012 514009 517862 492824 438855 535430 519728 508218 481453 502538 539934 486670 506794 498001 511441 492405 479523 484474 520621 528563 474014 490330 471323 522328 467745 507842 560765 545993 482499 502343 510702 516511 483678 512681 504907 521410 500338 533563 503086 472863 489219 459867 492178 549606 500444 482138 518400 504367 497567 509899 574608 486384 494809 512678 531479 516479 487600 496453 511590 530263 450965 507725 469100 472849 487451 494885 533650 480091 500862 514671 471834 472213 493767 486929 508062 534165 495153 549057 481418 489714 473888 509929 492937 511785 484492 484518 506142 524310 478747 480092 506248 488312 546404 522421 531994 505731 463992 516425 482643 558298 523024 480490 480111 482766 511761 475260 506971 506072 493980 494129 496218 482536 508328 487087 510005 517375 472105 462876 475989 519133 506175 519968 529751 523121 515224 521617 503234 572011 518220 532774 489031 537109 490761 504866 470103 476430 529290 497125 502478 443292 491915 517466 480347 503919 515386 540401 487425 509581 506422 487950 474783 461909 465207 440508 492594 498078 531176
547413 486335 513601 526776 482550 510674 490583 527936 532051 489329 514306 504474 492739 521706 500874 511206 515720 444376 549550 491041 504890 486816 545788 523060 520184 465717 448609 471480 523803 511165 529660 490627 533387 500453 466909 480684 495668 496897 504592 540608 522170 503934 511894 484785 554374 538420 524682 462928 556367 520388 490652 510877 493756 532367 493073 498642 525145 515597 514649 483250 501946 537991 530911 489013 507865 486316 532819 455160 533989 566557 566207 491109 508859 523178 503035 518421 516416 516766 538693 502024 530932 485805 475123 512949 450260 501360 550380 540392 502538 547424 496342 512367 492733 576297 509074 493962 522278 529878 494893 481396 505673 540790 533592 465897 504178 471934 455507 489433 520145 551469 478377 519813 512042 479931 491645 523592 495114 549623 497036 525445 542308 520031 513948 511888 500604 516140 527356 536910 515391 507650 528403 477520 502890 508788 480666 583040 525606 525268 515482 460993 519038 499903 570517 535469 490133 486200 503803 535751 479088 519978 509766 496966 504736 498391 482425 528931 509655 490434 539538 475525 492186 506231 534867 548646 521802 549349 535548 522553 531457 506516 569888 504719 498053 518948 553275 489414 539027 495528 488809 519580 510324 513670 476463 518581 519738 512479 517937 507321 538678 508686 504957 531596 515106 502726 469005 505258 461374 482981 516957 535666
512194 493748 500409 538652 498753 518864 514856 525259 534532 526718 513790 475513 477555 509052 473127 515147 504028 456877 537869 490265 535519 493471 551140 500664 525981 481804 455699 468793 500697 513732 520646 479321 517256 495387 482695 487016 488749 523983 491011 511326 556822 504271 505640 481914 533685 534159 533813 471973 514976 513155 509304 469968 488784 536317 485470 500359 484430 506136 520184 502469 485022 515946 555454 498803 501090 492412 501137 441142 534065 570951 544278 473107 505905 498380 534131 532698 517310 520607 543099 504108 525769 505232 514167 493333 461522 490424 551359 509813 498809 512421 492245 513913 509710 570683 492950 481629 502833 531740 498492 482610 516306 536707 531342 445477 510161 505945 481324 489808 538797 533808 495959 512951 527218 493486 490398 507536 512296 534971 488144 508954 555685 505983 523006 517374 501588 483369 498683 503182 484126 529493 542275 483282 488604 509167 532157 565157 503815 516587 524549 471778 504254 484380 533275 521959 510338 485221 492786 535772 511171 525148 491416 485990 507306 504935 501531 530783 490919 528323 517656 500827 518684 514419 530257 514805 512943 572235 542868 519288 541850 487372 558619 513794 505693 513386 556446 504626 532245 487036 516625 515791 502031 513653 480222 470106 527872 486750 488399 526062 543227 497290 533494 545361 507713 510915 465735 492937 449880 489958 522716 518660
500932 471224 467999 478941 455476 493911 455935 478243 478084 488395 472670 461403 462511 488761 468979 491681 484778 436725 504694 482894 473492 495801 533515 463770 473756 460281 406912 454719 461621 493222 481540 458175 458503 454939 466075 448786 492133 451837 489134 498097 530491 464271 458900 447588 516512 499919 484851 415950 489268 494055 477444 471618 473003 488937 443753 434122 479871 473085 481861 449459 440007 490522 521083 440165 453598 458588 473110 431243 484628 509621 530942 442148 478214 481790 475062 484376 496192 488536 510086 440325 490987 464654 483318 489815 444401 461347 511849 496763 465579 482919 444087 481713 453534 532736 446062 450259 457310 455747 471040 442499 475933 498472 479340 437869 449180 446143 435158 474266 469143 517765 440362 477846 481950 461433 457739 480586 469330 542951 474928 479197 495311 468931 468301 468025 475124 464997 479630 471483 454964 465503 474457 463422 485572 495170 449651 526255 478631 514989 483334 430828 451721 450590 508972 530714 460178 465614 454014 487906 443096 490182 459964 479170 479169 504836 453138 476705 460070 478616 490186 444862 451514 467033 486702 506895 492467 522649 506885 483175 492619 471646 522655 463541 491532 473570 502694 447918 492496 441405 448101 503280 478959 488148 423303 469235 509243 471912 459942 499886 528272 462567 468484 497453 477194 460232 452535 451959 420817 473724 488729 466459
561258 554438 538808 563339 511907 565964 534672 555385 556460 531389 559825 528179 546068 585018 535442 571208 564124 461481 571826 531984 533592 538253 611755 558120 548554 515989 507804 513786 550726 533029 537959 527945 542917 531186 534436 509938 541407 552071 557134 579124 571486 525227 531343 531734 541046 583440 556155 515457 572970 552102 540684 537565 527129 569875 511456 509761 550496 544025 561714 520292 537961 558830 568770 541115 546263 519847 535050 492749 553388 595928 602916 507781 547262 553511 564325 552139 543273 560499 588728 546436 545727 534585 523725 548697 481210 519508 595580 570546 543939 574287 526581 540520 506292 615759 536063 540719 542908 572953 546512 517779 559146 582077 558178 494384 547045 511738 502161 515931 550869 604570 509517 536905 560650 538952 520778 541585 557913 575734 541384 555551 604007 534887 562823 537919 532547 536164 553460 547294 533460 532285 558520 512450 553520 528521 535934 593555 568161 547400 569395 524994 531622 527766 587376 553960 530080 517568 525050 561621 495923 548410 551033 539214 528962 556125 508867 560265 522124 536491 560699 489443 518217 529562 556974 593308 549744 588542 589721 543801 551172 550582 600307 548978 541790 538917 570609 544439 582758 499502 526431 550258 553422 521189 518903 531976 572341 548214 538894 537488 576830 552552 552110 576621 520286 562771 518971 535506 490772 534755 561418 540949
495638 457588 486739 494071 468208 491243 472873 475039 460636 449504 493624 465864 467920 484649 453108 469361 485504 443025 509887 464635 477312 455209 501769 465532 472763 434331 417046 460378 485962 455078 460858 472742 461171 447065 467388 442625 479015 454897 468294 482804 491205 478699 461125 448122 506507 512948 466708 422200 505423 483305 465449 469802 446905 478312 458762 453404 479928 466558 499488 461375 437493 491332 498033 438631 440288 455081 481736 412831 487441 513338 526375 442159 465120 473687 469525 479451 465291 471943 517241 465215 461807 453582 442905 467831 421231 471016 534188 503435 456361 511560 452849 466042 459072 531117 456512 441441 481092 483254 459239 448255 482424 512794 472566 417479 451368 452470 417751 452452 479520 511330 444404 487222 475192 454743 449207 443900 455013 497841 501180 478417 478190 472628 464282 457698 456765 460848 473353 464431 460332 444527 487523 454993 453770 465974 460726 521601 483905 486357 491870 420566 460617 466261 517491 494127 455512 450015 455200 504514 459113 489954 447479 462246 473483 469416 459239 488432 438480 472040 509794 438997 468318 472510 503881 461327 477689 488189 482150 495490 498628 457484 536569 463490 471744 472118 482852 455037 482998 433271 456051 475450 454737 465266 420732 456304 494500 433876 489836 488224 515793 448594 488111 496817 485888 449867 452014 434102 424423 459056 472941 478669
502684 472037 469488 480395 465845 479932 462237 478584 466254 468510 478920 481693 458286 482676 461640 486662 473821 430043 494854 449970 499429 464329 510935 459785 455676 438740 450658 440298 467548 496942 468487 464485 459722 456555 464638 429085 453030 465097 452630 475372 505665 465457 461989 445015 492799 510901 490575 410567 491423 496657 472790 463498 452588 480788 446537 461856 478501 461650 470990 452818 445108 491454 507925 471325 459921 459379 481544 428554 472490 516017 515374 463441 456137 479651 476961 479825 489238 479541 498151 461644 452254 463961 445268 470586 435230 459120 515011 482037 456504 494950 462668 463967 454192 532274 466382 464089 482345 472943 490041 439519 493614 489186 492640 428370 458689 444272 441020 437593 481787 501772 468117 483001 485673 481127 453173 473425 447456 488620 488613 496676 482901 458656 472390 460061 481375 470735 449710 485728 442387 452951 479160 449734 447120 460184 468428 497205 477630 500584 486113 437068 446919 467182 525980 476475 494276 437790 446180 499370 451577 491659 460320 468631 473287 483112 465326 481393 466998 452592 489370 458116 466820 461743 479698 472110 490137 500735 509265 504700 499777 489001 531878 481878 460859 463556 506245 444772 492911 450801 447514 487777 458470 449507 434917 448684 475167 462495 479328 475463 487023 446748 475332 481136 468237 464780 430486 461630 432665 467540 466872 478907
504820 498919 491690 496513 503453 522307 488004 509008 519408 516685 512288 476428 484905 510804 486925 491100 515656 437525 526072 470845 497560 487739 527089 494895 494424 469687 432155 456835 495355 468157 500862 496694 498888 465390 496204 478809 506030 487986 486438 510375 519556 470591 495464 489014 544666 521702 514776 451850 535356 503587 494770 482226 466059 528973 470689 474893 487443 485872 497916 450792 478067 540468 547758 459797 459967 490553 494219 448178 510576 557046 551037 462695 504528 506127 502821 513132 499022 515511 512618 487010 499513 482068 483871 481892 446292 479303 550585 495150 486141 504390 478558 481433 490631 555553 491527 483205 516967 507495 497899 453365 507013 533179 520159 455160 486513 461340 481920 487937 498853 556943 474701 470501 506965 461782 482200 488342 461061 552544 507383 499779 541806 503161 496129 496167 488412 490139 512837 473686 492414 480459 504701 467240 492420 480577 496142 558211 486092 509800 507333 480068 490549 473410 519813 538181 498848 480333 490368 516055 443876 508406 478129 485049 505239 470946 479668 509910 486472 499659 501052 467971 479663 482689 525247 516796 474553 522392 524954 517692 530462 500793 580318 515987 483999 486374 512595 505144 517963 465099 468317 502002 487947 467413 465754 484596 513686 483655 480515 503811 514584 510676 480995 509622 480850 472749 468845 445738 426813 482717 493292 491245
536479 537981 533109 556550 529492 557124 509772 547067 564831 547440 559373 531775 522517 553085 530318 537307 552701 477971 578974 534807 522629 499448 585165 512689 522084 480282 492174 532908 517200 532466 564646 503961 528583 508332 519643 498820 550283 535905 556720 548601 546438 514785 526527 506836 542096 571002 531014 487043 571256 529969 520130 519836 523379 559965 523864 511558 532730 509201 539497 519347 498008 552563 582090 545469 522602 513994 563380 485926 562787 584004 611281 498331 553561 531196 550009 540675 551221 552959 548152 551741 524056 526458 531207 549703 482634 514394 564265 544906 543822 551739 536900 532993 533053 602986 522737 530103 539927 540879 526281 505813 561908 570689 554694 491697 510385 499143 494868 534905 526955 583358 496197 528904 539914 514774 534695 537354 517086 544974 528552 551530 575553 530919 518761 543270 516957 520924 536983 536806 504736 539396 538159 528919 527426 532739 529259 588467 556711 567551 554084 494086 507333 517662 591691 567381 542878 517374 508603 578355 518108 534629 532274 548160 528298 533818 520057 550860 547896 515175 536395 516197 526603 496366 528436 574897 554264 568099 566993 580683 558221 539577 589921 540092 517371 549518 569276 518419 568597 530769 516365 520574 524105 506109 502353 524386 562306 543670 513891 525580 528269 541066 540302 554701 539113 545310 512818 541157 488774 522650 527106 538683
480312 485063 462789 487290 454310 482158 463754 477741 477028 468473 492974 461379 456706 480512 460617 501955 485487 426824 510656 461256 481151 446118 515463 455373 476013 442442 419082 437625 459968 484922 506560 438527 466426 463666 462834 445585 450178 476266 463215 479119 499588 442889 480759 441463 502074 511314 488643 432944 509497 464289 467879 462431 450263 478546 469802 442420 466161 477683 518135 439706 438148 486039 501583 455988 459137 472875 499309 424706 493155 517055 528748 442126 483445 488520 481054 455177 496395 484381 499603 462795 472107 466139 452326 473121 404117 461120 509346 492355 486701 496860 477990 469378 453498 541172 451072 463465 478089 479324 469188 448855 490632 493743 478323 453267 458495 448109 467188 466844 461061 517818 456256 470389 500269 447597 459438 475076 485216 506250 502660 488766 510183 465280 474874 457241 475742 462094 482031 473942 430867 457656 489188 453971 448930 439111 471782 498615 461354 474854 492465 446196 460443 470098 514572 489248 494495 455770 458328 496446 459192 493973 467538 460957 456837 458283 474404 500120 434331 458495 486481 447300 458605 454212 475062 495300 488837 515045 512524 477166 479091 486007 523435 480195 470691 454482 488109 480419 517341 459874 453803 480520 477369 433404 439123 458236 523902 457271 469867 475823 468838 484956 469579 497153 455046 460467 448537 448773 429132 486771 474738 461489
515744 482160 498526 528643 484130 525277 470203 505394 497542 508274 516702 509328 491929 512298 507223 505863 512415 459719 523672 477137 520544 490629 549385 498546 506070 439638 441687 463388 500697 483417 505405 487258 490795 479709 497139 475368 510680 502186 500666 513808 535807 494730 483799 474255 524516 542473 531282 459406 532523 509022 515829 485370 499040 544679 474462 481214 511545 491412 508310 449353 482467 519708 533242 487766 458818 479257 512474 473955 517311 568367 560458 452004 479623 514841 508580 502119 515714 502432 529659 498166 496170 487922 474958 507991 441129 484019 557377 515214 498950 524920 506653 505665 485211 563098 499322 473420 510513 509227 495703 478198 516121 531632 505841 448303 481019 472430 466984 457813 502783 545277 478263 507830 514287 464104 481772 468515 502294 537199 512761 508892 548505 479869 499106 498823 490754 489677 491368 501072 490883 497468 529159 493907 487550 501033 490191 547616 494042 527972 505156 466455 496408 473492 547428 535814 482987 473739 471981 516104 490053 518888 498968 470539 509452 490240 479942 528550 491178 484324 541933 476185 478092 490207 524986 514163 504824 548691 536064 532946 529944 512423 562553 522537 499590 514169 561983 491292 503173 470961 478815 512491 509356 483560 463403 512092 537129 487075 492192 502615 505296 492321 507890 513110 499097 497939 453160 471833 444418 493463 508268 502940
555665 530109 523545 551049 525513 525086 518084 534153 531751 521772 548605 518150 519413 534033 525332 533665 535108 451160 551861 512472 543576 483355 576004 522541 540650 483886 488704 505036 514268 515534 534948 524876 513783 526095 504939 493507 546315 540364 519187 539267 560934 484203 512574 493671 539585 555231 549807 470121 548064 532751 532606 500145 519415 538402 510633 508359 509468 528835 529402 495178 499413 546451 564007 520278 512574 524616 527503 483287 561285 559038 563710 496285 530275 516505 532635 535909 537209 526950 545708 526282 525961 522630 525645 528465 472532 498946 571781 517714 530169 563562 504618 513420 494957 593044 498469 518436 528598 532311 540081 499285 541397 569338 544879 476557 512880 514229 502517 513580 533021 582812 524020 513042 554675 503866 495384 501583 526248 559854 516272 538896 565408 524195 518802 511100 532039 505906 521416 521188 482469 508155 537070 511855 526125 508189 515445 559304 537617 537146 528374 499669 509170 531042 557890 551274 527854 486806 501601 563379 498573 532912 520345 521806 541964 505472 496538 565645 509126 519551 544842 496446 515750 510654 521953 566629 534208 574442 568912 538674 550556 520382 578645 525749 514271 528086 574263 506945 547920 503050 519797 522046 525469 513842 506663 509420 560772 493928 512186 528413 537695 520751 530974 554605 507387 505619 487544 507144 463979 499178 521561 523853
544988 520145 519047 535492 508442 544894 520983 531606 563254 528943 556998 505461 530527 542591 522739 517363 535233 472857 566867 509373 532041 486961 572506 543179 539377 481531 488278 504582 553546 521031 547971 522083 540930 542415 504741 497230 505872 541186 544367 550630 545688 502356 541809 501313 555590 571521 535476 483270 562623 541544 548395 510148 526498 554149 500911 521705 564144 525475 540125 501039 508135 571604 569094 519995 526930 533472 576032 489540 539434 573641 599449 498892 507809 539702 556226 517499 559251 556441 559830 534688 532838 531014 529912 541707 477614 497714 564681 532889 528325 538390 530232 511318 528443 597418 523984 526961 526692 546377 537583 506475 564574 579042 562877 494093 524374 488874 519164 536064 534327 586579 519347 517427 519128 510938 527854 518537 519043 565928 546230 558049 589966 523083 543457 534561 554044 515020 552991 537303 512883 550070 546391 499785 537071 521367 519782 597633 549426 553316 547504 496134 525786 504092 581390 564755 530118 513894 531422 546665 519057 518155 535373 534971 512274 522828 525463 547767 549100 525178 538065 509659 535111 512437 553505 543452 555406 566468 561442 544254 548000 553943 590698 542409 517416 537095 574646 517693 538682 511649 500311 540668 530309 507345 486439 509147 551224 518336 545726 501692 538277 525646 544826 551733 517434 517528 494654 521387 480812 511926 547783 541753
515947 505213 510637 511139 470895 511183 488174 497357 529473 506673 502932 497563 491283 503643 490629 505704 513493 426398 525437 474500 489558 475986 547039 511925 519409 466173 438639 480378 514904 493900 528654 473146 486530 478827 478055 465566 502540 505084 518148 520094 506373 476268 513521 503180 517615 531528 509736 474769 517868 502799 514264 504761 480943 507356 479614 475369 512573 490730 511241 484158 479464 520969 514858 481963 498595 481762 522665 452420 515136 570266 568952 459774 492261 491977 519754 510521 485302 507697 532524 516231 494575 502406 480722 514549 474593 478917 547301 517945 517985 536321 480188 495164 472617 568375 473154 487016 501768 506329 493038 480062 528639 512248 515859 445479 501890 467596 442176 468984 495603 549778 483583 509971 491913 480447 496901 488611 519081 544744 505925 516846 541948 497592 507007 507762 528667 483112 504853 514533 463217 499393 513681 469224 497239 504228 479020 559677 528291 522828 508645 475014 504230 486295 539610 525599 508522 487287 497232 530665 478059 509608 514886 477768 510632 498900 479720 521613 483060 495771 503209 466604 508260 489085 512567 523696 507540 544631 543503 510446 521163 478621 549326 507884 482495 495213 541309 470658 511235 495052 473684 491297 525901 474796 469511 483668 512283 505111 492729 491650 524735 518077 522253 524604 481266 516819 468981 497360 435497 487401 519363 526154
510349 495057 505453 507307 484823 508374 459468 492219 497078 496759 516266 478563 482923 493683 490847 495191 491557 444865 537994 500341 489138 498018 528926 480586 485217 460849 447159 467783 473081 497942 501748 472931 483194 478592 475738 446434 462556 496964 496881 521732 525090 474503 499444 441069 510237 533465 492200 466188 520522 488170 495188 484903 474544 506821 471891 493065 464476 493336 501811 463389 453668 513721 511653 482181 486023 471111 502051 447125 498027 562045 558507 452703 476463 509150 510347 491465 515197 500597 517101 508049 506080 493975 486920 501511 446503 490011 521498 514368 507458 506977 473566 496412 487770 562657 482451 479381 499186 507654 501088 474334 519611 500580 521580 428363 480731 471397 464095 450205 492237 530413 472824 505412 517442 474845 477465 483329 492187 547409 514275 483478 539404 491755 502689 481629 492651 472103 489500 498219 454519 492829 501563 467171 458582 486288 484428 533814 522761 511724 498035 459061 479531 478851 531529 502831 533580 455812 477496 512912 485998 518189 475081 473163 497748 482483 465624 512932 463268 488717 515799 459943 476516 476413 515248 512665 514970 551930 527010 495061 501818 486845 544974 504579 493356 490568 548380 484387 504495 459687 465078 511636 508829 461587 441827 480565 504489 485847 480088 491504 525669 492395 497915 512079 480808 483478 473253 488378 449542 488424 502357 513083
527137 492131 502587 525371 508217 487169 490849 510870 514817 498680 512439 495245 486839 485006 471417 520027 522667 462195 533111 479479 514650 487144 554635 482302 496697 464120 433376 474099 486837 523336 535534 466877 492419 484440 482390 479979 487743 500185 479992 506653 530415 510737 476655 464684 506057 520463 531504 454761 531270 514210 500087 488993 478306 529322 491097 486349 523679 504267 510874 485648 476918 519594 508696 489811 473863 479833 529799 474412 507640 547515 560012 463235 493187 487957 505613 520829 532356 510268 534353 497634 525902 506339 510962 509757 460323 489238 546599 514863 479489 522221 483454 500319 490688 560200 465761 485526 473627 500210 499566 478460 530923 525257 528007 460244 480830 475530 475852 491465 515805 516718 479083 512583 519461 495050 494950 497708 501641 533250 486806 500158 536099 483396 498362 489793 493515 516058 495817 511116 464661 505793 523358 461842 484284 505263 494295 553877 499657 519694 509651 463438 495059 484941 561056 529024 490128 464163 489996 518137 493153 503722 523285 500455 501733 511855 486616 520757 473255 506037 510227 487187 480455 513712 507642 530785 513359 542362 547669 512049 501565 504567 530081 515780 514482 510727 539170 473202 513181 469362 508884 528992 496659 492579 475028 484766 518645 498473 491764 519728 510597 494152 493748 514508 492632 480642 474242 493848 446359 499401 505213 496392
511631 508741 468412 498027 464280 490817 470219 482667 521400 479264 503628 495369 469068 520345 488799 502056 498517 421679 512238 456411 492413 467171 549491 481514 497278 435824 455517 442043 474905 491036 500569 472764 476176 473872 456130 438325 487013 482375 505450 504209 509544 466249 482671 445617 526794 524680 506567 454327 488894 500212 494293 492303 468160 525417 455945 468150 505575 485236 520309 463249 451466 512645 538897 490495 499153 473782 485285 437135 499109 551072 549367 482835 482982 501539 509271 501077 513507 487942 515867 470053 510230 462158 471407 493629 443407 442350 500140 480041 453154 481615 473883 483690 460119 568744 475517 445500 488037 506897 504729 454495 490516 476930 501751 430406 472818 452386 472340 460294 493137 523414 483000 471421 507690 490502 471630 497423 486591 519055 503141 504990 493431 472561 478104 477253 477337 473936 466839 500886 465894 486487 482049 465270 495530 457552 467789 532437 478643 495893 501396 462765 460808 475272 529628 514411 498512 482419 479064 495951 481149 472729 484788 474790 487193 490001 493258 495046 477177 482118 508388 466851 495415 476170 492875 521755 499409 542627 526185 481403 507828 498953 555072 497470 478192 489938 543477 481286 506319 489800 457355 480324 474827 463424 464541 488798 504039 472513 475963 500160 490250 492889 494070 509194 475614 492242 451163 471045 432989 472525 506006 486469
534697 474085 506414 506807 522676 527523 479096 524788 507218 518065 499351 477912 483741 509631 508164 521272 539957 446113 529072 505060 510736 469659 548015 526194 507166 466512 468383 475181 504233 504237 520205 482083 516433 518003 477173 474102 511640 483322 502436 524149 523085 494359 511419 495629 535381 509393 523420 444469 540279 518146 524152 489944 486650 531536 498624 480863 524005 502268 490183 452888 476513 540923 543736 476306 500420 479817 515689 456338 507221 543302 567377 478383 489181 532224 503514 500119 527612 496181 519210 503308 507115 485121 487687 521561 460717 494152 558832 496872 510796 522963 491269 494879 489541 580819 491746 495832 491168 479060 527837 470451 540120 546639 514120 464827 523168 494622 471274 517000 498267 552736 491003 506019 509244 455689 505234 525109 492893 551115 516752 524432 545410 480017 502632 482660 524008 496837 522424 512559 486470 502357 493927 495001 495967 490883 507367 593034 495811 534996 532216 460081 509140 483625 563089 551168 507964 492639 499137 540571 492149 511627 505466 517624 531661 514459 484882 536628 504167 495114 519860 481603 485742 483646 518985 542418 491602 548442 540535 502425 520515 487891 564631 533547 516296 502263 537953 479988 499897 482449 493994 501273 492000 493993 491461 492196 539349 474570 501812 523252 528110 511303 524575 516774 519205 496198 479657 506918 475032 506264 510059 520725
521677 500896 493819 498135 508663 515836 494047 486521 517930 494939 526902 473730 483277 521120 496380 522553 500872 459070 548570 512858 512449 493927 557785 502212 525445 471030 452946 500911 503967 495904 501788 497159 483354 492567 474832 463923 492475 488796 486836 519494 528473 480003 503429 477663 527129 554155 517650 446102 534797 516977 515195 483920 501319 537948 511014 456095 534826 481957 515199 461161 472491 534226 538603 499924 499380 492843 536512 426297 529575 558798 569398 482778 486997 515972 513476 528663 510527 532764 533656 506342 516595 497310 488019 528974 459670 492468 515988 526679 490749 497573 508383 498810 474084 550562 498036 498044 500629 501437 512388 490029 510646 534960 533715 455660 488362 471325 476998 495244 502820 549924 489909 488304 514696 488129 470700 497038 496407 559968 507038 516677 526053 494311 515423 461974 502690 484887 509978 500285 465010 501525 504418 492102 505880 479080 503622 553962 487922 531005 502701 488544 499506 497756 558930 527430 510325 483326 477108 536892 482062 497003 494932 471259 510117 498346 470787 521053 505045 530353 510133 480701 498116 504077 503929 539106 508901 534535 543759 508884 496722 520070 543273 520100 499959 496679 570991 483321 526587 506676 500662 516834 513600 461346 462342 485748 523184 484161 478411 488847 536733 504462 504227 516868 511473 517611 491633 492414 468823 508193 521115 498606
519834 506921 499345 529757 510001 534053 485787 532130 541861 528297 508802 507403 483002 518723 476732 540528 524361 467792 559263 509918 503418 514741 552125 493737 521796 509200 473456 508896 502925 523189 538654 482156 503296 515846 498507 473468 501490 505411 520427 530450 539911 506395 505611 481052 537915 561372 512632 445978 523423 506153 519417 487147 504008 511524 523356 490093 495784 499898 514028 477426 475260 530239 549099 515408 503804 494535 526653 449659 520088 557219 586768 480380 486354 507721 513578 517802 522924 556594 555319 499108 513318 485569 495778 501262 448226 492705 555586 525210 510377 510176 497006 492458 517062 581288 499555 510814 515780 528533 504193 503015 522946 551808 525052 471277 512064 485997 464465 485923 496470 547262 477543 516243 510045 473950 480999 534048 511255 554467 507549 537846 559180 496061 523162 503846 531742 482143 504836 506363 480712 532632 528931 467106 487027 490804 515100 587675 518877 531123 522929 486278 493826 474878 575852 548537 537625 500444 511524 538499 499576 505919 528347 496637 523516 519365 478976 528057 501553 524880 508442 487644 489623 500026 518206 555533 530193 536875 547201 521442 536859 539706 568210 529107 526926 534969 547481 497429 545024 484959 483605 504521 499673 515084 489525 500207 537297 515853 492404 503824 512765 493467 510006 524746 486952 516083 492313 499461 476990 502070 524104 501122
504989 492739 471808 514775 482808 482419 477690 500163 541693 500914 513360 482633 467927 506413 483105 501771 501081 451657 525414 467845 495375 458974 567512 488381 487222 475705 447343 476055 483616 512819 499933 465005 489340 475392 500332 455849 503038 494896 505263 508130 514410 494713 498459 473037 533577 530023 520237 450207 517928 506290 492344 496728 485380 507646 465540 501097 495561 492889 511643 463583 477498 549262 532117 475795 477595 469721 521698 461294 516861 531637 547226 476353 502174 504863 488840 504384 509935 522671 515741 478936 486545 489018 495638 514357 465515 473808 525235 504200 481414 493171 473108 479087 498583 551380 494029 493823 500905 500170 476110 460641 513481 534980 507859 460606 491297 459267 480430 495532 505689 519425 478315 482156 498332 481667 488815 507106 489997 524663 475005 487730 528634 508769 509104 481206 496854 480130 500380 497209 486931 507247 507025 442803 490911 471206 515914 561551 502707 519734 495725 478511 501333 507353 542394 528989 495614 472827 487340 519863 475945 503055 493567 485614 484890 488707 470966 515150 489659 508053 497886 458925 456840 480524 499488 528334 520104 503335 539372 504228 511634 488501 544528 496664 498198 499422 538669 471223 529806 474934 479313 507995 446024 473925 475220 477994 520727 483195 485312 509967 520260 498439 509652 501438 476329 496168 443824 487788 424382 504522 509741 489921
538254 538263 516144 542502 501435 512127 494225 511404 538861 511282 534937 492435 495851 525896 498138 516658 521096 488230 542086 501569 525818 474177 548107 522004 547026 492325 483405 501420 518602 525285 494341 504437 482982 522992 495687 492327 523127 489573 508776 522003 538148 494026 510185 486374 541649 541442 532592 463195 545556 511250 513690 503067 499854 518332 507062 492062 522001 516520 552202 517100 483599 529932 559831 526657 508185 499022 530862 471182 527371 547900 573530 496397 522921 507238 531965 516084 530738 523951 568413 500400 523315 500753 507656 518341 470440 508454 559478 501189 496628 539280 503160 519345 499120 600403 509972 508946 519186 548648 526591 517125 538616 568205 519262 500298 514160 472218 477431 519229 512093 549081 501563 516596 525356 513609 511638 508107 511654 547884 510835 526462 559550 516003 523666 525244 532298 513120 539089 518834 476363 515125 520309 501745 511332 496376 509390 560446 515874 538271 526895 465926 519489 506344 573200 549616 527914 515002 495987 531135 504872 525071 526168 508842 532585 511774 508686 503245 499678 516084 533559 506292 517691 483069 523252 558879 537409 575890 556167 518637 538624 539893 591643 526008 504154 526509 568244 501669 532283 490806 498784 511855 507126 506255 498431 501790 533447 490881 528060 498346 535150 496736 517801 566674 508334 520982 497287 509143 457247 506877 519778 518566
515069 488803 507785 512141 491518 493044 465363 484403 524530 502336 498334 492882 487002 511260 509820 496463 521638 453287 540172 484444 493326 487017 553885 504855 516413 469474 460021 477216 494962 502574 537157 465915 473039 474496 493082 456335 517958 505225 500718 512442 520012 506031 487250 468725 517866 539779 517832 450938 547698 519121 499378 512947 490434 519174 491819 478983 515398 518045 505581 492405 498690 519132 505910 486677 485874 471704 517029 474010 524104 565429 562755 466696 513849 516259 517169 507923 533395 518889 538801 493298 517479 493953 494802 522412 464774 496839 557677 514774 501555 514332 504160 499072 503883 572058 502189 501948 495678 503763 483061 490752 508954 541977 513730 470448 501677 486189 453441 497774 526067 533254 488004 508139 499752 484896 518599 500285 498816 546701 507421 496426 531926 495767 500890 496230 494799 499639 507915 508226 467629 513745 509359 482243 484480 489941 489392 558420 511733 519171 518938 478201 514026 500478 544044 540622 500938 469840 484186 520519 481292 507077 504895 500691 502484 513655 471873 508457 491140 499943 517057 472177 474672 499413 526987 526062 496008 526757 555248 510489 519219 494118 568244 505577 499240 499643 546896 499893 542040 471391 495361 496752 490154 488073 476039 495265 521994 480387 500973 494550 528071 514678 507316 489162 503770 509062 490476 519830 440448 507658 510192 515511
524422 499893 494172 504978 491785 521743 467786 492031 520377 510353 526980 504669 494298 508118 490580 521340 508844 452711 528114 505499 497942 508944 555821 495296 493799 468111 441996 478427 495609 498633 505826 492991 489974 467854 487111 467157 494917 487526 487432 511710 527428 478294 505333 474503 550313 527375 503908 452547 531078 505987 509127 497672 479901 512919 485259 487626 528242 482857 506383 462154 468141 521784 529443 488503 487916 491365 512574 452825 510853 528629 599130 460200 496688 521646 495174 505595 527665 508286 516960 510912 508119 509640 511982 500732 450845 462531 549386 524267 500936 517104 498213 480863 510164 576683 486472 497060 496616 499090 504466 472553 532427 521073 524395 469969 504988 468246 466110 517924 506900 530793 489957 478625 520115 487986 485574 515197 490764 529989 500728 517255 547049 485051 510566 497758 510260 499440 489481 487576 491854 508302 515604 483519 493448 495282 516113 547355 499554 523977 497005 466385 515908 458869 541228 536716 511082 467448 468852 529529 491091 502884 496139 493773 529372 487646 478270 506733 504136 484448 504268 492995 465932 476168 502232 526239 509591 549973 529922 526863 542459 517647 570625 522609 519627 507766 554551 470092 522202 494192 486208 504832 496283 503509 453739 493335 537331 520652 493941 509125 514650 489599 509950 517097 476553 462644 458155 482618 436200 497444 525638 497935
509599 478077 512964 512996 490532 508688 482792 518426 513857 534750 499743 508536 492769 487125 483866 530592 520695 443503 538301 497033 512278 477437 539824 485890 506738 468339 455968 464682 507526 520636 507283 470495 505752 487918 479144 489156 479098 483247 508364 537136 537562 491167 481277 468436 548312 550478 510940 454870 512548 501964 515086 488771 486701 516759 497335 492317 484183 492497 517298 473643 494362 497957 515572 498032 516418 481653 508007 456174 498362 567614 579398 468071 484516 496459 516289 502517 545164 516050 528197 496425 512839 500770 477188 500701 458076 481968 551612 499198 500763 507175 507285 497623 501325 563481 492061 502986 494238 500431 507589 484859 534551 531072 509834 463257 486302 474367 477585 478774 496567 532407 470160 500396 498521 470338 498667 505016 515397 536977 514867 503663 526223 488297 503922 496744 495884 481311 489362 522793 481890 513153 516388 458853 512051 505218 476352 549367 515990 533007 500973 464670 491068 474283 547879 515689 499513 475742 499669 530869 480203 525758 483630 490485 511083 485415 493847 492290 497516 469519 525383 472870 487295 487798 522034 514891 496781 561422 560148 498475 501886 502832 571745 521271 499116 507007 532904 481435 513729 479071 479374 493223 487211 471144 470648 465566 518086 499631 533922 514053 531478 485191 515023 511680 500987 513338 453718 506860 427322 505538 521756 512535
544191 521261 513066 528791 527019 522971 502804 531589 552134 522472 527019 533982 488067 518172 542058 524585 543576 473144 558158 515820 513361 510082 569885 527482 509936 488337 457760 524537 496352 520732 530174 518348 527013 513520 502502 493760 545708 510565 525425 532707 557787 507559 503883 506935 535897 567371 532731 469348 561685 510975 509573 526151 515464 544065 516172 506214 515516 518150 535457 483965 504275 547650 570095 502529 495873 501950 534917 485694 552278 576723 580101 479142 531083 522486 521621 543192 546334 542595 552649 508535 508730 509790 520534 522437 476036 501064 567989 540508 525276 540445 525277 519284 495847 605857 503276 501218 485074 530624 495133 485058 508132 566822 525398 486804 501783 480630 490932 511479 508016 573676 492504 527171 521447 499733 528372 536190 514485 553423 509281 545684 556259 523124 511097 510226 500316 507478 525961 525344 509717 509543 545474 508373 519926 514803 510289 603215 536782 538557 538734 483970 503654 492267 567563 553732 514659 510650 493070 543558 514597 534025 516044 534315 494853 533021 516468 532440 504186 532401 552652 486412 508319 484285 548672 551912 555567 577168 561235 544110 547562 525238 587494 537898 516646 534207 567279 509505 546345 501766 498224 527634 525636 504517 497271 494736 542267 524576 513302 541513 537642 519135 533830 561924 527303 515039 465244 501492 464764 491209 544211 499992
507653 477891 496992 501585 482244 479188 451469 488528 484708 482036 514239 468454 472663 486044 493489 482809 515862 431534 550454 468905 485488 495589 525778 464809 495417 448825 447696 468290 463635 494105 497277 484528 476323 471905 477026 450148 491004 481595 482398 515685 503693 476073 491852 451123 494921 520687 475262 421303 510828 472968 483915 493145 482319 539156 484566 479740 509769 465962 487509 472882 469813 510148 532497 478906 477685 463141 493187 436729 494134 548685 546237 446938 479714 507112 487052 491377 504240 494733 529372 495684 490479 477214 483652 491687 457508 486564 517258 501590 472284 494714 472724 484490 466721 554068 469388 473498 470909 488761 475158 466582 485271 492274 506586 428673 489503 437569 446647 478865 478099 506769 464141 506784 470705 460197 468842 490192 499044 503241 502635 492051 513952 477899 490772 464582 457015 483420 509561 470466 461736 493584 481970 478060 485063 487929 479000 525110 486186 515616 491645 444273 487023 462826 540155 517495 464082 468535 458757 503485 490173 493255 502502 478447 473250 488366 470221 519114 442336 487271 497274 458628 477333 457430 511786 510172 490937 542641 509528 501771 517327 503225 548919 503855 481247 473692 544753 478708 495122 460203 450221 497567 502931 480238 444782 489543 496028 477571 468552 499324 511195 482134 490456 500055 489709 468397 471872 488025 440894 457770 500459 488805
513858 501984 508672 516018 493988 507411 489456 518654 521521 514187 527716 502382 492663 504733 503740 496504 520338 456854 546956 512239 495532 471109 563865 498209 522249 456456 471724 488817 472218 498060 520807 489675 503374 479119 493089 470864 527468 524329 496237 514849 520083 462635 502907 455028 517242 550254 512382 443244 538778 533444 508031 509535 508434 537969 489666 505672 511381 478269 505137 483569 488085 520546 552049 495952 484025 480967 527906 451961 518390 567697 553668 453916 494356 534893 493549 513401 504486 534642 515674 516330 508537 482257 498248 514533 456706 505017 543630 518696 489468 523091 504204 507239 480798 567785 500199 489245 492383 516562 487460 460930 515908 531721 534002 493097 493793 470633 481217 479051 504936 534541 472690 494867 521330 513387 484641 504098 484257 536317 512643 514961 525715 504865 482795 487968 481735 511114 496567 511749 488722 521544 508215 500995 520757 489361 503729 547697 508312 513156 504855 451395 504831 497337 541852 513290 496942 499970 478706 530299 462284 521131 495047 499242 483080 501813 477749 519306 489786 525120 521556 497359 508117 505248 504434 530320 529489 568531 563530 537584 534347 497805 557507 501214 500004 518990 564602 505975 525284 477636 494173 504421 490816 482133 469180 492744 538939 495777 511665 496641 535266 499032 503923 517315 484056 506903 480249 513670 453593 498809 508653 506214
502298 521793 482626 540528 513335 516746 485597 516482 508181 498799 528174 491179 502934 516478 510588 532425 527003 459181 558450 516103 518907 490261 556154 472842 504271 473010 484540 488594 495289 501012 515612 493552 493664 499493 491427 476016 508032 526368 496989 513628 540399 501615 488336 468880 546361 543842 501627 420394 540046 500226 506580 479900 487482 531848 492103 476008 489247 516537 517141 481550 472450 543076 538657 489235 468282 495779 531132 445487 525622 526252 556517 468518 496544 519478 511866 513494 525489 497971 527690 506561 510886 487723 489348 501211 466158 487028 562427 500976 493027 523262 506857 497006 511886 598162 493754 508095 505649 512127 529280 495506 509968 529882 509144 465770 495986 485098 485193 489939 522878 537973 475279 494156 523455 474173 506987 515359 487209 541418 494605 502873 569816 494907 499008 494262 468467 493820 497146 483806 477068 511023 509519 502959 493980 511699 504216 539501 495041 513371 509108 466607 492660 491808 554563 529169 505856 478109 470001 535254 503015 523620 519403 492877 505601 522386 493052 513590 476285 496798 550859 480769 482654 480925 522773 547928 539740 532091 538034 531502 549693 510094 554939 505677 532544 518818 550384 501159 517168 485871 489319 513390 497339 493749 467881 507129 529171 515605 494473 512110 533647 500697 497010 517653 500857 490297 457337 457340 469121 480627 513458 510941
521755 478668 504091 496632 503593 524706 480317 512838 506372 505871 502553 490403 486183 481248 492017 516803 520202 424251 520392 493853 503416 505722 538700 493871 511943 450209 445429 475183 476581 497267 509305 480614 504608 467261 474170 467907 470974 513815 503112 491482 508192 464117 492033 469250 517964 549490 511269 470751 520689 514267 494212 470543 481213 536085 474632 462049 516518 471622 507888 489943 486127 529560 547237 480065 480328 455036 507428 445610 515975 549484 568587 467124 477927 513151 497509 507677 493108 516956 513745 509761 509879 488209 475691 514493 468808 501167 554000 502795 485858 526392 477334 493546 458088 581213 469954 486259 504478 500265 485236 471303 511143 535256 513834 448356 497222 469095 459333 475241 505797 543463 483698 497694 487871 484720 462167 494616 509319 523443 500654 507639 532816 475406 495698 474276 490299 471959 482958 521638 476140 504151 496272 494284 484902 506478 489416 560805 510295 521893 482870 459739 489032 468872 529034 519380 500992 486664 476215 536724 471542 512241 482461 499195 475977 478784 486506 507179 483705 508288 521580 453412 495922 511606 531454 504470 505786 554870 529077 496093 523908 493364 559776 505903 489655 487312 544841 476236 511145 459823 473933 487196 486469 461876 460158 469512 521696 482235 491763 504905 525217 494912 478586 513359 501045 511992 468828 485576 424455 498393 528308 478211
548306 499136 476227 540313 490938 510152 482419 547081 520632 514516 538376 503736 492582 499045 504728 512247 534065 409164 547205 507680 498360 495372 577276 496332 498514 461447 452369 464493 484922 515008 543125 485023 505613 503408 466297 464126 502787 504526 509866 528641 511296 519033 496814 486102 543438 539905 529588 474922 538648 503606 516582 496239 486501 535347 459708 518226 537022 502774 531710 492078 503092 557629 540425 501623 506666 500553 516724 470360 521996 567786 572378 466047 489273 545880 516616 514521 521004 512848 530611 504058 516611 512041 468889 494339 467760 486402 585554 523899 503404 528668 490459 520540 494069 561605 508144 512469 520968 508362 485009 482661 537729 550760 512218 440268 521082 474219 471947 482896 517949 543772 473641 495196 508251 489807 474691 502691 500433 542074 501357 514921 546286 511653 514587 524830 486560 501351 516173 497988 498365 487460 517684 493186 491320 517509 518583 573383 518857 526566 521389 482425 497425 501810 549837 551063 490069 458621 507645 528971 461701 521830 536345 482030 504031 497249 491088 522568 497318 485343 527935 479521 480302 490736 534982 534917 522437 552496 554780 543373 533592 504391 560317 537788 529068 511000 541544 481758 542799 493445 503307 517676 515263 485683 483086 490110 543886 522919 491103 509429 538976 518117 486198 539676 515369 501208 485014 492397 446437 511996 522605 519634
537174 507610 517161 539509 493001 525043 499842 511236 529388 500010 525494 495764 497999 523252 503311 528030 498389 453998 539043 513041 522992 513595 548744 507245 525095 497070 431541 477683 517088 523470 517418 490610 514756 499930 503300 465971 517080 513668 524227 524435 556181 489813 513877 489963 542418 540318 527721 503483 548110 511055 506899 506631 508882 539419 483713 502425 517829 505946 550404 498937 483257 535225 542708 501461 515015 482426 515145 450186 523428 555965 578052 475107 520159 539882 535029 510958 538506 505306 539279 494791 544507 501674 511403 515100 467379 494730 560056 519090 524458 552620 503769 516803 506401 567745 490575 506855 519557 533540 506923 482624 537547 539144 532816 461485 520625 484508 493814 508630 511965 555523 482962 488754 524649 475923 490875 495980 519238 552282 514154 532467 570968 509497 521441 521787 517209 491926 523510 501360 493723 509887 521789 504029 498219 513785 541752 568080 532259 514154 530800 489634 509784 490652 543782 559291 522114 480089 501211 515337 501441 519447 518427 514624 521048 496495 475981 542376 506751 505484 514380 500480 507001 518525 522386 525606 536483 562187 562818 521388 547909 501258 573178 540966 521264 501948 552000 490911 552787 498734 507436 522286 529806 496222 473973 514966 559375 506053 520338 507419 545019 513962 513886 549185 498092 504176 504238 492116 470294 489524 525355 532269
532254 512262 508410 525643 474836 535883 509228 519092 531883 523461 504998 516705 481483 524642 490542 520072 511717 465786 544278 502451 547198 481830 555865 516055 517444 489163 467181 481863 526460 499236 508835 496762 499796 496755 496605 486680 504445 507253 519559 520113 516704 505373 508091 482407 540347 538751 528265 464839 543084 542313 501867 490132 488047 535376 509724 498626 520286 507626 534402 481041 499957 557575 557976 496164 492505 484093 517068 447092 546782 563437 578244 481828 504456 510900 514879 493094 526042 527754 532227 507237 503901 514218 474681 542549 472577 489987 543525 522247 506099 534476 513133 504044 499645 580281 476838 485111 522895 527398 519508 483120 525193 536178 489526 465850 515468 489185 461758 486937 495644 533270 501036 508543 520837 484361 508490 505038 518320 538738 511634 506364 549027 506137 483004 489514 500107 488104 506150 534001 476346 519703 518269 495194 498293 507543 491620 590364 524856 531208 515505 498368 512002 508685 580882 563019 509486 496558 491030 544539 490041 530708 522957 504671 508063 493188 469460 533903 506895 518753 553896 486568 506980 505807 514517 520134 519501 548518 556052 533712 524634 532027 564523 528288 497805 520816 552294 498170 543430 507496 509520 515539 511373 479572 472405 500058 528591 510711 511313 490756 507312 533347 528958 521494 507668 517508 474951 492679 468799 524048 523500 528397
484542 499305 467936 519632 479897 510812 473401 490075 495298 478082 486163 470858 486963 483556 475931 509458 503887 436891 508357 473366 475627 480188 526336 486809 493291 460920 426193 465444 491603 497393 477539 484390 485250 477556 483190 441825 466251 484646 484258 487135 523714 479046 499206 450275 517709 522774 510985 449714 525320 467243 482001 474450 464134 502825 453538 477538 494863 482433 522571 451743 446974 514910 485398 469846 474486 464934 527234 450867 479153 541832 539875 478285 481071 496423 529273 477973 512984 506152 518700 495527 510463 481742 473442 481830 440756 475877 534869 499031 480220 477149 503951 510891 479179 546899 476781 475129 462066 502010 505103 457974 504571 503019 511252 431512 484962 443545 459945 463068 487406 546779 464164 503379 491618 481888 469703 494385 474452 536855 487969 492066 518690 484404 455345 492913 473751 501662 503241 513206 454407 490581 495057 478996 489117 479183 461435 536198 497683 516186 492862 453024 467624 464576 528038 506376 482647 455553 450981 520408 470629 487755 467405 470707 480308 489974 471704 503256 468388 500400 500546 454427 463939 477465 479224 517735 487124 534249 524720 503109 496600 497789 550373 485016 490744 491265 518248 472348 511356 470285 461293 485431 512328 470563 463417 478992 512033 493784 502360 490643 500723 496721 496642 509674 469997 500117 445513 475253 430630 477728 490190 519690
527499 482226 471816 489357 473879 492187 467196 470374 508722 502789 512173 485870 469803 493345 474389 497868 505734 433042 507112 510628 503111 500316 548692 481929 491636 462022 442841 479153 478701 480615 495567 472891 462494 472023 466719 467622 475738 466794 496305 520547 507763 464574 494162 459408 535499 501023 499322 452907 500278 490269 490165 464705 499067 491039 492758 464125 514831 481958 500471 475898 454025 495858 546815 479506 470033 477867 498191 457183 516302 511108 558402 475315 490246 482038 479637 503773 500411 510580 520465 467551 496030 499984 482438 508191 430460 474429 524519 503637 479142 501380 479223 456097 479598 540179 482415 515097 501472 486212 479182 471620 496591 522246 505320 452456 480066 470523 447754 478932 489659 545601 474623 473451 504544 473384 452364 498513 483649 521752 493028 518994 518541 483006 494289 488851 511376 474106 477645 492495 450530 486402 490485 456865 487423 485421 482391 530137 506284 491726 478385 456534 468764 473460 549997 523484 514977 464592 472287 498312 464692 484614 465086 476419 482146 487195 473638 513875 499392 479239 477789 455947 473060 476900 533454 524521 490394 526789 520645 486280 506916 496595 536227 493831 500605 498330 514738 472544 506210 463793 484761 507082 466197 488701 470839 473015 508385 480595 462698 491394 502213 489906 477413 510149 475645 488440 464774 459810 453453 489408 486496 499224
541979 498908 516310 555030 528040 528986 495372 505100 537903 544792 536062 491547 532326 548496 525624 528604 533833 454621 542310 512313 510643 509991 576281 528025 533341 501487 459953 506335 515432 544623 538978 510604 521427 529457 504184 492124 510211 501682 524320 545965 565466 512601 520919 505710 548958 543013 539703 481987 544404 528194 517191 535689 478742 549796 519711 508029 532094 527217 544374 480303 502802 549199 568599 496216 513709 499026 553242 480320 538627 586024 590657 512161 501968 550116 518308 544449 540218 514490 555195 497005 544144 516223 489633 523485 472330 503644 557807 549615 531061 528644 501288 538939 506678 607009 508848 495577 513890 556140 516472 486568 531383 547200 544658 475589 541403 481667 503082 488161 540574 560079 512544 540037 543015 523298 509552 520734 522731 560573 508194 533896 567554 509247 506095 504204 517471 535695 529831 524221 501802 513954 536325 490257 511999 517840 509213 598545 527874 553662 523993 474627 523047 481934 573655 545517 537422 480012 507314 550239 513091 543471 527948 510350 522671 523818 495101 545751 514248 504913 536349 474793 503519 525441 538142 571320 546545 577720 553728 516050 554027 515093 563400 541599 522625 544067 575610 512154 539467 480945 535509 559553 525711 514160 507107 500287 535304 513514 508239 518233 540935 525545 530541 524703 523175 527296 499597 502392 481207 507971 548558 549941
545941 494382 498548 526773 476461 519358 495897 500846 522740 494562 529109 507309 483932 498765 505547 505868 528993 457821 536934 488922 532707 489200 560115 507186 512219 462524 460118 476823 509788 491719 501388 501475 513025 485619 492375 480135 508386 500789 487475 534323 535920 499386 514465 495761 522598 542251 547848 458040 554972 529079 515473 497586 497466 524767 477946 503024 516595 516602 513461 479961 499751 560943 522932 480130 489102 501119 537676 476881 532095 548949 566389 485479 485140 531636 512593 533680 522964 517462 519761 493818 514477 508535 494325 544237 473034 489165 566348 524997 503373 540181 491718 495004 492621 558507 505048 489281 483274 525535 524902 500952 521253 515486 510890 475472 508019 478367 462110 498342 523776 559613 494806 525784 514238 501093 491555 508888 526606 534708 515356 496907 561951 507798 503580 513090 526322 504876 502543 513110 483570 479895 520303 482299 501931 516243 509870 570984 520736 546343 513774 475765 529934 498164 560292 564935 497450 494141 472912 521837 494261 529489 510887 505709 492705 492995 493659 521843 495273 481449 516014 487600 511406 507498 532874 524714 518883 531336 552304 507336 516885 505206 556357 529711 521202 532683 537729 486884 523367 484349 477561 533668 513820 486080 469084 502147 541869 494808 510915 507573 533387 516893 511521 542607 503152 500533 472137 498661 444897 510535 511316 523995
506416 475722 484436 487268 481579 491737 504786 469355 498764 490487 494886 479637 455871 504649 467108 517250 511451 431829 526943 487438 500723 484884 546643 476082 487752 452461 423202 454614 486387 477597 483405 471105 483916 465757 463394 442940 473299 477473 487513 482447 516270 447587 479142 446585 523218 497768 484989 460598 526093 491846 462663 466133 453029 521524 457830 458982 484408 481601 506629 466310 446584 518652 523192 463710 463602 456287 495555 431790 488869 509165 519865 451028 493395 490311 490182 504678 526920 494598 528948 472344 481716 458347 462826 475478 427810 468052 533830 504669 466257 493029 451948 456520 472103 537533 479341 462392 479706 492054 485998 464615 493012 501362 490111 431125 467789 457327 460015 460932 491071 542942 453206 475695 509936 447917 467666 500842 473380 523081 479889 491172 519390 475135 481236 492159 464638 468837 474510 498282 469292 488481 485968 471922 479973 492083 481864 540036 491518 485734 484650 448448 462660 460157 529331 511137 495703 464695 457828 502581 447992 489071 459122 489943 472228 479277 463004 502396 500768 460744 480571 467254 475951 476463 524472 500011 505162 523308 521146 497312 505043 486275 556115 511428 476393 485428 518120 491171 521974 475369 452120 495595 475204 464749 441747 482649 515551 489230 466760 502063 507428 475544 479374 533705 485473 479996 452017 444144 434695 459582 479028 490130
523531 507697 515388 500449 487942 493219 475971 508648 508916 516495 509223 497055 477481 505900 515507 509550 526080 445286 529675 494491 519348 476987 562047 473900 501704 488852 474731 479420 470483 521420 510762 467474 500841 465538 488226 473803 508010 508920 504145 523825 509399 497850 493999 469538 541873 525744 513441 444191 528441 521262 495758 495701 484180 539923 477775 488984 509601 506559 498513 486834 498295 535473 554282 510860 471241 499180 506714 470353 515893 554089 557449 487918 507288 515653 505314 512370 533624 500578 543839 500194 530901 509242 500762 526253 460767 489667 542092 524598 517763 505050 479291 485212 493471 586121 477631 498890 492717 494199 503839 463742 516145 527048 518426 477948 484353 469926 492016 510062 494798 549987 482144 498522 499808 499173 505945 512498 516695 543915 508778 500150 519449 484797 487003 501381 491551 497516 507853 483765 483399 513659 502763 478182 506186 505824 507197 550637 519995 506460 508057 446713 499501 484550 558863 513996 515047 477155 504683 515841 470163 513216 496336 498638 518960 494820 487082 511023 497030 481800 529163 483816 488008 474930 518306 552976 527668 542461 551934 522460 529912 484330 551357 490322 502063 499711 552465 498550 504653 477393 472486 485228 480205 485795 465759 476608 541694 510070 525027 524122 559452 504522 497952 527098 510489 503060 461847 494066 429858 516151 503757 485709
547255 503792 516755 548913 542154 545736 503491 524285 536944 531987 514813 515471 513205 521022 510986 535505 550662 463019 558228 508540 515731 514891 581508 521163 514645 491203 472606 500108 529345 517444 517830 499913 548205 507715 512933 480540 521409 530720 519673 545315 553857 517303 489441 513613 549255 560442 536963 477672 570186 518444 521570 522173 506343 555426 494814 506099 514322 522515 541151 491418 487334 559562 542380 523383 514094 481318 551497 477727 521470 606795 584888 490028 513376 526219 540570 524623 564896 533031 541704 530283 525708 509195 508698 529652 472129 500567 566825 516242 515494 530264 520360 520860 519057 596527 522003 507655 522320 520763 524058 499302 546035 545819 526598 460732 514885 492763 512026 508024 515392 567894 514462 532218 537500 495763 514519 529845 514201 551793 518140 542679 573206 517067 524238 533595 526142 516020 529704 539032 492655 530768 536614 513653 512835 523202 527564 593634 542661 523664 544479 479113 514864 521585 562040 541187 517194 501592 490340 557408 529490 538329 508915 516926 532612 528011 510582 532834 534043 515977 555212 484243 530466 499645 532795 557782 539700 556269 568359 536831 531102 512475 575660 529307 522846 523729 546763 495343 573499 497790 500292 533504 516564 515356 494857 494615 527066 529409 538089 552998 561571 527913 534359 567504 517340 522434 486670 522354 467198 513887 553302 521819
514825 478497 495353 497901 479772 513895 490272 515209 505703 504441 482176 482314 475537 490572 481782 501960 510130 413463 497796 486269 494817 482784 540304 473056 493084 440084 441596 457321 481412 478558 505406 452942 487876 495447 459208 441121 479128 491098 484630 495985 513912 439542 467962 484157 511041 521431 507082 453020 507586 477968 477005 476493 477503 499186 451471 478263 486864 506913 505611 473365 464604 499575 513198 489934 471232 490084 476785 455418 499583 520748 523985 450412 479297 492715 498195 519627 515713 491843 513241 480852 477087 501673 464193 492220 460207 460198 513079 475416 497452 502675 438047 483923 475121 533277 455643 485769 479707 500183 469736 447064 506485 518757 506135 446653 463525 455558 461684 483058 476016 531284 473090 502910 474387 480317 459951 479461 504573 515186 498128 478257 508049 483660 492096 492971 492244 485498 477951 498767 456130 478899 503234 432989 472153 480237 483354 536301 506558 495945 504193 469251 476846 467728 507932 507363 505354 451913 498632 511605 475460 483589 482411 480773 456638 467071 471599 500727 479430 490212 493729 444800 509358 487628 523841 492391 493674 527772 537235 481280 483671 465615 536616 502577 462396 489365 501694 461161 507206 472116 457427 499465 481053 462672 467757 446156 494202 493265 511342 487175 515599 472677 477737 506595 489734 491490 449966 502694 421452 477409 493508 481142
492542 485603 460280 493854 482509 487889 453196 473627 487654 470864 492104 448306 468318 473875 474287 488666 497822 408370 497516 471446 477968 481059 512739 458358 471387 434290 410038 443658 473550 476221 477909 449432 474016 457675 480257 456743 488391 479050 477314 483929 508794 455455 463372 446831 520741 513370 489018 414980 502124 468361 460139 464792 462961 494509 437199 465745 501350 481985 492862 440653 438105 484848 523069 466329 458845 454745 476004 410139 494561 505314 518593 456801 486728 474172 465117 509514 502076 457301 519911 482442 486448 475918 475137 489412 428056 470334 504161 484549 466398 481788 436981 455866 458506 567993 460260 476800 470506 480979 469458 448749 473455 497716 481668 423242 461820 465896 447066 471283 471544 508785 462055 469765 506767 454087 451673 472255 468763 511569 479327 485756 506727 454334 477372 477843 481845 466296 472856 470871 458334 457791 473370 456808 470751 460737 487043 527524 487403 489217 473897 439499 459426 455320 519588 503760 477884 433506 439962 491964 453296 488050 458029 464239 475146 485617 462961 494309 453579 473529 488254 440555 468094 483661 507762 483899 482955 532914 508804 481465 510072 447450 539625 486466 460545 468492 511752 452709 503853 456682 468123 490734 469277 465591 457606 449317 487062 457732 452215 487378 499148 467552 466965 500055 458135 464237 460656 459535 438336 459987 478299 476126
578106 531765 541220 576646 556280 566383 535169 558349 567124 544535 550157 527628 545835 547843 546341 560005 564926 485762 593532 545154 550319 511752 592259 512406 567315 507095 504532 511808 544262 526715 567841 498886 548154 520512 552178 521733 539218 533520 559129 570573 577933 548380 541263 511501 573672 575619 547066 485639 561641 554884 545370 513411 544058 549848 539576 504336 562452 522999 555871 507110 511439 573962 588669 548928 522157 527386 556202 476246 554203 593277 597882 514321 532711 550392 550725 561238 543733 556513 559915 530979 554840 537215 523465 555647 499674 530427 601359 570184 518082 533809 535347 510941 544437 612427 542715 539191 557693 541342 539055 490854 550335 581784 563551 512484 531953 506894 519004 522831 552437 596053 504047 535491 579968 515029 502818 562100 530102 589574 564794 552909 569770 533226 536155 524337 535725 525783 529773 522647 503371 574153 547081 513471 524539 530217 553966 587624 549563 545548 564494 500460 525018 533381 595511 576482 552172 515513 515171 572017 526658 555006 544359 511002 539433 540477 522479 570406 533078 540596 581589 531007 526289 532921 552214 573753 532549 583023 595486 564747 583812 542887 607765 560466 569458 532664 584501 524391 568921 530126 541382 539339 522575 540664 502184 521522 561720 500807 533959 524713 560478 535863 538703 552861 539457 544774 512512 515356 502376 544127 564711 539115
500369 512915 498123 522332 482587 527251 489260 496815 533247 508684 512007 500346 502218 512401 488701 519707 522174 475426 545953 492404 513821 487058 540629 524637 519880 480716 456951 494954 493387 507184 525245 488094 489763 505223 507564 509680 495394 513422 519038 531212 538569 485894 484802 477643 543311 536444 517789 485283 545164 518786 503490 499468 479380 517683 488348 496858 520769 514493 529713 482266 499626 515086 536220 482628 472618 499154 531748 459767 530223 550414 556690 477186 504188 513885 517275 494151 527572 506871 540250 486947 526795 508728 483709 515409 467781 473797 536609 497936 505823 554395 486667 519671 509574 575476 501288 482914 499979 543882 497078 481020 514076 554932 519952 474737 488370 490063 479353 513069 514396 546362 489485 508959 483340 468652 504579 481332 510079 572533 523198 514611 541823 507347 496165 491495 503823 499052 517755 482613 468335 509487 529687 481739 496792 502491 480161 576427 488807 551620 524983 471963 497388 473913 533895 559388 488334 490157 483993 527815 497992 548884 511285 489883 502024 501596 491911 522291 469362 514923 526163 489716 502624 495950 536457 529627 528598 549610 535743 523390 542581 512194 600256 518154 503764 500678 547524 479605 498010 479338 489266 520205 510874 488649 474005 510553 530290 496018 514550 500412 511058 493917 504212 508519 508576 489754 468220 497238 428051 511572 516931 519186
519648 520368 485642 507692 494781 505816 491871 510379 499314 523715 527070 499434 500268 502024 499772 518845 517181 444418 537376 515604 513363 487215 547214 514813 509537 479661 453155 476744 498923 487766 508129 491639 506971 491050 478541 455739 506484 478282 503525 513584 526566 493511 499950 491146 549994 525936 516295 470661 546400 522226 502642 519579 485700 518582 495538 491343 509246 500449 529930 467425 469075 538963 537624 493495 490097 497061 520025 449924 520029 540779 545431 479412 504419 528716 532384 504563 520802 490898 532236 487722 515912 507756 500992 512644 473387 483240 538190 528609 526193 534696 471922 496903 493472 565699 487871 504898 506920 519142 490954 498078 547655 525251 519982 469862 495555 502436 481032 499576 512269 546080 486073 513739 512621 474533 499482 502841 519095 557694 508044 512753 536482 502519 507465 506975 498204 491241 534516 499505 458187 481509 520126 480894 481522 511382 501410 552079 510743 525433 513221 474426 515278 479741 536861 525394 531330 474016 489526 533209 490760 534955 501631 502806 499578 488566 494926 511964 480431 488339 544446 475011 501066 497367 517813 518408 517564 537396 521684 530698 547535 491383 568907 518052 507641 499128 549827 478293 550113 490162 482400 520674 505340 488964 469862 495781 527080 510702 508322 510358 541513 496766 515625 540335 512557 488333 468324 502947 446281 496037 522390 512877
534711 486670 484930 507449 501542 515497 485802 512463 510373 499131 504095 492341 477162 516714 488243 533887 513291 450507 520921 487319 514110 506083 528735 471648 489997 451870 461490 488027 491806 484315 507756 493541 493232 498228 480199 484684 482103 483654 479746 493192 514623 477658 493498 481184 517379 531449 521857 454728 512336 526364 484534 481942 496058 531957 474945 500599 526815 480796 525510 452224 468731 527282 535926 492548 490901 501528 518394 460059 510581 566010 577728 462938 505697 507283 524303 514361 529743 517129 531930 496974 492270 515155 480679 524823 457903 477553 526499 536788 501786 514127 489416 488151 481674 571525 495331 486729 493308 502040 483937 496140 526452 529847 509781 454979 491685 474347 491074 481549 501433 557482 498249 501088 515808 487457 476556 493355 496059 541788 509185 533071 516278 476006 495770 521505 505787 520226 488984 486102 472397 501847 517962 472931 491188 506285 516388 544246 517430 507392 512003 473333 506086 457608 535886 521247 497947 485418 473185 520563 504560 499384 498152 492559 478581 502760 472573 522736 496823 487292 513705 455500 507198 498860 522398 513401 511709 537997 553665 527600 511465 531318 559363 528478 502581 503846 527501 484761 507865 484468 484857 504028 512419 494618 474027 486138 505293 518915 490072 508969 509152 486982 505263 518955 503064 493483 488552 467371 450172 494926 528448 485923
532129 483856 494144 522201 479157 508368 479761 510764 523058 480858 531647 484294 476541 506629 488429 494260 518215 437771 519985 464282 494764 476741 531925 487579 488982 456562 420553 438681 503889 519743 488755 467730 483877 479568 483102 464276 496622 503313 492817 518522 526054 497618 486164 454311 524906 532015 515486 455532 546533 515019 500137 478028 481198 512904 466680 488209 514868 504180 510515 465716 465705 529183 524292 476190 488635 480154 515512 431990 504972 555563 560572 471078 478928 512636 503556 503066 528711 507397 520634 490283 508568 473894 475512 508880 431863 483992 531516 513833 490098 507705 471321 456090 474516 552993 478405 464145 489028 526735 478997 461203 499893 520519 507155 442073 485631 455188 462462 474962 490872 505945 475052 499561 524825 481640 481519 499685 488963 524672 500185 497683 532241 492497 492494 500134 486840 471222 484115 506187 488609 480126 503826 478819 485733 468018 494498 556177 505293 529471 501431 459224 505781 475450 543205 510062 478288 469329 484840 493509 474024 516273 500603 495455 478644 479291 459263 525814 495329 500560 494602 463857 483228 522599 514427 528599 510246 542309 513680 517229 526363 494513 554848 505108 493882 500147 535434 470003 507255 480423 481548 512709 479722 484896 486277 508328 525664 478224 488484 494338 523531 501413 488330 507114 496294 489523 458068 480745 427504 491288 501079 518115
511171 473150 488937 509836 487178 492122 486649 492505 506889 498937 500474 492146 463576 489881 497440 502237 505500 439543 521681 479781 501620 471330 524721 474967 487623 466252 423458 480206 486881 481728 506669 474554 474776 470647 482205 442251 494481 486064 476797 500289 496583 485325 485228 469498 511951 488064 506901 451987 531269 510246 479095 471598 462609 502795 467847 470860 499184 482023 513430 485988 463665 491938 513929 462649 472658 479518 493305 464798 486166 519194 526637 445368 478180 495573 471540 501806 510407 505743 523006 473569 484065 490618 474141 490951 452141 483227 536761 501373 495838 518247 475307 471667 486960 530719 478032 472563 485055 519611 470293 450826 498575 528519 496392 444893 491192 461396 459351 499742 513076 528098 479742 479187 495914 489784 484520 474099 495803 521167 475361 491697 530309 490592 486826 520855 478763 489208 474531 479234 450532 482500 500767 457772 475467 500831 498759 540451 491899 504992 487026 451028 488234 456053 533562 537503 494405 480740 496853 507577 461527 505070 472202 480224 470718 485567 458227 480166 480822 480559 490000 468805 496866 490414 507110 532745 493830 515424 531864 511849 517709 478997 552434 506795 507811 510400 505330 472226 492127 465428 485579 491294 461661 489827 459485 473646 511061 504733 498220 475691 501339 483669 504394 506906 482528 478946 454707 478890 454968 494118 494940 486555
486163 468064 459761 492652 480477 455441 452490 461964 482855 485637 484834 473517 457163 470305 458934 491721 478016 415700 509584 477252 478941 465173 511144 459977 441577 444053 411558 437464 458721 453438 469282 434139 459318 448861 434359 440502 448634 457864 476461 490680 502827 449067 455105 441245 517491 506816 484245 421124 499115 485376 458798 492754 441939 496159 434557 458488 496938 459618 486833 446339 441113 503244 522095 454439 449808 451733 489774 406918 482925 494007 518941 421733 476284 474409 477222 456783 489028 464617 480334 452238 482402 448888 449777 464286 431901 467208 503031 484816 446957 501314 454277 481153 466492 514776 454834 448941 482338 456429 458505 413921 477220 513413 481407 449905 458781 448493 446073 457148 464188 495393 457266 487310 498147 447293 435822 476192 459321 506124 467575 452070 472029 452362 454272 447854 450628 473680 451639 459070 428101 486122 481863 431905 466909 462447 478280 503319 468584 473266 466936 428044 465827 457057 498765 508069 460926 457862 464221 496489 455423 498308 465368 462028 476349 461642 444793 489055 448974 482218 496371 426618 455883 450560 465963 482804 476581 491135 503637 495337 505097 471547 540976 486554 475365 480463 509545 460476 481624 465017 467080 470276 458904 484960 432074 450129 494803 463423 454297 485197 493724 457614 477012 474999 473556 450379 434152 459247 403914 468824 476160 470446
560633 541962 532448 526496 537947 532165 530707 545581 542447 528940 545214 503269 499051 507570 521409 547521 538940 487459 561415 515982 556459 503129 574301 531674 537885 483808 472950 494333 549426 496120 532511 515757 515595 513193 507151 500830 515228 529221 521044 549300 556816 510405 509410 492388 549525 579193 533808 481269 565331 530792 542440 505071 501715 542762 500111 525471 538074 524878 528212 524369 499727 544448 578990 524840 523182 512313 535219 471116 544233 591861 595196 488937 507738 511952 531720 533941 547564 543842 549506 523867 517674 499878 526041 522584 461514 506425 570892 535266 527632 550156 532430 533727 503397 583563 514195 519409 547680 552487 521673 493567 554653 562542 559557 483055 516197 514240 512208 502763 517213 547099 523930 520601 563585 543783 494561 517919 533180 559645 549869 534831 560015 510584 529087 529165 527810 507563 521035 565605 503333 531358 545840 491465 508071 525645 524520 566936 550488 540095 544908 509488 513546 521719 573476 536489 541762 497955 535230 551977 531630 547673 498616 517781 537030 518646 530188 537422 528617 510292 538100 505131 527112 510914 538131 544112 536510 592321 572125 549961 545772 540579 581920 526072 529395 535800 560510 509120 553137 532181 516776 521197 514336 516091 503659 511391 561344 526524 534987 531349 542615 511724 524523 546450 513239 536378 488725 497569 460977 532901 526659 558941
553389 540699 514958 536441 506378 508852 509754 507147 531147 533247 549147 521609 526130 518303 505620 530157 549993 470059 558153 504135 526562 526774 589088 516559 522472 484381 466182 486886 525519 521483 529258 507729 518942 497100 504086 485798 507939 531513 517794 533824 549103 502528 526263 505947 556241 554766 534438 483642 560749 525410 530249 506523 503058 534533 496809 510501 516827 513194 532697 514271 475082 539094 571855 512986 506362 497577 535455 468388 535533 551731 586494 483483 496687 513284 543952 517116 538631 536549 547668 519704 513902 511855 520124 516360 464513 516150 558299 517232 527425 537835 509283 518281 501047 591341 494507 506777 515301 521126 509717 510059 538193 541702 502140 480127 527418 505275 480728 492734 521404 564072 511402 520473 520278 500829 509838 520720 514311 565486 524888 528805 549933 515781 523377 527372 524076 501678 519524 518074 486237 520581 533518 502528 505412 521895 506679 548676 515192 518931 533318 481284 512601 511474 561122 546923 520413 492520 482918 544275 512341 525278 502200 485374 524907 519648 500725 521237 506570 530964 539328 484005 517327 517045 516681 542761 547608 560753 559524 541024 554425 522115 582254 530545 543048 510128 550084 507948 536431 502045 494536 515166 511512 490270 481771 501955 542057 511662 514999 528232 531998 519412 528731 539331 508563 507842 505663 509194 455461 515038 528077 548940
526415 511461 506412 556400 506602 504790 479541 528602 524487 522926 549629 527539 512808 513943 526311 531084 532886 443747 555434 491191 524511 490527 575797 504434 516492 472952 471357 486463 522119 548661 516911 528000 499856 502525 492532 500152 507132 516165 507028 527588 546040 523901 507225 487277 542449 553606 539457 477912 559014 536496 514954 504211 508869 530624 483425 528815 515345 534868 538576 508453 487197 518852 553200 508851 495443 504499 536892 495519 544576 555420 563068 502088 517983 521653 527228 527194 528285 534631 552840 513787 536417 493071 519748 544988 452041 506038 582521 522649 527597 550614 517148 521210 510047 581681 506973 499807 515415 562413 509838 515883 557538 589884 540658 491241 532330 503208 480167 491835 536134 557163 500271 519090 509866 491342 498019 508893 510455 557264 516890 540785 544968 529502 522706 525065 530160 518520 507713 532921 484904 511398 536431 486856 527917 517449 503027 580437 505061 547967 508472 467366 502266 504890 579977 524756 517647 505522 512727 538514 509239 546543 506821 514939 544130 508068 504599 544323 509934 529615 536080 493450 521206 514102 534894 560047 542668 563491 551330 541975 550394 513648 594115 527403 508061 553745 562780 498739 533400 489628 515124 531970 514377 500400 482070 497972 535964 506648 513958 525828 542888 507359 533989 557127 509068 511059 481365 528429 495598 504466 523414 546374
513471 483969 487012 495029 480538 482096 473193 482722 514523 488093 505469 487233 469797 487997 480939 495818 495791 430402 511092 481709 497074 486926 540162 478619 489361 466794 447042 467710 479669 510040 479835 467079 486448 468841 465071 445357 476753 486360 460727 505882 499981 470525 489380 469554 522890 508334 507163 451471 519805 503654 506987 466645 466989 518802 484834 464269 493907 507059 493909 470382 459754 498115 524464 464496 474132 459286 499673 437036 478826 524586 556254 462344 475538 500746 489313 506442 491311 477069 523247 471764 511380 462573 480083 485457 447291 476508 528711 487452 486746 507139 471930 509152 481844 554606 463724 490829 488199 493805 509542 456880 488438 504291 485644 432967 484312 467843 464831 489440 499239 531741 470242 467352 484773 479115 475972 491553 495413 520758 479227 476940 533307 474594 492323 460803 484380 482502 483407 473162 465604 471340 505194 453820 484602 483299 483549 557101 477228 502999 482587 455807 479402 462848 542409 514894 501056 489148 469778 499836 453167 482269 474921 470063 494817 489882 476098 485946 463047 486891 501921 449662 474257 490560 496981 509172 504683 532571 525428 482985 508903 482392 533706 502009 502381 484883 534142 471329 509154 450562 469635 479781 476268 490533 472665 458876 505451 469953 499466 499327 521950 486440 480526 524889 484304 509419 448717 487755 432805 519963 512866 469747
493412 479467 480351 504669 509197 489670 457659 501733 497583 488175 508988 462156 461081 493359 496081 498819 498445 424039 523590 473407 484608 467130 525026 479741 476231 453548 436039 470610 466006 478628 513884 478361 466869 470419 475581 447396 480749 486528 487640 499084 500762 490161 484676 454706 519656 543173 490176 438995 510326 485999 500187 485453 464287 501078 455226 483823 504253 477317 512076 466589 455441 495550 518537 482878 477841 450112 499463 440334 493076 543238 548220 454764 477242 502980 474168 483211 488969 503820 507395 499775 504572 482054 483919 488099 428388 473352 519292 498362 478739 476718 494395 498537 460919 547047 465832 497941 500450 509553 499223 462667 492423 510751 515834 436381 468343 464017 461555 483909 488727 509558 481020 471534 493034 469399 477987 498625 489976 502678 498730 484436 519811 467172 494164 474268 474813 510528 485064 475377 467552 491087 508280 477404 475059 483833 486507 531255 487639 487317 486911 458360 474121 466546 537952 498148 504455 438112 468281 530041 483190 494911 479615 476647 502957 484637 450049 507531 488217 500047 496203 456416 472281 476076 478689 506610 507987 534990 512722 522202 508757 477617 525529 491754 489475 488852 542009 475560 513369 472133 488914 491359 485287 472863 459926 486660 531544 473072 445930 476865 482618 477267 468699 486378 481509 498375 477777 463372 448013 495833 481776 477652
548739 509134 542891 530250 505431 538369 492825 511489 537593 538366 539397 513070 510016 538315 501893 542268 556609 471151 553819 487787 537781 499852 569621 522721 523137 489333 482358 484535 507531 505322 530945 513704 533086 523185 518616 512088 530963 525936 520411 521399 531859 490533 505446 512461 534920 558021 524774 453409 564356 519166 510441 505327 503951 542617 502282 496483 530888 514188 527530 496939 497008 532910 550310 513949 514641 500356 522957 478854 544605 547379 584540 492485 513977 533182 521119 517412 529947 524494 525794 517904 515252 512518 495698 543393 480918 503343 570807 529793 523520 568766 531740 505589 505279 605854 504495 496744 521766 549892 532343 491152 524276 550520 519845 464848 525373 498940 484863 499314 513161 561718 508784 532215 546245 501078 515150 518327 526063 571798 518024 541461 552614 500344 517963 511334 524952 510409 531301 527389 486630 521477 523746 508922 504482 497597 511853 577921 509308 547419 527797 484792 527450 501338 561224 553061 531055 503674 494495 565276 517623 529199 524393 513890 524184 495599 496633 539039 492589 512158 553629 499609 519786 518376 511883 543581 530896 568151 544679 518184 539202 521670 589950 518971 507237 520996 557564 506658 520304 506882 484316 520593 506255 493006 493275 522373 553973 503758 524474 517476 524794 526705 544869 530409 492347 504456 471923 516779 469774 516668 533253 538229
524018 519219 524270 531730 484312 522997 465201 534549 523743 533405 512609 516182 503246 514911 500819 524078 518973 454675 569000 520320 512518 513486 544197 484873 509552 473311 444719 469527 491610 507923 515026 479559 504159 497973 486324 486265 507387 508252 507234 520797 539844 499016 499277 490789 561292 548391 517615 459866 551254 502238 507071 469026 492933 539292 485481 496205 500499 514168 523393 475495 487352 506975 547821 519602 490015 499524 516837 447623 526888 560250 560626 471688 503843 498595 518641 527969 521417 529240 537345 508751 544281 510146 508818 487272 444386 503126 530066 513184 520478 529266 483319 503798 502727 576787 500744 499843 521353 521884 486194 486889 512297 543927 537055 470118 498573 480075 458377 506901 501035 521190 498789 494304 509828 510948 482443 510454 506548 544541 505151 505004 549449 502319 520867 515758 503446 504853 507390 481327 508131 502813 554338 487141 478065 530457 497909 563816 499840 532544 527366 458646 531908 494669 552011 531304 514843 484914 502903 518907 494472 501070 504825 499073 521924 497934 471115 530595 488350 518444 535241 491330 505927 503338 513610 527669 533783 577562 561979 536228 526516 493011 576450 531831 511111 518295 560290 473268 540700 471051 496156 516905 534211 487862 478578 492370 514291 500875 493951 500539 518949 488291 500615 514852 513748 485442 478241 505446 453132 504156 503495 511860
495983 470967 513694 503900 499881 507581 506799 491927 509367 479816 495141 474255 490486 497523 474169 514411 496955 449645 522279 484631 505008 480914 544766 512334 498060 456422 433393 474096 501666 487312 492315 478184 502322 471465 476116 466715 497045 508598 499784 494670 542711 457536 471670 479309 535614 503757 527265 451258 535541 501758 488961 476747 488005 517733 465070 489682 505393 480702 505405 493417 494434 520074 532323 480858 483013 452531 497355 456105 513163 542039 547635 469186 482344 506329 501573 484664 507010 487857 542057 479736 498422 494889 470341 500147 428538 476663 541413 502204 503919 535984 451291 495109 468344 551647 479324 486653 512441 501684 483737 461763 510506 529522 517829 455238 490917 469615 471858 467602 499550 535633 494477 498120 489878 466178 480652 482904 479182 530205 499746 516928 522945 466838 505148 497448 502370 469278 515354 500615 470986 497738 519404 470394 471758 482069 500124 543215 513612 510697 500141 436749 505573 485803 526743 510731 508817 452225 456898 524747 482043 511823 468187 496290 510011 489453 462036 520919 495325 500457 513759 445801 504474 493123 505439 520506 500769 538282 531615 480816 509506 495190 550568 511147 488761 463202 523755 481813 521988 469015 489320 504318 474637 475831 471351 493360 510958 476094 502311 505649 537182 482515 467873 522311 494321 513050 454536 476465 445448 463652 489187 508512
544813 532573 517058 550395 514521 532832 521724 520971 551894 548106 533989 531518 525655 554995 494778 526515 527482 447373 563552 535404 549241 503956 592978 510317 521918 496011 460544 489527 516604 541723 535738 505817 526399 510258 509347 480782 515760 540256 522650 510797 569795 499376 507783 502315 573429 571913 541411 487093 563150 553379 524061 528096 506367 554264 519270 512224 543307 508780 553200 521694 489449 553729 550579 508491 536578 517804 540219 485962 542524 569858 596162 495077 517910 544093 545496 548349 571605 535729 564872 506127 545461 522533 521259 540122 505418 515126 581052 545108 525330 563019 505835 534696 495953 598119 503283 503027 556713 534773 522606 504454 529128 562271 542771 484327 521340 503553 507916 532023 523698 569298 532842 529690 553803 500782 501661 516701 539620 573977 527481 545446 585249 515122 540251 506370 520958 523330 522275 535687 479120 546565 526262 499438 513445 540623 513578 584984 536728 555432 522713 488596 526825 529938 573854 550138 533030 505147 521333 561667 488352 553199 514784 540594 526664 513148 508307 548890 524586 516561 531275 513419 532931 552272 541884 553209 547134 568648 567070 521144 543309 531072 580198 536346 535033 525278 564582 508811 555212 514272 494696 524297 531489 535029 484737 515376 549931 547376 539516 529287 572792 533100 518621 567492 525589 538783 486819 516747 441877 534033 559249 520400
507096 478234 533622 517217 505252 539076 502243 523382 530572 533731 527989 506264 506316 516507 484022 521408 528106 460951 578158 489294 527361 495752 549022 519349 514394 473995 460921 495070 519738 511559 515076 497895 523020 525344 514256 474346 504234 538481 520737 507527 536238 495004 509141 503619 551341 548316 518015 473537 570751 508737 526850 485861 504434 530113 492968 499337 507136 496118 550890 485283 495479 535784 520934 521725 519406 487829 540911 478437 528624 568415 582632 475108 499245 520865 506980 525867 533448 526382 540611 534313 535940 505977 493695 510378 434182 505862 563846 510466 525074 525777 505955 496776 492391 578700 514837 517587 536846 552774 522911 506161 530889 541880 520030 442808 506012 500656 484003 496358 520549 556565 519611 497361 529070 495345 507487 500120 510992 553749 521470 529339 553220 503457 526265 513370 495403 495388 529796 511688 516484 508198 517274 491165 494043 482221 512489 576112 517204 540811 536402 489632 529210 510248 558336 534054 518286 493000 489514 564280 497357 524894 489488 501791 522816 499417 505483 517858 507947 515619 544334 486741 529941 503292 528822 550630 524967 568900 539801 527421 533701 501791 572107 533642 507038 529019 541829 507851 546505 468650 481275 515902 502427 499048 461827 488038 532022 475112 510979 526263 539507 513168 510931 549173 497828 519799 475817 493807 472551 507766 519943 500697
539881 491277 508667 519527 504122 528612 481997 524666 551282 532387 505038 502851 487252 516536 506668 516596 523694 461880 536172 503489 511548 490273 550935 501797 541428 496560 484200 496426 508023 497177 524280 481804 497572 501586 481566 501228 511626 501180 507800 520550 543859 501498 499803 488675 541228 547397 512231 467329 535111 535945 515618 508922 495168 547754 498943 487121 529549 504126 496154 490797 499306 546279 564968 524574 484208 492573 507957 457412 539433 578528 584195 488307 512156 518398 524204 517829 531993 508051 539307 513529 514855 495464 502969 498682 477029 490533 539682 514245 505037 533280 517337 505667 504413 582854 503922 516111 513618 521063 506230 479416 519297 555312 544674 471884 508674 480098 465340 509441 505757 535786 487210 535453 529405 505156 485113 508453 506642 539746 508132 524760 547921 503159 501016 518071 518850 521929 506971 533165 487578 534473 518310 483909 516535 513033 499427 577782 547877 533285 514938 475245 519439 517600 558905 532075 500829 496030 525888 529541 489685 514323 528396 493477 507077 511617 477794 509852 511034 521316 521417 471941 498381 515698 533471 538017 505870 550571 557511 505450 531884 524153 565887 505780 511705 529582 563146 491867 529976 491478 496726 502068 500408 508049 495355 493763 529460 508153 514456 530462 533438 494324 530560 526874 520455 524909 488881 493395 452553 490027 502615 517267
480484 453792 486926 462030 477137 479953 457534 461498 480290 481799 468868 450525 453707 457090 455011 468045 479606 422346 510574 453864 468646 428331 526508 473260 486939 445522 423603 442237 477481 449303 473161 445568 458074 456657 437852 426837 466049 453958 472466 473651 476655 438770 452394 440593 503551 474315 471428 435724 492603 455907 455385 458518 454494 493493 461387 432355 479628 449224 463457 434621 443693 465373 503187 459295 439393 443727 472156 409923 479958 512017 512875 436157 452741 457543 459737 466535 478913 476158 490799 456033 464963 456925 455578 457875 417529 468853 503111 468633 472277 486004 438926 444315 438742 513549 450459 427003 488285 481581 471319 437871 476096 505255 479884 442924 467569 445231 441403 447838 475339 500228 461870 466166 472712 455835 457504 492309 482489 489186 470706 453833 495642 446137 456662 458573 469771 459394 461074 471846 422906 454019 479854 427337 461772 459616 454617 514154 492188 469495 464940 452695 459748 443916 523033 493918 469646 459713 466672 481445 464161 470170 468669 479425 454126 465494 420590 487652 454215 473393 478384 443310 469358 433356 468684 491748 451100 516292 488484 477411 486929 465149 511864 476469 458855 484606 518117 453423 477792 439195 445862 463947 448931 468345 449808 451396 491915 443721 450312 467217 494125 464891 457942 486726 465332 463479 413842 453902 398760 454728 443531 468191
475945 455736 459992 481154 464619 474747 435399 467398 482684 453234 475666 455250 450832 468659 466816 469567 470064 391511 506049 461922 480622 468361 508832 452305 475593 435708 405610 440552 469172 460281 471574 448412 468847 446686 450472 445279 453979 468712 448095 488204 470537 476023 458647 451436 514371 520415 488651 426602 493647 464085 465715 453656 445230 487722 437874 437824 470698 460806 496457 435788 437511 489649 493885 452305 456891 431981 469946 425855 468414 516707 518874 420320 457063 489254 463617 458978 490217 487385 491421 474505 479547 464539 461510 477599 411619 443367 517275 464595 468573 479965 457664 467790 470779 537560 447935 452213 485028 475308 457014 448228 472592 505135 490771 432510 468307 442018 428368 448326 458307 498221 458892 448334 469011 447213 467892 473933 459373 498969 466608 457723 514539 451874 468272 454880 464978 470327 464483 454633 446743 455638 498043 437460 467677 464533 473604 526337 467170 474046 467842 432723 467760 445241 521120 478073 466501 434585 456372 475051 460233 491657 466587 468747 482851 440243 436241 487242 463111 462681 489747 428460 458792 453361 493772 497862 462211 516781 496843 473270 494080 476790 517935 484782 467057 458020 512804 459313 490706 448781 447473 468567 451646 458245 453213 456146 490667 446881 462666 480837 485473 451328 448552 486988 474669 470621 431298 444660 422439 485308 487601 459963
508076 474016 526466 531137 499662 530432 486466 513532 509386 517665 496342 510039 493988 499019 519739 504121 531750 435537 554677 496372 515349 484378 541405 503725 532237 457981 453788 490720 491561 491188 543574 489991 488626 494272 506233 511541 489566 495783 521954 521311 529566 480545 492237 460248 523703 545121 519726 449097 527685 519674 521105 490623 476142 518349 489408 504739 509250 517598 536803 502544 495595 518813 546536 486101 489777 482007 501414 474831 511974 565998 550555 461655 487143 523228 507619 499898 502763 513399 522014 512209 507465 499655 505499 507723 460580 490204 552782 489867 500086 532358 496245 504348 476890 573510 504815 506736 522153 508713 488118 478467 507660 544139 516856 472953 498701 465561 474313 485764 508470 529892 503632 498154 510115 508762 512330 507226 511370 548998 523871 505448 541913 498376 499741 490529 504088 515033 486370 524714 475423 523209 525002 479631 506572 508178 492728 559047 497381 523651 506726 472109 508367 485016 566811 519427 530744 485210 464550 534183 495179 541543 506180 494720 498019 491025 492597 528219 476526 502170 528032 492523 501606 484970 515674 519053 522413 579768 547082 488891 534080 496254 581057 521109 506756 496605 565480 484669 516318 487979 491086 496601 501604 476662 481715 478031 533298 464452 499165 490975 524159 494335 467055 533174 502436 522374 478678 487735 433980 505500 525973 502003
540805 513984 520370 541367 504382 523618 485116 538002 532965 523479 522468 496664 507447 512998 496401 547417 546738 452039 542590 506832 507204 510333 574498 492932 536138 498650 449272 471107 509166 535416 527293 506703 517974 494882 489824 488804 504974 505269 528207 534972 564831 505286 480174 479860 556096 539305 532056 492278 551518 506310 511957 489338 515520 552539 465915 504508 517024 509278 528313 513186 511939 531478 558568 500747 512563 488490 520492 465617 539437 577810 576189 467281 486888 513563 515230 537872 543440 514193 553373 496677 518559 497309 495311 520208 467678 510421 573601 512799 520382 545793 496897 532296 499425 566948 521866 509398 518414 529155 508769 487324 523986 554792 527646 494095 515344 489501 460394 496591 513919 557581 495621 539307 534152 477431 489968 533231 488405 555322 522559 520582 548442 489954 515799 528956 523473 492947 513814 521060 505732 518773 516426 485756 502669 504060 495526 581054 561588 540104 539896 473826 501706 494200 550460 553838 515471 502233 492909 529898 505819 546759 528034 493847 509824 513294 511331 502299 533222 518249 535489 503651 532716 526845 529224 539552 546844 571949 567440 535191 545480 509398 570506 522621 508022 511446 549723 512234 546506 505685 507086 508991 497174 524936 473642 493888 533662 508633 513449 531698 528722 512828 511917 544412 509434 512239 486106 506071 467869 508593 523314 513834
526487 488912 496482 522948 491394 522008 492918 494895 528134 513649 524475 497399 488368 535580 474681 505731 515936 445872 525324 508706 532196 487453 544245 487298 497853 460480 480299 502000 497456 502548 508927 499038 508105 514418 503087 485589 495206 488216 523869 537343 538477 482139 502251 490447 549212 524006 538385 454467 524713 517455 513809 502975 477560 510552 495628 498567 502965 495617 530553 473663 488065 540573 549379 485448 501133 482543 530263 479930 518264 539163 593126 491183 483813 509449 511794 518313 545107 506266 527730 494540 491334 496441 475324 529267 461810 482857 545682 540843 503807 524955 501622 507623 491535 579439 501107 473334 506260 509900 523031 491597 513682 540287 500820 463666 492287 489312 462841 480481 509269 549223 480229 523306 513242 471876 502274 511438 509647 530831 508724 530370 554650 506685 490567 494737 508791 513086 491670 502443 501244 513485 517756 485326 508129 492955 487746 556965 498414 545513 537899 478532 509840 497507 547868 541232 512534 478728 474591 536389 486105 510884 525467 518105 515493 499404 488067 536716 495089 483624 549607 463755 496548 478611 541469 523232 514076 523923 547362 513747 523372 524598 557506 514063 502608 522523 541957 508224 523019 480306 473229 526830 500093 503149 466367 504746 525248 494259 501404 502953 506801 487407 539928 533389 504436 504249 469894 487554 462479 493097 525702 516718
480894 488615 467814 497707 445998 470440 439855 496466 476119 478842 488285 463184 460517 481657 449829 495304 486710 408861 490356 475727 461857 453538 503327 449429 447696 429695 413606 432041 461223 483103 478747 446552 457830 451804 456027 450492 479897 464725 469050 476171 500612 456084 475966 445232 506270 502529 487490 436825 508828 476427 445160 451718 467643 495770 444952 458556 462506 478006 494499 461256 438955 483276 466785 462086 470618 458881 482393 421239 468892 499497 504726 430705 473611 463795 494887 485345 506544 467679 494366 464855 501945 459002 459187 475436 437899 447340 504512 472369 473640 502173 457412 481128 455735 517267 457384 469078 459519 449593 466969 452939 492678 500740 485327 438363 439439 443234 433596 471442 467534 502118 442305 482242 471280 435962 459356 475053 463895 513130 463332 465768 489080 468419 479300 479434 460349 464718 471703 467763 443148 453085 483445 446635 446715 471340 450164 513917 456107 499594 504419 447607 455231 457517 513104 493079 483208 444808 471293 466279 452894 471301 462616 467382 465365 481209 460600 482063 469107 463136 465428 453022 473672 482278 484971 477923 466415 520931 503732 480849 455326 440210 508017 480158 455080 458953 508629 445799 479194 446151 461447 480944 479158 453228 439805 479956 489126 467290 460824 465883 481036 457462 474841 467346 497657 459832 453235 473679 422940 471484 480125 482358
509091 466576 459504 479750 479906 476418 452903 480535 489373 487163 498522 477680 455867 478255 455774 463512 482604 430665 500199 448499 492034 462991 524510 465240 484841 430494 424462 450809 468133 461221 486012 448047 461089 449553 480093 447911 460858 465625 473790 485800 500841 478343 468276 455632 504295 516637 498891 425995 498561 485898 490493 443768 457337 476430 457510 461015 487117 457822 475792 435833 439248 479082 503257 462083 478071 464122 491099 428267 492868 527392 528132 432377 459058 473048 468766 482206 501093 478938 488916 466763 478117 470565 460465 492189 412231 478670 525226 474981 468868 475550 467267 460648 448933 536642 460137 469528 478041 495201 468155 458221 484615 495879 492406 434409 465065 452598 450214 448037 465988 518513 469386 476561 493065 434698 438648 470361 495625 505239 473466 494508 512188 461824 463778 472233 483471 465835 471198 474599 449402 460736 488775 441975 452686 483474 471446 524649 495774 499252 502841 455777 477386 444746 549046 504428 468731 455355 474745 489799 442852 474018 460707 453061 478279 449442 454496 503121 468053 460046 476829 459441 474460 462280 509749 490717 468824 506740 498535 509926 492181 489999 523798 478141 491190 465135 504800 447507 511529 439562 454828 474065 470357 464295 450380 464606 483635 453851 436693 483497 477772 467868 477814 499417 479774 475780 447358 460686 417585 465520 497392 489230
535660 527295 517433 532948 532804 535840 508873 503424 537650 510282 498125 506328 501299 534583 506487 536823 520193 459477 559349 530533 519855 516432 555287 510069 515878 506818 436920 498477 521095 499072 519087 493789 494682 509311 512773 489505 514229 527416 527417 536349 536211 498465 513048 509228 575258 561285 538161 444725 565010 514971 482013 491576 504045 537472 488874 481278 520780 522615 529395 505960 488710 537289 557559 508763 482584 497380 517348 466583 526727 559207 557517 485064 515193 540042 530004 513588 539723 520137 549144 505284 524503 497432 514731 528647 474102 508599 555892 510082 531139 543444 504536 508468 508352 595931 496773 496624 529486 534270 522056 494359 525686 545784 539111 491196 501910 494664 482616 512802 502082 546776 506334 505671 536006 510255 499689 511875 506252 556859 505363 511610 558788 500268 482547 490923 500309 518965 525813 509989 467888 516788 528713 497888 507091 517514 503829 578695 526073 534313 523911 481455 531902 517933 556267 545809 539058 470796 496934 535308 488721 528532 516109 514402 532230 517057 480690 542324 510000 518372 548247 484510 499821 519786 528385 543663 524970 554532 540638 513719 553554 514362 584833 513026 523857 523314 562237 494901 542808 499166 499415 516937 509547 488631 511518 512954 548177 503895 508656 504856 543740 502189 517047 539714 519035 528292 470963 487680 459445 509395 517515 512038
473193 439849 482933 484141 453320 471941 460341 485047 478125 485212 477616 462876 453993 502580 475580 472969 466313 400013 503674 448228 469305 445971 514224 470186 465770 451593 421804 439710 472417 478442 485505 468580 476866 447781 448650 425010 454053 466555 481476 476301 490782 453833 475619 450440 489345 497454 489439 432100 488726 473587 478469 466249 438022 472942 459895 461615 469527 456299 493253 436695 434889 495971 497112 460398 478039 460747 482165 443602 474751 503667 523248 423155 456405 495870 464978 478845 488907 487623 492094 466601 472187 472211 459135 471450 422673 460858 497248 504430 479712 484748 451153 459274 437914 531765 450948 477463 475694 478406 464814 447210 490339 489371 487931 435422 486474 441797 440739 444453 462144 525797 468057 468004 478842 453105 468796 472800 454324 517232 486694 476974 500578 448027 479020 469779 459356 466387 474041 458449 432838 486824 504329 430829 457536 449543 476106 516761 474153 494889 458449 412626 490704 448577 537831 479961 471001 433324 472193 508360 432345 453745 463821 452139 460016 447732 442081 514467 445138 472496 482967 443013 474018 446277 466681 509549 484633 501259 518007 487297 492353 466227 512294 487201 484598 475179 499340 452653 467370 458534 445475 472737 453295 463334 434477 455820 502683 453327 470643 483587 475758 466398 476916 495794 466253 455490 438659 457961 437651 455744 485074 465271
494615 486073 477345 504263 482282 511246 457784 478845 502547 475444 498489 493975 475339 464409 483662 497691 472408 422859 523095 490536 486105 476260 515397 486731 474222 457247 439530 479663 465817 460526 501934 477198 474276 467804 464083 460592 450953 468608 486312 491575 505246 463066 464895 445188 515045 527102 499334 436327 513151 480283 471896 486532 445590 494989 461878 472375 499573 494012 511075 453719 446490 500007 502248 465180 471490 460489 495217 433264 503748 530870 546147 445109 485913 512202 497366 499231 492790 496018 493395 491850 482327 474743 471244 485143 424901 461072 527570 489261 492000 499261 467934 481670 456540 562837 482864 462596 489005 496954 484908 479738 516147 521994 494121 435934 474144 441620 442982 463877 484833 519819 461326 478834 499693 483105 463459 469765 485928 513904 483219 511208 529932 481314 492021 490884 476458 489495 446368 481910 457669 490933 504016 464358 469679 480510 464883 522313 507468 499294 484819 440156 462366 475900 531992 490267 499084 449527 455694 508683 478789 512299 465109 491778 471673 481211 464103 502600 474266 462693 490414 438303 476302 452795 499949 512459 491151 534350 533156 479961 510069 509631 546787 513250 456835 490286 532332 464988 512371 457776 464549 514503 489751 442408 472146 454675 500872 470914 465168 467873 483292 462788 480543 511190 464182 494245 443316 478022 421104 471836 487030 478816
534459 525003 507165 521057 507218 505127 500359 524163 538911 512163 518216 482545 499235 520037 502218 519857 521417 453569 538888 510761 514465 506503 578891 509700 508825 484488 455828 469354 511736 497505 516259 487472 511499 506167 489478 464717 511308 496089 521055 536125 531330 484639 501885 505142 550823 562225 524049 454769 546135 511484 516687 490621 506103 523564 485537 496392 511278 499041 544336 468787 484469 526001 537126 508754 513362 484084 523736 469447 511455 549497 569065 451280 492752 535799 530972 502824 542823 532666 541550 480618 534249 488416 517352 515238 473306 500111 550402 532897 504176 521282 495727 494878 502943 568963 509173 512284 527157 512967 518282 490146 527458 552182 523028 480739 495522 475358 470530 499685 511254 550666 484792 508830 500785 492042 500380 541500 522044 557925 519001 522441 556095 506634 515244 519390 489351 500701 511831 510439 473943 516030 538191 478882 496948 507435 494994 557182 520718 516483 498604 477685 516723 486336 560889 529703 525868 493255 502116 522690 504652 523696 511846 506214 521145 506535 491293 533074 492725 486255 550525 492751 503950 497959 524692 518390 519527 554411 567960 498694 525858 539332 570185 537669 514632 500701 560993 508896 517497 502608 484760 520565 504536 486719 493982 531848 536761 508313 497955 519684 522047 505365 494696 537637 505644 474923 474681 504540 454834 502913 531526 521223
510304 488328 490670 503362 475631 519512 448363 507363 497768 481405 502494 515794 495602 506670 492608 521372 513115 430195 529279 495206 497712 488219 537184 492559 493597 451733 430492 466356 489709 496721 499324 492134 478015 487106 479097 479846 474710 503682 498075 528133 514079 490755 479081 480219 528717 546425 511602 452496 541037 508056 504579 483416 501528 511842 447317 483082 507631 490615 480674 468327 468330 492157 514381 465045 482240 492510 487853 444809 507127 538013 563368 463007 483994 488384 484494 488060 522137 508208 522474 491703 510581 485164 476957 488540 442891 473158 545609 498461 513958 522460 491312 475818 482974 564407 489148 476204 482025 500474 497861 452318 516695 525919 491999 452367 493949 490035 459851 477589 493387 519497 483389 484270 505176 471631 476798 480886 480385 517210 505895 500838 512202 468760 485394 492125 492116 490610 480065 500427 473542 474267 522494 457618 505575 506849 479245 544761 495371 492429 497143 478845 510725 492195 550796 528112 472285 464983 497495 523242 472388 510644 513082 497980 518191 496059 464399 507877 475235 494212 506507 459303 471317 501479 499332 510492 509248 528674 542168 522215 533872 505977 570476 501206 489499 487147 525260 460381 518415 458838 468975 500883 519723 472703 456634 465629 517418 490991 518964 479639 516846 482350 488459 511515 481001 482410 486681 471138 441498 510418 495948 500886
503414 480297 455760 492640 486958 486843 479621 464621 477279 477709 489636 484437 459203 481089 463176 511500 478982 426872 493034 453145 489375 459525 516977 469162 474643 438925 408707 444293 478995 478545 472733 470306 446351 477025 485586 434458 465324 460683 475373 492540 501555 464414 470071 443333 485729 514635 478898 443183 506504 490922 476497 468517 447231 480768 442146 456562 487487 468512 499659 444197 444946 478189 513849 470507 476224 468167 466870 442606 466423 522928 526698 457928 475845 490386 500252 471962 495533 474338 506460 464542 481929 450875 460696 463883 448025 464022 517966 482707 487184 498567 460749 471123 446858 526770 467758 458278 467508 480826 492051 456192 516310 505611 481830 437966 472891 438245 452128 457111 465628 528598 462660 457198 486106 473113 452402 454496 481503 505684 480559 493742 504570 457007 473070 482513 477288 469810 466999 492787 431666 477242 490116 448529 474784 500643 459411 520507 490407 481959 477043 455160 460942 459875 502606 491721 497932 457753 479494 499717 446199 470172 465202 439600 479968 461948 456335 486413 457179 454923 510887 446695 475276 461821 485291 480245 478466 533782 508504 470825 487777 491153 546764 505992 471738 457176 510709 454246 503524 452233 458322 451166 492341 432729 444704 456331 485363 485580 476065 463825 490118 463552 479434 528435 464786 478052 459276 452555 430776 458980 488697 471199
501794 508150 463319 508196 479986 497306 477298 488800 520516 481317 508344 476837 479760 503381 466614 508596 517043 428078 519889 476475 503311 493023 538325 502248 481613 455014 450676 459879 470748 500602 504980 470511 464394 472853 459551 466062 504827 478499 494611 525551 522995 494157 485563 466217 538760 530370 503397 445169 520668 508286 484457 476515 447020 507495 469010 454149 492916 492760 522534 452770 462801 506770 525380 480789 478713 482975 535968 450451 525004 543570 552232 484465 513649 494592 503706 502315 508206 495856 519839 468916 504797 485899 477445 484499 451843 475893 536208 503059 469463 487921 470756 483808 497600 559391 475152 491126 483727 507087 509182 472065 515479 514548 508588 440846 476407 463559 452381 479260 494631 506407 467230 484344 489266 494535 482746 482119 478851 529453 466615 482032 516578 488907 482291 488588 486478 486772 498914 475642 459544 495224 516413 480085 494992 487597 475112 564481 474795 508256 494982 445212 473449 491833 524471 526544 504775 480114 488791 529162 478245 496585 480078 481138 501340 484407 477028 505267 484605 492724 515631 457621 476762 471912 504561 516294 485694 523892 516515 524792 517967 502036 563030 506413 489907 516004 532236 460268 517462 471719 484548 523537 491277 482077 461593 471352 492052 483358 474841 501207 483052 515454 502720 508158 478165 487198 471770 504424 432408 494233 499108 509098
505204 503368 511768 485093 492139 496203 486772 495058 531856 511037 516230 484234 487721 505940 485387 500931 519350 424008 544221 465004 503085 475664 540287 504982 522984 461395 444302 483997 478963 508561 533161 467593 487482 496285 473771 487396 501884 496496 509016 525413 526856 481586 505597 487705 515797 531846 520763 477577 528308 497775 509426 505813 506495 534478 490156 489385 514043 479321 528339 456801 464114 535136 532784 490687 475707 479660 521705 445014 521016 553164 561405 478036 515995 487549 501639 486961 516290 493590 535476 511204 496702 502287 496256 501776 458253 479678 534752 511336 516025 513329 486696 457541 479412 590500 471321 493170 479399 504110 482497 469590 512293 539121 511865 461634 498824 478717 444123 485968 497459 535724 502369 498503 482540 468156 517896 497454 505195 542568 519678 505458 531148 488776 496288 496878 507819 477348 494294 503520 473529 504489 502069 475350 510868 477223 500595 549131 501848 519176 492418 459666 502051 500648 573345 543648 497002 478088 466798 528081 478258 519388 504799 510328 497195 498284 480864 514382 483871 489399 496249 476887 481163 487240 515770 521884 520463 530629 542087 499827 530983 490599 562262 496532 469345 502873 533845 492860 514618 487347 480533 477512 502455 467404 462877 486800 526084 503515 489642 508887 528592 513464 514698 509656 475401 488000 472055 473990 447709 486844 502657 493387
491366 456837 481751 496306 443703 452798 445988 477999 496729 480615 469234 451066 439742 477592 451489 485976 493761 438129 500424 443781 470467 453772 506333 466962 475876 434349 424406 431486 456549 478099 476225 440279 465968 450373 441230 429871 487855 454454 460032 475897 505977 453044 436934 437140 486582 498282 469693 433957 500855 473842 457841 448108 473737 497653 467618 468736 448277 483925 490739 446407 457530 487125 487922 469694 444552 447401 492285 423561 466596 516889 510761 418176 456153 482622 491682 452341 478276 481336 512338 450860 485560 475576 476093 486848 433257 461710 504831 456816 468101 488759 444062 455290 467867 538403 444443 473517 450859 483896 456841 474661 471350 503460 470874 443327 451164 454533 411900 454132 466886 485286 461582 470498 450008 441600 476291 461145 475910 490870 464179 463147 493957 456754 465483 461167 460291 460617 479453 480568 438276 466349 492396 457867 450801 454328 460283 518646 448866 476124 460797 431913 476961 435970 490274 462341 478000 448829 459322 470054 470549 472698 487416 457685 454409 454701 467240 478886 454972 500387 473113 448696 472849 459124 482749 463343 517839 504292 499154 448780 462798 454163 515900 473322 460872 455839 520949 465312 493935 436349 448632 468896 455798 450146 437701 481455 494085 462806 448209 494412 496500 454108 460797 488542 460075 471383 434307 473675 421327 454905 459485 455978
520173 487555 495013 506809 511597 492611 479637 502617 526838 528177 521898 510237 487519 496854 469850 512970 526534 441360 549070 514527 495692 496795 557202 486547 478505 452780 442579 472214 509844 503891 512828 477279 492371 469978 474698 470782 491152 497752 517641 525346 533553 498527 500911 470309 533295 541619 519836 470592 549608 505267 522061 492200 498956 533673 480655 494342 489939 494320 515355 471650 451239 519188 532372 491492 490780 467417 529604 457377 506257 552450 566063 474698 490044 485502 506643 518900 536406 517908 513788 504357 517949 482054 500172 514274 440769 484687 558757 506835 505419 516393 482984 499458 483574 551179 478706 488137 486507 530148 497606 495308 521221 525529 512515 439424 494963 472191 455826 487366 485096 534759 486373 508633 544223 468234 494114 509131 488383 519617 502028 512523 533041 495490 484289 489916 505272 504002 484441 519537 489423 513849 515965 482414 500687 488392 472356 577928 514659 529564 526593 474655 484519 494758 555988 525536 494788 487837 491733 507376 477262 514982 477539 479226 497960 507780 500459 538330 507297 493570 502964 464893 497801 497295 522011 541652 511069 539165 523329 515603 513629 489410 539796 504288 496788 517403 541718 482412 534763 455820 488916 520794 503054 508872 480503 482754 516698 507719 469385 530076 528300 488619 509748 546935 495109 510853 484891 496782 450216 487312 525449 515029
536162 532574 528093 558159 530642 524302 521815 545904 539370 545336 532646 542331 526266 550845 536685 548324 531190 473838 560292 531277 540633 508875 590963 525567 529902 492356 479590 502955 533866 520773 547980 512566 505357 520668 524815 515192 527488 534031 556277 551177 562717 530254 516132 491393 557720 584186 549832 478440 565418 551220 498664 524997 529079 550993 515988 502477 546007 530313 553056 515924 502403 545224 574685 517946 525299 506973 532607 488920 556533 569300 583566 503579 528582 523743 545020 551224 561519 569167 566000 539569 540584 518680 527818 556252 463127 500632 556639 555861 544632 554407 539148 534411 505735 603746 502426 507413 526019 543234 531943 502746 538522 570068 553643 511333 505943 486605 498657 503973 520597 575949 516505 550560 551251 513872 527696 535558 533645 571695 520307 539970 547037 516511 509243 515367 497989 515635 513617 550240 497614 530291 562984 490880 516605 506447 500224 578813 530820 551493 546814 501627 502964 512677 567937 549145 537783 499860 522115 535994 512233 530666 520832 512466 538324 533254 528188 549670 531463 526128 534112 488625 522017 519337 541800 586957 539627 616152 557071 556712 538215 533240 582061 537673 519670 553442 575984 531382 559947 518464 533942 558890 523352 506673 487563 510339 559912 505093 512936 538323 550940 510111 560609 539939 528030 541640 504970 509066 462091 535520 540413 539221
521642 519340 495872 529969 487324 496069 500766 495882 521282 528796 522622 502868 472043 533278 484067 535552 517794 463579 542682 503516 504039 493869 546169 476550 479903 458394 436815 485866 489909 496321 520878 490396 481964 477894 502325 470606 496304 520051 522564 510674 530638 487648 498208 473522 534068 545668 505897 457583 517386 528872 501873 485873 496846 541516 484548 494454 485735 495114 518855 482404 478366 539336 538438 487862 482622 484828 523717 445867 513151 557773 553911 448547 492673 513922 511739 499161 526950 508454 544146 485698 518493 503148 500926 512792 469376 490861 536095 495785 517250 520120 487994 499682 491357 575317 466848 494176 497565 516829 498656 485027 502453 515891 509569 472533 466026 491937 463356 480078 485502 536856 487159 488773 516300 466448 492146 496067 505822 532628 507594 515114 527826 474682 483680 510672 498252 496948 502720 496020 479063 510528 502181 491834 507772 511188 500407 542221 509877 519916 506621 472160 493155 481142 523273 521453 508868 506245 489177 523228 480083 505940 494147 502640 499353 514367 479778 522404 479450 493976 512212 480276 485629 478973 525495 512033 535743 520852 540772 514517 520619 515585 567180 512416 532577 498006 522166 496736 542851 495257 477058 505486 509139 467456 465158 492286 503149 527485 502404 539786 510014 498837 511279 543433 496332 495533 475664 470535 447846 493744 526043 495050
531172 489029 483065 504379 488263 480022 475273 500461 506622 482925 516322 462015 480523 494806 473470 508291 521628 439324 531267 487440 481079 503766 530514 488015 502404 457045 420049 450191 486704 475957 502004 468824 464249 489103 466693 451149 480144 458376 492847 517624 515290 484129 504777 478317 519504 520548 499965 460344 533127 489241 515143 504136 475239 521584 463278 484975 503137 476839 525053 453374 447668 516412 511542 482790 468359 477425 518121 437659 499387 548271 542491 459808 493115 509109 509315 507239 505014 487493 512958 469508 508546 466337 481266 489079 442657 483606 565185 511951 495370 500708 479201 480548 493472 543965 490943 490424 492939 501441 474208 462632 496636 530781 491205 450540 480739 449145 458552 491998 478994 516972 459158 494526 509382 467086 469548 518790 515262 546814 509510 511527 526324 479194 497063 499172 462089 488478 507133 502652 472998 487714 497057 465566 487709 483430 481835 540922 498747 520367 508547 458952 491196 478613 537325 530765 478590 481372 488380 513539 481360 516990 492804 476809 476649 491457 496112 515447 485696 484074 503424 459873 476717 490678 495025 515974 488713 527327 526103 490646 505536 477244 554079 506911 499810 501427 513790 468656 513648 465400 476741 495303 459213 481049 479736 485555 514481 488546 491986 517307 509870 498403 483456 538345 479879 495471 446455 479282 445241 493771 501016 506860
545761 515056 517135 550979 517911 503585 494697 494822 563198 528086 538628 523762 498873 534130 516526 515210 538458 482067 548514 528340 524316 513268 560662 515861 534457 494740 453657 512026 527833 532054 540409 508355 522159 505482 514406 499036 527859 522676 517512 524002 551624 517549 525285 510195 564426 540679 519613 470790 572685 537979 525692 512046 511793 561212 504409 510037 520136 526954 534613 493514 498503 546425 564255 511237 511177 506268 541376 475748 522846 546350 589847 448665 504319 534087 530254 533745 548071 518203 542416 513272 534715 535325 525269 545636 486459 501737 552621 515772 535683 534750 506917 496179 509699 603903 509037 521264 510392 525415 520722 515023 524022 550542 528858 488095 522673 493890 471474 520157 521255 574063 511499 521832 538253 491520 515605 510211 509264 564248 519115 532450 559004 488962 526136 527460 522689 515396 530502 515815 483218 494246 531553 485187 507700 499837 526077 572937 518311 538159 540834 492856 537426 519451 576271 552853 542044 513094 497596 531917 521233 536421 522530 516523 510234 527326 502882 498104 505543 517521 519555 489162 525966 496919 538913 545486 535963 563196 542112 512847 520561 516586 583529 540135 536369 492228 578675 516402 549990 509307 494443 513896 512320 466286 482775 502232 506296 509748 491259 548585 541940 511563 527239 549791 529374 507781 493209 521074 464547 514635 530308 538632
539030 526230 519743 520034 499504 545684 488408 532293 537102 542174 528995 521862 501430 537516 507562 545474 528760 469289 569327 522999 525937 501002 565865 493106 530394 486440 479744 499464 502679 509372 534460 495423 525653 485790 516517 487330 526392 520586 520658 526144 548433 513877 515276 493873 556024 570699 532621 473756 536931 539896 516339 527355 505271 543027 514375 514771 530854 522575 537786 475253 519499 532893 533000 519820 508666 523367 526113 473629 538722 566301 559820 495722 532723 538438 536824 532478 559195 552190 537702 528701 533953 534146 507002 530529 480907 502192 567165 531942 529539 548232 506373 499093 527533 591907 498314 499939 507987 517611 515487 487025 528267 550792 528964 473083 503469 519565 487134 528815 506722 561157 502029 515339 541354 489423 518893 536825 528607 569202 527547 515800 559361 529654 515733 503487 508719 523548 517900 504230 522416 549428 542962 510808 517951 525562 502896 573563 517933 552636 535961 502427 524759 511985 571216 528296 518123 492232 502206 567151 486643 535058 507716 524663 524674 515788 480167 550063 501428 519146 562283 505295 513945 513900 533888 552544 520906 541399 578869 547617 562448 510071 605781 534401 518424 532902 570400 489111 535411 509464 495700 525791 515339 520612 501156 530011 550058 522596 524417 533999 534806 520365 551828 520345 528240 511077 475172 510963 475021 509508 535279 515324
575547 557396 545142 555675 557215 561977 537885 567018 573990 581056 550460 544740 538532 559819 519673 566387 560829 498277 577155 536222 558431 549239 588693 552414 567905 520119 487342 519116 567591 555527 558479 535638 550674 546199 521493 505351 547267 530144 540928 576847 577682 538939 543092 538979 591456 583163 573801 515583 593368 570710 552233 545503 556956 574025 539610 543644 551290 554877 576666 517591 531634 588439 596286 556228 520727 526780 575204 523645 558525 588840 614559 523739 560026 575940 570425 558922 562408 589665 574464 539041 570887 562949 527718 547407 498101 520544 615689 558780 567918 574291 539412 523200 558409 605728 558965 544883 561898 572302 546772 538692 571278 616899 568410 498322 576174 504131 521744 544057 573968 598683 542059 560519 541307 533103 546610 555471 535923 602169 555492 556293 607546 552121 587968 558478 561773 542164 564227 543603 532003 531698 579155 516019 553571 548643 548082 615993 559622 552821 573287 522778 559348 532232 595222 568183 560608 514495 528179 576444 537581 590069 538575 538517 564595 547603 536831 575007 549508 568063 568938 502238 535321 547199 579713 582938 573367 590043 599221 563721 574395 557812 641143 555245 550108 561563 586559 539423 576338 526309 540433 554124 539992 551624 534712 545676 597560 553415 557285 557817 579285 531173 549543 583140 561961 539194 505696 546803 467406 561185 563753 564430
524669 523244 502823 539355 504367 528035 483614 509432 554773 522718 511276 520211 500572 511603 496413 530028 528335 467700 550854 480098 506128 500173 550830 517049 513264 479487 454116 509368 505343 508122 493850 500159 483154 506158 507055 484958 516268 498330 505437 522753 545563 486878 511785 478766 543220 550138 520491 455206 520263 499001 486677 502901 486852 533629 482307 501113 511887 522754 506599 461775 508569 541455 545183 502206 493490 518658 526285 464794 534747 551709 563817 481494 542908 527050 524885 535085 526403 531896 523298 486314 518122 520495 500590 523152 463470 495638 536578 508993 506314 523442 487294 495414 508904 584909 484016 514350 480111 532417 526708 473158 542219 525175 521090 463128 515939 464661 469345 505333 500910 544005 491587 506143 538724 483118 499216 508888 494873 561131 498881 496567 525762 513828 522075 500980 511827 498276 514042 527709 485928 507250 515477 478419 508846 497976 503198 571840 516536 497727 501954 487874 517662 505577 554655 541087 520937 503819 493261 531922 491130 528141 518382 513156 491814 501024 501535 515619 507027 532690 527505 470120 498482 508949 531187 550878 536880 558311 539575 537329 522082 515544 589856 503626 503340 528646 552876 481971 526829 490075 471245 515014 516460 490287 479923 500125 516936 497239 506059 527252 533205 506382 505915 538865 496722 508466 481823 516432 442302 479558 513755 505613
510002 485655 502667 498866 497715 499940 482425 475318 500666 500364 501435 476591 457565 497561 480853 506613 487105 462299 517171 512255 489176 495582 521498 482949 520842 461613 425699 477681 473635 487977 508082 470941 475625 467946 483180 469560 471989 501847 486894 502548 517607 457788 479048 468980 511537 519674 505085 447776 518580 481202 471707 464381 473741 498436 469873 461863 480274 467606 499969 486114 481565 485543 533482 487574 472273 464745 503810 426556 505418 540251 530839 449067 492680 487285 501732 513488 515902 532549 510804 481933 496891 486611 476020 495494 434799 472778 512558 486382 472608 484283 475809 484682 492399 541581 468111 454794 470133 473392 488410 466796 503557 500216 502895 448563 471669 443939 465126 467783 473178 537484 460271 488549 503697 478705 481128 484096 494760 521974 505550 482272 492616 483000 491435 477586 489287 475285 502008 486162 475242 506323 500472 452097 456536 470444 467368 532856 504893 493692 510222 458565 465956 463456 534946 510641 522782 460799 472957 519471 488576 486875 458800 480274 487989 475261 476167 489685 492918 494756 504517 470008 481704 483412 509327 509303 491185 522967 503214 482209 472180 481030 522830 500662 476193 469975 531158 488252 506450 453779 471844 510486 479094 451243 451511 453823 513453 464470 481731 478577 514461 464774 488319 493128 490382 493938 460565 496474 433774 489990 490597 488058
567145 540209 488499 544229 520158 521978 531631 532192 545516 528457 537523 510157 511667 536093 495594 548940 548051 475569 563228 507398 525759 526047 589080 524737 509608 499374 460763 503030 525438 571193 545154 501255 519655 520751 502762 494648 529374 491573 499669 543457 556796 501693 510219 498498 565302 536864 549033 480044 561734 521370 516740 505426 505085 543966 500544 527058 533604 520306 534731 500917 483513 555980 564422 499004 522980 507872 563189 472248 554675 571889 594226 498957 534680 525672 537418 547000 549059 538639 565700 522177 546879 520772 516351 525604 477683 495792 581412 533884 504716 530442 533870 512293 505819 602125 513915 503501 521285 540135 508676 516788 560149 564801 570722 489308 528175 490950 510182 483769 533576 572533 500187 533694 558749 497042 498102 520887 512179 562320 540671 553600 565956 510712 532044 518853 531983 501406 525470 539773 497164 503326 522709 499357 499899 516039 519069 590034 540811 540906 540219 492678 513276 507781 561378 567656 506551 519417 515510 532588 523517 543098 519918 522154 533631 536012 531377 547541 513988 531799 533332 503247 521202 509316 534165 549264 538346 577149 567105 538574 552017 548574 598029 554191 521764 515557 552852 527414 546941 492310 528845 542489 514559 520002 502442 512608 559483 527116 533496 543685 539047 512396 546238 537725 504247 518674 477350 533185 450307 498277 526280 536015
522783 518274 495906 530546 499357 527923 475463 525671 507881 516828 524256 503162 483198 518288 515318 532322 527148 453447 550020 496245 514601 496556 569106 511964 497592 490841 450167 489554 498053 517088 530024 497859 498231 487552 489303 461446 497858 503588 503588 523241 553199 500055 495886 481675 548321 559163 524322 473933 562353 513760 490626 509008 479045 547341 498614 491061 504499 503991 533357 481846 484441 534045 528896 506707 488853 482485 531520 445820 524650 578129 571102 463581 525307 531376 519621 523703 535703 511929 527709 521107 529522 519217 490375 520942 475878 482118 558992 537753 501509 524983 512052 539538 513394 575648 487388 500743 501854 528194 493751 484255 526421 557144 533352 471952 508764 479412 471317 500009 506510 542649 493095 526787 547834 478119 487000 506062 513494 565762 518104 486796 547642 493882 503841 503887 499280 516094 501682 510813 484490 505008 549852 476674 505725 510359 494188 552804 517698 512368 529793 470131 499963 481438 555385 531394 497061 473713 514393 539507 476004 518291 519937 513945 515922 489432 487828 533089 502673 517912 514470 478388 513207 509306 531073 533177 556772 545726 553013 566273 540544 501169 560878 522925 532334 499274 556404 493161 549701 503425 481958 516251 522479 511162 467446 522709 545682 511196 511364 530121 531397 517304 498050 527643 529008 488063 488600 495007 438383 514275 526052 510167
528049 472135 479029 507428 477396 494276 462480 504437 521927 486176 502373 484486 486526 483952 498023 490596 500581 442983 513415 484846 492374 466039 531252 477940 486545 447837 443377 437190 464930 491370 508266 475881 475057 472405 480842 481112 484950 459381 476450 511168 488717 496311 469215 457205 517052 513492 499901 440698 513467 500410 463748 480940 474645 496577 470918 479170 503827 493750 502313 479609 461902 503541 509630 482705 484910 471260 488692 448501 487204 547513 530006 466427 509178 492748 484995 499945 498161 499869 510837 489916 506943 501120 502878 495004 434754 475502 550580 496208 481031 511866 464058 469898 479566 551957 473919 490919 505136 489136 498619 479523 515527 517436 507769 456762 469638 483031 439703 485178 493219 515617 497700 485031 495605 471783 489491 490655 516183 526943 483245 492662 500100 479135 484783 485399 479405 492746 487411 494678 476223 469275 489265 464857 457533 489457 485783 528029 492001 495658 491042 446532 492860 477216 524046 519773 496847 466014 468578 518273 466034 512900 461367 493122 492988 507009 476523 487972 497212 466485 499803 468844 476495 464454 535488 518091 500027 549630 524894 517131 494022 467485 562469 489648 491341 485307 511537 461390 502972 478427 493895 486521 489130 489377 470971 465727 502953 451407 473920 497874 520526 489240 493801 515251 492453 494376 473545 459665 432511 495944 501952 479647
507693 507595 496006 517571 470930 515652 498032 509930 525764 513308 521504 504123 494007 506130 489110 517954 533935 473357 517214 485890 497865 471224 546967 501846 488233 462412 433103 484684 505080 494555 509793 451185 507529 473523 484018 478382 504444 508725 495477 507585 533447 486089 494669 468222 542157 519385 526353 459732 528815 507980 502050 502084 475166 524471 479451 482043 502850 515113 509849 492015 459001 519075 544167 479160 489993 476828 521440 470098 510597 554869 561528 453523 496305 491546 511352 508395 510936 493551 517024 506154 496758 484898 503439 502709 439909 489269 519214 488362 484259 521470 475039 492327 478159 541396 477745 483854 497929 496638 483031 469137 528310 521612 521327 468709 476962 476545 483827 490758 514500 527493 485232 512057 510395 498751 488345 510900 504567 524260 505171 502595 549789 504983 492931 508141 491844 510398 494678 494396 463704 515868 528904 465924 498583 504198 508646 549762 485827 511742 511680 451412 487689 463648 531190 512018 505452 481920 495442 498750 499716 540254 475605 489654 499930 501444 490765 505016 467285 498795 498039 459082 500430 475659 512822 546531 505555 542865 537346 507299 538602 496244 569027 528954 502068 507223 532939 454481 511392 463790 501334 517169 498431 477412 475416 484083 517518 479619 480115 528368 494002 503787 523451 526567 494700 493892 463946 491689 434713 484033 513821 536709
539576 533286 531890 539182 509931 534886 488896 525251 525021 533903 542226 494637 499135 513493 518785 534498 535491 461223 535683 519489 526495 507866 577972 503354 539064 498429 470216 473375 508224 516419 543029 498935 517272 497278 499879 505374 498504 533937 540084 534113 535086 519648 520730 479369 568888 563182 535907 495156 553916 517809 531342 498374 516928 540603 482687 515420 540026 503620 544548 496747 490808 546212 568562 525907 506080 499671 523915 460339 537220 564062 587715 487311 527025 517871 530886 520759 521035 536036 547852 519467 518936 515555 490110 541904 480547 508803 555022 534068 540128 544606 497434 517655 501129 602892 496287 494143 539458 514798 534048 464735 528734 563993 507206 474323 514779 501796 492815 509210 511486 554975 511203 515588 526172 510035 499431 521046 522474 554041 539346 508246 554606 479064 515807 534115 507353 494236 525912 526882 486645 547456 523705 495743 538250 505406 517238 555621 537210 530137 521906 464995 520280 506378 568084 546648 518983 494313 515210 556015 492773 535164 512230 518114 501840 522587 504533 528870 517228 499963 547103 475905 525768 528251 535972 547529 548647 583425 545830 529028 548156 505740 581960 527732 499231 523290 572983 508760 530980 497828 511853 519475 506339 495561 476116 499553 543122 505860 527610 516666 551601 532150 514196 538932 529964 512501 497890 501961 458252 524685 505072 516388
514193 511422 505446 508377 503266 503072 497996 506280 516634 491876 529820 492984 479235 504527 484329 499422 495852 449867 520981 487492 509354 474440 560664 462680 508581 463084 455165 478923 492926 484487 495627 492771 470100 492794 500962 454038 471413 523012 491712 503282 511106 495465 482929 475160 520358 526364 507859 448806 532366 502141 505757 446476 497971 507162 480272 458846 505437 492400 496357 491886 466622 518310 533298 502268 485902 491312 505951 458362 525813 535326 537060 469277 485136 505203 485137 505801 513172 516545 532658 484799 501520 492173 478744 518289 444895 496436 531686 508776 495996 516929 462526 494104 469872 553340 480010 484267 513114 525185 504588 485384 517836 540019 528075 474324 498695 471523 473831 479451 488168 551435 486082 493526 502444 497083 450231 496506 508104 529417 516372 514731 524262 488268 495534 513993 497076 487488 499854 515164 456694 482115 504637 454376 484028 501286 489980 524070 525727 519188 513018 476368 476094 472453 543245 532422 529642 458927 506075 524056 457703 491621 483543 500409 498420 494742 473879 504637 486760 475785 511091 474834 506503 487811 523126 520088 500980 536283 541536 509022 520657 512228 551785 502025 492267 494850 509579 479591 540156 473172 490337 528758 477722 458836 450834 504847 517057 488316 498966 492177 527402 490087 490608 507090 484766 507248 459475 474323 454638 485738 484684 509369
489070 452999 460530 505008 475909 498327 492781 468328 485244 470096 481126 462838 448396 478748 473821 473137 491780 404303 497240 477292 476301 460105 506053 470925 475573 444937 432990 462262 494030 463211 480056 437602 457601 453623 496050 457170 454749 476194 474700 492293 491420 458127 464506 455332 470828 500809 485899 436342 490599 476358 465370 454336 438089 472834 433135 451785 481558 473164 484489 449337 450288 476856 510363 471276 462406 450480 477615 430294 491133 525895 513469 441999 478950 486386 470354 500699 473709 510130 478016 475224 479253 460596 438096 471842 414835 459395 514453 476034 456722 491019 443300 462802 457368 535175 481441 450526 460275 478768 469777 444908 488487 483992 487585 424457 447354 428682 446050 470439 492534 500819 447063 446312 468552 460754 447183 464706 487515 496979 469945 465337 508459 460124 500805 470256 465569 468095 457418 465814 444989 466803 455715 437312 471739 472943 478021 524683 487915 492764 483839 445963 463345 482611 525930 483684 458015 445827 467431 496912 441396 488002 443355 475824 473078 471198 446735 507135 469837 482173 467442 437938 454417 453298 489758 515228 454524 488352 505587 460336 463057 472741 525351 482934 457497 470822 488747 467723 500436 439434 455440 483264 449495 452607 468769 426715 495197 476218 459604 460954 485809 462492 464876 479772 455097 504876 435390 491535 429615 477514 499626 481745
509738 478353 492940 502917 485536 473848 469710 485027 522396 481148 519104 492982 477677 499062 486480 500796 492845 447196 546778 471634 517229 471495 522288 468079 481866 463525 448550 448110 496778 490607 489462 460943 481257 466224 476572 480200 477856 488621 496469 519150 496038 482901 484687 469600 513026 520517 503672 452327 543241 504887 488721 469409 473855 505109 465071 496414 485433 479562 492486 454419 472936 503689 532571 467862 471886 481153 490725 438836 514946 531104 538448 456782 478431 486865 499199 479523 494908 487098 527655 472370 525061 471879 500375 502311 453832 478363 542489 494900 481699 533678 492696 472749 475576 543476 478158 481764 494204 495839 505687 475200 520025 508436 488227 445222 473411 478689 448817 461320 476593 520647 460653 501283 514802 477094 475162 478242 482703 531703 517817 497344 501243 476362 459436 494817 494045 485398 510510 480461 433879 490891 496006 462413 492112 470481 482415 538161 480323 507672 502952 453901 495288 491689 529846 523509 493598 479708 474836 513972 473724 501615 496576 456798 488151 485620 477247 508370 470044 491889 515883 479410 491868 474735 480543 486994 501398 519805 518854 497391 521125 490983 541729 490454 481044 483886 505126 485340 507634 473772 473760 502194 464968 475358 451398 484593 526864 462719 483017 490843 517943 481735 494531 539503 476165 485659 484142 465917 451037 488429 480869 503081
477975 467378 471134 470736 454502 485185 442660 464185 484024 476235 477862 463146 446455 505011 460160 474784 481654 405325 518949 467365 474033 453723 514537 452651 467386 436019 436907 457120 474888 481549 480037 440071 452990 467579 446296 444156 431022 492581 465043 470494 506465 445857 460972 438524 486950 485285 506487 441040 508526 499569 467284 463766 470206 485541 446766 458365 469462 449159 490512 446509 432262 496583 500430 462094 452451 462878 489236 434361 499935 538327 524177 437612 469992 459500 486304 467954 492099 471149 493401 486865 468461 468011 477731 500512 409722 442460 501481 488224 478436 480994 460441 467004 452824 544694 456083 457089 477738 477434 459776 472483 479250 484263 506692 444357 466507 448132 448008 464723 478623 507293 482594 474011 482146 453986 488576 467924 460330 513037 487268 467810 499828 474519 479343 478488 483198 475649 462821 473533 443240 485011 495468 429692 452713 474021 468143 507469 464940 485452 477015 420029 474514 447248 507003 488429 481027 457178 425047 474547 455246 499187 471994 460327 461955 482339 468356 477562 467338 472768 465385 439774 489804 482053 472279 494227 503221 521911 510031 483386 486583 473139 507900 464826 464512 476853 517035 442666 484319 449777 440630 463153 460379 459031 426698 454745 507284 467024 462530 476455 489219 468617 467843 490879 460610 471574 424089 449963 416129 473726 476558 467395
533898 486915 502493 524817 503463 496482 495830 490255 521545 510756 517010 468278 489187 513611 504920 506489 535381 442704 535764 503251 509199 511518 541967 496437 509339 470831 455058 478859 493227 510878 519911 483606 482672 497522 481960 464360 491492 468744 513651 529572 525569 492068 497604 473221 534738 537540 514807 449995 540644 507172 517748 495831 500192 521322 483687 499787 490697 502107 532601 494890 481145 546596 547630 485340 478906 468858 508311 463411 513244 555602 560513 488511 517271 508278 531027 514640 511695 519889 536275 481969 524434 495878 513471 513325 471258 483424 560878 508037 488785 524807 487112 490059 518811 586450 506157 497168 500791 521209 505076 492536 529664 543856 530995 458130 505088 460874 475674 504573 504632 533251 487028 513629 514317 477720 497571 510138 507488 545550 500715 524206 524862 506979 484171 489015 494870 507426 516237 507579 491484 487846 500575 461446 494154 487153 499280 557628 505819 508040 516374 463996 499409 489843 542704 520944 507015 495183 483811 514527 485287 522042 522479 499136 506868 479800 498476 532551 493410 518072 519391 468926 485440 498422 533716 530115 511778 557828 519554 505893 496150 487023 564424 506446 513148 506864 548734 479105 515984 504426 488053 518733 481711 483297 494517 482130 520463 467413 504440 522059 543428 495808 490124 529488 504371 514909 484883 466004 443523 513851 515254 507265
514386 517495 502362 540893 511358 507976 499401 512572 532136 494379 530483 514840 504718 561226 534050 518793 511123 467323 558084 505708 526054 493657 578836 506697 515983 482778 462805 514646 516815 503137 525604 525970 500777 507118 517208 506253 510073 496178 516704 524150 552121 499731 512395 476391 548086 535430 519057 475035 543583 514385 521944 502943 482154 530272 491155 497704 528723 531448 546653 515867 491819 552476 547896 488670 527254 489778 528722 478381 547088 551089 580597 473330 537517 526487 522265 510688 552365 517484 541825 483825 533361 481779 506733 519352 444437 490152 537666 532611 483761 554868 523190 512610 488802 589852 510432 503518 528227 528925 534346 495722 534589 533557 542154 475305 501219 506586 493050 516681 512409 543974 507649 529877 528251 474232 512066 522356 490597 532242 538549 547109 564737 520548 535068 489901 501526 528249 509541 505089 492166 524827 537570 489910 484261 511636 497537 572014 504824 535926 549253 476668 511096 521139 579634 555366 522726 506328 501805 547218 508051 526951 510979 519381 504946 523201 515564 550601 495760 514428 525436 504429 513504 489921 530033 547076 541005 558940 564716 534350 547191 541738 576414 530249 521988 507988 566406 496343 542682 507707 487339 524887 517753 529403 475937 506323 543740 510794 503271 524994 531608 497174 528575 534932 540011 494649 479084 482128 462132 497984 534579 526479
516452 515185 498179 514775 488138 524165 500793 532571 541163 527689 525100 523075 496880 531571 492848 534360 517361 459742 544126 504335 544473 476315 561057 501113 521828 472994 465227 482728 504926 500041 533099 509468 494346 495207 471069 514740 499871 495854 517018 519770 521463 482787 508453 492675 548509 545713 537277 452906 523497 542029 495950 501238 478054 552489 471436 494429 536697 491753 521019 506348 490656 527260 567815 486633 494551 500586 528897 443937 518513 546830 546419 471651 500045 529911 524992 512579 534012 527449 540711 504687 516775 498845 487506 504274 469483 485881 556424 502005 507580 519425 490882 506016 506166 565180 504447 493928 515158 520096 515013 482072 519201 557283 537628 473091 495584 461212 475162 502463 520203 548667 489104 512780 499141 504273 482913 504111 514097 547092 508253 513426 539692 494275 494156 516021 513503 516616 519310 498291 480087 519973 522283 483229 513159 512699 509882 554437 522289 531107 518749 489039 511196 492645 569556 558470 501016 501810 513079 523568 495048 532625 505473 511560 520614 509001 502523 510233 506315 505633 520457 501400 504707 497267 550575 532379 523128 534676 554282 518077 531452 526710 596787 517389 492751 515482 557196 491228 508382 481175 493025 517838 506139 499746 485217 510257 533576 500855 500175 511595 516540 488728 524221 538620 521002 495468 479512 493570 442040 512503 506417 528108
506948 510073 491823 532034 503176 509934 502262 513481 534491 499648 520184 507127 484700 542916 502746 535774 511883 437871 514061 479157 534758 489825 561149 498899 490896 462065 442769 459408 501392 521121 518131 497905 481081 511095 507856 476974 510471 516589 486484 513823 512720 486149 491619 490765 528680 545954 536596 465889 528762 504946 530072 470080 476001 544266 482926 480486 492126 500188 525245 470396 494184 554743 529726 490946 491764 483133 538125 458766 511576 551519 547938 480794 484178 523455 533269 506216 527937 514385 532695 495955 528072 484226 483641 513251 477994 487539 555053 504459 500455 516968 488291 511893 476581 565530 484365 495410 504630 545108 500749 483927 531999 536472 514471 466298 499176 490881 495795 474129 497095 546284 481837 506362 515905 483976 482410 497421 500448 539075 502370 519334 559339 483633 492426 510717 510669 501459 499029 508824 466602 512680 502655 494600 513151 508957 515281 572540 495654 546760 508783 480284 519178 473732 569898 513955 504119 510192 489807 521091 476670 511312 549394 474575 500051 496357 493150 523413 468622 502876 525660 469487 496081 500608 508837 544551 510057 550976 546498 506594 521042 507806 557431 525682 503405 516406 564427 488793 519608 484847 478207 525596 534572 477968 482117 492108 515105 500339 506968 511117 508183 497762 512789 533638 502812 491006 453776 496345 445374 484700 507816 516216
521521 464122 485505 504545 489177 484199 482620 506245 513957 481215 516167 474213 466960 495014 479460 509650 516153 421036 509026 479122 501338 487833 532870 469118 494392 452757 441957 467619 459693 507710 502020 458836 502089 473238 473102 433506 490611 470364 485447 519757 509204 449392 495082 454146 537191 525897 504857 457360 506306 484101 496412 476685 480082 541761 465639 472574 477203 460026 528540 468334 458021 513329 534044 461775 487692 475712 485156 452913 509238 552984 547172 479533 503588 506559 478833 502812 496191 499926 520942 468482 508864 484523 469777 497287 459830 473063 540273 496165 478577 513208 473695 495695 474200 549980 490699 479063 484548 477195 479035 467399 517892 540784 510172 459360 500600 478301 464246 471248 501047 537642 460775 465215 518381 477304 467965 476092 481922 522144 496477 520011 512332 492322 516992 494523 489671 491128 486810 466023 478900 495092 499587 472803 487454 478884 494791 529331 497356 485733 475283 443154 472651 494501 501819 520542 498968 468127 481354 527597 474372 497162 481384 465219 481151 469803 475421 521370 475724 483180 516094 434125 479160 487931 514267 515176 494789 528037 534703 491080 527003 476388 547482 486590 496931 501368 536943 489475 526135 452854 472586 482771 461727 477599 459947 480954 500940 482799 470962 513127 503625 482029 500137 528453 474033 493573 466601 491161 434620 483711 501982 456149
475505 469972 470918 502044 470125 496343 476961 487312 504291 498858 484936 477841 464568 488961 438603 485150 464532 431591 492785 451234 495940 459414 525190 474584 499716 443809 416677 464097 471814 463708 493148 445831 468977 449918 450154 448059 478781 491196 468555 480839 476924 445783 481205 452174 503182 478529 511958 441598 511202 493609 476161 451045 446245 465921 474038 455379 469327 472510 484575 457817 449275 503875 521732 441937 468927 472327 496629 451628 497236 532619 529436 439507 489403 482993 480984 472604 492239 467311 507841 470391 484374 466070 457368 490737 442057 465472 521495 464133 463442 484500 469298 472608 471379 518554 445839 475739 473779 481754 473205 455906 503603 504162 501686 448064 478382 450475 460344 465897 461777 519143 457553 468964 484746 462487 440196 466729 470612 515744 475241 473206 509989 463878 450673 474666 467324 479169 510874 482271 428646 477815 506926 442507 464572 478595 468994 527680 476297 477588 487667 441408 479186 447945 522228 525365 488327 463016 477938 480746 445629 467549 476715 442156 468589 444987 468718 492343 453556 494885 487641 443767 468047 482726 498228 500269 482741 520766 507759 496341 496259 469887 533365 483357 474898 492171 486769 451943 488417 448118 472496 485642 467049 465162 434732 475395 507988 464656 469699 491485 474611 466819 490855 514654 479534 486993 465204 467914 423291 446160 470134 482789
500354 521397 458216 500152 488755 497488 488109 501747 513328 501567 502475 473945 484127 492660 469399 495178 498021 462925 501803 488342 498283 445926 552839 493420 506971 457583 460413 466116 491696 504830 493384 472780 469179 507594 469403 474526 489626 482706 464641 487614 523250 478380 470120 464035 524346 501267 519792 452895 525727 518001 492996 476757 468584 501218 465827 491830 501487 499453 488101 461287 449594 524359 536159 477032 463291 476801 523925 429004 509460 538672 530382 444748 493351 491843 510325 484412 518447 498811 515423 472655 510818 466872 482873 483831 440455 455781 524764 481331 480799 489122 464699 511425 471436 544861 473149 452800 504823 488659 498707 477911 519876 515574 497627 465945 491256 479394 458228 477975 499742 518160 488609 495761 480597 491030 458036 468511 503956 528755 475214 500188 536546 489330 471213 473751 498912 485259 486015 486081 458279 490971 496058 489521 482907 486548 484511 531857 488696 514172 499401 463617 472877 500062 513145 518900 480452 486215 471467 511857 466524 502092 469609 483446 504712 491411 499482 496840 483606 493169 506064 487996 479191 462111 500472 518647 509644 528175 535035 496883 520266 491941 554100 484896 481373 486389 511340 470514 508669 459306 480543 475054 483412 479060 463090 474462 527351 476304 482659 487957 522161 471807 492970 524500 486244 489655 470510 477633 434582 502266 480798 504982
521579 494958 488117 487790 466284 494628 469759 471408 492917 505383 483980 462457 491325 492885 477403 501212 497427 432347 516757 487269 480596 488602 511185 490029 495397 464912 422134 477931 486219 480038 491131 477532 484406 480159 480403 462766 483761 471802 488498 503768 512533 465250 474498 462042 504709 519915 498119 469960 523283 464447 464313 477978 476623 523993 466075 469701 484306 488485 518016 473728 461616 513792 520860 473722 481517 452623 486456 443654 488467 547797 538846 448658 507323 494285 501619 504452 494983 493587 496887 472046 497951 468736 489695 482332 438148 480005 540975 503224 487851 525427 499387 470946 476883 552710 469588 474251 484783 497724 477112 466001 501870 518766 509951 421242 494715 468326 446430 465752 495906 535614 452363 504549 502393 472874 499993 477823 470658 540417 486619 490179 515578 499567 476153 478675 487131 482444 498323 494027 462915 469798 489645 485039 488006 474758 455817 529253 487168 492968 494993 456482 468806 480236 520214 524578 484712 470992 457171 489184 468035 503211 467842 482632 482550 473857 471965 499165 450938 487215 486154 459944 473388 471218 502094 531080 513137 517761 534135 508963 517001 469893 554945 489712 487337 485642 499179 458008 522387 469119 477395 499969 490438 497891 467649 479215 507783 476048 468816 500240 520612 488866 495917 516982 496919 473472 464995 448294 439484 479680 520847 502139
505997 477116 494424 520767 473533 501682 481723 486107 513251 462136 523099 497087 492960 500728 466088 486583 490916 449279 532665 489412 500337 472488 539455 519307 508573 458561 433466 467943 505294 481535 496274 476939 480436 461085 476377 465031 484519 482712 510439 512723 511912 472070 490918 462290 515713 509031 506273 437366 511330 495290 480862 481779 455157 500968 459632 482212 490753 484356 510819 474062 474602 532595 524111 469332 482256 483388 512420 433781 515940 536916 561267 447469 471152 481735 486591 505130 487881 489458 516757 483846 492903 482122 489908 507015 407429 468003 511764 491762 465906 507250 484356 487060 486267 544645 489028 490940 497813 487173 495909 489104 531733 522567 522515 454505 474225 479163 445661 461036 493732 512305 464794 497271 484873 466617 481816 480276 488970 519406 505350 482816 517202 484769 517139 479545 492518 483958 484999 484857 466436 488722 513354 458497 459600 472829 479413 535410 479859 516282 508097 467602 485976 485612 534582 549620 479953 473376 476171 501378 480546 479875 468518 477227 494622 489769 468441 506066 486193 507983 506382 469447 498809 477834 502161 502098 492122 510085 527863 511374 483585 484526 536830 500921 495726 498102 539924 478469 513411 480891 473587 501162 475758 474474 463133 479525 514349 471867 471798 498446 492828 508338 503810 514398 474731 486300 497701 489757 441605 474617 501409 514427
521029 497077 512223 532119 497460 535784 481442 528550 514478 520146 513314 516566 489082 538167 528029 520899 529574 446726 545044 497175 509704 486352 552272 529515 507681 479061 466571 502024 520547 524093 539243 510897 514208 514082 481144 489595 509236 508804 505806 533657 527280 504406 519532 478851 534577 566122 524578 489267 555636 514691 517619 526356 497602 545567 479621 504375 547952 521211 547320 484672 469480 543397 536562 496868 524558 490604 537753 474279 510890 570142 596764 473837 518509 537533 521727 516170 529258 559380 529044 531195 528088 511693 502155 520135 476966 521104 562130 537801 510962 540230 521715 545595 498777 580013 507243 503828 513037 529875 497482 500234 554182 552886 548377 453712 513298 484421 469329 502152 522748 587697 495762 495098 533194 502997 514526 515095 496792 562982 512876 540552 561851 505258 532831 513051 512237 517119 516602 520981 497047 518785 556636 481871 516564 529865 504807 562404 529252 532878 521789 475651 523158 500809 567798 519627 507640 473532 508380 559253 494014 529568 499372 492512 518993 513515 495382 542195 510873 519944 529498 479066 510435 496391 535137 558511 548507 553780 545251 555017 518924 507926 586866 512775 495062 523100 556085 502437 538503 502567 509690 518647 527510 500708 478347 490696 534171 494385 495308 511718 563481 505514 514573 549583 515084 515195 473854 534012 453356 535998 530463 501340
503192 447834 472650 488030 440498 489299 467511 488846 474156 484026 484511 478591 470041 466862 467147 486360 480472 431756 515521 487366 478533 443220 496461 470603 496772 426527 435112 458667 484333 477071 482975 450510 465834 472307 452043 428605 466492 458024 465452 488945 498427 447709 463726 445995 487268 488192 485400 425798 519798 482509 480550 467586 475452 493495 472594 459002 475010 482999 460009 446051 458305 493124 505870 448826 458452 462089 487847 421934 487154 519989 549577 439981 472574 467425 467819 500872 508034 493837 498268 481694 468529 451782 451623 469689 435348 469222 525931 481922 480438 511091 474537 463427 476355 523993 469550 457233 475180 476535 466299 466195 510330 515604 475180 437951 478031 446495 434074 471468 458975 522860 452033 475041 488497 458690 460522 467314 476298 483199 483205 503179 516294 472283 465107 474432 473718 466478 464346 499811 450622 467305 475285 482156 454809 464972 454783 528509 480833 506013 486773 452621 458839 478433 526975 499903 496611 454705 474533 485229 440615 484193 475428 468453 484758 485421 465428 483137 474743 464499 488615 476613 483206 456057 482368 505024 488420 507898 532720 502974 467926 460210 519245 500102 482450 480997 495780 459261 506329 455397 478224 500163 508705 474128 432747 465058 506580 456162 474496 469248 506523 487476 477084 507454 464759 478846 454128 478517 462999 476670 473254 489278
483192 482277 448671 483402 452693 495867 440071 464554 485458 466731 482205 451547 464687 490011 461852 479211 493324 401375 507668 455276 455031 454005 541695 463249 463665 433778 420643 458959 464053 492402 491558 446897 465615 448147 465489 420169 474113 460113 468708 507078 492656 441878 481783 463758 496419 507451 473860 425188 490103 443009 461947 455833 450321 500833 438884 448107 473067 454318 465982 453252 445581 476988 482976 459336 481759 459779 498663 434549 493691 517799 534339 444992 454214 478790 451780 488522 499295 478633 484244 455439 476343 450846 451734 459648 414848 471032 497360 468798 469532 500196 457076 490141 458538 530139 461556 462112 451967 488916 459464 441925 475512 477181 487615 426271 460795 436387 438619 467063 457846 514621 459810 484751 466014 444025 461184 475712 482380 488760 456212 469470 514903 487019 469087 445168 466150 476500 463718 477460 436884 455389 472640 445452 451377 456315 442683 521679 480647 485751 482219 446340 448505 468562 519123 514638 469612 471942 429442 497474 458886 467069 480709 463473 468796 472571 444458 474141 444551 462400 496479 436487 449693 453285 454160 515832 494444 498014 522315 506844 489465 478691 506598 450747 469178 480451 518464 443557 495022 451064 422068 477224 470006 467808 466558 480703 482477 467731 458361 475180 471952 463375 469368 496314 457721 464652 448906 471697 426736 463166 499793 453466
537472 524733 520298 535427 500912 534448 511707 512285 548445 546899 537226 517660 505756 572488 510380 535764 534185 452182 552775 501814 529713 508847 569271 516460 512212 486032 473996 492990 499736 518609 523008 503002 509661 513638 506948 507444 545992 524266 547714 518874 534098 493282 518239 492135 544973 542867 513202 483223 568097 529370 506131 495552 502011 544365 519042 500347 527235 515946 552176 491088 509878 559999 552224 501599 524838 505646 551033 506957 505194 571143 588451 494611 519923 543040 512774 511120 529085 513007 555097 532503 530687 530918 474793 536929 472240 513738 553427 526845 505604 550643 497755 516036 510597 593025 507487 514044 533614 545088 534256 499283 512243 532241 557205 467588 504175 482056 493687 501287 518900 557095 516242 521224 521448 525226 514778 513626 503309 548792 522690 520046 571921 503678 497375 503311 508678 526590 534912 535498 484890 521928 533397 500166 511727 517495 503815 592249 536965 570319 529965 478432 533318 482629 577693 537100 523447 494986 504230 530050 494047 535020 538194 511257 527168 515190 522191 535135 496445 517534 530863 484419 511571 491522 528305 551422 516503 559142 552018 539905 524670 541405 583718 535401 514326 541739 568770 507762 524886 491806 507339 533759 546008 500020 483518 509029 532420 523967 499183 521263 523010 527429 547879 533757 490271 518894 476541 492217 456648 502047 536860 542666
501764 487016 473377 498659 481698 497661 464446 506645 505659 482659 501659 471594 462784 496659 477704 500437 493153 423864 518481 508580 485665 471935 524270 463027 502062 452338 444112 468364 479769 467996 495997 466842 479461 484619 467061 456068 482710 480879 481560 503928 507947 498565 471446 491134 523040 516416 503083 447641 522065 483280 493619 474883 454084 493772 485353 479311 494183 465286 513307 466181 450972 495593 516816 496127 476767 462319 518147 445228 519452 543903 538118 467278 455000 499379 496824 485829 485795 484595 514840 503989 507120 490775 472608 480066 464731 492766 537775 496013 489785 487637 483570 498446 461728 529737 474409 472983 515025 496046 501989 454136 488748 530763 495438 453676 484487 476771 452481 481591 502212 513015 468820 480614 493368 488895 493610 492748 491046 510917 483149 498554 556904 483912 480906 478630 477298 484449 479165 474021 475319 492837 513737 461119 477163 476075 478409 545780 508290 513284 503906 460810 483065 477695 532166 515647 526256 450673 474033 516826 483275 515706 506789 491931 489867 491215 482803 494373 463879 467608 509975 452376 477947 486507 481864 507005 488353 524243 520478 500028 520138 498238 528905 503775 492985 494860 522734 480875 529449 454723 473713 480725 505041 455470 453816 467275 511914 458173 479725 471295 503917 486978 487007 518990 480449 490281 442691 490667 446945 473716 492927 484765
542786 515407 523953 548946 520528 543956 491585 519875 535717 524404 521984 521839 528768 557150 531342 542943 539686 461331 563984 530071 545673 521043 561552 522661 522158 492547 451315 495208 509175 510892 518682 519502 513775 522436 496895 518472 532465 511340 526329 538869 541182 504686 533338 499788 561272 567488 509833 454689 549046 558015 522899 506037 500346 555690 505637 501874 543785 517296 532895 523752 512472 555017 561268 501948 528012 492877 526210 459105 547646 554222 594838 481495 514443 533274 521737 530992 540642 529928 552700 507819 526343 531108 498634 537904 478854 520740 582477 527886 497777 547521 494349 512582 507917 614847 502558 513697 537924 547560 527519 508091 532718 558519 522669 471435 526085 502623 474851 525790 505366 567459 538213 526528 541548 506040 495929 541024 529213 560594 522716 549195 574923 511899 529051 502663 521143 524423 529172 505413 512342 510184 523836 514627 497325 545374 525286 592509 551347 529338 535077 475160 534238 498414 600460 565238 535140 533265 521683 559519 507173 560156 519548 523497 526745 521634 487043 528825 514050 510760 534917 495292 515131 516899 551952 535623 552424 561063 555839 546856 549577 508492 600634 537162 529490 514267 577964 490689 530245 501378 525538 542034 545256 530063 499949 519378 534645 506119 513166 515387 559035 515420 515988 547242 538841 507738 499800 515586 470127 524796 550143 509191
485102 482581 499083 507134 489305 519175 474935 509652 483046 502835 506973 496409 462219 497694 485534 513970 482345 436950 525245 474209 486890 461182 518561 493325 497597 464222 441247 464484 473612 485472 490607 471254 483505 457972 478381 465571 488141 497006 502318 479550 512625 474331 483615 456816 509579 539770 491251 452088 522161 495050 490018 476566 468425 491328 471096 485733 467567 472923 510279 470720 464427 471907 542870 474022 474468 469848 471531 427308 498550 549126 557964 448383 469376 488040 488837 497084 495339 504789 503653 500623 476101 468052 480752 483159 429093 471451 512735 488301 492055 512633 476799 494926 466086 565973 460453 459018 475340 491847 488358 446775 509908 515941 502124 456854 486415 434187 463683 470459 481932 525449 448384 482221 506757 486709 476829 481862 496832 502716 508513 500850 513352 476321 486038 473366 474516 469380 502379 480957 462920 475911 527593 451078 480145 476771 476068 537808 511535 500371 499123 454686 479576 466116 535090 498290 475488 458050 502837 521590 476540 512518 482336 473054 487452 476605 436315 498933 477799 526947 520107 481816 482819 468975 483535 525611 495213 555425 516574 489973 500474 466929 534017 523377 499327 492926 502566 456789 504214 443773 478807 504634 484122 456678 448941 459989 513646 460840 493436 490537 501660 478149 496209 499438 481776 485785 477090 475382 452071 495544 493070 496254
496909 467098 488369 503406 472773 505838 462744 499687 518325 482760 522916 476336 474860 482833 467954 485839 505681 463931 525934 475984 498975 460902 501736 473759 493339 469168 459358 448165 479752 467831 496206 469660 482094 478117 477369 459659 478401 506084 483475 505093 504009 484024 481950 462810 533075 490063 498608 456690 534848 493098 495581 467028 466600 500909 491543 479044 496727 480886 482448 462469 476107 511915 510304 494495 462659 488470 490938 443467 513259 550787 547485 467724 467099 493501 486958 486266 489870 486351 505660 493596 513799 499314 462648 482779 450612 490298 531784 478073 482412 498910 491540 489271 483502 531222 481345 486920 492249 497320 496091 468877 489412 526967 500304 446901 473080 458761 456208 475461 492992 530648 471022 481392 481871 473449 483736 477224 486811 509631 495629 489998 546681 475182 491915 503159 471143 473489 505918 457956 480823 497522 495540 471810 484682 498716 474983 532457 502721 503570 498477 457746 510254 464740 530761 506213 475358 469238 503102 521044 469044 479569 469357 466233 479364 483274 453216 501237 486790 504574 508881 451983 464229 468509 517606 502838 490308 490655 497873 493352 495509 478663 569552 510602 493311 486154 488671 495610 519062 448972 470947 500450 486932 447101 463342 473859 520472 474305 484157 486731 517795 490313 475074 519972 483396 483857 458296 495047 463501 492150 485173 491518
513659 460240 489760 470804 469337 434515 447961 475776 505794 460387 499679 468911 466148 473157 479739 470954 437387 432946 501951 474763 483624 468685 501283 461011 454553 453227 420749 445283 456717 477363 481275 461913 464811 463978 450245 422975 470803 461932 480083 498201 489241 440248 472891 448441 501823 502633 474714 433046 500399 483558 465595 471145 450179 483774 461954 475615 466147 446869 489976 440877 436915 486955 509295 441678 455285 453553 472232 424518 481851 515621 534045 441708 479151 479534 479906 463793 477268 486350 486958 455647 500500 460343 471672 478865 418051 447768 483539 492677 476930 475144 474448 462034 475196 558127 445200 447751 487136 471865 465552 450031 493289 502602 500109 441182 459646 444218 439218 450437 459875 506624 441594 454505 459412 464435 453349 463670 454637 482808 477059 490480 476911 466772 462654 467831 473992 475061 472161 471545 453421 469823 496139 440882 446362 455167 483234 499290 464355 489441 467508 419927 454655 477971 498156 501094 481951 446118 468084 500107 437288 452381 459751 475451 494684 461469 428561 502580 451341 445689 457265 440176 452107 422973 469619 480467 483301 500357 509918 484209 511216 473113 517872 465589 456324 478184 529431 469291 496015 459402 441835 455941 449214 462927 419970 463347 476133 468679 489689 467140 482518 448114 482861 482000 457634 446964 439091 462616 442464 467276 461273 469926
483458 480085 470586 469659 446987 468897 446671 460468 496766 496053 480729 466821 459173 474156 464066 470147 459827 405605 503609 486915 470195 461698 526869 458135 457400 443637 398573 445376 450700 488996 459411 459543 479033 452831 452694 448926 451071 464756 483544 462913 493207 445189 464478 443709 524492 498847 488022 413400 496388 473150 460803 452496 455372 485087 447728 452933 449426 465307 485488 447779 440562 464151 495093 452076 481760 462127 508096 432622 457465 495076 519802 424267 457872 493815 495197 467216 498457 490447 476445 442142 487158 473758 494150 499514 425000 467035 496779 473970 470221 454124 458183 452349 457412 529839 466103 453801 467319 477677 473408 458735 490732 497830 470540 425099 460166 452283 442503 477341 466166 484125 452882 444911 469200 462423 476479 479539 459702 518397 464903 481713 481102 460520 449687 457498 464703 471110 467328 455970 452288 476489 491087 448600 486526 462128 469951 529811 475870 487757 460241 439072 477585 441022 516981 482501 478099 451697 453865 482735 447231 492757 459155 494166 473521 461276 440745 475869 476261 478956 468864 450717 449253 456631 485954 490905 490298 517302 498700 467953 487849 491515 528629 470861 466676 449322 529828 454317 487322 455644 447993 472591 479697 466052 430236 439684 497981 456197 463793 472864 499307 458673 460181 493958 463310 457438 448391 460989 432507 463907 493201 475634
530486 515965 527219 523382 486291 506593 489716 543252 531230 525415 530585 520549 499725 512961 503840 547498 530449 460318 545748 498309 517889 489055 558755 503278 549642 467210 460518 478277 521161 538884 524885 477315 501674 499684 522656 493923 510525 499402 501397 530659 550247 484653 498349 482794 543364 530189 539364 472013 557890 527605 505424 482399 497195 537257 488742 519614 504082 533326 519953 498873 518190 522943 554101 487579 500664 501864 541549 475853 546144 568460 563494 496428 502881 518570 508756 533846 536023 535426 547871 510255 535328 513698 522971 540367 473278 512353 549202 527373 514121 527565 501847 493502 519585 584611 521331 510142 490512 532184 504986 482355 542793 558227 536869 498015 490202 481758 478454 491045 534741 528067 497377 520022 514218 491697 514377 515641 512066 558318 535392 538702 560429 507257 525291 517017 539966 510089 520084 522557 508442 519480 539586 499302 517403 515204 503994 563490 523262 560121 518069 471426 534972 485991 553710 539489 523913 510659 490702 550053 514853 531309 508646 512698 531028 511370 508414 532711 497624 507647 534540 498687 537182 518836 501262 526295 535185 562619 571246 545986 536903 509023 577182 509365 508249 519251 574301 509162 549199 482022 513176 534911 500814 504958 478183 510057 519830 491975 530348 510827 533962 509375 527391 542292 505813 507569 486506 530085 458119 520176 519728 524563
505283 459629 470770 497442 486905 489224 449210 479360 498284 478661 494758 464023 457424 496435 468056 492963 491930 418751 524646 489235 482605 457619 529428 448730 479428 471099 432116 453997 458441 476093 494945 482509 470780 446831 468113 436803 453889 474145 481795 510565 509282 475547 480773 426189 502806 493797 488196 443012 498536 481111 473219 464480 486064 541276 459099 476539 471951 466684 484303 451900 476722 518040 493873 474000 465721 458817 501218 448208 503333 534157 504048 450527 478604 505045 467840 488325 504790 495075 491142 466441 518283 500407 465563 487181 445177 476263 523122 475540 472370 491987 470458 485835 470286 533129 483312 480248 473009 508871 477314 471172 480777 529293 524907 438940 461718 459513 422387 452637 448767 523353 461864 498877 497396 446614 443717 479795 477957 518943 500701 484537 503674 465817 462139 463028 479052 504416 481967 480055 465824 489012 491328 459606 465920 472008 456567 534013 507927 499146 482769 453838 474070 462807 514390 511899 485792 472481 483886 508311 479202 480662 483221 463812 461542 477587 473496 506044 464819 474165 510449 437354 482990 475238 518950 504817 505614 519724 520260 489510 482143 474373 523940 486527 489201 484647 540696 477430 515990 452113 455127 506753 471814 472700 430343 481915 487568 463096 466982 494067 509886 479122 476690 506679 480702 463884 444230 486473 449970 461559 487798 465642
524139 480818 486718 512512 501380 506998 481658 510715 510311 514492 533666 484669 494642 524656 506032 508086 521976 451572 540766 494297 499513 497806 557308 490586 510202 464958 465974 480795 483976 504637 514936 489507 504054 500022 484059 467690 500984 495632 494890 496159 550558 493554 479159 465420 519115 541143 520202 486982 522649 512793 493191 479955 484547 548428 477245 475591 491122 509844 517437 472589 472624 511280 524519 480642 482655 484574 491209 450148 520518 564398 553394 470787 523932 517902 508940 512614 511471 505790 521884 494916 516836 508858 486571 497700 444999 492476 553358 513230 517986 517720 494446 514226 490128 575962 503296 513845 511579 525059 503523 481919 517464 535201 527869 460596 503098 475475 465187 452415 503913 544988 493976 514598 515209 481174 487435 503006 499852 550026 520238 519440 527617 486349 494095 480538 508481 484939 499844 495861 473243 492305 523838 488094 474794 508260 486976 549553 501309 505861 505699 469867 495340 482415 556441 523303 485375 504807 485559 521374 476658 496562 473502 484620 497913 472993 463038 532690 491521 497529 519319 486245 504452 480558 520225 523789 518916 553671 554021 521068 509979 485141 552135 501130 506958 498014 548753 493618 529783 466555 494582 516835 504269 487845 482079 513216 512804 500792 488745 513871 535937 502184 480576 532629 504610 497457 476023 476333 474890 513554 538648 504080
512705 488923 495465 518778 494796 520756 492890 515422 544212 492201 529602 496480 504434 530197 509982 521379 494491 437123 562159 498162 514704 497831 552659 504490 529993 460691 437640 489429 502444 488666 513955 481257 503033 494968 494605 489464 494045 510641 506830 519960 549272 485558 495750 492090 546782 545835 523077 462444 522748 513112 507313 488619 477353 522599 475212 490813 506538 503654 522715 486431 467496 531078 568776 478791 509614 495588 495243 473648 544602 570827 538163 478323 503003 511934 517462 494365 507954 499292 525977 507813 530297 474997 510894 505987 444332 470858 525048 514292 499039 527013 499451 512063 474137 556371 498069 495414 529911 522748 504633 470031 493381 525383 517693 464597 493472 503096 482415 476070 509692 547493 488071 511587 523475 507108 487961 515875 499558 530579 517918 523135 539041 495318 505205 494201 521516 511348 521673 480594 490393 517857 522913 492631 517518 521710 482921 573898 533926 517814 522621 473343 501872 476512 563911 535926 505143 491740 480048 520384 506239 514054 490922 511809 510627 502188 491371 516592 502725 520691 515905 462876 506645 492269 510581 531338 522986 549401 547848 513583 544518 491792 575310 485036 509793 519806 543832 484283 538923 496535 475565 511236 513761 504020 460566 494166 534122 484670 481196 511036 530503 489998 508481 549487 505295 521553 500975 470204 466562 483531 531998 510061
555634 504294 535062 548988 511217 535209 531407 535161 545817 553648 547332 510720 525355 532750 489153 542932 523717 482334 581585 507075 554553 499883 562810 512406 539934 498902 466008 503269 526600 511753 541895 509825 534151 504618 512523 495815 520302 534031 557773 527501 544823 512756 510915 507296 569889 549803 537256 467543 568530 534725 528206 506366 504744 518056 504559 509056 514976 530105 554905 504628 504396 555003 552502 506448 497945 488997 537817 490289 538246 565479 596553 481286 539544 522298 555811 532662 543373 543639 559807 513478 520065 535089 505931 528041 483909 516514 569540 534157 527201 539294 512178 494929 524911 589346 521904 520628 558944 537487 524447 504093 549049 557611 517580 481688 517139 488415 489238 518407 525156 560772 516081 534607 522121 507843 506968 512923 527482 535837 513773 527369 578138 523823 511030 539246 531489 536518 532041 524297 490519 513587 521461 506124 531891 517912 521408 585393 537399 549981 537199 490881 527834 507997 567124 532884 538152 509955 537158 556984 492618 525302 515734 524587 528805 497858 476102 534182 524566 530341 541679 512608 535472 498252 552744 533207 539167 562867 559905 532841 533664 519947 592682 544896 525421 531610 572391 509619 565452 506011 496425 530658 527798 496543 464845 504029 537213 522218 519674 518402 554406 534612 543752 554159 533007 527290 504611 519161 478348 523480 528666 562134
533596 496351 497212 526384 503632 501005 494778 494043 538326 502778 518456 517978 492891 507437 491923 525030 500526 451818 560002 498812 509514 518504 534670 497452 523478 496222 437662 495881 488264 511687 511853 492513 513849 490091 496728 481024 488166 484571 499871 508992 530815 500431 500701 476733 567612 540069 533627 471323 524709 526245 497545 524893 488663 510196 482970 503168 497313 507823 538249 475960 461110 526838 554885 475852 479130 475638 524099 458809 515579 550524 555895 483693 517900 520217 523093 518706 530775 524441 552075 490102 527134 524193 516588 520697 455161 474030 555361 519854 515700 535898 504993 491108 505594 570052 513376 494996 521604 529943 500277 500437 517063 559523 531913 462688 513128 488111 476777 489103 509294 521009 505315 500943 529131 500600 479102 463403 515322 560424 498799 512828 546263 493281 500483 499061 522047 505171 505758 498518 492398 491492 528432 467848 521212 496266 509028 551425 516075 522138 511544 482757 506457 498675 538057 529789 516798 471780 478288 529784 513974 514543 507046 517457 504601 504704 465758 537257 483759 512915 520285 466795 508410 519626 533431 532123 546462 563676 554848 524650 530862 513316 546107 517133 531608 516821 556259 494759 521459 476130 486553 513386 496410 523123 471759 483432 547348 481174 511261 518547 531974 486795 516621 525543 497269 507501 487100 478072 446563 494280 520217 505246
489407 459200 446573 458277 484482 459141 425965 457587 466084 450888 463093 444488 448255 443560 457159 476759 475782 399552 461137 467406 437258 428308 507123 458717 452951 459537 390207 434907 468138 449677 459018 452393 451354 416867 446400 457491 436540 450307 462572 463218 481233 434143 435351 426536 477810 491161 491605 397299 479371 453896 430087 424658 445007 476161 418449 442839 456438 471445 455506 448547 439628 477668 487315 435968 431657 426327 475846 402022 466094 502492 483368 407598 451827 478014 444822 469336 469662 454694 455164 460377 467907 458005 445767 465330 406347 449006 523734 467778 458583 484552 445533 468333 453508 495965 444619 466894 459113 453410 439507 421955 467126 487530 489623 441057 441787 419710 430223 436866 450415 503385 411520 448371 472895 428868 444646 445173 435860 507107 463443 460205 474604 428233 444397 437773 472676 443269 466367 467691 430516 441692 469799 430300 458816 442671 464662 507252 494932 472603 465041 418795 458738 409803 507073 486134 438356 419320 429453 461962 433191 473299 432475 448503 458596 456147 454816 464591 477125 434178 476334 431914 446520 441782 475149 467531 475267 487373 480239 462708 513499 448814 511671 445478 451898 447988 485914 416704 473450 424865 443074 464294 434859 433473 437065 437608 481585 450073 452883 476057 472410 444794 446530 479947 453844 461835 429920 442289 408519 447761 474818 486055
499169 471303 487375 511373 481677 511117 507920 497271 506900 496874 484383 470795 483537 495460 457030 490548 515304 426328 500916 466255 497004 453091 503983 518664 498340 462108 433809 457736 491667 484471 476028 465727 504675 459636 457670 458140 484788 494578 475517 482173 487774 451788 499800 469453 514367 500750 518285 443150 540874 524630 490649 479486 473214 505114 464015 467019 490574 483665 504925 460352 452704 521191 523569 479711 461973 446076 519688 430006 506070 536697 563807 428883 489907 499143 504087 505634 487657 501425 515894 490017 486518 472618 463388 508993 423428 464629 543576 502706 492318 519223 451418 486255 478456 556459 467731 462039 468275 507844 489218 468983 517542 514543 503515 458659 481350 450404 447172 478317 485651 531196 470138 475534 501397 474021 486705 457026 468464 520976 482383 486521 521379 476141 474480 499190 467056 476446 502554 483016 471620 479790 507165 476298 473019 469513 479999 535347 485889 488572 501545 433455 502341 463475 522609 514311 489662 468006 466271 506152 479955 476825 490684 485224 495954 474311 480882 496317 488530 496080 506376 464305 501820 518810 479604 500862 504664 540924 508567 521301 510824 476470 524381 511868 488686 491254 504043 484089 494388 456354 495732 487533 498027 465083 451936 470327 513058 471477 489068 501749 494950 503309 498603 509792 474130 486906 460450 482175 433888 498783 485446 486027
555274 501232 524466 515559 515332 501486 488769 513955 524752 524339 526983 505033 490919 519241 515183 513723 525514 445913 543413 509845 504837 506608 587874 501016 516922 459650 435935 489763 491780 520699 549239 504286 500686 480303 460803 467222 519425 514448 502773 515484 527211 492430 501839 479078 542358 529756 527913 462229 549297 524345 531410 487572 506940 533778 495387 505530 497737 496332 531815 485298 494241 540322 537500 471719 514149 485921 512131 474931 513433 575723 567180 466495 498299 529095 515872 530778 515701 556750 517649 493293 519183 515022 511071 525857 461278 486675 578033 514161 514766 523122 481810 497248 507304 567411 486170 492535 501861 503803 518262 485354 525259 544813 530385 469658 513062 511193 482563 475274 519960 557090 498318 504400 525990 498669 508560 532029 489939 543705 519905 503485 550785 496855 512748 500567 519478 495714 530308 511691 504633 494228 519150 480086 518906 520626 508113 554025 501669 522245 511889 471439 515338 489060 562084 537432 503200 508679 482443 544484 464605 535586 475897 519279 525394 492696 493244 509214 522627 515330 516602 494179 513822 494363 506939 531948 510245 552826 562744 511988 540721 490468 565818 516298 538608 520344 549064 482650 546194 491456 513458 533847 482588 499110 483223 486500 511984 506416 501700 531126 565213 530176 497209 546272 502198 508831 470628 480244 452126 520569 499410 513530
503019 471563 461252 506972 492168 500547 465195 482640 509071 495954 494650 467214 465227 474720 465152 496436 492555 445465 514190 471174 494530 477369 532593 463873 473561 451359 430942 462954 448796 496250 498340 472002 496179 467116 452242 462167 470433 492269 479895 489837 511653 452386 467993 449535 506184 499504 489839 438353 502823 485095 463555 467105 461345 509124 454759 482734 474629 481355 479852 465930 461056 484586 488011 469057 459988 460992 491140 441582 496900 506889 513804 462509 495030 493513 498881 502935 505086 497007 498035 465231 498862 485917 466097 489515 426774 453769 518639 480199 468671 499999 447200 488392 479746 530423 483043 456906 472284 502791 491893 473788 494967 497903 507495 440187 460478 466633 467659 458783 477299 530399 464968 488742 497105 463905 473680 480173 481635 525406 470490 491572 502496 483738 483627 461240 483236 475673 462727 477059 474384 482084 508984 450543 438795 468296 469651 530584 482437 502537 510029 457907 476718 453165 524389 519051 497630 478363 468673 508613 470014 472435 486575 478155 472351 472729 466081 494786 483160 486330 497724 454945 475768 483177 497260 495702 507594 520904 531682 520020 506871 472032 536057 509716 486351 484781 519908 467017 518481 466736 456369 510353 494904 491382 436237 481661 493244 470151 473724 478499 495533 462973 481837 500910 481047 456798 449354 484646 422157 481902 503573 484600
501879 482829 470072 495623 469895 484630 458107 473116 494573 486694 486167 473583 467225 488465 463841 491440 499013 431894 502230 473306 480751 464826 543650 489157 485846 458440 439556 473223 473809 458874 491747 474238 475285 451096 469734 437538 467536 474052 472543 491023 510408 459092 490330 468980 518219 505715 495229 436154 492401 497753 475804 472899 493033 511169 469478 479039 462155 456796 505057 465515 443054 489686 521065 471009 452481 457979 513151 440352 486275 527726 530403 425776 465453 481620 487093 501974 477468 518468 498652 482624 470354 496425 487685 477431 440121 474549 531383 497815 497207 504520 474743 487841 479493 542682 471573 483372 488136 516950 466988 453587 494346 536483 494097 444665 479398 461821 423749 480553 499987 522612 463125 487447 479425 476629 468363 485395 484789 513075 462994 489252 521197 481718 488907 497093 466943 491615 480675 481635 433187 473514 497851 443106 466244 463378 481467 513211 495260 476633 471047 444366 475171 473017 503298 490392 487477 456858 456405 510288 478018 493649 465959 475278 465504 476886 448845 490949 467464 483510 483043 437674 486497 467524 495287 511129 505059 535347 534004 489485 491617 493082 519596 492059 480829 494258 525783 483730 518662 434347 459987 497108 461833 464396 457602 461877 496037 473614 469727 486243 486038 480312 483017 518504 463306 480610 435349 481398 429059 486030 482664 480936
490170 459112 475747 472930 468003 473917 464523 480321 487225 460488 454488 429134 450602 470140 476115 469593 467803 414197 501134 436833 490468 482620 492370 473511 482540 444126 431515 458519 468520 461933 468991 430100 478121 460836 474641 452602 465000 474132 478996 503091 500164 440337 453657 470085 505596 501204 488673 413468 500319 478251 466991 445709 454892 464484 455136 434231 455673 457411 471269 465069 472687 446549 520732 451397 449243 442689 471203 417319 485818 497998 516796 431199 461686 464523 457962 475826 467329 490970 492958 464067 483629 476462 452503 487422 415865 461974 517556 477437 467321 501756 468326 479337 462466 541784 452723 469452 468742 486251 447713 444670 465100 518806 484443 423380 471938 476061 444210 444372 466855 506655 465052 463839 473967 467097 458747 462621 480125 491406 460486 480332 502076 457211 469245 472589 481145 459704 455257 472911 447806 439458 492453 446926 446981 457997 471498 503239 497786 470483 484031 441731 465793 456167 510998 480126 483369 434697 478057 488646 456913 465053 475140 463094 469543 461763 436551 505430 446655 463135 465746 408019 472692 436494 481342 489751 476757 492769 494394 478794 503113 445873 511548 455985 467426 467214 498138 488639 498951 427484 464804 465909 454508 455812 448697 461013 491443 465490 448365 472787 487617 443830 474207 477429 467169 488289 427772 480350 446675 458108 455729 480364
517341 471468 492352 528025 490988 505973 475006 504494 512898 493320 509332 489980 497983 499941 485011 506799 502099 427031 536545 492962 499716 478355 523459 484048 496382 464966 441262 479757 487544 504763 489561 492000 488756 501847 470448 474317 462523 501587 485437 518336 517020 471578 482178 457139 521253 523837 502560 436302 531020 508440 481400 475700 466212 498000 479449 493829 513623 492200 501930 469205 478925 533891 523117 474748 475089 490719 498381 461364 513822 542580 545865 474291 480563 499110 498432 490631 498098 500059 512503 486444 497482 484828 486231 481998 450808 475310 536360 531685 479453 522332 496611 495706 497044 542735 496027 500757 494930 526689 479158 464263 517485 529071 543867 442029 488385 463970 464601 473730 501487 541246 467249 496894 487451 492080 465289 503205 465785 526078 479569 511345 517565 490427 486042 504508 493610 494612 497962 485520 468845 506927 522784 471609 462451 495506 479848 558467 491267 526392 506648 442615 473593 455844 532431 526409 507491 443397 475316 484926 455094 488860 507043 477061 482677 483180 471063 510512 468469 499182 503935 456269 492147 492753 507814 504809 512733 545442 533790 525207 499194 498350 560366 490421 489921 505855 530230 472184 510485 478112 489938 487693 492998 475715 439246 473130 508216 470100 495067 504164 508374 486097 490903 523997 492948 468661 453878 469777 477333 473137 499587 520230
522422 528967 520739 507005 495768 518078 494489 518434 520193 512117 520279 493310 502908 522445 479582 523995 507913 466355 540679 492910 511304 502205 548317 499396 525308 481104 456607 482830 481505 513559 512139 509109 497572 494311 504394 508765 496744 505748 518752 518255 545144 505831 511005 449681 534622 549986 525659 473997 517905 528151 506602 503334 475124 515593 484425 504455 513974 482341 535217 491199 478659 534964 544246 481107 488143 501768 534380 451367 530825 557210 578261 482016 499993 517288 525837 506463 524155 526413 513824 492543 533313 524032 486399 520272 463206 485902 553701 520028 487092 505997 487293 498496 509589 586222 479258 489535 509237 526785 516034 459354 520165 545429 543515 487506 488832 482126 493258 492608 510701 538011 499189 498758 527643 509060 476599 525422 493648 559009 502709 511787 541266 482373 504836 486662 499762 506963 515845 505476 503127 527742 532974 473218 520061 517197 484421 554780 505692 538397 512539 455706 496026 460791 553550 534167 508801 460907 506871 530469 470614 531857 516596 512336 519440 484535 486537 520499 475997 512431 512020 496144 493138 506239 512814 521469 524565 551183 546172 523790 521784 509700 585844 519790 501733 519764 563744 480572 502927 475217 502915 512597 509817 485782 461430 478914 528783 493251 515983 494328 518635 518203 499782 519067 497687 501663 460693 484904 438754 504408 519232 508848
534484 502895 481171 505296 496949 502407 468735 514573 482453 475068 489512 482450 476357 491379 484104 503809 515851 447781 515699 489770 515514 489358 535220 487424 470155 468279 460679 464069 468140 472041 491500 495797 475392 478795 471938 456821 485811 503835 502416 513505 496854 490453 521799 451128 519839 529788 496094 442286 544315 490492 505379 472665 483522 523130 486242 477299 505734 470645 541928 466529 461132 555912 526821 492453 461011 479917 512706 435341 527015 544305 547960 460427 472647 506192 494648 477339 492165 523452 505845 475785 511789 479398 465926 487468 452113 478711 549053 511159 476938 524067 500678 506991 461369 561139 468392 492839 495803 504708 511493 482719 513924 531070 487668 449466 502416 470421 464028 479726 504387 539509 461412 469249 514054 470199 471640 507709 484108 537801 493056 503180 527313 512046 482492 484413 453966 504041 490625 507806 484162 472015 515589 498954 489337 480318 496040 535920 485439 503979 517945 445154 487998 477889 531871 539998 491523 476030 486328 522535 482579 507879 486764 479152 499030 493417 475946 527882 450183 498819 526621 466094 476607 492667 526647 518142 504082 518326 515958 537707 527897 504010 545386 511329 510026 503223 528659 500344 520684 491667 473770 503673 491000 480449 464861 497610 538951 475250 465818 482351 498590 500768 487663 519860 501988 467007 477719 469954 432641 491361 487865 493885
521715 516456 476573 529506 493497 500906 479153 484861 503279 501287 505250 496227 471004 495414 490851 522031 518114 465577 523465 484352 520844 488885 531359 519846 493901 464218 453686 475195 493378 511683 520215 479748 484057 503428 471541 479168 501264 489487 505902 521501 520435 487084 487226 456469 537595 523700 523842 467048 542729 516177 502873 485282 490588 517334 472800 475680 506915 508430 520063 464862 475166 524483 541241 465610 452103 466621 508957 457718 499761 535049 555364 459017 477314 531718 491897 497917 500159 522111 538805 483400 502613 492131 504134 515709 483889 498800 550178 489444 497279 536857 481529 513092 486153 584006 488523 490487 488678 523771 495562 480902 510751 550053 519305 470091 498036 478496 452780 477835 500215 529528 468577 502749 516861 492944 488092 497622 484894 562139 494576 492069 534378 488855 489648 499496 501230 493003 498172 527797 478081 491227 514985 463146 517128 513051 485215 535547 496761 511276 516959 462396 505828 488213 551220 531525 511083 493043 498117 533574 493566 523596 496578 499430 504898 489205 484156 530394 461035 490222 506354 484000 481312 475710 524798 526471 520921 528311 533943 508274 527392 524798 554709 496095 510607 493735 531808 493221 512679 491859 500441 520003 488714 464617 475535 497577 506243 503321 491295 503022 518232 481033 496353 523006 482763 484950 460650 505233 448582 497350 508987 511148
550251 543111 527142 533804 507654 521610 510870 501245 528652 504690 528116 515036 503795 533060 505943 535443 521834 460627 542459 517597 545987 516999 575641 526302 543313 502631 470651 493435 506749 538003 514300 519271 503127 511639 504327 481682 501621 502680 530576 539655 540359 505921 519240 476273 541347 545004 537428 498607 521797 506268 519044 512552 501764 528063 516437 495768 524825 508345 545463 502724 497050 538818 573354 513080 522429 481355 519057 468481 523041 539777 593001 514572 502945 521482 536231 518952 543941 531552 550150 489128 523893 522876 492148 539920 448485 499599 555675 543955 509748 523766 507446 522723 484622 593544 497823 504806 526031 560874 499010 480112 535472 572786 524552 478559 524854 493975 468508 465052 510835 552055 514541 519118 519430 498076 490504 526600 519490 553598 525043 521669 547885 522520 503530 504843 545146 513860 503970 527040 498947 532187 518187 490385 524118 533361 508828 579338 520166 533523 534673 506743 488327 492086 586873 524638 536047 490678 497813 546365 494689 542198 532987 526097 515825 498067 495683 538755 484756 496079 526462 480127 504147 508621 530645 552808 529814 567349 573609 536077 541894 551917 578742 527175 492562 519070 591702 513335 541571 515367 506195 514045 529437 482963 484051 500395 528765 517065 528490 494302 549096 501359 521265 524372 492714 534524 464957 510084 463395 513996 530493 540580
526092 492446 505121 516585 498394 494020 496482 498414 523215 483347 524728 501997 477750 512119 487653 519958 521181 447766 545316 483640 501178 495045 547956 489544 514721 454788 451118 471434 480078 521875 521197 474188 480017 489223 473496 472167 510614 481014 487427 513987 530371 483831 476809 458855 518133 538437 517697 433307 535843 506815 498847 504114 480367 515180 492630 495854 498480 509472 521744 485589 473878 493602 523464 499020 496209 491163 510719 459211 499851 540124 551913 504408 503479 498959 508732 534814 513628 504206 545521 506201 502212 497314 482697 498413 457850 499943 528897 526870 491071 512696 474671 481574 469722 554647 493641 469737 504240 517476 500606 482008 518374 531972 503540 457716 486275 466196 472572 472527 507778 525923 485342 510932 506452 514313 494590 489989 500435 528917 502305 523808 514852 480478 484135 467570 504636 516364 479239 508550 448729 500300 513543 491100 501749 478617 482320 542380 490881 516885 499095 457655 493698 499130 534429 506291 501733 482605 474758 516391 470563 500255 498395 470479 480857 503918 478467 514098 481163 503698 516050 465122 502412 480416 486823 529908 517355 548863 540020 504940 510485 497284 561672 518810 496273 532558 567635 481193 519019 471833 509412 512672 500526 484839 477313 470070 497419 494454 486639 487237 525996 487190 510258 510057 497376 516756 472636 510009 421920 497622 502038 502873
505579 485898 486875 508882 476591 515401 496038 483012 486256 517200 500708 469869 469616 486755 444002 508949 502468 436476 507718 486362 484733 471112 533264 470533 481439 425308 432483 454431 469993 477103 501993 436049 495081 464800 470528 469351 503905 489668 482257 478281 512354 468151 477744 465813 506053 507133 513679 437564 514131 472117 471263 463345 478135 503588 453290 495013 507632 478845 508988 480475 459608 497830 507957 505147 482985 464021 482789 449449 471820 514531 530864 462531 495122 481434 518390 493334 497229 490127 501430 487278 469409 486701 445050 494773 421056 482216 511548 486119 487697 494618 457528 458715 458805 569727 472602 446661 484916 466343 470039 441464 489338 508081 466111 415921 476988 447615 476584 448814 469528 530335 487557 485276 484117 467944 467375 469906 488919 503029 487361 510284 517054 474795 482279 489666 489518 462659 491359 488782 458704 483248 490021 456700 474198 486469 488579 526210 491045 485890 503525 442804 477994 491192 544851 513109 477347 460303 450661 531900 458962 508695 471833 480753 491824 484667 453268 497267 463313 483827 513452 457481 471401 482525 487292 518508 478621 525017 522191 492444 504133 479073 558843 506984 495387 467723 514623 472173 501110 473165 477069 498246 472780 491465 464670 490824 498098 490006 496169 468407 509143 449623 486747 482213 487092 503858 439579 474917 453393 476046 479252 468639
517133 503692 485505 524078 499616 530617 482232 517532 510194 526521 522017 490941 502525 514565 494533 522684 526532 442500 546088 497000 507080 498316 553267 499460 495319 488496 475875 481404 519725 505990 529917 485255 524774 490981 490781 477155 496386 503719 515820 542555 545217 516252 507105 472271 569264 529147 519452 477338 552466 517474 529015 513254 490978 524274 485403 483642 536273 530113 547921 449267 480820 551618 539215 501692 483385 503668 534267 469921 517562 557403 553976 475244 518941 521158 514475 497047 549013 520319 545785 510564 530300 513125 497666 497543 457967 487272 553799 498654 513517 525286 512796 516338 501902 575600 488231 513995 512374 513650 521046 490555 543191 542122 539865 469814 509957 490321 489244 518919 483984 546268 475855 500510 526262 479175 507945 516924 481506 562046 520953 507203 560272 515117 505236 497116 509281 517015 527422 500163 498587 508816 513234 482120 493036 481939 502444 567164 503497 513220 531684 481058 519629 493613 564649 524375 512936 487153 513880 547018 488848 541702 502141 510552 526371 530898 515284 526339 495918 512947 532447 488375 496682 497254 549254 555125 518990 579465 558952 526689 517563 491333 556343 531279 509913 511038 557456 512944 532081 497377 490342 503560 513958 525115 488014 506251 551690 508611 520166 513468 517711 525773 504214 531345 491703 500073 476456 503303 458785 506371 509135 522025
557578 547604 548208 551585 541065 557955 509993 546875 554383 565717 561202 528711 511273 561093 543981 533999 543116 457245 576968 529141 540998 518054 571969 548409 545979 498813 469212 490661 548763 553508 552924 514964 532918 532221 519833 516433 525694 532716 534182 541632 549469 547353 542434 504044 569092 576554 573783 495741 610666 571701 544181 544235 508695 571725 525410 539043 560838 548528 558157 523289 503615 569532 586955 522675 543823 511426 561740 500428 515604 608851 615536 504764 529057 559899 548077 546928 565770 533081 590354 549794 553545 532358 526280 549226 497039 532894 573496 564632 552371 552862 528053 570383 526194 633487 515767 522132 539583 547948 514248 507802 554838 559369 562319 492855 540318 499009 489194 509686 532765 567891 540670 541052 548480 523115 532155 518162 542125 591402 566490 522716 599141 510632 531048 538410 539710 532395 558736 553335 517445 526472 572628 502605 538255 548625 536851 592498 541415 559992 538489 496785 555360 509587 603580 548236 538338 512909 524288 550898 500959 555407 546193 535361 534757 533242 537407 543149 522105 524951 558902 509907 509967 517538 568581 558718 564923 608631 567817 563040 555732 552307 627207 555217 565878 530944 587364 515076 556247 529676 525676 545128 548310 494466 508648 537994 557002 542136 532961 550529 563709 528734 534993 559668 547962 536248 529889 521146 503594 550963 542935 551257
482490 455362 460967 458692 430013 472886 449479 450886 488847 447761 457876 446798 434637 480838 459857 481195 477886 395569 475912 426053 452582 459480 484255 441485 466966 417988 381534 424788 458198 466641 459441 434353 458470 453775 437283 420107 459162 448923 454648 461315 469486 433284 446927 449962 485014 475594 443937 431175 501933 467368 447040 440413 422615 480282 444937 421015 461556 436523 471185 435373 415129 484371 484563 448108 461808 444440 476291 404919 459283 509914 527107 417845 466146 478838 481992 469644 459204 457344 476837 457486 467785 440871 434829 461390 417399 438574 494874 458832 457376 468599 443975 459179 437609 505141 445845 440007 444179 462114 469803 424513 456436 495191 456065 409665 456336 433032 419397 444745 473233 499272 445239 454251 450701 451948 449186 459269 450914 496666 462417 460057 505576 438159 463714 467649 447574 452880 455163 458613 432710 443657 462346 439411 452570 460540 442346 498323 477933 466082 454492 420222 453855 419843 487052 486428 459278 450985 451606 457818 434720 467415 447729 447007 453331 439358 451891 445712 453588 455253 450362 417569 458889 481375 485975 474364 478421 495123 492130 472573 460781 452630 522664 474292 451564 457157 483173 447652 471043 468183 422096 433926 479813 433633 427374 438170 487983 453116 440748 464159 473761 460547 472554 481902 449660 449275 433153 437787 412085 450136 469764 463896
487622 506697 491153 514647 472619 495765 453809 472987 531269 490007 500121 492689 478340 479800 482011 500569 507454 441875 537989 480390 504370 466406 542167 468263 483544 453137 436532 475756 493146 481117 501482 467183 453470 476164 483383 483592 486749 487529 498614 516222 508819 467403 483208 472251 484726 525022 508020 448101 505642 509385 467954 463147 479471 510128 468204 480310 495268 493886 480276 466516 451857 484467 501573 483828 488571 458542 505458 442356 510482 528180 539325 452551 490976 486842 474653 488542 512222 493899 500467 497673 509976 485114 481463 510035 434786 469521 535320 480742 481974 504558 488168 497007 501791 544395 478643 473580 481570 501506 470888 461846 486235 532583 512097 460781 447732 456530 423299 458748 476098 518725 491826 488118 483742 483382 478294 483193 496042 536682 475202 481388 532864 474052 465510 481050 490505 485890 467737 489892 461051 507918 502992 469297 480205 491741 471786 523662 486006 541944 503425 472524 473652 467547 536195 536263 482605 472131 455580 519034 471245 471098 489690 462767 494635 489762 476529 490402 484316 474817 517175 463000 505496 472285 485603 490552 522710 501894 529205 524729 503718 475154 559209 492240 467434 492770 528035 477857 509329 464004 496232 499961 465580 471568 444230 485101 490656 472809 460850 473655 489406 471095 493628 505304 477905 495977 449349 496966 450411 486133 505092 488259
493570 481433 486344 497393 486170 513908 480136 472855 512004 481089 501032 471985 468603 509130 470773 511824 475727 439052 533789 495012 490480 486652 527752 446745 487695 452583 418471 474409 471911 491347 489555 462913 476767 469084 457237 467025 478457 475780 490889 484728 490500 464555 475877 444000 499812 529043 482607 460417 507620 465442 477814 466567 447324 525218 473347 435374 479420 474229 493654 445802 472639 514827 502808 457216 465686 472310 494774 442816 508972 520675 550263 472600 469620 497199 494301 493528 493376 494019 500085 467590 492654 500069 462497 491547 427696 460016 505077 480086 481198 512035 451239 474768 464544 543266 475155 476462 472391 494387 480066 462423 495619 493910 501683 426640 477283 457470 458302 473460 466703 517652 472532 473271 484598 456111 479468 479292 485839 513839 483700 473890 542236 467248 478872 470507 506026 474399 477314 463252 458548 498987 489064 461500 480291 499473 462436 543924 496377 513615 496877 452887 488353 464850 533382 505167 498774 472353 450911 523282 459216 499088 497917 485249 464591 488352 457555 507327 468627 468003 483149 441994 465899 481206 494002 520269 516541 511607 520346 484315 498834 486593 529117 485739 471388 504995 559328 453764 485775 484350 463469 478510 481111 480789 448151 486658 490633 467717 481777 485274 494078 475410 480888 509295 481128 475838 435382 462780 418590 479357 506629 474288
531440 523281 533081 535913 523282 548842 510964 522511 524857 532911 522172 506442 496061 535394 514488 531705 540521 479050 554086 516615 529586 529977 567021 524120 521879 497015 489306 525631 512801 523731 542269 518754 529335 513060 516879 504478 517766 534891 530167 516913 539676 517616 533025 486020 571929 550742 519818 488880 571752 534149 529564 516486 492089 563655 504018 506860 544689 533897 540466 516297 497904 587960 557052 516954 507363 515136 551889 481594 544582 568286 598674 482166 517487 553922 525301 524466 541451 517580 553650 508124 530690 515959 503350 541185 484513 508155 588142 544978 510253 557891 522192 538068 509034 588820 505823 533453 519986 550674 515337 504081 529019 551000 559445 469544 526487 513403 514817 516562 529357 584295 509462 508045 537681 504898 502914 538353 525465 588412 531240 533319 566150 506171 510776 540647 517949 520410 534690 514238 501582 526912 536043 512909 521659 530435 529570 571369 518599 528600 546109 490526 529908 480118 566560 549084 546082 506395 498763 541760 506807 537245 518794 508122 511474 533827 500908 535674 486697 514332 552964 494482 500030 521446 555915 550007 558030 561383 553290 569344 557363 536373 609783 540957 521948 526636 553383 543742 544864 516382 515451 526879 536283 511805 477001 529142 573051 526892 517325 547892 553225 524006 534625 558522 533478 515641 480465 490849 456943 510886 546122 528170
547402 509045 514778 516814 515694 518199 496766 529980 520858 532502 517564 536975 490929 509973 519853 540563 556668 479546 548937 492458 525851 504969 561371 531773 505498 471464 463400 496681 491331 549974 531947 498662 509440 491567 505448 467568 522514 509347 498786 519018 535670 493244 489482 474520 552469 540863 529028 445656 557230 531669 523303 499389 495447 519926 475498 508280 517691 501885 518530 495820 477873 548558 557939 470603 489451 482816 531397 464779 520924 561749 584598 481814 509184 528817 510435 517162 532933 547135 541026 514040 518132 498964 506406 525042 464245 488976 564595 517051 506330 541833 486511 492926 505489 582178 482849 504439 495111 521571 516286 487135 533624 545236 526675 472584 521564 497464 484773 490329 518529 563978 505202 498436 547999 504688 504704 522259 501330 553844 508688 534128 528794 521814 502855 510839 527533 499977 512478 534931 482439 509434 531597 489445 503005 504934 519247 565949 506427 516209 511407 479354 513237 509768 556377 535193 517727 496629 495257 536993 484949 520409 506326 496248 531042 481332 514878 525794 499921 526509 546425 502909 508668 507219 515308 535482 537403 553067 547608 522854 544387 511375 581882 514932 518945 496254 543648 496884 553633 493961 499974 526769 509104 489074 487446 501880 533290 512976 508495 541407 538428 509331 509453 532369 483695 506266 480704 505040 447242 522820 508192 506148
545363 504318 513050 545493 546810 538084 509749 514719 545853 520689 533947 515036 499242 541192 527897 529805 534659 481303 539170 496297 519557 531222 567368 511391 533839 504651 478129 521538 525324 518600 548690 520171 513928 501126 536522 503771 530335 501889 521422 548343 556497 522961 502775 505017 548641 550018 512608 478919 558657 530092 517270 516687 518105 534975 515275 500453 536933 519082 538654 495010 487510 559157 576468 510922 487556 510868 531260 459578 553346 589590 600834 471278 543487 534203 527623 540447 537906 527771 542720 520373 540309 517529 509695 521624 501092 502294 578889 540885 517306 542430 529545 518135 505248 595165 528863 507848 520734 525048 531210 499151 537111 546587 541704 489567 518657 495803 497220 507837 533339 566246 493586 517800 539286 493166 512787 505524 512693 574094 525272 534776 557570 515486 544700 512579 519964 522242 521134 504441 498450 517233 525650 497858 519300 539152 534224 600549 539209 540385 520875 480756 528778 499491 578789 547736 514695 495135 502328 565648 516496 555190 529963 509833 527107 530121 516015 534770 520166 547687 546880 497460 494863 513021 558398 552857 526558 578854 552666 528486 543679 531031 573972 553920 546005 523354 562923 521373 530792 498543 476444 513734 532846 517127 484532 498608 553492 518845 511332 544521 553057 519283 528632 549584 526027 526798 491128 488444 468325 511392 554541 537135
497685 468950 515275 502769 463524 498047 476058 494280 519715 508262 506031 494740 467049 499495 491568 492789 500796 459333 530410 472242 488531 477331 533539 478978 499714 464868 448300 470071 488319 508240 503848 498852 489321 480280 469803 467085 482303 493739 501000 488755 529283 489791 478719 466727 523876 525470 512174 468265 525906 486553 489809 482973 477246 504241 475733 485886 474803 478335 528168 483073 455027 510683 540588 489387 483715 477331 493171 449908 486985 514971 564116 446255 472231 492594 510138 509239 491593 515224 527737 490576 483548 477078 504958 493083 454971 472757 542461 493047 503415 520144 497072 490296 480924 539473 470499 478213 499292 512035 496245 455161 500632 545131 495217 452354 475054 457380 437414 463688 490556 532623 468333 485713 498770 472995 484840 485198 479784 517240 485725 478953 552700 481841 486149 493714 484487 501792 505008 478189 458444 505618 526275 472067 510960 481815 472789 539684 474938 530972 472868 453527 470726 464367 508359 503955 482971 450853 469417 525267 450953 497742 479759 475119 484072 467566 454311 494897 487646 493709 510604 472051 488641 464081 504934 517871 505812 529417 536085 507078 514507 482858 543111 514627 485655 525201 545704 481120 512284 466751 483227 486125 483841 475006 462496 473674 518175 483653 490488 493553 512629 492467 519273 529749 499052 494015 457087 459451 444467 476738 488554 488100
519673 490960 476292 471382 465093 492857 450070 480053 486348 491277 507474 476437 442880 488419 489292 511571 503705 424988 500864 475848 481437 476093 524252 476435 472487 432890 439673 452680 468736 492339 499254 466133 465394 471268 465008 463909 473596 458365 480561 505021 515928 468427 465642 463137 521528 497091 493457 445263 493286 496329 482184 474219 460175 497722 478699 477443 483608 451390 496630 449883 450789 487187 531340 464813 490319 461988 501830 426274 495480 543874 525725 452554 485061 504880 464853 497808 500443 488595 489739 493139 482066 497337 458355 479422 439363 472245 528970 495766 480576 491531 479904 506971 471438 549145 449388 453664 495074 479024 458985 445961 474126 503236 483144 448909 471575 469152 469610 464230 489503 486807 478654 488373 491731 473887 466365 482928 508690 522827 485725 492275 501934 476913 476949 469415 470654 481291 491498 494363 467127 471114 483100 457159 479068 477274 474593 507578 482707 518538 501623 459617 464021 453404 536731 518244 492107 453742 466355 506497 466298 488113 460226 468573 487220 465996 459499 500784 458707 474983 498622 468638 468648 434229 498479 506733 496401 536821 514240 528945 510952 506882 528579 486191 477533 489443 507749 460541 488354 464245 470075 485723 475212 480321 451216 468353 519566 469083 471018 488358 489580 491604 486924 486337 477699 486475 437419 462775 450321 491053 504873 479870
519945 510026 489887 506178 464859 502377 477633 509641 519863 508562 505835 478745 490466 509946 496710 506887 512081 433722 534813 454603 501481 477058 548495 497523 494084 479889 456662 488060 490408 510282 514280 501660 481734 489593 476165 484880 490632 482911 497519 532888 531446 462146 487930 469422 546948 504126 510565 463173 539457 504696 490111 476907 485580 486165 478847 484067 513448 504981 499793 487514 479039 515537 520348 473845 497184 486538 519577 467000 520720 538800 576591 477898 486573 512233 487251 528286 504289 513096 525657 488910 506916 499793 505374 531380 464788 494313 548162 507508 493641 539503 488397 496851 478416 558576 467604 493861 496624 523969 507433 480928 504464 523890 547236 470333 485441 471395 458777 492339 501779 555259 486698 504584 525281 476824 480004 499424 496095 548718 484202 505542 542736 499256 507069 488948 491003 504546 525457 501259 483193 475667 509990 448936 502535 502170 487137 546315 503319 524793 501662 460601 507297 474350 520828 505760 495764 457535 490102 524473 476923 508399 503917 499759 512586 471908 478347 532024 502663 501679 504772 453700 499464 492487 514457 532013 517105 544499 529373 520381 526520 498357 566003 497913 494200 501842 525269 475323 511267 446173 495757 529813 486276 514605 469484 490648 519753 510041 498936 492863 525181 504693 496319 503365 472918 482836 457586 476710 437215 496847 500427 493200
512850 497090 480958 495918 496746 487471 491458 504016 498457 493826 497528 477094 487846 477436 481125 532924 499919 441475 537924 488755 503155 505487 529520 488302 497820 466730 445669 466968 492813 476899 490667 483289 479644 475606 477287 451970 459524 458120 500633 519963 508459 475519 465115 483569 511250 526650 502024 429739 530856 484928 486526 471298 474045 487577 483838 469836 491476 483450 522400 451169 470465 514266 526541 482387 472667 469932 515632 442060 506097 539041 533064 467566 477889 508171 503627 497700 511305 514130 504774 484708 509237 482233 477904 512157 441800 477345 529790 503618 500582 484487 489540 483106 483603 552967 486748 482345 486451 495986 492876 483322 502112 530397 484126 461757 507823 454374 469696 462554 494062 520075 454541 526521 500332 481970 482607 503152 499150 531657 505275 497461 521834 478936 476140 499948 477919 492985 498094 489443 463815 480846 513593 471694 499833 498375 480567 524806 506139 515362 485825 449681 483971 466622 540763 500097 501584 450743 468771 537021 486406 506829 478659 468553 478526 481662 483505 509169 465031 496254 518361 452164 491706 476812 509048 513644 506104 513835 534971 514740 520328 502678 532895 481694 511115 499814 519491 467354 509263 484294 461952 509860 480792 484925 461825 471162 529952 503056 499098 483752 538040 484166 486977 501387 491316 497851 455280 476654 430663 471222 485536 497556
487586 483569 489602 525546 475636 511393 470241 485213 514694 506179 506806 500857 479289 486195 473404 519570 490241 454738 521994 489459 510758 463397 527200 483752 513723 468813 440676 473337 480273 500018 483359 469247 495428 480390 495102 461066 491138 484644 496071 516732 503029 458360 486931 467438 516601 533008 506963 442994 513573 503264 494555 476225 488328 517886 482246 462562 489030 494681 533424 456231 467742 499718 556876 493760 474975 464483 504606 439015 517751 547611 543214 463770 486690 523137 523566 482625 521438 502672 513325 501347 507475 473856 496117 503577 453788 470185 528874 504167 492565 512656 471397 466960 496696 575088 498412 457637 486130 508494 495136 486813 533521 537430 516854 463489 478826 446906 447956 470919 516516 537489 450812 491616 495956 471911 475975 484799 494499 527037 497351 509245 543631 484426 487596 510113 503513 490600 480600 478398 472040 492450 504114 503398 492203 501573 505307 537872 489757 535643 487223 432617 474416 459933 550929 523436 504927 460377 456108 521232 490971 491516 501333 465871 501848 464422 470788 493552 478813 475051 527522 485190 511859 478912 495330 504734 502619 518195 538325 506674 543562 494945 551383 508923 502981 491621 530633 449363 504467 469872 474782 499874 491210 467694 450999 508279 496776 488482 497117 483804 516344 475652 512992 520187 494043 495057 444730 492697 432694 452420 501008 512584
513259 478887 511344 498230 477767 491734 464484 500844 501454 502617 478511 491698 457338 502022 462435 477224 507696 446144 512991 471394 492253 470661 515434 488286 477133 470959 438020 461400 506895 499478 489772 459007 469060 473067 479581 442484 491001 497245 479672 480496 487596 478528 496463 472648 526172 499364 507041 458446 510590 498017 486493 471422 463990 513158 487049 456250 482027 471702 506413 485268 475866 516207 513926 470381 478512 464499 499270 458758 512998 560734 527014 449398 490147 491689 499485 478828 495203 524921 530727 472660 487114 475710 467596 470889 449105 471560 544091 491746 504137 513660 469215 485791 468645 561009 457758 458558 505514 517595 457485 481945 509852 531645 495434 454645 496403 447131 461532 482698 479587 506783 466587 476787 485138 472074 474344 496161 477514 514098 485338 484820 541672 507417 517369 478285 504557 496119 510173 491145 455101 479005 513418 470490 476123 504718 504440 546416 490628 506053 507412 456540 508738 461513 531171 510669 492551 465578 487400 511305 455945 502762 483978 485253 498723 474287 476239 495503 478702 501284 512594 471902 487551 489400 514932 514136 493555 538035 502187 508521 509136 485735 553640 496651 474569 487429 546109 464864 532504 477245 476686 491875 478823 467802 474760 474079 493456 483249 483688 465818 503846 481215 492422 524695 493588 494274 452244 494519 404587 501821 502487 487755
536788 510548 521183 530343 492922 520252 484485 511980 527312 499093 514392 479707 497789 507682 492875 505688 534804 453000 529949 484953 513609 487489 540612 514010 525532 464059 433536 466755 514834 517002 514387 476411 505849 496861 487948 482751 490107 486891 493811 521869 530506 495517 498447 477664 547686 533647 529299 457021 531928 509523 497729 493917 467663 505388 487436 482660 521622 502464 531627 501474 472503 505014 556960 484861 488110 491818 521209 441153 550593 546978 564882 474611 527628 521145 501003 510760 506631 509924 514440 513679 517578 510858 489200 515827 446610 494519 556396 514285 503398 525147 490612 483116 496653 574193 486842 515683 530788 541627 492615 465786 523586 544327 535305 467197 493403 481023 470938 500334 512264 517346 515070 480851 521531 485411 489823 503492 502348 533375 505434 523361 543908 512093 507724 518036 503819 491623 505158 494533 490607 508412 539252 489687 495101 498794 488843 549721 499356 496756 509415 460925 522568 479394 560867 505249 527951 480964 498223 531034 480938 521599 494010 497623 516972 472338 485098 550877 491339 497503 535456 472749 505909 500817 515607 513945 526593 550917 524861 545299 550558 499996 588485 477720 512353 498928 550869 478905 516272 498955 511785 503136 491191 482968 484571 520972 524808 484478 497874 524336 518091 518559 486854 532357 505969 488359 459064 498061 452147 485022 525444 507522
497182 481937 469300 481112 475478 475877 447945 477864 492046 449976 485701 479220 458972 496989 466477 487362 475849 439876 499638 452901 482730 467765 525843 471096 498817 459800 452696 447911 477305 483248 473680 465933 455688 446873 464750 447086 471466 468251 473040 507550 503414 473704 468419 438192 520688 506970 474072 418928 477827 499352 471263 455820 478910 497704 470051 475294 470008 450965 487309 453149 442468 502204 516956 441089 457245 476241 472727 426812 497621 526447 521703 470169 475172 477864 479834 464353 496571 499799 503598 444267 499523 466470 453794 471305 438974 466878 508846 483434 478539 507409 457011 462113 481228 534044 474755 483331 489120 497117 475176 447967 480789 494526 488843 436499 481633 449504 461882 470309 466204 491212 473768 455035 492271 471247 434390 470517 463896 513118 482990 498514 490371 450252 479552 464341 490180 468052 490408 466223 436234 476156 480225 436480 464157 474221 469389 498096 487488 482986 507520 438299 467643 455556 531471 471629 487872 458199 467480 477794 472045 481376 451942 446904 464625 490958 452737 500299 451564 483535 504884 434129 473476 480367 495960 504455 494062 523306 503703 492497 480860 493759 526583 469612 470522 488902 529375 446626 488484 466362 449402 492964 461588 459674 463040 472214 501509 463298 459776 489819 520408 471138 467525 484168 475954 468377 460747 446540 443729 460164 490189 470107
500167 486517 476921 463831 464315 463535 463444 479586 494366 483637 501748 453466 467004 484596 454112 503562 497257 424190 502815 449741 471585 468683 515893 459680 476151 446412 421811 443938 479493 472561 467701 453458 469120 483268 465260 441523 486131 452178 468983 479255 491823 453674 472946 458285 488502 498752 485350 449221 501539 470967 454950 459549 455397 490837 452506 467829 455582 470181 490925 447767 441653 508237 503299 456393 465582 447361 478852 429289 496462 516106 521024 451252 497625 470908 484023 471113 500178 459063 489458 471577 496468 469432 466324 477644 441659 466255 512893 487184 475174 479196 472656 471207 465515 534433 451029 468012 469771 488688 480359 463481 498226 505356 485503 434561 465035 451604 441703 462880 469071 490639 457127 484922 481177 448402 460066 470253 473246 522298 464642 470581 523818 473220 486907 449964 474324 456242 479516 479898 464282 446989 478151 431983 480755 480677 471110 514239 481948 491197 471185 443115 486760 461681 520459 500486 473030 463486 472415 500825 450684 501265 477542 460877 473796 449394 462097 480906 457996 476285 477792 442102 459212 472907 471870 483350 518774 540046 521401 496858 497845 473674 516300 475625 479464 469558 519576 448016 495541 463254 436692 468417 459122 459643 453668 455846 504989 465037 469215 459525 505918 477196 465205 499933 464058 489129 452321 466735 424733 480630 490801 472032
499698 484161 494935 520116 477106 507340 477939 501244 541981 486275 512246 505251 482697 495930 482037 513671 494686 448841 528875 486963 506220 475402 529501 482842 504366 461284 446307 473197 485341 494705 513519 471174 503379 468308 475070 479201 472588 485641 506054 506530 513126 475368 484555 470993 505926 539766 511126 473244 530118 491944 501980 451946 478760 520214 466118 468030 473863 496761 509275 477001 467131 529327 525597 484431 479401 485202 514725 435922 491254 539708 565470 435117 492573 506952 491761 496763 507256 511016 513479 481367 508697 474481 469157 489296 449914 482747 535777 492127 495574 532513 476802 486296 483882 552749 497090 502638 500133 487872 475132 461077 508844 505472 512691 467850 490174 447521 454233 461116 501513 552637 466442 485152 493008 482535 482710 461295 476518 523770 490653 497245 528924 477565 484019 506074 489222 487345 495445 492146 452859 511860 502321 475723 497018 490602 493986 547654 504443 525808 479521 459761 485950 497595 543513 522335 499897 505362 496126 517875 470357 496701 482249 476561 487421 466743 470622 508688 481556 476371 516395 488453 494621 465672 495374 504728 507071 507500 534259 500172 541718 497731 555141 492639 493602 518626 528284 459712 511783 458259 453289 499229 486770 479559 449960 484065 497585 495797 494950 505643 523582 480560 483226 505580 480978 485859 467338 477398 464337 477556 523434 507361
520908 484321 481586 482752 492030 496376 459584 494354 487707 475771 492808 482673 473118 488513 479254 471618 495441 430476 499343 482952 493146 482409 518896 508569 498892 438334 455290 482994 471854 502559 474227 476653 498319 480430 484671 453706 477665 477357 504782 498236 521559 474787 496656 451662 523279 496944 493350 454054 504029 481383 493004 449661 469182 512963 462696 478024 490858 469499 505931 465714 459384 519726 543208 475928 493548 483276 503983 449538 525381 520480 562584 457165 478489 494577 494365 479539 511574 501356 517045 470888 489400 491402 479317 480371 428616 471800 506753 494253 488828 496706 470131 479925 450799 560760 466724 472278 464098 471786 496495 457848 510042 506677 489344 437632 499957 467671 473054 485810 500387 529017 469708 484798 495092 465113 471788 485912 482577 509661 485445 516498 493884 477731 489274 507431 485275 477793 503486 498691 480307 465746 489462 463777 482569 472726 474462 523393 497750 476749 520464 467063 473535 474491 523998 520764 497904 468236 476923 507196 487653 486804 479530 488070 468173 467331 494762 491931 487179 476965 500044 459136 472673 468727 507961 511159 503355 547110 519621 509153 500348 505936 543882 492036 480031 480975 515021 472002 521219 469768 447081 491173 486421 481543 448790 461147 514002 473176 494295 504922 522578 477732 491461 506969 487444 494084 467897 479072 419008 445353 497302 517131
510454 493184 503945 511564 488191 507340 468814 513113 531975 506373 537550 486236 490296 519121 512001 499189 519433 426850 529463 483975 502126 484258 537253 478429 498876 460180 463615 481129 490724 499715 501703 481247 472545 511571 488993 476321 477152 513149 483829 536499 522310 498727 475547 497557 522501 515384 512169 463522 541860 518042 492230 459528 481408 533919 467137 482625 500953 524739 497673 482559 481082 528899 515705 498363 472246 480765 486978 458003 523364 553145 544099 466265 519421 508830 490142 519816 498755 500651 538569 503135 508599 488821 480648 497351 460436 499388 542127 501634 507648 519116 474116 509475 487288 556705 472750 490829 507101 525034 498394 496902 512604 538529 522416 446844 508440 483752 458929 495847 502513 539003 481767 505484 492837 511760 491879 490206 501768 529393 488247 493533 559474 509644 501519 501842 509800 508385 493978 479262 476016 490954 514160 467503 486773 488618 494700 556435 494265 528178 508272 454485 509192 493434 557653 523067 527665 494274 502209 512928 460028 518059 507269 480380 493088 504744 468334 509645 472964 497389 506702 469416 476596 486547 535210 523540 520734 547976 541867 496009 513543 464565 557877 509724 494013 518656 529657 484100 527683 464412 488709 523313 493553 495325 470510 472858 507927 472311 492041 501279 538186 508616 500254 540702 484356 504166 490962 480824 499032 521201 507441 490783
559386 527383 533804 554849 546330 540345 510369 541264 541197 553962 574848 502955 516693 550561 530546 538210 543105 480250 584009 523022 540594 499628 558965 513571 521256 503876 496956 489234 527386 532351 547596 520518 546822 524343 521439 517137 520133 528477 515142 552737 564775 537507 516150 514710 567829 565237 551122 466784 561859 539509 543055 517976 506280 561575 527672 501713 520395 534027 547880 513641 501786 551342 564984 530342 538134 512674 557082 474239 534123 611754 593403 489968 540611 545655 550145 538798 553595 534270 563583 541668 547536 515220 506272 527209 478559 529500 578663 543265 507417 518311 529610 530089 525946 607028 537571 504718 547892 539386 539724 527191 537210 568599 553910 477184 509257 513641 492923 498912 521094 552968 514982 544882 551846 501017 502218 537406 523872 566236 559742 523605 581492 519492 539755 518661 511481 525522 527269 494377 503686 537967 539148 495998 529707 530405 528917 572685 548792 557261 549208 499030 532936 506387 604094 557452 521366 516971 529933 572346 506177 553167 504033 541821 551091 528299 503688 543592 514688 531386 548321 525225 504353 501834 537472 543920 516537 559162 561302 556814 552561 551670 606791 534582 542338 513933 550865 535666 571030 513756 516232 526813 524672 528286 516504 515457 555371 519394 519072 528935 571726 522797 530757 553943 538552 543346 516005 509342 485086 528814 543497 541924
497249 477901 463708 497374 464209 491486 449284 480560 477056 480526 487575 453626 486309 487886 457785 477711 500405 432671 492014 464327 504285 473234 521105 474300 474510 444994 422942 436525 478166 499042 493284 450401 470553 469024 485814 449197 470484 474321 450119 500286 518847 451321 495908 442662 543137 491772 487072 442207 500730 498029 499279 479365 454440 514769 472343 475406 484785 442888 490461 445091 444512 516209 529812 453404 458486 446432 498609 418069 486522 545086 531922 450682 486245 477827 483743 499217 488886 480741 490862 484455 490345 482270 455453 479159 434751 449626 528480 505023 460554 492577 464257 499840 470200 547253 469854 462531 488884 485334 468185 464949 491588 508059 494692 435074 491982 471483 465581 475825 482050 504431 466572 508932 503582 448673 466854 499188 491903 516303 498764 497583 498837 474768 495378 467869 465818 476315 480413 499161 462284 473833 472387 465719 443533 462399 461473 499500 474150 484997 515198 454716 466450 454945 526326 516805 492892 477932 459574 477680 456588 506421 461188 484281 482667 479123 452958 499561 450605 494512 484438 445100 469495 468627 495243 493684 494447 545131 503449 497365 508426 468364 527908 471259 462759 432553 521371 486086 516686 468888 460904 491935 468733 483791 432578 480137 495710 453142 474874 505700 499917 468708 471771 504570 473083 460312 442814 467049 425098 485127 496955 491895
482911 485916 487031 508022 462239 491079 441777 489243 488514 485938 480226 468663 473120 450691 479987 498085 484114 418736 500945 458397 454068 452287 524708 467024 502709 433852 424371 457352 464720 494177 488049 450834 486886 445608 448772 459500 453221 481195 476878 492979 519794 450269 450095 453074 511335 515701 474803 434782 503194 461441 475447 453990 464227 500817 444023 488225 465739 487516 462397 439245 460090 481689 520133 477633 453201 472716 479855 432024 497079 529481 539814 418091 463327 474157 488015 494075 481447 480932 495332 481872 471455 458698 473004 481859 435701 453650 506553 473408 464263 498230 474904 498977 467447 543792 465145 444549 452390 481074 469931 438561 494050 501102 484559 438384 480108 436311 455676 459495 475808 504379 434077 490638 457985 468035 463012 470932 470781 507748 486980 465701 515153 471559 475294 492805 471714 455382 476939 475310 474164 472782 470256 441162 495876 484599 445343 525384 501597 488068 464550 436664 458905 448008 527198 483143 480973 462178 462997 506378 470751 486547 479713 476801 480348 468988 477000 462329 450587 485983 494455 476370 466545 481533 467442 490290 506527 530191 523675 488457 511630 467446 542104 476517 461558 483704 503266 461864 483824 450678 444343 482235 474476 466824 434850 447776 526448 463870 494033 477174 510909 467852 456884 503552 452312 461624 447037 485315 418776 475254 468918 479148
556534 534028 511646 533076 515526 537431 506121 526402 544676 533389 527110 532600 498075 530979 529082 554899 522853 478915 553303 539360 533367 517583 575555 524489 523497 508515 476333 513294 514106 543675 547030 501398 528739 500127 481423 495627 534329 521241 518485 551324 535948 515906 523727 513610 565060 566651 529747 480565 562702 522787 520232 511112 521347 533915 509874 531420 516506 526366 533503 491844 496894 563304 573360 529244 515433 515382 534526 477094 537413 572780 581364 492325 535781 533461 541800 530739 538064 558061 578165 522172 534124 520066 525391 534260 489728 499540 566417 530126 534191 553087 538441 525542 523537 601056 519832 513229 533940 531354 525410 496468 537311 560737 537451 474639 511570 492685 503938 504703 521103 557819 497224 509202 521983 505706 497179 510686 520891 565954 535834 534083 564505 515490 516912 506207 532087 507676 549028 531618 493086 508587 531568 489794 536005 519090 528102 587403 528940 541827 542630 494700 530805 529144 585400 550371 525966 511578 503269 568050 507955 550104 523582 530078 537266 508631 505258 539726 517435 534723 540338 517026 495074 498385 544069 556986 552092 569698 587380 565342 541455 562323 591085 536887 542580 518161 568482 531910 537625 542386 493784 514257 536621 509043 514707 518179 572141 534528 548465 526264 546040 510553 532903 541955 531950 539401 497182 524064 477341 515888 519972 524215
519309 490517 507240 531673 501608 536911 503614 523144 529000 500798 511116 471715 489272 521897 492292 522693 522227 426128 537609 478943 510623 479697 542903 486939 492844 454166 443265 455313 502657 505916 497645 487735 508596 498210 487344 462029 483743 501614 490713 508842 523160 458957 493909 494616 512783 532351 530351 462302 552680 510504 484830 487377 473345 519637 495060 479409 514977 508579 531686 491148 479880 490927 511952 486640 519111 477316 519315 443675 504582 564220 553679 483163 530737 515274 519906 530151 523690 497404 546546 490164 518013 496593 470446 501407 466699 504694 548097 519498 488232 518326 487367 504896 489038 565906 498678 475958 494034 521583 506912 462215 510201 534718 515838 456994 500086 457215 476702 482509 507258 536918 488520 511827 536695 476517 493844 502974 498870 541083 526413 476331 532048 487548 512372 487167 500470 492405 506206 516025 477330 514824 533285 469569 477980 475816 468306 551678 509947 501964 498352 487143 509623 484882 551323 534872 493215 486732 503681 539697 499155 528487 518198 487507 488536 490190 482662 535509 502520 536467 516628 473327 509652 507998 513924 495738 495413 540160 538597 500807 511685 505060 562260 541033 500345 506966 532145 491597 513490 482026 494249 510430 505378 491366 483126 486659 518274 471138 512206 498342 510368 515065 503489 520315 506525 500775 471307 499309 461931 490270 507091 509879
539784 489072 477938 524187 486874 519275 465632 486773 524826 479926 520681 492870 483766 520517 507069 502313 526684 433537 532636 473306 512879 488062 539348 495099 517217 457116 457585 494388 491757 504750 501989 486021 496626 487924 483821 471587 503022 509227 503474 521226 523379 469877 496922 477887 524071 502428 497989 424567 553567 510023 501836 480774 496087 530369 482967 481747 532524 497625 514014 463492 462824 528278 538261 480113 490747 490866 514684 471802 535200 542008 565658 467379 502677 537411 489399 515439 521809 497954 512175 499125 504047 488788 491259 514677 455405 498091 547906 515045 489863 509477 496469 476177 487995 548985 500542 497789 495767 495898 515312 466544 511433 541325 513046 462995 502515 481788 476980 516661 508635 527096 480229 506141 517835 514018 488555 499943 497627 536628 504875 529204 540404 495798 502751 501075 471559 502677 509993 505932 469088 490415 507314 480653 503683 488069 486852 546824 501987 512860 512910 442802 505387 495125 558377 530953 507270 478839 478677 502524 491034 521258 494438 503063 480683 494555 475371 509678 499240 507872 509355 460233 490787 502047 503037 525182 504537 543104 537115 523609 511399 520883 541009 514424 499343 499459 542719 498867 527962 475601 482911 513932 496665 482568 477296 482769 534927 476355 466203 493598 510864 520553 505360 524212 491087 504134 480041 510243 466630 480380 514518 512301
556104 523772 530014 562883 523366 547221 514675 544428 543073 562163 550040 499341 525961 548911 517184 531025 544593 483968 573160 530745 549230 524865 585275 526663 549513 496474 467563 477607 516032 527500 536145 519026 540292 540781 495716 523916 534478 528362 546218 554845 561311 497590 523190 500605 577511 556915 550048 484444 558673 540601 528066 524608 514774 567472 520014 525135 536642 536719 570017 506554 521922 558368 576141 509251 506777 516711 549652 484753 534296 570305 583526 479105 522695 530276 563698 532435 556402 548804 567167 536390 550753 548132 525174 528949 484120 501575 573058 539258 544215 533000 506281 506617 530927 609627 526344 527326 531600 543085 534250 523997 561328 568620 538963 470002 528425 494047 493500 502980 535113 561113 512453 531112 532602 512021 531094 524889 535289 568372 514031 524184 584545 519121 522492 538869 504844 520831 559342 528456 511599 532629 567035 512895 514684 523343 523188 578128 510877 562664 537131 496408 549858 496630 561462 559034 529554 511871 524831 549976 513453 543516 542938 495696 531130 523143 524444 561307 517633 541985 547871 503668 534758 500829 571110 550512 551034 602547 560096 514818 560456 516402 619359 570807 531289 531528 595284 525955 553360 510672 528722 568725 529779 515638 494897 526406 548139 521402 520450 546279 546860 514631 529605 561725 541777 518266 491329 524032 475766 522801 523202 553010
459803 450933 461130 453560 447382 473734 434801 453055 480464 457667 474918 435297 446335 454800 434976 467949 463200 416465 492169 454687 472987 419582 494182 434307 483295 427994 417449 445111 457164 473890 472422 421639 461117 450573 457349 408739 443925 463991 457927 451786 480405 435466 462556 426485 488036 478766 457384 426189 479934 438857 464231 439987 450909 488772 465730 448025 452396 446528 469195 413175 435946 462373 470185 461539 437453 468865 484771 413623 493092 498164 505615 430318 442136 466872 448977 450238 498433 451069 472546 435349 463991 460402 419867 436305 408177 441089 491519 455766 454009 452130 452143 432038 450035 510897 460511 450613 455175 456375 451311 429579 464195 478977 467218 430810 421967 432016 423861 454239 461461 473301 443606 439392 450409 444862 444697 450138 462138 473879 461513 467399 501374 435804 459833 440506 437221 452192 459499 416845 435143 457212 465277 443385 466252 441902 434100 496797 443442 493086 448999 424535 455578 435845 512302 468310 459582 432925 464959 474211 441680 453141 450934 443114 441252 442566 426602 473742 426670 456868 478266 445388 435947 437595 459613 471806 464062 478376 513445 460920 462372 461451 507015 457181 449789 461014 484749 437787 482729 418634 434736 451119 453088 429474 405675 446409 467825 464680 456865 446488 464908 471317 452054 469142 448241 454431 410068 452064 422745 462731 474021 467811
535204 508499 513589 546992 501901 537511 511825 527160 538577 511211 547962 502196 505441 535689 494033 532147 539491 474908 551279 520692 528014 509947 593258 518060 518711 465908 460721 481790 517632 511301 536218 478388 490891 489401 497691 476168 514452 515209 530240 552796 549471 494628 508544 480192 540676 529755 540033 475873 546902 512261 504447 495673 504173 556892 494155 502276 517884 508456 541072 493039 495996 546126 557144 522392 509156 522849 543964 489556 532542 561137 585129 476301 512993 523138 537598 517529 519317 516731 518898 523960 531467 503771 512498 527735 476393 506473 551158 513842 523059 545066 507999 523210 491143 586248 509504 517082 516110 511506 519382 491085 532581 568983 531962 461534 512304 491138 490100 508834 523874 555374 502929 509595 507763 497914 520439 521866 516828 550138 531732 513918 552160 504406 537870 502098 509609 513146 515287 535786 488504 530227 533848 502715 497465 529627 500866 563409 508075 550049 548388 467982 496071 486766 566508 560663 516315 492130 513248 539866 504757 536623 510814 504556 512977 533338 484892 537587 508805 535341 516308 469657 513728 512776 553288 532274 509099 566317 540553 533345 516126 529870 569395 536273 497159 513264 570652 503987 513629 521812 499731 525552 503766 501000 483222 507310 563400 505806 522911 523211 536055 504296 536872 519970 507891 520073 485693 505112 483722 511633 532151 507241
498997 464123 483075 487091 456770 476500 443088 473742 482094 488327 504063 469262 458379 481963 479625 483696 496034 423310 522553 468031 472920 460999 544632 459472 481722 440209 427133 444895 455253 469405 501512 461798 463431 462045 468712 464481 467605 459360 502842 486308 494541 460192 466080 456289 532847 494514 484500 425587 497745 471909 465081 477946 458726 494760 471686 466718 471062 477120 514813 471783 468652 470815 514711 454301 481706 451328 478713 428907 500908 541319 513534 455869 482550 507337 475755 477927 485469 490555 499599 461595 475949 495989 460016 483582 446572 467001 496031 486757 468508 482171 461388 453293 490440 561612 477077 458280 472744 470815 461156 443324 482025 511457 462680 444045 466969 426437 450930 471478 477458 484711 462994 503690 468668 459534 498138 499125 477837 506933 507264 451049 484335 459399 481377 448084 464662 485590 491962 469741 445977 474537 495608 454969 470449 435985 468282 537479 476951 477172 475558 437644 477726 457540 534191 506549 490598 455002 449201 518357 474647 496223 465439 474838 472771 467914 465518 479454 489386 480458 507714 452955 472066 440879 479888 493580 480170 512984 491960 466392 485105 455866 537580 471772 477367 465341 525385 466527 521447 440593 470716 494860 463729 446971 445675 450588 489877 452864 469532 502192 499689 476538 475889 496807 486165 484628 460916 476483 421090 489145 481300 493232
523373 505726 505845 515947 507888 493752 518410 526470 532534 501400 522390 495577 503425 531691 507082 551196 535884 436181 534735 499688 513645 504351 556466 515872 498646 475684 463720 486013 521587 533025 528728 473691 505003 498954 487285 462555 521888 501388 503968 517501 541065 512056 519479 504640 539168 529165 557326 464084 548306 523434 520352 487052 510496 543436 478772 492165 490584 508294 522581 482611 470124 548082 541221 484432 500551 494396 538317 473719 524041 563601 559088 491811 498599 505783 544358 515313 519099 542805 556240 502760 510040 503389 501909 518893 475658 496987 541813 518052 518116 505467 503483 515340 496338 582792 488846 511534 500519 506101 492826 499782 528760 546420 531842 487055 507932 496147 471686 491708 528759 556899 491186 518102 507945 497504 489298 513158 507600 534367 512751 538566 549128 518871 525781 525108 519801 506881 527607 505916 481265 500768 550791 474029 511951 508622 504558 559189 527091 531399 524548 477304 515255 498544 550935 532688 520358 486483 507256 537637 497509 495136 518048 510831 516749 527733 478444 527139 509917 517100 511457 476348 480035 506252 544279 535590 529781 532841 568533 534067 517035 521217 541303 519223 520001 495161 542015 498214 545489 495860 493953 502179 503770 492900 470473 494401 532805 503457 497468 512440 550878 519505 523539 522298 498627 513744 485598 536969 469858 511089 523024 521162
